Project,cas_number,Link,nGenes,Chemical_ID,concentration,concentration_unit,Condition,project_name
ADIPO,101-02-0,https://montilab.bu.edu/Xposome/?page=ADIPO&tab=chemical_explorer&chemical_id=101-02-0&stat=gene_expression,1000,3139.0,10.0,uM,WT,Human adipocyte cell lines
ADIPO,104-76-7,https://montilab.bu.edu/Xposome/?page=ADIPO&tab=chemical_explorer&chemical_id=104-76-7&stat=gene_expression,1001,380.0,10.0,uM,WT,Human adipocyte cell lines
ADIPO,105-95-3,https://montilab.bu.edu/Xposome/?page=ADIPO&tab=chemical_explorer&chemical_id=105-95-3&stat=gene_expression,1000,10725.0,10.0,uM,WT,Human adipocyte cell lines
ADIPO,107534-96-3,https://montilab.bu.edu/Xposome/?page=ADIPO&tab=chemical_explorer&chemical_id=107534-96-3&stat=gene_expression,1000,2973.0,20.0,uM,WT,Human adipocyte cell lines
ADIPO,112529-15-4,https://montilab.bu.edu/Xposome/?page=ADIPO&tab=chemical_explorer&chemical_id=112529-15-4&stat=gene_expression,1001,2655.0,10.0,uM,WT,Human adipocyte cell lines
ADIPO,115-86-6,https://montilab.bu.edu/Xposome/?page=ADIPO&tab=chemical_explorer&chemical_id=115-86-6&stat=gene_expression,1000,3138.0,10.0,uM,WT,Human adipocyte cell lines
ADIPO,117-81-7,https://montilab.bu.edu/Xposome/?page=ADIPO&tab=chemical_explorer&chemical_id=117-81-7&stat=gene_expression,1004,1603.0,10.0,uM,WT,Human adipocyte cell lines
ADIPO,120116-88-3,https://montilab.bu.edu/Xposome/?page=ADIPO&tab=chemical_explorer&chemical_id=120116-88-3&stat=gene_expression,1000,1535.0,20.0,uM,WT,Human adipocyte cell lines
ADIPO,124495-18-7,https://montilab.bu.edu/Xposome/?page=ADIPO&tab=chemical_explorer&chemical_id=124495-18-7&stat=gene_expression,1000,2752.0,10.0,uM,WT,Human adipocyte cell lines
ADIPO,126-73-8,https://montilab.bu.edu/Xposome/?page=ADIPO&tab=chemical_explorer&chemical_id=126-73-8&stat=gene_expression,1000,3102.0,10.0,uM,WT,Human adipocyte cell lines
ADIPO,131-70-4,https://montilab.bu.edu/Xposome/?page=ADIPO&tab=chemical_explorer&chemical_id=131-70-4&stat=gene_expression,1000,2187.0,10.0,uM,WT,Human adipocyte cell lines
ADIPO,131341-86-1,https://montilab.bu.edu/Xposome/?page=ADIPO&tab=chemical_explorer&chemical_id=131341-86-1&stat=gene_expression,1000,1846.0,2.0,uM,WT,Human adipocyte cell lines
ADIPO,13674-87-8,https://montilab.bu.edu/Xposome/?page=ADIPO&tab=chemical_explorer&chemical_id=13674-87-8&stat=gene_expression,1000,3144.0,10.0,uM,WT,Human adipocyte cell lines
ADIPO,13674-87-8,https://montilab.bu.edu/Xposome/?page=ADIPO&tab=chemical_explorer&chemical_id=13674-87-8&stat=gene_expression,1000,3143.0,10.0,uM,WT,Human adipocyte cell lines
ADIPO,138261-41-3,https://montilab.bu.edu/Xposome/?page=ADIPO&tab=chemical_explorer&chemical_id=138261-41-3&stat=gene_expression,1000,1961.0,10.0,uM,WT,Human adipocyte cell lines
ADIPO,1461-22-9,https://montilab.bu.edu/Xposome/?page=ADIPO&tab=chemical_explorer&chemical_id=1461-22-9&stat=gene_expression,1000,3104.0,0.08,uM,WT,Human adipocyte cell lines
ADIPO,23031-36-9,https://montilab.bu.edu/Xposome/?page=ADIPO&tab=chemical_explorer&chemical_id=23031-36-9&stat=gene_expression,1000,2691.0,10.0,uM,WT,Human adipocyte cell lines
ADIPO,2392-39-4,https://montilab.bu.edu/Xposome/?page=ADIPO&tab=chemical_explorer&chemical_id=2392-39-4&stat=gene_expression,1000,1600.0,0.2,uM,WT,Human adipocyte cell lines
ADIPO,2528-16-7,https://montilab.bu.edu/Xposome/?page=ADIPO&tab=chemical_explorer&chemical_id=2528-16-7&stat=gene_expression,1000,2186.0,10.0,uM,WT,Human adipocyte cell lines
ADIPO,2795-39-3,https://montilab.bu.edu/Xposome/?page=ADIPO&tab=chemical_explorer&chemical_id=2795-39-3&stat=gene_expression,1000,2686.0,10.0,uM,WT,Human adipocyte cell lines
ADIPO,302-79-4,https://montilab.bu.edu/Xposome/?page=ADIPO&tab=chemical_explorer&chemical_id=302-79-4&stat=gene_expression,1000,2778.0,1.0,uM,WT,Human adipocyte cell lines
ADIPO,335-67-1,https://montilab.bu.edu/Xposome/?page=ADIPO&tab=chemical_explorer&chemical_id=335-67-1&stat=gene_expression,1003,2596.0,5.0,uM,WT,Human adipocyte cell lines
ADIPO,35065-27-1,https://montilab.bu.edu/Xposome/?page=ADIPO&tab=chemical_explorer&chemical_id=35065-27-1&stat=gene_expression,1000,4012.0,10.0,uM,WT,Human adipocyte cell lines
ADIPO,35693-99-3,https://montilab.bu.edu/Xposome/?page=ADIPO&tab=chemical_explorer&chemical_id=35693-99-3&stat=gene_expression,1000,10122.0,10.0,uM,WT,Human adipocyte cell lines
ADIPO,4376-20-9,https://montilab.bu.edu/Xposome/?page=ADIPO&tab=chemical_explorer&chemical_id=4376-20-9&stat=gene_expression,1000,2185.0,10.0,uM,WT,Human adipocyte cell lines
ADIPO,50-22-6,https://montilab.bu.edu/Xposome/?page=ADIPO&tab=chemical_explorer&chemical_id=50-22-6&stat=gene_expression,1000,1450.0,2.0,uM,WT,Human adipocyte cell lines
ADIPO,50-29-3,https://montilab.bu.edu/Xposome/?page=ADIPO&tab=chemical_explorer&chemical_id=50-29-3&stat=gene_expression,1000,1629.0,10.0,uM,WT,Human adipocyte cell lines
ADIPO,55-38-9,https://montilab.bu.edu/Xposome/?page=ADIPO&tab=chemical_explorer&chemical_id=55-38-9&stat=gene_expression,1000,1827.0,40.0,uM,WT,Human adipocyte cell lines
ADIPO,57465-28-8,https://montilab.bu.edu/Xposome/?page=ADIPO&tab=chemical_explorer&chemical_id=57465-28-8&stat=gene_expression,1000,3316.0,0.01,uM,WT,Human adipocyte cell lines
ADIPO,577-11-7,https://montilab.bu.edu/Xposome/?page=ADIPO&tab=chemical_explorer&chemical_id=577-11-7&stat=gene_expression,1000,1706.0,5.0,uM,WT,Human adipocyte cell lines
ADIPO,68694-11-1,https://montilab.bu.edu/Xposome/?page=ADIPO&tab=chemical_explorer&chemical_id=68694-11-1&stat=gene_expression,1000,3127.0,10.0,uM,WT,Human adipocyte cell lines
ADIPO,72-55-9,https://montilab.bu.edu/Xposome/?page=ADIPO&tab=chemical_explorer&chemical_id=72-55-9&stat=gene_expression,1000,2688.0,10.0,uM,WT,Human adipocyte cell lines
ADIPO,731-27-1,https://montilab.bu.edu/Xposome/?page=ADIPO&tab=chemical_explorer&chemical_id=731-27-1&stat=gene_expression,1000,11061.0,0.1,uM,WT,Human adipocyte cell lines
ADIPO,732-26-3,https://montilab.bu.edu/Xposome/?page=ADIPO&tab=chemical_explorer&chemical_id=732-26-3&stat=gene_expression,1000,332.0,20.0,uM,WT,Human adipocyte cell lines
ADIPO,79-94-7,https://montilab.bu.edu/Xposome/?page=ADIPO&tab=chemical_explorer&chemical_id=79-94-7&stat=gene_expression,1017,467.0,20.0,uM,WT,Human adipocyte cell lines
ADIPO,79-94-7,https://montilab.bu.edu/Xposome/?page=ADIPO&tab=chemical_explorer&chemical_id=79-94-7&stat=gene_expression,1017,441.0,20.0,uM,WT,Human adipocyte cell lines
ADIPO,80-05-7,https://montilab.bu.edu/Xposome/?page=ADIPO&tab=chemical_explorer&chemical_id=80-05-7&stat=gene_expression,1000,1211.0,10.0,uM,WT,Human adipocyte cell lines
ADIPO,80-09-1,https://montilab.bu.edu/Xposome/?page=ADIPO&tab=chemical_explorer&chemical_id=80-09-1&stat=gene_expression,1000,1221.0,10.0,uM,WT,Human adipocyte cell lines
ADIPO,85-68-7,https://montilab.bu.edu/Xposome/?page=ADIPO&tab=chemical_explorer&chemical_id=85-68-7&stat=gene_expression,1005,1268.0,10.0,uM,WT,Human adipocyte cell lines
ADIPO,94-13-3,https://montilab.bu.edu/Xposome/?page=ADIPO&tab=chemical_explorer&chemical_id=94-13-3&stat=gene_expression,1000,2726.0,10.0,uM,WT,Human adipocyte cell lines
ADIPO,94-26-8,https://montilab.bu.edu/Xposome/?page=ADIPO&tab=chemical_explorer&chemical_id=94-26-8&stat=gene_expression,1001,1271.0,10.0,uM,WT,Human adipocyte cell lines
ADIPO,97322-87-7,https://montilab.bu.edu/Xposome/?page=ADIPO&tab=chemical_explorer&chemical_id=97322-87-7&stat=gene_expression,1000,3160.0,5.0,uM,WT,Human adipocyte cell lines
HepG2,100-01-6,https://montilab.bu.edu/Xposome/?page=HEPG2&tab=chemical_explorer&chemical_id=100-01-6&stat=gene_expression,45,607.0,1.25,uM,WT,Human Hepg2 cell lines
HepG2,100-01-6,https://montilab.bu.edu/Xposome/?page=HEPG2&tab=chemical_explorer&chemical_id=100-01-6&stat=gene_expression,182,607.0,10.0,uM,WT,Human Hepg2 cell lines
HepG2,100-01-6,https://montilab.bu.edu/Xposome/?page=HEPG2&tab=chemical_explorer&chemical_id=100-01-6&stat=gene_expression,60,607.0,2.5,uM,WT,Human Hepg2 cell lines
HepG2,100-01-6,https://montilab.bu.edu/Xposome/?page=HEPG2&tab=chemical_explorer&chemical_id=100-01-6&stat=gene_expression,51,607.0,20.0,uM,WT,Human Hepg2 cell lines
HepG2,100-01-6,https://montilab.bu.edu/Xposome/?page=HEPG2&tab=chemical_explorer&chemical_id=100-01-6&stat=gene_expression,55,607.0,40.0,uM,WT,Human Hepg2 cell lines
HepG2,100-01-6,https://montilab.bu.edu/Xposome/?page=HEPG2&tab=chemical_explorer&chemical_id=100-01-6&stat=gene_expression,67,607.0,5.0,uM,WT,Human Hepg2 cell lines
HepG2,100-51-6,https://montilab.bu.edu/Xposome/?page=HEPG2&tab=chemical_explorer&chemical_id=100-51-6&stat=gene_expression,65,1187.0,1.25,uM,WT,Human Hepg2 cell lines
HepG2,100-51-6,https://montilab.bu.edu/Xposome/?page=HEPG2&tab=chemical_explorer&chemical_id=100-51-6&stat=gene_expression,108,1187.0,10.0,uM,WT,Human Hepg2 cell lines
HepG2,100-51-6,https://montilab.bu.edu/Xposome/?page=HEPG2&tab=chemical_explorer&chemical_id=100-51-6&stat=gene_expression,85,1187.0,2.5,uM,WT,Human Hepg2 cell lines
HepG2,100-51-6,https://montilab.bu.edu/Xposome/?page=HEPG2&tab=chemical_explorer&chemical_id=100-51-6&stat=gene_expression,86,1187.0,20.0,uM,WT,Human Hepg2 cell lines
HepG2,100-51-6,https://montilab.bu.edu/Xposome/?page=HEPG2&tab=chemical_explorer&chemical_id=100-51-6&stat=gene_expression,68,1187.0,40.0,uM,WT,Human Hepg2 cell lines
HepG2,100-51-6,https://montilab.bu.edu/Xposome/?page=HEPG2&tab=chemical_explorer&chemical_id=100-51-6&stat=gene_expression,74,1187.0,5.0,uM,WT,Human Hepg2 cell lines
HepG2,100-97-0,https://montilab.bu.edu/Xposome/?page=HEPG2&tab=chemical_explorer&chemical_id=100-97-0&stat=gene_expression,43,2137.0,1.25,uM,WT,Human Hepg2 cell lines
HepG2,100-97-0,https://montilab.bu.edu/Xposome/?page=HEPG2&tab=chemical_explorer&chemical_id=100-97-0&stat=gene_expression,84,2137.0,10.0,uM,WT,Human Hepg2 cell lines
HepG2,100-97-0,https://montilab.bu.edu/Xposome/?page=HEPG2&tab=chemical_explorer&chemical_id=100-97-0&stat=gene_expression,77,2137.0,2.5,uM,WT,Human Hepg2 cell lines
HepG2,100-97-0,https://montilab.bu.edu/Xposome/?page=HEPG2&tab=chemical_explorer&chemical_id=100-97-0&stat=gene_expression,44,2137.0,20.0,uM,WT,Human Hepg2 cell lines
HepG2,100-97-0,https://montilab.bu.edu/Xposome/?page=HEPG2&tab=chemical_explorer&chemical_id=100-97-0&stat=gene_expression,38,2137.0,40.0,uM,WT,Human Hepg2 cell lines
HepG2,100-97-0,https://montilab.bu.edu/Xposome/?page=HEPG2&tab=chemical_explorer&chemical_id=100-97-0&stat=gene_expression,59,2137.0,5.0,uM,WT,Human Hepg2 cell lines
HepG2,101-21-3,https://montilab.bu.edu/Xposome/?page=HEPG2&tab=chemical_explorer&chemical_id=101-21-3&stat=gene_expression,46,1363.0,1.25,uM,WT,Human Hepg2 cell lines
HepG2,101-21-3,https://montilab.bu.edu/Xposome/?page=HEPG2&tab=chemical_explorer&chemical_id=101-21-3&stat=gene_expression,47,1363.0,10.0,uM,WT,Human Hepg2 cell lines
HepG2,101-21-3,https://montilab.bu.edu/Xposome/?page=HEPG2&tab=chemical_explorer&chemical_id=101-21-3&stat=gene_expression,73,1363.0,2.5,uM,WT,Human Hepg2 cell lines
HepG2,101-21-3,https://montilab.bu.edu/Xposome/?page=HEPG2&tab=chemical_explorer&chemical_id=101-21-3&stat=gene_expression,56,1363.0,20.0,uM,WT,Human Hepg2 cell lines
HepG2,101-21-3,https://montilab.bu.edu/Xposome/?page=HEPG2&tab=chemical_explorer&chemical_id=101-21-3&stat=gene_expression,1128,1363.0,40.0,uM,WT,Human Hepg2 cell lines
HepG2,101-21-3,https://montilab.bu.edu/Xposome/?page=HEPG2&tab=chemical_explorer&chemical_id=101-21-3&stat=gene_expression,60,1363.0,5.0,uM,WT,Human Hepg2 cell lines
HepG2,101-80-4,https://montilab.bu.edu/Xposome/?page=HEPG2&tab=chemical_explorer&chemical_id=101-80-4&stat=gene_expression,35,560.0,1.25,uM,WT,Human Hepg2 cell lines
HepG2,101-80-4,https://montilab.bu.edu/Xposome/?page=HEPG2&tab=chemical_explorer&chemical_id=101-80-4&stat=gene_expression,45,560.0,10.0,uM,WT,Human Hepg2 cell lines
HepG2,101-80-4,https://montilab.bu.edu/Xposome/?page=HEPG2&tab=chemical_explorer&chemical_id=101-80-4&stat=gene_expression,59,560.0,2.5,uM,WT,Human Hepg2 cell lines
HepG2,101-80-4,https://montilab.bu.edu/Xposome/?page=HEPG2&tab=chemical_explorer&chemical_id=101-80-4&stat=gene_expression,56,560.0,20.0,uM,WT,Human Hepg2 cell lines
HepG2,101-80-4,https://montilab.bu.edu/Xposome/?page=HEPG2&tab=chemical_explorer&chemical_id=101-80-4&stat=gene_expression,34,560.0,40.0,uM,WT,Human Hepg2 cell lines
HepG2,101-80-4,https://montilab.bu.edu/Xposome/?page=HEPG2&tab=chemical_explorer&chemical_id=101-80-4&stat=gene_expression,38,560.0,5.0,uM,WT,Human Hepg2 cell lines
HepG2,103-90-2,https://montilab.bu.edu/Xposome/?page=HEPG2&tab=chemical_explorer&chemical_id=103-90-2&stat=gene_expression,34,952.0,1.25,uM,WT,Human Hepg2 cell lines
HepG2,103-90-2,https://montilab.bu.edu/Xposome/?page=HEPG2&tab=chemical_explorer&chemical_id=103-90-2&stat=gene_expression,41,952.0,10.0,uM,WT,Human Hepg2 cell lines
HepG2,103-90-2,https://montilab.bu.edu/Xposome/?page=HEPG2&tab=chemical_explorer&chemical_id=103-90-2&stat=gene_expression,67,952.0,2.5,uM,WT,Human Hepg2 cell lines
HepG2,103-90-2,https://montilab.bu.edu/Xposome/?page=HEPG2&tab=chemical_explorer&chemical_id=103-90-2&stat=gene_expression,52,952.0,20.0,uM,WT,Human Hepg2 cell lines
HepG2,103-90-2,https://montilab.bu.edu/Xposome/?page=HEPG2&tab=chemical_explorer&chemical_id=103-90-2&stat=gene_expression,30,952.0,40.0,uM,WT,Human Hepg2 cell lines
HepG2,103-90-2,https://montilab.bu.edu/Xposome/?page=HEPG2&tab=chemical_explorer&chemical_id=103-90-2&stat=gene_expression,27,952.0,5.0,uM,WT,Human Hepg2 cell lines
HepG2,105-60-2,https://montilab.bu.edu/Xposome/?page=HEPG2&tab=chemical_explorer&chemical_id=105-60-2&stat=gene_expression,65,1310.0,1.25,uM,WT,Human Hepg2 cell lines
HepG2,105-60-2,https://montilab.bu.edu/Xposome/?page=HEPG2&tab=chemical_explorer&chemical_id=105-60-2&stat=gene_expression,37,1310.0,10.0,uM,WT,Human Hepg2 cell lines
HepG2,105-60-2,https://montilab.bu.edu/Xposome/?page=HEPG2&tab=chemical_explorer&chemical_id=105-60-2&stat=gene_expression,60,1310.0,2.5,uM,WT,Human Hepg2 cell lines
HepG2,105-60-2,https://montilab.bu.edu/Xposome/?page=HEPG2&tab=chemical_explorer&chemical_id=105-60-2&stat=gene_expression,316,1310.0,20.0,uM,WT,Human Hepg2 cell lines
HepG2,105-60-2,https://montilab.bu.edu/Xposome/?page=HEPG2&tab=chemical_explorer&chemical_id=105-60-2&stat=gene_expression,117,1310.0,40.0,uM,WT,Human Hepg2 cell lines
HepG2,105-60-2,https://montilab.bu.edu/Xposome/?page=HEPG2&tab=chemical_explorer&chemical_id=105-60-2&stat=gene_expression,117,1310.0,5.0,uM,WT,Human Hepg2 cell lines
HepG2,106-47-8,https://montilab.bu.edu/Xposome/?page=HEPG2&tab=chemical_explorer&chemical_id=106-47-8&stat=gene_expression,49,585.0,1.25,uM,WT,Human Hepg2 cell lines
HepG2,106-47-8,https://montilab.bu.edu/Xposome/?page=HEPG2&tab=chemical_explorer&chemical_id=106-47-8&stat=gene_expression,76,585.0,10.0,uM,WT,Human Hepg2 cell lines
HepG2,106-47-8,https://montilab.bu.edu/Xposome/?page=HEPG2&tab=chemical_explorer&chemical_id=106-47-8&stat=gene_expression,110,585.0,2.5,uM,WT,Human Hepg2 cell lines
HepG2,106-47-8,https://montilab.bu.edu/Xposome/?page=HEPG2&tab=chemical_explorer&chemical_id=106-47-8&stat=gene_expression,133,585.0,20.0,uM,WT,Human Hepg2 cell lines
HepG2,106-47-8,https://montilab.bu.edu/Xposome/?page=HEPG2&tab=chemical_explorer&chemical_id=106-47-8&stat=gene_expression,96,585.0,40.0,uM,WT,Human Hepg2 cell lines
HepG2,106-47-8,https://montilab.bu.edu/Xposome/?page=HEPG2&tab=chemical_explorer&chemical_id=106-47-8&stat=gene_expression,68,585.0,5.0,uM,WT,Human Hepg2 cell lines
HepG2,108-46-3,https://montilab.bu.edu/Xposome/?page=HEPG2&tab=chemical_explorer&chemical_id=108-46-3&stat=gene_expression,41,2772.0,1.25,uM,WT,Human Hepg2 cell lines
HepG2,108-46-3,https://montilab.bu.edu/Xposome/?page=HEPG2&tab=chemical_explorer&chemical_id=108-46-3&stat=gene_expression,55,2772.0,10.0,uM,WT,Human Hepg2 cell lines
HepG2,108-46-3,https://montilab.bu.edu/Xposome/?page=HEPG2&tab=chemical_explorer&chemical_id=108-46-3&stat=gene_expression,90,2772.0,2.5,uM,WT,Human Hepg2 cell lines
HepG2,108-46-3,https://montilab.bu.edu/Xposome/?page=HEPG2&tab=chemical_explorer&chemical_id=108-46-3&stat=gene_expression,96,2772.0,20.0,uM,WT,Human Hepg2 cell lines
HepG2,108-46-3,https://montilab.bu.edu/Xposome/?page=HEPG2&tab=chemical_explorer&chemical_id=108-46-3&stat=gene_expression,63,2772.0,40.0,uM,WT,Human Hepg2 cell lines
HepG2,108-46-3,https://montilab.bu.edu/Xposome/?page=HEPG2&tab=chemical_explorer&chemical_id=108-46-3&stat=gene_expression,78,2772.0,5.0,uM,WT,Human Hepg2 cell lines
HepG2,108-94-1,https://montilab.bu.edu/Xposome/?page=HEPG2&tab=chemical_explorer&chemical_id=108-94-1&stat=gene_expression,66,1540.0,1.25,uM,WT,Human Hepg2 cell lines
HepG2,108-94-1,https://montilab.bu.edu/Xposome/?page=HEPG2&tab=chemical_explorer&chemical_id=108-94-1&stat=gene_expression,50,1540.0,10.0,uM,WT,Human Hepg2 cell lines
HepG2,108-94-1,https://montilab.bu.edu/Xposome/?page=HEPG2&tab=chemical_explorer&chemical_id=108-94-1&stat=gene_expression,45,1540.0,2.5,uM,WT,Human Hepg2 cell lines
HepG2,108-94-1,https://montilab.bu.edu/Xposome/?page=HEPG2&tab=chemical_explorer&chemical_id=108-94-1&stat=gene_expression,27,1540.0,20.0,uM,WT,Human Hepg2 cell lines
HepG2,108-94-1,https://montilab.bu.edu/Xposome/?page=HEPG2&tab=chemical_explorer&chemical_id=108-94-1&stat=gene_expression,52,1540.0,40.0,uM,WT,Human Hepg2 cell lines
HepG2,108-94-1,https://montilab.bu.edu/Xposome/?page=HEPG2&tab=chemical_explorer&chemical_id=108-94-1&stat=gene_expression,60,1540.0,5.0,uM,WT,Human Hepg2 cell lines
HepG2,108-95-2,https://montilab.bu.edu/Xposome/?page=HEPG2&tab=chemical_explorer&chemical_id=108-95-2&stat=gene_expression,41,2638.0,1.25,uM,WT,Human Hepg2 cell lines
HepG2,108-95-2,https://montilab.bu.edu/Xposome/?page=HEPG2&tab=chemical_explorer&chemical_id=108-95-2&stat=gene_expression,41,2638.0,10.0,uM,WT,Human Hepg2 cell lines
HepG2,108-95-2,https://montilab.bu.edu/Xposome/?page=HEPG2&tab=chemical_explorer&chemical_id=108-95-2&stat=gene_expression,51,2638.0,2.5,uM,WT,Human Hepg2 cell lines
HepG2,108-95-2,https://montilab.bu.edu/Xposome/?page=HEPG2&tab=chemical_explorer&chemical_id=108-95-2&stat=gene_expression,35,2638.0,20.0,uM,WT,Human Hepg2 cell lines
HepG2,108-95-2,https://montilab.bu.edu/Xposome/?page=HEPG2&tab=chemical_explorer&chemical_id=108-95-2&stat=gene_expression,60,2638.0,40.0,uM,WT,Human Hepg2 cell lines
HepG2,108-95-2,https://montilab.bu.edu/Xposome/?page=HEPG2&tab=chemical_explorer&chemical_id=108-95-2&stat=gene_expression,43,2638.0,5.0,uM,WT,Human Hepg2 cell lines
HepG2,110-44-1,https://montilab.bu.edu/Xposome/?page=HEPG2&tab=chemical_explorer&chemical_id=110-44-1&stat=gene_expression,47,2893.0,1.25,uM,WT,Human Hepg2 cell lines
HepG2,110-44-1,https://montilab.bu.edu/Xposome/?page=HEPG2&tab=chemical_explorer&chemical_id=110-44-1&stat=gene_expression,224,2893.0,10.0,uM,WT,Human Hepg2 cell lines
HepG2,110-44-1,https://montilab.bu.edu/Xposome/?page=HEPG2&tab=chemical_explorer&chemical_id=110-44-1&stat=gene_expression,135,2893.0,2.5,uM,WT,Human Hepg2 cell lines
HepG2,110-44-1,https://montilab.bu.edu/Xposome/?page=HEPG2&tab=chemical_explorer&chemical_id=110-44-1&stat=gene_expression,140,2893.0,20.0,uM,WT,Human Hepg2 cell lines
HepG2,110-44-1,https://montilab.bu.edu/Xposome/?page=HEPG2&tab=chemical_explorer&chemical_id=110-44-1&stat=gene_expression,101,2893.0,40.0,uM,WT,Human Hepg2 cell lines
HepG2,110-44-1,https://montilab.bu.edu/Xposome/?page=HEPG2&tab=chemical_explorer&chemical_id=110-44-1&stat=gene_expression,85,2893.0,5.0,uM,WT,Human Hepg2 cell lines
HepG2,111-30-8,https://montilab.bu.edu/Xposome/?page=HEPG2&tab=chemical_explorer&chemical_id=111-30-8&stat=gene_expression,44,1906.0,1.25,uM,WT,Human Hepg2 cell lines
HepG2,111-30-8,https://montilab.bu.edu/Xposome/?page=HEPG2&tab=chemical_explorer&chemical_id=111-30-8&stat=gene_expression,32,1906.0,10.0,uM,WT,Human Hepg2 cell lines
HepG2,111-30-8,https://montilab.bu.edu/Xposome/?page=HEPG2&tab=chemical_explorer&chemical_id=111-30-8&stat=gene_expression,68,1906.0,2.5,uM,WT,Human Hepg2 cell lines
HepG2,111-30-8,https://montilab.bu.edu/Xposome/?page=HEPG2&tab=chemical_explorer&chemical_id=111-30-8&stat=gene_expression,62,1906.0,20.0,uM,WT,Human Hepg2 cell lines
HepG2,111-30-8,https://montilab.bu.edu/Xposome/?page=HEPG2&tab=chemical_explorer&chemical_id=111-30-8&stat=gene_expression,98,1906.0,40.0,uM,WT,Human Hepg2 cell lines
HepG2,111-30-8,https://montilab.bu.edu/Xposome/?page=HEPG2&tab=chemical_explorer&chemical_id=111-30-8&stat=gene_expression,58,1906.0,5.0,uM,WT,Human Hepg2 cell lines
HepG2,115-28-6,https://montilab.bu.edu/Xposome/?page=HEPG2&tab=chemical_explorer&chemical_id=115-28-6&stat=gene_expression,47,1354.0,1.25,uM,WT,Human Hepg2 cell lines
HepG2,115-28-6,https://montilab.bu.edu/Xposome/?page=HEPG2&tab=chemical_explorer&chemical_id=115-28-6&stat=gene_expression,162,1354.0,10.0,uM,WT,Human Hepg2 cell lines
HepG2,115-28-6,https://montilab.bu.edu/Xposome/?page=HEPG2&tab=chemical_explorer&chemical_id=115-28-6&stat=gene_expression,64,1354.0,2.5,uM,WT,Human Hepg2 cell lines
HepG2,115-28-6,https://montilab.bu.edu/Xposome/?page=HEPG2&tab=chemical_explorer&chemical_id=115-28-6&stat=gene_expression,41,1354.0,20.0,uM,WT,Human Hepg2 cell lines
HepG2,115-28-6,https://montilab.bu.edu/Xposome/?page=HEPG2&tab=chemical_explorer&chemical_id=115-28-6&stat=gene_expression,59,1354.0,40.0,uM,WT,Human Hepg2 cell lines
HepG2,115-28-6,https://montilab.bu.edu/Xposome/?page=HEPG2&tab=chemical_explorer&chemical_id=115-28-6&stat=gene_expression,64,1354.0,5.0,uM,WT,Human Hepg2 cell lines
HepG2,115-29-7,https://montilab.bu.edu/Xposome/?page=HEPG2&tab=chemical_explorer&chemical_id=115-29-7&stat=gene_expression,71,1762.0,1.25,uM,WT,Human Hepg2 cell lines
HepG2,115-29-7,https://montilab.bu.edu/Xposome/?page=HEPG2&tab=chemical_explorer&chemical_id=115-29-7&stat=gene_expression,45,1762.0,10.0,uM,WT,Human Hepg2 cell lines
HepG2,115-29-7,https://montilab.bu.edu/Xposome/?page=HEPG2&tab=chemical_explorer&chemical_id=115-29-7&stat=gene_expression,51,1762.0,2.5,uM,WT,Human Hepg2 cell lines
HepG2,115-29-7,https://montilab.bu.edu/Xposome/?page=HEPG2&tab=chemical_explorer&chemical_id=115-29-7&stat=gene_expression,57,1762.0,20.0,uM,WT,Human Hepg2 cell lines
HepG2,115-29-7,https://montilab.bu.edu/Xposome/?page=HEPG2&tab=chemical_explorer&chemical_id=115-29-7&stat=gene_expression,435,1762.0,40.0,uM,WT,Human Hepg2 cell lines
HepG2,115-29-7,https://montilab.bu.edu/Xposome/?page=HEPG2&tab=chemical_explorer&chemical_id=115-29-7&stat=gene_expression,134,1762.0,5.0,uM,WT,Human Hepg2 cell lines
HepG2,115-86-6,https://montilab.bu.edu/Xposome/?page=HEPG2&tab=chemical_explorer&chemical_id=115-86-6&stat=gene_expression,62,3138.0,1.25,uM,WT,Human Hepg2 cell lines
HepG2,115-86-6,https://montilab.bu.edu/Xposome/?page=HEPG2&tab=chemical_explorer&chemical_id=115-86-6&stat=gene_expression,77,3138.0,10.0,uM,WT,Human Hepg2 cell lines
HepG2,115-86-6,https://montilab.bu.edu/Xposome/?page=HEPG2&tab=chemical_explorer&chemical_id=115-86-6&stat=gene_expression,87,3138.0,2.5,uM,WT,Human Hepg2 cell lines
HepG2,115-86-6,https://montilab.bu.edu/Xposome/?page=HEPG2&tab=chemical_explorer&chemical_id=115-86-6&stat=gene_expression,225,3138.0,20.0,uM,WT,Human Hepg2 cell lines
HepG2,115-86-6,https://montilab.bu.edu/Xposome/?page=HEPG2&tab=chemical_explorer&chemical_id=115-86-6&stat=gene_expression,165,3138.0,40.0,uM,WT,Human Hepg2 cell lines
HepG2,115-86-6,https://montilab.bu.edu/Xposome/?page=HEPG2&tab=chemical_explorer&chemical_id=115-86-6&stat=gene_expression,56,3138.0,5.0,uM,WT,Human Hepg2 cell lines
HepG2,115-96-8,https://montilab.bu.edu/Xposome/?page=HEPG2&tab=chemical_explorer&chemical_id=115-96-8&stat=gene_expression,53,3151.0,1.25,uM,WT,Human Hepg2 cell lines
HepG2,115-96-8,https://montilab.bu.edu/Xposome/?page=HEPG2&tab=chemical_explorer&chemical_id=115-96-8&stat=gene_expression,34,3151.0,10.0,uM,WT,Human Hepg2 cell lines
HepG2,115-96-8,https://montilab.bu.edu/Xposome/?page=HEPG2&tab=chemical_explorer&chemical_id=115-96-8&stat=gene_expression,33,3151.0,2.5,uM,WT,Human Hepg2 cell lines
HepG2,115-96-8,https://montilab.bu.edu/Xposome/?page=HEPG2&tab=chemical_explorer&chemical_id=115-96-8&stat=gene_expression,43,3151.0,20.0,uM,WT,Human Hepg2 cell lines
HepG2,115-96-8,https://montilab.bu.edu/Xposome/?page=HEPG2&tab=chemical_explorer&chemical_id=115-96-8&stat=gene_expression,71,3151.0,40.0,uM,WT,Human Hepg2 cell lines
HepG2,115-96-8,https://montilab.bu.edu/Xposome/?page=HEPG2&tab=chemical_explorer&chemical_id=115-96-8&stat=gene_expression,34,3151.0,5.0,uM,WT,Human Hepg2 cell lines
HepG2,1156-19-0,https://montilab.bu.edu/Xposome/?page=HEPG2&tab=chemical_explorer&chemical_id=1156-19-0&stat=gene_expression,44,3055.0,1.25,uM,WT,Human Hepg2 cell lines
HepG2,1156-19-0,https://montilab.bu.edu/Xposome/?page=HEPG2&tab=chemical_explorer&chemical_id=1156-19-0&stat=gene_expression,72,3055.0,10.0,uM,WT,Human Hepg2 cell lines
HepG2,1156-19-0,https://montilab.bu.edu/Xposome/?page=HEPG2&tab=chemical_explorer&chemical_id=1156-19-0&stat=gene_expression,47,3055.0,2.5,uM,WT,Human Hepg2 cell lines
HepG2,1156-19-0,https://montilab.bu.edu/Xposome/?page=HEPG2&tab=chemical_explorer&chemical_id=1156-19-0&stat=gene_expression,63,3055.0,20.0,uM,WT,Human Hepg2 cell lines
HepG2,1156-19-0,https://montilab.bu.edu/Xposome/?page=HEPG2&tab=chemical_explorer&chemical_id=1156-19-0&stat=gene_expression,60,3055.0,40.0,uM,WT,Human Hepg2 cell lines
HepG2,1156-19-0,https://montilab.bu.edu/Xposome/?page=HEPG2&tab=chemical_explorer&chemical_id=1156-19-0&stat=gene_expression,33,3055.0,5.0,uM,WT,Human Hepg2 cell lines
HepG2,116-06-3,https://montilab.bu.edu/Xposome/?page=HEPG2&tab=chemical_explorer&chemical_id=116-06-3&stat=gene_expression,40,998.0,0.625,uM,WT,Human Hepg2 cell lines
HepG2,116-06-3,https://montilab.bu.edu/Xposome/?page=HEPG2&tab=chemical_explorer&chemical_id=116-06-3&stat=gene_expression,48,998.0,1.25,uM,WT,Human Hepg2 cell lines
HepG2,116-06-3,https://montilab.bu.edu/Xposome/?page=HEPG2&tab=chemical_explorer&chemical_id=116-06-3&stat=gene_expression,36,998.0,10.0,uM,WT,Human Hepg2 cell lines
HepG2,116-06-3,https://montilab.bu.edu/Xposome/?page=HEPG2&tab=chemical_explorer&chemical_id=116-06-3&stat=gene_expression,39,998.0,2.5,uM,WT,Human Hepg2 cell lines
HepG2,116-06-3,https://montilab.bu.edu/Xposome/?page=HEPG2&tab=chemical_explorer&chemical_id=116-06-3&stat=gene_expression,40,998.0,20.0,uM,WT,Human Hepg2 cell lines
HepG2,116-06-3,https://montilab.bu.edu/Xposome/?page=HEPG2&tab=chemical_explorer&chemical_id=116-06-3&stat=gene_expression,46,998.0,5.0,uM,WT,Human Hepg2 cell lines
HepG2,117-79-3,https://montilab.bu.edu/Xposome/?page=HEPG2&tab=chemical_explorer&chemical_id=117-79-3&stat=gene_expression,168,363.0,1.25,uM,WT,Human Hepg2 cell lines
HepG2,117-79-3,https://montilab.bu.edu/Xposome/?page=HEPG2&tab=chemical_explorer&chemical_id=117-79-3&stat=gene_expression,161,363.0,10.0,uM,WT,Human Hepg2 cell lines
HepG2,117-79-3,https://montilab.bu.edu/Xposome/?page=HEPG2&tab=chemical_explorer&chemical_id=117-79-3&stat=gene_expression,65,363.0,2.5,uM,WT,Human Hepg2 cell lines
HepG2,117-79-3,https://montilab.bu.edu/Xposome/?page=HEPG2&tab=chemical_explorer&chemical_id=117-79-3&stat=gene_expression,67,363.0,20.0,uM,WT,Human Hepg2 cell lines
HepG2,117-79-3,https://montilab.bu.edu/Xposome/?page=HEPG2&tab=chemical_explorer&chemical_id=117-79-3&stat=gene_expression,120,363.0,40.0,uM,WT,Human Hepg2 cell lines
HepG2,117-79-3,https://montilab.bu.edu/Xposome/?page=HEPG2&tab=chemical_explorer&chemical_id=117-79-3&stat=gene_expression,217,363.0,5.0,uM,WT,Human Hepg2 cell lines
HepG2,117-81-7,https://montilab.bu.edu/Xposome/?page=HEPG2&tab=chemical_explorer&chemical_id=117-81-7&stat=gene_expression,42,1603.0,1.25,uM,WT,Human Hepg2 cell lines
HepG2,117-81-7,https://montilab.bu.edu/Xposome/?page=HEPG2&tab=chemical_explorer&chemical_id=117-81-7&stat=gene_expression,35,1603.0,10.0,uM,WT,Human Hepg2 cell lines
HepG2,117-81-7,https://montilab.bu.edu/Xposome/?page=HEPG2&tab=chemical_explorer&chemical_id=117-81-7&stat=gene_expression,84,1603.0,2.5,uM,WT,Human Hepg2 cell lines
HepG2,117-81-7,https://montilab.bu.edu/Xposome/?page=HEPG2&tab=chemical_explorer&chemical_id=117-81-7&stat=gene_expression,70,1603.0,20.0,uM,WT,Human Hepg2 cell lines
HepG2,117-81-7,https://montilab.bu.edu/Xposome/?page=HEPG2&tab=chemical_explorer&chemical_id=117-81-7&stat=gene_expression,33,1603.0,40.0,uM,WT,Human Hepg2 cell lines
HepG2,117-81-7,https://montilab.bu.edu/Xposome/?page=HEPG2&tab=chemical_explorer&chemical_id=117-81-7&stat=gene_expression,111,1603.0,5.0,uM,WT,Human Hepg2 cell lines
HepG2,118-74-1,https://montilab.bu.edu/Xposome/?page=HEPG2&tab=chemical_explorer&chemical_id=118-74-1&stat=gene_expression,55,10085.0,0.0625,uM,WT,Human Hepg2 cell lines
HepG2,118-74-1,https://montilab.bu.edu/Xposome/?page=HEPG2&tab=chemical_explorer&chemical_id=118-74-1&stat=gene_expression,52,10085.0,0.125,uM,WT,Human Hepg2 cell lines
HepG2,118-74-1,https://montilab.bu.edu/Xposome/?page=HEPG2&tab=chemical_explorer&chemical_id=118-74-1&stat=gene_expression,76,10085.0,0.25,uM,WT,Human Hepg2 cell lines
HepG2,118-74-1,https://montilab.bu.edu/Xposome/?page=HEPG2&tab=chemical_explorer&chemical_id=118-74-1&stat=gene_expression,90,10085.0,0.625,uM,WT,Human Hepg2 cell lines
HepG2,118-74-1,https://montilab.bu.edu/Xposome/?page=HEPG2&tab=chemical_explorer&chemical_id=118-74-1&stat=gene_expression,51,10085.0,1.25,uM,WT,Human Hepg2 cell lines
HepG2,118-74-1,https://montilab.bu.edu/Xposome/?page=HEPG2&tab=chemical_explorer&chemical_id=118-74-1&stat=gene_expression,75,10085.0,2.5,uM,WT,Human Hepg2 cell lines
HepG2,120-61-6,https://montilab.bu.edu/Xposome/?page=HEPG2&tab=chemical_explorer&chemical_id=120-61-6&stat=gene_expression,32,1677.0,1.25,uM,WT,Human Hepg2 cell lines
HepG2,120-61-6,https://montilab.bu.edu/Xposome/?page=HEPG2&tab=chemical_explorer&chemical_id=120-61-6&stat=gene_expression,37,1677.0,10.0,uM,WT,Human Hepg2 cell lines
HepG2,120-61-6,https://montilab.bu.edu/Xposome/?page=HEPG2&tab=chemical_explorer&chemical_id=120-61-6&stat=gene_expression,39,1677.0,2.5,uM,WT,Human Hepg2 cell lines
HepG2,120-61-6,https://montilab.bu.edu/Xposome/?page=HEPG2&tab=chemical_explorer&chemical_id=120-61-6&stat=gene_expression,70,1677.0,20.0,uM,WT,Human Hepg2 cell lines
HepG2,120-61-6,https://montilab.bu.edu/Xposome/?page=HEPG2&tab=chemical_explorer&chemical_id=120-61-6&stat=gene_expression,65,1677.0,40.0,uM,WT,Human Hepg2 cell lines
HepG2,120-61-6,https://montilab.bu.edu/Xposome/?page=HEPG2&tab=chemical_explorer&chemical_id=120-61-6&stat=gene_expression,50,1677.0,5.0,uM,WT,Human Hepg2 cell lines
HepG2,120-71-8,https://montilab.bu.edu/Xposome/?page=HEPG2&tab=chemical_explorer&chemical_id=120-71-8&stat=gene_expression,50,395.0,1.25,uM,WT,Human Hepg2 cell lines
HepG2,120-71-8,https://montilab.bu.edu/Xposome/?page=HEPG2&tab=chemical_explorer&chemical_id=120-71-8&stat=gene_expression,63,395.0,10.0,uM,WT,Human Hepg2 cell lines
HepG2,120-71-8,https://montilab.bu.edu/Xposome/?page=HEPG2&tab=chemical_explorer&chemical_id=120-71-8&stat=gene_expression,45,395.0,2.5,uM,WT,Human Hepg2 cell lines
HepG2,120-71-8,https://montilab.bu.edu/Xposome/?page=HEPG2&tab=chemical_explorer&chemical_id=120-71-8&stat=gene_expression,905,395.0,20.0,uM,WT,Human Hepg2 cell lines
HepG2,120-71-8,https://montilab.bu.edu/Xposome/?page=HEPG2&tab=chemical_explorer&chemical_id=120-71-8&stat=gene_expression,996,395.0,40.0,uM,WT,Human Hepg2 cell lines
HepG2,120-71-8,https://montilab.bu.edu/Xposome/?page=HEPG2&tab=chemical_explorer&chemical_id=120-71-8&stat=gene_expression,77,395.0,5.0,uM,WT,Human Hepg2 cell lines
HepG2,120-83-2,https://montilab.bu.edu/Xposome/?page=HEPG2&tab=chemical_explorer&chemical_id=120-83-2&stat=gene_expression,92,338.0,1.25,uM,WT,Human Hepg2 cell lines
HepG2,120-83-2,https://montilab.bu.edu/Xposome/?page=HEPG2&tab=chemical_explorer&chemical_id=120-83-2&stat=gene_expression,55,338.0,10.0,uM,WT,Human Hepg2 cell lines
HepG2,120-83-2,https://montilab.bu.edu/Xposome/?page=HEPG2&tab=chemical_explorer&chemical_id=120-83-2&stat=gene_expression,55,338.0,2.5,uM,WT,Human Hepg2 cell lines
HepG2,120-83-2,https://montilab.bu.edu/Xposome/?page=HEPG2&tab=chemical_explorer&chemical_id=120-83-2&stat=gene_expression,74,338.0,20.0,uM,WT,Human Hepg2 cell lines
HepG2,120-83-2,https://montilab.bu.edu/Xposome/?page=HEPG2&tab=chemical_explorer&chemical_id=120-83-2&stat=gene_expression,231,338.0,40.0,uM,WT,Human Hepg2 cell lines
HepG2,120-83-2,https://montilab.bu.edu/Xposome/?page=HEPG2&tab=chemical_explorer&chemical_id=120-83-2&stat=gene_expression,45,338.0,5.0,uM,WT,Human Hepg2 cell lines
HepG2,121-14-2,https://montilab.bu.edu/Xposome/?page=HEPG2&tab=chemical_explorer&chemical_id=121-14-2&stat=gene_expression,93,342.0,1.25,uM,WT,Human Hepg2 cell lines
HepG2,121-14-2,https://montilab.bu.edu/Xposome/?page=HEPG2&tab=chemical_explorer&chemical_id=121-14-2&stat=gene_expression,67,342.0,10.0,uM,WT,Human Hepg2 cell lines
HepG2,121-14-2,https://montilab.bu.edu/Xposome/?page=HEPG2&tab=chemical_explorer&chemical_id=121-14-2&stat=gene_expression,69,342.0,2.5,uM,WT,Human Hepg2 cell lines
HepG2,121-14-2,https://montilab.bu.edu/Xposome/?page=HEPG2&tab=chemical_explorer&chemical_id=121-14-2&stat=gene_expression,79,342.0,20.0,uM,WT,Human Hepg2 cell lines
HepG2,121-14-2,https://montilab.bu.edu/Xposome/?page=HEPG2&tab=chemical_explorer&chemical_id=121-14-2&stat=gene_expression,75,342.0,40.0,uM,WT,Human Hepg2 cell lines
HepG2,121-14-2,https://montilab.bu.edu/Xposome/?page=HEPG2&tab=chemical_explorer&chemical_id=121-14-2&stat=gene_expression,54,342.0,5.0,uM,WT,Human Hepg2 cell lines
HepG2,121-75-5,https://montilab.bu.edu/Xposome/?page=HEPG2&tab=chemical_explorer&chemical_id=121-75-5&stat=gene_expression,61,2104.0,0.625,uM,WT,Human Hepg2 cell lines
HepG2,121-75-5,https://montilab.bu.edu/Xposome/?page=HEPG2&tab=chemical_explorer&chemical_id=121-75-5&stat=gene_expression,121,2104.0,1.25,uM,WT,Human Hepg2 cell lines
HepG2,121-75-5,https://montilab.bu.edu/Xposome/?page=HEPG2&tab=chemical_explorer&chemical_id=121-75-5&stat=gene_expression,167,2104.0,10.0,uM,WT,Human Hepg2 cell lines
HepG2,121-75-5,https://montilab.bu.edu/Xposome/?page=HEPG2&tab=chemical_explorer&chemical_id=121-75-5&stat=gene_expression,62,2104.0,2.5,uM,WT,Human Hepg2 cell lines
HepG2,121-75-5,https://montilab.bu.edu/Xposome/?page=HEPG2&tab=chemical_explorer&chemical_id=121-75-5&stat=gene_expression,69,2104.0,20.0,uM,WT,Human Hepg2 cell lines
HepG2,121-75-5,https://montilab.bu.edu/Xposome/?page=HEPG2&tab=chemical_explorer&chemical_id=121-75-5&stat=gene_expression,682,2104.0,5.0,uM,WT,Human Hepg2 cell lines
HepG2,121-79-9,https://montilab.bu.edu/Xposome/?page=HEPG2&tab=chemical_explorer&chemical_id=121-79-9&stat=gene_expression,100,2723.0,1.25,uM,WT,Human Hepg2 cell lines
HepG2,121-79-9,https://montilab.bu.edu/Xposome/?page=HEPG2&tab=chemical_explorer&chemical_id=121-79-9&stat=gene_expression,107,2723.0,10.0,uM,WT,Human Hepg2 cell lines
HepG2,121-79-9,https://montilab.bu.edu/Xposome/?page=HEPG2&tab=chemical_explorer&chemical_id=121-79-9&stat=gene_expression,54,2723.0,2.5,uM,WT,Human Hepg2 cell lines
HepG2,121-79-9,https://montilab.bu.edu/Xposome/?page=HEPG2&tab=chemical_explorer&chemical_id=121-79-9&stat=gene_expression,133,2723.0,20.0,uM,WT,Human Hepg2 cell lines
HepG2,121-79-9,https://montilab.bu.edu/Xposome/?page=HEPG2&tab=chemical_explorer&chemical_id=121-79-9&stat=gene_expression,165,2723.0,40.0,uM,WT,Human Hepg2 cell lines
HepG2,121-79-9,https://montilab.bu.edu/Xposome/?page=HEPG2&tab=chemical_explorer&chemical_id=121-79-9&stat=gene_expression,83,2723.0,5.0,uM,WT,Human Hepg2 cell lines
HepG2,122-66-7,https://montilab.bu.edu/Xposome/?page=HEPG2&tab=chemical_explorer&chemical_id=122-66-7&stat=gene_expression,81,176.0,1.25,uM,WT,Human Hepg2 cell lines
HepG2,122-66-7,https://montilab.bu.edu/Xposome/?page=HEPG2&tab=chemical_explorer&chemical_id=122-66-7&stat=gene_expression,47,176.0,10.0,uM,WT,Human Hepg2 cell lines
HepG2,122-66-7,https://montilab.bu.edu/Xposome/?page=HEPG2&tab=chemical_explorer&chemical_id=122-66-7&stat=gene_expression,59,176.0,2.5,uM,WT,Human Hepg2 cell lines
HepG2,122-66-7,https://montilab.bu.edu/Xposome/?page=HEPG2&tab=chemical_explorer&chemical_id=122-66-7&stat=gene_expression,41,176.0,20.0,uM,WT,Human Hepg2 cell lines
HepG2,122-66-7,https://montilab.bu.edu/Xposome/?page=HEPG2&tab=chemical_explorer&chemical_id=122-66-7&stat=gene_expression,54,176.0,40.0,uM,WT,Human Hepg2 cell lines
HepG2,122-66-7,https://montilab.bu.edu/Xposome/?page=HEPG2&tab=chemical_explorer&chemical_id=122-66-7&stat=gene_expression,43,176.0,5.0,uM,WT,Human Hepg2 cell lines
HepG2,123-33-1,https://montilab.bu.edu/Xposome/?page=HEPG2&tab=chemical_explorer&chemical_id=123-33-1&stat=gene_expression,53,2105.0,1.25,uM,WT,Human Hepg2 cell lines
HepG2,123-33-1,https://montilab.bu.edu/Xposome/?page=HEPG2&tab=chemical_explorer&chemical_id=123-33-1&stat=gene_expression,51,2105.0,10.0,uM,WT,Human Hepg2 cell lines
HepG2,123-33-1,https://montilab.bu.edu/Xposome/?page=HEPG2&tab=chemical_explorer&chemical_id=123-33-1&stat=gene_expression,163,2105.0,2.5,uM,WT,Human Hepg2 cell lines
HepG2,123-33-1,https://montilab.bu.edu/Xposome/?page=HEPG2&tab=chemical_explorer&chemical_id=123-33-1&stat=gene_expression,37,2105.0,20.0,uM,WT,Human Hepg2 cell lines
HepG2,123-33-1,https://montilab.bu.edu/Xposome/?page=HEPG2&tab=chemical_explorer&chemical_id=123-33-1&stat=gene_expression,90,2105.0,40.0,uM,WT,Human Hepg2 cell lines
HepG2,123-33-1,https://montilab.bu.edu/Xposome/?page=HEPG2&tab=chemical_explorer&chemical_id=123-33-1&stat=gene_expression,46,2105.0,5.0,uM,WT,Human Hepg2 cell lines
HepG2,124-64-1,https://montilab.bu.edu/Xposome/?page=HEPG2&tab=chemical_explorer&chemical_id=124-64-1&stat=gene_expression,56,3004.0,1.25,uM,WT,Human Hepg2 cell lines
HepG2,124-64-1,https://montilab.bu.edu/Xposome/?page=HEPG2&tab=chemical_explorer&chemical_id=124-64-1&stat=gene_expression,52,3004.0,10.0,uM,WT,Human Hepg2 cell lines
HepG2,124-64-1,https://montilab.bu.edu/Xposome/?page=HEPG2&tab=chemical_explorer&chemical_id=124-64-1&stat=gene_expression,41,3004.0,2.5,uM,WT,Human Hepg2 cell lines
HepG2,124-64-1,https://montilab.bu.edu/Xposome/?page=HEPG2&tab=chemical_explorer&chemical_id=124-64-1&stat=gene_expression,67,3004.0,20.0,uM,WT,Human Hepg2 cell lines
HepG2,124-64-1,https://montilab.bu.edu/Xposome/?page=HEPG2&tab=chemical_explorer&chemical_id=124-64-1&stat=gene_expression,119,3004.0,40.0,uM,WT,Human Hepg2 cell lines
HepG2,124-64-1,https://montilab.bu.edu/Xposome/?page=HEPG2&tab=chemical_explorer&chemical_id=124-64-1&stat=gene_expression,51,3004.0,5.0,uM,WT,Human Hepg2 cell lines
HepG2,124495-18-7,https://montilab.bu.edu/Xposome/?page=HEPG2&tab=chemical_explorer&chemical_id=124495-18-7&stat=gene_expression,46,2752.0,0.625,uM,WT,Human Hepg2 cell lines
HepG2,124495-18-7,https://montilab.bu.edu/Xposome/?page=HEPG2&tab=chemical_explorer&chemical_id=124495-18-7&stat=gene_expression,52,2752.0,1.25,uM,WT,Human Hepg2 cell lines
HepG2,124495-18-7,https://montilab.bu.edu/Xposome/?page=HEPG2&tab=chemical_explorer&chemical_id=124495-18-7&stat=gene_expression,70,2752.0,10.0,uM,WT,Human Hepg2 cell lines
HepG2,124495-18-7,https://montilab.bu.edu/Xposome/?page=HEPG2&tab=chemical_explorer&chemical_id=124495-18-7&stat=gene_expression,59,2752.0,2.5,uM,WT,Human Hepg2 cell lines
HepG2,124495-18-7,https://montilab.bu.edu/Xposome/?page=HEPG2&tab=chemical_explorer&chemical_id=124495-18-7&stat=gene_expression,162,2752.0,20.0,uM,WT,Human Hepg2 cell lines
HepG2,124495-18-7,https://montilab.bu.edu/Xposome/?page=HEPG2&tab=chemical_explorer&chemical_id=124495-18-7&stat=gene_expression,72,2752.0,5.0,uM,WT,Human Hepg2 cell lines
HepG2,126-73-8,https://montilab.bu.edu/Xposome/?page=HEPG2&tab=chemical_explorer&chemical_id=126-73-8&stat=gene_expression,60,3102.0,1.25,uM,WT,Human Hepg2 cell lines
HepG2,126-73-8,https://montilab.bu.edu/Xposome/?page=HEPG2&tab=chemical_explorer&chemical_id=126-73-8&stat=gene_expression,71,3102.0,10.0,uM,WT,Human Hepg2 cell lines
HepG2,126-73-8,https://montilab.bu.edu/Xposome/?page=HEPG2&tab=chemical_explorer&chemical_id=126-73-8&stat=gene_expression,102,3102.0,2.5,uM,WT,Human Hepg2 cell lines
HepG2,126-73-8,https://montilab.bu.edu/Xposome/?page=HEPG2&tab=chemical_explorer&chemical_id=126-73-8&stat=gene_expression,45,3102.0,20.0,uM,WT,Human Hepg2 cell lines
HepG2,126-73-8,https://montilab.bu.edu/Xposome/?page=HEPG2&tab=chemical_explorer&chemical_id=126-73-8&stat=gene_expression,79,3102.0,40.0,uM,WT,Human Hepg2 cell lines
HepG2,126-73-8,https://montilab.bu.edu/Xposome/?page=HEPG2&tab=chemical_explorer&chemical_id=126-73-8&stat=gene_expression,54,3102.0,5.0,uM,WT,Human Hepg2 cell lines
HepG2,131-17-9,https://montilab.bu.edu/Xposome/?page=HEPG2&tab=chemical_explorer&chemical_id=131-17-9&stat=gene_expression,39,1606.0,1.25,uM,WT,Human Hepg2 cell lines
HepG2,131-17-9,https://montilab.bu.edu/Xposome/?page=HEPG2&tab=chemical_explorer&chemical_id=131-17-9&stat=gene_expression,69,1606.0,10.0,uM,WT,Human Hepg2 cell lines
HepG2,131-17-9,https://montilab.bu.edu/Xposome/?page=HEPG2&tab=chemical_explorer&chemical_id=131-17-9&stat=gene_expression,32,1606.0,2.5,uM,WT,Human Hepg2 cell lines
HepG2,131-17-9,https://montilab.bu.edu/Xposome/?page=HEPG2&tab=chemical_explorer&chemical_id=131-17-9&stat=gene_expression,71,1606.0,20.0,uM,WT,Human Hepg2 cell lines
HepG2,131-17-9,https://montilab.bu.edu/Xposome/?page=HEPG2&tab=chemical_explorer&chemical_id=131-17-9&stat=gene_expression,54,1606.0,40.0,uM,WT,Human Hepg2 cell lines
HepG2,131-17-9,https://montilab.bu.edu/Xposome/?page=HEPG2&tab=chemical_explorer&chemical_id=131-17-9&stat=gene_expression,48,1606.0,5.0,uM,WT,Human Hepg2 cell lines
HepG2,1330-78-5,https://montilab.bu.edu/Xposome/?page=HEPG2&tab=chemical_explorer&chemical_id=1330-78-5&stat=gene_expression,113,3114.0,1.25,uM,WT,Human Hepg2 cell lines
HepG2,1330-78-5,https://montilab.bu.edu/Xposome/?page=HEPG2&tab=chemical_explorer&chemical_id=1330-78-5&stat=gene_expression,992,3114.0,10.0,uM,WT,Human Hepg2 cell lines
HepG2,1330-78-5,https://montilab.bu.edu/Xposome/?page=HEPG2&tab=chemical_explorer&chemical_id=1330-78-5&stat=gene_expression,461,3114.0,2.5,uM,WT,Human Hepg2 cell lines
HepG2,1330-78-5,https://montilab.bu.edu/Xposome/?page=HEPG2&tab=chemical_explorer&chemical_id=1330-78-5&stat=gene_expression,485,3114.0,20.0,uM,WT,Human Hepg2 cell lines
HepG2,1330-78-5,https://montilab.bu.edu/Xposome/?page=HEPG2&tab=chemical_explorer&chemical_id=1330-78-5&stat=gene_expression,117,3114.0,40.0,uM,WT,Human Hepg2 cell lines
HepG2,1330-78-5,https://montilab.bu.edu/Xposome/?page=HEPG2&tab=chemical_explorer&chemical_id=1330-78-5&stat=gene_expression,59,3114.0,5.0,uM,WT,Human Hepg2 cell lines
HepG2,134-62-3,https://montilab.bu.edu/Xposome/?page=HEPG2&tab=chemical_explorer&chemical_id=134-62-3&stat=gene_expression,83,2406.0,1.25,uM,WT,Human Hepg2 cell lines
HepG2,134-62-3,https://montilab.bu.edu/Xposome/?page=HEPG2&tab=chemical_explorer&chemical_id=134-62-3&stat=gene_expression,65,2406.0,10.0,uM,WT,Human Hepg2 cell lines
HepG2,134-62-3,https://montilab.bu.edu/Xposome/?page=HEPG2&tab=chemical_explorer&chemical_id=134-62-3&stat=gene_expression,76,2406.0,2.5,uM,WT,Human Hepg2 cell lines
HepG2,134-62-3,https://montilab.bu.edu/Xposome/?page=HEPG2&tab=chemical_explorer&chemical_id=134-62-3&stat=gene_expression,76,2406.0,20.0,uM,WT,Human Hepg2 cell lines
HepG2,134-62-3,https://montilab.bu.edu/Xposome/?page=HEPG2&tab=chemical_explorer&chemical_id=134-62-3&stat=gene_expression,108,2406.0,40.0,uM,WT,Human Hepg2 cell lines
HepG2,134-62-3,https://montilab.bu.edu/Xposome/?page=HEPG2&tab=chemical_explorer&chemical_id=134-62-3&stat=gene_expression,36,2406.0,5.0,uM,WT,Human Hepg2 cell lines
HepG2,135-88-6,https://montilab.bu.edu/Xposome/?page=HEPG2&tab=chemical_explorer&chemical_id=135-88-6&stat=gene_expression,49,10476.0,1.25,uM,WT,Human Hepg2 cell lines
HepG2,135-88-6,https://montilab.bu.edu/Xposome/?page=HEPG2&tab=chemical_explorer&chemical_id=135-88-6&stat=gene_expression,57,10476.0,10.0,uM,WT,Human Hepg2 cell lines
HepG2,135-88-6,https://montilab.bu.edu/Xposome/?page=HEPG2&tab=chemical_explorer&chemical_id=135-88-6&stat=gene_expression,76,10476.0,2.5,uM,WT,Human Hepg2 cell lines
HepG2,135-88-6,https://montilab.bu.edu/Xposome/?page=HEPG2&tab=chemical_explorer&chemical_id=135-88-6&stat=gene_expression,69,10476.0,20.0,uM,WT,Human Hepg2 cell lines
HepG2,135-88-6,https://montilab.bu.edu/Xposome/?page=HEPG2&tab=chemical_explorer&chemical_id=135-88-6&stat=gene_expression,217,10476.0,40.0,uM,WT,Human Hepg2 cell lines
HepG2,135-88-6,https://montilab.bu.edu/Xposome/?page=HEPG2&tab=chemical_explorer&chemical_id=135-88-6&stat=gene_expression,83,10476.0,5.0,uM,WT,Human Hepg2 cell lines
HepG2,136-77-6,https://montilab.bu.edu/Xposome/?page=HEPG2&tab=chemical_explorer&chemical_id=136-77-6&stat=gene_expression,91,599.0,1.25,uM,WT,Human Hepg2 cell lines
HepG2,136-77-6,https://montilab.bu.edu/Xposome/?page=HEPG2&tab=chemical_explorer&chemical_id=136-77-6&stat=gene_expression,44,599.0,10.0,uM,WT,Human Hepg2 cell lines
HepG2,136-77-6,https://montilab.bu.edu/Xposome/?page=HEPG2&tab=chemical_explorer&chemical_id=136-77-6&stat=gene_expression,718,599.0,2.5,uM,WT,Human Hepg2 cell lines
HepG2,136-77-6,https://montilab.bu.edu/Xposome/?page=HEPG2&tab=chemical_explorer&chemical_id=136-77-6&stat=gene_expression,164,599.0,20.0,uM,WT,Human Hepg2 cell lines
HepG2,136-77-6,https://montilab.bu.edu/Xposome/?page=HEPG2&tab=chemical_explorer&chemical_id=136-77-6&stat=gene_expression,587,599.0,40.0,uM,WT,Human Hepg2 cell lines
HepG2,136-77-6,https://montilab.bu.edu/Xposome/?page=HEPG2&tab=chemical_explorer&chemical_id=136-77-6&stat=gene_expression,41,599.0,5.0,uM,WT,Human Hepg2 cell lines
HepG2,13674-84-5,https://montilab.bu.edu/Xposome/?page=HEPG2&tab=chemical_explorer&chemical_id=13674-84-5&stat=gene_expression,41,3147.0,1.25,uM,WT,Human Hepg2 cell lines
HepG2,13674-84-5,https://montilab.bu.edu/Xposome/?page=HEPG2&tab=chemical_explorer&chemical_id=13674-84-5&stat=gene_expression,46,3147.0,10.0,uM,WT,Human Hepg2 cell lines
HepG2,13674-84-5,https://montilab.bu.edu/Xposome/?page=HEPG2&tab=chemical_explorer&chemical_id=13674-84-5&stat=gene_expression,29,3147.0,2.5,uM,WT,Human Hepg2 cell lines
HepG2,13674-84-5,https://montilab.bu.edu/Xposome/?page=HEPG2&tab=chemical_explorer&chemical_id=13674-84-5&stat=gene_expression,50,3147.0,20.0,uM,WT,Human Hepg2 cell lines
HepG2,13674-84-5,https://montilab.bu.edu/Xposome/?page=HEPG2&tab=chemical_explorer&chemical_id=13674-84-5&stat=gene_expression,56,3147.0,40.0,uM,WT,Human Hepg2 cell lines
HepG2,13674-84-5,https://montilab.bu.edu/Xposome/?page=HEPG2&tab=chemical_explorer&chemical_id=13674-84-5&stat=gene_expression,82,3147.0,5.0,uM,WT,Human Hepg2 cell lines
HepG2,13674-87-8,https://montilab.bu.edu/Xposome/?page=HEPG2&tab=chemical_explorer&chemical_id=13674-87-8&stat=gene_expression,50,3144.0,1.25,uM,WT,Human Hepg2 cell lines
HepG2,13674-87-8,https://montilab.bu.edu/Xposome/?page=HEPG2&tab=chemical_explorer&chemical_id=13674-87-8&stat=gene_expression,50,3143.0,1.25,uM,WT,Human Hepg2 cell lines
HepG2,13674-87-8,https://montilab.bu.edu/Xposome/?page=HEPG2&tab=chemical_explorer&chemical_id=13674-87-8&stat=gene_expression,82,3144.0,10.0,uM,WT,Human Hepg2 cell lines
HepG2,13674-87-8,https://montilab.bu.edu/Xposome/?page=HEPG2&tab=chemical_explorer&chemical_id=13674-87-8&stat=gene_expression,82,3143.0,10.0,uM,WT,Human Hepg2 cell lines
HepG2,13674-87-8,https://montilab.bu.edu/Xposome/?page=HEPG2&tab=chemical_explorer&chemical_id=13674-87-8&stat=gene_expression,56,3144.0,2.5,uM,WT,Human Hepg2 cell lines
HepG2,13674-87-8,https://montilab.bu.edu/Xposome/?page=HEPG2&tab=chemical_explorer&chemical_id=13674-87-8&stat=gene_expression,56,3143.0,2.5,uM,WT,Human Hepg2 cell lines
HepG2,13674-87-8,https://montilab.bu.edu/Xposome/?page=HEPG2&tab=chemical_explorer&chemical_id=13674-87-8&stat=gene_expression,61,3144.0,20.0,uM,WT,Human Hepg2 cell lines
HepG2,13674-87-8,https://montilab.bu.edu/Xposome/?page=HEPG2&tab=chemical_explorer&chemical_id=13674-87-8&stat=gene_expression,61,3143.0,20.0,uM,WT,Human Hepg2 cell lines
HepG2,13674-87-8,https://montilab.bu.edu/Xposome/?page=HEPG2&tab=chemical_explorer&chemical_id=13674-87-8&stat=gene_expression,64,3144.0,40.0,uM,WT,Human Hepg2 cell lines
HepG2,13674-87-8,https://montilab.bu.edu/Xposome/?page=HEPG2&tab=chemical_explorer&chemical_id=13674-87-8&stat=gene_expression,64,3143.0,40.0,uM,WT,Human Hepg2 cell lines
HepG2,13674-87-8,https://montilab.bu.edu/Xposome/?page=HEPG2&tab=chemical_explorer&chemical_id=13674-87-8&stat=gene_expression,38,3144.0,5.0,uM,WT,Human Hepg2 cell lines
HepG2,13674-87-8,https://montilab.bu.edu/Xposome/?page=HEPG2&tab=chemical_explorer&chemical_id=13674-87-8&stat=gene_expression,38,3143.0,5.0,uM,WT,Human Hepg2 cell lines
HepG2,137-17-7,https://montilab.bu.edu/Xposome/?page=HEPG2&tab=chemical_explorer&chemical_id=137-17-7&stat=gene_expression,84,10030.0,0.625,uM,WT,Human Hepg2 cell lines
HepG2,137-17-7,https://montilab.bu.edu/Xposome/?page=HEPG2&tab=chemical_explorer&chemical_id=137-17-7&stat=gene_expression,86,10030.0,1.25,uM,WT,Human Hepg2 cell lines
HepG2,137-17-7,https://montilab.bu.edu/Xposome/?page=HEPG2&tab=chemical_explorer&chemical_id=137-17-7&stat=gene_expression,136,10030.0,10.0,uM,WT,Human Hepg2 cell lines
HepG2,137-17-7,https://montilab.bu.edu/Xposome/?page=HEPG2&tab=chemical_explorer&chemical_id=137-17-7&stat=gene_expression,100,10030.0,2.5,uM,WT,Human Hepg2 cell lines
HepG2,137-17-7,https://montilab.bu.edu/Xposome/?page=HEPG2&tab=chemical_explorer&chemical_id=137-17-7&stat=gene_expression,120,10030.0,20.0,uM,WT,Human Hepg2 cell lines
HepG2,137-17-7,https://montilab.bu.edu/Xposome/?page=HEPG2&tab=chemical_explorer&chemical_id=137-17-7&stat=gene_expression,59,10030.0,5.0,uM,WT,Human Hepg2 cell lines
HepG2,137-26-8,https://montilab.bu.edu/Xposome/?page=HEPG2&tab=chemical_explorer&chemical_id=137-26-8&stat=gene_expression,51,3022.0,1.25,uM,WT,Human Hepg2 cell lines
HepG2,137-26-8,https://montilab.bu.edu/Xposome/?page=HEPG2&tab=chemical_explorer&chemical_id=137-26-8&stat=gene_expression,89,3022.0,10.0,uM,WT,Human Hepg2 cell lines
HepG2,137-26-8,https://montilab.bu.edu/Xposome/?page=HEPG2&tab=chemical_explorer&chemical_id=137-26-8&stat=gene_expression,86,3022.0,2.5,uM,WT,Human Hepg2 cell lines
HepG2,137-26-8,https://montilab.bu.edu/Xposome/?page=HEPG2&tab=chemical_explorer&chemical_id=137-26-8&stat=gene_expression,128,3022.0,20.0,uM,WT,Human Hepg2 cell lines
HepG2,137-26-8,https://montilab.bu.edu/Xposome/?page=HEPG2&tab=chemical_explorer&chemical_id=137-26-8&stat=gene_expression,614,3022.0,40.0,uM,WT,Human Hepg2 cell lines
HepG2,137-26-8,https://montilab.bu.edu/Xposome/?page=HEPG2&tab=chemical_explorer&chemical_id=137-26-8&stat=gene_expression,59,3022.0,5.0,uM,WT,Human Hepg2 cell lines
HepG2,140-56-7,https://montilab.bu.edu/Xposome/?page=HEPG2&tab=chemical_explorer&chemical_id=140-56-7&stat=gene_expression,29,1816.0,0.625,uM,WT,Human Hepg2 cell lines
HepG2,140-56-7,https://montilab.bu.edu/Xposome/?page=HEPG2&tab=chemical_explorer&chemical_id=140-56-7&stat=gene_expression,64,1816.0,1.25,uM,WT,Human Hepg2 cell lines
HepG2,140-56-7,https://montilab.bu.edu/Xposome/?page=HEPG2&tab=chemical_explorer&chemical_id=140-56-7&stat=gene_expression,96,1816.0,10.0,uM,WT,Human Hepg2 cell lines
HepG2,140-56-7,https://montilab.bu.edu/Xposome/?page=HEPG2&tab=chemical_explorer&chemical_id=140-56-7&stat=gene_expression,68,1816.0,2.5,uM,WT,Human Hepg2 cell lines
HepG2,140-56-7,https://montilab.bu.edu/Xposome/?page=HEPG2&tab=chemical_explorer&chemical_id=140-56-7&stat=gene_expression,76,1816.0,20.0,uM,WT,Human Hepg2 cell lines
HepG2,140-56-7,https://montilab.bu.edu/Xposome/?page=HEPG2&tab=chemical_explorer&chemical_id=140-56-7&stat=gene_expression,67,1816.0,5.0,uM,WT,Human Hepg2 cell lines
HepG2,140-57-8,https://montilab.bu.edu/Xposome/?page=HEPG2&tab=chemical_explorer&chemical_id=140-57-8&stat=gene_expression,63,10044.0,0.0001875,uM,WT,Human Hepg2 cell lines
HepG2,140-57-8,https://montilab.bu.edu/Xposome/?page=HEPG2&tab=chemical_explorer&chemical_id=140-57-8&stat=gene_expression,64,10044.0,0.000375,uM,WT,Human Hepg2 cell lines
HepG2,140-57-8,https://montilab.bu.edu/Xposome/?page=HEPG2&tab=chemical_explorer&chemical_id=140-57-8&stat=gene_expression,56,10044.0,0.000749999,uM,WT,Human Hepg2 cell lines
HepG2,140-57-8,https://montilab.bu.edu/Xposome/?page=HEPG2&tab=chemical_explorer&chemical_id=140-57-8&stat=gene_expression,39,10044.0,0.0015,uM,WT,Human Hepg2 cell lines
HepG2,140-57-8,https://montilab.bu.edu/Xposome/?page=HEPG2&tab=chemical_explorer&chemical_id=140-57-8&stat=gene_expression,43,10044.0,0.003,uM,WT,Human Hepg2 cell lines
HepG2,140-57-8,https://montilab.bu.edu/Xposome/?page=HEPG2&tab=chemical_explorer&chemical_id=140-57-8&stat=gene_expression,56,10044.0,0.006,uM,WT,Human Hepg2 cell lines
HepG2,143-50-0,https://montilab.bu.edu/Xposome/?page=HEPG2&tab=chemical_explorer&chemical_id=143-50-0&stat=gene_expression,39,2058.0,1.25,uM,WT,Human Hepg2 cell lines
HepG2,143-50-0,https://montilab.bu.edu/Xposome/?page=HEPG2&tab=chemical_explorer&chemical_id=143-50-0&stat=gene_expression,85,2058.0,10.0,uM,WT,Human Hepg2 cell lines
HepG2,143-50-0,https://montilab.bu.edu/Xposome/?page=HEPG2&tab=chemical_explorer&chemical_id=143-50-0&stat=gene_expression,112,2058.0,2.5,uM,WT,Human Hepg2 cell lines
HepG2,143-50-0,https://montilab.bu.edu/Xposome/?page=HEPG2&tab=chemical_explorer&chemical_id=143-50-0&stat=gene_expression,1452,2058.0,20.0,uM,WT,Human Hepg2 cell lines
HepG2,143-50-0,https://montilab.bu.edu/Xposome/?page=HEPG2&tab=chemical_explorer&chemical_id=143-50-0&stat=gene_expression,1550,2058.0,40.0,uM,WT,Human Hepg2 cell lines
HepG2,143-50-0,https://montilab.bu.edu/Xposome/?page=HEPG2&tab=chemical_explorer&chemical_id=143-50-0&stat=gene_expression,81,2058.0,5.0,uM,WT,Human Hepg2 cell lines
HepG2,147-24-0,https://montilab.bu.edu/Xposome/?page=HEPG2&tab=chemical_explorer&chemical_id=147-24-0&stat=gene_expression,78,1689.0,1.25,uM,WT,Human Hepg2 cell lines
HepG2,147-24-0,https://montilab.bu.edu/Xposome/?page=HEPG2&tab=chemical_explorer&chemical_id=147-24-0&stat=gene_expression,44,1689.0,10.0,uM,WT,Human Hepg2 cell lines
HepG2,147-24-0,https://montilab.bu.edu/Xposome/?page=HEPG2&tab=chemical_explorer&chemical_id=147-24-0&stat=gene_expression,45,1689.0,2.5,uM,WT,Human Hepg2 cell lines
HepG2,147-24-0,https://montilab.bu.edu/Xposome/?page=HEPG2&tab=chemical_explorer&chemical_id=147-24-0&stat=gene_expression,53,1689.0,20.0,uM,WT,Human Hepg2 cell lines
HepG2,147-24-0,https://montilab.bu.edu/Xposome/?page=HEPG2&tab=chemical_explorer&chemical_id=147-24-0&stat=gene_expression,62,1689.0,40.0,uM,WT,Human Hepg2 cell lines
HepG2,147-24-0,https://montilab.bu.edu/Xposome/?page=HEPG2&tab=chemical_explorer&chemical_id=147-24-0&stat=gene_expression,43,1689.0,5.0,uM,WT,Human Hepg2 cell lines
HepG2,148-24-3,https://montilab.bu.edu/Xposome/?page=HEPG2&tab=chemical_explorer&chemical_id=148-24-3&stat=gene_expression,79,740.0,1.25,uM,WT,Human Hepg2 cell lines
HepG2,148-24-3,https://montilab.bu.edu/Xposome/?page=HEPG2&tab=chemical_explorer&chemical_id=148-24-3&stat=gene_expression,140,740.0,10.0,uM,WT,Human Hepg2 cell lines
HepG2,148-24-3,https://montilab.bu.edu/Xposome/?page=HEPG2&tab=chemical_explorer&chemical_id=148-24-3&stat=gene_expression,51,740.0,2.5,uM,WT,Human Hepg2 cell lines
HepG2,148-24-3,https://montilab.bu.edu/Xposome/?page=HEPG2&tab=chemical_explorer&chemical_id=148-24-3&stat=gene_expression,380,740.0,20.0,uM,WT,Human Hepg2 cell lines
HepG2,148-24-3,https://montilab.bu.edu/Xposome/?page=HEPG2&tab=chemical_explorer&chemical_id=148-24-3&stat=gene_expression,339,740.0,40.0,uM,WT,Human Hepg2 cell lines
HepG2,148-24-3,https://montilab.bu.edu/Xposome/?page=HEPG2&tab=chemical_explorer&chemical_id=148-24-3&stat=gene_expression,55,740.0,5.0,uM,WT,Human Hepg2 cell lines
HepG2,148-79-8,https://montilab.bu.edu/Xposome/?page=HEPG2&tab=chemical_explorer&chemical_id=148-79-8&stat=gene_expression,58,3012.0,1.25,uM,WT,Human Hepg2 cell lines
HepG2,148-79-8,https://montilab.bu.edu/Xposome/?page=HEPG2&tab=chemical_explorer&chemical_id=148-79-8&stat=gene_expression,80,3012.0,10.0,uM,WT,Human Hepg2 cell lines
HepG2,148-79-8,https://montilab.bu.edu/Xposome/?page=HEPG2&tab=chemical_explorer&chemical_id=148-79-8&stat=gene_expression,77,3012.0,2.5,uM,WT,Human Hepg2 cell lines
HepG2,148-79-8,https://montilab.bu.edu/Xposome/?page=HEPG2&tab=chemical_explorer&chemical_id=148-79-8&stat=gene_expression,163,3012.0,20.0,uM,WT,Human Hepg2 cell lines
HepG2,148-79-8,https://montilab.bu.edu/Xposome/?page=HEPG2&tab=chemical_explorer&chemical_id=148-79-8&stat=gene_expression,86,3012.0,40.0,uM,WT,Human Hepg2 cell lines
HepG2,148-79-8,https://montilab.bu.edu/Xposome/?page=HEPG2&tab=chemical_explorer&chemical_id=148-79-8&stat=gene_expression,44,3012.0,5.0,uM,WT,Human Hepg2 cell lines
HepG2,150-68-5,https://montilab.bu.edu/Xposome/?page=HEPG2&tab=chemical_explorer&chemical_id=150-68-5&stat=gene_expression,54,2191.0,1.25,uM,WT,Human Hepg2 cell lines
HepG2,150-68-5,https://montilab.bu.edu/Xposome/?page=HEPG2&tab=chemical_explorer&chemical_id=150-68-5&stat=gene_expression,52,2191.0,10.0,uM,WT,Human Hepg2 cell lines
HepG2,150-68-5,https://montilab.bu.edu/Xposome/?page=HEPG2&tab=chemical_explorer&chemical_id=150-68-5&stat=gene_expression,120,2191.0,2.5,uM,WT,Human Hepg2 cell lines
HepG2,150-68-5,https://montilab.bu.edu/Xposome/?page=HEPG2&tab=chemical_explorer&chemical_id=150-68-5&stat=gene_expression,219,2191.0,20.0,uM,WT,Human Hepg2 cell lines
HepG2,150-68-5,https://montilab.bu.edu/Xposome/?page=HEPG2&tab=chemical_explorer&chemical_id=150-68-5&stat=gene_expression,646,2191.0,40.0,uM,WT,Human Hepg2 cell lines
HepG2,150-68-5,https://montilab.bu.edu/Xposome/?page=HEPG2&tab=chemical_explorer&chemical_id=150-68-5&stat=gene_expression,116,2191.0,5.0,uM,WT,Human Hepg2 cell lines
HepG2,1634-78-2,https://montilab.bu.edu/Xposome/?page=HEPG2&tab=chemical_explorer&chemical_id=1634-78-2&stat=gene_expression,63,2103.0,0.625,uM,WT,Human Hepg2 cell lines
HepG2,1634-78-2,https://montilab.bu.edu/Xposome/?page=HEPG2&tab=chemical_explorer&chemical_id=1634-78-2&stat=gene_expression,45,2103.0,1.25,uM,WT,Human Hepg2 cell lines
HepG2,1634-78-2,https://montilab.bu.edu/Xposome/?page=HEPG2&tab=chemical_explorer&chemical_id=1634-78-2&stat=gene_expression,48,2103.0,10.0,uM,WT,Human Hepg2 cell lines
HepG2,1634-78-2,https://montilab.bu.edu/Xposome/?page=HEPG2&tab=chemical_explorer&chemical_id=1634-78-2&stat=gene_expression,70,2103.0,2.5,uM,WT,Human Hepg2 cell lines
HepG2,1634-78-2,https://montilab.bu.edu/Xposome/?page=HEPG2&tab=chemical_explorer&chemical_id=1634-78-2&stat=gene_expression,92,2103.0,20.0,uM,WT,Human Hepg2 cell lines
HepG2,1634-78-2,https://montilab.bu.edu/Xposome/?page=HEPG2&tab=chemical_explorer&chemical_id=1634-78-2&stat=gene_expression,62,2103.0,5.0,uM,WT,Human Hepg2 cell lines
HepG2,1746-01-6,https://montilab.bu.edu/Xposome/?page=HEPG2&tab=chemical_explorer&chemical_id=1746-01-6&stat=gene_expression,151,283.0,0.00156,uM,WT,Human Hepg2 cell lines
HepG2,1746-01-6,https://montilab.bu.edu/Xposome/?page=HEPG2&tab=chemical_explorer&chemical_id=1746-01-6&stat=gene_expression,192,283.0,0.00313,uM,WT,Human Hepg2 cell lines
HepG2,1746-01-6,https://montilab.bu.edu/Xposome/?page=HEPG2&tab=chemical_explorer&chemical_id=1746-01-6&stat=gene_expression,169,283.0,0.00625,uM,WT,Human Hepg2 cell lines
HepG2,1746-01-6,https://montilab.bu.edu/Xposome/?page=HEPG2&tab=chemical_explorer&chemical_id=1746-01-6&stat=gene_expression,183,283.0,0.0125,uM,WT,Human Hepg2 cell lines
HepG2,1746-01-6,https://montilab.bu.edu/Xposome/?page=HEPG2&tab=chemical_explorer&chemical_id=1746-01-6&stat=gene_expression,239,283.0,0.025,uM,WT,Human Hepg2 cell lines
HepG2,1746-01-6,https://montilab.bu.edu/Xposome/?page=HEPG2&tab=chemical_explorer&chemical_id=1746-01-6&stat=gene_expression,191,283.0,0.05,uM,WT,Human Hepg2 cell lines
HepG2,1934-21-0,https://montilab.bu.edu/Xposome/?page=HEPG2&tab=chemical_explorer&chemical_id=1934-21-0&stat=gene_expression,57,1808.0,0.625,uM,WT,Human Hepg2 cell lines
HepG2,1934-21-0,https://montilab.bu.edu/Xposome/?page=HEPG2&tab=chemical_explorer&chemical_id=1934-21-0&stat=gene_expression,95,1808.0,1.25,uM,WT,Human Hepg2 cell lines
HepG2,1934-21-0,https://montilab.bu.edu/Xposome/?page=HEPG2&tab=chemical_explorer&chemical_id=1934-21-0&stat=gene_expression,46,1808.0,10.0,uM,WT,Human Hepg2 cell lines
HepG2,1934-21-0,https://montilab.bu.edu/Xposome/?page=HEPG2&tab=chemical_explorer&chemical_id=1934-21-0&stat=gene_expression,54,1808.0,2.5,uM,WT,Human Hepg2 cell lines
HepG2,1934-21-0,https://montilab.bu.edu/Xposome/?page=HEPG2&tab=chemical_explorer&chemical_id=1934-21-0&stat=gene_expression,33,1808.0,20.0,uM,WT,Human Hepg2 cell lines
HepG2,1934-21-0,https://montilab.bu.edu/Xposome/?page=HEPG2&tab=chemical_explorer&chemical_id=1934-21-0&stat=gene_expression,113,1808.0,5.0,uM,WT,Human Hepg2 cell lines
HepG2,1948-33-0,https://montilab.bu.edu/Xposome/?page=HEPG2&tab=chemical_explorer&chemical_id=1948-33-0&stat=gene_expression,88,2989.0,1.25,uM,WT,Human Hepg2 cell lines
HepG2,1948-33-0,https://montilab.bu.edu/Xposome/?page=HEPG2&tab=chemical_explorer&chemical_id=1948-33-0&stat=gene_expression,101,2989.0,10.0,uM,WT,Human Hepg2 cell lines
HepG2,1948-33-0,https://montilab.bu.edu/Xposome/?page=HEPG2&tab=chemical_explorer&chemical_id=1948-33-0&stat=gene_expression,54,2989.0,2.5,uM,WT,Human Hepg2 cell lines
HepG2,1948-33-0,https://montilab.bu.edu/Xposome/?page=HEPG2&tab=chemical_explorer&chemical_id=1948-33-0&stat=gene_expression,116,2989.0,20.0,uM,WT,Human Hepg2 cell lines
HepG2,1948-33-0,https://montilab.bu.edu/Xposome/?page=HEPG2&tab=chemical_explorer&chemical_id=1948-33-0&stat=gene_expression,157,2989.0,40.0,uM,WT,Human Hepg2 cell lines
HepG2,1948-33-0,https://montilab.bu.edu/Xposome/?page=HEPG2&tab=chemical_explorer&chemical_id=1948-33-0&stat=gene_expression,73,2989.0,5.0,uM,WT,Human Hepg2 cell lines
HepG2,20325-40-0,https://montilab.bu.edu/Xposome/?page=HEPG2&tab=chemical_explorer&chemical_id=20325-40-0&stat=gene_expression,72,471.0,1.25,uM,WT,Human Hepg2 cell lines
HepG2,20325-40-0,https://montilab.bu.edu/Xposome/?page=HEPG2&tab=chemical_explorer&chemical_id=20325-40-0&stat=gene_expression,81,471.0,10.0,uM,WT,Human Hepg2 cell lines
HepG2,20325-40-0,https://montilab.bu.edu/Xposome/?page=HEPG2&tab=chemical_explorer&chemical_id=20325-40-0&stat=gene_expression,27,471.0,2.5,uM,WT,Human Hepg2 cell lines
HepG2,20325-40-0,https://montilab.bu.edu/Xposome/?page=HEPG2&tab=chemical_explorer&chemical_id=20325-40-0&stat=gene_expression,58,471.0,20.0,uM,WT,Human Hepg2 cell lines
HepG2,20325-40-0,https://montilab.bu.edu/Xposome/?page=HEPG2&tab=chemical_explorer&chemical_id=20325-40-0&stat=gene_expression,49,471.0,40.0,uM,WT,Human Hepg2 cell lines
HepG2,20325-40-0,https://montilab.bu.edu/Xposome/?page=HEPG2&tab=chemical_explorer&chemical_id=20325-40-0&stat=gene_expression,86,471.0,5.0,uM,WT,Human Hepg2 cell lines
HepG2,2058-46-0,https://montilab.bu.edu/Xposome/?page=HEPG2&tab=chemical_explorer&chemical_id=2058-46-0&stat=gene_expression,55,2506.0,1.25,uM,WT,Human Hepg2 cell lines
HepG2,2058-46-0,https://montilab.bu.edu/Xposome/?page=HEPG2&tab=chemical_explorer&chemical_id=2058-46-0&stat=gene_expression,91,2506.0,10.0,uM,WT,Human Hepg2 cell lines
HepG2,2058-46-0,https://montilab.bu.edu/Xposome/?page=HEPG2&tab=chemical_explorer&chemical_id=2058-46-0&stat=gene_expression,94,2506.0,2.5,uM,WT,Human Hepg2 cell lines
HepG2,2058-46-0,https://montilab.bu.edu/Xposome/?page=HEPG2&tab=chemical_explorer&chemical_id=2058-46-0&stat=gene_expression,112,2506.0,20.0,uM,WT,Human Hepg2 cell lines
HepG2,2058-46-0,https://montilab.bu.edu/Xposome/?page=HEPG2&tab=chemical_explorer&chemical_id=2058-46-0&stat=gene_expression,161,2506.0,40.0,uM,WT,Human Hepg2 cell lines
HepG2,2058-46-0,https://montilab.bu.edu/Xposome/?page=HEPG2&tab=chemical_explorer&chemical_id=2058-46-0&stat=gene_expression,49,2506.0,5.0,uM,WT,Human Hepg2 cell lines
HepG2,2164-17-2,https://montilab.bu.edu/Xposome/?page=HEPG2&tab=chemical_explorer&chemical_id=2164-17-2&stat=gene_expression,30,1853.0,0.625,uM,WT,Human Hepg2 cell lines
HepG2,2164-17-2,https://montilab.bu.edu/Xposome/?page=HEPG2&tab=chemical_explorer&chemical_id=2164-17-2&stat=gene_expression,40,1853.0,1.25,uM,WT,Human Hepg2 cell lines
HepG2,2164-17-2,https://montilab.bu.edu/Xposome/?page=HEPG2&tab=chemical_explorer&chemical_id=2164-17-2&stat=gene_expression,94,1853.0,10.0,uM,WT,Human Hepg2 cell lines
HepG2,2164-17-2,https://montilab.bu.edu/Xposome/?page=HEPG2&tab=chemical_explorer&chemical_id=2164-17-2&stat=gene_expression,43,1853.0,2.5,uM,WT,Human Hepg2 cell lines
HepG2,2164-17-2,https://montilab.bu.edu/Xposome/?page=HEPG2&tab=chemical_explorer&chemical_id=2164-17-2&stat=gene_expression,56,1853.0,20.0,uM,WT,Human Hepg2 cell lines
HepG2,2164-17-2,https://montilab.bu.edu/Xposome/?page=HEPG2&tab=chemical_explorer&chemical_id=2164-17-2&stat=gene_expression,29,1853.0,5.0,uM,WT,Human Hepg2 cell lines
HepG2,23031-36-9,https://montilab.bu.edu/Xposome/?page=HEPG2&tab=chemical_explorer&chemical_id=23031-36-9&stat=gene_expression,53,2691.0,0.625,uM,WT,Human Hepg2 cell lines
HepG2,23031-36-9,https://montilab.bu.edu/Xposome/?page=HEPG2&tab=chemical_explorer&chemical_id=23031-36-9&stat=gene_expression,67,2691.0,1.25,uM,WT,Human Hepg2 cell lines
HepG2,23031-36-9,https://montilab.bu.edu/Xposome/?page=HEPG2&tab=chemical_explorer&chemical_id=23031-36-9&stat=gene_expression,87,2691.0,10.0,uM,WT,Human Hepg2 cell lines
HepG2,23031-36-9,https://montilab.bu.edu/Xposome/?page=HEPG2&tab=chemical_explorer&chemical_id=23031-36-9&stat=gene_expression,50,2691.0,2.5,uM,WT,Human Hepg2 cell lines
HepG2,23031-36-9,https://montilab.bu.edu/Xposome/?page=HEPG2&tab=chemical_explorer&chemical_id=23031-36-9&stat=gene_expression,66,2691.0,20.0,uM,WT,Human Hepg2 cell lines
HepG2,23031-36-9,https://montilab.bu.edu/Xposome/?page=HEPG2&tab=chemical_explorer&chemical_id=23031-36-9&stat=gene_expression,60,2691.0,5.0,uM,WT,Human Hepg2 cell lines
HepG2,23135-22-0,https://montilab.bu.edu/Xposome/?page=HEPG2&tab=chemical_explorer&chemical_id=23135-22-0&stat=gene_expression,52,2496.0,0.625,uM,WT,Human Hepg2 cell lines
HepG2,23135-22-0,https://montilab.bu.edu/Xposome/?page=HEPG2&tab=chemical_explorer&chemical_id=23135-22-0&stat=gene_expression,74,2496.0,1.25,uM,WT,Human Hepg2 cell lines
HepG2,23135-22-0,https://montilab.bu.edu/Xposome/?page=HEPG2&tab=chemical_explorer&chemical_id=23135-22-0&stat=gene_expression,43,2496.0,10.0,uM,WT,Human Hepg2 cell lines
HepG2,23135-22-0,https://montilab.bu.edu/Xposome/?page=HEPG2&tab=chemical_explorer&chemical_id=23135-22-0&stat=gene_expression,59,2496.0,2.5,uM,WT,Human Hepg2 cell lines
HepG2,23135-22-0,https://montilab.bu.edu/Xposome/?page=HEPG2&tab=chemical_explorer&chemical_id=23135-22-0&stat=gene_expression,40,2496.0,20.0,uM,WT,Human Hepg2 cell lines
HepG2,23135-22-0,https://montilab.bu.edu/Xposome/?page=HEPG2&tab=chemical_explorer&chemical_id=23135-22-0&stat=gene_expression,51,2496.0,5.0,uM,WT,Human Hepg2 cell lines
HepG2,23593-75-1,https://montilab.bu.edu/Xposome/?page=HEPG2&tab=chemical_explorer&chemical_id=23593-75-1&stat=gene_expression,49,1391.0,0.625,uM,WT,Human Hepg2 cell lines
HepG2,23593-75-1,https://montilab.bu.edu/Xposome/?page=HEPG2&tab=chemical_explorer&chemical_id=23593-75-1&stat=gene_expression,39,1391.0,1.25,uM,WT,Human Hepg2 cell lines
HepG2,23593-75-1,https://montilab.bu.edu/Xposome/?page=HEPG2&tab=chemical_explorer&chemical_id=23593-75-1&stat=gene_expression,116,1391.0,10.0,uM,WT,Human Hepg2 cell lines
HepG2,23593-75-1,https://montilab.bu.edu/Xposome/?page=HEPG2&tab=chemical_explorer&chemical_id=23593-75-1&stat=gene_expression,47,1391.0,2.5,uM,WT,Human Hepg2 cell lines
HepG2,23593-75-1,https://montilab.bu.edu/Xposome/?page=HEPG2&tab=chemical_explorer&chemical_id=23593-75-1&stat=gene_expression,292,1391.0,20.0,uM,WT,Human Hepg2 cell lines
HepG2,23593-75-1,https://montilab.bu.edu/Xposome/?page=HEPG2&tab=chemical_explorer&chemical_id=23593-75-1&stat=gene_expression,45,1391.0,5.0,uM,WT,Human Hepg2 cell lines
HepG2,2465-27-2,https://montilab.bu.edu/Xposome/?page=HEPG2&tab=chemical_explorer&chemical_id=2465-27-2&stat=gene_expression,59,1114.0,1.25,uM,WT,Human Hepg2 cell lines
HepG2,2465-27-2,https://montilab.bu.edu/Xposome/?page=HEPG2&tab=chemical_explorer&chemical_id=2465-27-2&stat=gene_expression,180,1114.0,10.0,uM,WT,Human Hepg2 cell lines
HepG2,2465-27-2,https://montilab.bu.edu/Xposome/?page=HEPG2&tab=chemical_explorer&chemical_id=2465-27-2&stat=gene_expression,85,1114.0,2.5,uM,WT,Human Hepg2 cell lines
HepG2,2465-27-2,https://montilab.bu.edu/Xposome/?page=HEPG2&tab=chemical_explorer&chemical_id=2465-27-2&stat=gene_expression,223,1114.0,20.0,uM,WT,Human Hepg2 cell lines
HepG2,2465-27-2,https://montilab.bu.edu/Xposome/?page=HEPG2&tab=chemical_explorer&chemical_id=2465-27-2&stat=gene_expression,514,1114.0,40.0,uM,WT,Human Hepg2 cell lines
HepG2,2465-27-2,https://montilab.bu.edu/Xposome/?page=HEPG2&tab=chemical_explorer&chemical_id=2465-27-2&stat=gene_expression,158,1114.0,5.0,uM,WT,Human Hepg2 cell lines
HepG2,25265-71-8,https://montilab.bu.edu/Xposome/?page=HEPG2&tab=chemical_explorer&chemical_id=25265-71-8&stat=gene_expression,51,1694.0,1.25,uM,WT,Human Hepg2 cell lines
HepG2,25265-71-8,https://montilab.bu.edu/Xposome/?page=HEPG2&tab=chemical_explorer&chemical_id=25265-71-8&stat=gene_expression,20,1694.0,10.0,uM,WT,Human Hepg2 cell lines
HepG2,25265-71-8,https://montilab.bu.edu/Xposome/?page=HEPG2&tab=chemical_explorer&chemical_id=25265-71-8&stat=gene_expression,41,1694.0,2.5,uM,WT,Human Hepg2 cell lines
HepG2,25265-71-8,https://montilab.bu.edu/Xposome/?page=HEPG2&tab=chemical_explorer&chemical_id=25265-71-8&stat=gene_expression,53,1694.0,20.0,uM,WT,Human Hepg2 cell lines
HepG2,25265-71-8,https://montilab.bu.edu/Xposome/?page=HEPG2&tab=chemical_explorer&chemical_id=25265-71-8&stat=gene_expression,97,1694.0,40.0,uM,WT,Human Hepg2 cell lines
HepG2,25265-71-8,https://montilab.bu.edu/Xposome/?page=HEPG2&tab=chemical_explorer&chemical_id=25265-71-8&stat=gene_expression,56,1694.0,5.0,uM,WT,Human Hepg2 cell lines
HepG2,262-12-4,https://montilab.bu.edu/Xposome/?page=HEPG2&tab=chemical_explorer&chemical_id=262-12-4&stat=gene_expression,46,10701.0,1.25,uM,WT,Human Hepg2 cell lines
HepG2,262-12-4,https://montilab.bu.edu/Xposome/?page=HEPG2&tab=chemical_explorer&chemical_id=262-12-4&stat=gene_expression,35,10701.0,10.0,uM,WT,Human Hepg2 cell lines
HepG2,262-12-4,https://montilab.bu.edu/Xposome/?page=HEPG2&tab=chemical_explorer&chemical_id=262-12-4&stat=gene_expression,28,10701.0,2.5,uM,WT,Human Hepg2 cell lines
HepG2,262-12-4,https://montilab.bu.edu/Xposome/?page=HEPG2&tab=chemical_explorer&chemical_id=262-12-4&stat=gene_expression,44,10701.0,20.0,uM,WT,Human Hepg2 cell lines
HepG2,262-12-4,https://montilab.bu.edu/Xposome/?page=HEPG2&tab=chemical_explorer&chemical_id=262-12-4&stat=gene_expression,45,10701.0,40.0,uM,WT,Human Hepg2 cell lines
HepG2,262-12-4,https://montilab.bu.edu/Xposome/?page=HEPG2&tab=chemical_explorer&chemical_id=262-12-4&stat=gene_expression,56,10701.0,5.0,uM,WT,Human Hepg2 cell lines
HepG2,2783-94-0,https://montilab.bu.edu/Xposome/?page=HEPG2&tab=chemical_explorer&chemical_id=2783-94-0&stat=gene_expression,38,1809.0,1.25,uM,WT,Human Hepg2 cell lines
HepG2,2783-94-0,https://montilab.bu.edu/Xposome/?page=HEPG2&tab=chemical_explorer&chemical_id=2783-94-0&stat=gene_expression,51,1809.0,10.0,uM,WT,Human Hepg2 cell lines
HepG2,2783-94-0,https://montilab.bu.edu/Xposome/?page=HEPG2&tab=chemical_explorer&chemical_id=2783-94-0&stat=gene_expression,42,1809.0,2.5,uM,WT,Human Hepg2 cell lines
HepG2,2783-94-0,https://montilab.bu.edu/Xposome/?page=HEPG2&tab=chemical_explorer&chemical_id=2783-94-0&stat=gene_expression,61,1809.0,20.0,uM,WT,Human Hepg2 cell lines
HepG2,2783-94-0,https://montilab.bu.edu/Xposome/?page=HEPG2&tab=chemical_explorer&chemical_id=2783-94-0&stat=gene_expression,50,1809.0,40.0,uM,WT,Human Hepg2 cell lines
HepG2,2783-94-0,https://montilab.bu.edu/Xposome/?page=HEPG2&tab=chemical_explorer&chemical_id=2783-94-0&stat=gene_expression,51,1809.0,5.0,uM,WT,Human Hepg2 cell lines
HepG2,298-00-0,https://montilab.bu.edu/Xposome/?page=HEPG2&tab=chemical_explorer&chemical_id=298-00-0&stat=gene_expression,68,2154.0,1.25,uM,WT,Human Hepg2 cell lines
HepG2,298-00-0,https://montilab.bu.edu/Xposome/?page=HEPG2&tab=chemical_explorer&chemical_id=298-00-0&stat=gene_expression,48,2154.0,10.0,uM,WT,Human Hepg2 cell lines
HepG2,298-00-0,https://montilab.bu.edu/Xposome/?page=HEPG2&tab=chemical_explorer&chemical_id=298-00-0&stat=gene_expression,41,2154.0,2.5,uM,WT,Human Hepg2 cell lines
HepG2,298-00-0,https://montilab.bu.edu/Xposome/?page=HEPG2&tab=chemical_explorer&chemical_id=298-00-0&stat=gene_expression,55,2154.0,20.0,uM,WT,Human Hepg2 cell lines
HepG2,298-00-0,https://montilab.bu.edu/Xposome/?page=HEPG2&tab=chemical_explorer&chemical_id=298-00-0&stat=gene_expression,35,2154.0,40.0,uM,WT,Human Hepg2 cell lines
HepG2,298-00-0,https://montilab.bu.edu/Xposome/?page=HEPG2&tab=chemical_explorer&chemical_id=298-00-0&stat=gene_expression,39,2154.0,5.0,uM,WT,Human Hepg2 cell lines
HepG2,302-79-4,https://montilab.bu.edu/Xposome/?page=HEPG2&tab=chemical_explorer&chemical_id=302-79-4&stat=gene_expression,80,2778.0,1.25,uM,WT,Human Hepg2 cell lines
HepG2,302-79-4,https://montilab.bu.edu/Xposome/?page=HEPG2&tab=chemical_explorer&chemical_id=302-79-4&stat=gene_expression,123,2778.0,10.0,uM,WT,Human Hepg2 cell lines
HepG2,302-79-4,https://montilab.bu.edu/Xposome/?page=HEPG2&tab=chemical_explorer&chemical_id=302-79-4&stat=gene_expression,93,2778.0,2.5,uM,WT,Human Hepg2 cell lines
HepG2,302-79-4,https://montilab.bu.edu/Xposome/?page=HEPG2&tab=chemical_explorer&chemical_id=302-79-4&stat=gene_expression,91,2778.0,20.0,uM,WT,Human Hepg2 cell lines
HepG2,302-79-4,https://montilab.bu.edu/Xposome/?page=HEPG2&tab=chemical_explorer&chemical_id=302-79-4&stat=gene_expression,181,2778.0,40.0,uM,WT,Human Hepg2 cell lines
HepG2,302-79-4,https://montilab.bu.edu/Xposome/?page=HEPG2&tab=chemical_explorer&chemical_id=302-79-4&stat=gene_expression,118,2778.0,5.0,uM,WT,Human Hepg2 cell lines
HepG2,319-84-6,https://montilab.bu.edu/Xposome/?page=HEPG2&tab=chemical_explorer&chemical_id=319-84-6&stat=gene_expression,28,10041.0,1.25,uM,WT,Human Hepg2 cell lines
HepG2,319-84-6,https://montilab.bu.edu/Xposome/?page=HEPG2&tab=chemical_explorer&chemical_id=319-84-6&stat=gene_expression,74,10041.0,10.0,uM,WT,Human Hepg2 cell lines
HepG2,319-84-6,https://montilab.bu.edu/Xposome/?page=HEPG2&tab=chemical_explorer&chemical_id=319-84-6&stat=gene_expression,52,10041.0,2.5,uM,WT,Human Hepg2 cell lines
HepG2,319-84-6,https://montilab.bu.edu/Xposome/?page=HEPG2&tab=chemical_explorer&chemical_id=319-84-6&stat=gene_expression,90,10041.0,20.0,uM,WT,Human Hepg2 cell lines
HepG2,319-84-6,https://montilab.bu.edu/Xposome/?page=HEPG2&tab=chemical_explorer&chemical_id=319-84-6&stat=gene_expression,71,10041.0,5.0,uM,WT,Human Hepg2 cell lines
HepG2,333-41-5,https://montilab.bu.edu/Xposome/?page=HEPG2&tab=chemical_explorer&chemical_id=333-41-5&stat=gene_expression,59,1608.0,0.625,uM,WT,Human Hepg2 cell lines
HepG2,333-41-5,https://montilab.bu.edu/Xposome/?page=HEPG2&tab=chemical_explorer&chemical_id=333-41-5&stat=gene_expression,57,1608.0,1.25,uM,WT,Human Hepg2 cell lines
HepG2,333-41-5,https://montilab.bu.edu/Xposome/?page=HEPG2&tab=chemical_explorer&chemical_id=333-41-5&stat=gene_expression,54,1608.0,10.0,uM,WT,Human Hepg2 cell lines
HepG2,333-41-5,https://montilab.bu.edu/Xposome/?page=HEPG2&tab=chemical_explorer&chemical_id=333-41-5&stat=gene_expression,46,1608.0,2.5,uM,WT,Human Hepg2 cell lines
HepG2,333-41-5,https://montilab.bu.edu/Xposome/?page=HEPG2&tab=chemical_explorer&chemical_id=333-41-5&stat=gene_expression,67,1608.0,20.0,uM,WT,Human Hepg2 cell lines
HepG2,333-41-5,https://montilab.bu.edu/Xposome/?page=HEPG2&tab=chemical_explorer&chemical_id=333-41-5&stat=gene_expression,34,1608.0,5.0,uM,WT,Human Hepg2 cell lines
HepG2,3380-34-5,https://montilab.bu.edu/Xposome/?page=HEPG2&tab=chemical_explorer&chemical_id=3380-34-5&stat=gene_expression,80,3112.0,1.25,uM,WT,Human Hepg2 cell lines
HepG2,3380-34-5,https://montilab.bu.edu/Xposome/?page=HEPG2&tab=chemical_explorer&chemical_id=3380-34-5&stat=gene_expression,82,3112.0,10.0,uM,WT,Human Hepg2 cell lines
HepG2,3380-34-5,https://montilab.bu.edu/Xposome/?page=HEPG2&tab=chemical_explorer&chemical_id=3380-34-5&stat=gene_expression,86,3112.0,2.5,uM,WT,Human Hepg2 cell lines
HepG2,3380-34-5,https://montilab.bu.edu/Xposome/?page=HEPG2&tab=chemical_explorer&chemical_id=3380-34-5&stat=gene_expression,371,3112.0,20.0,uM,WT,Human Hepg2 cell lines
HepG2,3380-34-5,https://montilab.bu.edu/Xposome/?page=HEPG2&tab=chemical_explorer&chemical_id=3380-34-5&stat=gene_expression,1188,3112.0,40.0,uM,WT,Human Hepg2 cell lines
HepG2,3380-34-5,https://montilab.bu.edu/Xposome/?page=HEPG2&tab=chemical_explorer&chemical_id=3380-34-5&stat=gene_expression,66,3112.0,5.0,uM,WT,Human Hepg2 cell lines
HepG2,3844-45-9,https://montilab.bu.edu/Xposome/?page=HEPG2&tab=chemical_explorer&chemical_id=3844-45-9&stat=gene_expression,51,1807.0,0.625,uM,WT,Human Hepg2 cell lines
HepG2,3844-45-9,https://montilab.bu.edu/Xposome/?page=HEPG2&tab=chemical_explorer&chemical_id=3844-45-9&stat=gene_expression,43,1807.0,1.25,uM,WT,Human Hepg2 cell lines
HepG2,3844-45-9,https://montilab.bu.edu/Xposome/?page=HEPG2&tab=chemical_explorer&chemical_id=3844-45-9&stat=gene_expression,60,1807.0,10.0,uM,WT,Human Hepg2 cell lines
HepG2,3844-45-9,https://montilab.bu.edu/Xposome/?page=HEPG2&tab=chemical_explorer&chemical_id=3844-45-9&stat=gene_expression,47,1807.0,2.5,uM,WT,Human Hepg2 cell lines
HepG2,3844-45-9,https://montilab.bu.edu/Xposome/?page=HEPG2&tab=chemical_explorer&chemical_id=3844-45-9&stat=gene_expression,53,1807.0,20.0,uM,WT,Human Hepg2 cell lines
HepG2,3844-45-9,https://montilab.bu.edu/Xposome/?page=HEPG2&tab=chemical_explorer&chemical_id=3844-45-9&stat=gene_expression,50,1807.0,5.0,uM,WT,Human Hepg2 cell lines
HepG2,41372-08-1,https://montilab.bu.edu/Xposome/?page=HEPG2&tab=chemical_explorer&chemical_id=41372-08-1&stat=gene_expression,48,2156.0,1.25,uM,WT,Human Hepg2 cell lines
HepG2,41372-08-1,https://montilab.bu.edu/Xposome/?page=HEPG2&tab=chemical_explorer&chemical_id=41372-08-1&stat=gene_expression,49,2156.0,10.0,uM,WT,Human Hepg2 cell lines
HepG2,41372-08-1,https://montilab.bu.edu/Xposome/?page=HEPG2&tab=chemical_explorer&chemical_id=41372-08-1&stat=gene_expression,37,2156.0,2.5,uM,WT,Human Hepg2 cell lines
HepG2,41372-08-1,https://montilab.bu.edu/Xposome/?page=HEPG2&tab=chemical_explorer&chemical_id=41372-08-1&stat=gene_expression,61,2156.0,20.0,uM,WT,Human Hepg2 cell lines
HepG2,41372-08-1,https://montilab.bu.edu/Xposome/?page=HEPG2&tab=chemical_explorer&chemical_id=41372-08-1&stat=gene_expression,968,2156.0,40.0,uM,WT,Human Hepg2 cell lines
HepG2,41372-08-1,https://montilab.bu.edu/Xposome/?page=HEPG2&tab=chemical_explorer&chemical_id=41372-08-1&stat=gene_expression,55,2156.0,5.0,uM,WT,Human Hepg2 cell lines
HepG2,4376-20-9,https://montilab.bu.edu/Xposome/?page=HEPG2&tab=chemical_explorer&chemical_id=4376-20-9&stat=gene_expression,125,2185.0,1.25,uM,WT,Human Hepg2 cell lines
HepG2,4376-20-9,https://montilab.bu.edu/Xposome/?page=HEPG2&tab=chemical_explorer&chemical_id=4376-20-9&stat=gene_expression,59,2185.0,10.0,uM,WT,Human Hepg2 cell lines
HepG2,4376-20-9,https://montilab.bu.edu/Xposome/?page=HEPG2&tab=chemical_explorer&chemical_id=4376-20-9&stat=gene_expression,46,2185.0,2.5,uM,WT,Human Hepg2 cell lines
HepG2,4376-20-9,https://montilab.bu.edu/Xposome/?page=HEPG2&tab=chemical_explorer&chemical_id=4376-20-9&stat=gene_expression,49,2185.0,20.0,uM,WT,Human Hepg2 cell lines
HepG2,4376-20-9,https://montilab.bu.edu/Xposome/?page=HEPG2&tab=chemical_explorer&chemical_id=4376-20-9&stat=gene_expression,100,2185.0,40.0,uM,WT,Human Hepg2 cell lines
HepG2,4376-20-9,https://montilab.bu.edu/Xposome/?page=HEPG2&tab=chemical_explorer&chemical_id=4376-20-9&stat=gene_expression,62,2185.0,5.0,uM,WT,Human Hepg2 cell lines
HepG2,50-29-3,https://montilab.bu.edu/Xposome/?page=HEPG2&tab=chemical_explorer&chemical_id=50-29-3&stat=gene_expression,50,1629.0,1.25,uM,WT,Human Hepg2 cell lines
HepG2,50-29-3,https://montilab.bu.edu/Xposome/?page=HEPG2&tab=chemical_explorer&chemical_id=50-29-3&stat=gene_expression,64,1629.0,10.0,uM,WT,Human Hepg2 cell lines
HepG2,50-29-3,https://montilab.bu.edu/Xposome/?page=HEPG2&tab=chemical_explorer&chemical_id=50-29-3&stat=gene_expression,38,1629.0,2.5,uM,WT,Human Hepg2 cell lines
HepG2,50-29-3,https://montilab.bu.edu/Xposome/?page=HEPG2&tab=chemical_explorer&chemical_id=50-29-3&stat=gene_expression,113,1629.0,20.0,uM,WT,Human Hepg2 cell lines
HepG2,50-29-3,https://montilab.bu.edu/Xposome/?page=HEPG2&tab=chemical_explorer&chemical_id=50-29-3&stat=gene_expression,98,1629.0,40.0,uM,WT,Human Hepg2 cell lines
HepG2,50-29-3,https://montilab.bu.edu/Xposome/?page=HEPG2&tab=chemical_explorer&chemical_id=50-29-3&stat=gene_expression,91,1629.0,5.0,uM,WT,Human Hepg2 cell lines
HepG2,50-32-8,https://montilab.bu.edu/Xposome/?page=HEPG2&tab=chemical_explorer&chemical_id=50-32-8&stat=gene_expression,184,1174.0,0.625,uM,WT,Human Hepg2 cell lines
HepG2,50-32-8,https://montilab.bu.edu/Xposome/?page=HEPG2&tab=chemical_explorer&chemical_id=50-32-8&stat=gene_expression,492,1174.0,1.25,uM,WT,Human Hepg2 cell lines
HepG2,50-32-8,https://montilab.bu.edu/Xposome/?page=HEPG2&tab=chemical_explorer&chemical_id=50-32-8&stat=gene_expression,1496,1174.0,10.0,uM,WT,Human Hepg2 cell lines
HepG2,50-32-8,https://montilab.bu.edu/Xposome/?page=HEPG2&tab=chemical_explorer&chemical_id=50-32-8&stat=gene_expression,1105,1174.0,2.5,uM,WT,Human Hepg2 cell lines
HepG2,50-32-8,https://montilab.bu.edu/Xposome/?page=HEPG2&tab=chemical_explorer&chemical_id=50-32-8&stat=gene_expression,1374,1174.0,20.0,uM,WT,Human Hepg2 cell lines
HepG2,50-32-8,https://montilab.bu.edu/Xposome/?page=HEPG2&tab=chemical_explorer&chemical_id=50-32-8&stat=gene_expression,1476,1174.0,5.0,uM,WT,Human Hepg2 cell lines
HepG2,50-78-2,https://montilab.bu.edu/Xposome/?page=HEPG2&tab=chemical_explorer&chemical_id=50-78-2&stat=gene_expression,117,961.0,1.25,uM,WT,Human Hepg2 cell lines
HepG2,50-78-2,https://montilab.bu.edu/Xposome/?page=HEPG2&tab=chemical_explorer&chemical_id=50-78-2&stat=gene_expression,1046,961.0,10.0,uM,WT,Human Hepg2 cell lines
HepG2,50-78-2,https://montilab.bu.edu/Xposome/?page=HEPG2&tab=chemical_explorer&chemical_id=50-78-2&stat=gene_expression,40,961.0,2.5,uM,WT,Human Hepg2 cell lines
HepG2,50-78-2,https://montilab.bu.edu/Xposome/?page=HEPG2&tab=chemical_explorer&chemical_id=50-78-2&stat=gene_expression,65,961.0,20.0,uM,WT,Human Hepg2 cell lines
HepG2,50-78-2,https://montilab.bu.edu/Xposome/?page=HEPG2&tab=chemical_explorer&chemical_id=50-78-2&stat=gene_expression,44,961.0,40.0,uM,WT,Human Hepg2 cell lines
HepG2,50-78-2,https://montilab.bu.edu/Xposome/?page=HEPG2&tab=chemical_explorer&chemical_id=50-78-2&stat=gene_expression,55,961.0,5.0,uM,WT,Human Hepg2 cell lines
HepG2,50-81-7,https://montilab.bu.edu/Xposome/?page=HEPG2&tab=chemical_explorer&chemical_id=50-81-7&stat=gene_expression,79,2067.0,1.25,uM,WT,Human Hepg2 cell lines
HepG2,50-81-7,https://montilab.bu.edu/Xposome/?page=HEPG2&tab=chemical_explorer&chemical_id=50-81-7&stat=gene_expression,523,2067.0,10.0,uM,WT,Human Hepg2 cell lines
HepG2,50-81-7,https://montilab.bu.edu/Xposome/?page=HEPG2&tab=chemical_explorer&chemical_id=50-81-7&stat=gene_expression,44,2067.0,2.5,uM,WT,Human Hepg2 cell lines
HepG2,50-81-7,https://montilab.bu.edu/Xposome/?page=HEPG2&tab=chemical_explorer&chemical_id=50-81-7&stat=gene_expression,62,2067.0,20.0,uM,WT,Human Hepg2 cell lines
HepG2,50-81-7,https://montilab.bu.edu/Xposome/?page=HEPG2&tab=chemical_explorer&chemical_id=50-81-7&stat=gene_expression,71,2067.0,40.0,uM,WT,Human Hepg2 cell lines
HepG2,50-81-7,https://montilab.bu.edu/Xposome/?page=HEPG2&tab=chemical_explorer&chemical_id=50-81-7&stat=gene_expression,75,2067.0,5.0,uM,WT,Human Hepg2 cell lines
HepG2,50892-23-4,https://montilab.bu.edu/Xposome/?page=HEPG2&tab=chemical_explorer&chemical_id=50892-23-4&stat=gene_expression,48,2661.0,1.25,uM,WT,Human Hepg2 cell lines
HepG2,50892-23-4,https://montilab.bu.edu/Xposome/?page=HEPG2&tab=chemical_explorer&chemical_id=50892-23-4&stat=gene_expression,53,2661.0,10.0,uM,WT,Human Hepg2 cell lines
HepG2,50892-23-4,https://montilab.bu.edu/Xposome/?page=HEPG2&tab=chemical_explorer&chemical_id=50892-23-4&stat=gene_expression,44,2661.0,2.5,uM,WT,Human Hepg2 cell lines
HepG2,50892-23-4,https://montilab.bu.edu/Xposome/?page=HEPG2&tab=chemical_explorer&chemical_id=50892-23-4&stat=gene_expression,98,2661.0,20.0,uM,WT,Human Hepg2 cell lines
HepG2,50892-23-4,https://montilab.bu.edu/Xposome/?page=HEPG2&tab=chemical_explorer&chemical_id=50892-23-4&stat=gene_expression,41,2661.0,40.0,uM,WT,Human Hepg2 cell lines
HepG2,50892-23-4,https://montilab.bu.edu/Xposome/?page=HEPG2&tab=chemical_explorer&chemical_id=50892-23-4&stat=gene_expression,47,2661.0,5.0,uM,WT,Human Hepg2 cell lines
HepG2,51-03-6,https://montilab.bu.edu/Xposome/?page=HEPG2&tab=chemical_explorer&chemical_id=51-03-6&stat=gene_expression,47,2657.0,1.25,uM,WT,Human Hepg2 cell lines
HepG2,51-03-6,https://montilab.bu.edu/Xposome/?page=HEPG2&tab=chemical_explorer&chemical_id=51-03-6&stat=gene_expression,43,2657.0,10.0,uM,WT,Human Hepg2 cell lines
HepG2,51-03-6,https://montilab.bu.edu/Xposome/?page=HEPG2&tab=chemical_explorer&chemical_id=51-03-6&stat=gene_expression,34,2657.0,2.5,uM,WT,Human Hepg2 cell lines
HepG2,51-03-6,https://montilab.bu.edu/Xposome/?page=HEPG2&tab=chemical_explorer&chemical_id=51-03-6&stat=gene_expression,40,2657.0,20.0,uM,WT,Human Hepg2 cell lines
HepG2,51-03-6,https://montilab.bu.edu/Xposome/?page=HEPG2&tab=chemical_explorer&chemical_id=51-03-6&stat=gene_expression,46,2657.0,40.0,uM,WT,Human Hepg2 cell lines
HepG2,51-03-6,https://montilab.bu.edu/Xposome/?page=HEPG2&tab=chemical_explorer&chemical_id=51-03-6&stat=gene_expression,51,2657.0,5.0,uM,WT,Human Hepg2 cell lines
HepG2,52-01-7,https://montilab.bu.edu/Xposome/?page=HEPG2&tab=chemical_explorer&chemical_id=52-01-7&stat=gene_expression,56,2896.0,0.625,uM,WT,Human Hepg2 cell lines
HepG2,52-01-7,https://montilab.bu.edu/Xposome/?page=HEPG2&tab=chemical_explorer&chemical_id=52-01-7&stat=gene_expression,60,2896.0,1.25,uM,WT,Human Hepg2 cell lines
HepG2,52-01-7,https://montilab.bu.edu/Xposome/?page=HEPG2&tab=chemical_explorer&chemical_id=52-01-7&stat=gene_expression,71,2896.0,10.0,uM,WT,Human Hepg2 cell lines
HepG2,52-01-7,https://montilab.bu.edu/Xposome/?page=HEPG2&tab=chemical_explorer&chemical_id=52-01-7&stat=gene_expression,33,2896.0,2.5,uM,WT,Human Hepg2 cell lines
HepG2,52-01-7,https://montilab.bu.edu/Xposome/?page=HEPG2&tab=chemical_explorer&chemical_id=52-01-7&stat=gene_expression,112,2896.0,20.0,uM,WT,Human Hepg2 cell lines
HepG2,52-01-7,https://montilab.bu.edu/Xposome/?page=HEPG2&tab=chemical_explorer&chemical_id=52-01-7&stat=gene_expression,82,2896.0,5.0,uM,WT,Human Hepg2 cell lines
HepG2,52918-63-5,https://montilab.bu.edu/Xposome/?page=HEPG2&tab=chemical_explorer&chemical_id=52918-63-5&stat=gene_expression,47,1595.0,0.625,uM,WT,Human Hepg2 cell lines
HepG2,52918-63-5,https://montilab.bu.edu/Xposome/?page=HEPG2&tab=chemical_explorer&chemical_id=52918-63-5&stat=gene_expression,68,1595.0,1.25,uM,WT,Human Hepg2 cell lines
HepG2,52918-63-5,https://montilab.bu.edu/Xposome/?page=HEPG2&tab=chemical_explorer&chemical_id=52918-63-5&stat=gene_expression,48,1595.0,10.0,uM,WT,Human Hepg2 cell lines
HepG2,52918-63-5,https://montilab.bu.edu/Xposome/?page=HEPG2&tab=chemical_explorer&chemical_id=52918-63-5&stat=gene_expression,66,1595.0,2.5,uM,WT,Human Hepg2 cell lines
HepG2,52918-63-5,https://montilab.bu.edu/Xposome/?page=HEPG2&tab=chemical_explorer&chemical_id=52918-63-5&stat=gene_expression,56,1595.0,20.0,uM,WT,Human Hepg2 cell lines
HepG2,52918-63-5,https://montilab.bu.edu/Xposome/?page=HEPG2&tab=chemical_explorer&chemical_id=52918-63-5&stat=gene_expression,71,1595.0,5.0,uM,WT,Human Hepg2 cell lines
HepG2,532-27-4,https://montilab.bu.edu/Xposome/?page=HEPG2&tab=chemical_explorer&chemical_id=532-27-4&stat=gene_expression,67,373.0,1.25,uM,WT,Human Hepg2 cell lines
HepG2,532-27-4,https://montilab.bu.edu/Xposome/?page=HEPG2&tab=chemical_explorer&chemical_id=532-27-4&stat=gene_expression,47,373.0,10.0,uM,WT,Human Hepg2 cell lines
HepG2,532-27-4,https://montilab.bu.edu/Xposome/?page=HEPG2&tab=chemical_explorer&chemical_id=532-27-4&stat=gene_expression,132,373.0,2.5,uM,WT,Human Hepg2 cell lines
HepG2,532-27-4,https://montilab.bu.edu/Xposome/?page=HEPG2&tab=chemical_explorer&chemical_id=532-27-4&stat=gene_expression,114,373.0,20.0,uM,WT,Human Hepg2 cell lines
HepG2,532-27-4,https://montilab.bu.edu/Xposome/?page=HEPG2&tab=chemical_explorer&chemical_id=532-27-4&stat=gene_expression,857,373.0,40.0,uM,WT,Human Hepg2 cell lines
HepG2,532-27-4,https://montilab.bu.edu/Xposome/?page=HEPG2&tab=chemical_explorer&chemical_id=532-27-4&stat=gene_expression,63,373.0,5.0,uM,WT,Human Hepg2 cell lines
HepG2,532-32-1,https://montilab.bu.edu/Xposome/?page=HEPG2&tab=chemical_explorer&chemical_id=532-32-1&stat=gene_expression,63,2877.0,1.25,uM,WT,Human Hepg2 cell lines
HepG2,532-32-1,https://montilab.bu.edu/Xposome/?page=HEPG2&tab=chemical_explorer&chemical_id=532-32-1&stat=gene_expression,84,2877.0,10.0,uM,WT,Human Hepg2 cell lines
HepG2,532-32-1,https://montilab.bu.edu/Xposome/?page=HEPG2&tab=chemical_explorer&chemical_id=532-32-1&stat=gene_expression,46,2877.0,2.5,uM,WT,Human Hepg2 cell lines
HepG2,532-32-1,https://montilab.bu.edu/Xposome/?page=HEPG2&tab=chemical_explorer&chemical_id=532-32-1&stat=gene_expression,55,2877.0,20.0,uM,WT,Human Hepg2 cell lines
HepG2,532-32-1,https://montilab.bu.edu/Xposome/?page=HEPG2&tab=chemical_explorer&chemical_id=532-32-1&stat=gene_expression,55,2877.0,40.0,uM,WT,Human Hepg2 cell lines
HepG2,532-32-1,https://montilab.bu.edu/Xposome/?page=HEPG2&tab=chemical_explorer&chemical_id=532-32-1&stat=gene_expression,59,2877.0,5.0,uM,WT,Human Hepg2 cell lines
HepG2,5392-40-5,https://montilab.bu.edu/Xposome/?page=HEPG2&tab=chemical_explorer&chemical_id=5392-40-5&stat=gene_expression,76,481.0,1.25,uM,WT,Human Hepg2 cell lines
HepG2,5392-40-5,https://montilab.bu.edu/Xposome/?page=HEPG2&tab=chemical_explorer&chemical_id=5392-40-5&stat=gene_expression,41,481.0,10.0,uM,WT,Human Hepg2 cell lines
HepG2,5392-40-5,https://montilab.bu.edu/Xposome/?page=HEPG2&tab=chemical_explorer&chemical_id=5392-40-5&stat=gene_expression,59,481.0,2.5,uM,WT,Human Hepg2 cell lines
HepG2,5392-40-5,https://montilab.bu.edu/Xposome/?page=HEPG2&tab=chemical_explorer&chemical_id=5392-40-5&stat=gene_expression,58,481.0,20.0,uM,WT,Human Hepg2 cell lines
HepG2,5392-40-5,https://montilab.bu.edu/Xposome/?page=HEPG2&tab=chemical_explorer&chemical_id=5392-40-5&stat=gene_expression,33,481.0,40.0,uM,WT,Human Hepg2 cell lines
HepG2,5392-40-5,https://montilab.bu.edu/Xposome/?page=HEPG2&tab=chemical_explorer&chemical_id=5392-40-5&stat=gene_expression,68,481.0,5.0,uM,WT,Human Hepg2 cell lines
HepG2,54-85-3,https://montilab.bu.edu/Xposome/?page=HEPG2&tab=chemical_explorer&chemical_id=54-85-3&stat=gene_expression,47,1982.0,1.25,uM,WT,Human Hepg2 cell lines
HepG2,54-85-3,https://montilab.bu.edu/Xposome/?page=HEPG2&tab=chemical_explorer&chemical_id=54-85-3&stat=gene_expression,43,1982.0,10.0,uM,WT,Human Hepg2 cell lines
HepG2,54-85-3,https://montilab.bu.edu/Xposome/?page=HEPG2&tab=chemical_explorer&chemical_id=54-85-3&stat=gene_expression,69,1982.0,2.5,uM,WT,Human Hepg2 cell lines
HepG2,54-85-3,https://montilab.bu.edu/Xposome/?page=HEPG2&tab=chemical_explorer&chemical_id=54-85-3&stat=gene_expression,47,1982.0,20.0,uM,WT,Human Hepg2 cell lines
HepG2,54-85-3,https://montilab.bu.edu/Xposome/?page=HEPG2&tab=chemical_explorer&chemical_id=54-85-3&stat=gene_expression,209,1982.0,40.0,uM,WT,Human Hepg2 cell lines
HepG2,54-85-3,https://montilab.bu.edu/Xposome/?page=HEPG2&tab=chemical_explorer&chemical_id=54-85-3&stat=gene_expression,55,1982.0,5.0,uM,WT,Human Hepg2 cell lines
HepG2,54965-24-1,https://montilab.bu.edu/Xposome/?page=HEPG2&tab=chemical_explorer&chemical_id=54965-24-1&stat=gene_expression,45,2960.0,0.625,uM,WT,Human Hepg2 cell lines
HepG2,54965-24-1,https://montilab.bu.edu/Xposome/?page=HEPG2&tab=chemical_explorer&chemical_id=54965-24-1&stat=gene_expression,37,2960.0,1.25,uM,WT,Human Hepg2 cell lines
HepG2,54965-24-1,https://montilab.bu.edu/Xposome/?page=HEPG2&tab=chemical_explorer&chemical_id=54965-24-1&stat=gene_expression,84,2960.0,10.0,uM,WT,Human Hepg2 cell lines
HepG2,54965-24-1,https://montilab.bu.edu/Xposome/?page=HEPG2&tab=chemical_explorer&chemical_id=54965-24-1&stat=gene_expression,26,2960.0,2.5,uM,WT,Human Hepg2 cell lines
HepG2,54965-24-1,https://montilab.bu.edu/Xposome/?page=HEPG2&tab=chemical_explorer&chemical_id=54965-24-1&stat=gene_expression,882,2960.0,20.0,uM,WT,Human Hepg2 cell lines
HepG2,54965-24-1,https://montilab.bu.edu/Xposome/?page=HEPG2&tab=chemical_explorer&chemical_id=54965-24-1&stat=gene_expression,63,2960.0,5.0,uM,WT,Human Hepg2 cell lines
HepG2,55-18-5,https://montilab.bu.edu/Xposome/?page=HEPG2&tab=chemical_explorer&chemical_id=55-18-5&stat=gene_expression,65,2414.0,1.25,uM,WT,Human Hepg2 cell lines
HepG2,55-18-5,https://montilab.bu.edu/Xposome/?page=HEPG2&tab=chemical_explorer&chemical_id=55-18-5&stat=gene_expression,84,2414.0,10.0,uM,WT,Human Hepg2 cell lines
HepG2,55-18-5,https://montilab.bu.edu/Xposome/?page=HEPG2&tab=chemical_explorer&chemical_id=55-18-5&stat=gene_expression,69,2414.0,2.5,uM,WT,Human Hepg2 cell lines
HepG2,55-18-5,https://montilab.bu.edu/Xposome/?page=HEPG2&tab=chemical_explorer&chemical_id=55-18-5&stat=gene_expression,79,2414.0,20.0,uM,WT,Human Hepg2 cell lines
HepG2,55-18-5,https://montilab.bu.edu/Xposome/?page=HEPG2&tab=chemical_explorer&chemical_id=55-18-5&stat=gene_expression,61,2414.0,40.0,uM,WT,Human Hepg2 cell lines
HepG2,55-18-5,https://montilab.bu.edu/Xposome/?page=HEPG2&tab=chemical_explorer&chemical_id=55-18-5&stat=gene_expression,64,2414.0,5.0,uM,WT,Human Hepg2 cell lines
HepG2,55-38-9,https://montilab.bu.edu/Xposome/?page=HEPG2&tab=chemical_explorer&chemical_id=55-38-9&stat=gene_expression,53,1827.0,0.625,uM,WT,Human Hepg2 cell lines
HepG2,55-38-9,https://montilab.bu.edu/Xposome/?page=HEPG2&tab=chemical_explorer&chemical_id=55-38-9&stat=gene_expression,126,1827.0,1.25,uM,WT,Human Hepg2 cell lines
HepG2,55-38-9,https://montilab.bu.edu/Xposome/?page=HEPG2&tab=chemical_explorer&chemical_id=55-38-9&stat=gene_expression,50,1827.0,10.0,uM,WT,Human Hepg2 cell lines
HepG2,55-38-9,https://montilab.bu.edu/Xposome/?page=HEPG2&tab=chemical_explorer&chemical_id=55-38-9&stat=gene_expression,105,1827.0,2.5,uM,WT,Human Hepg2 cell lines
HepG2,55-38-9,https://montilab.bu.edu/Xposome/?page=HEPG2&tab=chemical_explorer&chemical_id=55-38-9&stat=gene_expression,277,1827.0,20.0,uM,WT,Human Hepg2 cell lines
HepG2,55-38-9,https://montilab.bu.edu/Xposome/?page=HEPG2&tab=chemical_explorer&chemical_id=55-38-9&stat=gene_expression,92,1827.0,5.0,uM,WT,Human Hepg2 cell lines
HepG2,55566-30-8,https://montilab.bu.edu/Xposome/?page=HEPG2&tab=chemical_explorer&chemical_id=55566-30-8&stat=gene_expression,96,3005.0,1.25,uM,WT,Human Hepg2 cell lines
HepG2,55566-30-8,https://montilab.bu.edu/Xposome/?page=HEPG2&tab=chemical_explorer&chemical_id=55566-30-8&stat=gene_expression,36,3005.0,10.0,uM,WT,Human Hepg2 cell lines
HepG2,55566-30-8,https://montilab.bu.edu/Xposome/?page=HEPG2&tab=chemical_explorer&chemical_id=55566-30-8&stat=gene_expression,57,3005.0,2.5,uM,WT,Human Hepg2 cell lines
HepG2,55566-30-8,https://montilab.bu.edu/Xposome/?page=HEPG2&tab=chemical_explorer&chemical_id=55566-30-8&stat=gene_expression,118,3005.0,20.0,uM,WT,Human Hepg2 cell lines
HepG2,55566-30-8,https://montilab.bu.edu/Xposome/?page=HEPG2&tab=chemical_explorer&chemical_id=55566-30-8&stat=gene_expression,273,3005.0,40.0,uM,WT,Human Hepg2 cell lines
HepG2,55566-30-8,https://montilab.bu.edu/Xposome/?page=HEPG2&tab=chemical_explorer&chemical_id=55566-30-8&stat=gene_expression,131,3005.0,5.0,uM,WT,Human Hepg2 cell lines
HepG2,56-38-2,https://montilab.bu.edu/Xposome/?page=HEPG2&tab=chemical_explorer&chemical_id=56-38-2&stat=gene_expression,40,2532.0,0.625,uM,WT,Human Hepg2 cell lines
HepG2,56-38-2,https://montilab.bu.edu/Xposome/?page=HEPG2&tab=chemical_explorer&chemical_id=56-38-2&stat=gene_expression,55,2532.0,1.25,uM,WT,Human Hepg2 cell lines
HepG2,56-38-2,https://montilab.bu.edu/Xposome/?page=HEPG2&tab=chemical_explorer&chemical_id=56-38-2&stat=gene_expression,41,2532.0,10.0,uM,WT,Human Hepg2 cell lines
HepG2,56-38-2,https://montilab.bu.edu/Xposome/?page=HEPG2&tab=chemical_explorer&chemical_id=56-38-2&stat=gene_expression,66,2532.0,2.5,uM,WT,Human Hepg2 cell lines
HepG2,56-38-2,https://montilab.bu.edu/Xposome/?page=HEPG2&tab=chemical_explorer&chemical_id=56-38-2&stat=gene_expression,63,2532.0,20.0,uM,WT,Human Hepg2 cell lines
HepG2,56-38-2,https://montilab.bu.edu/Xposome/?page=HEPG2&tab=chemical_explorer&chemical_id=56-38-2&stat=gene_expression,58,2532.0,5.0,uM,WT,Human Hepg2 cell lines
HepG2,56-53-1,https://montilab.bu.edu/Xposome/?page=HEPG2&tab=chemical_explorer&chemical_id=56-53-1&stat=gene_expression,57,1651.0,1.25,uM,WT,Human Hepg2 cell lines
HepG2,56-53-1,https://montilab.bu.edu/Xposome/?page=HEPG2&tab=chemical_explorer&chemical_id=56-53-1&stat=gene_expression,135,1651.0,10.0,uM,WT,Human Hepg2 cell lines
HepG2,56-53-1,https://montilab.bu.edu/Xposome/?page=HEPG2&tab=chemical_explorer&chemical_id=56-53-1&stat=gene_expression,33,1651.0,2.5,uM,WT,Human Hepg2 cell lines
HepG2,56-53-1,https://montilab.bu.edu/Xposome/?page=HEPG2&tab=chemical_explorer&chemical_id=56-53-1&stat=gene_expression,141,1651.0,20.0,uM,WT,Human Hepg2 cell lines
HepG2,56-53-1,https://montilab.bu.edu/Xposome/?page=HEPG2&tab=chemical_explorer&chemical_id=56-53-1&stat=gene_expression,336,1651.0,40.0,uM,WT,Human Hepg2 cell lines
HepG2,56-53-1,https://montilab.bu.edu/Xposome/?page=HEPG2&tab=chemical_explorer&chemical_id=56-53-1&stat=gene_expression,75,1651.0,5.0,uM,WT,Human Hepg2 cell lines
HepG2,56-72-4,https://montilab.bu.edu/Xposome/?page=HEPG2&tab=chemical_explorer&chemical_id=56-72-4&stat=gene_expression,68,1454.0,0.625,uM,WT,Human Hepg2 cell lines
HepG2,56-72-4,https://montilab.bu.edu/Xposome/?page=HEPG2&tab=chemical_explorer&chemical_id=56-72-4&stat=gene_expression,78,1454.0,1.25,uM,WT,Human Hepg2 cell lines
HepG2,56-72-4,https://montilab.bu.edu/Xposome/?page=HEPG2&tab=chemical_explorer&chemical_id=56-72-4&stat=gene_expression,68,1454.0,10.0,uM,WT,Human Hepg2 cell lines
HepG2,56-72-4,https://montilab.bu.edu/Xposome/?page=HEPG2&tab=chemical_explorer&chemical_id=56-72-4&stat=gene_expression,80,1454.0,2.5,uM,WT,Human Hepg2 cell lines
HepG2,56-72-4,https://montilab.bu.edu/Xposome/?page=HEPG2&tab=chemical_explorer&chemical_id=56-72-4&stat=gene_expression,86,1454.0,20.0,uM,WT,Human Hepg2 cell lines
HepG2,56-72-4,https://montilab.bu.edu/Xposome/?page=HEPG2&tab=chemical_explorer&chemical_id=56-72-4&stat=gene_expression,110,1454.0,5.0,uM,WT,Human Hepg2 cell lines
HepG2,57-13-6,https://montilab.bu.edu/Xposome/?page=HEPG2&tab=chemical_explorer&chemical_id=57-13-6&stat=gene_expression,67,3168.0,1.25,uM,WT,Human Hepg2 cell lines
HepG2,57-13-6,https://montilab.bu.edu/Xposome/?page=HEPG2&tab=chemical_explorer&chemical_id=57-13-6&stat=gene_expression,77,3168.0,10.0,uM,WT,Human Hepg2 cell lines
HepG2,57-13-6,https://montilab.bu.edu/Xposome/?page=HEPG2&tab=chemical_explorer&chemical_id=57-13-6&stat=gene_expression,34,3168.0,2.5,uM,WT,Human Hepg2 cell lines
HepG2,57-13-6,https://montilab.bu.edu/Xposome/?page=HEPG2&tab=chemical_explorer&chemical_id=57-13-6&stat=gene_expression,48,3168.0,20.0,uM,WT,Human Hepg2 cell lines
HepG2,57-13-6,https://montilab.bu.edu/Xposome/?page=HEPG2&tab=chemical_explorer&chemical_id=57-13-6&stat=gene_expression,55,3168.0,40.0,uM,WT,Human Hepg2 cell lines
HepG2,57-13-6,https://montilab.bu.edu/Xposome/?page=HEPG2&tab=chemical_explorer&chemical_id=57-13-6&stat=gene_expression,47,3168.0,5.0,uM,WT,Human Hepg2 cell lines
HepG2,57-30-7,https://montilab.bu.edu/Xposome/?page=HEPG2&tab=chemical_explorer&chemical_id=57-30-7&stat=gene_expression,53,2637.0,1.25,uM,WT,Human Hepg2 cell lines
HepG2,57-30-7,https://montilab.bu.edu/Xposome/?page=HEPG2&tab=chemical_explorer&chemical_id=57-30-7&stat=gene_expression,42,2637.0,10.0,uM,WT,Human Hepg2 cell lines
HepG2,57-30-7,https://montilab.bu.edu/Xposome/?page=HEPG2&tab=chemical_explorer&chemical_id=57-30-7&stat=gene_expression,40,2637.0,2.5,uM,WT,Human Hepg2 cell lines
HepG2,57-30-7,https://montilab.bu.edu/Xposome/?page=HEPG2&tab=chemical_explorer&chemical_id=57-30-7&stat=gene_expression,36,2637.0,20.0,uM,WT,Human Hepg2 cell lines
HepG2,57-30-7,https://montilab.bu.edu/Xposome/?page=HEPG2&tab=chemical_explorer&chemical_id=57-30-7&stat=gene_expression,41,2637.0,40.0,uM,WT,Human Hepg2 cell lines
HepG2,57-30-7,https://montilab.bu.edu/Xposome/?page=HEPG2&tab=chemical_explorer&chemical_id=57-30-7&stat=gene_expression,25,2637.0,5.0,uM,WT,Human Hepg2 cell lines
HepG2,57-63-6,https://montilab.bu.edu/Xposome/?page=HEPG2&tab=chemical_explorer&chemical_id=57-63-6&stat=gene_expression,73,220.0,1.25,uM,WT,Human Hepg2 cell lines
HepG2,57-63-6,https://montilab.bu.edu/Xposome/?page=HEPG2&tab=chemical_explorer&chemical_id=57-63-6&stat=gene_expression,88,220.0,10.0,uM,WT,Human Hepg2 cell lines
HepG2,57-63-6,https://montilab.bu.edu/Xposome/?page=HEPG2&tab=chemical_explorer&chemical_id=57-63-6&stat=gene_expression,46,220.0,2.5,uM,WT,Human Hepg2 cell lines
HepG2,57-63-6,https://montilab.bu.edu/Xposome/?page=HEPG2&tab=chemical_explorer&chemical_id=57-63-6&stat=gene_expression,88,220.0,20.0,uM,WT,Human Hepg2 cell lines
HepG2,57-63-6,https://montilab.bu.edu/Xposome/?page=HEPG2&tab=chemical_explorer&chemical_id=57-63-6&stat=gene_expression,1485,220.0,40.0,uM,WT,Human Hepg2 cell lines
HepG2,57-63-6,https://montilab.bu.edu/Xposome/?page=HEPG2&tab=chemical_explorer&chemical_id=57-63-6&stat=gene_expression,63,220.0,5.0,uM,WT,Human Hepg2 cell lines
HepG2,57-97-6,https://montilab.bu.edu/Xposome/?page=HEPG2&tab=chemical_explorer&chemical_id=57-97-6&stat=gene_expression,69,702.0,1.25,uM,WT,Human Hepg2 cell lines
HepG2,57-97-6,https://montilab.bu.edu/Xposome/?page=HEPG2&tab=chemical_explorer&chemical_id=57-97-6&stat=gene_expression,102,702.0,10.0,uM,WT,Human Hepg2 cell lines
HepG2,57-97-6,https://montilab.bu.edu/Xposome/?page=HEPG2&tab=chemical_explorer&chemical_id=57-97-6&stat=gene_expression,114,702.0,2.5,uM,WT,Human Hepg2 cell lines
HepG2,57-97-6,https://montilab.bu.edu/Xposome/?page=HEPG2&tab=chemical_explorer&chemical_id=57-97-6&stat=gene_expression,243,702.0,20.0,uM,WT,Human Hepg2 cell lines
HepG2,57-97-6,https://montilab.bu.edu/Xposome/?page=HEPG2&tab=chemical_explorer&chemical_id=57-97-6&stat=gene_expression,656,702.0,40.0,uM,WT,Human Hepg2 cell lines
HepG2,57-97-6,https://montilab.bu.edu/Xposome/?page=HEPG2&tab=chemical_explorer&chemical_id=57-97-6&stat=gene_expression,67,702.0,5.0,uM,WT,Human Hepg2 cell lines
HepG2,58-08-2,https://montilab.bu.edu/Xposome/?page=HEPG2&tab=chemical_explorer&chemical_id=58-08-2&stat=gene_expression,43,1307.0,1.25,uM,WT,Human Hepg2 cell lines
HepG2,58-08-2,https://montilab.bu.edu/Xposome/?page=HEPG2&tab=chemical_explorer&chemical_id=58-08-2&stat=gene_expression,58,1307.0,10.0,uM,WT,Human Hepg2 cell lines
HepG2,58-08-2,https://montilab.bu.edu/Xposome/?page=HEPG2&tab=chemical_explorer&chemical_id=58-08-2&stat=gene_expression,41,1307.0,2.5,uM,WT,Human Hepg2 cell lines
HepG2,58-08-2,https://montilab.bu.edu/Xposome/?page=HEPG2&tab=chemical_explorer&chemical_id=58-08-2&stat=gene_expression,59,1307.0,20.0,uM,WT,Human Hepg2 cell lines
HepG2,58-08-2,https://montilab.bu.edu/Xposome/?page=HEPG2&tab=chemical_explorer&chemical_id=58-08-2&stat=gene_expression,117,1307.0,40.0,uM,WT,Human Hepg2 cell lines
HepG2,58-08-2,https://montilab.bu.edu/Xposome/?page=HEPG2&tab=chemical_explorer&chemical_id=58-08-2&stat=gene_expression,47,1307.0,5.0,uM,WT,Human Hepg2 cell lines
HepG2,58-14-0,https://montilab.bu.edu/Xposome/?page=HEPG2&tab=chemical_explorer&chemical_id=58-14-0&stat=gene_expression,1202,2743.0,1.25,uM,WT,Human Hepg2 cell lines
HepG2,58-14-0,https://montilab.bu.edu/Xposome/?page=HEPG2&tab=chemical_explorer&chemical_id=58-14-0&stat=gene_expression,310,2743.0,10.0,uM,WT,Human Hepg2 cell lines
HepG2,58-14-0,https://montilab.bu.edu/Xposome/?page=HEPG2&tab=chemical_explorer&chemical_id=58-14-0&stat=gene_expression,186,2743.0,2.5,uM,WT,Human Hepg2 cell lines
HepG2,58-14-0,https://montilab.bu.edu/Xposome/?page=HEPG2&tab=chemical_explorer&chemical_id=58-14-0&stat=gene_expression,341,2743.0,20.0,uM,WT,Human Hepg2 cell lines
HepG2,58-14-0,https://montilab.bu.edu/Xposome/?page=HEPG2&tab=chemical_explorer&chemical_id=58-14-0&stat=gene_expression,374,2743.0,40.0,uM,WT,Human Hepg2 cell lines
HepG2,58-14-0,https://montilab.bu.edu/Xposome/?page=HEPG2&tab=chemical_explorer&chemical_id=58-14-0&stat=gene_expression,279,2743.0,5.0,uM,WT,Human Hepg2 cell lines
HepG2,58-55-9,https://montilab.bu.edu/Xposome/?page=HEPG2&tab=chemical_explorer&chemical_id=58-55-9&stat=gene_expression,61,3009.0,1.25,uM,WT,Human Hepg2 cell lines
HepG2,58-55-9,https://montilab.bu.edu/Xposome/?page=HEPG2&tab=chemical_explorer&chemical_id=58-55-9&stat=gene_expression,117,3009.0,10.0,uM,WT,Human Hepg2 cell lines
HepG2,58-55-9,https://montilab.bu.edu/Xposome/?page=HEPG2&tab=chemical_explorer&chemical_id=58-55-9&stat=gene_expression,42,3009.0,2.5,uM,WT,Human Hepg2 cell lines
HepG2,58-55-9,https://montilab.bu.edu/Xposome/?page=HEPG2&tab=chemical_explorer&chemical_id=58-55-9&stat=gene_expression,108,3009.0,20.0,uM,WT,Human Hepg2 cell lines
HepG2,58-55-9,https://montilab.bu.edu/Xposome/?page=HEPG2&tab=chemical_explorer&chemical_id=58-55-9&stat=gene_expression,39,3009.0,40.0,uM,WT,Human Hepg2 cell lines
HepG2,58-55-9,https://montilab.bu.edu/Xposome/?page=HEPG2&tab=chemical_explorer&chemical_id=58-55-9&stat=gene_expression,1314,3009.0,5.0,uM,WT,Human Hepg2 cell lines
HepG2,58-93-5,https://montilab.bu.edu/Xposome/?page=HEPG2&tab=chemical_explorer&chemical_id=58-93-5&stat=gene_expression,67,1944.0,1.25,uM,WT,Human Hepg2 cell lines
HepG2,58-93-5,https://montilab.bu.edu/Xposome/?page=HEPG2&tab=chemical_explorer&chemical_id=58-93-5&stat=gene_expression,50,1944.0,10.0,uM,WT,Human Hepg2 cell lines
HepG2,58-93-5,https://montilab.bu.edu/Xposome/?page=HEPG2&tab=chemical_explorer&chemical_id=58-93-5&stat=gene_expression,52,1944.0,2.5,uM,WT,Human Hepg2 cell lines
HepG2,58-93-5,https://montilab.bu.edu/Xposome/?page=HEPG2&tab=chemical_explorer&chemical_id=58-93-5&stat=gene_expression,67,1944.0,20.0,uM,WT,Human Hepg2 cell lines
HepG2,58-93-5,https://montilab.bu.edu/Xposome/?page=HEPG2&tab=chemical_explorer&chemical_id=58-93-5&stat=gene_expression,43,1944.0,40.0,uM,WT,Human Hepg2 cell lines
HepG2,58-93-5,https://montilab.bu.edu/Xposome/?page=HEPG2&tab=chemical_explorer&chemical_id=58-93-5&stat=gene_expression,66,1944.0,5.0,uM,WT,Human Hepg2 cell lines
HepG2,59-05-2,https://montilab.bu.edu/Xposome/?page=HEPG2&tab=chemical_explorer&chemical_id=59-05-2&stat=gene_expression,588,2141.0,0.625,uM,WT,Human Hepg2 cell lines
HepG2,59-05-2,https://montilab.bu.edu/Xposome/?page=HEPG2&tab=chemical_explorer&chemical_id=59-05-2&stat=gene_expression,625,2141.0,1.25,uM,WT,Human Hepg2 cell lines
HepG2,59-05-2,https://montilab.bu.edu/Xposome/?page=HEPG2&tab=chemical_explorer&chemical_id=59-05-2&stat=gene_expression,659,2141.0,10.0,uM,WT,Human Hepg2 cell lines
HepG2,59-05-2,https://montilab.bu.edu/Xposome/?page=HEPG2&tab=chemical_explorer&chemical_id=59-05-2&stat=gene_expression,585,2141.0,2.5,uM,WT,Human Hepg2 cell lines
HepG2,59-05-2,https://montilab.bu.edu/Xposome/?page=HEPG2&tab=chemical_explorer&chemical_id=59-05-2&stat=gene_expression,573,2141.0,20.0,uM,WT,Human Hepg2 cell lines
HepG2,59-05-2,https://montilab.bu.edu/Xposome/?page=HEPG2&tab=chemical_explorer&chemical_id=59-05-2&stat=gene_expression,794,2141.0,5.0,uM,WT,Human Hepg2 cell lines
HepG2,60-35-5,https://montilab.bu.edu/Xposome/?page=HEPG2&tab=chemical_explorer&chemical_id=60-35-5&stat=gene_expression,234,951.0,1.25,uM,WT,Human Hepg2 cell lines
HepG2,60-35-5,https://montilab.bu.edu/Xposome/?page=HEPG2&tab=chemical_explorer&chemical_id=60-35-5&stat=gene_expression,34,951.0,10.0,uM,WT,Human Hepg2 cell lines
HepG2,60-35-5,https://montilab.bu.edu/Xposome/?page=HEPG2&tab=chemical_explorer&chemical_id=60-35-5&stat=gene_expression,78,951.0,2.5,uM,WT,Human Hepg2 cell lines
HepG2,60-35-5,https://montilab.bu.edu/Xposome/?page=HEPG2&tab=chemical_explorer&chemical_id=60-35-5&stat=gene_expression,120,951.0,20.0,uM,WT,Human Hepg2 cell lines
HepG2,60-35-5,https://montilab.bu.edu/Xposome/?page=HEPG2&tab=chemical_explorer&chemical_id=60-35-5&stat=gene_expression,45,951.0,40.0,uM,WT,Human Hepg2 cell lines
HepG2,60-35-5,https://montilab.bu.edu/Xposome/?page=HEPG2&tab=chemical_explorer&chemical_id=60-35-5&stat=gene_expression,40,951.0,5.0,uM,WT,Human Hepg2 cell lines
HepG2,60-51-5,https://montilab.bu.edu/Xposome/?page=HEPG2&tab=chemical_explorer&chemical_id=60-51-5&stat=gene_expression,53,1664.0,0.625,uM,WT,Human Hepg2 cell lines
HepG2,60-51-5,https://montilab.bu.edu/Xposome/?page=HEPG2&tab=chemical_explorer&chemical_id=60-51-5&stat=gene_expression,159,1664.0,1.25,uM,WT,Human Hepg2 cell lines
HepG2,60-51-5,https://montilab.bu.edu/Xposome/?page=HEPG2&tab=chemical_explorer&chemical_id=60-51-5&stat=gene_expression,42,1664.0,10.0,uM,WT,Human Hepg2 cell lines
HepG2,60-51-5,https://montilab.bu.edu/Xposome/?page=HEPG2&tab=chemical_explorer&chemical_id=60-51-5&stat=gene_expression,78,1664.0,2.5,uM,WT,Human Hepg2 cell lines
HepG2,60-51-5,https://montilab.bu.edu/Xposome/?page=HEPG2&tab=chemical_explorer&chemical_id=60-51-5&stat=gene_expression,116,1664.0,20.0,uM,WT,Human Hepg2 cell lines
HepG2,60-51-5,https://montilab.bu.edu/Xposome/?page=HEPG2&tab=chemical_explorer&chemical_id=60-51-5&stat=gene_expression,58,1664.0,5.0,uM,WT,Human Hepg2 cell lines
HepG2,606-20-2,https://montilab.bu.edu/Xposome/?page=HEPG2&tab=chemical_explorer&chemical_id=606-20-2&stat=gene_expression,121,357.0,1.25,uM,WT,Human Hepg2 cell lines
HepG2,606-20-2,https://montilab.bu.edu/Xposome/?page=HEPG2&tab=chemical_explorer&chemical_id=606-20-2&stat=gene_expression,213,357.0,10.0,uM,WT,Human Hepg2 cell lines
HepG2,606-20-2,https://montilab.bu.edu/Xposome/?page=HEPG2&tab=chemical_explorer&chemical_id=606-20-2&stat=gene_expression,83,357.0,2.5,uM,WT,Human Hepg2 cell lines
HepG2,606-20-2,https://montilab.bu.edu/Xposome/?page=HEPG2&tab=chemical_explorer&chemical_id=606-20-2&stat=gene_expression,107,357.0,20.0,uM,WT,Human Hepg2 cell lines
HepG2,606-20-2,https://montilab.bu.edu/Xposome/?page=HEPG2&tab=chemical_explorer&chemical_id=606-20-2&stat=gene_expression,168,357.0,40.0,uM,WT,Human Hepg2 cell lines
HepG2,606-20-2,https://montilab.bu.edu/Xposome/?page=HEPG2&tab=chemical_explorer&chemical_id=606-20-2&stat=gene_expression,183,357.0,5.0,uM,WT,Human Hepg2 cell lines
HepG2,607-57-8,https://montilab.bu.edu/Xposome/?page=HEPG2&tab=chemical_explorer&chemical_id=607-57-8&stat=gene_expression,61,418.0,1.25,uM,WT,Human Hepg2 cell lines
HepG2,607-57-8,https://montilab.bu.edu/Xposome/?page=HEPG2&tab=chemical_explorer&chemical_id=607-57-8&stat=gene_expression,42,418.0,10.0,uM,WT,Human Hepg2 cell lines
HepG2,607-57-8,https://montilab.bu.edu/Xposome/?page=HEPG2&tab=chemical_explorer&chemical_id=607-57-8&stat=gene_expression,41,418.0,2.5,uM,WT,Human Hepg2 cell lines
HepG2,607-57-8,https://montilab.bu.edu/Xposome/?page=HEPG2&tab=chemical_explorer&chemical_id=607-57-8&stat=gene_expression,76,418.0,20.0,uM,WT,Human Hepg2 cell lines
HepG2,607-57-8,https://montilab.bu.edu/Xposome/?page=HEPG2&tab=chemical_explorer&chemical_id=607-57-8&stat=gene_expression,72,418.0,40.0,uM,WT,Human Hepg2 cell lines
HepG2,607-57-8,https://montilab.bu.edu/Xposome/?page=HEPG2&tab=chemical_explorer&chemical_id=607-57-8&stat=gene_expression,53,418.0,5.0,uM,WT,Human Hepg2 cell lines
HepG2,62-75-9,https://montilab.bu.edu/Xposome/?page=HEPG2&tab=chemical_explorer&chemical_id=62-75-9&stat=gene_expression,66,2415.0,1.25,uM,WT,Human Hepg2 cell lines
HepG2,62-75-9,https://montilab.bu.edu/Xposome/?page=HEPG2&tab=chemical_explorer&chemical_id=62-75-9&stat=gene_expression,130,2415.0,10.0,uM,WT,Human Hepg2 cell lines
HepG2,62-75-9,https://montilab.bu.edu/Xposome/?page=HEPG2&tab=chemical_explorer&chemical_id=62-75-9&stat=gene_expression,67,2415.0,2.5,uM,WT,Human Hepg2 cell lines
HepG2,62-75-9,https://montilab.bu.edu/Xposome/?page=HEPG2&tab=chemical_explorer&chemical_id=62-75-9&stat=gene_expression,47,2415.0,20.0,uM,WT,Human Hepg2 cell lines
HepG2,62-75-9,https://montilab.bu.edu/Xposome/?page=HEPG2&tab=chemical_explorer&chemical_id=62-75-9&stat=gene_expression,55,2415.0,40.0,uM,WT,Human Hepg2 cell lines
HepG2,62-75-9,https://montilab.bu.edu/Xposome/?page=HEPG2&tab=chemical_explorer&chemical_id=62-75-9&stat=gene_expression,1118,2415.0,5.0,uM,WT,Human Hepg2 cell lines
HepG2,621-64-7,https://montilab.bu.edu/Xposome/?page=HEPG2&tab=chemical_explorer&chemical_id=621-64-7&stat=gene_expression,82,2417.0,0.625,uM,WT,Human Hepg2 cell lines
HepG2,621-64-7,https://montilab.bu.edu/Xposome/?page=HEPG2&tab=chemical_explorer&chemical_id=621-64-7&stat=gene_expression,102,2417.0,1.25,uM,WT,Human Hepg2 cell lines
HepG2,621-64-7,https://montilab.bu.edu/Xposome/?page=HEPG2&tab=chemical_explorer&chemical_id=621-64-7&stat=gene_expression,134,2417.0,10.0,uM,WT,Human Hepg2 cell lines
HepG2,621-64-7,https://montilab.bu.edu/Xposome/?page=HEPG2&tab=chemical_explorer&chemical_id=621-64-7&stat=gene_expression,90,2417.0,2.5,uM,WT,Human Hepg2 cell lines
HepG2,621-64-7,https://montilab.bu.edu/Xposome/?page=HEPG2&tab=chemical_explorer&chemical_id=621-64-7&stat=gene_expression,99,2417.0,20.0,uM,WT,Human Hepg2 cell lines
HepG2,621-64-7,https://montilab.bu.edu/Xposome/?page=HEPG2&tab=chemical_explorer&chemical_id=621-64-7&stat=gene_expression,176,2417.0,5.0,uM,WT,Human Hepg2 cell lines
HepG2,637-07-0,https://montilab.bu.edu/Xposome/?page=HEPG2&tab=chemical_explorer&chemical_id=637-07-0&stat=gene_expression,112,1383.0,0.625,uM,WT,Human Hepg2 cell lines
HepG2,637-07-0,https://montilab.bu.edu/Xposome/?page=HEPG2&tab=chemical_explorer&chemical_id=637-07-0&stat=gene_expression,38,1383.0,1.25,uM,WT,Human Hepg2 cell lines
HepG2,637-07-0,https://montilab.bu.edu/Xposome/?page=HEPG2&tab=chemical_explorer&chemical_id=637-07-0&stat=gene_expression,55,1383.0,10.0,uM,WT,Human Hepg2 cell lines
HepG2,637-07-0,https://montilab.bu.edu/Xposome/?page=HEPG2&tab=chemical_explorer&chemical_id=637-07-0&stat=gene_expression,140,1383.0,2.5,uM,WT,Human Hepg2 cell lines
HepG2,637-07-0,https://montilab.bu.edu/Xposome/?page=HEPG2&tab=chemical_explorer&chemical_id=637-07-0&stat=gene_expression,67,1383.0,20.0,uM,WT,Human Hepg2 cell lines
HepG2,637-07-0,https://montilab.bu.edu/Xposome/?page=HEPG2&tab=chemical_explorer&chemical_id=637-07-0&stat=gene_expression,40,1383.0,5.0,uM,WT,Human Hepg2 cell lines
HepG2,68-12-2,https://montilab.bu.edu/Xposome/?page=HEPG2&tab=chemical_explorer&chemical_id=68-12-2&stat=gene_expression,63,2411.0,1.25,uM,WT,Human Hepg2 cell lines
HepG2,68-12-2,https://montilab.bu.edu/Xposome/?page=HEPG2&tab=chemical_explorer&chemical_id=68-12-2&stat=gene_expression,70,2411.0,10.0,uM,WT,Human Hepg2 cell lines
HepG2,68-12-2,https://montilab.bu.edu/Xposome/?page=HEPG2&tab=chemical_explorer&chemical_id=68-12-2&stat=gene_expression,78,2411.0,2.5,uM,WT,Human Hepg2 cell lines
HepG2,68-12-2,https://montilab.bu.edu/Xposome/?page=HEPG2&tab=chemical_explorer&chemical_id=68-12-2&stat=gene_expression,56,2411.0,20.0,uM,WT,Human Hepg2 cell lines
HepG2,68-12-2,https://montilab.bu.edu/Xposome/?page=HEPG2&tab=chemical_explorer&chemical_id=68-12-2&stat=gene_expression,56,2411.0,40.0,uM,WT,Human Hepg2 cell lines
HepG2,68-12-2,https://montilab.bu.edu/Xposome/?page=HEPG2&tab=chemical_explorer&chemical_id=68-12-2&stat=gene_expression,67,2411.0,5.0,uM,WT,Human Hepg2 cell lines
HepG2,69-65-8,https://montilab.bu.edu/Xposome/?page=HEPG2&tab=chemical_explorer&chemical_id=69-65-8&stat=gene_expression,36,1704.0,1.25,uM,WT,Human Hepg2 cell lines
HepG2,69-65-8,https://montilab.bu.edu/Xposome/?page=HEPG2&tab=chemical_explorer&chemical_id=69-65-8&stat=gene_expression,53,1704.0,10.0,uM,WT,Human Hepg2 cell lines
HepG2,69-65-8,https://montilab.bu.edu/Xposome/?page=HEPG2&tab=chemical_explorer&chemical_id=69-65-8&stat=gene_expression,27,1704.0,2.5,uM,WT,Human Hepg2 cell lines
HepG2,69-65-8,https://montilab.bu.edu/Xposome/?page=HEPG2&tab=chemical_explorer&chemical_id=69-65-8&stat=gene_expression,58,1704.0,20.0,uM,WT,Human Hepg2 cell lines
HepG2,69-65-8,https://montilab.bu.edu/Xposome/?page=HEPG2&tab=chemical_explorer&chemical_id=69-65-8&stat=gene_expression,49,1704.0,40.0,uM,WT,Human Hepg2 cell lines
HepG2,69-65-8,https://montilab.bu.edu/Xposome/?page=HEPG2&tab=chemical_explorer&chemical_id=69-65-8&stat=gene_expression,58,1704.0,5.0,uM,WT,Human Hepg2 cell lines
HepG2,70-30-4,https://montilab.bu.edu/Xposome/?page=HEPG2&tab=chemical_explorer&chemical_id=70-30-4&stat=gene_expression,66,1930.0,1.25,uM,WT,Human Hepg2 cell lines
HepG2,70-30-4,https://montilab.bu.edu/Xposome/?page=HEPG2&tab=chemical_explorer&chemical_id=70-30-4&stat=gene_expression,1225,1930.0,10.0,uM,WT,Human Hepg2 cell lines
HepG2,70-30-4,https://montilab.bu.edu/Xposome/?page=HEPG2&tab=chemical_explorer&chemical_id=70-30-4&stat=gene_expression,412,1930.0,2.5,uM,WT,Human Hepg2 cell lines
HepG2,70-30-4,https://montilab.bu.edu/Xposome/?page=HEPG2&tab=chemical_explorer&chemical_id=70-30-4&stat=gene_expression,1359,1930.0,20.0,uM,WT,Human Hepg2 cell lines
HepG2,70-30-4,https://montilab.bu.edu/Xposome/?page=HEPG2&tab=chemical_explorer&chemical_id=70-30-4&stat=gene_expression,1271,1930.0,40.0,uM,WT,Human Hepg2 cell lines
HepG2,70-30-4,https://montilab.bu.edu/Xposome/?page=HEPG2&tab=chemical_explorer&chemical_id=70-30-4&stat=gene_expression,979,1930.0,5.0,uM,WT,Human Hepg2 cell lines
HepG2,72-20-8,https://montilab.bu.edu/Xposome/?page=HEPG2&tab=chemical_explorer&chemical_id=72-20-8&stat=gene_expression,61,1764.0,1.25,uM,WT,Human Hepg2 cell lines
HepG2,72-20-8,https://montilab.bu.edu/Xposome/?page=HEPG2&tab=chemical_explorer&chemical_id=72-20-8&stat=gene_expression,47,1764.0,10.0,uM,WT,Human Hepg2 cell lines
HepG2,72-20-8,https://montilab.bu.edu/Xposome/?page=HEPG2&tab=chemical_explorer&chemical_id=72-20-8&stat=gene_expression,127,1764.0,2.5,uM,WT,Human Hepg2 cell lines
HepG2,72-20-8,https://montilab.bu.edu/Xposome/?page=HEPG2&tab=chemical_explorer&chemical_id=72-20-8&stat=gene_expression,41,1764.0,20.0,uM,WT,Human Hepg2 cell lines
HepG2,72-20-8,https://montilab.bu.edu/Xposome/?page=HEPG2&tab=chemical_explorer&chemical_id=72-20-8&stat=gene_expression,41,1764.0,40.0,uM,WT,Human Hepg2 cell lines
HepG2,72-20-8,https://montilab.bu.edu/Xposome/?page=HEPG2&tab=chemical_explorer&chemical_id=72-20-8&stat=gene_expression,42,1764.0,5.0,uM,WT,Human Hepg2 cell lines
HepG2,72-43-5,https://montilab.bu.edu/Xposome/?page=HEPG2&tab=chemical_explorer&chemical_id=72-43-5&stat=gene_expression,85,2142.0,1.25,uM,WT,Human Hepg2 cell lines
HepG2,72-43-5,https://montilab.bu.edu/Xposome/?page=HEPG2&tab=chemical_explorer&chemical_id=72-43-5&stat=gene_expression,47,2142.0,10.0,uM,WT,Human Hepg2 cell lines
HepG2,72-43-5,https://montilab.bu.edu/Xposome/?page=HEPG2&tab=chemical_explorer&chemical_id=72-43-5&stat=gene_expression,153,2142.0,2.5,uM,WT,Human Hepg2 cell lines
HepG2,72-43-5,https://montilab.bu.edu/Xposome/?page=HEPG2&tab=chemical_explorer&chemical_id=72-43-5&stat=gene_expression,64,2142.0,20.0,uM,WT,Human Hepg2 cell lines
HepG2,72-43-5,https://montilab.bu.edu/Xposome/?page=HEPG2&tab=chemical_explorer&chemical_id=72-43-5&stat=gene_expression,130,2142.0,40.0,uM,WT,Human Hepg2 cell lines
HepG2,72-43-5,https://montilab.bu.edu/Xposome/?page=HEPG2&tab=chemical_explorer&chemical_id=72-43-5&stat=gene_expression,92,2142.0,5.0,uM,WT,Human Hepg2 cell lines
HepG2,72-56-0,https://montilab.bu.edu/Xposome/?page=HEPG2&tab=chemical_explorer&chemical_id=72-56-0&stat=gene_expression,32,10135.0,0.625,uM,WT,Human Hepg2 cell lines
HepG2,72-56-0,https://montilab.bu.edu/Xposome/?page=HEPG2&tab=chemical_explorer&chemical_id=72-56-0&stat=gene_expression,51,10135.0,1.25,uM,WT,Human Hepg2 cell lines
HepG2,72-56-0,https://montilab.bu.edu/Xposome/?page=HEPG2&tab=chemical_explorer&chemical_id=72-56-0&stat=gene_expression,60,10135.0,10.0,uM,WT,Human Hepg2 cell lines
HepG2,72-56-0,https://montilab.bu.edu/Xposome/?page=HEPG2&tab=chemical_explorer&chemical_id=72-56-0&stat=gene_expression,107,10135.0,2.5,uM,WT,Human Hepg2 cell lines
HepG2,72-56-0,https://montilab.bu.edu/Xposome/?page=HEPG2&tab=chemical_explorer&chemical_id=72-56-0&stat=gene_expression,44,10135.0,20.0,uM,WT,Human Hepg2 cell lines
HepG2,72-56-0,https://montilab.bu.edu/Xposome/?page=HEPG2&tab=chemical_explorer&chemical_id=72-56-0&stat=gene_expression,130,10135.0,5.0,uM,WT,Human Hepg2 cell lines
HepG2,73-22-3,https://montilab.bu.edu/Xposome/?page=HEPG2&tab=chemical_explorer&chemical_id=73-22-3&stat=gene_expression,441,2098.0,1.25,uM,WT,Human Hepg2 cell lines
HepG2,73-22-3,https://montilab.bu.edu/Xposome/?page=HEPG2&tab=chemical_explorer&chemical_id=73-22-3&stat=gene_expression,65,2098.0,10.0,uM,WT,Human Hepg2 cell lines
HepG2,73-22-3,https://montilab.bu.edu/Xposome/?page=HEPG2&tab=chemical_explorer&chemical_id=73-22-3&stat=gene_expression,60,2098.0,2.5,uM,WT,Human Hepg2 cell lines
HepG2,73-22-3,https://montilab.bu.edu/Xposome/?page=HEPG2&tab=chemical_explorer&chemical_id=73-22-3&stat=gene_expression,36,2098.0,20.0,uM,WT,Human Hepg2 cell lines
HepG2,73-22-3,https://montilab.bu.edu/Xposome/?page=HEPG2&tab=chemical_explorer&chemical_id=73-22-3&stat=gene_expression,71,2098.0,40.0,uM,WT,Human Hepg2 cell lines
HepG2,73-22-3,https://montilab.bu.edu/Xposome/?page=HEPG2&tab=chemical_explorer&chemical_id=73-22-3&stat=gene_expression,51,2098.0,5.0,uM,WT,Human Hepg2 cell lines
HepG2,7632-00-0,https://montilab.bu.edu/Xposome/?page=HEPG2&tab=chemical_explorer&chemical_id=7632-00-0&stat=gene_expression,76,2886.0,1.25,uM,WT,Human Hepg2 cell lines
HepG2,7632-00-0,https://montilab.bu.edu/Xposome/?page=HEPG2&tab=chemical_explorer&chemical_id=7632-00-0&stat=gene_expression,37,2886.0,10.0,uM,WT,Human Hepg2 cell lines
HepG2,7632-00-0,https://montilab.bu.edu/Xposome/?page=HEPG2&tab=chemical_explorer&chemical_id=7632-00-0&stat=gene_expression,32,2886.0,2.5,uM,WT,Human Hepg2 cell lines
HepG2,7632-00-0,https://montilab.bu.edu/Xposome/?page=HEPG2&tab=chemical_explorer&chemical_id=7632-00-0&stat=gene_expression,33,2886.0,20.0,uM,WT,Human Hepg2 cell lines
HepG2,7632-00-0,https://montilab.bu.edu/Xposome/?page=HEPG2&tab=chemical_explorer&chemical_id=7632-00-0&stat=gene_expression,39,2886.0,40.0,uM,WT,Human Hepg2 cell lines
HepG2,7632-00-0,https://montilab.bu.edu/Xposome/?page=HEPG2&tab=chemical_explorer&chemical_id=7632-00-0&stat=gene_expression,55,2886.0,5.0,uM,WT,Human Hepg2 cell lines
HepG2,77-47-4,https://montilab.bu.edu/Xposome/?page=HEPG2&tab=chemical_explorer&chemical_id=77-47-4&stat=gene_expression,65,1929.0,1.25,uM,WT,Human Hepg2 cell lines
HepG2,77-47-4,https://montilab.bu.edu/Xposome/?page=HEPG2&tab=chemical_explorer&chemical_id=77-47-4&stat=gene_expression,1563,1929.0,10.0,uM,WT,Human Hepg2 cell lines
HepG2,77-47-4,https://montilab.bu.edu/Xposome/?page=HEPG2&tab=chemical_explorer&chemical_id=77-47-4&stat=gene_expression,1600,1929.0,20.0,uM,WT,Human Hepg2 cell lines
HepG2,77-47-4,https://montilab.bu.edu/Xposome/?page=HEPG2&tab=chemical_explorer&chemical_id=77-47-4&stat=gene_expression,1488,1929.0,40.0,uM,WT,Human Hepg2 cell lines
HepG2,77-47-4,https://montilab.bu.edu/Xposome/?page=HEPG2&tab=chemical_explorer&chemical_id=77-47-4&stat=gene_expression,233,1929.0,5.0,uM,WT,Human Hepg2 cell lines
HepG2,78-34-2,https://montilab.bu.edu/Xposome/?page=HEPG2&tab=chemical_explorer&chemical_id=78-34-2&stat=gene_expression,62,10456.0,0.625,uM,WT,Human Hepg2 cell lines
HepG2,78-34-2,https://montilab.bu.edu/Xposome/?page=HEPG2&tab=chemical_explorer&chemical_id=78-34-2&stat=gene_expression,45,10456.0,1.25,uM,WT,Human Hepg2 cell lines
HepG2,78-34-2,https://montilab.bu.edu/Xposome/?page=HEPG2&tab=chemical_explorer&chemical_id=78-34-2&stat=gene_expression,52,10456.0,10.0,uM,WT,Human Hepg2 cell lines
HepG2,78-34-2,https://montilab.bu.edu/Xposome/?page=HEPG2&tab=chemical_explorer&chemical_id=78-34-2&stat=gene_expression,40,10456.0,2.5,uM,WT,Human Hepg2 cell lines
HepG2,78-34-2,https://montilab.bu.edu/Xposome/?page=HEPG2&tab=chemical_explorer&chemical_id=78-34-2&stat=gene_expression,81,10456.0,20.0,uM,WT,Human Hepg2 cell lines
HepG2,78-34-2,https://montilab.bu.edu/Xposome/?page=HEPG2&tab=chemical_explorer&chemical_id=78-34-2&stat=gene_expression,39,10456.0,5.0,uM,WT,Human Hepg2 cell lines
HepG2,79-43-6,https://montilab.bu.edu/Xposome/?page=HEPG2&tab=chemical_explorer&chemical_id=79-43-6&stat=gene_expression,109,1627.0,1.25,uM,WT,Human Hepg2 cell lines
HepG2,79-43-6,https://montilab.bu.edu/Xposome/?page=HEPG2&tab=chemical_explorer&chemical_id=79-43-6&stat=gene_expression,450,1627.0,10.0,uM,WT,Human Hepg2 cell lines
HepG2,79-43-6,https://montilab.bu.edu/Xposome/?page=HEPG2&tab=chemical_explorer&chemical_id=79-43-6&stat=gene_expression,50,1627.0,2.5,uM,WT,Human Hepg2 cell lines
HepG2,79-43-6,https://montilab.bu.edu/Xposome/?page=HEPG2&tab=chemical_explorer&chemical_id=79-43-6&stat=gene_expression,94,1627.0,20.0,uM,WT,Human Hepg2 cell lines
HepG2,79-43-6,https://montilab.bu.edu/Xposome/?page=HEPG2&tab=chemical_explorer&chemical_id=79-43-6&stat=gene_expression,83,1627.0,40.0,uM,WT,Human Hepg2 cell lines
HepG2,79-43-6,https://montilab.bu.edu/Xposome/?page=HEPG2&tab=chemical_explorer&chemical_id=79-43-6&stat=gene_expression,57,1627.0,5.0,uM,WT,Human Hepg2 cell lines
HepG2,79-94-7,https://montilab.bu.edu/Xposome/?page=HEPG2&tab=chemical_explorer&chemical_id=79-94-7&stat=gene_expression,40,467.0,1.25,uM,WT,Human Hepg2 cell lines
HepG2,79-94-7,https://montilab.bu.edu/Xposome/?page=HEPG2&tab=chemical_explorer&chemical_id=79-94-7&stat=gene_expression,40,441.0,1.25,uM,WT,Human Hepg2 cell lines
HepG2,79-94-7,https://montilab.bu.edu/Xposome/?page=HEPG2&tab=chemical_explorer&chemical_id=79-94-7&stat=gene_expression,146,467.0,10.0,uM,WT,Human Hepg2 cell lines
HepG2,79-94-7,https://montilab.bu.edu/Xposome/?page=HEPG2&tab=chemical_explorer&chemical_id=79-94-7&stat=gene_expression,146,441.0,10.0,uM,WT,Human Hepg2 cell lines
HepG2,79-94-7,https://montilab.bu.edu/Xposome/?page=HEPG2&tab=chemical_explorer&chemical_id=79-94-7&stat=gene_expression,54,467.0,2.5,uM,WT,Human Hepg2 cell lines
HepG2,79-94-7,https://montilab.bu.edu/Xposome/?page=HEPG2&tab=chemical_explorer&chemical_id=79-94-7&stat=gene_expression,54,441.0,2.5,uM,WT,Human Hepg2 cell lines
HepG2,79-94-7,https://montilab.bu.edu/Xposome/?page=HEPG2&tab=chemical_explorer&chemical_id=79-94-7&stat=gene_expression,87,467.0,20.0,uM,WT,Human Hepg2 cell lines
HepG2,79-94-7,https://montilab.bu.edu/Xposome/?page=HEPG2&tab=chemical_explorer&chemical_id=79-94-7&stat=gene_expression,87,441.0,20.0,uM,WT,Human Hepg2 cell lines
HepG2,79-94-7,https://montilab.bu.edu/Xposome/?page=HEPG2&tab=chemical_explorer&chemical_id=79-94-7&stat=gene_expression,110,467.0,40.0,uM,WT,Human Hepg2 cell lines
HepG2,79-94-7,https://montilab.bu.edu/Xposome/?page=HEPG2&tab=chemical_explorer&chemical_id=79-94-7&stat=gene_expression,110,441.0,40.0,uM,WT,Human Hepg2 cell lines
HepG2,79-94-7,https://montilab.bu.edu/Xposome/?page=HEPG2&tab=chemical_explorer&chemical_id=79-94-7&stat=gene_expression,45,467.0,5.0,uM,WT,Human Hepg2 cell lines
HepG2,79-94-7,https://montilab.bu.edu/Xposome/?page=HEPG2&tab=chemical_explorer&chemical_id=79-94-7&stat=gene_expression,45,441.0,5.0,uM,WT,Human Hepg2 cell lines
HepG2,80-05-7,https://montilab.bu.edu/Xposome/?page=HEPG2&tab=chemical_explorer&chemical_id=80-05-7&stat=gene_expression,1006,1211.0,1.25,uM,WT,Human Hepg2 cell lines
HepG2,80-05-7,https://montilab.bu.edu/Xposome/?page=HEPG2&tab=chemical_explorer&chemical_id=80-05-7&stat=gene_expression,37,1211.0,10.0,uM,WT,Human Hepg2 cell lines
HepG2,80-05-7,https://montilab.bu.edu/Xposome/?page=HEPG2&tab=chemical_explorer&chemical_id=80-05-7&stat=gene_expression,38,1211.0,2.5,uM,WT,Human Hepg2 cell lines
HepG2,80-05-7,https://montilab.bu.edu/Xposome/?page=HEPG2&tab=chemical_explorer&chemical_id=80-05-7&stat=gene_expression,45,1211.0,20.0,uM,WT,Human Hepg2 cell lines
HepG2,80-05-7,https://montilab.bu.edu/Xposome/?page=HEPG2&tab=chemical_explorer&chemical_id=80-05-7&stat=gene_expression,76,1211.0,40.0,uM,WT,Human Hepg2 cell lines
HepG2,80-05-7,https://montilab.bu.edu/Xposome/?page=HEPG2&tab=chemical_explorer&chemical_id=80-05-7&stat=gene_expression,61,1211.0,5.0,uM,WT,Human Hepg2 cell lines
HepG2,828-00-2,https://montilab.bu.edu/Xposome/?page=HEPG2&tab=chemical_explorer&chemical_id=828-00-2&stat=gene_expression,54,1666.0,1.25,uM,WT,Human Hepg2 cell lines
HepG2,828-00-2,https://montilab.bu.edu/Xposome/?page=HEPG2&tab=chemical_explorer&chemical_id=828-00-2&stat=gene_expression,70,1666.0,10.0,uM,WT,Human Hepg2 cell lines
HepG2,828-00-2,https://montilab.bu.edu/Xposome/?page=HEPG2&tab=chemical_explorer&chemical_id=828-00-2&stat=gene_expression,59,1666.0,2.5,uM,WT,Human Hepg2 cell lines
HepG2,828-00-2,https://montilab.bu.edu/Xposome/?page=HEPG2&tab=chemical_explorer&chemical_id=828-00-2&stat=gene_expression,77,1666.0,20.0,uM,WT,Human Hepg2 cell lines
HepG2,828-00-2,https://montilab.bu.edu/Xposome/?page=HEPG2&tab=chemical_explorer&chemical_id=828-00-2&stat=gene_expression,266,1666.0,40.0,uM,WT,Human Hepg2 cell lines
HepG2,828-00-2,https://montilab.bu.edu/Xposome/?page=HEPG2&tab=chemical_explorer&chemical_id=828-00-2&stat=gene_expression,83,1666.0,5.0,uM,WT,Human Hepg2 cell lines
HepG2,83-79-4,https://montilab.bu.edu/Xposome/?page=HEPG2&tab=chemical_explorer&chemical_id=83-79-4&stat=gene_expression,642,2813.0,1.25,uM,WT,Human Hepg2 cell lines
HepG2,83-79-4,https://montilab.bu.edu/Xposome/?page=HEPG2&tab=chemical_explorer&chemical_id=83-79-4&stat=gene_expression,1016,2813.0,10.0,uM,WT,Human Hepg2 cell lines
HepG2,83-79-4,https://montilab.bu.edu/Xposome/?page=HEPG2&tab=chemical_explorer&chemical_id=83-79-4&stat=gene_expression,1142,2813.0,2.5,uM,WT,Human Hepg2 cell lines
HepG2,83-79-4,https://montilab.bu.edu/Xposome/?page=HEPG2&tab=chemical_explorer&chemical_id=83-79-4&stat=gene_expression,1510,2813.0,20.0,uM,WT,Human Hepg2 cell lines
HepG2,83-79-4,https://montilab.bu.edu/Xposome/?page=HEPG2&tab=chemical_explorer&chemical_id=83-79-4&stat=gene_expression,1463,2813.0,40.0,uM,WT,Human Hepg2 cell lines
HepG2,83-79-4,https://montilab.bu.edu/Xposome/?page=HEPG2&tab=chemical_explorer&chemical_id=83-79-4&stat=gene_expression,1023,2813.0,5.0,uM,WT,Human Hepg2 cell lines
HepG2,838-88-0,https://montilab.bu.edu/Xposome/?page=HEPG2&tab=chemical_explorer&chemical_id=838-88-0&stat=gene_expression,168,557.0,1.25,uM,WT,Human Hepg2 cell lines
HepG2,838-88-0,https://montilab.bu.edu/Xposome/?page=HEPG2&tab=chemical_explorer&chemical_id=838-88-0&stat=gene_expression,54,557.0,10.0,uM,WT,Human Hepg2 cell lines
HepG2,838-88-0,https://montilab.bu.edu/Xposome/?page=HEPG2&tab=chemical_explorer&chemical_id=838-88-0&stat=gene_expression,82,557.0,2.5,uM,WT,Human Hepg2 cell lines
HepG2,838-88-0,https://montilab.bu.edu/Xposome/?page=HEPG2&tab=chemical_explorer&chemical_id=838-88-0&stat=gene_expression,81,557.0,20.0,uM,WT,Human Hepg2 cell lines
HepG2,838-88-0,https://montilab.bu.edu/Xposome/?page=HEPG2&tab=chemical_explorer&chemical_id=838-88-0&stat=gene_expression,60,557.0,40.0,uM,WT,Human Hepg2 cell lines
HepG2,838-88-0,https://montilab.bu.edu/Xposome/?page=HEPG2&tab=chemical_explorer&chemical_id=838-88-0&stat=gene_expression,49,557.0,5.0,uM,WT,Human Hepg2 cell lines
HepG2,842-07-9,https://montilab.bu.edu/Xposome/?page=HEPG2&tab=chemical_explorer&chemical_id=842-07-9&stat=gene_expression,207,1273.0,1.25,uM,WT,Human Hepg2 cell lines
HepG2,842-07-9,https://montilab.bu.edu/Xposome/?page=HEPG2&tab=chemical_explorer&chemical_id=842-07-9&stat=gene_expression,308,1273.0,10.0,uM,WT,Human Hepg2 cell lines
HepG2,842-07-9,https://montilab.bu.edu/Xposome/?page=HEPG2&tab=chemical_explorer&chemical_id=842-07-9&stat=gene_expression,210,1273.0,2.5,uM,WT,Human Hepg2 cell lines
HepG2,842-07-9,https://montilab.bu.edu/Xposome/?page=HEPG2&tab=chemical_explorer&chemical_id=842-07-9&stat=gene_expression,282,1273.0,20.0,uM,WT,Human Hepg2 cell lines
HepG2,842-07-9,https://montilab.bu.edu/Xposome/?page=HEPG2&tab=chemical_explorer&chemical_id=842-07-9&stat=gene_expression,355,1273.0,40.0,uM,WT,Human Hepg2 cell lines
HepG2,842-07-9,https://montilab.bu.edu/Xposome/?page=HEPG2&tab=chemical_explorer&chemical_id=842-07-9&stat=gene_expression,330,1273.0,5.0,uM,WT,Human Hepg2 cell lines
HepG2,85-68-7,https://montilab.bu.edu/Xposome/?page=HEPG2&tab=chemical_explorer&chemical_id=85-68-7&stat=gene_expression,126,1268.0,0.625,uM,WT,Human Hepg2 cell lines
HepG2,85-68-7,https://montilab.bu.edu/Xposome/?page=HEPG2&tab=chemical_explorer&chemical_id=85-68-7&stat=gene_expression,80,1268.0,1.25,uM,WT,Human Hepg2 cell lines
HepG2,85-68-7,https://montilab.bu.edu/Xposome/?page=HEPG2&tab=chemical_explorer&chemical_id=85-68-7&stat=gene_expression,116,1268.0,10.0,uM,WT,Human Hepg2 cell lines
HepG2,85-68-7,https://montilab.bu.edu/Xposome/?page=HEPG2&tab=chemical_explorer&chemical_id=85-68-7&stat=gene_expression,52,1268.0,2.5,uM,WT,Human Hepg2 cell lines
HepG2,85-68-7,https://montilab.bu.edu/Xposome/?page=HEPG2&tab=chemical_explorer&chemical_id=85-68-7&stat=gene_expression,492,1268.0,20.0,uM,WT,Human Hepg2 cell lines
HepG2,85-68-7,https://montilab.bu.edu/Xposome/?page=HEPG2&tab=chemical_explorer&chemical_id=85-68-7&stat=gene_expression,91,1268.0,5.0,uM,WT,Human Hepg2 cell lines
HepG2,86-50-0,https://montilab.bu.edu/Xposome/?page=HEPG2&tab=chemical_explorer&chemical_id=86-50-0&stat=gene_expression,37,1119.0,0.625,uM,WT,Human Hepg2 cell lines
HepG2,86-50-0,https://montilab.bu.edu/Xposome/?page=HEPG2&tab=chemical_explorer&chemical_id=86-50-0&stat=gene_expression,66,1119.0,1.25,uM,WT,Human Hepg2 cell lines
HepG2,86-50-0,https://montilab.bu.edu/Xposome/?page=HEPG2&tab=chemical_explorer&chemical_id=86-50-0&stat=gene_expression,82,1119.0,10.0,uM,WT,Human Hepg2 cell lines
HepG2,86-50-0,https://montilab.bu.edu/Xposome/?page=HEPG2&tab=chemical_explorer&chemical_id=86-50-0&stat=gene_expression,69,1119.0,2.5,uM,WT,Human Hepg2 cell lines
HepG2,86-50-0,https://montilab.bu.edu/Xposome/?page=HEPG2&tab=chemical_explorer&chemical_id=86-50-0&stat=gene_expression,44,1119.0,20.0,uM,WT,Human Hepg2 cell lines
HepG2,86-50-0,https://montilab.bu.edu/Xposome/?page=HEPG2&tab=chemical_explorer&chemical_id=86-50-0&stat=gene_expression,74,1119.0,5.0,uM,WT,Human Hepg2 cell lines
HepG2,86-57-7,https://montilab.bu.edu/Xposome/?page=HEPG2&tab=chemical_explorer&chemical_id=86-57-7&stat=gene_expression,71,251.0,1.25,uM,WT,Human Hepg2 cell lines
HepG2,86-57-7,https://montilab.bu.edu/Xposome/?page=HEPG2&tab=chemical_explorer&chemical_id=86-57-7&stat=gene_expression,79,251.0,10.0,uM,WT,Human Hepg2 cell lines
HepG2,86-57-7,https://montilab.bu.edu/Xposome/?page=HEPG2&tab=chemical_explorer&chemical_id=86-57-7&stat=gene_expression,116,251.0,2.5,uM,WT,Human Hepg2 cell lines
HepG2,86-57-7,https://montilab.bu.edu/Xposome/?page=HEPG2&tab=chemical_explorer&chemical_id=86-57-7&stat=gene_expression,35,251.0,20.0,uM,WT,Human Hepg2 cell lines
HepG2,86-57-7,https://montilab.bu.edu/Xposome/?page=HEPG2&tab=chemical_explorer&chemical_id=86-57-7&stat=gene_expression,50,251.0,40.0,uM,WT,Human Hepg2 cell lines
HepG2,86-57-7,https://montilab.bu.edu/Xposome/?page=HEPG2&tab=chemical_explorer&chemical_id=86-57-7&stat=gene_expression,58,251.0,5.0,uM,WT,Human Hepg2 cell lines
HepG2,86386-73-4,https://montilab.bu.edu/Xposome/?page=HEPG2&tab=chemical_explorer&chemical_id=86386-73-4&stat=gene_expression,42,1845.0,0.625,uM,WT,Human Hepg2 cell lines
HepG2,86386-73-4,https://montilab.bu.edu/Xposome/?page=HEPG2&tab=chemical_explorer&chemical_id=86386-73-4&stat=gene_expression,43,1845.0,1.25,uM,WT,Human Hepg2 cell lines
HepG2,86386-73-4,https://montilab.bu.edu/Xposome/?page=HEPG2&tab=chemical_explorer&chemical_id=86386-73-4&stat=gene_expression,52,1845.0,10.0,uM,WT,Human Hepg2 cell lines
HepG2,86386-73-4,https://montilab.bu.edu/Xposome/?page=HEPG2&tab=chemical_explorer&chemical_id=86386-73-4&stat=gene_expression,93,1845.0,2.5,uM,WT,Human Hepg2 cell lines
HepG2,86386-73-4,https://montilab.bu.edu/Xposome/?page=HEPG2&tab=chemical_explorer&chemical_id=86386-73-4&stat=gene_expression,70,1845.0,20.0,uM,WT,Human Hepg2 cell lines
HepG2,86386-73-4,https://montilab.bu.edu/Xposome/?page=HEPG2&tab=chemical_explorer&chemical_id=86386-73-4&stat=gene_expression,60,1845.0,5.0,uM,WT,Human Hepg2 cell lines
HepG2,87-86-5,https://montilab.bu.edu/Xposome/?page=HEPG2&tab=chemical_explorer&chemical_id=87-86-5&stat=gene_expression,67,2573.0,1.25,uM,WT,Human Hepg2 cell lines
HepG2,87-86-5,https://montilab.bu.edu/Xposome/?page=HEPG2&tab=chemical_explorer&chemical_id=87-86-5&stat=gene_expression,85,2573.0,10.0,uM,WT,Human Hepg2 cell lines
HepG2,87-86-5,https://montilab.bu.edu/Xposome/?page=HEPG2&tab=chemical_explorer&chemical_id=87-86-5&stat=gene_expression,41,2573.0,2.5,uM,WT,Human Hepg2 cell lines
HepG2,87-86-5,https://montilab.bu.edu/Xposome/?page=HEPG2&tab=chemical_explorer&chemical_id=87-86-5&stat=gene_expression,184,2573.0,20.0,uM,WT,Human Hepg2 cell lines
HepG2,87-86-5,https://montilab.bu.edu/Xposome/?page=HEPG2&tab=chemical_explorer&chemical_id=87-86-5&stat=gene_expression,228,2573.0,40.0,uM,WT,Human Hepg2 cell lines
HepG2,87-86-5,https://montilab.bu.edu/Xposome/?page=HEPG2&tab=chemical_explorer&chemical_id=87-86-5&stat=gene_expression,58,2573.0,5.0,uM,WT,Human Hepg2 cell lines
HepG2,88-12-0,https://montilab.bu.edu/Xposome/?page=HEPG2&tab=chemical_explorer&chemical_id=88-12-0&stat=gene_expression,67,2467.0,1.25,uM,WT,Human Hepg2 cell lines
HepG2,88-12-0,https://montilab.bu.edu/Xposome/?page=HEPG2&tab=chemical_explorer&chemical_id=88-12-0&stat=gene_expression,380,2467.0,10.0,uM,WT,Human Hepg2 cell lines
HepG2,88-12-0,https://montilab.bu.edu/Xposome/?page=HEPG2&tab=chemical_explorer&chemical_id=88-12-0&stat=gene_expression,1318,2467.0,2.5,uM,WT,Human Hepg2 cell lines
HepG2,88-12-0,https://montilab.bu.edu/Xposome/?page=HEPG2&tab=chemical_explorer&chemical_id=88-12-0&stat=gene_expression,117,2467.0,20.0,uM,WT,Human Hepg2 cell lines
HepG2,88-12-0,https://montilab.bu.edu/Xposome/?page=HEPG2&tab=chemical_explorer&chemical_id=88-12-0&stat=gene_expression,135,2467.0,40.0,uM,WT,Human Hepg2 cell lines
HepG2,88-12-0,https://montilab.bu.edu/Xposome/?page=HEPG2&tab=chemical_explorer&chemical_id=88-12-0&stat=gene_expression,57,2467.0,5.0,uM,WT,Human Hepg2 cell lines
HepG2,88-72-2,https://montilab.bu.edu/Xposome/?page=HEPG2&tab=chemical_explorer&chemical_id=88-72-2&stat=gene_expression,63,421.0,1.25,uM,WT,Human Hepg2 cell lines
HepG2,88-72-2,https://montilab.bu.edu/Xposome/?page=HEPG2&tab=chemical_explorer&chemical_id=88-72-2&stat=gene_expression,42,421.0,10.0,uM,WT,Human Hepg2 cell lines
HepG2,88-72-2,https://montilab.bu.edu/Xposome/?page=HEPG2&tab=chemical_explorer&chemical_id=88-72-2&stat=gene_expression,37,421.0,2.5,uM,WT,Human Hepg2 cell lines
HepG2,88-72-2,https://montilab.bu.edu/Xposome/?page=HEPG2&tab=chemical_explorer&chemical_id=88-72-2&stat=gene_expression,29,421.0,20.0,uM,WT,Human Hepg2 cell lines
HepG2,88-72-2,https://montilab.bu.edu/Xposome/?page=HEPG2&tab=chemical_explorer&chemical_id=88-72-2&stat=gene_expression,60,421.0,40.0,uM,WT,Human Hepg2 cell lines
HepG2,88-72-2,https://montilab.bu.edu/Xposome/?page=HEPG2&tab=chemical_explorer&chemical_id=88-72-2&stat=gene_expression,37,421.0,5.0,uM,WT,Human Hepg2 cell lines
HepG2,90-94-8,https://montilab.bu.edu/Xposome/?page=HEPG2&tab=chemical_explorer&chemical_id=90-94-8&stat=gene_expression,177,2165.0,1.25,uM,WT,Human Hepg2 cell lines
HepG2,90-94-8,https://montilab.bu.edu/Xposome/?page=HEPG2&tab=chemical_explorer&chemical_id=90-94-8&stat=gene_expression,413,2165.0,10.0,uM,WT,Human Hepg2 cell lines
HepG2,90-94-8,https://montilab.bu.edu/Xposome/?page=HEPG2&tab=chemical_explorer&chemical_id=90-94-8&stat=gene_expression,206,2165.0,2.5,uM,WT,Human Hepg2 cell lines
HepG2,90-94-8,https://montilab.bu.edu/Xposome/?page=HEPG2&tab=chemical_explorer&chemical_id=90-94-8&stat=gene_expression,261,2165.0,20.0,uM,WT,Human Hepg2 cell lines
HepG2,90-94-8,https://montilab.bu.edu/Xposome/?page=HEPG2&tab=chemical_explorer&chemical_id=90-94-8&stat=gene_expression,228,2165.0,40.0,uM,WT,Human Hepg2 cell lines
HepG2,90-94-8,https://montilab.bu.edu/Xposome/?page=HEPG2&tab=chemical_explorer&chemical_id=90-94-8&stat=gene_expression,217,2165.0,5.0,uM,WT,Human Hepg2 cell lines
HepG2,91-64-5,https://montilab.bu.edu/Xposome/?page=HEPG2&tab=chemical_explorer&chemical_id=91-64-5&stat=gene_expression,69,1455.0,1.25,uM,WT,Human Hepg2 cell lines
HepG2,91-64-5,https://montilab.bu.edu/Xposome/?page=HEPG2&tab=chemical_explorer&chemical_id=91-64-5&stat=gene_expression,39,1455.0,10.0,uM,WT,Human Hepg2 cell lines
HepG2,91-64-5,https://montilab.bu.edu/Xposome/?page=HEPG2&tab=chemical_explorer&chemical_id=91-64-5&stat=gene_expression,36,1455.0,2.5,uM,WT,Human Hepg2 cell lines
HepG2,91-64-5,https://montilab.bu.edu/Xposome/?page=HEPG2&tab=chemical_explorer&chemical_id=91-64-5&stat=gene_expression,62,1455.0,20.0,uM,WT,Human Hepg2 cell lines
HepG2,91-64-5,https://montilab.bu.edu/Xposome/?page=HEPG2&tab=chemical_explorer&chemical_id=91-64-5&stat=gene_expression,42,1455.0,40.0,uM,WT,Human Hepg2 cell lines
HepG2,91-64-5,https://montilab.bu.edu/Xposome/?page=HEPG2&tab=chemical_explorer&chemical_id=91-64-5&stat=gene_expression,35,1455.0,5.0,uM,WT,Human Hepg2 cell lines
HepG2,92-87-5,https://montilab.bu.edu/Xposome/?page=HEPG2&tab=chemical_explorer&chemical_id=92-87-5&stat=gene_expression,115,1167.0,0.625,uM,WT,Human Hepg2 cell lines
HepG2,92-87-5,https://montilab.bu.edu/Xposome/?page=HEPG2&tab=chemical_explorer&chemical_id=92-87-5&stat=gene_expression,71,1167.0,1.25,uM,WT,Human Hepg2 cell lines
HepG2,92-87-5,https://montilab.bu.edu/Xposome/?page=HEPG2&tab=chemical_explorer&chemical_id=92-87-5&stat=gene_expression,46,1167.0,10.0,uM,WT,Human Hepg2 cell lines
HepG2,92-87-5,https://montilab.bu.edu/Xposome/?page=HEPG2&tab=chemical_explorer&chemical_id=92-87-5&stat=gene_expression,50,1167.0,2.5,uM,WT,Human Hepg2 cell lines
HepG2,92-87-5,https://montilab.bu.edu/Xposome/?page=HEPG2&tab=chemical_explorer&chemical_id=92-87-5&stat=gene_expression,42,1167.0,20.0,uM,WT,Human Hepg2 cell lines
HepG2,92-87-5,https://montilab.bu.edu/Xposome/?page=HEPG2&tab=chemical_explorer&chemical_id=92-87-5&stat=gene_expression,338,1167.0,5.0,uM,WT,Human Hepg2 cell lines
HepG2,924-16-3,https://montilab.bu.edu/Xposome/?page=HEPG2&tab=chemical_explorer&chemical_id=924-16-3&stat=gene_expression,183,2413.0,0.625,uM,WT,Human Hepg2 cell lines
HepG2,924-16-3,https://montilab.bu.edu/Xposome/?page=HEPG2&tab=chemical_explorer&chemical_id=924-16-3&stat=gene_expression,94,2413.0,1.25,uM,WT,Human Hepg2 cell lines
HepG2,924-16-3,https://montilab.bu.edu/Xposome/?page=HEPG2&tab=chemical_explorer&chemical_id=924-16-3&stat=gene_expression,100,2413.0,10.0,uM,WT,Human Hepg2 cell lines
HepG2,924-16-3,https://montilab.bu.edu/Xposome/?page=HEPG2&tab=chemical_explorer&chemical_id=924-16-3&stat=gene_expression,88,2413.0,2.5,uM,WT,Human Hepg2 cell lines
HepG2,924-16-3,https://montilab.bu.edu/Xposome/?page=HEPG2&tab=chemical_explorer&chemical_id=924-16-3&stat=gene_expression,108,2413.0,20.0,uM,WT,Human Hepg2 cell lines
HepG2,924-16-3,https://montilab.bu.edu/Xposome/?page=HEPG2&tab=chemical_explorer&chemical_id=924-16-3&stat=gene_expression,74,2413.0,5.0,uM,WT,Human Hepg2 cell lines
HepG2,93-15-2,https://montilab.bu.edu/Xposome/?page=HEPG2&tab=chemical_explorer&chemical_id=93-15-2&stat=gene_expression,45,2159.0,1.25,uM,WT,Human Hepg2 cell lines
HepG2,93-15-2,https://montilab.bu.edu/Xposome/?page=HEPG2&tab=chemical_explorer&chemical_id=93-15-2&stat=gene_expression,49,2159.0,10.0,uM,WT,Human Hepg2 cell lines
HepG2,93-15-2,https://montilab.bu.edu/Xposome/?page=HEPG2&tab=chemical_explorer&chemical_id=93-15-2&stat=gene_expression,68,2159.0,2.5,uM,WT,Human Hepg2 cell lines
HepG2,93-15-2,https://montilab.bu.edu/Xposome/?page=HEPG2&tab=chemical_explorer&chemical_id=93-15-2&stat=gene_expression,47,2159.0,20.0,uM,WT,Human Hepg2 cell lines
HepG2,93-15-2,https://montilab.bu.edu/Xposome/?page=HEPG2&tab=chemical_explorer&chemical_id=93-15-2&stat=gene_expression,28,2159.0,40.0,uM,WT,Human Hepg2 cell lines
HepG2,93-15-2,https://montilab.bu.edu/Xposome/?page=HEPG2&tab=chemical_explorer&chemical_id=93-15-2&stat=gene_expression,38,2159.0,5.0,uM,WT,Human Hepg2 cell lines
HepG2,94-59-7,https://montilab.bu.edu/Xposome/?page=HEPG2&tab=chemical_explorer&chemical_id=94-59-7&stat=gene_expression,42,2827.0,1.25,uM,WT,Human Hepg2 cell lines
HepG2,94-59-7,https://montilab.bu.edu/Xposome/?page=HEPG2&tab=chemical_explorer&chemical_id=94-59-7&stat=gene_expression,45,2827.0,10.0,uM,WT,Human Hepg2 cell lines
HepG2,94-59-7,https://montilab.bu.edu/Xposome/?page=HEPG2&tab=chemical_explorer&chemical_id=94-59-7&stat=gene_expression,64,2827.0,2.5,uM,WT,Human Hepg2 cell lines
HepG2,94-59-7,https://montilab.bu.edu/Xposome/?page=HEPG2&tab=chemical_explorer&chemical_id=94-59-7&stat=gene_expression,38,2827.0,20.0,uM,WT,Human Hepg2 cell lines
HepG2,94-59-7,https://montilab.bu.edu/Xposome/?page=HEPG2&tab=chemical_explorer&chemical_id=94-59-7&stat=gene_expression,267,2827.0,40.0,uM,WT,Human Hepg2 cell lines
HepG2,94-59-7,https://montilab.bu.edu/Xposome/?page=HEPG2&tab=chemical_explorer&chemical_id=94-59-7&stat=gene_expression,56,2827.0,5.0,uM,WT,Human Hepg2 cell lines
HepG2,94-74-6,https://montilab.bu.edu/Xposome/?page=HEPG2&tab=chemical_explorer&chemical_id=94-74-6&stat=gene_expression,71,401.0,0.625,uM,WT,Human Hepg2 cell lines
HepG2,94-74-6,https://montilab.bu.edu/Xposome/?page=HEPG2&tab=chemical_explorer&chemical_id=94-74-6&stat=gene_expression,62,401.0,1.25,uM,WT,Human Hepg2 cell lines
HepG2,94-74-6,https://montilab.bu.edu/Xposome/?page=HEPG2&tab=chemical_explorer&chemical_id=94-74-6&stat=gene_expression,44,401.0,10.0,uM,WT,Human Hepg2 cell lines
HepG2,94-74-6,https://montilab.bu.edu/Xposome/?page=HEPG2&tab=chemical_explorer&chemical_id=94-74-6&stat=gene_expression,50,401.0,2.5,uM,WT,Human Hepg2 cell lines
HepG2,94-74-6,https://montilab.bu.edu/Xposome/?page=HEPG2&tab=chemical_explorer&chemical_id=94-74-6&stat=gene_expression,54,401.0,20.0,uM,WT,Human Hepg2 cell lines
HepG2,94-74-6,https://montilab.bu.edu/Xposome/?page=HEPG2&tab=chemical_explorer&chemical_id=94-74-6&stat=gene_expression,102,401.0,5.0,uM,WT,Human Hepg2 cell lines
HepG2,94-75-7,https://montilab.bu.edu/Xposome/?page=HEPG2&tab=chemical_explorer&chemical_id=94-75-7&stat=gene_expression,49,339.0,1.25,uM,WT,Human Hepg2 cell lines
HepG2,94-75-7,https://montilab.bu.edu/Xposome/?page=HEPG2&tab=chemical_explorer&chemical_id=94-75-7&stat=gene_expression,50,339.0,10.0,uM,WT,Human Hepg2 cell lines
HepG2,94-75-7,https://montilab.bu.edu/Xposome/?page=HEPG2&tab=chemical_explorer&chemical_id=94-75-7&stat=gene_expression,66,339.0,20.0,uM,WT,Human Hepg2 cell lines
HepG2,94-75-7,https://montilab.bu.edu/Xposome/?page=HEPG2&tab=chemical_explorer&chemical_id=94-75-7&stat=gene_expression,53,339.0,40.0,uM,WT,Human Hepg2 cell lines
HepG2,94-75-7,https://montilab.bu.edu/Xposome/?page=HEPG2&tab=chemical_explorer&chemical_id=94-75-7&stat=gene_expression,52,339.0,5.0,uM,WT,Human Hepg2 cell lines
HepG2,95-14-7,https://montilab.bu.edu/Xposome/?page=HEPG2&tab=chemical_explorer&chemical_id=95-14-7&stat=gene_expression,54,163.0,0.625,uM,WT,Human Hepg2 cell lines
HepG2,95-14-7,https://montilab.bu.edu/Xposome/?page=HEPG2&tab=chemical_explorer&chemical_id=95-14-7&stat=gene_expression,79,163.0,1.25,uM,WT,Human Hepg2 cell lines
HepG2,95-14-7,https://montilab.bu.edu/Xposome/?page=HEPG2&tab=chemical_explorer&chemical_id=95-14-7&stat=gene_expression,39,163.0,10.0,uM,WT,Human Hepg2 cell lines
HepG2,95-14-7,https://montilab.bu.edu/Xposome/?page=HEPG2&tab=chemical_explorer&chemical_id=95-14-7&stat=gene_expression,45,163.0,2.5,uM,WT,Human Hepg2 cell lines
HepG2,95-14-7,https://montilab.bu.edu/Xposome/?page=HEPG2&tab=chemical_explorer&chemical_id=95-14-7&stat=gene_expression,131,163.0,20.0,uM,WT,Human Hepg2 cell lines
HepG2,95-14-7,https://montilab.bu.edu/Xposome/?page=HEPG2&tab=chemical_explorer&chemical_id=95-14-7&stat=gene_expression,50,163.0,5.0,uM,WT,Human Hepg2 cell lines
HepG2,95-50-1,https://montilab.bu.edu/Xposome/?page=HEPG2&tab=chemical_explorer&chemical_id=95-50-1&stat=gene_expression,48,172.0,1.25,uM,WT,Human Hepg2 cell lines
HepG2,95-50-1,https://montilab.bu.edu/Xposome/?page=HEPG2&tab=chemical_explorer&chemical_id=95-50-1&stat=gene_expression,62,172.0,10.0,uM,WT,Human Hepg2 cell lines
HepG2,95-50-1,https://montilab.bu.edu/Xposome/?page=HEPG2&tab=chemical_explorer&chemical_id=95-50-1&stat=gene_expression,67,172.0,2.5,uM,WT,Human Hepg2 cell lines
HepG2,95-50-1,https://montilab.bu.edu/Xposome/?page=HEPG2&tab=chemical_explorer&chemical_id=95-50-1&stat=gene_expression,696,172.0,20.0,uM,WT,Human Hepg2 cell lines
HepG2,95-50-1,https://montilab.bu.edu/Xposome/?page=HEPG2&tab=chemical_explorer&chemical_id=95-50-1&stat=gene_expression,561,172.0,40.0,uM,WT,Human Hepg2 cell lines
HepG2,95-50-1,https://montilab.bu.edu/Xposome/?page=HEPG2&tab=chemical_explorer&chemical_id=95-50-1&stat=gene_expression,94,172.0,5.0,uM,WT,Human Hepg2 cell lines
HepG2,95-80-7,https://montilab.bu.edu/Xposome/?page=HEPG2&tab=chemical_explorer&chemical_id=95-80-7&stat=gene_expression,151,337.0,1.25,uM,WT,Human Hepg2 cell lines
HepG2,95-80-7,https://montilab.bu.edu/Xposome/?page=HEPG2&tab=chemical_explorer&chemical_id=95-80-7&stat=gene_expression,115,337.0,10.0,uM,WT,Human Hepg2 cell lines
HepG2,95-80-7,https://montilab.bu.edu/Xposome/?page=HEPG2&tab=chemical_explorer&chemical_id=95-80-7&stat=gene_expression,86,337.0,2.5,uM,WT,Human Hepg2 cell lines
HepG2,95-80-7,https://montilab.bu.edu/Xposome/?page=HEPG2&tab=chemical_explorer&chemical_id=95-80-7&stat=gene_expression,89,337.0,20.0,uM,WT,Human Hepg2 cell lines
HepG2,95-80-7,https://montilab.bu.edu/Xposome/?page=HEPG2&tab=chemical_explorer&chemical_id=95-80-7&stat=gene_expression,116,337.0,40.0,uM,WT,Human Hepg2 cell lines
HepG2,95-80-7,https://montilab.bu.edu/Xposome/?page=HEPG2&tab=chemical_explorer&chemical_id=95-80-7&stat=gene_expression,192,337.0,5.0,uM,WT,Human Hepg2 cell lines
HepG2,96-29-7,https://montilab.bu.edu/Xposome/?page=HEPG2&tab=chemical_explorer&chemical_id=96-29-7&stat=gene_expression,39,370.0,1.25,uM,WT,Human Hepg2 cell lines
HepG2,96-29-7,https://montilab.bu.edu/Xposome/?page=HEPG2&tab=chemical_explorer&chemical_id=96-29-7&stat=gene_expression,95,370.0,10.0,uM,WT,Human Hepg2 cell lines
HepG2,96-29-7,https://montilab.bu.edu/Xposome/?page=HEPG2&tab=chemical_explorer&chemical_id=96-29-7&stat=gene_expression,143,370.0,2.5,uM,WT,Human Hepg2 cell lines
HepG2,96-29-7,https://montilab.bu.edu/Xposome/?page=HEPG2&tab=chemical_explorer&chemical_id=96-29-7&stat=gene_expression,60,370.0,20.0,uM,WT,Human Hepg2 cell lines
HepG2,96-29-7,https://montilab.bu.edu/Xposome/?page=HEPG2&tab=chemical_explorer&chemical_id=96-29-7&stat=gene_expression,89,370.0,40.0,uM,WT,Human Hepg2 cell lines
HepG2,96-29-7,https://montilab.bu.edu/Xposome/?page=HEPG2&tab=chemical_explorer&chemical_id=96-29-7&stat=gene_expression,58,370.0,5.0,uM,WT,Human Hepg2 cell lines
HepG2,96-45-7,https://montilab.bu.edu/Xposome/?page=HEPG2&tab=chemical_explorer&chemical_id=96-45-7&stat=gene_expression,43,1790.0,1.25,uM,WT,Human Hepg2 cell lines
HepG2,96-45-7,https://montilab.bu.edu/Xposome/?page=HEPG2&tab=chemical_explorer&chemical_id=96-45-7&stat=gene_expression,29,1790.0,10.0,uM,WT,Human Hepg2 cell lines
HepG2,96-45-7,https://montilab.bu.edu/Xposome/?page=HEPG2&tab=chemical_explorer&chemical_id=96-45-7&stat=gene_expression,58,1790.0,2.5,uM,WT,Human Hepg2 cell lines
HepG2,96-45-7,https://montilab.bu.edu/Xposome/?page=HEPG2&tab=chemical_explorer&chemical_id=96-45-7&stat=gene_expression,54,1790.0,20.0,uM,WT,Human Hepg2 cell lines
HepG2,96-45-7,https://montilab.bu.edu/Xposome/?page=HEPG2&tab=chemical_explorer&chemical_id=96-45-7&stat=gene_expression,55,1790.0,40.0,uM,WT,Human Hepg2 cell lines
HepG2,96-45-7,https://montilab.bu.edu/Xposome/?page=HEPG2&tab=chemical_explorer&chemical_id=96-45-7&stat=gene_expression,59,1790.0,5.0,uM,WT,Human Hepg2 cell lines
HepG2,96-48-0,https://montilab.bu.edu/Xposome/?page=HEPG2&tab=chemical_explorer&chemical_id=96-48-0&stat=gene_expression,37,581.0,1.25,uM,WT,Human Hepg2 cell lines
HepG2,96-48-0,https://montilab.bu.edu/Xposome/?page=HEPG2&tab=chemical_explorer&chemical_id=96-48-0&stat=gene_expression,50,581.0,10.0,uM,WT,Human Hepg2 cell lines
HepG2,96-48-0,https://montilab.bu.edu/Xposome/?page=HEPG2&tab=chemical_explorer&chemical_id=96-48-0&stat=gene_expression,37,581.0,2.5,uM,WT,Human Hepg2 cell lines
HepG2,96-48-0,https://montilab.bu.edu/Xposome/?page=HEPG2&tab=chemical_explorer&chemical_id=96-48-0&stat=gene_expression,98,581.0,20.0,uM,WT,Human Hepg2 cell lines
HepG2,96-48-0,https://montilab.bu.edu/Xposome/?page=HEPG2&tab=chemical_explorer&chemical_id=96-48-0&stat=gene_expression,57,581.0,40.0,uM,WT,Human Hepg2 cell lines
HepG2,96-48-0,https://montilab.bu.edu/Xposome/?page=HEPG2&tab=chemical_explorer&chemical_id=96-48-0&stat=gene_expression,55,581.0,5.0,uM,WT,Human Hepg2 cell lines
HepG2,97-53-0,https://montilab.bu.edu/Xposome/?page=HEPG2&tab=chemical_explorer&chemical_id=97-53-0&stat=gene_expression,62,1796.0,1.25,uM,WT,Human Hepg2 cell lines
HepG2,97-53-0,https://montilab.bu.edu/Xposome/?page=HEPG2&tab=chemical_explorer&chemical_id=97-53-0&stat=gene_expression,43,1796.0,10.0,uM,WT,Human Hepg2 cell lines
HepG2,97-53-0,https://montilab.bu.edu/Xposome/?page=HEPG2&tab=chemical_explorer&chemical_id=97-53-0&stat=gene_expression,62,1796.0,2.5,uM,WT,Human Hepg2 cell lines
HepG2,97-53-0,https://montilab.bu.edu/Xposome/?page=HEPG2&tab=chemical_explorer&chemical_id=97-53-0&stat=gene_expression,73,1796.0,20.0,uM,WT,Human Hepg2 cell lines
HepG2,97-53-0,https://montilab.bu.edu/Xposome/?page=HEPG2&tab=chemical_explorer&chemical_id=97-53-0&stat=gene_expression,40,1796.0,40.0,uM,WT,Human Hepg2 cell lines
HepG2,97-53-0,https://montilab.bu.edu/Xposome/?page=HEPG2&tab=chemical_explorer&chemical_id=97-53-0&stat=gene_expression,28,1796.0,5.0,uM,WT,Human Hepg2 cell lines
HepG2,97-56-3,https://montilab.bu.edu/Xposome/?page=HEPG2&tab=chemical_explorer&chemical_id=97-56-3&stat=gene_expression,550,362.0,1.25,uM,WT,Human Hepg2 cell lines
HepG2,97-56-3,https://montilab.bu.edu/Xposome/?page=HEPG2&tab=chemical_explorer&chemical_id=97-56-3&stat=gene_expression,499,362.0,10.0,uM,WT,Human Hepg2 cell lines
HepG2,97-56-3,https://montilab.bu.edu/Xposome/?page=HEPG2&tab=chemical_explorer&chemical_id=97-56-3&stat=gene_expression,459,362.0,2.5,uM,WT,Human Hepg2 cell lines
HepG2,97-56-3,https://montilab.bu.edu/Xposome/?page=HEPG2&tab=chemical_explorer&chemical_id=97-56-3&stat=gene_expression,328,362.0,20.0,uM,WT,Human Hepg2 cell lines
HepG2,97-56-3,https://montilab.bu.edu/Xposome/?page=HEPG2&tab=chemical_explorer&chemical_id=97-56-3&stat=gene_expression,350,362.0,40.0,uM,WT,Human Hepg2 cell lines
HepG2,97-56-3,https://montilab.bu.edu/Xposome/?page=HEPG2&tab=chemical_explorer&chemical_id=97-56-3&stat=gene_expression,620,362.0,5.0,uM,WT,Human Hepg2 cell lines
HepG2,97-77-8,https://montilab.bu.edu/Xposome/?page=HEPG2&tab=chemical_explorer&chemical_id=97-77-8&stat=gene_expression,50,3002.0,1.25,uM,WT,Human Hepg2 cell lines
HepG2,97-77-8,https://montilab.bu.edu/Xposome/?page=HEPG2&tab=chemical_explorer&chemical_id=97-77-8&stat=gene_expression,456,3002.0,10.0,uM,WT,Human Hepg2 cell lines
HepG2,97-77-8,https://montilab.bu.edu/Xposome/?page=HEPG2&tab=chemical_explorer&chemical_id=97-77-8&stat=gene_expression,84,3002.0,2.5,uM,WT,Human Hepg2 cell lines
HepG2,97-77-8,https://montilab.bu.edu/Xposome/?page=HEPG2&tab=chemical_explorer&chemical_id=97-77-8&stat=gene_expression,354,3002.0,20.0,uM,WT,Human Hepg2 cell lines
HepG2,97-77-8,https://montilab.bu.edu/Xposome/?page=HEPG2&tab=chemical_explorer&chemical_id=97-77-8&stat=gene_expression,438,3002.0,40.0,uM,WT,Human Hepg2 cell lines
HepG2,97-77-8,https://montilab.bu.edu/Xposome/?page=HEPG2&tab=chemical_explorer&chemical_id=97-77-8&stat=gene_expression,99,3002.0,5.0,uM,WT,Human Hepg2 cell lines
HepG2,98-01-1,https://montilab.bu.edu/Xposome/?page=HEPG2&tab=chemical_explorer&chemical_id=98-01-1&stat=gene_expression,49,1890.0,1.25,uM,WT,Human Hepg2 cell lines
HepG2,98-01-1,https://montilab.bu.edu/Xposome/?page=HEPG2&tab=chemical_explorer&chemical_id=98-01-1&stat=gene_expression,62,1890.0,10.0,uM,WT,Human Hepg2 cell lines
HepG2,98-01-1,https://montilab.bu.edu/Xposome/?page=HEPG2&tab=chemical_explorer&chemical_id=98-01-1&stat=gene_expression,50,1890.0,2.5,uM,WT,Human Hepg2 cell lines
HepG2,98-01-1,https://montilab.bu.edu/Xposome/?page=HEPG2&tab=chemical_explorer&chemical_id=98-01-1&stat=gene_expression,28,1890.0,20.0,uM,WT,Human Hepg2 cell lines
HepG2,98-01-1,https://montilab.bu.edu/Xposome/?page=HEPG2&tab=chemical_explorer&chemical_id=98-01-1&stat=gene_expression,46,1890.0,40.0,uM,WT,Human Hepg2 cell lines
HepG2,98-01-1,https://montilab.bu.edu/Xposome/?page=HEPG2&tab=chemical_explorer&chemical_id=98-01-1&stat=gene_expression,38,1890.0,5.0,uM,WT,Human Hepg2 cell lines
HepG2,98-95-3,https://montilab.bu.edu/Xposome/?page=HEPG2&tab=chemical_explorer&chemical_id=98-95-3&stat=gene_expression,70,2371.0,1.25,uM,WT,Human Hepg2 cell lines
HepG2,98-95-3,https://montilab.bu.edu/Xposome/?page=HEPG2&tab=chemical_explorer&chemical_id=98-95-3&stat=gene_expression,48,2371.0,10.0,uM,WT,Human Hepg2 cell lines
HepG2,98-95-3,https://montilab.bu.edu/Xposome/?page=HEPG2&tab=chemical_explorer&chemical_id=98-95-3&stat=gene_expression,109,2371.0,2.5,uM,WT,Human Hepg2 cell lines
HepG2,98-95-3,https://montilab.bu.edu/Xposome/?page=HEPG2&tab=chemical_explorer&chemical_id=98-95-3&stat=gene_expression,101,2371.0,20.0,uM,WT,Human Hepg2 cell lines
HepG2,98-95-3,https://montilab.bu.edu/Xposome/?page=HEPG2&tab=chemical_explorer&chemical_id=98-95-3&stat=gene_expression,169,2371.0,40.0,uM,WT,Human Hepg2 cell lines
HepG2,98-95-3,https://montilab.bu.edu/Xposome/?page=HEPG2&tab=chemical_explorer&chemical_id=98-95-3&stat=gene_expression,39,2371.0,5.0,uM,WT,Human Hepg2 cell lines
MCF10A,100-01-6,https://montilab.bu.edu/Xposome/?page=MCF10A&tab=chemical_explorer&chemical_id=100-01-6&stat=gene_expression,85,607.0,100.0,uM,TP53,Human MCF10A cell lines
MCF10A,100-01-6,https://montilab.bu.edu/Xposome/?page=MCF10A&tab=chemical_explorer&chemical_id=100-01-6&stat=gene_expression,26,607.0,11.0,uM,TP53,Human MCF10A cell lines
MCF10A,100-01-6,https://montilab.bu.edu/Xposome/?page=MCF10A&tab=chemical_explorer&chemical_id=100-01-6&stat=gene_expression,22,607.0,33.0,uM,TP53,Human MCF10A cell lines
MCF10A,100-01-6,https://montilab.bu.edu/Xposome/?page=MCF10A&tab=chemical_explorer&chemical_id=100-01-6&stat=gene_expression,52,607.0,100.0,uM,WT,Human MCF10A cell lines
MCF10A,100-01-6,https://montilab.bu.edu/Xposome/?page=MCF10A&tab=chemical_explorer&chemical_id=100-01-6&stat=gene_expression,20,607.0,11.0,uM,WT,Human MCF10A cell lines
MCF10A,100-01-6,https://montilab.bu.edu/Xposome/?page=MCF10A&tab=chemical_explorer&chemical_id=100-01-6&stat=gene_expression,32,607.0,33.0,uM,WT,Human MCF10A cell lines
MCF10A,100-51-6,https://montilab.bu.edu/Xposome/?page=MCF10A&tab=chemical_explorer&chemical_id=100-51-6&stat=gene_expression,30,1187.0,100.0,uM,TP53,Human MCF10A cell lines
MCF10A,100-51-6,https://montilab.bu.edu/Xposome/?page=MCF10A&tab=chemical_explorer&chemical_id=100-51-6&stat=gene_expression,116,1187.0,11.0,uM,TP53,Human MCF10A cell lines
MCF10A,100-51-6,https://montilab.bu.edu/Xposome/?page=MCF10A&tab=chemical_explorer&chemical_id=100-51-6&stat=gene_expression,54,1187.0,33.0,uM,TP53,Human MCF10A cell lines
MCF10A,100-51-6,https://montilab.bu.edu/Xposome/?page=MCF10A&tab=chemical_explorer&chemical_id=100-51-6&stat=gene_expression,141,1187.0,100.0,uM,WT,Human MCF10A cell lines
MCF10A,100-51-6,https://montilab.bu.edu/Xposome/?page=MCF10A&tab=chemical_explorer&chemical_id=100-51-6&stat=gene_expression,25,1187.0,11.0,uM,WT,Human MCF10A cell lines
MCF10A,100-51-6,https://montilab.bu.edu/Xposome/?page=MCF10A&tab=chemical_explorer&chemical_id=100-51-6&stat=gene_expression,51,1187.0,33.0,uM,WT,Human MCF10A cell lines
MCF10A,100-97-0,https://montilab.bu.edu/Xposome/?page=MCF10A&tab=chemical_explorer&chemical_id=100-97-0&stat=gene_expression,86,2137.0,100.0,uM,TP53,Human MCF10A cell lines
MCF10A,100-97-0,https://montilab.bu.edu/Xposome/?page=MCF10A&tab=chemical_explorer&chemical_id=100-97-0&stat=gene_expression,48,2137.0,11.0,uM,TP53,Human MCF10A cell lines
MCF10A,100-97-0,https://montilab.bu.edu/Xposome/?page=MCF10A&tab=chemical_explorer&chemical_id=100-97-0&stat=gene_expression,70,2137.0,33.0,uM,TP53,Human MCF10A cell lines
MCF10A,100-97-0,https://montilab.bu.edu/Xposome/?page=MCF10A&tab=chemical_explorer&chemical_id=100-97-0&stat=gene_expression,9,2137.0,100.0,uM,WT,Human MCF10A cell lines
MCF10A,100-97-0,https://montilab.bu.edu/Xposome/?page=MCF10A&tab=chemical_explorer&chemical_id=100-97-0&stat=gene_expression,70,2137.0,11.0,uM,WT,Human MCF10A cell lines
MCF10A,100-97-0,https://montilab.bu.edu/Xposome/?page=MCF10A&tab=chemical_explorer&chemical_id=100-97-0&stat=gene_expression,19,2137.0,33.0,uM,WT,Human MCF10A cell lines
MCF10A,101-21-3,https://montilab.bu.edu/Xposome/?page=MCF10A&tab=chemical_explorer&chemical_id=101-21-3&stat=gene_expression,79,1363.0,11.0,uM,TP53,Human MCF10A cell lines
MCF10A,101-21-3,https://montilab.bu.edu/Xposome/?page=MCF10A&tab=chemical_explorer&chemical_id=101-21-3&stat=gene_expression,24,1363.0,33.0,uM,TP53,Human MCF10A cell lines
MCF10A,101-21-3,https://montilab.bu.edu/Xposome/?page=MCF10A&tab=chemical_explorer&chemical_id=101-21-3&stat=gene_expression,6,1363.0,99.0,uM,TP53,Human MCF10A cell lines
MCF10A,101-21-3,https://montilab.bu.edu/Xposome/?page=MCF10A&tab=chemical_explorer&chemical_id=101-21-3&stat=gene_expression,24,1363.0,11.0,uM,WT,Human MCF10A cell lines
MCF10A,101-21-3,https://montilab.bu.edu/Xposome/?page=MCF10A&tab=chemical_explorer&chemical_id=101-21-3&stat=gene_expression,34,1363.0,33.0,uM,WT,Human MCF10A cell lines
MCF10A,101-21-3,https://montilab.bu.edu/Xposome/?page=MCF10A&tab=chemical_explorer&chemical_id=101-21-3&stat=gene_expression,44,1363.0,99.0,uM,WT,Human MCF10A cell lines
MCF10A,105-60-2,https://montilab.bu.edu/Xposome/?page=MCF10A&tab=chemical_explorer&chemical_id=105-60-2&stat=gene_expression,52,1310.0,100.0,uM,TP53,Human MCF10A cell lines
MCF10A,105-60-2,https://montilab.bu.edu/Xposome/?page=MCF10A&tab=chemical_explorer&chemical_id=105-60-2&stat=gene_expression,48,1310.0,11.0,uM,TP53,Human MCF10A cell lines
MCF10A,105-60-2,https://montilab.bu.edu/Xposome/?page=MCF10A&tab=chemical_explorer&chemical_id=105-60-2&stat=gene_expression,56,1310.0,33.0,uM,TP53,Human MCF10A cell lines
MCF10A,105-60-2,https://montilab.bu.edu/Xposome/?page=MCF10A&tab=chemical_explorer&chemical_id=105-60-2&stat=gene_expression,24,1310.0,100.0,uM,WT,Human MCF10A cell lines
MCF10A,105-60-2,https://montilab.bu.edu/Xposome/?page=MCF10A&tab=chemical_explorer&chemical_id=105-60-2&stat=gene_expression,99,1310.0,11.0,uM,WT,Human MCF10A cell lines
MCF10A,105-60-2,https://montilab.bu.edu/Xposome/?page=MCF10A&tab=chemical_explorer&chemical_id=105-60-2&stat=gene_expression,45,1310.0,33.0,uM,WT,Human MCF10A cell lines
MCF10A,106-44-5,https://montilab.bu.edu/Xposome/?page=MCF10A&tab=chemical_explorer&chemical_id=106-44-5&stat=gene_expression,55,606.0,100.0,uM,TP53,Human MCF10A cell lines
MCF10A,106-44-5,https://montilab.bu.edu/Xposome/?page=MCF10A&tab=chemical_explorer&chemical_id=106-44-5&stat=gene_expression,16,606.0,11.0,uM,TP53,Human MCF10A cell lines
MCF10A,106-44-5,https://montilab.bu.edu/Xposome/?page=MCF10A&tab=chemical_explorer&chemical_id=106-44-5&stat=gene_expression,76,606.0,33.0,uM,TP53,Human MCF10A cell lines
MCF10A,106-44-5,https://montilab.bu.edu/Xposome/?page=MCF10A&tab=chemical_explorer&chemical_id=106-44-5&stat=gene_expression,20,606.0,100.0,uM,WT,Human MCF10A cell lines
MCF10A,106-44-5,https://montilab.bu.edu/Xposome/?page=MCF10A&tab=chemical_explorer&chemical_id=106-44-5&stat=gene_expression,20,606.0,11.0,uM,WT,Human MCF10A cell lines
MCF10A,106-44-5,https://montilab.bu.edu/Xposome/?page=MCF10A&tab=chemical_explorer&chemical_id=106-44-5&stat=gene_expression,656,606.0,33.0,uM,WT,Human MCF10A cell lines
MCF10A,106-47-8,https://montilab.bu.edu/Xposome/?page=MCF10A&tab=chemical_explorer&chemical_id=106-47-8&stat=gene_expression,123,585.0,100.0,uM,TP53,Human MCF10A cell lines
MCF10A,106-47-8,https://montilab.bu.edu/Xposome/?page=MCF10A&tab=chemical_explorer&chemical_id=106-47-8&stat=gene_expression,322,585.0,11.0,uM,TP53,Human MCF10A cell lines
MCF10A,106-47-8,https://montilab.bu.edu/Xposome/?page=MCF10A&tab=chemical_explorer&chemical_id=106-47-8&stat=gene_expression,872,585.0,33.0,uM,TP53,Human MCF10A cell lines
MCF10A,106-47-8,https://montilab.bu.edu/Xposome/?page=MCF10A&tab=chemical_explorer&chemical_id=106-47-8&stat=gene_expression,18,585.0,100.0,uM,WT,Human MCF10A cell lines
MCF10A,106-47-8,https://montilab.bu.edu/Xposome/?page=MCF10A&tab=chemical_explorer&chemical_id=106-47-8&stat=gene_expression,73,585.0,11.0,uM,WT,Human MCF10A cell lines
MCF10A,106-47-8,https://montilab.bu.edu/Xposome/?page=MCF10A&tab=chemical_explorer&chemical_id=106-47-8&stat=gene_expression,76,585.0,33.0,uM,WT,Human MCF10A cell lines
MCF10A,108-46-3,https://montilab.bu.edu/Xposome/?page=MCF10A&tab=chemical_explorer&chemical_id=108-46-3&stat=gene_expression,49,2772.0,11.0,uM,TP53,Human MCF10A cell lines
MCF10A,108-46-3,https://montilab.bu.edu/Xposome/?page=MCF10A&tab=chemical_explorer&chemical_id=108-46-3&stat=gene_expression,81,2772.0,32.0,uM,TP53,Human MCF10A cell lines
MCF10A,108-46-3,https://montilab.bu.edu/Xposome/?page=MCF10A&tab=chemical_explorer&chemical_id=108-46-3&stat=gene_expression,183,2772.0,97.0,uM,TP53,Human MCF10A cell lines
MCF10A,108-46-3,https://montilab.bu.edu/Xposome/?page=MCF10A&tab=chemical_explorer&chemical_id=108-46-3&stat=gene_expression,72,2772.0,11.0,uM,WT,Human MCF10A cell lines
MCF10A,108-46-3,https://montilab.bu.edu/Xposome/?page=MCF10A&tab=chemical_explorer&chemical_id=108-46-3&stat=gene_expression,44,2772.0,32.0,uM,WT,Human MCF10A cell lines
MCF10A,108-46-3,https://montilab.bu.edu/Xposome/?page=MCF10A&tab=chemical_explorer&chemical_id=108-46-3&stat=gene_expression,53,2772.0,97.0,uM,WT,Human MCF10A cell lines
MCF10A,110-44-1,https://montilab.bu.edu/Xposome/?page=MCF10A&tab=chemical_explorer&chemical_id=110-44-1&stat=gene_expression,56,2893.0,11.0,uM,TP53,Human MCF10A cell lines
MCF10A,110-44-1,https://montilab.bu.edu/Xposome/?page=MCF10A&tab=chemical_explorer&chemical_id=110-44-1&stat=gene_expression,51,2893.0,33.0,uM,TP53,Human MCF10A cell lines
MCF10A,110-44-1,https://montilab.bu.edu/Xposome/?page=MCF10A&tab=chemical_explorer&chemical_id=110-44-1&stat=gene_expression,20,2893.0,99.0,uM,TP53,Human MCF10A cell lines
MCF10A,110-44-1,https://montilab.bu.edu/Xposome/?page=MCF10A&tab=chemical_explorer&chemical_id=110-44-1&stat=gene_expression,7,2893.0,11.0,uM,WT,Human MCF10A cell lines
MCF10A,110-44-1,https://montilab.bu.edu/Xposome/?page=MCF10A&tab=chemical_explorer&chemical_id=110-44-1&stat=gene_expression,56,2893.0,33.0,uM,WT,Human MCF10A cell lines
MCF10A,110-44-1,https://montilab.bu.edu/Xposome/?page=MCF10A&tab=chemical_explorer&chemical_id=110-44-1&stat=gene_expression,45,2893.0,99.0,uM,WT,Human MCF10A cell lines
MCF10A,111-30-8,https://montilab.bu.edu/Xposome/?page=MCF10A&tab=chemical_explorer&chemical_id=111-30-8&stat=gene_expression,44,1906.0,11.0,uM,TP53,Human MCF10A cell lines
MCF10A,111-30-8,https://montilab.bu.edu/Xposome/?page=MCF10A&tab=chemical_explorer&chemical_id=111-30-8&stat=gene_expression,21,1906.0,32.0,uM,TP53,Human MCF10A cell lines
MCF10A,111-30-8,https://montilab.bu.edu/Xposome/?page=MCF10A&tab=chemical_explorer&chemical_id=111-30-8&stat=gene_expression,12,1906.0,97.0,uM,TP53,Human MCF10A cell lines
MCF10A,111-30-8,https://montilab.bu.edu/Xposome/?page=MCF10A&tab=chemical_explorer&chemical_id=111-30-8&stat=gene_expression,27,1906.0,11.0,uM,WT,Human MCF10A cell lines
MCF10A,111-30-8,https://montilab.bu.edu/Xposome/?page=MCF10A&tab=chemical_explorer&chemical_id=111-30-8&stat=gene_expression,23,1906.0,32.0,uM,WT,Human MCF10A cell lines
MCF10A,111-30-8,https://montilab.bu.edu/Xposome/?page=MCF10A&tab=chemical_explorer&chemical_id=111-30-8&stat=gene_expression,52,1906.0,97.0,uM,WT,Human MCF10A cell lines
MCF10A,1120-71-4,https://montilab.bu.edu/Xposome/?page=MCF10A&tab=chemical_explorer&chemical_id=1120-71-4&stat=gene_expression,36,197.0,100.0,uM,TP53,Human MCF10A cell lines
MCF10A,1120-71-4,https://montilab.bu.edu/Xposome/?page=MCF10A&tab=chemical_explorer&chemical_id=1120-71-4&stat=gene_expression,41,197.0,11.0,uM,TP53,Human MCF10A cell lines
MCF10A,1120-71-4,https://montilab.bu.edu/Xposome/?page=MCF10A&tab=chemical_explorer&chemical_id=1120-71-4&stat=gene_expression,42,197.0,33.0,uM,TP53,Human MCF10A cell lines
MCF10A,1120-71-4,https://montilab.bu.edu/Xposome/?page=MCF10A&tab=chemical_explorer&chemical_id=1120-71-4&stat=gene_expression,66,197.0,100.0,uM,WT,Human MCF10A cell lines
MCF10A,1120-71-4,https://montilab.bu.edu/Xposome/?page=MCF10A&tab=chemical_explorer&chemical_id=1120-71-4&stat=gene_expression,54,197.0,11.0,uM,WT,Human MCF10A cell lines
MCF10A,1120-71-4,https://montilab.bu.edu/Xposome/?page=MCF10A&tab=chemical_explorer&chemical_id=1120-71-4&stat=gene_expression,28,197.0,33.0,uM,WT,Human MCF10A cell lines
MCF10A,115-29-7,https://montilab.bu.edu/Xposome/?page=MCF10A&tab=chemical_explorer&chemical_id=115-29-7&stat=gene_expression,83,1762.0,11.0,uM,TP53,Human MCF10A cell lines
MCF10A,115-29-7,https://montilab.bu.edu/Xposome/?page=MCF10A&tab=chemical_explorer&chemical_id=115-29-7&stat=gene_expression,340,1762.0,34.0,uM,TP53,Human MCF10A cell lines
MCF10A,115-29-7,https://montilab.bu.edu/Xposome/?page=MCF10A&tab=chemical_explorer&chemical_id=115-29-7&stat=gene_expression,1531,1762.0,101.0,uM,WT,Human MCF10A cell lines
MCF10A,115-29-7,https://montilab.bu.edu/Xposome/?page=MCF10A&tab=chemical_explorer&chemical_id=115-29-7&stat=gene_expression,97,1762.0,11.0,uM,WT,Human MCF10A cell lines
MCF10A,115-29-7,https://montilab.bu.edu/Xposome/?page=MCF10A&tab=chemical_explorer&chemical_id=115-29-7&stat=gene_expression,344,1762.0,34.0,uM,WT,Human MCF10A cell lines
MCF10A,115-86-6,https://montilab.bu.edu/Xposome/?page=MCF10A&tab=chemical_explorer&chemical_id=115-86-6&stat=gene_expression,12,3138.0,11.0,uM,TP53,Human MCF10A cell lines
MCF10A,115-86-6,https://montilab.bu.edu/Xposome/?page=MCF10A&tab=chemical_explorer&chemical_id=115-86-6&stat=gene_expression,20,3138.0,33.0,uM,TP53,Human MCF10A cell lines
MCF10A,115-86-6,https://montilab.bu.edu/Xposome/?page=MCF10A&tab=chemical_explorer&chemical_id=115-86-6&stat=gene_expression,53,3138.0,99.0,uM,TP53,Human MCF10A cell lines
MCF10A,115-86-6,https://montilab.bu.edu/Xposome/?page=MCF10A&tab=chemical_explorer&chemical_id=115-86-6&stat=gene_expression,37,3138.0,11.0,uM,WT,Human MCF10A cell lines
MCF10A,115-86-6,https://montilab.bu.edu/Xposome/?page=MCF10A&tab=chemical_explorer&chemical_id=115-86-6&stat=gene_expression,35,3138.0,33.0,uM,WT,Human MCF10A cell lines
MCF10A,115-86-6,https://montilab.bu.edu/Xposome/?page=MCF10A&tab=chemical_explorer&chemical_id=115-86-6&stat=gene_expression,53,3138.0,99.0,uM,WT,Human MCF10A cell lines
MCF10A,115-96-8,https://montilab.bu.edu/Xposome/?page=MCF10A&tab=chemical_explorer&chemical_id=115-96-8&stat=gene_expression,140,3151.0,100.0,uM,TP53,Human MCF10A cell lines
MCF10A,115-96-8,https://montilab.bu.edu/Xposome/?page=MCF10A&tab=chemical_explorer&chemical_id=115-96-8&stat=gene_expression,27,3151.0,11.0,uM,TP53,Human MCF10A cell lines
MCF10A,115-96-8,https://montilab.bu.edu/Xposome/?page=MCF10A&tab=chemical_explorer&chemical_id=115-96-8&stat=gene_expression,38,3151.0,33.0,uM,TP53,Human MCF10A cell lines
MCF10A,115-96-8,https://montilab.bu.edu/Xposome/?page=MCF10A&tab=chemical_explorer&chemical_id=115-96-8&stat=gene_expression,77,3151.0,100.0,uM,WT,Human MCF10A cell lines
MCF10A,115-96-8,https://montilab.bu.edu/Xposome/?page=MCF10A&tab=chemical_explorer&chemical_id=115-96-8&stat=gene_expression,57,3151.0,11.0,uM,WT,Human MCF10A cell lines
MCF10A,115-96-8,https://montilab.bu.edu/Xposome/?page=MCF10A&tab=chemical_explorer&chemical_id=115-96-8&stat=gene_expression,55,3151.0,33.0,uM,WT,Human MCF10A cell lines
MCF10A,1156-19-0,https://montilab.bu.edu/Xposome/?page=MCF10A&tab=chemical_explorer&chemical_id=1156-19-0&stat=gene_expression,360,3055.0,101.0,uM,TP53,Human MCF10A cell lines
MCF10A,1156-19-0,https://montilab.bu.edu/Xposome/?page=MCF10A&tab=chemical_explorer&chemical_id=1156-19-0&stat=gene_expression,67,3055.0,11.0,uM,TP53,Human MCF10A cell lines
MCF10A,1156-19-0,https://montilab.bu.edu/Xposome/?page=MCF10A&tab=chemical_explorer&chemical_id=1156-19-0&stat=gene_expression,127,3055.0,34.0,uM,TP53,Human MCF10A cell lines
MCF10A,1156-19-0,https://montilab.bu.edu/Xposome/?page=MCF10A&tab=chemical_explorer&chemical_id=1156-19-0&stat=gene_expression,39,3055.0,101.0,uM,WT,Human MCF10A cell lines
MCF10A,1156-19-0,https://montilab.bu.edu/Xposome/?page=MCF10A&tab=chemical_explorer&chemical_id=1156-19-0&stat=gene_expression,708,3055.0,11.0,uM,WT,Human MCF10A cell lines
MCF10A,1156-19-0,https://montilab.bu.edu/Xposome/?page=MCF10A&tab=chemical_explorer&chemical_id=1156-19-0&stat=gene_expression,98,3055.0,34.0,uM,WT,Human MCF10A cell lines
MCF10A,119-90-4,https://montilab.bu.edu/Xposome/?page=MCF10A&tab=chemical_explorer&chemical_id=119-90-4&stat=gene_expression,17,470.0,11.0,uM,TP53,Human MCF10A cell lines
MCF10A,119-90-4,https://montilab.bu.edu/Xposome/?page=MCF10A&tab=chemical_explorer&chemical_id=119-90-4&stat=gene_expression,29,470.0,32.0,uM,TP53,Human MCF10A cell lines
MCF10A,119-90-4,https://montilab.bu.edu/Xposome/?page=MCF10A&tab=chemical_explorer&chemical_id=119-90-4&stat=gene_expression,210,470.0,96.0,uM,TP53,Human MCF10A cell lines
MCF10A,119-90-4,https://montilab.bu.edu/Xposome/?page=MCF10A&tab=chemical_explorer&chemical_id=119-90-4&stat=gene_expression,29,470.0,11.0,uM,WT,Human MCF10A cell lines
MCF10A,119-90-4,https://montilab.bu.edu/Xposome/?page=MCF10A&tab=chemical_explorer&chemical_id=119-90-4&stat=gene_expression,46,470.0,32.0,uM,WT,Human MCF10A cell lines
MCF10A,119-90-4,https://montilab.bu.edu/Xposome/?page=MCF10A&tab=chemical_explorer&chemical_id=119-90-4&stat=gene_expression,88,470.0,96.0,uM,WT,Human MCF10A cell lines
MCF10A,119-93-7,https://montilab.bu.edu/Xposome/?page=MCF10A&tab=chemical_explorer&chemical_id=119-93-7&stat=gene_expression,31,472.0,11.0,uM,TP53,Human MCF10A cell lines
MCF10A,119-93-7,https://montilab.bu.edu/Xposome/?page=MCF10A&tab=chemical_explorer&chemical_id=119-93-7&stat=gene_expression,30,472.0,33.0,uM,TP53,Human MCF10A cell lines
MCF10A,119-93-7,https://montilab.bu.edu/Xposome/?page=MCF10A&tab=chemical_explorer&chemical_id=119-93-7&stat=gene_expression,26,472.0,99.0,uM,TP53,Human MCF10A cell lines
MCF10A,119-93-7,https://montilab.bu.edu/Xposome/?page=MCF10A&tab=chemical_explorer&chemical_id=119-93-7&stat=gene_expression,20,472.0,11.0,uM,WT,Human MCF10A cell lines
MCF10A,119-93-7,https://montilab.bu.edu/Xposome/?page=MCF10A&tab=chemical_explorer&chemical_id=119-93-7&stat=gene_expression,26,472.0,33.0,uM,WT,Human MCF10A cell lines
MCF10A,119-93-7,https://montilab.bu.edu/Xposome/?page=MCF10A&tab=chemical_explorer&chemical_id=119-93-7&stat=gene_expression,45,472.0,99.0,uM,WT,Human MCF10A cell lines
MCF10A,120-72-9,https://montilab.bu.edu/Xposome/?page=MCF10A&tab=chemical_explorer&chemical_id=120-72-9&stat=gene_expression,19,1967.0,100.0,uM,TP53,Human MCF10A cell lines
MCF10A,120-72-9,https://montilab.bu.edu/Xposome/?page=MCF10A&tab=chemical_explorer&chemical_id=120-72-9&stat=gene_expression,31,1967.0,11.0,uM,TP53,Human MCF10A cell lines
MCF10A,120-72-9,https://montilab.bu.edu/Xposome/?page=MCF10A&tab=chemical_explorer&chemical_id=120-72-9&stat=gene_expression,74,1967.0,33.0,uM,TP53,Human MCF10A cell lines
MCF10A,120-72-9,https://montilab.bu.edu/Xposome/?page=MCF10A&tab=chemical_explorer&chemical_id=120-72-9&stat=gene_expression,46,1967.0,100.0,uM,WT,Human MCF10A cell lines
MCF10A,120-72-9,https://montilab.bu.edu/Xposome/?page=MCF10A&tab=chemical_explorer&chemical_id=120-72-9&stat=gene_expression,18,1967.0,11.0,uM,WT,Human MCF10A cell lines
MCF10A,120-72-9,https://montilab.bu.edu/Xposome/?page=MCF10A&tab=chemical_explorer&chemical_id=120-72-9&stat=gene_expression,19,1967.0,33.0,uM,WT,Human MCF10A cell lines
MCF10A,120-80-9,https://montilab.bu.edu/Xposome/?page=MCF10A&tab=chemical_explorer&chemical_id=120-80-9&stat=gene_expression,81,1327.0,11.0,uM,TP53,Human MCF10A cell lines
MCF10A,120-80-9,https://montilab.bu.edu/Xposome/?page=MCF10A&tab=chemical_explorer&chemical_id=120-80-9&stat=gene_expression,124,1327.0,33.0,uM,TP53,Human MCF10A cell lines
MCF10A,120-80-9,https://montilab.bu.edu/Xposome/?page=MCF10A&tab=chemical_explorer&chemical_id=120-80-9&stat=gene_expression,63,1327.0,99.0,uM,TP53,Human MCF10A cell lines
MCF10A,120-80-9,https://montilab.bu.edu/Xposome/?page=MCF10A&tab=chemical_explorer&chemical_id=120-80-9&stat=gene_expression,98,1327.0,11.0,uM,WT,Human MCF10A cell lines
MCF10A,120-80-9,https://montilab.bu.edu/Xposome/?page=MCF10A&tab=chemical_explorer&chemical_id=120-80-9&stat=gene_expression,48,1327.0,33.0,uM,WT,Human MCF10A cell lines
MCF10A,120-80-9,https://montilab.bu.edu/Xposome/?page=MCF10A&tab=chemical_explorer&chemical_id=120-80-9&stat=gene_expression,166,1327.0,99.0,uM,WT,Human MCF10A cell lines
MCF10A,120-83-2,https://montilab.bu.edu/Xposome/?page=MCF10A&tab=chemical_explorer&chemical_id=120-83-2&stat=gene_expression,27,338.0,11.0,uM,TP53,Human MCF10A cell lines
MCF10A,120-83-2,https://montilab.bu.edu/Xposome/?page=MCF10A&tab=chemical_explorer&chemical_id=120-83-2&stat=gene_expression,30,338.0,33.0,uM,TP53,Human MCF10A cell lines
MCF10A,120-83-2,https://montilab.bu.edu/Xposome/?page=MCF10A&tab=chemical_explorer&chemical_id=120-83-2&stat=gene_expression,18,338.0,99.0,uM,TP53,Human MCF10A cell lines
MCF10A,120-83-2,https://montilab.bu.edu/Xposome/?page=MCF10A&tab=chemical_explorer&chemical_id=120-83-2&stat=gene_expression,80,338.0,11.0,uM,WT,Human MCF10A cell lines
MCF10A,120-83-2,https://montilab.bu.edu/Xposome/?page=MCF10A&tab=chemical_explorer&chemical_id=120-83-2&stat=gene_expression,71,338.0,33.0,uM,WT,Human MCF10A cell lines
MCF10A,120-83-2,https://montilab.bu.edu/Xposome/?page=MCF10A&tab=chemical_explorer&chemical_id=120-83-2&stat=gene_expression,82,338.0,99.0,uM,WT,Human MCF10A cell lines
MCF10A,121-14-2,https://montilab.bu.edu/Xposome/?page=MCF10A&tab=chemical_explorer&chemical_id=121-14-2&stat=gene_expression,25,342.0,100.0,uM,TP53,Human MCF10A cell lines
MCF10A,121-14-2,https://montilab.bu.edu/Xposome/?page=MCF10A&tab=chemical_explorer&chemical_id=121-14-2&stat=gene_expression,21,342.0,11.0,uM,TP53,Human MCF10A cell lines
MCF10A,121-14-2,https://montilab.bu.edu/Xposome/?page=MCF10A&tab=chemical_explorer&chemical_id=121-14-2&stat=gene_expression,4,342.0,33.0,uM,TP53,Human MCF10A cell lines
MCF10A,121-14-2,https://montilab.bu.edu/Xposome/?page=MCF10A&tab=chemical_explorer&chemical_id=121-14-2&stat=gene_expression,29,342.0,99.0,uM,TP53,Human MCF10A cell lines
MCF10A,121-14-2,https://montilab.bu.edu/Xposome/?page=MCF10A&tab=chemical_explorer&chemical_id=121-14-2&stat=gene_expression,10,342.0,100.0,uM,WT,Human MCF10A cell lines
MCF10A,121-14-2,https://montilab.bu.edu/Xposome/?page=MCF10A&tab=chemical_explorer&chemical_id=121-14-2&stat=gene_expression,15,342.0,11.0,uM,WT,Human MCF10A cell lines
MCF10A,121-14-2,https://montilab.bu.edu/Xposome/?page=MCF10A&tab=chemical_explorer&chemical_id=121-14-2&stat=gene_expression,11,342.0,33.0,uM,WT,Human MCF10A cell lines
MCF10A,121-14-2,https://montilab.bu.edu/Xposome/?page=MCF10A&tab=chemical_explorer&chemical_id=121-14-2&stat=gene_expression,59,342.0,99.0,uM,WT,Human MCF10A cell lines
MCF10A,121-79-9,https://montilab.bu.edu/Xposome/?page=MCF10A&tab=chemical_explorer&chemical_id=121-79-9&stat=gene_expression,1133,2723.0,100.0,uM,TP53,Human MCF10A cell lines
MCF10A,121-79-9,https://montilab.bu.edu/Xposome/?page=MCF10A&tab=chemical_explorer&chemical_id=121-79-9&stat=gene_expression,99,2723.0,11.0,uM,TP53,Human MCF10A cell lines
MCF10A,121-79-9,https://montilab.bu.edu/Xposome/?page=MCF10A&tab=chemical_explorer&chemical_id=121-79-9&stat=gene_expression,1025,2723.0,33.0,uM,TP53,Human MCF10A cell lines
MCF10A,121-79-9,https://montilab.bu.edu/Xposome/?page=MCF10A&tab=chemical_explorer&chemical_id=121-79-9&stat=gene_expression,826,2723.0,100.0,uM,WT,Human MCF10A cell lines
MCF10A,121-79-9,https://montilab.bu.edu/Xposome/?page=MCF10A&tab=chemical_explorer&chemical_id=121-79-9&stat=gene_expression,92,2723.0,11.0,uM,WT,Human MCF10A cell lines
MCF10A,121-79-9,https://montilab.bu.edu/Xposome/?page=MCF10A&tab=chemical_explorer&chemical_id=121-79-9&stat=gene_expression,554,2723.0,33.0,uM,WT,Human MCF10A cell lines
MCF10A,122-34-9,https://montilab.bu.edu/Xposome/?page=MCF10A&tab=chemical_explorer&chemical_id=122-34-9&stat=gene_expression,30,2849.0,102.0,uM,TP53,Human MCF10A cell lines
MCF10A,122-34-9,https://montilab.bu.edu/Xposome/?page=MCF10A&tab=chemical_explorer&chemical_id=122-34-9&stat=gene_expression,115,2849.0,11.0,uM,TP53,Human MCF10A cell lines
MCF10A,122-34-9,https://montilab.bu.edu/Xposome/?page=MCF10A&tab=chemical_explorer&chemical_id=122-34-9&stat=gene_expression,85,2849.0,34.0,uM,TP53,Human MCF10A cell lines
MCF10A,122-34-9,https://montilab.bu.edu/Xposome/?page=MCF10A&tab=chemical_explorer&chemical_id=122-34-9&stat=gene_expression,169,2849.0,102.0,uM,WT,Human MCF10A cell lines
MCF10A,122-34-9,https://montilab.bu.edu/Xposome/?page=MCF10A&tab=chemical_explorer&chemical_id=122-34-9&stat=gene_expression,30,2849.0,11.0,uM,WT,Human MCF10A cell lines
MCF10A,122-34-9,https://montilab.bu.edu/Xposome/?page=MCF10A&tab=chemical_explorer&chemical_id=122-34-9&stat=gene_expression,8,2849.0,34.0,uM,WT,Human MCF10A cell lines
MCF10A,122-66-7,https://montilab.bu.edu/Xposome/?page=MCF10A&tab=chemical_explorer&chemical_id=122-66-7&stat=gene_expression,36,176.0,102.0,uM,TP53,Human MCF10A cell lines
MCF10A,122-66-7,https://montilab.bu.edu/Xposome/?page=MCF10A&tab=chemical_explorer&chemical_id=122-66-7&stat=gene_expression,134,176.0,11.0,uM,TP53,Human MCF10A cell lines
MCF10A,122-66-7,https://montilab.bu.edu/Xposome/?page=MCF10A&tab=chemical_explorer&chemical_id=122-66-7&stat=gene_expression,54,176.0,34.0,uM,TP53,Human MCF10A cell lines
MCF10A,122-66-7,https://montilab.bu.edu/Xposome/?page=MCF10A&tab=chemical_explorer&chemical_id=122-66-7&stat=gene_expression,96,176.0,102.0,uM,WT,Human MCF10A cell lines
MCF10A,122-66-7,https://montilab.bu.edu/Xposome/?page=MCF10A&tab=chemical_explorer&chemical_id=122-66-7&stat=gene_expression,29,176.0,11.0,uM,WT,Human MCF10A cell lines
MCF10A,122-66-7,https://montilab.bu.edu/Xposome/?page=MCF10A&tab=chemical_explorer&chemical_id=122-66-7&stat=gene_expression,59,176.0,34.0,uM,WT,Human MCF10A cell lines
MCF10A,123-33-1,https://montilab.bu.edu/Xposome/?page=MCF10A&tab=chemical_explorer&chemical_id=123-33-1&stat=gene_expression,99,2105.0,11.0,uM,TP53,Human MCF10A cell lines
MCF10A,123-33-1,https://montilab.bu.edu/Xposome/?page=MCF10A&tab=chemical_explorer&chemical_id=123-33-1&stat=gene_expression,88,2105.0,33.0,uM,TP53,Human MCF10A cell lines
MCF10A,123-33-1,https://montilab.bu.edu/Xposome/?page=MCF10A&tab=chemical_explorer&chemical_id=123-33-1&stat=gene_expression,112,2105.0,99.0,uM,TP53,Human MCF10A cell lines
MCF10A,123-33-1,https://montilab.bu.edu/Xposome/?page=MCF10A&tab=chemical_explorer&chemical_id=123-33-1&stat=gene_expression,52,2105.0,11.0,uM,WT,Human MCF10A cell lines
MCF10A,123-33-1,https://montilab.bu.edu/Xposome/?page=MCF10A&tab=chemical_explorer&chemical_id=123-33-1&stat=gene_expression,59,2105.0,33.0,uM,WT,Human MCF10A cell lines
MCF10A,123-33-1,https://montilab.bu.edu/Xposome/?page=MCF10A&tab=chemical_explorer&chemical_id=123-33-1&stat=gene_expression,24,2105.0,99.0,uM,WT,Human MCF10A cell lines
MCF10A,124-64-1,https://montilab.bu.edu/Xposome/?page=MCF10A&tab=chemical_explorer&chemical_id=124-64-1&stat=gene_expression,613,3004.0,101.0,uM,TP53,Human MCF10A cell lines
MCF10A,124-64-1,https://montilab.bu.edu/Xposome/?page=MCF10A&tab=chemical_explorer&chemical_id=124-64-1&stat=gene_expression,22,3004.0,11.0,uM,TP53,Human MCF10A cell lines
MCF10A,124-64-1,https://montilab.bu.edu/Xposome/?page=MCF10A&tab=chemical_explorer&chemical_id=124-64-1&stat=gene_expression,196,3004.0,34.0,uM,TP53,Human MCF10A cell lines
MCF10A,124-64-1,https://montilab.bu.edu/Xposome/?page=MCF10A&tab=chemical_explorer&chemical_id=124-64-1&stat=gene_expression,720,3004.0,101.0,uM,WT,Human MCF10A cell lines
MCF10A,124-64-1,https://montilab.bu.edu/Xposome/?page=MCF10A&tab=chemical_explorer&chemical_id=124-64-1&stat=gene_expression,49,3004.0,11.0,uM,WT,Human MCF10A cell lines
MCF10A,124-64-1,https://montilab.bu.edu/Xposome/?page=MCF10A&tab=chemical_explorer&chemical_id=124-64-1&stat=gene_expression,66,3004.0,34.0,uM,WT,Human MCF10A cell lines
MCF10A,124495-18-7,https://montilab.bu.edu/Xposome/?page=MCF10A&tab=chemical_explorer&chemical_id=124495-18-7&stat=gene_expression,126,2752.0,103.0,uM,TP53,Human MCF10A cell lines
MCF10A,124495-18-7,https://montilab.bu.edu/Xposome/?page=MCF10A&tab=chemical_explorer&chemical_id=124495-18-7&stat=gene_expression,39,2752.0,11.0,uM,TP53,Human MCF10A cell lines
MCF10A,124495-18-7,https://montilab.bu.edu/Xposome/?page=MCF10A&tab=chemical_explorer&chemical_id=124495-18-7&stat=gene_expression,72,2752.0,34.0,uM,TP53,Human MCF10A cell lines
MCF10A,124495-18-7,https://montilab.bu.edu/Xposome/?page=MCF10A&tab=chemical_explorer&chemical_id=124495-18-7&stat=gene_expression,131,2752.0,103.0,uM,WT,Human MCF10A cell lines
MCF10A,124495-18-7,https://montilab.bu.edu/Xposome/?page=MCF10A&tab=chemical_explorer&chemical_id=124495-18-7&stat=gene_expression,54,2752.0,11.0,uM,WT,Human MCF10A cell lines
MCF10A,124495-18-7,https://montilab.bu.edu/Xposome/?page=MCF10A&tab=chemical_explorer&chemical_id=124495-18-7&stat=gene_expression,49,2752.0,34.0,uM,WT,Human MCF10A cell lines
MCF10A,126-73-8,https://montilab.bu.edu/Xposome/?page=MCF10A&tab=chemical_explorer&chemical_id=126-73-8&stat=gene_expression,27,3102.0,100.0,uM,TP53,Human MCF10A cell lines
MCF10A,126-73-8,https://montilab.bu.edu/Xposome/?page=MCF10A&tab=chemical_explorer&chemical_id=126-73-8&stat=gene_expression,45,3102.0,11.0,uM,TP53,Human MCF10A cell lines
MCF10A,126-73-8,https://montilab.bu.edu/Xposome/?page=MCF10A&tab=chemical_explorer&chemical_id=126-73-8&stat=gene_expression,18,3102.0,33.0,uM,TP53,Human MCF10A cell lines
MCF10A,126-73-8,https://montilab.bu.edu/Xposome/?page=MCF10A&tab=chemical_explorer&chemical_id=126-73-8&stat=gene_expression,362,3102.0,100.0,uM,WT,Human MCF10A cell lines
MCF10A,126-73-8,https://montilab.bu.edu/Xposome/?page=MCF10A&tab=chemical_explorer&chemical_id=126-73-8&stat=gene_expression,54,3102.0,11.0,uM,WT,Human MCF10A cell lines
MCF10A,126-73-8,https://montilab.bu.edu/Xposome/?page=MCF10A&tab=chemical_explorer&chemical_id=126-73-8&stat=gene_expression,34,3102.0,33.0,uM,WT,Human MCF10A cell lines
MCF10A,131-17-9,https://montilab.bu.edu/Xposome/?page=MCF10A&tab=chemical_explorer&chemical_id=131-17-9&stat=gene_expression,41,1606.0,11.0,uM,TP53,Human MCF10A cell lines
MCF10A,131-17-9,https://montilab.bu.edu/Xposome/?page=MCF10A&tab=chemical_explorer&chemical_id=131-17-9&stat=gene_expression,39,1606.0,33.0,uM,TP53,Human MCF10A cell lines
MCF10A,131-17-9,https://montilab.bu.edu/Xposome/?page=MCF10A&tab=chemical_explorer&chemical_id=131-17-9&stat=gene_expression,511,1606.0,99.0,uM,TP53,Human MCF10A cell lines
MCF10A,131-17-9,https://montilab.bu.edu/Xposome/?page=MCF10A&tab=chemical_explorer&chemical_id=131-17-9&stat=gene_expression,23,1606.0,11.0,uM,WT,Human MCF10A cell lines
MCF10A,131-17-9,https://montilab.bu.edu/Xposome/?page=MCF10A&tab=chemical_explorer&chemical_id=131-17-9&stat=gene_expression,33,1606.0,33.0,uM,WT,Human MCF10A cell lines
MCF10A,131-17-9,https://montilab.bu.edu/Xposome/?page=MCF10A&tab=chemical_explorer&chemical_id=131-17-9&stat=gene_expression,13,1606.0,99.0,uM,WT,Human MCF10A cell lines
MCF10A,1330-78-5,https://montilab.bu.edu/Xposome/?page=MCF10A&tab=chemical_explorer&chemical_id=1330-78-5&stat=gene_expression,50,3114.0,101.0,uM,TP53,Human MCF10A cell lines
MCF10A,1330-78-5,https://montilab.bu.edu/Xposome/?page=MCF10A&tab=chemical_explorer&chemical_id=1330-78-5&stat=gene_expression,53,3114.0,11.0,uM,TP53,Human MCF10A cell lines
MCF10A,1330-78-5,https://montilab.bu.edu/Xposome/?page=MCF10A&tab=chemical_explorer&chemical_id=1330-78-5&stat=gene_expression,26,3114.0,34.0,uM,TP53,Human MCF10A cell lines
MCF10A,1330-78-5,https://montilab.bu.edu/Xposome/?page=MCF10A&tab=chemical_explorer&chemical_id=1330-78-5&stat=gene_expression,70,3114.0,101.0,uM,WT,Human MCF10A cell lines
MCF10A,1330-78-5,https://montilab.bu.edu/Xposome/?page=MCF10A&tab=chemical_explorer&chemical_id=1330-78-5&stat=gene_expression,78,3114.0,11.0,uM,WT,Human MCF10A cell lines
MCF10A,1330-78-5,https://montilab.bu.edu/Xposome/?page=MCF10A&tab=chemical_explorer&chemical_id=1330-78-5&stat=gene_expression,15,3114.0,34.0,uM,WT,Human MCF10A cell lines
MCF10A,13311-84-7,https://montilab.bu.edu/Xposome/?page=MCF10A&tab=chemical_explorer&chemical_id=13311-84-7&stat=gene_expression,138,1861.0,100.0,uM,TP53,Human MCF10A cell lines
MCF10A,13311-84-7,https://montilab.bu.edu/Xposome/?page=MCF10A&tab=chemical_explorer&chemical_id=13311-84-7&stat=gene_expression,44,1861.0,11.0,uM,TP53,Human MCF10A cell lines
MCF10A,13311-84-7,https://montilab.bu.edu/Xposome/?page=MCF10A&tab=chemical_explorer&chemical_id=13311-84-7&stat=gene_expression,81,1861.0,33.0,uM,TP53,Human MCF10A cell lines
MCF10A,13311-84-7,https://montilab.bu.edu/Xposome/?page=MCF10A&tab=chemical_explorer&chemical_id=13311-84-7&stat=gene_expression,264,1861.0,100.0,uM,WT,Human MCF10A cell lines
MCF10A,13311-84-7,https://montilab.bu.edu/Xposome/?page=MCF10A&tab=chemical_explorer&chemical_id=13311-84-7&stat=gene_expression,54,1861.0,11.0,uM,WT,Human MCF10A cell lines
MCF10A,13311-84-7,https://montilab.bu.edu/Xposome/?page=MCF10A&tab=chemical_explorer&chemical_id=13311-84-7&stat=gene_expression,90,1861.0,33.0,uM,WT,Human MCF10A cell lines
MCF10A,134-32-7,https://montilab.bu.edu/Xposome/?page=MCF10A&tab=chemical_explorer&chemical_id=134-32-7&stat=gene_expression,131,10025.0,103.0,uM,TP53,Human MCF10A cell lines
MCF10A,134-32-7,https://montilab.bu.edu/Xposome/?page=MCF10A&tab=chemical_explorer&chemical_id=134-32-7&stat=gene_expression,1164,10025.0,11.0,uM,TP53,Human MCF10A cell lines
MCF10A,134-32-7,https://montilab.bu.edu/Xposome/?page=MCF10A&tab=chemical_explorer&chemical_id=134-32-7&stat=gene_expression,621,10025.0,34.0,uM,TP53,Human MCF10A cell lines
MCF10A,134-32-7,https://montilab.bu.edu/Xposome/?page=MCF10A&tab=chemical_explorer&chemical_id=134-32-7&stat=gene_expression,1754,10025.0,103.0,uM,WT,Human MCF10A cell lines
MCF10A,134-32-7,https://montilab.bu.edu/Xposome/?page=MCF10A&tab=chemical_explorer&chemical_id=134-32-7&stat=gene_expression,1332,10025.0,11.0,uM,WT,Human MCF10A cell lines
MCF10A,135-88-6,https://montilab.bu.edu/Xposome/?page=MCF10A&tab=chemical_explorer&chemical_id=135-88-6&stat=gene_expression,262,10476.0,100.0,uM,TP53,Human MCF10A cell lines
MCF10A,135-88-6,https://montilab.bu.edu/Xposome/?page=MCF10A&tab=chemical_explorer&chemical_id=135-88-6&stat=gene_expression,12,10476.0,11.0,uM,TP53,Human MCF10A cell lines
MCF10A,135-88-6,https://montilab.bu.edu/Xposome/?page=MCF10A&tab=chemical_explorer&chemical_id=135-88-6&stat=gene_expression,103,10476.0,33.0,uM,TP53,Human MCF10A cell lines
MCF10A,135-88-6,https://montilab.bu.edu/Xposome/?page=MCF10A&tab=chemical_explorer&chemical_id=135-88-6&stat=gene_expression,191,10476.0,100.0,uM,WT,Human MCF10A cell lines
MCF10A,135-88-6,https://montilab.bu.edu/Xposome/?page=MCF10A&tab=chemical_explorer&chemical_id=135-88-6&stat=gene_expression,67,10476.0,11.0,uM,WT,Human MCF10A cell lines
MCF10A,135-88-6,https://montilab.bu.edu/Xposome/?page=MCF10A&tab=chemical_explorer&chemical_id=135-88-6&stat=gene_expression,162,10476.0,33.0,uM,WT,Human MCF10A cell lines
MCF10A,136-77-6,https://montilab.bu.edu/Xposome/?page=MCF10A&tab=chemical_explorer&chemical_id=136-77-6&stat=gene_expression,10,599.0,11.0,uM,TP53,Human MCF10A cell lines
MCF10A,136-77-6,https://montilab.bu.edu/Xposome/?page=MCF10A&tab=chemical_explorer&chemical_id=136-77-6&stat=gene_expression,126,599.0,34.0,uM,TP53,Human MCF10A cell lines
MCF10A,136-77-6,https://montilab.bu.edu/Xposome/?page=MCF10A&tab=chemical_explorer&chemical_id=136-77-6&stat=gene_expression,27,599.0,11.0,uM,WT,Human MCF10A cell lines
MCF10A,136-77-6,https://montilab.bu.edu/Xposome/?page=MCF10A&tab=chemical_explorer&chemical_id=136-77-6&stat=gene_expression,53,599.0,34.0,uM,WT,Human MCF10A cell lines
MCF10A,13674-84-5,https://montilab.bu.edu/Xposome/?page=MCF10A&tab=chemical_explorer&chemical_id=13674-84-5&stat=gene_expression,59,3147.0,101.0,uM,TP53,Human MCF10A cell lines
MCF10A,13674-84-5,https://montilab.bu.edu/Xposome/?page=MCF10A&tab=chemical_explorer&chemical_id=13674-84-5&stat=gene_expression,25,3147.0,11.0,uM,TP53,Human MCF10A cell lines
MCF10A,13674-84-5,https://montilab.bu.edu/Xposome/?page=MCF10A&tab=chemical_explorer&chemical_id=13674-84-5&stat=gene_expression,26,3147.0,34.0,uM,TP53,Human MCF10A cell lines
MCF10A,13674-84-5,https://montilab.bu.edu/Xposome/?page=MCF10A&tab=chemical_explorer&chemical_id=13674-84-5&stat=gene_expression,348,3147.0,101.0,uM,WT,Human MCF10A cell lines
MCF10A,13674-84-5,https://montilab.bu.edu/Xposome/?page=MCF10A&tab=chemical_explorer&chemical_id=13674-84-5&stat=gene_expression,39,3147.0,11.0,uM,WT,Human MCF10A cell lines
MCF10A,13674-84-5,https://montilab.bu.edu/Xposome/?page=MCF10A&tab=chemical_explorer&chemical_id=13674-84-5&stat=gene_expression,19,3147.0,34.0,uM,WT,Human MCF10A cell lines
MCF10A,137-26-8,https://montilab.bu.edu/Xposome/?page=MCF10A&tab=chemical_explorer&chemical_id=137-26-8&stat=gene_expression,1094,3022.0,100.0,uM,TP53,Human MCF10A cell lines
MCF10A,137-26-8,https://montilab.bu.edu/Xposome/?page=MCF10A&tab=chemical_explorer&chemical_id=137-26-8&stat=gene_expression,38,3022.0,11.0,uM,TP53,Human MCF10A cell lines
MCF10A,137-26-8,https://montilab.bu.edu/Xposome/?page=MCF10A&tab=chemical_explorer&chemical_id=137-26-8&stat=gene_expression,1183,3022.0,33.0,uM,TP53,Human MCF10A cell lines
MCF10A,137-26-8,https://montilab.bu.edu/Xposome/?page=MCF10A&tab=chemical_explorer&chemical_id=137-26-8&stat=gene_expression,1071,3022.0,100.0,uM,WT,Human MCF10A cell lines
MCF10A,137-26-8,https://montilab.bu.edu/Xposome/?page=MCF10A&tab=chemical_explorer&chemical_id=137-26-8&stat=gene_expression,56,3022.0,11.0,uM,WT,Human MCF10A cell lines
MCF10A,137-26-8,https://montilab.bu.edu/Xposome/?page=MCF10A&tab=chemical_explorer&chemical_id=137-26-8&stat=gene_expression,983,3022.0,33.0,uM,WT,Human MCF10A cell lines
MCF10A,1461-22-9,https://montilab.bu.edu/Xposome/?page=MCF10A&tab=chemical_explorer&chemical_id=1461-22-9&stat=gene_expression,52,3104.0,0.11,uM,TP53,Human MCF10A cell lines
MCF10A,1461-22-9,https://montilab.bu.edu/Xposome/?page=MCF10A&tab=chemical_explorer&chemical_id=1461-22-9&stat=gene_expression,103,3104.0,0.33,uM,TP53,Human MCF10A cell lines
MCF10A,1461-22-9,https://montilab.bu.edu/Xposome/?page=MCF10A&tab=chemical_explorer&chemical_id=1461-22-9&stat=gene_expression,29,3104.0,0.11,uM,WT,Human MCF10A cell lines
MCF10A,1461-22-9,https://montilab.bu.edu/Xposome/?page=MCF10A&tab=chemical_explorer&chemical_id=1461-22-9&stat=gene_expression,103,3104.0,0.33,uM,WT,Human MCF10A cell lines
MCF10A,1461-22-9,https://montilab.bu.edu/Xposome/?page=MCF10A&tab=chemical_explorer&chemical_id=1461-22-9&stat=gene_expression,1173,3104.0,1.0,uM,WT,Human MCF10A cell lines
MCF10A,148-24-3,https://montilab.bu.edu/Xposome/?page=MCF10A&tab=chemical_explorer&chemical_id=148-24-3&stat=gene_expression,99,740.0,101.0,uM,TP53,Human MCF10A cell lines
MCF10A,148-24-3,https://montilab.bu.edu/Xposome/?page=MCF10A&tab=chemical_explorer&chemical_id=148-24-3&stat=gene_expression,23,740.0,11.0,uM,TP53,Human MCF10A cell lines
MCF10A,148-24-3,https://montilab.bu.edu/Xposome/?page=MCF10A&tab=chemical_explorer&chemical_id=148-24-3&stat=gene_expression,23,740.0,34.0,uM,TP53,Human MCF10A cell lines
MCF10A,148-24-3,https://montilab.bu.edu/Xposome/?page=MCF10A&tab=chemical_explorer&chemical_id=148-24-3&stat=gene_expression,92,740.0,101.0,uM,WT,Human MCF10A cell lines
MCF10A,148-24-3,https://montilab.bu.edu/Xposome/?page=MCF10A&tab=chemical_explorer&chemical_id=148-24-3&stat=gene_expression,23,740.0,11.0,uM,WT,Human MCF10A cell lines
MCF10A,148-24-3,https://montilab.bu.edu/Xposome/?page=MCF10A&tab=chemical_explorer&chemical_id=148-24-3&stat=gene_expression,90,740.0,34.0,uM,WT,Human MCF10A cell lines
MCF10A,148-79-8,https://montilab.bu.edu/Xposome/?page=MCF10A&tab=chemical_explorer&chemical_id=148-79-8&stat=gene_expression,40,3012.0,101.0,uM,TP53,Human MCF10A cell lines
MCF10A,148-79-8,https://montilab.bu.edu/Xposome/?page=MCF10A&tab=chemical_explorer&chemical_id=148-79-8&stat=gene_expression,36,3012.0,11.0,uM,TP53,Human MCF10A cell lines
MCF10A,148-79-8,https://montilab.bu.edu/Xposome/?page=MCF10A&tab=chemical_explorer&chemical_id=148-79-8&stat=gene_expression,53,3012.0,34.0,uM,TP53,Human MCF10A cell lines
MCF10A,148-79-8,https://montilab.bu.edu/Xposome/?page=MCF10A&tab=chemical_explorer&chemical_id=148-79-8&stat=gene_expression,26,3012.0,101.0,uM,WT,Human MCF10A cell lines
MCF10A,148-79-8,https://montilab.bu.edu/Xposome/?page=MCF10A&tab=chemical_explorer&chemical_id=148-79-8&stat=gene_expression,62,3012.0,11.0,uM,WT,Human MCF10A cell lines
MCF10A,148-79-8,https://montilab.bu.edu/Xposome/?page=MCF10A&tab=chemical_explorer&chemical_id=148-79-8&stat=gene_expression,31,3012.0,34.0,uM,WT,Human MCF10A cell lines
MCF10A,1746-01-6,https://montilab.bu.edu/Xposome/?page=MCF10A&tab=chemical_explorer&chemical_id=1746-01-6&stat=gene_expression,71,283.0,0.01,uM,TP53,Human MCF10A cell lines
MCF10A,1746-01-6,https://montilab.bu.edu/Xposome/?page=MCF10A&tab=chemical_explorer&chemical_id=1746-01-6&stat=gene_expression,24,283.0,0.03,uM,TP53,Human MCF10A cell lines
MCF10A,1746-01-6,https://montilab.bu.edu/Xposome/?page=MCF10A&tab=chemical_explorer&chemical_id=1746-01-6&stat=gene_expression,27,283.0,0.1,uM,TP53,Human MCF10A cell lines
MCF10A,1746-01-6,https://montilab.bu.edu/Xposome/?page=MCF10A&tab=chemical_explorer&chemical_id=1746-01-6&stat=gene_expression,35,283.0,0.01,uM,WT,Human MCF10A cell lines
MCF10A,1746-01-6,https://montilab.bu.edu/Xposome/?page=MCF10A&tab=chemical_explorer&chemical_id=1746-01-6&stat=gene_expression,65,283.0,0.03,uM,WT,Human MCF10A cell lines
MCF10A,1746-01-6,https://montilab.bu.edu/Xposome/?page=MCF10A&tab=chemical_explorer&chemical_id=1746-01-6&stat=gene_expression,203,283.0,0.1,uM,WT,Human MCF10A cell lines
MCF10A,189-64-0,https://montilab.bu.edu/Xposome/?page=MCF10A&tab=chemical_explorer&chemical_id=189-64-0&stat=gene_expression,58,1612.0,100.0,uM,TP53,Human MCF10A cell lines
MCF10A,189-64-0,https://montilab.bu.edu/Xposome/?page=MCF10A&tab=chemical_explorer&chemical_id=189-64-0&stat=gene_expression,240,1612.0,11.0,uM,TP53,Human MCF10A cell lines
MCF10A,189-64-0,https://montilab.bu.edu/Xposome/?page=MCF10A&tab=chemical_explorer&chemical_id=189-64-0&stat=gene_expression,158,1612.0,33.0,uM,TP53,Human MCF10A cell lines
MCF10A,189-64-0,https://montilab.bu.edu/Xposome/?page=MCF10A&tab=chemical_explorer&chemical_id=189-64-0&stat=gene_expression,85,1612.0,100.0,uM,WT,Human MCF10A cell lines
MCF10A,189-64-0,https://montilab.bu.edu/Xposome/?page=MCF10A&tab=chemical_explorer&chemical_id=189-64-0&stat=gene_expression,190,1612.0,11.0,uM,WT,Human MCF10A cell lines
MCF10A,189-64-0,https://montilab.bu.edu/Xposome/?page=MCF10A&tab=chemical_explorer&chemical_id=189-64-0&stat=gene_expression,357,1612.0,33.0,uM,WT,Human MCF10A cell lines
MCF10A,191-30-0,https://montilab.bu.edu/Xposome/?page=MCF10A&tab=chemical_explorer&chemical_id=191-30-0&stat=gene_expression,36,1616.0,11.0,uM,TP53,Human MCF10A cell lines
MCF10A,191-30-0,https://montilab.bu.edu/Xposome/?page=MCF10A&tab=chemical_explorer&chemical_id=191-30-0&stat=gene_expression,36,1614.0,11.0,uM,TP53,Human MCF10A cell lines
MCF10A,191-30-0,https://montilab.bu.edu/Xposome/?page=MCF10A&tab=chemical_explorer&chemical_id=191-30-0&stat=gene_expression,150,1616.0,32.0,uM,TP53,Human MCF10A cell lines
MCF10A,191-30-0,https://montilab.bu.edu/Xposome/?page=MCF10A&tab=chemical_explorer&chemical_id=191-30-0&stat=gene_expression,150,1614.0,32.0,uM,TP53,Human MCF10A cell lines
MCF10A,191-30-0,https://montilab.bu.edu/Xposome/?page=MCF10A&tab=chemical_explorer&chemical_id=191-30-0&stat=gene_expression,53,1616.0,97.0,uM,TP53,Human MCF10A cell lines
MCF10A,191-30-0,https://montilab.bu.edu/Xposome/?page=MCF10A&tab=chemical_explorer&chemical_id=191-30-0&stat=gene_expression,53,1614.0,97.0,uM,TP53,Human MCF10A cell lines
MCF10A,191-30-0,https://montilab.bu.edu/Xposome/?page=MCF10A&tab=chemical_explorer&chemical_id=191-30-0&stat=gene_expression,448,1616.0,11.0,uM,WT,Human MCF10A cell lines
MCF10A,191-30-0,https://montilab.bu.edu/Xposome/?page=MCF10A&tab=chemical_explorer&chemical_id=191-30-0&stat=gene_expression,448,1614.0,11.0,uM,WT,Human MCF10A cell lines
MCF10A,191-30-0,https://montilab.bu.edu/Xposome/?page=MCF10A&tab=chemical_explorer&chemical_id=191-30-0&stat=gene_expression,39,1616.0,32.0,uM,WT,Human MCF10A cell lines
MCF10A,191-30-0,https://montilab.bu.edu/Xposome/?page=MCF10A&tab=chemical_explorer&chemical_id=191-30-0&stat=gene_expression,39,1614.0,32.0,uM,WT,Human MCF10A cell lines
MCF10A,191-30-0,https://montilab.bu.edu/Xposome/?page=MCF10A&tab=chemical_explorer&chemical_id=191-30-0&stat=gene_expression,47,1616.0,97.0,uM,WT,Human MCF10A cell lines
MCF10A,191-30-0,https://montilab.bu.edu/Xposome/?page=MCF10A&tab=chemical_explorer&chemical_id=191-30-0&stat=gene_expression,47,1614.0,97.0,uM,WT,Human MCF10A cell lines
MCF10A,1912-24-9,https://montilab.bu.edu/Xposome/?page=MCF10A&tab=chemical_explorer&chemical_id=1912-24-9&stat=gene_expression,135,1105.0,100.0,uM,TP53,Human MCF10A cell lines
MCF10A,1912-24-9,https://montilab.bu.edu/Xposome/?page=MCF10A&tab=chemical_explorer&chemical_id=1912-24-9&stat=gene_expression,23,1105.0,11.0,uM,TP53,Human MCF10A cell lines
MCF10A,1912-24-9,https://montilab.bu.edu/Xposome/?page=MCF10A&tab=chemical_explorer&chemical_id=1912-24-9&stat=gene_expression,14,1105.0,33.0,uM,TP53,Human MCF10A cell lines
MCF10A,1912-24-9,https://montilab.bu.edu/Xposome/?page=MCF10A&tab=chemical_explorer&chemical_id=1912-24-9&stat=gene_expression,122,1105.0,100.0,uM,WT,Human MCF10A cell lines
MCF10A,1912-24-9,https://montilab.bu.edu/Xposome/?page=MCF10A&tab=chemical_explorer&chemical_id=1912-24-9&stat=gene_expression,20,1105.0,11.0,uM,WT,Human MCF10A cell lines
MCF10A,1912-24-9,https://montilab.bu.edu/Xposome/?page=MCF10A&tab=chemical_explorer&chemical_id=1912-24-9&stat=gene_expression,28,1105.0,33.0,uM,WT,Human MCF10A cell lines
MCF10A,193-39-5,https://montilab.bu.edu/Xposome/?page=MCF10A&tab=chemical_explorer&chemical_id=193-39-5&stat=gene_expression,44,1965.0,102.0,uM,TP53,Human MCF10A cell lines
MCF10A,193-39-5,https://montilab.bu.edu/Xposome/?page=MCF10A&tab=chemical_explorer&chemical_id=193-39-5&stat=gene_expression,42,1965.0,11.0,uM,TP53,Human MCF10A cell lines
MCF10A,193-39-5,https://montilab.bu.edu/Xposome/?page=MCF10A&tab=chemical_explorer&chemical_id=193-39-5&stat=gene_expression,74,1965.0,34.0,uM,TP53,Human MCF10A cell lines
MCF10A,193-39-5,https://montilab.bu.edu/Xposome/?page=MCF10A&tab=chemical_explorer&chemical_id=193-39-5&stat=gene_expression,502,1965.0,102.0,uM,WT,Human MCF10A cell lines
MCF10A,193-39-5,https://montilab.bu.edu/Xposome/?page=MCF10A&tab=chemical_explorer&chemical_id=193-39-5&stat=gene_expression,76,1965.0,11.0,uM,WT,Human MCF10A cell lines
MCF10A,193-39-5,https://montilab.bu.edu/Xposome/?page=MCF10A&tab=chemical_explorer&chemical_id=193-39-5&stat=gene_expression,706,1965.0,34.0,uM,WT,Human MCF10A cell lines
MCF10A,1934-21-0,https://montilab.bu.edu/Xposome/?page=MCF10A&tab=chemical_explorer&chemical_id=1934-21-0&stat=gene_expression,18,1808.0,101.0,uM,TP53,Human MCF10A cell lines
MCF10A,1934-21-0,https://montilab.bu.edu/Xposome/?page=MCF10A&tab=chemical_explorer&chemical_id=1934-21-0&stat=gene_expression,26,1808.0,11.0,uM,TP53,Human MCF10A cell lines
MCF10A,1934-21-0,https://montilab.bu.edu/Xposome/?page=MCF10A&tab=chemical_explorer&chemical_id=1934-21-0&stat=gene_expression,37,1808.0,34.0,uM,TP53,Human MCF10A cell lines
MCF10A,1934-21-0,https://montilab.bu.edu/Xposome/?page=MCF10A&tab=chemical_explorer&chemical_id=1934-21-0&stat=gene_expression,44,1808.0,101.0,uM,WT,Human MCF10A cell lines
MCF10A,1934-21-0,https://montilab.bu.edu/Xposome/?page=MCF10A&tab=chemical_explorer&chemical_id=1934-21-0&stat=gene_expression,788,1808.0,11.0,uM,WT,Human MCF10A cell lines
MCF10A,1934-21-0,https://montilab.bu.edu/Xposome/?page=MCF10A&tab=chemical_explorer&chemical_id=1934-21-0&stat=gene_expression,32,1808.0,34.0,uM,WT,Human MCF10A cell lines
MCF10A,1948-33-0,https://montilab.bu.edu/Xposome/?page=MCF10A&tab=chemical_explorer&chemical_id=1948-33-0&stat=gene_expression,100,2989.0,101.0,uM,TP53,Human MCF10A cell lines
MCF10A,1948-33-0,https://montilab.bu.edu/Xposome/?page=MCF10A&tab=chemical_explorer&chemical_id=1948-33-0&stat=gene_expression,35,2989.0,11.0,uM,TP53,Human MCF10A cell lines
MCF10A,1948-33-0,https://montilab.bu.edu/Xposome/?page=MCF10A&tab=chemical_explorer&chemical_id=1948-33-0&stat=gene_expression,32,2989.0,34.0,uM,TP53,Human MCF10A cell lines
MCF10A,1948-33-0,https://montilab.bu.edu/Xposome/?page=MCF10A&tab=chemical_explorer&chemical_id=1948-33-0&stat=gene_expression,102,2989.0,101.0,uM,WT,Human MCF10A cell lines
MCF10A,1948-33-0,https://montilab.bu.edu/Xposome/?page=MCF10A&tab=chemical_explorer&chemical_id=1948-33-0&stat=gene_expression,14,2989.0,11.0,uM,WT,Human MCF10A cell lines
MCF10A,1948-33-0,https://montilab.bu.edu/Xposome/?page=MCF10A&tab=chemical_explorer&chemical_id=1948-33-0&stat=gene_expression,115,2989.0,34.0,uM,WT,Human MCF10A cell lines
MCF10A,20325-40-0,https://montilab.bu.edu/Xposome/?page=MCF10A&tab=chemical_explorer&chemical_id=20325-40-0&stat=gene_expression,257,471.0,101.0,uM,TP53,Human MCF10A cell lines
MCF10A,20325-40-0,https://montilab.bu.edu/Xposome/?page=MCF10A&tab=chemical_explorer&chemical_id=20325-40-0&stat=gene_expression,70,471.0,11.0,uM,TP53,Human MCF10A cell lines
MCF10A,20325-40-0,https://montilab.bu.edu/Xposome/?page=MCF10A&tab=chemical_explorer&chemical_id=20325-40-0&stat=gene_expression,27,471.0,34.0,uM,TP53,Human MCF10A cell lines
MCF10A,20325-40-0,https://montilab.bu.edu/Xposome/?page=MCF10A&tab=chemical_explorer&chemical_id=20325-40-0&stat=gene_expression,343,471.0,101.0,uM,WT,Human MCF10A cell lines
MCF10A,20325-40-0,https://montilab.bu.edu/Xposome/?page=MCF10A&tab=chemical_explorer&chemical_id=20325-40-0&stat=gene_expression,54,471.0,11.0,uM,WT,Human MCF10A cell lines
MCF10A,20325-40-0,https://montilab.bu.edu/Xposome/?page=MCF10A&tab=chemical_explorer&chemical_id=20325-40-0&stat=gene_expression,39,471.0,34.0,uM,WT,Human MCF10A cell lines
MCF10A,205-99-2,https://montilab.bu.edu/Xposome/?page=MCF10A&tab=chemical_explorer&chemical_id=205-99-2&stat=gene_expression,34,1175.0,11.0,uM,TP53,Human MCF10A cell lines
MCF10A,205-99-2,https://montilab.bu.edu/Xposome/?page=MCF10A&tab=chemical_explorer&chemical_id=205-99-2&stat=gene_expression,234,1175.0,33.0,uM,TP53,Human MCF10A cell lines
MCF10A,205-99-2,https://montilab.bu.edu/Xposome/?page=MCF10A&tab=chemical_explorer&chemical_id=205-99-2&stat=gene_expression,24,1175.0,99.0,uM,TP53,Human MCF10A cell lines
MCF10A,205-99-2,https://montilab.bu.edu/Xposome/?page=MCF10A&tab=chemical_explorer&chemical_id=205-99-2&stat=gene_expression,28,1175.0,11.0,uM,WT,Human MCF10A cell lines
MCF10A,205-99-2,https://montilab.bu.edu/Xposome/?page=MCF10A&tab=chemical_explorer&chemical_id=205-99-2&stat=gene_expression,44,1175.0,33.0,uM,WT,Human MCF10A cell lines
MCF10A,205-99-2,https://montilab.bu.edu/Xposome/?page=MCF10A&tab=chemical_explorer&chemical_id=205-99-2&stat=gene_expression,11,1175.0,99.0,uM,WT,Human MCF10A cell lines
MCF10A,2058-46-0,https://montilab.bu.edu/Xposome/?page=MCF10A&tab=chemical_explorer&chemical_id=2058-46-0&stat=gene_expression,526,2506.0,100.0,uM,TP53,Human MCF10A cell lines
MCF10A,2058-46-0,https://montilab.bu.edu/Xposome/?page=MCF10A&tab=chemical_explorer&chemical_id=2058-46-0&stat=gene_expression,13,2506.0,11.0,uM,TP53,Human MCF10A cell lines
MCF10A,2058-46-0,https://montilab.bu.edu/Xposome/?page=MCF10A&tab=chemical_explorer&chemical_id=2058-46-0&stat=gene_expression,135,2506.0,33.0,uM,TP53,Human MCF10A cell lines
MCF10A,2058-46-0,https://montilab.bu.edu/Xposome/?page=MCF10A&tab=chemical_explorer&chemical_id=2058-46-0&stat=gene_expression,571,2506.0,100.0,uM,WT,Human MCF10A cell lines
MCF10A,2058-46-0,https://montilab.bu.edu/Xposome/?page=MCF10A&tab=chemical_explorer&chemical_id=2058-46-0&stat=gene_expression,23,2506.0,11.0,uM,WT,Human MCF10A cell lines
MCF10A,2058-46-0,https://montilab.bu.edu/Xposome/?page=MCF10A&tab=chemical_explorer&chemical_id=2058-46-0&stat=gene_expression,187,2506.0,33.0,uM,WT,Human MCF10A cell lines
MCF10A,207-08-9,https://montilab.bu.edu/Xposome/?page=MCF10A&tab=chemical_explorer&chemical_id=207-08-9&stat=gene_expression,51,1182.0,101.0,uM,TP53,Human MCF10A cell lines
MCF10A,207-08-9,https://montilab.bu.edu/Xposome/?page=MCF10A&tab=chemical_explorer&chemical_id=207-08-9&stat=gene_expression,1087,1182.0,11.0,uM,TP53,Human MCF10A cell lines
MCF10A,207-08-9,https://montilab.bu.edu/Xposome/?page=MCF10A&tab=chemical_explorer&chemical_id=207-08-9&stat=gene_expression,116,1182.0,34.0,uM,TP53,Human MCF10A cell lines
MCF10A,207-08-9,https://montilab.bu.edu/Xposome/?page=MCF10A&tab=chemical_explorer&chemical_id=207-08-9&stat=gene_expression,206,1182.0,101.0,uM,WT,Human MCF10A cell lines
MCF10A,207-08-9,https://montilab.bu.edu/Xposome/?page=MCF10A&tab=chemical_explorer&chemical_id=207-08-9&stat=gene_expression,1136,1182.0,11.0,uM,WT,Human MCF10A cell lines
MCF10A,207-08-9,https://montilab.bu.edu/Xposome/?page=MCF10A&tab=chemical_explorer&chemical_id=207-08-9&stat=gene_expression,620,1182.0,34.0,uM,WT,Human MCF10A cell lines
MCF10A,2164-17-2,https://montilab.bu.edu/Xposome/?page=MCF10A&tab=chemical_explorer&chemical_id=2164-17-2&stat=gene_expression,44,1853.0,11.0,uM,TP53,Human MCF10A cell lines
MCF10A,2164-17-2,https://montilab.bu.edu/Xposome/?page=MCF10A&tab=chemical_explorer&chemical_id=2164-17-2&stat=gene_expression,187,1853.0,32.0,uM,TP53,Human MCF10A cell lines
MCF10A,2164-17-2,https://montilab.bu.edu/Xposome/?page=MCF10A&tab=chemical_explorer&chemical_id=2164-17-2&stat=gene_expression,80,1853.0,97.0,uM,TP53,Human MCF10A cell lines
MCF10A,2164-17-2,https://montilab.bu.edu/Xposome/?page=MCF10A&tab=chemical_explorer&chemical_id=2164-17-2&stat=gene_expression,133,1853.0,11.0,uM,WT,Human MCF10A cell lines
MCF10A,2164-17-2,https://montilab.bu.edu/Xposome/?page=MCF10A&tab=chemical_explorer&chemical_id=2164-17-2&stat=gene_expression,28,1853.0,32.0,uM,WT,Human MCF10A cell lines
MCF10A,2164-17-2,https://montilab.bu.edu/Xposome/?page=MCF10A&tab=chemical_explorer&chemical_id=2164-17-2&stat=gene_expression,36,1853.0,97.0,uM,WT,Human MCF10A cell lines
MCF10A,21725-46-2,https://montilab.bu.edu/Xposome/?page=MCF10A&tab=chemical_explorer&chemical_id=21725-46-2&stat=gene_expression,822,1532.0,11.0,uM,TP53,Human MCF10A cell lines
MCF10A,21725-46-2,https://montilab.bu.edu/Xposome/?page=MCF10A&tab=chemical_explorer&chemical_id=21725-46-2&stat=gene_expression,93,1532.0,33.0,uM,TP53,Human MCF10A cell lines
MCF10A,21725-46-2,https://montilab.bu.edu/Xposome/?page=MCF10A&tab=chemical_explorer&chemical_id=21725-46-2&stat=gene_expression,427,1532.0,98.0,uM,TP53,Human MCF10A cell lines
MCF10A,21725-46-2,https://montilab.bu.edu/Xposome/?page=MCF10A&tab=chemical_explorer&chemical_id=21725-46-2&stat=gene_expression,18,1532.0,11.0,uM,WT,Human MCF10A cell lines
MCF10A,21725-46-2,https://montilab.bu.edu/Xposome/?page=MCF10A&tab=chemical_explorer&chemical_id=21725-46-2&stat=gene_expression,99,1532.0,33.0,uM,WT,Human MCF10A cell lines
MCF10A,21725-46-2,https://montilab.bu.edu/Xposome/?page=MCF10A&tab=chemical_explorer&chemical_id=21725-46-2&stat=gene_expression,105,1532.0,98.0,uM,WT,Human MCF10A cell lines
MCF10A,218-01-9,https://montilab.bu.edu/Xposome/?page=MCF10A&tab=chemical_explorer&chemical_id=218-01-9&stat=gene_expression,12,1371.0,10.0,uM,TP53,Human MCF10A cell lines
MCF10A,218-01-9,https://montilab.bu.edu/Xposome/?page=MCF10A&tab=chemical_explorer&chemical_id=218-01-9&stat=gene_expression,92,1371.0,31.0,uM,TP53,Human MCF10A cell lines
MCF10A,218-01-9,https://montilab.bu.edu/Xposome/?page=MCF10A&tab=chemical_explorer&chemical_id=218-01-9&stat=gene_expression,20,1371.0,93.0,uM,TP53,Human MCF10A cell lines
MCF10A,218-01-9,https://montilab.bu.edu/Xposome/?page=MCF10A&tab=chemical_explorer&chemical_id=218-01-9&stat=gene_expression,101,1371.0,10.0,uM,WT,Human MCF10A cell lines
MCF10A,218-01-9,https://montilab.bu.edu/Xposome/?page=MCF10A&tab=chemical_explorer&chemical_id=218-01-9&stat=gene_expression,45,1371.0,31.0,uM,WT,Human MCF10A cell lines
MCF10A,218-01-9,https://montilab.bu.edu/Xposome/?page=MCF10A&tab=chemical_explorer&chemical_id=218-01-9&stat=gene_expression,42,1371.0,93.0,uM,WT,Human MCF10A cell lines
MCF10A,23593-75-1,https://montilab.bu.edu/Xposome/?page=MCF10A&tab=chemical_explorer&chemical_id=23593-75-1&stat=gene_expression,673,1391.0,11.0,uM,TP53,Human MCF10A cell lines
MCF10A,23593-75-1,https://montilab.bu.edu/Xposome/?page=MCF10A&tab=chemical_explorer&chemical_id=23593-75-1&stat=gene_expression,1717,1391.0,33.0,uM,TP53,Human MCF10A cell lines
MCF10A,23593-75-1,https://montilab.bu.edu/Xposome/?page=MCF10A&tab=chemical_explorer&chemical_id=23593-75-1&stat=gene_expression,1467,1391.0,99.0,uM,TP53,Human MCF10A cell lines
MCF10A,23593-75-1,https://montilab.bu.edu/Xposome/?page=MCF10A&tab=chemical_explorer&chemical_id=23593-75-1&stat=gene_expression,615,1391.0,11.0,uM,WT,Human MCF10A cell lines
MCF10A,23593-75-1,https://montilab.bu.edu/Xposome/?page=MCF10A&tab=chemical_explorer&chemical_id=23593-75-1&stat=gene_expression,1837,1391.0,33.0,uM,WT,Human MCF10A cell lines
MCF10A,23593-75-1,https://montilab.bu.edu/Xposome/?page=MCF10A&tab=chemical_explorer&chemical_id=23593-75-1&stat=gene_expression,1649,1391.0,99.0,uM,WT,Human MCF10A cell lines
MCF10A,271-89-6,https://montilab.bu.edu/Xposome/?page=MCF10A&tab=chemical_explorer&chemical_id=271-89-6&stat=gene_expression,50,1183.0,103.0,uM,TP53,Human MCF10A cell lines
MCF10A,271-89-6,https://montilab.bu.edu/Xposome/?page=MCF10A&tab=chemical_explorer&chemical_id=271-89-6&stat=gene_expression,62,1183.0,11.0,uM,TP53,Human MCF10A cell lines
MCF10A,271-89-6,https://montilab.bu.edu/Xposome/?page=MCF10A&tab=chemical_explorer&chemical_id=271-89-6&stat=gene_expression,57,1183.0,34.0,uM,TP53,Human MCF10A cell lines
MCF10A,271-89-6,https://montilab.bu.edu/Xposome/?page=MCF10A&tab=chemical_explorer&chemical_id=271-89-6&stat=gene_expression,264,1183.0,103.0,uM,WT,Human MCF10A cell lines
MCF10A,271-89-6,https://montilab.bu.edu/Xposome/?page=MCF10A&tab=chemical_explorer&chemical_id=271-89-6&stat=gene_expression,20,1183.0,11.0,uM,WT,Human MCF10A cell lines
MCF10A,271-89-6,https://montilab.bu.edu/Xposome/?page=MCF10A&tab=chemical_explorer&chemical_id=271-89-6&stat=gene_expression,27,1183.0,34.0,uM,WT,Human MCF10A cell lines
MCF10A,302-79-4,https://montilab.bu.edu/Xposome/?page=MCF10A&tab=chemical_explorer&chemical_id=302-79-4&stat=gene_expression,167,2778.0,11.0,uM,TP53,Human MCF10A cell lines
MCF10A,302-79-4,https://montilab.bu.edu/Xposome/?page=MCF10A&tab=chemical_explorer&chemical_id=302-79-4&stat=gene_expression,239,2778.0,33.0,uM,TP53,Human MCF10A cell lines
MCF10A,302-79-4,https://montilab.bu.edu/Xposome/?page=MCF10A&tab=chemical_explorer&chemical_id=302-79-4&stat=gene_expression,1102,2778.0,100.0,uM,WT,Human MCF10A cell lines
MCF10A,302-79-4,https://montilab.bu.edu/Xposome/?page=MCF10A&tab=chemical_explorer&chemical_id=302-79-4&stat=gene_expression,254,2778.0,11.0,uM,WT,Human MCF10A cell lines
MCF10A,302-79-4,https://montilab.bu.edu/Xposome/?page=MCF10A&tab=chemical_explorer&chemical_id=302-79-4&stat=gene_expression,201,2778.0,33.0,uM,WT,Human MCF10A cell lines
MCF10A,32598-10-0,https://montilab.bu.edu/Xposome/?page=MCF10A&tab=chemical_explorer&chemical_id=32598-10-0&stat=gene_expression,72,10140.0,102.0,uM,TP53,Human MCF10A cell lines
MCF10A,32598-10-0,https://montilab.bu.edu/Xposome/?page=MCF10A&tab=chemical_explorer&chemical_id=32598-10-0&stat=gene_expression,15,10140.0,11.0,uM,TP53,Human MCF10A cell lines
MCF10A,32598-10-0,https://montilab.bu.edu/Xposome/?page=MCF10A&tab=chemical_explorer&chemical_id=32598-10-0&stat=gene_expression,12,10140.0,34.0,uM,TP53,Human MCF10A cell lines
MCF10A,32598-10-0,https://montilab.bu.edu/Xposome/?page=MCF10A&tab=chemical_explorer&chemical_id=32598-10-0&stat=gene_expression,51,10140.0,102.0,uM,WT,Human MCF10A cell lines
MCF10A,32598-10-0,https://montilab.bu.edu/Xposome/?page=MCF10A&tab=chemical_explorer&chemical_id=32598-10-0&stat=gene_expression,28,10140.0,11.0,uM,WT,Human MCF10A cell lines
MCF10A,32598-10-0,https://montilab.bu.edu/Xposome/?page=MCF10A&tab=chemical_explorer&chemical_id=32598-10-0&stat=gene_expression,39,10140.0,34.0,uM,WT,Human MCF10A cell lines
MCF10A,3296-90-0,https://montilab.bu.edu/Xposome/?page=MCF10A&tab=chemical_explorer&chemical_id=3296-90-0&stat=gene_expression,15,281.0,102.0,uM,TP53,Human MCF10A cell lines
MCF10A,3296-90-0,https://montilab.bu.edu/Xposome/?page=MCF10A&tab=chemical_explorer&chemical_id=3296-90-0&stat=gene_expression,15,281.0,11.0,uM,TP53,Human MCF10A cell lines
MCF10A,3296-90-0,https://montilab.bu.edu/Xposome/?page=MCF10A&tab=chemical_explorer&chemical_id=3296-90-0&stat=gene_expression,42,281.0,34.0,uM,TP53,Human MCF10A cell lines
MCF10A,3296-90-0,https://montilab.bu.edu/Xposome/?page=MCF10A&tab=chemical_explorer&chemical_id=3296-90-0&stat=gene_expression,14,281.0,102.0,uM,WT,Human MCF10A cell lines
MCF10A,3296-90-0,https://montilab.bu.edu/Xposome/?page=MCF10A&tab=chemical_explorer&chemical_id=3296-90-0&stat=gene_expression,43,281.0,11.0,uM,WT,Human MCF10A cell lines
MCF10A,3296-90-0,https://montilab.bu.edu/Xposome/?page=MCF10A&tab=chemical_explorer&chemical_id=3296-90-0&stat=gene_expression,46,281.0,34.0,uM,WT,Human MCF10A cell lines
MCF10A,335-67-1,https://montilab.bu.edu/Xposome/?page=MCF10A&tab=chemical_explorer&chemical_id=335-67-1&stat=gene_expression,180,2596.0,11.0,uM,TP53,Human MCF10A cell lines
MCF10A,335-67-1,https://montilab.bu.edu/Xposome/?page=MCF10A&tab=chemical_explorer&chemical_id=335-67-1&stat=gene_expression,40,2596.0,33.0,uM,TP53,Human MCF10A cell lines
MCF10A,335-67-1,https://montilab.bu.edu/Xposome/?page=MCF10A&tab=chemical_explorer&chemical_id=335-67-1&stat=gene_expression,67,2596.0,99.0,uM,TP53,Human MCF10A cell lines
MCF10A,335-67-1,https://montilab.bu.edu/Xposome/?page=MCF10A&tab=chemical_explorer&chemical_id=335-67-1&stat=gene_expression,100,2596.0,11.0,uM,WT,Human MCF10A cell lines
MCF10A,335-67-1,https://montilab.bu.edu/Xposome/?page=MCF10A&tab=chemical_explorer&chemical_id=335-67-1&stat=gene_expression,178,2596.0,33.0,uM,WT,Human MCF10A cell lines
MCF10A,335-67-1,https://montilab.bu.edu/Xposome/?page=MCF10A&tab=chemical_explorer&chemical_id=335-67-1&stat=gene_expression,43,2596.0,99.0,uM,WT,Human MCF10A cell lines
MCF10A,3380-34-5,https://montilab.bu.edu/Xposome/?page=MCF10A&tab=chemical_explorer&chemical_id=3380-34-5&stat=gene_expression,32,3112.0,11.0,uM,TP53,Human MCF10A cell lines
MCF10A,3380-34-5,https://montilab.bu.edu/Xposome/?page=MCF10A&tab=chemical_explorer&chemical_id=3380-34-5&stat=gene_expression,1881,3112.0,34.0,uM,TP53,Human MCF10A cell lines
MCF10A,3380-34-5,https://montilab.bu.edu/Xposome/?page=MCF10A&tab=chemical_explorer&chemical_id=3380-34-5&stat=gene_expression,35,3112.0,11.0,uM,WT,Human MCF10A cell lines
MCF10A,3380-34-5,https://montilab.bu.edu/Xposome/?page=MCF10A&tab=chemical_explorer&chemical_id=3380-34-5&stat=gene_expression,1901,3112.0,34.0,uM,WT,Human MCF10A cell lines
MCF10A,3697-24-3,https://montilab.bu.edu/Xposome/?page=MCF10A&tab=chemical_explorer&chemical_id=3697-24-3&stat=gene_expression,338,3862.0,11.0,uM,TP53,Human MCF10A cell lines
MCF10A,3697-24-3,https://montilab.bu.edu/Xposome/?page=MCF10A&tab=chemical_explorer&chemical_id=3697-24-3&stat=gene_expression,726,3862.0,33.0,uM,TP53,Human MCF10A cell lines
MCF10A,3697-24-3,https://montilab.bu.edu/Xposome/?page=MCF10A&tab=chemical_explorer&chemical_id=3697-24-3&stat=gene_expression,33,3862.0,98.0,uM,TP53,Human MCF10A cell lines
MCF10A,3697-24-3,https://montilab.bu.edu/Xposome/?page=MCF10A&tab=chemical_explorer&chemical_id=3697-24-3&stat=gene_expression,1332,3862.0,11.0,uM,WT,Human MCF10A cell lines
MCF10A,3697-24-3,https://montilab.bu.edu/Xposome/?page=MCF10A&tab=chemical_explorer&chemical_id=3697-24-3&stat=gene_expression,496,3862.0,33.0,uM,WT,Human MCF10A cell lines
MCF10A,3697-24-3,https://montilab.bu.edu/Xposome/?page=MCF10A&tab=chemical_explorer&chemical_id=3697-24-3&stat=gene_expression,629,3862.0,98.0,uM,WT,Human MCF10A cell lines
MCF10A,38379-99-6,https://montilab.bu.edu/Xposome/?page=MCF10A&tab=chemical_explorer&chemical_id=38379-99-6&stat=gene_expression,10,4013.0,11.0,uM,TP53,Human MCF10A cell lines
MCF10A,38379-99-6,https://montilab.bu.edu/Xposome/?page=MCF10A&tab=chemical_explorer&chemical_id=38379-99-6&stat=gene_expression,19,4013.0,33.0,uM,TP53,Human MCF10A cell lines
MCF10A,38379-99-6,https://montilab.bu.edu/Xposome/?page=MCF10A&tab=chemical_explorer&chemical_id=38379-99-6&stat=gene_expression,14,4013.0,98.0,uM,TP53,Human MCF10A cell lines
MCF10A,38379-99-6,https://montilab.bu.edu/Xposome/?page=MCF10A&tab=chemical_explorer&chemical_id=38379-99-6&stat=gene_expression,72,4013.0,11.0,uM,WT,Human MCF10A cell lines
MCF10A,38379-99-6,https://montilab.bu.edu/Xposome/?page=MCF10A&tab=chemical_explorer&chemical_id=38379-99-6&stat=gene_expression,12,4013.0,33.0,uM,WT,Human MCF10A cell lines
MCF10A,38379-99-6,https://montilab.bu.edu/Xposome/?page=MCF10A&tab=chemical_explorer&chemical_id=38379-99-6&stat=gene_expression,8,4013.0,98.0,uM,WT,Human MCF10A cell lines
MCF10A,41372-08-1,https://montilab.bu.edu/Xposome/?page=MCF10A&tab=chemical_explorer&chemical_id=41372-08-1&stat=gene_expression,9,2156.0,101.0,uM,TP53,Human MCF10A cell lines
MCF10A,41372-08-1,https://montilab.bu.edu/Xposome/?page=MCF10A&tab=chemical_explorer&chemical_id=41372-08-1&stat=gene_expression,41,2156.0,11.0,uM,TP53,Human MCF10A cell lines
MCF10A,41372-08-1,https://montilab.bu.edu/Xposome/?page=MCF10A&tab=chemical_explorer&chemical_id=41372-08-1&stat=gene_expression,8,2156.0,34.0,uM,TP53,Human MCF10A cell lines
MCF10A,41372-08-1,https://montilab.bu.edu/Xposome/?page=MCF10A&tab=chemical_explorer&chemical_id=41372-08-1&stat=gene_expression,14,2156.0,101.0,uM,WT,Human MCF10A cell lines
MCF10A,41372-08-1,https://montilab.bu.edu/Xposome/?page=MCF10A&tab=chemical_explorer&chemical_id=41372-08-1&stat=gene_expression,18,2156.0,11.0,uM,WT,Human MCF10A cell lines
MCF10A,41372-08-1,https://montilab.bu.edu/Xposome/?page=MCF10A&tab=chemical_explorer&chemical_id=41372-08-1&stat=gene_expression,22,2156.0,34.0,uM,WT,Human MCF10A cell lines
MCF10A,4376-20-9,https://montilab.bu.edu/Xposome/?page=MCF10A&tab=chemical_explorer&chemical_id=4376-20-9&stat=gene_expression,125,2185.0,101.0,uM,TP53,Human MCF10A cell lines
MCF10A,4376-20-9,https://montilab.bu.edu/Xposome/?page=MCF10A&tab=chemical_explorer&chemical_id=4376-20-9&stat=gene_expression,13,2185.0,11.0,uM,TP53,Human MCF10A cell lines
MCF10A,4376-20-9,https://montilab.bu.edu/Xposome/?page=MCF10A&tab=chemical_explorer&chemical_id=4376-20-9&stat=gene_expression,184,2185.0,34.0,uM,TP53,Human MCF10A cell lines
MCF10A,4376-20-9,https://montilab.bu.edu/Xposome/?page=MCF10A&tab=chemical_explorer&chemical_id=4376-20-9&stat=gene_expression,108,2185.0,101.0,uM,WT,Human MCF10A cell lines
MCF10A,4376-20-9,https://montilab.bu.edu/Xposome/?page=MCF10A&tab=chemical_explorer&chemical_id=4376-20-9&stat=gene_expression,46,2185.0,11.0,uM,WT,Human MCF10A cell lines
MCF10A,4376-20-9,https://montilab.bu.edu/Xposome/?page=MCF10A&tab=chemical_explorer&chemical_id=4376-20-9&stat=gene_expression,51,2185.0,34.0,uM,WT,Human MCF10A cell lines
MCF10A,50-28-2,https://montilab.bu.edu/Xposome/?page=MCF10A&tab=chemical_explorer&chemical_id=50-28-2&stat=gene_expression,413,1770.0,104.0,uM,TP53,Human MCF10A cell lines
MCF10A,50-28-2,https://montilab.bu.edu/Xposome/?page=MCF10A&tab=chemical_explorer&chemical_id=50-28-2&stat=gene_expression,78,1770.0,12.0,uM,TP53,Human MCF10A cell lines
MCF10A,50-28-2,https://montilab.bu.edu/Xposome/?page=MCF10A&tab=chemical_explorer&chemical_id=50-28-2&stat=gene_expression,55,1770.0,35.0,uM,TP53,Human MCF10A cell lines
MCF10A,50-28-2,https://montilab.bu.edu/Xposome/?page=MCF10A&tab=chemical_explorer&chemical_id=50-28-2&stat=gene_expression,478,1770.0,104.0,uM,WT,Human MCF10A cell lines
MCF10A,50-28-2,https://montilab.bu.edu/Xposome/?page=MCF10A&tab=chemical_explorer&chemical_id=50-28-2&stat=gene_expression,30,1770.0,12.0,uM,WT,Human MCF10A cell lines
MCF10A,50-28-2,https://montilab.bu.edu/Xposome/?page=MCF10A&tab=chemical_explorer&chemical_id=50-28-2&stat=gene_expression,145,1770.0,35.0,uM,WT,Human MCF10A cell lines
MCF10A,50-32-8,https://montilab.bu.edu/Xposome/?page=MCF10A&tab=chemical_explorer&chemical_id=50-32-8&stat=gene_expression,14,1174.0,11.0,uM,TP53,Human MCF10A cell lines
MCF10A,50-32-8,https://montilab.bu.edu/Xposome/?page=MCF10A&tab=chemical_explorer&chemical_id=50-32-8&stat=gene_expression,39,1174.0,32.0,uM,TP53,Human MCF10A cell lines
MCF10A,50-32-8,https://montilab.bu.edu/Xposome/?page=MCF10A&tab=chemical_explorer&chemical_id=50-32-8&stat=gene_expression,19,1174.0,97.0,uM,TP53,Human MCF10A cell lines
MCF10A,50-32-8,https://montilab.bu.edu/Xposome/?page=MCF10A&tab=chemical_explorer&chemical_id=50-32-8&stat=gene_expression,68,1174.0,11.0,uM,WT,Human MCF10A cell lines
MCF10A,50-32-8,https://montilab.bu.edu/Xposome/?page=MCF10A&tab=chemical_explorer&chemical_id=50-32-8&stat=gene_expression,52,1174.0,32.0,uM,WT,Human MCF10A cell lines
MCF10A,50-32-8,https://montilab.bu.edu/Xposome/?page=MCF10A&tab=chemical_explorer&chemical_id=50-32-8&stat=gene_expression,81,1174.0,97.0,uM,WT,Human MCF10A cell lines
MCF10A,50-55-5,https://montilab.bu.edu/Xposome/?page=MCF10A&tab=chemical_explorer&chemical_id=50-55-5&stat=gene_expression,311,2770.0,101.0,uM,TP53,Human MCF10A cell lines
MCF10A,50-55-5,https://montilab.bu.edu/Xposome/?page=MCF10A&tab=chemical_explorer&chemical_id=50-55-5&stat=gene_expression,215,2770.0,11.0,uM,TP53,Human MCF10A cell lines
MCF10A,50-55-5,https://montilab.bu.edu/Xposome/?page=MCF10A&tab=chemical_explorer&chemical_id=50-55-5&stat=gene_expression,81,2770.0,34.0,uM,TP53,Human MCF10A cell lines
MCF10A,50-55-5,https://montilab.bu.edu/Xposome/?page=MCF10A&tab=chemical_explorer&chemical_id=50-55-5&stat=gene_expression,139,2770.0,101.0,uM,WT,Human MCF10A cell lines
MCF10A,50-55-5,https://montilab.bu.edu/Xposome/?page=MCF10A&tab=chemical_explorer&chemical_id=50-55-5&stat=gene_expression,1142,2770.0,11.0,uM,WT,Human MCF10A cell lines
MCF10A,50-55-5,https://montilab.bu.edu/Xposome/?page=MCF10A&tab=chemical_explorer&chemical_id=50-55-5&stat=gene_expression,685,2770.0,34.0,uM,WT,Human MCF10A cell lines
MCF10A,50-78-2,https://montilab.bu.edu/Xposome/?page=MCF10A&tab=chemical_explorer&chemical_id=50-78-2&stat=gene_expression,64,961.0,11.0,uM,TP53,Human MCF10A cell lines
MCF10A,50-78-2,https://montilab.bu.edu/Xposome/?page=MCF10A&tab=chemical_explorer&chemical_id=50-78-2&stat=gene_expression,21,961.0,33.0,uM,TP53,Human MCF10A cell lines
MCF10A,50-78-2,https://montilab.bu.edu/Xposome/?page=MCF10A&tab=chemical_explorer&chemical_id=50-78-2&stat=gene_expression,25,961.0,99.0,uM,TP53,Human MCF10A cell lines
MCF10A,50-78-2,https://montilab.bu.edu/Xposome/?page=MCF10A&tab=chemical_explorer&chemical_id=50-78-2&stat=gene_expression,98,961.0,11.0,uM,WT,Human MCF10A cell lines
MCF10A,50-78-2,https://montilab.bu.edu/Xposome/?page=MCF10A&tab=chemical_explorer&chemical_id=50-78-2&stat=gene_expression,26,961.0,33.0,uM,WT,Human MCF10A cell lines
MCF10A,50-78-2,https://montilab.bu.edu/Xposome/?page=MCF10A&tab=chemical_explorer&chemical_id=50-78-2&stat=gene_expression,131,961.0,99.0,uM,WT,Human MCF10A cell lines
MCF10A,50-81-7,https://montilab.bu.edu/Xposome/?page=MCF10A&tab=chemical_explorer&chemical_id=50-81-7&stat=gene_expression,54,2067.0,101.0,uM,TP53,Human MCF10A cell lines
MCF10A,50-81-7,https://montilab.bu.edu/Xposome/?page=MCF10A&tab=chemical_explorer&chemical_id=50-81-7&stat=gene_expression,7,2067.0,11.0,uM,TP53,Human MCF10A cell lines
MCF10A,50-81-7,https://montilab.bu.edu/Xposome/?page=MCF10A&tab=chemical_explorer&chemical_id=50-81-7&stat=gene_expression,9,2067.0,34.0,uM,TP53,Human MCF10A cell lines
MCF10A,50-81-7,https://montilab.bu.edu/Xposome/?page=MCF10A&tab=chemical_explorer&chemical_id=50-81-7&stat=gene_expression,37,2067.0,101.0,uM,WT,Human MCF10A cell lines
MCF10A,50-81-7,https://montilab.bu.edu/Xposome/?page=MCF10A&tab=chemical_explorer&chemical_id=50-81-7&stat=gene_expression,89,2067.0,11.0,uM,WT,Human MCF10A cell lines
MCF10A,50-81-7,https://montilab.bu.edu/Xposome/?page=MCF10A&tab=chemical_explorer&chemical_id=50-81-7&stat=gene_expression,45,2067.0,34.0,uM,WT,Human MCF10A cell lines
MCF10A,51-79-6,https://montilab.bu.edu/Xposome/?page=MCF10A&tab=chemical_explorer&chemical_id=51-79-6&stat=gene_expression,21,3169.0,105.0,uM,TP53,Human MCF10A cell lines
MCF10A,51-79-6,https://montilab.bu.edu/Xposome/?page=MCF10A&tab=chemical_explorer&chemical_id=51-79-6&stat=gene_expression,72,3169.0,12.0,uM,TP53,Human MCF10A cell lines
MCF10A,51-79-6,https://montilab.bu.edu/Xposome/?page=MCF10A&tab=chemical_explorer&chemical_id=51-79-6&stat=gene_expression,130,3169.0,35.0,uM,TP53,Human MCF10A cell lines
MCF10A,51-79-6,https://montilab.bu.edu/Xposome/?page=MCF10A&tab=chemical_explorer&chemical_id=51-79-6&stat=gene_expression,32,3169.0,105.0,uM,WT,Human MCF10A cell lines
MCF10A,51-79-6,https://montilab.bu.edu/Xposome/?page=MCF10A&tab=chemical_explorer&chemical_id=51-79-6&stat=gene_expression,14,3169.0,12.0,uM,WT,Human MCF10A cell lines
MCF10A,51-79-6,https://montilab.bu.edu/Xposome/?page=MCF10A&tab=chemical_explorer&chemical_id=51-79-6&stat=gene_expression,12,3169.0,35.0,uM,WT,Human MCF10A cell lines
MCF10A,52-01-7,https://montilab.bu.edu/Xposome/?page=MCF10A&tab=chemical_explorer&chemical_id=52-01-7&stat=gene_expression,1290,2896.0,101.0,uM,TP53,Human MCF10A cell lines
MCF10A,52-01-7,https://montilab.bu.edu/Xposome/?page=MCF10A&tab=chemical_explorer&chemical_id=52-01-7&stat=gene_expression,709,2896.0,11.0,uM,TP53,Human MCF10A cell lines
MCF10A,52-01-7,https://montilab.bu.edu/Xposome/?page=MCF10A&tab=chemical_explorer&chemical_id=52-01-7&stat=gene_expression,818,2896.0,34.0,uM,TP53,Human MCF10A cell lines
MCF10A,52-01-7,https://montilab.bu.edu/Xposome/?page=MCF10A&tab=chemical_explorer&chemical_id=52-01-7&stat=gene_expression,1037,2896.0,101.0,uM,WT,Human MCF10A cell lines
MCF10A,52-01-7,https://montilab.bu.edu/Xposome/?page=MCF10A&tab=chemical_explorer&chemical_id=52-01-7&stat=gene_expression,164,2896.0,11.0,uM,WT,Human MCF10A cell lines
MCF10A,52-01-7,https://montilab.bu.edu/Xposome/?page=MCF10A&tab=chemical_explorer&chemical_id=52-01-7&stat=gene_expression,614,2896.0,34.0,uM,WT,Human MCF10A cell lines
MCF10A,53-16-7,https://montilab.bu.edu/Xposome/?page=MCF10A&tab=chemical_explorer&chemical_id=53-16-7&stat=gene_expression,1128,1771.0,102.0,uM,TP53,Human MCF10A cell lines
MCF10A,53-16-7,https://montilab.bu.edu/Xposome/?page=MCF10A&tab=chemical_explorer&chemical_id=53-16-7&stat=gene_expression,79,1771.0,11.0,uM,TP53,Human MCF10A cell lines
MCF10A,53-16-7,https://montilab.bu.edu/Xposome/?page=MCF10A&tab=chemical_explorer&chemical_id=53-16-7&stat=gene_expression,1105,1771.0,34.0,uM,TP53,Human MCF10A cell lines
MCF10A,53-16-7,https://montilab.bu.edu/Xposome/?page=MCF10A&tab=chemical_explorer&chemical_id=53-16-7&stat=gene_expression,33,1771.0,102.0,uM,WT,Human MCF10A cell lines
MCF10A,53-16-7,https://montilab.bu.edu/Xposome/?page=MCF10A&tab=chemical_explorer&chemical_id=53-16-7&stat=gene_expression,128,1771.0,11.0,uM,WT,Human MCF10A cell lines
MCF10A,53-16-7,https://montilab.bu.edu/Xposome/?page=MCF10A&tab=chemical_explorer&chemical_id=53-16-7&stat=gene_expression,43,1771.0,34.0,uM,WT,Human MCF10A cell lines
MCF10A,53-70-3,https://montilab.bu.edu/Xposome/?page=MCF10A&tab=chemical_explorer&chemical_id=53-70-3&stat=gene_expression,276,1611.0,11.0,uM,TP53,Human MCF10A cell lines
MCF10A,53-70-3,https://montilab.bu.edu/Xposome/?page=MCF10A&tab=chemical_explorer&chemical_id=53-70-3&stat=gene_expression,329,1611.0,33.0,uM,TP53,Human MCF10A cell lines
MCF10A,53-70-3,https://montilab.bu.edu/Xposome/?page=MCF10A&tab=chemical_explorer&chemical_id=53-70-3&stat=gene_expression,62,1611.0,99.0,uM,TP53,Human MCF10A cell lines
MCF10A,53-70-3,https://montilab.bu.edu/Xposome/?page=MCF10A&tab=chemical_explorer&chemical_id=53-70-3&stat=gene_expression,21,1611.0,11.0,uM,WT,Human MCF10A cell lines
MCF10A,53-70-3,https://montilab.bu.edu/Xposome/?page=MCF10A&tab=chemical_explorer&chemical_id=53-70-3&stat=gene_expression,215,1611.0,33.0,uM,WT,Human MCF10A cell lines
MCF10A,53-70-3,https://montilab.bu.edu/Xposome/?page=MCF10A&tab=chemical_explorer&chemical_id=53-70-3&stat=gene_expression,107,1611.0,99.0,uM,WT,Human MCF10A cell lines
MCF10A,53-86-1,https://montilab.bu.edu/Xposome/?page=MCF10A&tab=chemical_explorer&chemical_id=53-86-1&stat=gene_expression,1318,1968.0,100.0,uM,TP53,Human MCF10A cell lines
MCF10A,53-86-1,https://montilab.bu.edu/Xposome/?page=MCF10A&tab=chemical_explorer&chemical_id=53-86-1&stat=gene_expression,78,1968.0,11.0,uM,TP53,Human MCF10A cell lines
MCF10A,53-86-1,https://montilab.bu.edu/Xposome/?page=MCF10A&tab=chemical_explorer&chemical_id=53-86-1&stat=gene_expression,118,1968.0,33.0,uM,TP53,Human MCF10A cell lines
MCF10A,53-86-1,https://montilab.bu.edu/Xposome/?page=MCF10A&tab=chemical_explorer&chemical_id=53-86-1&stat=gene_expression,283,1968.0,100.0,uM,WT,Human MCF10A cell lines
MCF10A,53-86-1,https://montilab.bu.edu/Xposome/?page=MCF10A&tab=chemical_explorer&chemical_id=53-86-1&stat=gene_expression,87,1968.0,11.0,uM,WT,Human MCF10A cell lines
MCF10A,53-86-1,https://montilab.bu.edu/Xposome/?page=MCF10A&tab=chemical_explorer&chemical_id=53-86-1&stat=gene_expression,148,1968.0,33.0,uM,WT,Human MCF10A cell lines
MCF10A,532-27-4,https://montilab.bu.edu/Xposome/?page=MCF10A&tab=chemical_explorer&chemical_id=532-27-4&stat=gene_expression,51,373.0,102.0,uM,TP53,Human MCF10A cell lines
MCF10A,532-27-4,https://montilab.bu.edu/Xposome/?page=MCF10A&tab=chemical_explorer&chemical_id=532-27-4&stat=gene_expression,38,373.0,11.0,uM,TP53,Human MCF10A cell lines
MCF10A,532-27-4,https://montilab.bu.edu/Xposome/?page=MCF10A&tab=chemical_explorer&chemical_id=532-27-4&stat=gene_expression,72,373.0,34.0,uM,TP53,Human MCF10A cell lines
MCF10A,532-27-4,https://montilab.bu.edu/Xposome/?page=MCF10A&tab=chemical_explorer&chemical_id=532-27-4&stat=gene_expression,41,373.0,102.0,uM,WT,Human MCF10A cell lines
MCF10A,532-27-4,https://montilab.bu.edu/Xposome/?page=MCF10A&tab=chemical_explorer&chemical_id=532-27-4&stat=gene_expression,102,373.0,11.0,uM,WT,Human MCF10A cell lines
MCF10A,532-27-4,https://montilab.bu.edu/Xposome/?page=MCF10A&tab=chemical_explorer&chemical_id=532-27-4&stat=gene_expression,28,373.0,34.0,uM,WT,Human MCF10A cell lines
MCF10A,532-32-1,https://montilab.bu.edu/Xposome/?page=MCF10A&tab=chemical_explorer&chemical_id=532-32-1&stat=gene_expression,160,2877.0,101.0,uM,TP53,Human MCF10A cell lines
MCF10A,532-32-1,https://montilab.bu.edu/Xposome/?page=MCF10A&tab=chemical_explorer&chemical_id=532-32-1&stat=gene_expression,35,2877.0,11.0,uM,TP53,Human MCF10A cell lines
MCF10A,532-32-1,https://montilab.bu.edu/Xposome/?page=MCF10A&tab=chemical_explorer&chemical_id=532-32-1&stat=gene_expression,92,2877.0,34.0,uM,TP53,Human MCF10A cell lines
MCF10A,532-32-1,https://montilab.bu.edu/Xposome/?page=MCF10A&tab=chemical_explorer&chemical_id=532-32-1&stat=gene_expression,108,2877.0,101.0,uM,WT,Human MCF10A cell lines
MCF10A,532-32-1,https://montilab.bu.edu/Xposome/?page=MCF10A&tab=chemical_explorer&chemical_id=532-32-1&stat=gene_expression,16,2877.0,11.0,uM,WT,Human MCF10A cell lines
MCF10A,532-32-1,https://montilab.bu.edu/Xposome/?page=MCF10A&tab=chemical_explorer&chemical_id=532-32-1&stat=gene_expression,68,2877.0,34.0,uM,WT,Human MCF10A cell lines
MCF10A,54-85-3,https://montilab.bu.edu/Xposome/?page=MCF10A&tab=chemical_explorer&chemical_id=54-85-3&stat=gene_expression,71,1982.0,100.0,uM,TP53,Human MCF10A cell lines
MCF10A,54-85-3,https://montilab.bu.edu/Xposome/?page=MCF10A&tab=chemical_explorer&chemical_id=54-85-3&stat=gene_expression,19,1982.0,11.0,uM,TP53,Human MCF10A cell lines
MCF10A,54-85-3,https://montilab.bu.edu/Xposome/?page=MCF10A&tab=chemical_explorer&chemical_id=54-85-3&stat=gene_expression,28,1982.0,33.0,uM,TP53,Human MCF10A cell lines
MCF10A,54-85-3,https://montilab.bu.edu/Xposome/?page=MCF10A&tab=chemical_explorer&chemical_id=54-85-3&stat=gene_expression,20,1982.0,100.0,uM,WT,Human MCF10A cell lines
MCF10A,54-85-3,https://montilab.bu.edu/Xposome/?page=MCF10A&tab=chemical_explorer&chemical_id=54-85-3&stat=gene_expression,19,1982.0,11.0,uM,WT,Human MCF10A cell lines
MCF10A,54-85-3,https://montilab.bu.edu/Xposome/?page=MCF10A&tab=chemical_explorer&chemical_id=54-85-3&stat=gene_expression,48,1982.0,33.0,uM,WT,Human MCF10A cell lines
MCF10A,55-18-5,https://montilab.bu.edu/Xposome/?page=MCF10A&tab=chemical_explorer&chemical_id=55-18-5&stat=gene_expression,31,2414.0,100.0,uM,TP53,Human MCF10A cell lines
MCF10A,55-18-5,https://montilab.bu.edu/Xposome/?page=MCF10A&tab=chemical_explorer&chemical_id=55-18-5&stat=gene_expression,38,2414.0,11.0,uM,TP53,Human MCF10A cell lines
MCF10A,55-18-5,https://montilab.bu.edu/Xposome/?page=MCF10A&tab=chemical_explorer&chemical_id=55-18-5&stat=gene_expression,45,2414.0,33.0,uM,TP53,Human MCF10A cell lines
MCF10A,55-18-5,https://montilab.bu.edu/Xposome/?page=MCF10A&tab=chemical_explorer&chemical_id=55-18-5&stat=gene_expression,27,2414.0,100.0,uM,WT,Human MCF10A cell lines
MCF10A,55-18-5,https://montilab.bu.edu/Xposome/?page=MCF10A&tab=chemical_explorer&chemical_id=55-18-5&stat=gene_expression,76,2414.0,11.0,uM,WT,Human MCF10A cell lines
MCF10A,55-18-5,https://montilab.bu.edu/Xposome/?page=MCF10A&tab=chemical_explorer&chemical_id=55-18-5&stat=gene_expression,51,2414.0,33.0,uM,WT,Human MCF10A cell lines
MCF10A,55-38-9,https://montilab.bu.edu/Xposome/?page=MCF10A&tab=chemical_explorer&chemical_id=55-38-9&stat=gene_expression,163,1827.0,106.0,uM,TP53,Human MCF10A cell lines
MCF10A,55-38-9,https://montilab.bu.edu/Xposome/?page=MCF10A&tab=chemical_explorer&chemical_id=55-38-9&stat=gene_expression,40,1827.0,12.0,uM,TP53,Human MCF10A cell lines
MCF10A,55-38-9,https://montilab.bu.edu/Xposome/?page=MCF10A&tab=chemical_explorer&chemical_id=55-38-9&stat=gene_expression,37,1827.0,35.0,uM,TP53,Human MCF10A cell lines
MCF10A,55-38-9,https://montilab.bu.edu/Xposome/?page=MCF10A&tab=chemical_explorer&chemical_id=55-38-9&stat=gene_expression,14,1827.0,106.0,uM,WT,Human MCF10A cell lines
MCF10A,55-38-9,https://montilab.bu.edu/Xposome/?page=MCF10A&tab=chemical_explorer&chemical_id=55-38-9&stat=gene_expression,27,1827.0,12.0,uM,WT,Human MCF10A cell lines
MCF10A,55-38-9,https://montilab.bu.edu/Xposome/?page=MCF10A&tab=chemical_explorer&chemical_id=55-38-9&stat=gene_expression,34,1827.0,35.0,uM,WT,Human MCF10A cell lines
MCF10A,5522-43-0,https://montilab.bu.edu/Xposome/?page=MCF10A&tab=chemical_explorer&chemical_id=5522-43-0&stat=gene_expression,27,252.0,11.0,uM,TP53,Human MCF10A cell lines
MCF10A,5522-43-0,https://montilab.bu.edu/Xposome/?page=MCF10A&tab=chemical_explorer&chemical_id=5522-43-0&stat=gene_expression,53,252.0,33.0,uM,TP53,Human MCF10A cell lines
MCF10A,5522-43-0,https://montilab.bu.edu/Xposome/?page=MCF10A&tab=chemical_explorer&chemical_id=5522-43-0&stat=gene_expression,27,252.0,99.0,uM,TP53,Human MCF10A cell lines
MCF10A,5522-43-0,https://montilab.bu.edu/Xposome/?page=MCF10A&tab=chemical_explorer&chemical_id=5522-43-0&stat=gene_expression,23,252.0,11.0,uM,WT,Human MCF10A cell lines
MCF10A,5522-43-0,https://montilab.bu.edu/Xposome/?page=MCF10A&tab=chemical_explorer&chemical_id=5522-43-0&stat=gene_expression,128,252.0,33.0,uM,WT,Human MCF10A cell lines
MCF10A,5522-43-0,https://montilab.bu.edu/Xposome/?page=MCF10A&tab=chemical_explorer&chemical_id=5522-43-0&stat=gene_expression,61,252.0,99.0,uM,WT,Human MCF10A cell lines
MCF10A,55566-30-8,https://montilab.bu.edu/Xposome/?page=MCF10A&tab=chemical_explorer&chemical_id=55566-30-8&stat=gene_expression,510,3005.0,102.0,uM,TP53,Human MCF10A cell lines
MCF10A,55566-30-8,https://montilab.bu.edu/Xposome/?page=MCF10A&tab=chemical_explorer&chemical_id=55566-30-8&stat=gene_expression,163,3005.0,11.0,uM,TP53,Human MCF10A cell lines
MCF10A,55566-30-8,https://montilab.bu.edu/Xposome/?page=MCF10A&tab=chemical_explorer&chemical_id=55566-30-8&stat=gene_expression,266,3005.0,34.0,uM,TP53,Human MCF10A cell lines
MCF10A,55566-30-8,https://montilab.bu.edu/Xposome/?page=MCF10A&tab=chemical_explorer&chemical_id=55566-30-8&stat=gene_expression,629,3005.0,102.0,uM,WT,Human MCF10A cell lines
MCF10A,55566-30-8,https://montilab.bu.edu/Xposome/?page=MCF10A&tab=chemical_explorer&chemical_id=55566-30-8&stat=gene_expression,76,3005.0,11.0,uM,WT,Human MCF10A cell lines
MCF10A,55566-30-8,https://montilab.bu.edu/Xposome/?page=MCF10A&tab=chemical_explorer&chemical_id=55566-30-8&stat=gene_expression,28,3005.0,34.0,uM,WT,Human MCF10A cell lines
MCF10A,556-52-5,https://montilab.bu.edu/Xposome/?page=MCF10A&tab=chemical_explorer&chemical_id=556-52-5&stat=gene_expression,433,1912.0,101.0,uM,TP53,Human MCF10A cell lines
MCF10A,556-52-5,https://montilab.bu.edu/Xposome/?page=MCF10A&tab=chemical_explorer&chemical_id=556-52-5&stat=gene_expression,254,1912.0,11.0,uM,TP53,Human MCF10A cell lines
MCF10A,556-52-5,https://montilab.bu.edu/Xposome/?page=MCF10A&tab=chemical_explorer&chemical_id=556-52-5&stat=gene_expression,32,1912.0,34.0,uM,TP53,Human MCF10A cell lines
MCF10A,556-52-5,https://montilab.bu.edu/Xposome/?page=MCF10A&tab=chemical_explorer&chemical_id=556-52-5&stat=gene_expression,18,1912.0,101.0,uM,WT,Human MCF10A cell lines
MCF10A,556-52-5,https://montilab.bu.edu/Xposome/?page=MCF10A&tab=chemical_explorer&chemical_id=556-52-5&stat=gene_expression,22,1912.0,11.0,uM,WT,Human MCF10A cell lines
MCF10A,556-52-5,https://montilab.bu.edu/Xposome/?page=MCF10A&tab=chemical_explorer&chemical_id=556-52-5&stat=gene_expression,50,1912.0,34.0,uM,WT,Human MCF10A cell lines
MCF10A,56-38-2,https://montilab.bu.edu/Xposome/?page=MCF10A&tab=chemical_explorer&chemical_id=56-38-2&stat=gene_expression,103,2532.0,102.0,uM,TP53,Human MCF10A cell lines
MCF10A,56-38-2,https://montilab.bu.edu/Xposome/?page=MCF10A&tab=chemical_explorer&chemical_id=56-38-2&stat=gene_expression,29,2532.0,11.0,uM,TP53,Human MCF10A cell lines
MCF10A,56-38-2,https://montilab.bu.edu/Xposome/?page=MCF10A&tab=chemical_explorer&chemical_id=56-38-2&stat=gene_expression,26,2532.0,34.0,uM,TP53,Human MCF10A cell lines
MCF10A,56-38-2,https://montilab.bu.edu/Xposome/?page=MCF10A&tab=chemical_explorer&chemical_id=56-38-2&stat=gene_expression,29,2532.0,102.0,uM,WT,Human MCF10A cell lines
MCF10A,56-38-2,https://montilab.bu.edu/Xposome/?page=MCF10A&tab=chemical_explorer&chemical_id=56-38-2&stat=gene_expression,32,2532.0,11.0,uM,WT,Human MCF10A cell lines
MCF10A,56-38-2,https://montilab.bu.edu/Xposome/?page=MCF10A&tab=chemical_explorer&chemical_id=56-38-2&stat=gene_expression,15,2532.0,34.0,uM,WT,Human MCF10A cell lines
MCF10A,56-53-1,https://montilab.bu.edu/Xposome/?page=MCF10A&tab=chemical_explorer&chemical_id=56-53-1&stat=gene_expression,266,1651.0,100.0,uM,TP53,Human MCF10A cell lines
MCF10A,56-53-1,https://montilab.bu.edu/Xposome/?page=MCF10A&tab=chemical_explorer&chemical_id=56-53-1&stat=gene_expression,51,1651.0,11.0,uM,TP53,Human MCF10A cell lines
MCF10A,56-53-1,https://montilab.bu.edu/Xposome/?page=MCF10A&tab=chemical_explorer&chemical_id=56-53-1&stat=gene_expression,60,1651.0,33.0,uM,TP53,Human MCF10A cell lines
MCF10A,56-53-1,https://montilab.bu.edu/Xposome/?page=MCF10A&tab=chemical_explorer&chemical_id=56-53-1&stat=gene_expression,520,1651.0,100.0,uM,WT,Human MCF10A cell lines
MCF10A,56-53-1,https://montilab.bu.edu/Xposome/?page=MCF10A&tab=chemical_explorer&chemical_id=56-53-1&stat=gene_expression,116,1651.0,11.0,uM,WT,Human MCF10A cell lines
MCF10A,56-53-1,https://montilab.bu.edu/Xposome/?page=MCF10A&tab=chemical_explorer&chemical_id=56-53-1&stat=gene_expression,97,1651.0,33.0,uM,WT,Human MCF10A cell lines
MCF10A,56-55-3,https://montilab.bu.edu/Xposome/?page=MCF10A&tab=chemical_explorer&chemical_id=56-55-3&stat=gene_expression,39,1171.0,100.0,uM,TP53,Human MCF10A cell lines
MCF10A,56-55-3,https://montilab.bu.edu/Xposome/?page=MCF10A&tab=chemical_explorer&chemical_id=56-55-3&stat=gene_expression,39,1161.0,100.0,uM,TP53,Human MCF10A cell lines
MCF10A,56-55-3,https://montilab.bu.edu/Xposome/?page=MCF10A&tab=chemical_explorer&chemical_id=56-55-3&stat=gene_expression,23,1171.0,11.0,uM,TP53,Human MCF10A cell lines
MCF10A,56-55-3,https://montilab.bu.edu/Xposome/?page=MCF10A&tab=chemical_explorer&chemical_id=56-55-3&stat=gene_expression,23,1161.0,11.0,uM,TP53,Human MCF10A cell lines
MCF10A,56-55-3,https://montilab.bu.edu/Xposome/?page=MCF10A&tab=chemical_explorer&chemical_id=56-55-3&stat=gene_expression,72,1171.0,33.0,uM,TP53,Human MCF10A cell lines
MCF10A,56-55-3,https://montilab.bu.edu/Xposome/?page=MCF10A&tab=chemical_explorer&chemical_id=56-55-3&stat=gene_expression,72,1161.0,33.0,uM,TP53,Human MCF10A cell lines
MCF10A,56-55-3,https://montilab.bu.edu/Xposome/?page=MCF10A&tab=chemical_explorer&chemical_id=56-55-3&stat=gene_expression,69,1171.0,100.0,uM,WT,Human MCF10A cell lines
MCF10A,56-55-3,https://montilab.bu.edu/Xposome/?page=MCF10A&tab=chemical_explorer&chemical_id=56-55-3&stat=gene_expression,69,1161.0,100.0,uM,WT,Human MCF10A cell lines
MCF10A,56-55-3,https://montilab.bu.edu/Xposome/?page=MCF10A&tab=chemical_explorer&chemical_id=56-55-3&stat=gene_expression,76,1171.0,11.0,uM,WT,Human MCF10A cell lines
MCF10A,56-55-3,https://montilab.bu.edu/Xposome/?page=MCF10A&tab=chemical_explorer&chemical_id=56-55-3&stat=gene_expression,76,1161.0,11.0,uM,WT,Human MCF10A cell lines
MCF10A,56-55-3,https://montilab.bu.edu/Xposome/?page=MCF10A&tab=chemical_explorer&chemical_id=56-55-3&stat=gene_expression,23,1171.0,33.0,uM,WT,Human MCF10A cell lines
MCF10A,56-55-3,https://montilab.bu.edu/Xposome/?page=MCF10A&tab=chemical_explorer&chemical_id=56-55-3&stat=gene_expression,23,1161.0,33.0,uM,WT,Human MCF10A cell lines
MCF10A,56-72-4,https://montilab.bu.edu/Xposome/?page=MCF10A&tab=chemical_explorer&chemical_id=56-72-4&stat=gene_expression,68,1454.0,11.0,uM,TP53,Human MCF10A cell lines
MCF10A,56-72-4,https://montilab.bu.edu/Xposome/?page=MCF10A&tab=chemical_explorer&chemical_id=56-72-4&stat=gene_expression,69,1454.0,32.0,uM,TP53,Human MCF10A cell lines
MCF10A,56-72-4,https://montilab.bu.edu/Xposome/?page=MCF10A&tab=chemical_explorer&chemical_id=56-72-4&stat=gene_expression,20,1454.0,97.0,uM,TP53,Human MCF10A cell lines
MCF10A,56-72-4,https://montilab.bu.edu/Xposome/?page=MCF10A&tab=chemical_explorer&chemical_id=56-72-4&stat=gene_expression,55,1454.0,11.0,uM,WT,Human MCF10A cell lines
MCF10A,56-72-4,https://montilab.bu.edu/Xposome/?page=MCF10A&tab=chemical_explorer&chemical_id=56-72-4&stat=gene_expression,22,1454.0,32.0,uM,WT,Human MCF10A cell lines
MCF10A,56-72-4,https://montilab.bu.edu/Xposome/?page=MCF10A&tab=chemical_explorer&chemical_id=56-72-4&stat=gene_expression,79,1454.0,97.0,uM,WT,Human MCF10A cell lines
MCF10A,57-63-6,https://montilab.bu.edu/Xposome/?page=MCF10A&tab=chemical_explorer&chemical_id=57-63-6&stat=gene_expression,15,220.0,11.0,uM,TP53,Human MCF10A cell lines
MCF10A,57-63-6,https://montilab.bu.edu/Xposome/?page=MCF10A&tab=chemical_explorer&chemical_id=57-63-6&stat=gene_expression,159,220.0,33.0,uM,TP53,Human MCF10A cell lines
MCF10A,57-63-6,https://montilab.bu.edu/Xposome/?page=MCF10A&tab=chemical_explorer&chemical_id=57-63-6&stat=gene_expression,424,220.0,99.0,uM,TP53,Human MCF10A cell lines
MCF10A,57-63-6,https://montilab.bu.edu/Xposome/?page=MCF10A&tab=chemical_explorer&chemical_id=57-63-6&stat=gene_expression,191,220.0,11.0,uM,WT,Human MCF10A cell lines
MCF10A,57-63-6,https://montilab.bu.edu/Xposome/?page=MCF10A&tab=chemical_explorer&chemical_id=57-63-6&stat=gene_expression,166,220.0,33.0,uM,WT,Human MCF10A cell lines
MCF10A,57-63-6,https://montilab.bu.edu/Xposome/?page=MCF10A&tab=chemical_explorer&chemical_id=57-63-6&stat=gene_expression,46,220.0,99.0,uM,WT,Human MCF10A cell lines
MCF10A,57-83-0,https://montilab.bu.edu/Xposome/?page=MCF10A&tab=chemical_explorer&chemical_id=57-83-0&stat=gene_expression,971,2706.0,11.0,uM,TP53,Human MCF10A cell lines
MCF10A,57-83-0,https://montilab.bu.edu/Xposome/?page=MCF10A&tab=chemical_explorer&chemical_id=57-83-0&stat=gene_expression,1037,2706.0,32.0,uM,TP53,Human MCF10A cell lines
MCF10A,57-83-0,https://montilab.bu.edu/Xposome/?page=MCF10A&tab=chemical_explorer&chemical_id=57-83-0&stat=gene_expression,1674,2706.0,97.0,uM,TP53,Human MCF10A cell lines
MCF10A,57-83-0,https://montilab.bu.edu/Xposome/?page=MCF10A&tab=chemical_explorer&chemical_id=57-83-0&stat=gene_expression,101,2706.0,11.0,uM,WT,Human MCF10A cell lines
MCF10A,57-83-0,https://montilab.bu.edu/Xposome/?page=MCF10A&tab=chemical_explorer&chemical_id=57-83-0&stat=gene_expression,714,2706.0,32.0,uM,WT,Human MCF10A cell lines
MCF10A,57-83-0,https://montilab.bu.edu/Xposome/?page=MCF10A&tab=chemical_explorer&chemical_id=57-83-0&stat=gene_expression,1655,2706.0,97.0,uM,WT,Human MCF10A cell lines
MCF10A,57-97-6,https://montilab.bu.edu/Xposome/?page=MCF10A&tab=chemical_explorer&chemical_id=57-97-6&stat=gene_expression,121,702.0,100.0,uM,TP53,Human MCF10A cell lines
MCF10A,57-97-6,https://montilab.bu.edu/Xposome/?page=MCF10A&tab=chemical_explorer&chemical_id=57-97-6&stat=gene_expression,20,702.0,11.0,uM,TP53,Human MCF10A cell lines
MCF10A,57-97-6,https://montilab.bu.edu/Xposome/?page=MCF10A&tab=chemical_explorer&chemical_id=57-97-6&stat=gene_expression,76,702.0,33.0,uM,TP53,Human MCF10A cell lines
MCF10A,57-97-6,https://montilab.bu.edu/Xposome/?page=MCF10A&tab=chemical_explorer&chemical_id=57-97-6&stat=gene_expression,174,702.0,100.0,uM,WT,Human MCF10A cell lines
MCF10A,57-97-6,https://montilab.bu.edu/Xposome/?page=MCF10A&tab=chemical_explorer&chemical_id=57-97-6&stat=gene_expression,29,702.0,11.0,uM,WT,Human MCF10A cell lines
MCF10A,57-97-6,https://montilab.bu.edu/Xposome/?page=MCF10A&tab=chemical_explorer&chemical_id=57-97-6&stat=gene_expression,120,702.0,33.0,uM,WT,Human MCF10A cell lines
MCF10A,57465-28-8,https://montilab.bu.edu/Xposome/?page=MCF10A&tab=chemical_explorer&chemical_id=57465-28-8&stat=gene_expression,71,3316.0,10.0,uM,TP53,Human MCF10A cell lines
MCF10A,57465-28-8,https://montilab.bu.edu/Xposome/?page=MCF10A&tab=chemical_explorer&chemical_id=57465-28-8&stat=gene_expression,27,3316.0,1.0,uM,TP53,Human MCF10A cell lines
MCF10A,57465-28-8,https://montilab.bu.edu/Xposome/?page=MCF10A&tab=chemical_explorer&chemical_id=57465-28-8&stat=gene_expression,56,3316.0,3.0,uM,TP53,Human MCF10A cell lines
MCF10A,57465-28-8,https://montilab.bu.edu/Xposome/?page=MCF10A&tab=chemical_explorer&chemical_id=57465-28-8&stat=gene_expression,32,3316.0,10.0,uM,WT,Human MCF10A cell lines
MCF10A,57465-28-8,https://montilab.bu.edu/Xposome/?page=MCF10A&tab=chemical_explorer&chemical_id=57465-28-8&stat=gene_expression,62,3316.0,1.0,uM,WT,Human MCF10A cell lines
MCF10A,57465-28-8,https://montilab.bu.edu/Xposome/?page=MCF10A&tab=chemical_explorer&chemical_id=57465-28-8&stat=gene_expression,34,3316.0,3.0,uM,WT,Human MCF10A cell lines
MCF10A,58-08-2,https://montilab.bu.edu/Xposome/?page=MCF10A&tab=chemical_explorer&chemical_id=58-08-2&stat=gene_expression,142,1307.0,102.0,uM,TP53,Human MCF10A cell lines
MCF10A,58-08-2,https://montilab.bu.edu/Xposome/?page=MCF10A&tab=chemical_explorer&chemical_id=58-08-2&stat=gene_expression,18,1307.0,11.0,uM,TP53,Human MCF10A cell lines
MCF10A,58-08-2,https://montilab.bu.edu/Xposome/?page=MCF10A&tab=chemical_explorer&chemical_id=58-08-2&stat=gene_expression,13,1307.0,34.0,uM,TP53,Human MCF10A cell lines
MCF10A,58-08-2,https://montilab.bu.edu/Xposome/?page=MCF10A&tab=chemical_explorer&chemical_id=58-08-2&stat=gene_expression,56,1307.0,102.0,uM,WT,Human MCF10A cell lines
MCF10A,58-08-2,https://montilab.bu.edu/Xposome/?page=MCF10A&tab=chemical_explorer&chemical_id=58-08-2&stat=gene_expression,94,1307.0,11.0,uM,WT,Human MCF10A cell lines
MCF10A,58-08-2,https://montilab.bu.edu/Xposome/?page=MCF10A&tab=chemical_explorer&chemical_id=58-08-2&stat=gene_expression,43,1307.0,34.0,uM,WT,Human MCF10A cell lines
MCF10A,58-14-0,https://montilab.bu.edu/Xposome/?page=MCF10A&tab=chemical_explorer&chemical_id=58-14-0&stat=gene_expression,148,2743.0,102.0,uM,TP53,Human MCF10A cell lines
MCF10A,58-14-0,https://montilab.bu.edu/Xposome/?page=MCF10A&tab=chemical_explorer&chemical_id=58-14-0&stat=gene_expression,78,2743.0,11.0,uM,TP53,Human MCF10A cell lines
MCF10A,58-14-0,https://montilab.bu.edu/Xposome/?page=MCF10A&tab=chemical_explorer&chemical_id=58-14-0&stat=gene_expression,213,2743.0,34.0,uM,TP53,Human MCF10A cell lines
MCF10A,58-14-0,https://montilab.bu.edu/Xposome/?page=MCF10A&tab=chemical_explorer&chemical_id=58-14-0&stat=gene_expression,351,2743.0,102.0,uM,WT,Human MCF10A cell lines
MCF10A,58-14-0,https://montilab.bu.edu/Xposome/?page=MCF10A&tab=chemical_explorer&chemical_id=58-14-0&stat=gene_expression,115,2743.0,11.0,uM,WT,Human MCF10A cell lines
MCF10A,58-14-0,https://montilab.bu.edu/Xposome/?page=MCF10A&tab=chemical_explorer&chemical_id=58-14-0&stat=gene_expression,395,2743.0,34.0,uM,WT,Human MCF10A cell lines
MCF10A,58-55-9,https://montilab.bu.edu/Xposome/?page=MCF10A&tab=chemical_explorer&chemical_id=58-55-9&stat=gene_expression,35,3009.0,102.0,uM,TP53,Human MCF10A cell lines
MCF10A,58-55-9,https://montilab.bu.edu/Xposome/?page=MCF10A&tab=chemical_explorer&chemical_id=58-55-9&stat=gene_expression,76,3009.0,11.0,uM,TP53,Human MCF10A cell lines
MCF10A,58-55-9,https://montilab.bu.edu/Xposome/?page=MCF10A&tab=chemical_explorer&chemical_id=58-55-9&stat=gene_expression,83,3009.0,34.0,uM,TP53,Human MCF10A cell lines
MCF10A,58-55-9,https://montilab.bu.edu/Xposome/?page=MCF10A&tab=chemical_explorer&chemical_id=58-55-9&stat=gene_expression,85,3009.0,102.0,uM,WT,Human MCF10A cell lines
MCF10A,58-55-9,https://montilab.bu.edu/Xposome/?page=MCF10A&tab=chemical_explorer&chemical_id=58-55-9&stat=gene_expression,25,3009.0,11.0,uM,WT,Human MCF10A cell lines
MCF10A,58-55-9,https://montilab.bu.edu/Xposome/?page=MCF10A&tab=chemical_explorer&chemical_id=58-55-9&stat=gene_expression,116,3009.0,34.0,uM,WT,Human MCF10A cell lines
MCF10A,59-05-2,https://montilab.bu.edu/Xposome/?page=MCF10A&tab=chemical_explorer&chemical_id=59-05-2&stat=gene_expression,337,2141.0,11.0,uM,TP53,Human MCF10A cell lines
MCF10A,59-05-2,https://montilab.bu.edu/Xposome/?page=MCF10A&tab=chemical_explorer&chemical_id=59-05-2&stat=gene_expression,280,2141.0,33.0,uM,TP53,Human MCF10A cell lines
MCF10A,59-05-2,https://montilab.bu.edu/Xposome/?page=MCF10A&tab=chemical_explorer&chemical_id=59-05-2&stat=gene_expression,261,2141.0,99.0,uM,TP53,Human MCF10A cell lines
MCF10A,59-05-2,https://montilab.bu.edu/Xposome/?page=MCF10A&tab=chemical_explorer&chemical_id=59-05-2&stat=gene_expression,497,2141.0,11.0,uM,WT,Human MCF10A cell lines
MCF10A,59-05-2,https://montilab.bu.edu/Xposome/?page=MCF10A&tab=chemical_explorer&chemical_id=59-05-2&stat=gene_expression,439,2141.0,33.0,uM,WT,Human MCF10A cell lines
MCF10A,59-05-2,https://montilab.bu.edu/Xposome/?page=MCF10A&tab=chemical_explorer&chemical_id=59-05-2&stat=gene_expression,426,2141.0,99.0,uM,WT,Human MCF10A cell lines
MCF10A,59-87-0,https://montilab.bu.edu/Xposome/?page=MCF10A&tab=chemical_explorer&chemical_id=59-87-0&stat=gene_expression,442,2374.0,11.0,uM,TP53,Human MCF10A cell lines
MCF10A,59-87-0,https://montilab.bu.edu/Xposome/?page=MCF10A&tab=chemical_explorer&chemical_id=59-87-0&stat=gene_expression,99,2374.0,33.0,uM,TP53,Human MCF10A cell lines
MCF10A,59-87-0,https://montilab.bu.edu/Xposome/?page=MCF10A&tab=chemical_explorer&chemical_id=59-87-0&stat=gene_expression,330,2374.0,98.0,uM,TP53,Human MCF10A cell lines
MCF10A,59-87-0,https://montilab.bu.edu/Xposome/?page=MCF10A&tab=chemical_explorer&chemical_id=59-87-0&stat=gene_expression,91,2374.0,11.0,uM,WT,Human MCF10A cell lines
MCF10A,59-87-0,https://montilab.bu.edu/Xposome/?page=MCF10A&tab=chemical_explorer&chemical_id=59-87-0&stat=gene_expression,12,2374.0,33.0,uM,WT,Human MCF10A cell lines
MCF10A,59-87-0,https://montilab.bu.edu/Xposome/?page=MCF10A&tab=chemical_explorer&chemical_id=59-87-0&stat=gene_expression,43,2374.0,98.0,uM,WT,Human MCF10A cell lines
MCF10A,60-35-5,https://montilab.bu.edu/Xposome/?page=MCF10A&tab=chemical_explorer&chemical_id=60-35-5&stat=gene_expression,421,951.0,105.0,uM,TP53,Human MCF10A cell lines
MCF10A,60-35-5,https://montilab.bu.edu/Xposome/?page=MCF10A&tab=chemical_explorer&chemical_id=60-35-5&stat=gene_expression,274,951.0,12.0,uM,TP53,Human MCF10A cell lines
MCF10A,60-35-5,https://montilab.bu.edu/Xposome/?page=MCF10A&tab=chemical_explorer&chemical_id=60-35-5&stat=gene_expression,421,951.0,35.0,uM,TP53,Human MCF10A cell lines
MCF10A,60-35-5,https://montilab.bu.edu/Xposome/?page=MCF10A&tab=chemical_explorer&chemical_id=60-35-5&stat=gene_expression,159,951.0,105.0,uM,WT,Human MCF10A cell lines
MCF10A,60-35-5,https://montilab.bu.edu/Xposome/?page=MCF10A&tab=chemical_explorer&chemical_id=60-35-5&stat=gene_expression,118,951.0,12.0,uM,WT,Human MCF10A cell lines
MCF10A,60-35-5,https://montilab.bu.edu/Xposome/?page=MCF10A&tab=chemical_explorer&chemical_id=60-35-5&stat=gene_expression,96,951.0,35.0,uM,WT,Human MCF10A cell lines
MCF10A,60-51-5,https://montilab.bu.edu/Xposome/?page=MCF10A&tab=chemical_explorer&chemical_id=60-51-5&stat=gene_expression,80,1664.0,101.0,uM,TP53,Human MCF10A cell lines
MCF10A,60-51-5,https://montilab.bu.edu/Xposome/?page=MCF10A&tab=chemical_explorer&chemical_id=60-51-5&stat=gene_expression,659,1664.0,11.0,uM,TP53,Human MCF10A cell lines
MCF10A,60-51-5,https://montilab.bu.edu/Xposome/?page=MCF10A&tab=chemical_explorer&chemical_id=60-51-5&stat=gene_expression,969,1664.0,34.0,uM,TP53,Human MCF10A cell lines
MCF10A,60-51-5,https://montilab.bu.edu/Xposome/?page=MCF10A&tab=chemical_explorer&chemical_id=60-51-5&stat=gene_expression,42,1664.0,101.0,uM,WT,Human MCF10A cell lines
MCF10A,60-51-5,https://montilab.bu.edu/Xposome/?page=MCF10A&tab=chemical_explorer&chemical_id=60-51-5&stat=gene_expression,67,1664.0,11.0,uM,WT,Human MCF10A cell lines
MCF10A,60-51-5,https://montilab.bu.edu/Xposome/?page=MCF10A&tab=chemical_explorer&chemical_id=60-51-5&stat=gene_expression,41,1664.0,34.0,uM,WT,Human MCF10A cell lines
MCF10A,602-87-9,https://montilab.bu.edu/Xposome/?page=MCF10A&tab=chemical_explorer&chemical_id=602-87-9&stat=gene_expression,207,667.0,11.0,uM,TP53,Human MCF10A cell lines
MCF10A,602-87-9,https://montilab.bu.edu/Xposome/?page=MCF10A&tab=chemical_explorer&chemical_id=602-87-9&stat=gene_expression,100,667.0,33.0,uM,TP53,Human MCF10A cell lines
MCF10A,602-87-9,https://montilab.bu.edu/Xposome/?page=MCF10A&tab=chemical_explorer&chemical_id=602-87-9&stat=gene_expression,115,667.0,98.0,uM,TP53,Human MCF10A cell lines
MCF10A,602-87-9,https://montilab.bu.edu/Xposome/?page=MCF10A&tab=chemical_explorer&chemical_id=602-87-9&stat=gene_expression,46,667.0,11.0,uM,WT,Human MCF10A cell lines
MCF10A,602-87-9,https://montilab.bu.edu/Xposome/?page=MCF10A&tab=chemical_explorer&chemical_id=602-87-9&stat=gene_expression,82,667.0,33.0,uM,WT,Human MCF10A cell lines
MCF10A,602-87-9,https://montilab.bu.edu/Xposome/?page=MCF10A&tab=chemical_explorer&chemical_id=602-87-9&stat=gene_expression,79,667.0,98.0,uM,WT,Human MCF10A cell lines
MCF10A,607-57-8,https://montilab.bu.edu/Xposome/?page=MCF10A&tab=chemical_explorer&chemical_id=607-57-8&stat=gene_expression,27,418.0,101.0,uM,TP53,Human MCF10A cell lines
MCF10A,607-57-8,https://montilab.bu.edu/Xposome/?page=MCF10A&tab=chemical_explorer&chemical_id=607-57-8&stat=gene_expression,50,418.0,11.0,uM,TP53,Human MCF10A cell lines
MCF10A,607-57-8,https://montilab.bu.edu/Xposome/?page=MCF10A&tab=chemical_explorer&chemical_id=607-57-8&stat=gene_expression,39,418.0,34.0,uM,TP53,Human MCF10A cell lines
MCF10A,607-57-8,https://montilab.bu.edu/Xposome/?page=MCF10A&tab=chemical_explorer&chemical_id=607-57-8&stat=gene_expression,83,418.0,101.0,uM,WT,Human MCF10A cell lines
MCF10A,607-57-8,https://montilab.bu.edu/Xposome/?page=MCF10A&tab=chemical_explorer&chemical_id=607-57-8&stat=gene_expression,69,418.0,11.0,uM,WT,Human MCF10A cell lines
MCF10A,607-57-8,https://montilab.bu.edu/Xposome/?page=MCF10A&tab=chemical_explorer&chemical_id=607-57-8&stat=gene_expression,37,418.0,34.0,uM,WT,Human MCF10A cell lines
MCF10A,62-73-7,https://montilab.bu.edu/Xposome/?page=MCF10A&tab=chemical_explorer&chemical_id=62-73-7&stat=gene_expression,164,1631.0,101.0,uM,TP53,Human MCF10A cell lines
MCF10A,62-73-7,https://montilab.bu.edu/Xposome/?page=MCF10A&tab=chemical_explorer&chemical_id=62-73-7&stat=gene_expression,60,1631.0,11.0,uM,TP53,Human MCF10A cell lines
MCF10A,62-73-7,https://montilab.bu.edu/Xposome/?page=MCF10A&tab=chemical_explorer&chemical_id=62-73-7&stat=gene_expression,51,1631.0,34.0,uM,TP53,Human MCF10A cell lines
MCF10A,62-73-7,https://montilab.bu.edu/Xposome/?page=MCF10A&tab=chemical_explorer&chemical_id=62-73-7&stat=gene_expression,437,1631.0,101.0,uM,WT,Human MCF10A cell lines
MCF10A,62-73-7,https://montilab.bu.edu/Xposome/?page=MCF10A&tab=chemical_explorer&chemical_id=62-73-7&stat=gene_expression,951,1631.0,11.0,uM,WT,Human MCF10A cell lines
MCF10A,62-73-7,https://montilab.bu.edu/Xposome/?page=MCF10A&tab=chemical_explorer&chemical_id=62-73-7&stat=gene_expression,568,1631.0,34.0,uM,WT,Human MCF10A cell lines
MCF10A,62-75-9,https://montilab.bu.edu/Xposome/?page=MCF10A&tab=chemical_explorer&chemical_id=62-75-9&stat=gene_expression,60,2415.0,11.0,uM,TP53,Human MCF10A cell lines
MCF10A,62-75-9,https://montilab.bu.edu/Xposome/?page=MCF10A&tab=chemical_explorer&chemical_id=62-75-9&stat=gene_expression,74,2415.0,33.0,uM,TP53,Human MCF10A cell lines
MCF10A,62-75-9,https://montilab.bu.edu/Xposome/?page=MCF10A&tab=chemical_explorer&chemical_id=62-75-9&stat=gene_expression,9,2415.0,99.0,uM,TP53,Human MCF10A cell lines
MCF10A,62-75-9,https://montilab.bu.edu/Xposome/?page=MCF10A&tab=chemical_explorer&chemical_id=62-75-9&stat=gene_expression,30,2415.0,11.0,uM,WT,Human MCF10A cell lines
MCF10A,62-75-9,https://montilab.bu.edu/Xposome/?page=MCF10A&tab=chemical_explorer&chemical_id=62-75-9&stat=gene_expression,15,2415.0,33.0,uM,WT,Human MCF10A cell lines
MCF10A,62-75-9,https://montilab.bu.edu/Xposome/?page=MCF10A&tab=chemical_explorer&chemical_id=62-75-9&stat=gene_expression,33,2415.0,99.0,uM,WT,Human MCF10A cell lines
MCF10A,67-20-9,https://montilab.bu.edu/Xposome/?page=MCF10A&tab=chemical_explorer&chemical_id=67-20-9&stat=gene_expression,33,2373.0,11.0,uM,TP53,Human MCF10A cell lines
MCF10A,67-20-9,https://montilab.bu.edu/Xposome/?page=MCF10A&tab=chemical_explorer&chemical_id=67-20-9&stat=gene_expression,21,2373.0,33.0,uM,TP53,Human MCF10A cell lines
MCF10A,67-20-9,https://montilab.bu.edu/Xposome/?page=MCF10A&tab=chemical_explorer&chemical_id=67-20-9&stat=gene_expression,342,2373.0,99.0,uM,TP53,Human MCF10A cell lines
MCF10A,67-20-9,https://montilab.bu.edu/Xposome/?page=MCF10A&tab=chemical_explorer&chemical_id=67-20-9&stat=gene_expression,35,2373.0,11.0,uM,WT,Human MCF10A cell lines
MCF10A,67-20-9,https://montilab.bu.edu/Xposome/?page=MCF10A&tab=chemical_explorer&chemical_id=67-20-9&stat=gene_expression,32,2373.0,33.0,uM,WT,Human MCF10A cell lines
MCF10A,67-20-9,https://montilab.bu.edu/Xposome/?page=MCF10A&tab=chemical_explorer&chemical_id=67-20-9&stat=gene_expression,745,2373.0,99.0,uM,WT,Human MCF10A cell lines
MCF10A,68-22-4,https://montilab.bu.edu/Xposome/?page=MCF10A&tab=chemical_explorer&chemical_id=68-22-4&stat=gene_expression,143,2432.0,100.0,uM,TP53,Human MCF10A cell lines
MCF10A,68-22-4,https://montilab.bu.edu/Xposome/?page=MCF10A&tab=chemical_explorer&chemical_id=68-22-4&stat=gene_expression,168,2432.0,11.0,uM,TP53,Human MCF10A cell lines
MCF10A,68-22-4,https://montilab.bu.edu/Xposome/?page=MCF10A&tab=chemical_explorer&chemical_id=68-22-4&stat=gene_expression,112,2432.0,33.0,uM,TP53,Human MCF10A cell lines
MCF10A,68-22-4,https://montilab.bu.edu/Xposome/?page=MCF10A&tab=chemical_explorer&chemical_id=68-22-4&stat=gene_expression,90,2432.0,100.0,uM,WT,Human MCF10A cell lines
MCF10A,68-22-4,https://montilab.bu.edu/Xposome/?page=MCF10A&tab=chemical_explorer&chemical_id=68-22-4&stat=gene_expression,77,2432.0,11.0,uM,WT,Human MCF10A cell lines
MCF10A,68-22-4,https://montilab.bu.edu/Xposome/?page=MCF10A&tab=chemical_explorer&chemical_id=68-22-4&stat=gene_expression,50,2432.0,33.0,uM,WT,Human MCF10A cell lines
MCF10A,70-30-4,https://montilab.bu.edu/Xposome/?page=MCF10A&tab=chemical_explorer&chemical_id=70-30-4&stat=gene_expression,1874,1930.0,11.0,uM,TP53,Human MCF10A cell lines
MCF10A,70-30-4,https://montilab.bu.edu/Xposome/?page=MCF10A&tab=chemical_explorer&chemical_id=70-30-4&stat=gene_expression,1797,1930.0,34.0,uM,TP53,Human MCF10A cell lines
MCF10A,70-30-4,https://montilab.bu.edu/Xposome/?page=MCF10A&tab=chemical_explorer&chemical_id=70-30-4&stat=gene_expression,1645,1930.0,11.0,uM,WT,Human MCF10A cell lines
MCF10A,70-30-4,https://montilab.bu.edu/Xposome/?page=MCF10A&tab=chemical_explorer&chemical_id=70-30-4&stat=gene_expression,1844,1930.0,34.0,uM,WT,Human MCF10A cell lines
MCF10A,72-20-8,https://montilab.bu.edu/Xposome/?page=MCF10A&tab=chemical_explorer&chemical_id=72-20-8&stat=gene_expression,34,1764.0,102.0,uM,TP53,Human MCF10A cell lines
MCF10A,72-20-8,https://montilab.bu.edu/Xposome/?page=MCF10A&tab=chemical_explorer&chemical_id=72-20-8&stat=gene_expression,40,1764.0,11.0,uM,TP53,Human MCF10A cell lines
MCF10A,72-20-8,https://montilab.bu.edu/Xposome/?page=MCF10A&tab=chemical_explorer&chemical_id=72-20-8&stat=gene_expression,41,1764.0,34.0,uM,TP53,Human MCF10A cell lines
MCF10A,72-20-8,https://montilab.bu.edu/Xposome/?page=MCF10A&tab=chemical_explorer&chemical_id=72-20-8&stat=gene_expression,92,1764.0,102.0,uM,WT,Human MCF10A cell lines
MCF10A,72-20-8,https://montilab.bu.edu/Xposome/?page=MCF10A&tab=chemical_explorer&chemical_id=72-20-8&stat=gene_expression,30,1764.0,11.0,uM,WT,Human MCF10A cell lines
MCF10A,72-20-8,https://montilab.bu.edu/Xposome/?page=MCF10A&tab=chemical_explorer&chemical_id=72-20-8&stat=gene_expression,60,1764.0,34.0,uM,WT,Human MCF10A cell lines
MCF10A,72-43-5,https://montilab.bu.edu/Xposome/?page=MCF10A&tab=chemical_explorer&chemical_id=72-43-5&stat=gene_expression,55,2142.0,101.0,uM,TP53,Human MCF10A cell lines
MCF10A,72-43-5,https://montilab.bu.edu/Xposome/?page=MCF10A&tab=chemical_explorer&chemical_id=72-43-5&stat=gene_expression,33,2142.0,11.0,uM,TP53,Human MCF10A cell lines
MCF10A,72-43-5,https://montilab.bu.edu/Xposome/?page=MCF10A&tab=chemical_explorer&chemical_id=72-43-5&stat=gene_expression,74,2142.0,34.0,uM,TP53,Human MCF10A cell lines
MCF10A,72-43-5,https://montilab.bu.edu/Xposome/?page=MCF10A&tab=chemical_explorer&chemical_id=72-43-5&stat=gene_expression,113,2142.0,101.0,uM,WT,Human MCF10A cell lines
MCF10A,72-43-5,https://montilab.bu.edu/Xposome/?page=MCF10A&tab=chemical_explorer&chemical_id=72-43-5&stat=gene_expression,32,2142.0,11.0,uM,WT,Human MCF10A cell lines
MCF10A,72-43-5,https://montilab.bu.edu/Xposome/?page=MCF10A&tab=chemical_explorer&chemical_id=72-43-5&stat=gene_expression,56,2142.0,34.0,uM,WT,Human MCF10A cell lines
MCF10A,72-56-0,https://montilab.bu.edu/Xposome/?page=MCF10A&tab=chemical_explorer&chemical_id=72-56-0&stat=gene_expression,74,10135.0,102.0,uM,TP53,Human MCF10A cell lines
MCF10A,72-56-0,https://montilab.bu.edu/Xposome/?page=MCF10A&tab=chemical_explorer&chemical_id=72-56-0&stat=gene_expression,55,10135.0,11.0,uM,TP53,Human MCF10A cell lines
MCF10A,72-56-0,https://montilab.bu.edu/Xposome/?page=MCF10A&tab=chemical_explorer&chemical_id=72-56-0&stat=gene_expression,32,10135.0,34.0,uM,TP53,Human MCF10A cell lines
MCF10A,72-56-0,https://montilab.bu.edu/Xposome/?page=MCF10A&tab=chemical_explorer&chemical_id=72-56-0&stat=gene_expression,39,10135.0,102.0,uM,WT,Human MCF10A cell lines
MCF10A,72-56-0,https://montilab.bu.edu/Xposome/?page=MCF10A&tab=chemical_explorer&chemical_id=72-56-0&stat=gene_expression,20,10135.0,11.0,uM,WT,Human MCF10A cell lines
MCF10A,72-56-0,https://montilab.bu.edu/Xposome/?page=MCF10A&tab=chemical_explorer&chemical_id=72-56-0&stat=gene_expression,29,10135.0,34.0,uM,WT,Human MCF10A cell lines
MCF10A,73-22-3,https://montilab.bu.edu/Xposome/?page=MCF10A&tab=chemical_explorer&chemical_id=73-22-3&stat=gene_expression,101,2098.0,101.0,uM,TP53,Human MCF10A cell lines
MCF10A,73-22-3,https://montilab.bu.edu/Xposome/?page=MCF10A&tab=chemical_explorer&chemical_id=73-22-3&stat=gene_expression,70,2098.0,11.0,uM,TP53,Human MCF10A cell lines
MCF10A,73-22-3,https://montilab.bu.edu/Xposome/?page=MCF10A&tab=chemical_explorer&chemical_id=73-22-3&stat=gene_expression,124,2098.0,34.0,uM,TP53,Human MCF10A cell lines
MCF10A,73-22-3,https://montilab.bu.edu/Xposome/?page=MCF10A&tab=chemical_explorer&chemical_id=73-22-3&stat=gene_expression,59,2098.0,101.0,uM,WT,Human MCF10A cell lines
MCF10A,73-22-3,https://montilab.bu.edu/Xposome/?page=MCF10A&tab=chemical_explorer&chemical_id=73-22-3&stat=gene_expression,119,2098.0,11.0,uM,WT,Human MCF10A cell lines
MCF10A,73-22-3,https://montilab.bu.edu/Xposome/?page=MCF10A&tab=chemical_explorer&chemical_id=73-22-3&stat=gene_expression,48,2098.0,34.0,uM,WT,Human MCF10A cell lines
MCF10A,77-47-4,https://montilab.bu.edu/Xposome/?page=MCF10A&tab=chemical_explorer&chemical_id=77-47-4&stat=gene_expression,67,1929.0,101.0,uM,TP53,Human MCF10A cell lines
MCF10A,77-47-4,https://montilab.bu.edu/Xposome/?page=MCF10A&tab=chemical_explorer&chemical_id=77-47-4&stat=gene_expression,109,1929.0,11.0,uM,TP53,Human MCF10A cell lines
MCF10A,77-47-4,https://montilab.bu.edu/Xposome/?page=MCF10A&tab=chemical_explorer&chemical_id=77-47-4&stat=gene_expression,69,1929.0,34.0,uM,TP53,Human MCF10A cell lines
MCF10A,77-47-4,https://montilab.bu.edu/Xposome/?page=MCF10A&tab=chemical_explorer&chemical_id=77-47-4&stat=gene_expression,68,1929.0,101.0,uM,WT,Human MCF10A cell lines
MCF10A,77-47-4,https://montilab.bu.edu/Xposome/?page=MCF10A&tab=chemical_explorer&chemical_id=77-47-4&stat=gene_expression,93,1929.0,11.0,uM,WT,Human MCF10A cell lines
MCF10A,77-47-4,https://montilab.bu.edu/Xposome/?page=MCF10A&tab=chemical_explorer&chemical_id=77-47-4&stat=gene_expression,206,1929.0,34.0,uM,WT,Human MCF10A cell lines
MCF10A,79-06-1,https://montilab.bu.edu/Xposome/?page=MCF10A&tab=chemical_explorer&chemical_id=79-06-1&stat=gene_expression,12,966.0,100.0,uM,TP53,Human MCF10A cell lines
MCF10A,79-06-1,https://montilab.bu.edu/Xposome/?page=MCF10A&tab=chemical_explorer&chemical_id=79-06-1&stat=gene_expression,21,966.0,11.0,uM,TP53,Human MCF10A cell lines
MCF10A,79-06-1,https://montilab.bu.edu/Xposome/?page=MCF10A&tab=chemical_explorer&chemical_id=79-06-1&stat=gene_expression,9,966.0,33.0,uM,TP53,Human MCF10A cell lines
MCF10A,79-06-1,https://montilab.bu.edu/Xposome/?page=MCF10A&tab=chemical_explorer&chemical_id=79-06-1&stat=gene_expression,25,966.0,100.0,uM,WT,Human MCF10A cell lines
MCF10A,79-06-1,https://montilab.bu.edu/Xposome/?page=MCF10A&tab=chemical_explorer&chemical_id=79-06-1&stat=gene_expression,28,966.0,11.0,uM,WT,Human MCF10A cell lines
MCF10A,79-06-1,https://montilab.bu.edu/Xposome/?page=MCF10A&tab=chemical_explorer&chemical_id=79-06-1&stat=gene_expression,50,966.0,33.0,uM,WT,Human MCF10A cell lines
MCF10A,79-94-7,https://montilab.bu.edu/Xposome/?page=MCF10A&tab=chemical_explorer&chemical_id=79-94-7&stat=gene_expression,1350,467.0,11.0,uM,TP53,Human MCF10A cell lines
MCF10A,79-94-7,https://montilab.bu.edu/Xposome/?page=MCF10A&tab=chemical_explorer&chemical_id=79-94-7&stat=gene_expression,1350,441.0,11.0,uM,TP53,Human MCF10A cell lines
MCF10A,79-94-7,https://montilab.bu.edu/Xposome/?page=MCF10A&tab=chemical_explorer&chemical_id=79-94-7&stat=gene_expression,1799,467.0,34.0,uM,TP53,Human MCF10A cell lines
MCF10A,79-94-7,https://montilab.bu.edu/Xposome/?page=MCF10A&tab=chemical_explorer&chemical_id=79-94-7&stat=gene_expression,1799,441.0,34.0,uM,TP53,Human MCF10A cell lines
MCF10A,79-94-7,https://montilab.bu.edu/Xposome/?page=MCF10A&tab=chemical_explorer&chemical_id=79-94-7&stat=gene_expression,31,467.0,11.0,uM,WT,Human MCF10A cell lines
MCF10A,79-94-7,https://montilab.bu.edu/Xposome/?page=MCF10A&tab=chemical_explorer&chemical_id=79-94-7&stat=gene_expression,31,441.0,11.0,uM,WT,Human MCF10A cell lines
MCF10A,79-94-7,https://montilab.bu.edu/Xposome/?page=MCF10A&tab=chemical_explorer&chemical_id=79-94-7&stat=gene_expression,1844,467.0,34.0,uM,WT,Human MCF10A cell lines
MCF10A,79-94-7,https://montilab.bu.edu/Xposome/?page=MCF10A&tab=chemical_explorer&chemical_id=79-94-7&stat=gene_expression,1844,441.0,34.0,uM,WT,Human MCF10A cell lines
MCF10A,80-05-7,https://montilab.bu.edu/Xposome/?page=MCF10A&tab=chemical_explorer&chemical_id=80-05-7&stat=gene_expression,950,1211.0,100.0,uM,TP53,Human MCF10A cell lines
MCF10A,80-05-7,https://montilab.bu.edu/Xposome/?page=MCF10A&tab=chemical_explorer&chemical_id=80-05-7&stat=gene_expression,104,1211.0,11.0,uM,TP53,Human MCF10A cell lines
MCF10A,80-05-7,https://montilab.bu.edu/Xposome/?page=MCF10A&tab=chemical_explorer&chemical_id=80-05-7&stat=gene_expression,67,1211.0,33.0,uM,TP53,Human MCF10A cell lines
MCF10A,80-05-7,https://montilab.bu.edu/Xposome/?page=MCF10A&tab=chemical_explorer&chemical_id=80-05-7&stat=gene_expression,937,1211.0,100.0,uM,WT,Human MCF10A cell lines
MCF10A,80-05-7,https://montilab.bu.edu/Xposome/?page=MCF10A&tab=chemical_explorer&chemical_id=80-05-7&stat=gene_expression,66,1211.0,11.0,uM,WT,Human MCF10A cell lines
MCF10A,80-05-7,https://montilab.bu.edu/Xposome/?page=MCF10A&tab=chemical_explorer&chemical_id=80-05-7&stat=gene_expression,276,1211.0,33.0,uM,WT,Human MCF10A cell lines
MCF10A,828-00-2,https://montilab.bu.edu/Xposome/?page=MCF10A&tab=chemical_explorer&chemical_id=828-00-2&stat=gene_expression,98,1666.0,11.0,uM,TP53,Human MCF10A cell lines
MCF10A,828-00-2,https://montilab.bu.edu/Xposome/?page=MCF10A&tab=chemical_explorer&chemical_id=828-00-2&stat=gene_expression,28,1666.0,33.0,uM,TP53,Human MCF10A cell lines
MCF10A,828-00-2,https://montilab.bu.edu/Xposome/?page=MCF10A&tab=chemical_explorer&chemical_id=828-00-2&stat=gene_expression,75,1666.0,99.0,uM,TP53,Human MCF10A cell lines
MCF10A,828-00-2,https://montilab.bu.edu/Xposome/?page=MCF10A&tab=chemical_explorer&chemical_id=828-00-2&stat=gene_expression,23,1666.0,11.0,uM,WT,Human MCF10A cell lines
MCF10A,828-00-2,https://montilab.bu.edu/Xposome/?page=MCF10A&tab=chemical_explorer&chemical_id=828-00-2&stat=gene_expression,89,1666.0,33.0,uM,WT,Human MCF10A cell lines
MCF10A,828-00-2,https://montilab.bu.edu/Xposome/?page=MCF10A&tab=chemical_explorer&chemical_id=828-00-2&stat=gene_expression,67,1666.0,99.0,uM,WT,Human MCF10A cell lines
MCF10A,83-79-4,https://montilab.bu.edu/Xposome/?page=MCF10A&tab=chemical_explorer&chemical_id=83-79-4&stat=gene_expression,1207,2813.0,102.0,uM,TP53,Human MCF10A cell lines
MCF10A,83-79-4,https://montilab.bu.edu/Xposome/?page=MCF10A&tab=chemical_explorer&chemical_id=83-79-4&stat=gene_expression,821,2813.0,11.0,uM,TP53,Human MCF10A cell lines
MCF10A,83-79-4,https://montilab.bu.edu/Xposome/?page=MCF10A&tab=chemical_explorer&chemical_id=83-79-4&stat=gene_expression,1226,2813.0,34.0,uM,TP53,Human MCF10A cell lines
MCF10A,83-79-4,https://montilab.bu.edu/Xposome/?page=MCF10A&tab=chemical_explorer&chemical_id=83-79-4&stat=gene_expression,1181,2813.0,102.0,uM,WT,Human MCF10A cell lines
MCF10A,83-79-4,https://montilab.bu.edu/Xposome/?page=MCF10A&tab=chemical_explorer&chemical_id=83-79-4&stat=gene_expression,643,2813.0,11.0,uM,WT,Human MCF10A cell lines
MCF10A,83-79-4,https://montilab.bu.edu/Xposome/?page=MCF10A&tab=chemical_explorer&chemical_id=83-79-4&stat=gene_expression,797,2813.0,34.0,uM,WT,Human MCF10A cell lines
MCF10A,838-88-0,https://montilab.bu.edu/Xposome/?page=MCF10A&tab=chemical_explorer&chemical_id=838-88-0&stat=gene_expression,160,557.0,101.0,uM,TP53,Human MCF10A cell lines
MCF10A,838-88-0,https://montilab.bu.edu/Xposome/?page=MCF10A&tab=chemical_explorer&chemical_id=838-88-0&stat=gene_expression,122,557.0,11.0,uM,TP53,Human MCF10A cell lines
MCF10A,838-88-0,https://montilab.bu.edu/Xposome/?page=MCF10A&tab=chemical_explorer&chemical_id=838-88-0&stat=gene_expression,97,557.0,34.0,uM,TP53,Human MCF10A cell lines
MCF10A,838-88-0,https://montilab.bu.edu/Xposome/?page=MCF10A&tab=chemical_explorer&chemical_id=838-88-0&stat=gene_expression,81,557.0,101.0,uM,WT,Human MCF10A cell lines
MCF10A,838-88-0,https://montilab.bu.edu/Xposome/?page=MCF10A&tab=chemical_explorer&chemical_id=838-88-0&stat=gene_expression,137,557.0,11.0,uM,WT,Human MCF10A cell lines
MCF10A,838-88-0,https://montilab.bu.edu/Xposome/?page=MCF10A&tab=chemical_explorer&chemical_id=838-88-0&stat=gene_expression,471,557.0,34.0,uM,WT,Human MCF10A cell lines
MCF10A,85-68-7,https://montilab.bu.edu/Xposome/?page=MCF10A&tab=chemical_explorer&chemical_id=85-68-7&stat=gene_expression,29,1268.0,102.0,uM,TP53,Human MCF10A cell lines
MCF10A,85-68-7,https://montilab.bu.edu/Xposome/?page=MCF10A&tab=chemical_explorer&chemical_id=85-68-7&stat=gene_expression,14,1268.0,11.0,uM,TP53,Human MCF10A cell lines
MCF10A,85-68-7,https://montilab.bu.edu/Xposome/?page=MCF10A&tab=chemical_explorer&chemical_id=85-68-7&stat=gene_expression,8,1268.0,34.0,uM,TP53,Human MCF10A cell lines
MCF10A,85-68-7,https://montilab.bu.edu/Xposome/?page=MCF10A&tab=chemical_explorer&chemical_id=85-68-7&stat=gene_expression,28,1268.0,102.0,uM,WT,Human MCF10A cell lines
MCF10A,85-68-7,https://montilab.bu.edu/Xposome/?page=MCF10A&tab=chemical_explorer&chemical_id=85-68-7&stat=gene_expression,106,1268.0,11.0,uM,WT,Human MCF10A cell lines
MCF10A,85-68-7,https://montilab.bu.edu/Xposome/?page=MCF10A&tab=chemical_explorer&chemical_id=85-68-7&stat=gene_expression,124,1268.0,34.0,uM,WT,Human MCF10A cell lines
MCF10A,86-50-0,https://montilab.bu.edu/Xposome/?page=MCF10A&tab=chemical_explorer&chemical_id=86-50-0&stat=gene_expression,78,1119.0,102.0,uM,TP53,Human MCF10A cell lines
MCF10A,86-50-0,https://montilab.bu.edu/Xposome/?page=MCF10A&tab=chemical_explorer&chemical_id=86-50-0&stat=gene_expression,30,1119.0,11.0,uM,TP53,Human MCF10A cell lines
MCF10A,86-50-0,https://montilab.bu.edu/Xposome/?page=MCF10A&tab=chemical_explorer&chemical_id=86-50-0&stat=gene_expression,33,1119.0,34.0,uM,TP53,Human MCF10A cell lines
MCF10A,86-50-0,https://montilab.bu.edu/Xposome/?page=MCF10A&tab=chemical_explorer&chemical_id=86-50-0&stat=gene_expression,173,1119.0,102.0,uM,WT,Human MCF10A cell lines
MCF10A,86-50-0,https://montilab.bu.edu/Xposome/?page=MCF10A&tab=chemical_explorer&chemical_id=86-50-0&stat=gene_expression,41,1119.0,11.0,uM,WT,Human MCF10A cell lines
MCF10A,86-50-0,https://montilab.bu.edu/Xposome/?page=MCF10A&tab=chemical_explorer&chemical_id=86-50-0&stat=gene_expression,41,1119.0,34.0,uM,WT,Human MCF10A cell lines
MCF10A,86-57-7,https://montilab.bu.edu/Xposome/?page=MCF10A&tab=chemical_explorer&chemical_id=86-57-7&stat=gene_expression,69,251.0,101.0,uM,TP53,Human MCF10A cell lines
MCF10A,86-57-7,https://montilab.bu.edu/Xposome/?page=MCF10A&tab=chemical_explorer&chemical_id=86-57-7&stat=gene_expression,68,251.0,11.0,uM,TP53,Human MCF10A cell lines
MCF10A,86-57-7,https://montilab.bu.edu/Xposome/?page=MCF10A&tab=chemical_explorer&chemical_id=86-57-7&stat=gene_expression,80,251.0,34.0,uM,TP53,Human MCF10A cell lines
MCF10A,86-57-7,https://montilab.bu.edu/Xposome/?page=MCF10A&tab=chemical_explorer&chemical_id=86-57-7&stat=gene_expression,45,251.0,101.0,uM,WT,Human MCF10A cell lines
MCF10A,86-57-7,https://montilab.bu.edu/Xposome/?page=MCF10A&tab=chemical_explorer&chemical_id=86-57-7&stat=gene_expression,43,251.0,11.0,uM,WT,Human MCF10A cell lines
MCF10A,86-57-7,https://montilab.bu.edu/Xposome/?page=MCF10A&tab=chemical_explorer&chemical_id=86-57-7&stat=gene_expression,100,251.0,34.0,uM,WT,Human MCF10A cell lines
MCF10A,868-85-9,https://montilab.bu.edu/Xposome/?page=MCF10A&tab=chemical_explorer&chemical_id=868-85-9&stat=gene_expression,34,1670.0,100.0,uM,TP53,Human MCF10A cell lines
MCF10A,868-85-9,https://montilab.bu.edu/Xposome/?page=MCF10A&tab=chemical_explorer&chemical_id=868-85-9&stat=gene_expression,28,1670.0,11.0,uM,TP53,Human MCF10A cell lines
MCF10A,868-85-9,https://montilab.bu.edu/Xposome/?page=MCF10A&tab=chemical_explorer&chemical_id=868-85-9&stat=gene_expression,87,1670.0,33.0,uM,TP53,Human MCF10A cell lines
MCF10A,868-85-9,https://montilab.bu.edu/Xposome/?page=MCF10A&tab=chemical_explorer&chemical_id=868-85-9&stat=gene_expression,82,1670.0,100.0,uM,WT,Human MCF10A cell lines
MCF10A,868-85-9,https://montilab.bu.edu/Xposome/?page=MCF10A&tab=chemical_explorer&chemical_id=868-85-9&stat=gene_expression,54,1670.0,11.0,uM,WT,Human MCF10A cell lines
MCF10A,868-85-9,https://montilab.bu.edu/Xposome/?page=MCF10A&tab=chemical_explorer&chemical_id=868-85-9&stat=gene_expression,37,1670.0,33.0,uM,WT,Human MCF10A cell lines
MCF10A,87-62-7,https://montilab.bu.edu/Xposome/?page=MCF10A&tab=chemical_explorer&chemical_id=87-62-7&stat=gene_expression,20,355.0,11.0,uM,TP53,Human MCF10A cell lines
MCF10A,87-62-7,https://montilab.bu.edu/Xposome/?page=MCF10A&tab=chemical_explorer&chemical_id=87-62-7&stat=gene_expression,19,355.0,33.0,uM,TP53,Human MCF10A cell lines
MCF10A,87-62-7,https://montilab.bu.edu/Xposome/?page=MCF10A&tab=chemical_explorer&chemical_id=87-62-7&stat=gene_expression,21,355.0,98.0,uM,TP53,Human MCF10A cell lines
MCF10A,87-62-7,https://montilab.bu.edu/Xposome/?page=MCF10A&tab=chemical_explorer&chemical_id=87-62-7&stat=gene_expression,53,355.0,11.0,uM,WT,Human MCF10A cell lines
MCF10A,87-62-7,https://montilab.bu.edu/Xposome/?page=MCF10A&tab=chemical_explorer&chemical_id=87-62-7&stat=gene_expression,88,355.0,33.0,uM,WT,Human MCF10A cell lines
MCF10A,87-62-7,https://montilab.bu.edu/Xposome/?page=MCF10A&tab=chemical_explorer&chemical_id=87-62-7&stat=gene_expression,50,355.0,98.0,uM,WT,Human MCF10A cell lines
MCF10A,88-72-2,https://montilab.bu.edu/Xposome/?page=MCF10A&tab=chemical_explorer&chemical_id=88-72-2&stat=gene_expression,120,421.0,101.0,uM,TP53,Human MCF10A cell lines
MCF10A,88-72-2,https://montilab.bu.edu/Xposome/?page=MCF10A&tab=chemical_explorer&chemical_id=88-72-2&stat=gene_expression,19,421.0,11.0,uM,TP53,Human MCF10A cell lines
MCF10A,88-72-2,https://montilab.bu.edu/Xposome/?page=MCF10A&tab=chemical_explorer&chemical_id=88-72-2&stat=gene_expression,59,421.0,34.0,uM,TP53,Human MCF10A cell lines
MCF10A,88-72-2,https://montilab.bu.edu/Xposome/?page=MCF10A&tab=chemical_explorer&chemical_id=88-72-2&stat=gene_expression,18,421.0,101.0,uM,WT,Human MCF10A cell lines
MCF10A,88-72-2,https://montilab.bu.edu/Xposome/?page=MCF10A&tab=chemical_explorer&chemical_id=88-72-2&stat=gene_expression,41,421.0,11.0,uM,WT,Human MCF10A cell lines
MCF10A,88-72-2,https://montilab.bu.edu/Xposome/?page=MCF10A&tab=chemical_explorer&chemical_id=88-72-2&stat=gene_expression,39,421.0,34.0,uM,WT,Human MCF10A cell lines
MCF10A,91-20-3,https://montilab.bu.edu/Xposome/?page=MCF10A&tab=chemical_explorer&chemical_id=91-20-3&stat=gene_expression,37,2323.0,11.0,uM,TP53,Human MCF10A cell lines
MCF10A,91-20-3,https://montilab.bu.edu/Xposome/?page=MCF10A&tab=chemical_explorer&chemical_id=91-20-3&stat=gene_expression,68,2323.0,33.0,uM,TP53,Human MCF10A cell lines
MCF10A,91-20-3,https://montilab.bu.edu/Xposome/?page=MCF10A&tab=chemical_explorer&chemical_id=91-20-3&stat=gene_expression,18,2323.0,99.0,uM,TP53,Human MCF10A cell lines
MCF10A,91-20-3,https://montilab.bu.edu/Xposome/?page=MCF10A&tab=chemical_explorer&chemical_id=91-20-3&stat=gene_expression,92,2323.0,11.0,uM,WT,Human MCF10A cell lines
MCF10A,91-20-3,https://montilab.bu.edu/Xposome/?page=MCF10A&tab=chemical_explorer&chemical_id=91-20-3&stat=gene_expression,144,2323.0,33.0,uM,WT,Human MCF10A cell lines
MCF10A,91-20-3,https://montilab.bu.edu/Xposome/?page=MCF10A&tab=chemical_explorer&chemical_id=91-20-3&stat=gene_expression,92,2323.0,99.0,uM,WT,Human MCF10A cell lines
MCF10A,91-22-5,https://montilab.bu.edu/Xposome/?page=MCF10A&tab=chemical_explorer&chemical_id=91-22-5&stat=gene_expression,261,2751.0,101.0,uM,TP53,Human MCF10A cell lines
MCF10A,91-22-5,https://montilab.bu.edu/Xposome/?page=MCF10A&tab=chemical_explorer&chemical_id=91-22-5&stat=gene_expression,63,2751.0,11.0,uM,TP53,Human MCF10A cell lines
MCF10A,91-22-5,https://montilab.bu.edu/Xposome/?page=MCF10A&tab=chemical_explorer&chemical_id=91-22-5&stat=gene_expression,346,2751.0,34.0,uM,TP53,Human MCF10A cell lines
MCF10A,91-22-5,https://montilab.bu.edu/Xposome/?page=MCF10A&tab=chemical_explorer&chemical_id=91-22-5&stat=gene_expression,1112,2751.0,11.0,uM,WT,Human MCF10A cell lines
MCF10A,91-22-5,https://montilab.bu.edu/Xposome/?page=MCF10A&tab=chemical_explorer&chemical_id=91-22-5&stat=gene_expression,927,2751.0,34.0,uM,WT,Human MCF10A cell lines
MCF10A,91-59-8,https://montilab.bu.edu/Xposome/?page=MCF10A&tab=chemical_explorer&chemical_id=91-59-8&stat=gene_expression,166,413.0,103.0,uM,TP53,Human MCF10A cell lines
MCF10A,91-59-8,https://montilab.bu.edu/Xposome/?page=MCF10A&tab=chemical_explorer&chemical_id=91-59-8&stat=gene_expression,143,413.0,11.0,uM,TP53,Human MCF10A cell lines
MCF10A,91-59-8,https://montilab.bu.edu/Xposome/?page=MCF10A&tab=chemical_explorer&chemical_id=91-59-8&stat=gene_expression,532,413.0,34.0,uM,TP53,Human MCF10A cell lines
MCF10A,91-59-8,https://montilab.bu.edu/Xposome/?page=MCF10A&tab=chemical_explorer&chemical_id=91-59-8&stat=gene_expression,61,413.0,103.0,uM,WT,Human MCF10A cell lines
MCF10A,91-59-8,https://montilab.bu.edu/Xposome/?page=MCF10A&tab=chemical_explorer&chemical_id=91-59-8&stat=gene_expression,604,413.0,11.0,uM,WT,Human MCF10A cell lines
MCF10A,91-59-8,https://montilab.bu.edu/Xposome/?page=MCF10A&tab=chemical_explorer&chemical_id=91-59-8&stat=gene_expression,48,413.0,34.0,uM,WT,Human MCF10A cell lines
MCF10A,92-67-1,https://montilab.bu.edu/Xposome/?page=MCF10A&tab=chemical_explorer&chemical_id=92-67-1&stat=gene_expression,94,10039.0,11.0,uM,TP53,Human MCF10A cell lines
MCF10A,92-67-1,https://montilab.bu.edu/Xposome/?page=MCF10A&tab=chemical_explorer&chemical_id=92-67-1&stat=gene_expression,26,10039.0,33.0,uM,TP53,Human MCF10A cell lines
MCF10A,92-67-1,https://montilab.bu.edu/Xposome/?page=MCF10A&tab=chemical_explorer&chemical_id=92-67-1&stat=gene_expression,20,10039.0,98.0,uM,TP53,Human MCF10A cell lines
MCF10A,92-67-1,https://montilab.bu.edu/Xposome/?page=MCF10A&tab=chemical_explorer&chemical_id=92-67-1&stat=gene_expression,59,10039.0,11.0,uM,WT,Human MCF10A cell lines
MCF10A,92-67-1,https://montilab.bu.edu/Xposome/?page=MCF10A&tab=chemical_explorer&chemical_id=92-67-1&stat=gene_expression,26,10039.0,33.0,uM,WT,Human MCF10A cell lines
MCF10A,92-67-1,https://montilab.bu.edu/Xposome/?page=MCF10A&tab=chemical_explorer&chemical_id=92-67-1&stat=gene_expression,13,10039.0,98.0,uM,WT,Human MCF10A cell lines
MCF10A,93-15-2,https://montilab.bu.edu/Xposome/?page=MCF10A&tab=chemical_explorer&chemical_id=93-15-2&stat=gene_expression,30,2159.0,102.0,uM,TP53,Human MCF10A cell lines
MCF10A,93-15-2,https://montilab.bu.edu/Xposome/?page=MCF10A&tab=chemical_explorer&chemical_id=93-15-2&stat=gene_expression,18,2159.0,11.0,uM,TP53,Human MCF10A cell lines
MCF10A,93-15-2,https://montilab.bu.edu/Xposome/?page=MCF10A&tab=chemical_explorer&chemical_id=93-15-2&stat=gene_expression,10,2159.0,34.0,uM,TP53,Human MCF10A cell lines
MCF10A,93-15-2,https://montilab.bu.edu/Xposome/?page=MCF10A&tab=chemical_explorer&chemical_id=93-15-2&stat=gene_expression,14,2159.0,102.0,uM,WT,Human MCF10A cell lines
MCF10A,93-15-2,https://montilab.bu.edu/Xposome/?page=MCF10A&tab=chemical_explorer&chemical_id=93-15-2&stat=gene_expression,31,2159.0,11.0,uM,WT,Human MCF10A cell lines
MCF10A,93-15-2,https://montilab.bu.edu/Xposome/?page=MCF10A&tab=chemical_explorer&chemical_id=93-15-2&stat=gene_expression,17,2159.0,34.0,uM,WT,Human MCF10A cell lines
MCF10A,94-74-6,https://montilab.bu.edu/Xposome/?page=MCF10A&tab=chemical_explorer&chemical_id=94-74-6&stat=gene_expression,129,401.0,107.0,uM,TP53,Human MCF10A cell lines
MCF10A,94-74-6,https://montilab.bu.edu/Xposome/?page=MCF10A&tab=chemical_explorer&chemical_id=94-74-6&stat=gene_expression,138,401.0,12.0,uM,TP53,Human MCF10A cell lines
MCF10A,94-74-6,https://montilab.bu.edu/Xposome/?page=MCF10A&tab=chemical_explorer&chemical_id=94-74-6&stat=gene_expression,47,401.0,36.0,uM,TP53,Human MCF10A cell lines
MCF10A,94-74-6,https://montilab.bu.edu/Xposome/?page=MCF10A&tab=chemical_explorer&chemical_id=94-74-6&stat=gene_expression,61,401.0,107.0,uM,WT,Human MCF10A cell lines
MCF10A,94-74-6,https://montilab.bu.edu/Xposome/?page=MCF10A&tab=chemical_explorer&chemical_id=94-74-6&stat=gene_expression,164,401.0,12.0,uM,WT,Human MCF10A cell lines
MCF10A,94-74-6,https://montilab.bu.edu/Xposome/?page=MCF10A&tab=chemical_explorer&chemical_id=94-74-6&stat=gene_expression,162,401.0,36.0,uM,WT,Human MCF10A cell lines
MCF10A,95-06-7,https://montilab.bu.edu/Xposome/?page=MCF10A&tab=chemical_explorer&chemical_id=95-06-7&stat=gene_expression,101,10094.0,101.0,uM,TP53,Human MCF10A cell lines
MCF10A,95-06-7,https://montilab.bu.edu/Xposome/?page=MCF10A&tab=chemical_explorer&chemical_id=95-06-7&stat=gene_expression,161,10094.0,11.0,uM,TP53,Human MCF10A cell lines
MCF10A,95-06-7,https://montilab.bu.edu/Xposome/?page=MCF10A&tab=chemical_explorer&chemical_id=95-06-7&stat=gene_expression,86,10094.0,34.0,uM,TP53,Human MCF10A cell lines
MCF10A,95-06-7,https://montilab.bu.edu/Xposome/?page=MCF10A&tab=chemical_explorer&chemical_id=95-06-7&stat=gene_expression,176,10094.0,101.0,uM,WT,Human MCF10A cell lines
MCF10A,95-06-7,https://montilab.bu.edu/Xposome/?page=MCF10A&tab=chemical_explorer&chemical_id=95-06-7&stat=gene_expression,52,10094.0,11.0,uM,WT,Human MCF10A cell lines
MCF10A,95-06-7,https://montilab.bu.edu/Xposome/?page=MCF10A&tab=chemical_explorer&chemical_id=95-06-7&stat=gene_expression,67,10094.0,34.0,uM,WT,Human MCF10A cell lines
MCF10A,95-14-7,https://montilab.bu.edu/Xposome/?page=MCF10A&tab=chemical_explorer&chemical_id=95-14-7&stat=gene_expression,466,163.0,101.0,uM,TP53,Human MCF10A cell lines
MCF10A,95-14-7,https://montilab.bu.edu/Xposome/?page=MCF10A&tab=chemical_explorer&chemical_id=95-14-7&stat=gene_expression,168,163.0,11.0,uM,TP53,Human MCF10A cell lines
MCF10A,95-14-7,https://montilab.bu.edu/Xposome/?page=MCF10A&tab=chemical_explorer&chemical_id=95-14-7&stat=gene_expression,12,163.0,34.0,uM,TP53,Human MCF10A cell lines
MCF10A,95-14-7,https://montilab.bu.edu/Xposome/?page=MCF10A&tab=chemical_explorer&chemical_id=95-14-7&stat=gene_expression,29,163.0,101.0,uM,WT,Human MCF10A cell lines
MCF10A,95-14-7,https://montilab.bu.edu/Xposome/?page=MCF10A&tab=chemical_explorer&chemical_id=95-14-7&stat=gene_expression,76,163.0,11.0,uM,WT,Human MCF10A cell lines
MCF10A,95-14-7,https://montilab.bu.edu/Xposome/?page=MCF10A&tab=chemical_explorer&chemical_id=95-14-7&stat=gene_expression,66,163.0,34.0,uM,WT,Human MCF10A cell lines
MCF10A,95-50-1,https://montilab.bu.edu/Xposome/?page=MCF10A&tab=chemical_explorer&chemical_id=95-50-1&stat=gene_expression,13,172.0,101.0,uM,TP53,Human MCF10A cell lines
MCF10A,95-50-1,https://montilab.bu.edu/Xposome/?page=MCF10A&tab=chemical_explorer&chemical_id=95-50-1&stat=gene_expression,24,172.0,11.0,uM,TP53,Human MCF10A cell lines
MCF10A,95-50-1,https://montilab.bu.edu/Xposome/?page=MCF10A&tab=chemical_explorer&chemical_id=95-50-1&stat=gene_expression,105,172.0,34.0,uM,TP53,Human MCF10A cell lines
MCF10A,95-50-1,https://montilab.bu.edu/Xposome/?page=MCF10A&tab=chemical_explorer&chemical_id=95-50-1&stat=gene_expression,14,172.0,101.0,uM,WT,Human MCF10A cell lines
MCF10A,95-50-1,https://montilab.bu.edu/Xposome/?page=MCF10A&tab=chemical_explorer&chemical_id=95-50-1&stat=gene_expression,43,172.0,11.0,uM,WT,Human MCF10A cell lines
MCF10A,95-50-1,https://montilab.bu.edu/Xposome/?page=MCF10A&tab=chemical_explorer&chemical_id=95-50-1&stat=gene_expression,24,172.0,34.0,uM,WT,Human MCF10A cell lines
MCF10A,95-53-4,https://montilab.bu.edu/Xposome/?page=MCF10A&tab=chemical_explorer&chemical_id=95-53-4&stat=gene_expression,19,403.0,101.0,uM,TP53,Human MCF10A cell lines
MCF10A,95-53-4,https://montilab.bu.edu/Xposome/?page=MCF10A&tab=chemical_explorer&chemical_id=95-53-4&stat=gene_expression,46,403.0,11.0,uM,TP53,Human MCF10A cell lines
MCF10A,95-53-4,https://montilab.bu.edu/Xposome/?page=MCF10A&tab=chemical_explorer&chemical_id=95-53-4&stat=gene_expression,15,403.0,34.0,uM,TP53,Human MCF10A cell lines
MCF10A,95-53-4,https://montilab.bu.edu/Xposome/?page=MCF10A&tab=chemical_explorer&chemical_id=95-53-4&stat=gene_expression,34,403.0,101.0,uM,WT,Human MCF10A cell lines
MCF10A,95-53-4,https://montilab.bu.edu/Xposome/?page=MCF10A&tab=chemical_explorer&chemical_id=95-53-4&stat=gene_expression,16,403.0,11.0,uM,WT,Human MCF10A cell lines
MCF10A,95-53-4,https://montilab.bu.edu/Xposome/?page=MCF10A&tab=chemical_explorer&chemical_id=95-53-4&stat=gene_expression,48,403.0,34.0,uM,WT,Human MCF10A cell lines
MCF10A,95-80-7,https://montilab.bu.edu/Xposome/?page=MCF10A&tab=chemical_explorer&chemical_id=95-80-7&stat=gene_expression,529,337.0,11.0,uM,TP53,Human MCF10A cell lines
MCF10A,95-80-7,https://montilab.bu.edu/Xposome/?page=MCF10A&tab=chemical_explorer&chemical_id=95-80-7&stat=gene_expression,65,337.0,33.0,uM,TP53,Human MCF10A cell lines
MCF10A,95-80-7,https://montilab.bu.edu/Xposome/?page=MCF10A&tab=chemical_explorer&chemical_id=95-80-7&stat=gene_expression,52,337.0,99.0,uM,TP53,Human MCF10A cell lines
MCF10A,95-80-7,https://montilab.bu.edu/Xposome/?page=MCF10A&tab=chemical_explorer&chemical_id=95-80-7&stat=gene_expression,9,337.0,11.0,uM,WT,Human MCF10A cell lines
MCF10A,95-80-7,https://montilab.bu.edu/Xposome/?page=MCF10A&tab=chemical_explorer&chemical_id=95-80-7&stat=gene_expression,102,337.0,33.0,uM,WT,Human MCF10A cell lines
MCF10A,95-80-7,https://montilab.bu.edu/Xposome/?page=MCF10A&tab=chemical_explorer&chemical_id=95-80-7&stat=gene_expression,22,337.0,99.0,uM,WT,Human MCF10A cell lines
MCF10A,96-12-8,https://montilab.bu.edu/Xposome/?page=MCF10A&tab=chemical_explorer&chemical_id=96-12-8&stat=gene_expression,11,10024.0,11.0,uM,TP53,Human MCF10A cell lines
MCF10A,96-12-8,https://montilab.bu.edu/Xposome/?page=MCF10A&tab=chemical_explorer&chemical_id=96-12-8&stat=gene_expression,30,10024.0,33.0,uM,TP53,Human MCF10A cell lines
MCF10A,96-12-8,https://montilab.bu.edu/Xposome/?page=MCF10A&tab=chemical_explorer&chemical_id=96-12-8&stat=gene_expression,25,10024.0,99.0,uM,TP53,Human MCF10A cell lines
MCF10A,96-12-8,https://montilab.bu.edu/Xposome/?page=MCF10A&tab=chemical_explorer&chemical_id=96-12-8&stat=gene_expression,41,10024.0,11.0,uM,WT,Human MCF10A cell lines
MCF10A,96-12-8,https://montilab.bu.edu/Xposome/?page=MCF10A&tab=chemical_explorer&chemical_id=96-12-8&stat=gene_expression,18,10024.0,33.0,uM,WT,Human MCF10A cell lines
MCF10A,96-12-8,https://montilab.bu.edu/Xposome/?page=MCF10A&tab=chemical_explorer&chemical_id=96-12-8&stat=gene_expression,53,10024.0,99.0,uM,WT,Human MCF10A cell lines
MCF10A,96-18-4,https://montilab.bu.edu/Xposome/?page=MCF10A&tab=chemical_explorer&chemical_id=96-18-4&stat=gene_expression,21,165.0,100.0,uM,TP53,Human MCF10A cell lines
MCF10A,96-18-4,https://montilab.bu.edu/Xposome/?page=MCF10A&tab=chemical_explorer&chemical_id=96-18-4&stat=gene_expression,18,165.0,11.0,uM,TP53,Human MCF10A cell lines
MCF10A,96-18-4,https://montilab.bu.edu/Xposome/?page=MCF10A&tab=chemical_explorer&chemical_id=96-18-4&stat=gene_expression,85,165.0,33.0,uM,TP53,Human MCF10A cell lines
MCF10A,96-18-4,https://montilab.bu.edu/Xposome/?page=MCF10A&tab=chemical_explorer&chemical_id=96-18-4&stat=gene_expression,31,165.0,100.0,uM,WT,Human MCF10A cell lines
MCF10A,96-18-4,https://montilab.bu.edu/Xposome/?page=MCF10A&tab=chemical_explorer&chemical_id=96-18-4&stat=gene_expression,19,165.0,11.0,uM,WT,Human MCF10A cell lines
MCF10A,96-18-4,https://montilab.bu.edu/Xposome/?page=MCF10A&tab=chemical_explorer&chemical_id=96-18-4&stat=gene_expression,24,165.0,33.0,uM,WT,Human MCF10A cell lines
MCF10A,96-48-0,https://montilab.bu.edu/Xposome/?page=MCF10A&tab=chemical_explorer&chemical_id=96-48-0&stat=gene_expression,6,581.0,11.0,uM,TP53,Human MCF10A cell lines
MCF10A,96-48-0,https://montilab.bu.edu/Xposome/?page=MCF10A&tab=chemical_explorer&chemical_id=96-48-0&stat=gene_expression,205,581.0,33.0,uM,TP53,Human MCF10A cell lines
MCF10A,96-48-0,https://montilab.bu.edu/Xposome/?page=MCF10A&tab=chemical_explorer&chemical_id=96-48-0&stat=gene_expression,29,581.0,99.0,uM,TP53,Human MCF10A cell lines
MCF10A,96-48-0,https://montilab.bu.edu/Xposome/?page=MCF10A&tab=chemical_explorer&chemical_id=96-48-0&stat=gene_expression,28,581.0,11.0,uM,WT,Human MCF10A cell lines
MCF10A,96-48-0,https://montilab.bu.edu/Xposome/?page=MCF10A&tab=chemical_explorer&chemical_id=96-48-0&stat=gene_expression,24,581.0,33.0,uM,WT,Human MCF10A cell lines
MCF10A,96-48-0,https://montilab.bu.edu/Xposome/?page=MCF10A&tab=chemical_explorer&chemical_id=96-48-0&stat=gene_expression,110,581.0,99.0,uM,WT,Human MCF10A cell lines
MCF10A,97-53-0,https://montilab.bu.edu/Xposome/?page=MCF10A&tab=chemical_explorer&chemical_id=97-53-0&stat=gene_expression,123,1796.0,100.0,uM,TP53,Human MCF10A cell lines
MCF10A,97-53-0,https://montilab.bu.edu/Xposome/?page=MCF10A&tab=chemical_explorer&chemical_id=97-53-0&stat=gene_expression,14,1796.0,11.0,uM,TP53,Human MCF10A cell lines
MCF10A,97-53-0,https://montilab.bu.edu/Xposome/?page=MCF10A&tab=chemical_explorer&chemical_id=97-53-0&stat=gene_expression,285,1796.0,33.0,uM,TP53,Human MCF10A cell lines
MCF10A,97-53-0,https://montilab.bu.edu/Xposome/?page=MCF10A&tab=chemical_explorer&chemical_id=97-53-0&stat=gene_expression,42,1796.0,100.0,uM,WT,Human MCF10A cell lines
MCF10A,97-53-0,https://montilab.bu.edu/Xposome/?page=MCF10A&tab=chemical_explorer&chemical_id=97-53-0&stat=gene_expression,80,1796.0,11.0,uM,WT,Human MCF10A cell lines
MCF10A,97-53-0,https://montilab.bu.edu/Xposome/?page=MCF10A&tab=chemical_explorer&chemical_id=97-53-0&stat=gene_expression,37,1796.0,33.0,uM,WT,Human MCF10A cell lines
MCF10A,97-56-3,https://montilab.bu.edu/Xposome/?page=MCF10A&tab=chemical_explorer&chemical_id=97-56-3&stat=gene_expression,561,362.0,100.0,uM,TP53,Human MCF10A cell lines
MCF10A,97-56-3,https://montilab.bu.edu/Xposome/?page=MCF10A&tab=chemical_explorer&chemical_id=97-56-3&stat=gene_expression,42,362.0,11.0,uM,TP53,Human MCF10A cell lines
MCF10A,97-56-3,https://montilab.bu.edu/Xposome/?page=MCF10A&tab=chemical_explorer&chemical_id=97-56-3&stat=gene_expression,31,362.0,33.0,uM,TP53,Human MCF10A cell lines
MCF10A,97-56-3,https://montilab.bu.edu/Xposome/?page=MCF10A&tab=chemical_explorer&chemical_id=97-56-3&stat=gene_expression,296,362.0,100.0,uM,WT,Human MCF10A cell lines
MCF10A,97-56-3,https://montilab.bu.edu/Xposome/?page=MCF10A&tab=chemical_explorer&chemical_id=97-56-3&stat=gene_expression,28,362.0,11.0,uM,WT,Human MCF10A cell lines
MCF10A,97-56-3,https://montilab.bu.edu/Xposome/?page=MCF10A&tab=chemical_explorer&chemical_id=97-56-3&stat=gene_expression,75,362.0,33.0,uM,WT,Human MCF10A cell lines
MCF10A,97-77-8,https://montilab.bu.edu/Xposome/?page=MCF10A&tab=chemical_explorer&chemical_id=97-77-8&stat=gene_expression,1247,3002.0,100.0,uM,TP53,Human MCF10A cell lines
MCF10A,97-77-8,https://montilab.bu.edu/Xposome/?page=MCF10A&tab=chemical_explorer&chemical_id=97-77-8&stat=gene_expression,23,3002.0,11.0,uM,TP53,Human MCF10A cell lines
MCF10A,97-77-8,https://montilab.bu.edu/Xposome/?page=MCF10A&tab=chemical_explorer&chemical_id=97-77-8&stat=gene_expression,1557,3002.0,33.0,uM,TP53,Human MCF10A cell lines
MCF10A,97-77-8,https://montilab.bu.edu/Xposome/?page=MCF10A&tab=chemical_explorer&chemical_id=97-77-8&stat=gene_expression,1158,3002.0,100.0,uM,WT,Human MCF10A cell lines
MCF10A,97-77-8,https://montilab.bu.edu/Xposome/?page=MCF10A&tab=chemical_explorer&chemical_id=97-77-8&stat=gene_expression,15,3002.0,11.0,uM,WT,Human MCF10A cell lines
MCF10A,97-77-8,https://montilab.bu.edu/Xposome/?page=MCF10A&tab=chemical_explorer&chemical_id=97-77-8&stat=gene_expression,1101,3002.0,33.0,uM,WT,Human MCF10A cell lines
MCF10A,98-95-3,https://montilab.bu.edu/Xposome/?page=MCF10A&tab=chemical_explorer&chemical_id=98-95-3&stat=gene_expression,29,2371.0,103.0,uM,TP53,Human MCF10A cell lines
MCF10A,98-95-3,https://montilab.bu.edu/Xposome/?page=MCF10A&tab=chemical_explorer&chemical_id=98-95-3&stat=gene_expression,42,2371.0,11.0,uM,TP53,Human MCF10A cell lines
MCF10A,98-95-3,https://montilab.bu.edu/Xposome/?page=MCF10A&tab=chemical_explorer&chemical_id=98-95-3&stat=gene_expression,19,2371.0,34.0,uM,TP53,Human MCF10A cell lines
MCF10A,98-95-3,https://montilab.bu.edu/Xposome/?page=MCF10A&tab=chemical_explorer&chemical_id=98-95-3&stat=gene_expression,23,2371.0,103.0,uM,WT,Human MCF10A cell lines
MCF10A,98-95-3,https://montilab.bu.edu/Xposome/?page=MCF10A&tab=chemical_explorer&chemical_id=98-95-3&stat=gene_expression,38,2371.0,11.0,uM,WT,Human MCF10A cell lines
MCF10A,98-95-3,https://montilab.bu.edu/Xposome/?page=MCF10A&tab=chemical_explorer&chemical_id=98-95-3&stat=gene_expression,12,2371.0,34.0,uM,WT,Human MCF10A cell lines
MCF10A,99-59-2,https://montilab.bu.edu/Xposome/?page=MCF10A&tab=chemical_explorer&chemical_id=99-59-2&stat=gene_expression,66,396.0,11.0,uM,TP53,Human MCF10A cell lines
MCF10A,99-59-2,https://montilab.bu.edu/Xposome/?page=MCF10A&tab=chemical_explorer&chemical_id=99-59-2&stat=gene_expression,1151,396.0,33.0,uM,TP53,Human MCF10A cell lines
MCF10A,99-59-2,https://montilab.bu.edu/Xposome/?page=MCF10A&tab=chemical_explorer&chemical_id=99-59-2&stat=gene_expression,143,396.0,99.0,uM,TP53,Human MCF10A cell lines
MCF10A,99-59-2,https://montilab.bu.edu/Xposome/?page=MCF10A&tab=chemical_explorer&chemical_id=99-59-2&stat=gene_expression,44,396.0,11.0,uM,WT,Human MCF10A cell lines
MCF10A,99-59-2,https://montilab.bu.edu/Xposome/?page=MCF10A&tab=chemical_explorer&chemical_id=99-59-2&stat=gene_expression,295,396.0,33.0,uM,WT,Human MCF10A cell lines
MCF10A,99-59-2,https://montilab.bu.edu/Xposome/?page=MCF10A&tab=chemical_explorer&chemical_id=99-59-2&stat=gene_expression,37,396.0,99.0,uM,WT,Human MCF10A cell lines
,103-90-2,https://montilab.bu.edu/Xposome/?page=TG-GATEs&tab=chemical_explorer&chemical_id=103-90-2&stat=gene_expression,12,952.0,1000.0,mg/kg,29 day_High,
,10540-29-1,https://montilab.bu.edu/Xposome/?page=TG-GATEs&tab=chemical_explorer&chemical_id=10540-29-1&stat=gene_expression,19,2959.0,60.0,mg/kg,15 day_High,
,10540-29-1,https://montilab.bu.edu/Xposome/?page=TG-GATEs&tab=chemical_explorer&chemical_id=10540-29-1&stat=gene_expression,22,2959.0,6.0,mg/kg,15 day_Low,
,10540-29-1,https://montilab.bu.edu/Xposome/?page=TG-GATEs&tab=chemical_explorer&chemical_id=10540-29-1&stat=gene_expression,17,2959.0,20.0,mg/kg,29 day_Middle,
,10540-29-1,https://montilab.bu.edu/Xposome/?page=TG-GATEs&tab=chemical_explorer&chemical_id=10540-29-1&stat=gene_expression,21,2959.0,60.0,mg/kg,8 day_High,
,118-74-1,https://montilab.bu.edu/Xposome/?page=TG-GATEs&tab=chemical_explorer&chemical_id=118-74-1&stat=gene_expression,44,10085.0,300.0,mg/kg,15 day_High,
,118-74-1,https://montilab.bu.edu/Xposome/?page=TG-GATEs&tab=chemical_explorer&chemical_id=118-74-1&stat=gene_expression,19,10085.0,30.0,mg/kg,15 day_Low,
,118-74-1,https://montilab.bu.edu/Xposome/?page=TG-GATEs&tab=chemical_explorer&chemical_id=118-74-1&stat=gene_expression,19,10085.0,100.0,mg/kg,15 day_Middle,
,118-74-1,https://montilab.bu.edu/Xposome/?page=TG-GATEs&tab=chemical_explorer&chemical_id=118-74-1&stat=gene_expression,77,10085.0,300.0,mg/kg,29 day_High,
,118-74-1,https://montilab.bu.edu/Xposome/?page=TG-GATEs&tab=chemical_explorer&chemical_id=118-74-1&stat=gene_expression,26,10085.0,30.0,mg/kg,29 day_Low,
,118-74-1,https://montilab.bu.edu/Xposome/?page=TG-GATEs&tab=chemical_explorer&chemical_id=118-74-1&stat=gene_expression,90,10085.0,100.0,mg/kg,29 day_Middle,
,118-74-1,https://montilab.bu.edu/Xposome/?page=TG-GATEs&tab=chemical_explorer&chemical_id=118-74-1&stat=gene_expression,8,10085.0,300.0,mg/kg,4 day_High,
,118-74-1,https://montilab.bu.edu/Xposome/?page=TG-GATEs&tab=chemical_explorer&chemical_id=118-74-1&stat=gene_expression,17,10085.0,300.0,mg/kg,8 day_High,
,13311-84-7,https://montilab.bu.edu/Xposome/?page=TG-GATEs&tab=chemical_explorer&chemical_id=13311-84-7&stat=gene_expression,50,1861.0,150.0,mg/kg,15 day_High,
,13311-84-7,https://montilab.bu.edu/Xposome/?page=TG-GATEs&tab=chemical_explorer&chemical_id=13311-84-7&stat=gene_expression,14,1861.0,50.0,mg/kg,15 day_Middle,
,13311-84-7,https://montilab.bu.edu/Xposome/?page=TG-GATEs&tab=chemical_explorer&chemical_id=13311-84-7&stat=gene_expression,33,1861.0,150.0,mg/kg,29 day_High,
,13311-84-7,https://montilab.bu.edu/Xposome/?page=TG-GATEs&tab=chemical_explorer&chemical_id=13311-84-7&stat=gene_expression,33,1861.0,150.0,mg/kg,4 day_High,
,13311-84-7,https://montilab.bu.edu/Xposome/?page=TG-GATEs&tab=chemical_explorer&chemical_id=13311-84-7&stat=gene_expression,11,1861.0,50.0,mg/kg,4 day_Middle,
,13311-84-7,https://montilab.bu.edu/Xposome/?page=TG-GATEs&tab=chemical_explorer&chemical_id=13311-84-7&stat=gene_expression,26,1861.0,150.0,mg/kg,8 day_High,
,298-46-4,https://montilab.bu.edu/Xposome/?page=TG-GATEs&tab=chemical_explorer&chemical_id=298-46-4&stat=gene_expression,15,1314.0,300.0,mg/kg,29 day_High,
,446-86-6,https://montilab.bu.edu/Xposome/?page=TG-GATEs&tab=chemical_explorer&chemical_id=446-86-6&stat=gene_expression,11,1118.0,10.0,mg/kg,29 day_Middle,
,446-86-6,https://montilab.bu.edu/Xposome/?page=TG-GATEs&tab=chemical_explorer&chemical_id=446-86-6&stat=gene_expression,11,1118.0,30.0,mg/kg,4 day_High,
,49562-28-9,https://montilab.bu.edu/Xposome/?page=TG-GATEs&tab=chemical_explorer&chemical_id=49562-28-9&stat=gene_expression,131,1822.0,1000.0,mg/kg,15 day_High,
,49562-28-9,https://montilab.bu.edu/Xposome/?page=TG-GATEs&tab=chemical_explorer&chemical_id=49562-28-9&stat=gene_expression,99,1822.0,100.0,mg/kg,15 day_Middle,
,49562-28-9,https://montilab.bu.edu/Xposome/?page=TG-GATEs&tab=chemical_explorer&chemical_id=49562-28-9&stat=gene_expression,143,1822.0,1000.0,mg/kg,29 day_High,
,49562-28-9,https://montilab.bu.edu/Xposome/?page=TG-GATEs&tab=chemical_explorer&chemical_id=49562-28-9&stat=gene_expression,117,1822.0,100.0,mg/kg,29 day_Middle,
,49562-28-9,https://montilab.bu.edu/Xposome/?page=TG-GATEs&tab=chemical_explorer&chemical_id=49562-28-9&stat=gene_expression,82,1822.0,1000.0,mg/kg,4 day_High,
,49562-28-9,https://montilab.bu.edu/Xposome/?page=TG-GATEs&tab=chemical_explorer&chemical_id=49562-28-9&stat=gene_expression,57,1822.0,100.0,mg/kg,4 day_Middle,
,49562-28-9,https://montilab.bu.edu/Xposome/?page=TG-GATEs&tab=chemical_explorer&chemical_id=49562-28-9&stat=gene_expression,108,1822.0,1000.0,mg/kg,8 day_High,
,49562-28-9,https://montilab.bu.edu/Xposome/?page=TG-GATEs&tab=chemical_explorer&chemical_id=49562-28-9&stat=gene_expression,74,1822.0,100.0,mg/kg,8 day_Middle,
,50-06-6,https://montilab.bu.edu/Xposome/?page=TG-GATEs&tab=chemical_explorer&chemical_id=50-06-6&stat=gene_expression,16,2636.0,100.0,mg/kg,15 day_High,
,50-06-6,https://montilab.bu.edu/Xposome/?page=TG-GATEs&tab=chemical_explorer&chemical_id=50-06-6&stat=gene_expression,10,2636.0,100.0,mg/kg,4 day_High,
,50-78-2,https://montilab.bu.edu/Xposome/?page=TG-GATEs&tab=chemical_explorer&chemical_id=50-78-2&stat=gene_expression,12,961.0,450.0,mg/kg,15 day_High,
,50-78-2,https://montilab.bu.edu/Xposome/?page=TG-GATEs&tab=chemical_explorer&chemical_id=50-78-2&stat=gene_expression,17,961.0,450.0,mg/kg,4 day_High,
,50892-23-4,https://montilab.bu.edu/Xposome/?page=TG-GATEs&tab=chemical_explorer&chemical_id=50892-23-4&stat=gene_expression,149,2661.0,100.0,mg/kg,15 day_High,
,50892-23-4,https://montilab.bu.edu/Xposome/?page=TG-GATEs&tab=chemical_explorer&chemical_id=50892-23-4&stat=gene_expression,70,2661.0,10.0,mg/kg,15 day_Low,
,50892-23-4,https://montilab.bu.edu/Xposome/?page=TG-GATEs&tab=chemical_explorer&chemical_id=50892-23-4&stat=gene_expression,110,2661.0,30.0,mg/kg,15 day_Middle,
,50892-23-4,https://montilab.bu.edu/Xposome/?page=TG-GATEs&tab=chemical_explorer&chemical_id=50892-23-4&stat=gene_expression,176,2661.0,100.0,mg/kg,29 day_High,
,50892-23-4,https://montilab.bu.edu/Xposome/?page=TG-GATEs&tab=chemical_explorer&chemical_id=50892-23-4&stat=gene_expression,87,2661.0,10.0,mg/kg,29 day_Low,
,50892-23-4,https://montilab.bu.edu/Xposome/?page=TG-GATEs&tab=chemical_explorer&chemical_id=50892-23-4&stat=gene_expression,116,2661.0,30.0,mg/kg,29 day_Middle,
,50892-23-4,https://montilab.bu.edu/Xposome/?page=TG-GATEs&tab=chemical_explorer&chemical_id=50892-23-4&stat=gene_expression,87,2661.0,100.0,mg/kg,4 day_High,
,50892-23-4,https://montilab.bu.edu/Xposome/?page=TG-GATEs&tab=chemical_explorer&chemical_id=50892-23-4&stat=gene_expression,82,2661.0,10.0,mg/kg,4 day_Low,
,50892-23-4,https://montilab.bu.edu/Xposome/?page=TG-GATEs&tab=chemical_explorer&chemical_id=50892-23-4&stat=gene_expression,102,2661.0,30.0,mg/kg,4 day_Middle,
,50892-23-4,https://montilab.bu.edu/Xposome/?page=TG-GATEs&tab=chemical_explorer&chemical_id=50892-23-4&stat=gene_expression,132,2661.0,100.0,mg/kg,8 day_High,
,50892-23-4,https://montilab.bu.edu/Xposome/?page=TG-GATEs&tab=chemical_explorer&chemical_id=50892-23-4&stat=gene_expression,62,2661.0,10.0,mg/kg,8 day_Low,
,50892-23-4,https://montilab.bu.edu/Xposome/?page=TG-GATEs&tab=chemical_explorer&chemical_id=50892-23-4&stat=gene_expression,95,2661.0,30.0,mg/kg,8 day_Middle,
,51-52-5,https://montilab.bu.edu/Xposome/?page=TG-GATEs&tab=chemical_explorer&chemical_id=51-52-5&stat=gene_expression,26,699.0,100.0,mg/kg,15 day_High,
,51-52-5,https://montilab.bu.edu/Xposome/?page=TG-GATEs&tab=chemical_explorer&chemical_id=51-52-5&stat=gene_expression,30,699.0,10.0,mg/kg,15 day_Low,
,51-52-5,https://montilab.bu.edu/Xposome/?page=TG-GATEs&tab=chemical_explorer&chemical_id=51-52-5&stat=gene_expression,28,699.0,30.0,mg/kg,15 day_Middle,
,51-52-5,https://montilab.bu.edu/Xposome/?page=TG-GATEs&tab=chemical_explorer&chemical_id=51-52-5&stat=gene_expression,56,699.0,100.0,mg/kg,29 day_High,
,51-52-5,https://montilab.bu.edu/Xposome/?page=TG-GATEs&tab=chemical_explorer&chemical_id=51-52-5&stat=gene_expression,52,699.0,10.0,mg/kg,29 day_Low,
,51-52-5,https://montilab.bu.edu/Xposome/?page=TG-GATEs&tab=chemical_explorer&chemical_id=51-52-5&stat=gene_expression,55,699.0,30.0,mg/kg,29 day_Middle,
,51-52-5,https://montilab.bu.edu/Xposome/?page=TG-GATEs&tab=chemical_explorer&chemical_id=51-52-5&stat=gene_expression,17,699.0,100.0,mg/kg,8 day_High,
,52-86-8,https://montilab.bu.edu/Xposome/?page=TG-GATEs&tab=chemical_explorer&chemical_id=52-86-8&stat=gene_expression,14,1920.0,30.0,mg/kg,4 day_High,
,53-86-1,https://montilab.bu.edu/Xposome/?page=TG-GATEs&tab=chemical_explorer&chemical_id=53-86-1&stat=gene_expression,26,1968.0,5.0,mg/kg,4 day_High,
,55-18-5,https://montilab.bu.edu/Xposome/?page=TG-GATEs&tab=chemical_explorer&chemical_id=55-18-5&stat=gene_expression,43,2414.0,10.0,mg/kg,15 day_Middle,
,55-18-5,https://montilab.bu.edu/Xposome/?page=TG-GATEs&tab=chemical_explorer&chemical_id=55-18-5&stat=gene_expression,18,2414.0,3.0,mg/kg,29 day_Low,
,55-18-5,https://montilab.bu.edu/Xposome/?page=TG-GATEs&tab=chemical_explorer&chemical_id=55-18-5&stat=gene_expression,55,2414.0,10.0,mg/kg,29 day_Middle,
,55-18-5,https://montilab.bu.edu/Xposome/?page=TG-GATEs&tab=chemical_explorer&chemical_id=55-18-5&stat=gene_expression,52,2414.0,30.0,mg/kg,4 day_High,
,55-18-5,https://montilab.bu.edu/Xposome/?page=TG-GATEs&tab=chemical_explorer&chemical_id=55-18-5&stat=gene_expression,11,2414.0,10.0,mg/kg,4 day_Middle,
,55-18-5,https://montilab.bu.edu/Xposome/?page=TG-GATEs&tab=chemical_explorer&chemical_id=55-18-5&stat=gene_expression,224,2414.0,30.0,mg/kg,8 day_High,
,57-63-6,https://montilab.bu.edu/Xposome/?page=TG-GATEs&tab=chemical_explorer&chemical_id=57-63-6&stat=gene_expression,88,220.0,10.0,mg/kg,15 day_High,
,57-63-6,https://montilab.bu.edu/Xposome/?page=TG-GATEs&tab=chemical_explorer&chemical_id=57-63-6&stat=gene_expression,43,220.0,1.0,mg/kg,15 day_Low,
,57-63-6,https://montilab.bu.edu/Xposome/?page=TG-GATEs&tab=chemical_explorer&chemical_id=57-63-6&stat=gene_expression,71,220.0,3.0,mg/kg,15 day_Middle,
,57-63-6,https://montilab.bu.edu/Xposome/?page=TG-GATEs&tab=chemical_explorer&chemical_id=57-63-6&stat=gene_expression,108,220.0,10.0,mg/kg,29 day_High,
,57-63-6,https://montilab.bu.edu/Xposome/?page=TG-GATEs&tab=chemical_explorer&chemical_id=57-63-6&stat=gene_expression,54,220.0,1.0,mg/kg,29 day_Low,
,57-63-6,https://montilab.bu.edu/Xposome/?page=TG-GATEs&tab=chemical_explorer&chemical_id=57-63-6&stat=gene_expression,74,220.0,3.0,mg/kg,29 day_Middle,
,57-63-6,https://montilab.bu.edu/Xposome/?page=TG-GATEs&tab=chemical_explorer&chemical_id=57-63-6&stat=gene_expression,55,220.0,10.0,mg/kg,4 day_High,
,57-63-6,https://montilab.bu.edu/Xposome/?page=TG-GATEs&tab=chemical_explorer&chemical_id=57-63-6&stat=gene_expression,22,220.0,1.0,mg/kg,4 day_Low,
,57-63-6,https://montilab.bu.edu/Xposome/?page=TG-GATEs&tab=chemical_explorer&chemical_id=57-63-6&stat=gene_expression,39,220.0,3.0,mg/kg,4 day_Middle,
,57-63-6,https://montilab.bu.edu/Xposome/?page=TG-GATEs&tab=chemical_explorer&chemical_id=57-63-6&stat=gene_expression,76,220.0,10.0,mg/kg,8 day_High,
,57-63-6,https://montilab.bu.edu/Xposome/?page=TG-GATEs&tab=chemical_explorer&chemical_id=57-63-6&stat=gene_expression,19,220.0,1.0,mg/kg,8 day_Low,
,57-63-6,https://montilab.bu.edu/Xposome/?page=TG-GATEs&tab=chemical_explorer&chemical_id=57-63-6&stat=gene_expression,58,220.0,3.0,mg/kg,8 day_Middle,
,58-08-2,https://montilab.bu.edu/Xposome/?page=TG-GATEs&tab=chemical_explorer&chemical_id=58-08-2&stat=gene_expression,18,1307.0,100.0,mg/kg,4 day_High,
,58-08-2,https://montilab.bu.edu/Xposome/?page=TG-GATEs&tab=chemical_explorer&chemical_id=58-08-2&stat=gene_expression,4,1307.0,30.0,mg/kg,4 day_Middle,
,58-08-2,https://montilab.bu.edu/Xposome/?page=TG-GATEs&tab=chemical_explorer&chemical_id=58-08-2&stat=gene_expression,17,1307.0,100.0,mg/kg,8 day_High,
,58-18-4,https://montilab.bu.edu/Xposome/?page=TG-GATEs&tab=chemical_explorer&chemical_id=58-18-4&stat=gene_expression,11,224.0,300.0,mg/kg,15 day_High,
,58-18-4,https://montilab.bu.edu/Xposome/?page=TG-GATEs&tab=chemical_explorer&chemical_id=58-18-4&stat=gene_expression,18,224.0,300.0,mg/kg,29 day_High,
,59-87-0,https://montilab.bu.edu/Xposome/?page=TG-GATEs&tab=chemical_explorer&chemical_id=59-87-0&stat=gene_expression,11,2374.0,100.0,mg/kg,15 day_High,
,59-87-0,https://montilab.bu.edu/Xposome/?page=TG-GATEs&tab=chemical_explorer&chemical_id=59-87-0&stat=gene_expression,22,2374.0,100.0,mg/kg,29 day_High,
,599-79-1,https://montilab.bu.edu/Xposome/?page=TG-GATEs&tab=chemical_explorer&chemical_id=599-79-1&stat=gene_expression,13,2911.0,1000.0,mg/kg,15 day_High,
,599-79-1,https://montilab.bu.edu/Xposome/?page=TG-GATEs&tab=chemical_explorer&chemical_id=599-79-1&stat=gene_expression,19,2911.0,1000.0,mg/kg,29 day_High,
,599-79-1,https://montilab.bu.edu/Xposome/?page=TG-GATEs&tab=chemical_explorer&chemical_id=599-79-1&stat=gene_expression,10,2911.0,1000.0,mg/kg,8 day_High,
,60-56-0,https://montilab.bu.edu/Xposome/?page=TG-GATEs&tab=chemical_explorer&chemical_id=60-56-0&stat=gene_expression,37,2139.0,100.0,mg/kg,15 day_High,
,60-56-0,https://montilab.bu.edu/Xposome/?page=TG-GATEs&tab=chemical_explorer&chemical_id=60-56-0&stat=gene_expression,31,2139.0,30.0,mg/kg,15 day_Middle,
,60-56-0,https://montilab.bu.edu/Xposome/?page=TG-GATEs&tab=chemical_explorer&chemical_id=60-56-0&stat=gene_expression,49,2139.0,100.0,mg/kg,29 day_High,
,60-56-0,https://montilab.bu.edu/Xposome/?page=TG-GATEs&tab=chemical_explorer&chemical_id=60-56-0&stat=gene_expression,25,2139.0,30.0,mg/kg,29 day_Middle,
,60-56-0,https://montilab.bu.edu/Xposome/?page=TG-GATEs&tab=chemical_explorer&chemical_id=60-56-0&stat=gene_expression,17,2139.0,100.0,mg/kg,4 day_High,
,60-56-0,https://montilab.bu.edu/Xposome/?page=TG-GATEs&tab=chemical_explorer&chemical_id=60-56-0&stat=gene_expression,6,2139.0,30.0,mg/kg,4 day_Middle,
,60-56-0,https://montilab.bu.edu/Xposome/?page=TG-GATEs&tab=chemical_explorer&chemical_id=60-56-0&stat=gene_expression,27,2139.0,100.0,mg/kg,8 day_High,
,60-56-0,https://montilab.bu.edu/Xposome/?page=TG-GATEs&tab=chemical_explorer&chemical_id=60-56-0&stat=gene_expression,15,2139.0,30.0,mg/kg,8 day_Middle,
,637-07-0,https://montilab.bu.edu/Xposome/?page=TG-GATEs&tab=chemical_explorer&chemical_id=637-07-0&stat=gene_expression,43,1383.0,300.0,mg/kg,15 day_High,
,637-07-0,https://montilab.bu.edu/Xposome/?page=TG-GATEs&tab=chemical_explorer&chemical_id=637-07-0&stat=gene_expression,47,1383.0,300.0,mg/kg,29 day_High,
,637-07-0,https://montilab.bu.edu/Xposome/?page=TG-GATEs&tab=chemical_explorer&chemical_id=637-07-0&stat=gene_expression,25,1383.0,300.0,mg/kg,4 day_High,
,637-07-0,https://montilab.bu.edu/Xposome/?page=TG-GATEs&tab=chemical_explorer&chemical_id=637-07-0&stat=gene_expression,41,1383.0,300.0,mg/kg,8 day_High,
,64-86-8,https://montilab.bu.edu/Xposome/?page=TG-GATEs&tab=chemical_explorer&chemical_id=64-86-8&stat=gene_expression,55,1430.0,5.0,mg/kg,4 day_High,
,65277-42-1,https://montilab.bu.edu/Xposome/?page=TG-GATEs&tab=chemical_explorer&chemical_id=65277-42-1&stat=gene_expression,6,2059.0,100.0,mg/kg,4 day_High,
,68-26-8,https://montilab.bu.edu/Xposome/?page=TG-GATEs&tab=chemical_explorer&chemical_id=68-26-8&stat=gene_expression,50,2779.0,100.0,mg/kg,15 day_High,
,68-26-8,https://montilab.bu.edu/Xposome/?page=TG-GATEs&tab=chemical_explorer&chemical_id=68-26-8&stat=gene_expression,95,2779.0,100.0,mg/kg,29 day_High,
,79902-63-9,https://montilab.bu.edu/Xposome/?page=TG-GATEs&tab=chemical_explorer&chemical_id=79902-63-9&stat=gene_expression,54,2850.0,400.0,mg/kg,4 day_High,
,91-64-5,https://montilab.bu.edu/Xposome/?page=TG-GATEs&tab=chemical_explorer&chemical_id=91-64-5&stat=gene_expression,20,1455.0,150.0,mg/kg,15 day_High,
,91-64-5,https://montilab.bu.edu/Xposome/?page=TG-GATEs&tab=chemical_explorer&chemical_id=91-64-5&stat=gene_expression,19,1455.0,150.0,mg/kg,29 day_High,
,91-64-5,https://montilab.bu.edu/Xposome/?page=TG-GATEs&tab=chemical_explorer&chemical_id=91-64-5&stat=gene_expression,23,1455.0,150.0,mg/kg,4 day_High,
,91-64-5,https://montilab.bu.edu/Xposome/?page=TG-GATEs&tab=chemical_explorer&chemical_id=91-64-5&stat=gene_expression,8,1455.0,50.0,mg/kg,4 day_Middle,
,91-64-5,https://montilab.bu.edu/Xposome/?page=TG-GATEs&tab=chemical_explorer&chemical_id=91-64-5&stat=gene_expression,20,1455.0,150.0,mg/kg,8 day_High,
,97-77-8,https://montilab.bu.edu/Xposome/?page=TG-GATEs&tab=chemical_explorer&chemical_id=97-77-8&stat=gene_expression,17,3002.0,600.0,mg/kg,15 day_High,
,97-77-8,https://montilab.bu.edu/Xposome/?page=TG-GATEs&tab=chemical_explorer&chemical_id=97-77-8&stat=gene_expression,22,3002.0,600.0,mg/kg,29 day_High,
,97-77-8,https://montilab.bu.edu/Xposome/?page=TG-GATEs&tab=chemical_explorer&chemical_id=97-77-8&stat=gene_expression,40,3002.0,600.0,mg/kg,4 day_High,
,97-77-8,https://montilab.bu.edu/Xposome/?page=TG-GATEs&tab=chemical_explorer&chemical_id=97-77-8&stat=gene_expression,10,3002.0,200.0,mg/kg,4 day_Middle,
,97-77-8,https://montilab.bu.edu/Xposome/?page=TG-GATEs&tab=chemical_explorer&chemical_id=97-77-8&stat=gene_expression,31,3002.0,600.0,mg/kg,8 day_High,
,97-77-8,https://montilab.bu.edu/Xposome/?page=TG-GATEs&tab=chemical_explorer&chemical_id=97-77-8&stat=gene_expression,8,3002.0,200.0,mg/kg,8 day_Middle,
Zebrafish,83-32-9,,4,947.0,50.0,uM,WT,Zebrafish
Zebrafish,205-99-2,,28,1175.0,50.0,uM,WT,Zebrafish
Zebrafish,205-82-3,,57,1180.0,14.9,uM,WT,Zebrafish
Zebrafish,207-8-9,,60,,1.9,uM,WT,Zebrafish
Zebrafish,189-64-0,,84,1612.0,10.0,uM,WT,Zebrafish
Zebrafish,189-55-9,,20,1613.0,5.0,uM,WT,Zebrafish
Zebrafish,206-44-0,,22,1854.0,50.0,uM,WT,Zebrafish
Zebrafish,65996-93-2,,6,,12.2,uM,WT,Zebrafish
Zebrafish,483-65-8,,86,2774.0,50.0,uM,WT,Zebrafish
Zebrafish,120-12-7,,6,1031.0,50.0,uM,WT,Zebrafish
Zebrafish,86-74-8,,73,1316.0,1.9,uM,WT,Zebrafish
Zebrafish,892-21-7,,2,514.0,16.2,uM,WT,Zebrafish
Zebrafish,5737-13-3,,66,596.0,50.0,uM,WT,Zebrafish
Zebrafish,779-02-2,,104,775.0,50.0,uM,WT,Zebrafish
Zebrafish,50-32-8,,272,1174.0,1.0,uM,WT,Zebrafish
Zebrafish,50-32-8,,477,1174.0,10.0,uM,WT,Zebrafish
Zebrafish,191-30-0,,1680,1616.0,10.0,uM,WT,Zebrafish
Zebrafish,191-30-0,,1680,1614.0,10.0,uM,WT,Zebrafish
Zebrafish,84-11-7,,108,747.0,2.0,uM,WT,Zebrafish
Zebrafish,2498-66-0,,228,1163.0,10.0,uM,WT,Zebrafish
Zebrafish,82-05-3,,158,1166.0,10.0,uM,WT,Zebrafish
Zebrafish,82-05-3,,158,71.0,10.0,uM,WT,Zebrafish
Zebrafish,1746-01-6,,138,283.0,1.0,ng/mL,WT,Zebrafish
Zebrafish,5436-43-1,,755,279.0,85.0,uM,WT,Zebrafish
Zebrafish,68937-41-7,,1877,3094.0,19.8,uM,WT,Zebrafish
Zebrafish,68937-41-7,,1877,2640.0,19.8,uM,WT,Zebrafish
Zebrafish,68937-41-7,,1877,1992.0,19.8,uM,WT,Zebrafish
Zebrafish,21850-44-2,,1375,,4.0,uM,WT,Zebrafish
Zebrafish,79-94-7,,1882,467.0,4.0,uM,WT,Zebrafish
Zebrafish,79-94-7,,1882,441.0,4.0,uM,WT,Zebrafish
Zebrafish,26040-51-7,,357,1206.0,72.0,uM,WT,Zebrafish
Zebrafish,115-96-8,,1191,3151.0,85.0,uM,WT,Zebrafish
Zebrafish,13674-84-5,,500,3147.0,85.0,uM,WT,Zebrafish
Zebrafish,126-72-7,,2640,3149.0,3.0,uM,WT,Zebrafish
Zebrafish,115-86-6,,808,3138.0,8.0,uM,WT,Zebrafish
Zebrafish,126-71-6,,2179,3130.0,158.0,uM,WT,Zebrafish
