Chemical_ID,End_Point,X_vals,Y_vals,bmdrc.Endpoint.ID
571-58-4,MMP,0.0,100.0,571-58-4 MMP
571-58-4,MMP,0.4444,112.1463891010611,571-58-4 MMP
571-58-4,MMP,0.8889,115.50275322410246,571-58-4 MMP
571-58-4,MMP,1.3333,117.88037536718983,571-58-4 MMP
571-58-4,MMP,1.7778,119.78578486547022,571-58-4 MMP
571-58-4,MMP,2.2222,121.40209749531803,571-58-4 MMP
571-58-4,MMP,2.6667,122.820587049064,571-58-4 MMP
571-58-4,MMP,3.1111,124.09270695789012,571-58-4 MMP
571-58-4,MMP,3.5556,125.25211342034603,571-58-4 MMP
571-58-4,MMP,4.0,126.32076037353906,571-58-4 MMP
571-58-4,MMP,5.7778,129.95739931790573,571-58-4 MMP
571-58-4,MMP,7.5556,132.92360412199986,571-58-4 MMP
571-58-4,MMP,9.3333,135.46529499839556,571-58-4 MMP
571-58-4,MMP,11.1111,137.7097024556843,571-58-4 MMP
571-58-4,MMP,12.8889,139.7318442842805,571-58-4 MMP
571-58-4,MMP,14.6667,141.58037253415318,571-58-4 MMP
571-58-4,MMP,16.4444,143.2887182063596,571-58-4 MMP
571-58-4,MMP,18.2222,144.8812745631246,571-58-4 MMP
571-58-4,MMP,20.0,146.37605722726687,571-58-4 MMP
571-58-4,MMP,28.8889,152.78359564497637,571-58-4 MMP
571-58-4,MMP,37.7778,158.00987822378494,571-58-4 MMP
571-58-4,MMP,46.6667,162.48843148433343,571-58-4 MMP
571-58-4,MMP,55.5556,166.44292954143685,571-58-4 MMP
571-58-4,MMP,64.4444,170.00577687919605,571-58-4 MMP
571-58-4,MMP,73.3333,173.26277272871394,571-58-4 MMP
571-58-4,MMP,82.2222,176.2729405593625,571-58-4 MMP
571-58-4,MMP,91.1111,179.0789221904633,571-58-4 MMP
571-58-4,MMP,100.0,181.71263494761823,571-58-4 MMP
571-58-4,MMP,122.2222,187.69216783150526,571-58-4 MMP
571-58-4,MMP,144.4444,193.00242170519223,571-58-4 MMP
571-58-4,MMP,166.6667,197.80626159082635,571-58-4 MMP
571-58-4,MMP,188.8889,202.21091233002147,571-58-4 MMP
571-58-4,MMP,211.1111,206.291268244955,571-58-4 MMP
571-58-4,MMP,233.3333,210.10191800023924,571-58-4 MMP
571-58-4,MMP,255.5556,213.68405673463351,571-58-4 MMP
571-58-4,MMP,277.7778,217.06957847055438,571-58-4 MMP
571-58-4,MMP,300.0,220.2838148730495,571-58-4 MMP
91-57-6,MMP,0.0,100.0,91-57-6 MMP
91-57-6,MMP,0.4444,145.56621214448307,91-57-6 MMP
91-57-6,MMP,0.8889,148.49519007867437,91-57-6 MMP
91-57-6,MMP,1.3333,150.2945846808048,91-57-6 MMP
91-57-6,MMP,1.7778,151.61191974717187,91-57-6 MMP
91-57-6,MMP,2.2222,152.6571953654838,91-57-6 MMP
91-57-6,MMP,2.6667,153.52713973436576,91-57-6 MMP
91-57-6,MMP,3.1111,154.27369935334,91-57-6 MMP
91-57-6,MMP,3.5556,154.9289580196924,91-57-6 MMP
91-57-6,MMP,4.0,155.51336752867076,91-57-6 MMP
91-57-6,MMP,5.7778,157.37845646425302,91-57-6 MMP
91-57-6,MMP,7.5556,158.77849169867997,91-57-6 MMP
91-57-6,MMP,9.3333,159.9052377044853,91-57-6 MMP
91-57-6,MMP,11.1111,160.85122965902195,91-57-6 MMP
91-57-6,MMP,12.8889,161.66827435796918,91-57-6 MMP
91-57-6,MMP,14.6667,162.38850474933398,91-57-6 MMP
91-57-6,MMP,16.4444,163.03321487529,91-57-6 MMP
91-57-6,MMP,18.2222,163.61738062930232,91-57-6 MMP
91-57-6,MMP,20.0,164.15180149878714,91-57-6 MMP
91-57-6,MMP,28.8889,166.30709625932366,91-57-6 MMP
91-57-6,MMP,37.7778,167.92497925843242,91-57-6 MMP
91-57-6,MMP,46.6667,169.227117162764,91-57-6 MMP
91-57-6,MMP,55.5556,170.32029961906753,91-57-6 MMP
91-57-6,MMP,64.4444,171.2644633149161,91-57-6 MMP
91-57-6,MMP,73.3333,172.09676101035467,91-57-6 MMP
91-57-6,MMP,82.2222,172.84182805723324,91-57-6 MMP
91-57-6,MMP,91.1111,173.51688716093275,91-57-6 MMP
91-57-6,MMP,100.0,174.13446199988311,91-57-6 MMP
91-57-6,MMP,122.2222,175.48343881266413,91-57-6 MMP
91-57-6,MMP,144.4444,176.62513736637032,91-57-6 MMP
91-57-6,MMP,166.6667,177.6168583898275,91-57-6 MMP
91-57-6,MMP,188.8889,178.49478013813754,91-57-6 MMP
91-57-6,MMP,211.1111,179.2832708180445,91-57-6 MMP
91-57-6,MMP,233.3333,179.99954126712717,91-57-6 MMP
91-57-6,MMP,255.5556,180.65621736440505,91-57-6 MMP
91-57-6,MMP,277.7778,181.26283472696986,91-57-6 MMP
91-57-6,MMP,300.0,181.82678942307683,91-57-6 MMP
1576-67-6,LDH,0.0,100.0,1576-67-6 LDH
1576-67-6,LDH,0.4444,100.03014415609753,1576-67-6 LDH
1576-67-6,LDH,0.8889,100.07904591340416,1576-67-6 LDH
1576-67-6,LDH,1.3333,100.1389079048451,1576-67-6 LDH
1576-67-6,LDH,1.7778,100.20724676968165,1576-67-6 LDH
1576-67-6,LDH,2.2222,100.28264152626429,1576-67-6 LDH
1576-67-6,LDH,2.6667,100.36421510727469,1576-67-6 LDH
1576-67-6,LDH,3.1111,100.45127738911624,1576-67-6 LDH
1576-67-6,LDH,3.5556,100.54337057658972,1576-67-6 LDH
1576-67-6,LDH,4.0,100.64005986096947,1576-67-6 LDH
1576-67-6,LDH,5.7778,101.06733513177885,1576-67-6 LDH
1576-67-6,LDH,7.5556,101.54993378307836,1576-67-6 LDH
1576-67-6,LDH,9.3333,102.07932371971265,1576-67-6 LDH
1576-67-6,LDH,11.1111,102.64984144471615,1576-67-6 LDH
1576-67-6,LDH,12.8889,103.25728263419536,1576-67-6 LDH
1576-67-6,LDH,14.6667,103.89843579258734,1576-67-6 LDH
1576-67-6,LDH,16.4444,104.57069833965693,1576-67-6 LDH
1576-67-6,LDH,18.2222,105.27204103157236,1576-67-6 LDH
1576-67-6,LDH,20.0,106.00066077513947,1576-67-6 LDH
1576-67-6,LDH,28.8889,110.00638474670835,1576-67-6 LDH
1576-67-6,LDH,37.7778,114.53076337579057,1576-67-6 LDH
1576-67-6,LDH,46.6667,119.49409954509794,1576-67-6 LDH
1576-67-6,LDH,55.5556,124.84273798112108,1576-67-6 LDH
1576-67-6,LDH,64.4444,130.53746555959935,1576-67-6 LDH
1576-67-6,LDH,73.3333,136.5483034522672,1576-67-6 LDH
1576-67-6,LDH,82.2222,142.8511529738767,1576-67-6 LDH
1576-67-6,LDH,91.1111,149.4262803160127,1576-67-6 LDH
1576-67-6,LDH,100.0,156.25712833133676,1576-67-6 LDH
1576-67-6,LDH,122.2222,174.36478668992928,1576-67-6 LDH
1576-67-6,LDH,144.4444,193.8113234495376,1576-67-6 LDH
1576-67-6,LDH,166.6667,214.4662961035572,1576-67-6 LDH
1576-67-6,LDH,188.8889,236.22806700949104,1576-67-6 LDH
1576-67-6,LDH,211.1111,259.0151042499639,1576-67-6 LDH
1576-67-6,LDH,233.3333,282.7599982300489,1576-67-6 LDH
1576-67-6,LDH,255.5556,307.40603718892396,1576-67-6 LDH
1576-67-6,LDH,277.7778,332.9043003409687,1576-67-6 LDH
1576-67-6,LDH,300.0,359.2125911101988,1576-67-6 LDH
1705-85-7,MMP,0.0,100.0,1705-85-7 MMP
1705-85-7,MMP,1.1111,260.7088132582626,1705-85-7 MMP
1705-85-7,MMP,2.2222,278.92556860914135,1705-85-7 MMP
1705-85-7,MMP,3.3333,290.5244838846085,1705-85-7 MMP
1705-85-7,MMP,4.4444,299.207239808664,1705-85-7 MMP
1705-85-7,MMP,5.5556,306.2142671387779,1705-85-7 MMP
1705-85-7,MMP,6.6667,312.12141471869853,1705-85-7 MMP
1705-85-7,MMP,7.7778,317.2476725967782,1705-85-7 MMP
1705-85-7,MMP,8.8889,321.7882768752504,1705-85-7 MMP
1705-85-7,MMP,10.0,325.87208788202486,1705-85-7 MMP
1705-85-7,MMP,11.1111,329.5888620771416,1705-85-7 MMP
1705-85-7,MMP,12.2222,333.0037564493091,1705-85-7 MMP
1705-85-7,MMP,13.3333,336.1656456626175,1705-85-7 MMP
1705-85-7,MMP,14.4444,339.11218019003104,1705-85-7 MMP
1705-85-7,MMP,15.5556,341.8732523767958,1705-85-7 MMP
1705-85-7,MMP,16.6667,344.4721574526731,1705-85-7 MMP
1705-85-7,MMP,17.7778,346.92854577286585,1705-85-7 MMP
1705-85-7,MMP,18.8889,349.25844635223325,1705-85-7 MMP
1705-85-7,MMP,20.0,351.47526721063247,1705-85-7 MMP
1705-85-7,MMP,23.3333,357.55260323258824,1705-85-7 MMP
1705-85-7,MMP,26.6667,362.9357788574249,1705-85-7 MMP
1705-85-7,MMP,30.0,367.7772431715046,1705-85-7 MMP
1705-85-7,MMP,33.3333,372.18357578564854,1705-85-7 MMP
1705-85-7,MMP,36.6667,376.23213871050046,1705-85-7 MMP
1705-85-7,MMP,40.0,379.9806324528676,1705-85-7 MMP
1705-85-7,MMP,43.3333,383.4738187876179,1705-85-7 MMP
1705-85-7,MMP,46.6667,386.7469452551172,1705-85-7 MMP
1705-85-7,MMP,50.0,389.82802030383596,1705-85-7 MMP
1705-85-7,MMP,55.5556,394.59728538343666,1705-85-7 MMP
1705-85-7,MMP,61.1111,398.9791045309902,1705-85-7 MMP
1705-85-7,MMP,66.6667,403.03635122742463,1705-85-7 MMP
1705-85-7,MMP,72.2222,406.8171910660724,1705-85-7 MMP
1705-85-7,MMP,77.7778,410.35980865904224,1705-85-7 MMP
1705-85-7,MMP,83.3333,413.694603594186,1705-85-7 MMP
1705-85-7,MMP,88.8889,416.8465824028082,1705-85-7 MMP
1705-85-7,MMP,94.4444,419.83619967535043,1705-85-7 MMP
1705-85-7,MMP,100.0,422.68076828113476,1705-85-7 MMP
57-97-6,LDH,0.0,100.0,57-97-6 LDH
57-97-6,LDH,0.4444,100.0,57-97-6 LDH
57-97-6,LDH,0.8889,100.0,57-97-6 LDH
57-97-6,LDH,1.3333,100.0,57-97-6 LDH
57-97-6,LDH,1.7778,100.0,57-97-6 LDH
57-97-6,LDH,2.2222,100.0,57-97-6 LDH
57-97-6,LDH,2.6667,100.0,57-97-6 LDH
57-97-6,LDH,3.1111,100.0,57-97-6 LDH
57-97-6,LDH,3.5556,100.0,57-97-6 LDH
57-97-6,LDH,4.0,100.0,57-97-6 LDH
57-97-6,LDH,4.6667,100.0,57-97-6 LDH
57-97-6,LDH,5.3333,100.0,57-97-6 LDH
57-97-6,LDH,6.0,100.0,57-97-6 LDH
57-97-6,LDH,6.6667,100.00000000000206,57-97-6 LDH
57-97-6,LDH,7.3333,100.00000000107998,57-97-6 LDH
57-97-6,LDH,8.0,100.00000016524473,57-97-6 LDH
57-97-6,LDH,8.6667,100.00000937624839,57-97-6 LDH
57-97-6,LDH,9.3333,100.00023981870348,57-97-6 LDH
57-97-6,LDH,10.0,100.0032382145336,57-97-6 LDH
57-97-6,LDH,14.4444,111.1716750281854,57-97-6 LDH
57-97-6,LDH,18.8889,173.50168336360792,57-97-6 LDH
57-97-6,LDH,23.3333,213.633144658782,57-97-6 LDH
57-97-6,LDH,27.7778,225.6789414075264,57-97-6 LDH
57-97-6,LDH,32.2222,228.64166101251323,57-97-6 LDH
57-97-6,LDH,36.6667,229.33672440345285,57-97-6 LDH
57-97-6,LDH,41.1111,229.4979950006434,57-97-6 LDH
57-97-6,LDH,45.5556,229.5353201737241,57-97-6 LDH
57-97-6,LDH,50.0,229.54395332704644,57-97-6 LDH
57-97-6,LDH,55.5556,229.54613408780685,57-97-6 LDH
57-97-6,LDH,61.1111,229.54648381685644,57-97-6 LDH
57-97-6,LDH,66.6667,229.5465399050694,57-97-6 LDH
57-97-6,LDH,72.2222,229.54654889986202,57-97-6 LDH
57-97-6,LDH,77.7778,229.54655034241037,57-97-6 LDH
57-97-6,LDH,83.3333,229.5465505737499,57-97-6 LDH
57-97-6,LDH,88.8889,229.5465506108512,57-97-6 LDH
57-97-6,LDH,94.4444,229.54655061680108,57-97-6 LDH
57-97-6,LDH,100.0,229.5465506177553,57-97-6 LDH
57-97-6,MMP,0.0,100.0,57-97-6 MMP
57-97-6,MMP,0.4444,100.0,57-97-6 MMP
57-97-6,MMP,0.8889,100.0,57-97-6 MMP
57-97-6,MMP,1.3333,100.0,57-97-6 MMP
57-97-6,MMP,1.7778,100.0,57-97-6 MMP
57-97-6,MMP,2.2222,100.0,57-97-6 MMP
57-97-6,MMP,2.6667,100.0,57-97-6 MMP
57-97-6,MMP,3.1111,100.0,57-97-6 MMP
57-97-6,MMP,3.5556,100.0,57-97-6 MMP
57-97-6,MMP,4.0,100.0,57-97-6 MMP
57-97-6,MMP,4.6667,100.0,57-97-6 MMP
57-97-6,MMP,5.3333,100.0,57-97-6 MMP
57-97-6,MMP,6.0,100.0,57-97-6 MMP
57-97-6,MMP,6.6667,100.0,57-97-6 MMP
57-97-6,MMP,7.3333,100.00000000000288,57-97-6 MMP
57-97-6,MMP,8.0,100.00000000113756,57-97-6 MMP
57-97-6,MMP,8.6667,100.0000001409584,57-97-6 MMP
57-97-6,MMP,9.3333,100.00000686256348,57-97-6 MMP
57-97-6,MMP,10.0,100.00015747576643,57-97-6 MMP
57-97-6,MMP,14.4444,103.25500058306932,57-97-6 MMP
57-97-6,MMP,18.8889,134.64384709589012,57-97-6 MMP
57-97-6,MMP,23.3333,160.82232789775253,57-97-6 MMP
57-97-6,MMP,27.7778,169.54091946743358,57-97-6 MMP
57-97-6,MMP,32.2222,171.79368656862744,57-97-6 MMP
57-97-6,MMP,36.6667,172.34052241478196,57-97-6 MMP
57-97-6,MMP,41.1111,172.47127806398186,57-97-6 MMP
57-97-6,MMP,45.5556,172.50243346186247,57-97-6 MMP
57-97-6,MMP,50.0,172.5098502090952,57-97-6 MMP
57-97-6,MMP,55.5556,172.51178180662765,57-97-6 MMP
57-97-6,MMP,61.1111,172.51210290297786,57-97-6 MMP
57-97-6,MMP,66.6667,172.51215628169007,57-97-6 MMP
57-97-6,MMP,72.2222,172.51216515488983,57-97-6 MMP
57-97-6,MMP,77.7778,172.51216662995733,57-97-6 MMP
57-97-6,MMP,83.3333,172.51216687515927,57-97-6 MMP
57-97-6,MMP,88.8889,172.51216691592126,57-97-6 MMP
57-97-6,MMP,94.4444,172.51216692269716,57-97-6 MMP
57-97-6,MMP,100.0,172.5121669238236,57-97-6 MMP
120-12-7,MMP,0.0,100.0,120-12-7 MMP
120-12-7,MMP,1.1111,113.62413721402585,120-12-7 MMP
120-12-7,MMP,2.2222,117.49007106827253,120-12-7 MMP
120-12-7,MMP,3.3333,120.24183157008491,120-12-7 MMP
120-12-7,MMP,4.4444,122.45298775017486,120-12-7 MMP
120-12-7,MMP,5.5556,124.33327375769161,120-12-7 MMP
120-12-7,MMP,6.6667,125.98571791377307,120-12-7 MMP
120-12-7,MMP,7.7778,127.47009015009246,120-12-7 MMP
120-12-7,MMP,8.8889,128.82427983362018,120-12-7 MMP
120-12-7,MMP,10.0,130.07406747602744,120-12-7 MMP
120-12-7,MMP,11.1111,131.2378905417025,120-12-7 MMP
120-12-7,MMP,12.2222,132.32944921296576,120-12-7 MMP
120-12-7,MMP,13.3333,133.359237178935,120-12-7 MMP
120-12-7,MMP,14.4444,134.33549284926826,120-12-7 MMP
120-12-7,MMP,15.5556,135.26489945230074,120-12-7 MMP
120-12-7,MMP,16.6667,136.15267199790495,120-12-7 MMP
120-12-7,MMP,17.7778,137.0033488992454,120-12-7 MMP
120-12-7,MMP,18.8889,137.8206614877882,120-12-7 MMP
120-12-7,MMP,20.0,138.60777157515977,120-12-7 MMP
120-12-7,MMP,23.3333,140.81315906590925,120-12-7 MMP
120-12-7,MMP,26.6667,142.82518653147997,120-12-7 MMP
120-12-7,MMP,30.0,144.6820373953965,120-12-7 MMP
120-12-7,MMP,33.3333,146.41116784253572,120-12-7 MMP
120-12-7,MMP,36.6667,148.03297989548778,120-12-7 MMP
120-12-7,MMP,40.0,149.562967403324,120-12-7 MMP
120-12-7,MMP,43.3333,151.01342053482193,120-12-7 MMP
120-12-7,MMP,46.6667,152.3941878008952,120-12-7 MMP
120-12-7,MMP,50.0,153.71318260070979,120-12-7 MMP
120-12-7,MMP,55.5556,155.79184154112818,120-12-7 MMP
120-12-7,MMP,61.1111,157.74139578438127,120-12-7 MMP
120-12-7,MMP,66.6667,159.58065820717096,120-12-7 MMP
120-12-7,MMP,72.2222,161.32427677308291,120-12-7 MMP
120-12-7,MMP,77.7778,162.98410515649095,120-12-7 MMP
120-12-7,MMP,83.3333,164.56969595371783,120-12-7 MMP
120-12-7,MMP,88.8889,166.08905935497086,120-12-7 MMP
120-12-7,MMP,94.4444,167.5488050642387,120-12-7 MMP
120-12-7,MMP,100.0,168.95463295997683,120-12-7 MMP
56-55-3,CC,0.0,100.0,56-55-3 CC
56-55-3,CC,0.2222,100.0,56-55-3 CC
56-55-3,CC,0.4444,100.0,56-55-3 CC
56-55-3,CC,0.6667,100.0,56-55-3 CC
56-55-3,CC,0.8889,100.0,56-55-3 CC
56-55-3,CC,1.1111,100.0,56-55-3 CC
56-55-3,CC,1.3333,100.0,56-55-3 CC
56-55-3,CC,1.5556,100.0,56-55-3 CC
56-55-3,CC,1.7778,100.0,56-55-3 CC
56-55-3,CC,2.0,100.00000000000001,56-55-3 CC
56-55-3,CC,2.8889,100.00000000000017,56-55-3 CC
56-55-3,CC,3.7778,100.00000000000148,56-55-3 CC
56-55-3,CC,4.6667,100.00000000000801,56-55-3 CC
56-55-3,CC,5.5556,100.00000000003222,56-55-3 CC
56-55-3,CC,6.4444,100.00000000010525,56-55-3 CC
56-55-3,CC,7.3333,100.00000000029509,56-55-3 CC
56-55-3,CC,8.2222,100.00000000073516,56-55-3 CC
56-55-3,CC,9.1111,100.00000000166754,56-55-3 CC
56-55-3,CC,10.0,100.0000000035046,56-55-3 CC
56-55-3,CC,14.4444,100.00000006588462,56-55-3 CC
56-55-3,CC,18.8889,100.00000056017552,56-55-3 CC
56-55-3,CC,23.3333,100.00000302341199,56-55-3 CC
56-55-3,CC,27.7778,100.00001215163572,56-55-3 CC
56-55-3,CC,32.2222,100.0000397100847,56-55-3 CC
56-55-3,CC,36.6667,100.00011133236812,56-55-3 CC
56-55-3,CC,41.1111,100.00027736143707,56-55-3 CC
56-55-3,CC,45.5556,100.0006291355333,56-55-3 CC
56-55-3,CC,50.0,100.00132219828144,56-55-3 CC
56-55-3,CC,66.6667,100.01312528629227,56-55-3 CC
56-55-3,CC,83.3333,100.07785597203443,56-55-3 CC
56-55-3,CC,100.0,100.33345136089163,56-55-3 CC
56-55-3,CC,116.6667,101.14067348828615,56-55-3 CC
56-55-3,CC,133.3333,103.31010745423235,56-55-3 CC
56-55-3,CC,150.0,108.47145358687214,56-55-3 CC
56-55-3,CC,166.6667,119.63495526365543,56-55-3 CC
56-55-3,CC,183.3333,142.00255829979957,56-55-3 CC
56-55-3,CC,200.0,184.0946563317293,56-55-3 CC
56-55-3,DCFDA,0.0,100.0,56-55-3 DCFDA
56-55-3,DCFDA,1.1111,100.00001589118384,56-55-3 DCFDA
56-55-3,DCFDA,2.2222,100.00008753109563,56-55-3 DCFDA
56-55-3,DCFDA,3.3333,100.0002374778746,56-55-3 DCFDA
56-55-3,DCFDA,4.4444,100.00048213479762,56-55-3 DCFDA
56-55-3,DCFDA,5.5556,100.00083509985149,56-55-3 DCFDA
56-55-3,DCFDA,6.6667,100.00130811312121,56-55-3 DCFDA
56-55-3,DCFDA,7.7778,100.00191177665816,56-55-3 DCFDA
56-55-3,DCFDA,8.8889,100.00265574649538,56-55-3 DCFDA
56-55-3,DCFDA,10.0,100.00354895706666,56-55-3 DCFDA
56-55-3,DCFDA,14.4444,100.00877429242318,56-55-3 DCFDA
56-55-3,DCFDA,18.8889,100.01698253516,56-55-3 DCFDA
56-55-3,DCFDA,23.3333,100.0285692917954,56-55-3 DCFDA
56-55-3,DCFDA,27.7778,100.04388272832604,56-55-3 DCFDA
56-55-3,DCFDA,32.2222,100.06323533422787,56-55-3 DCFDA
56-55-3,DCFDA,36.6667,100.0869150115153,56-55-3 DCFDA
56-55-3,DCFDA,41.1111,100.11518699318916,56-55-3 DCFDA
56-55-3,DCFDA,45.5556,100.14830191888153,56-55-3 DCFDA
56-55-3,DCFDA,50.0,100.18649348185411,56-55-3 DCFDA
56-55-3,DCFDA,66.6667,100.37862520012635,56-55-3 DCFDA
56-55-3,DCFDA,83.3333,100.65578161952877,56-55-3 DCFDA
56-55-3,DCFDA,100.0,101.02723490986605,56-55-3 DCFDA
56-55-3,DCFDA,116.6667,101.50128871221578,56-55-3 DCFDA
56-55-3,DCFDA,133.3333,102.08552224674163,56-55-3 DCFDA
56-55-3,DCFDA,150.0,102.78695886706403,56-55-3 DCFDA
56-55-3,DCFDA,166.6667,103.61215180853169,56-55-3 DCFDA
56-55-3,DCFDA,183.3333,104.56726843732007,56-55-3 DCFDA
56-55-3,DCFDA,200.0,105.6581685834626,56-55-3 DCFDA
56-55-3,DCFDA,222.2222,107.33349495404772,56-55-3 DCFDA
56-55-3,DCFDA,244.4444,109.27260717396553,56-55-3 DCFDA
56-55-3,DCFDA,266.6667,111.48738933612707,56-55-3 DCFDA
56-55-3,DCFDA,288.8889,113.98912568560968,56-55-3 DCFDA
56-55-3,DCFDA,311.1111,116.78863210914065,56-55-3 DCFDA
56-55-3,DCFDA,333.3333,119.89627551834046,56-55-3 DCFDA
56-55-3,DCFDA,355.5556,123.32204691494078,56-55-3 DCFDA
56-55-3,DCFDA,377.7778,127.0755379347749,56-55-3 DCFDA
56-55-3,DCFDA,400.0,131.16606670139134,56-55-3 DCFDA
56-55-3,LDH,0.0,100.0,56-55-3 LDH
56-55-3,LDH,1.1111,100.04498944945867,56-55-3 LDH
56-55-3,LDH,2.2222,100.11873674145487,56-55-3 LDH
56-55-3,LDH,3.3333,100.20947484273195,56-55-3 LDH
56-55-3,LDH,4.4444,100.3133715557971,56-55-3 LDH
56-55-3,LDH,5.5556,100.4283068150383,56-55-3 LDH
56-55-3,LDH,6.6667,100.55286034633939,56-55-3 LDH
56-55-3,LDH,7.7778,100.68603592946127,56-55-3 LDH
56-55-3,LDH,8.8889,100.82706732216796,56-55-3 LDH
56-55-3,LDH,10.0,100.97534698993147,56-55-3 LDH
56-55-3,LDH,14.4444,101.63213348230882,56-55-3 LDH
56-55-3,LDH,18.8889,102.37617411094172,56-55-3 LDH
56-55-3,LDH,23.3333,103.19422459831536,56-55-3 LDH
56-55-3,LDH,27.7778,104.07740609485563,56-55-3 LDH
56-55-3,LDH,32.2222,105.01916179975089,56-55-3 LDH
56-55-3,LDH,36.6667,106.01451395224579,56-55-3 LDH
56-55-3,LDH,41.1111,107.05940460971024,56-55-3 LDH
56-55-3,LDH,45.5556,108.15058205171302,56-55-3 LDH
56-55-3,LDH,50.0,109.28522664555594,56-55-3 LDH
56-55-3,LDH,66.6667,113.8905842766764,56-55-3 LDH
56-55-3,LDH,83.3333,118.98473032523367,56-55-3 LDH
56-55-3,LDH,100.0,124.50569119713103,56-55-3 LDH
56-55-3,LDH,116.6667,130.40883997775808,56-55-3 LDH
56-55-3,LDH,133.3333,136.66017259248025,56-55-3 LDH
56-55-3,LDH,150.0,143.2328338024005,56-55-3 LDH
56-55-3,LDH,166.6667,150.10478983412423,56-55-3 LDH
56-55-3,LDH,183.3333,157.2576124058669,56-55-3 LDH
56-55-3,LDH,200.0,164.67573964245318,56-55-3 LDH
56-55-3,LDH,222.2222,174.95606223319652,56-55-3 LDH
56-55-3,LDH,244.4444,185.65662036951005,56-55-3 LDH
56-55-3,LDH,266.6667,196.75405617614163,56-55-3 LDH
56-55-3,LDH,288.8889,208.22804775320887,56-55-3 LDH
56-55-3,LDH,311.1111,220.06095844386127,56-55-3 LDH
56-55-3,LDH,333.3333,232.23715890901133,56-55-3 LDH
56-55-3,LDH,355.5556,244.742770626615,56-55-3 LDH
56-55-3,LDH,377.7778,257.5651596996306,56-55-3 LDH
56-55-3,LDH,400.0,270.6930551213386,56-55-3 LDH
50-32-8,CC,0.0,100.0,50-32-8 CC
50-32-8,CC,0.0022,101.58256180457157,50-32-8 CC
50-32-8,CC,0.0044,102.78608628659413,50-32-8 CC
50-32-8,CC,0.0067,103.91852154080227,50-32-8 CC
50-32-8,CC,0.0089,104.9271544718418,50-32-8 CC
50-32-8,CC,0.0111,105.8828791895915,50-32-8 CC
50-32-8,CC,0.0133,106.79686374336465,50-32-8 CC
50-32-8,CC,0.0156,107.71557789823005,50-32-8 CC
50-32-8,CC,0.0178,108.56434559692416,50-32-8 CC
50-32-8,CC,0.02,109.38753148886761,50-32-8 CC
50-32-8,CC,0.04,116.0364947867305,50-32-8 CC
50-32-8,CC,0.06,121.68691505968371,50-32-8 CC
50-32-8,CC,0.08,126.67317603851778,50-32-8 CC
50-32-8,CC,0.1,131.15630095332023,50-32-8 CC
50-32-8,CC,0.12,135.2334941520418,50-32-8 CC
50-32-8,CC,0.14,138.970769301218,50-32-8 CC
50-32-8,CC,0.16,142.41634668521323,50-32-8 CC
50-32-8,CC,0.18,145.60723438285856,50-32-8 CC
50-32-8,CC,0.2,148.572864720268,50-32-8 CC
50-32-8,CC,0.4,169.70083497545176,50-32-8 CC
50-32-8,CC,0.6,181.7136716325801,50-32-8 CC
50-32-8,CC,0.8,189.02392434920267,50-32-8 CC
50-32-8,CC,1.0,193.6440992941715,50-32-8 CC
50-32-8,CC,1.2,196.63921770487684,50-32-8 CC
50-32-8,CC,1.4,198.61759671802227,50-32-8 CC
50-32-8,CC,1.6,199.9436939936918,50-32-8 CC
50-32-8,CC,1.8,200.8432527182086,50-32-8 CC
50-32-8,CC,2.0,201.4596103868745,50-32-8 CC
50-32-8,CC,2.8889,202.58713597986656,50-32-8 CC
50-32-8,CC,3.7778,202.8301722620832,50-32-8 CC
50-32-8,CC,4.6667,202.88724978710025,50-32-8 CC
50-32-8,CC,5.5556,202.90150618620854,50-32-8 CC
50-32-8,CC,6.4444,202.9052404246146,50-32-8 CC
50-32-8,CC,7.3333,202.9062572267314,50-32-8 CC
50-32-8,CC,8.2222,202.90654309727734,50-32-8 CC
50-32-8,CC,9.1111,202.90662571503168,50-32-8 CC
50-32-8,CC,10.0,202.9066501724418,50-32-8 CC
50-32-8,DCFDA,0.0,100.0,50-32-8 DCFDA
50-32-8,DCFDA,0.2222,105.98040818062175,50-32-8 DCFDA
50-32-8,DCFDA,0.4444,111.67812845808271,50-32-8 DCFDA
50-32-8,DCFDA,0.6667,117.10890753081446,50-32-8 DCFDA
50-32-8,DCFDA,0.8889,122.2805947932003,50-32-8 DCFDA
50-32-8,DCFDA,1.1111,127.20782158000446,50-32-8 DCFDA
50-32-8,DCFDA,1.3333,131.90214329299232,50-32-8 DCFDA
50-32-8,DCFDA,1.5556,136.37653355402585,50-32-8 DCFDA
50-32-8,DCFDA,1.7778,140.63745943777587,50-32-8 DCFDA
50-32-8,DCFDA,2.0,144.69697562385608,50-32-8 DCFDA
50-32-8,DCFDA,2.8889,159.10619748309898,50-32-8 DCFDA
50-32-8,DCFDA,3.7778,170.97787944486174,50-32-8 DCFDA
50-32-8,DCFDA,4.6667,180.75889565642342,50-32-8 DCFDA
50-32-8,DCFDA,5.5556,188.81742337296504,50-32-8 DCFDA
50-32-8,DCFDA,6.4444,195.45612497658271,50-32-8 DCFDA
50-32-8,DCFDA,7.3333,200.926393164148,50-32-8 DCFDA
50-32-8,DCFDA,8.2222,205.43331829880867,50-32-8 DCFDA
50-32-8,DCFDA,9.1111,209.1465501684287,50-32-8 DCFDA
50-32-8,DCFDA,10.0,212.2058623392753,50-32-8 DCFDA
50-32-8,DCFDA,20.0,224.89944709263534,50-32-8 DCFDA
50-32-8,DCFDA,30.0,226.33544241882905,50-32-8 DCFDA
50-32-8,DCFDA,40.0,226.49789318564683,50-32-8 DCFDA
50-32-8,DCFDA,50.0,226.51627085802386,50-32-8 DCFDA
50-32-8,DCFDA,60.0,226.51834988078633,50-32-8 DCFDA
50-32-8,DCFDA,70.0,226.5185850757315,50-32-8 DCFDA
50-32-8,DCFDA,80.0,226.5186116827813,50-32-8 DCFDA
50-32-8,DCFDA,90.0,226.51861469277418,50-32-8 DCFDA
50-32-8,DCFDA,100.0,226.51861503328757,50-32-8 DCFDA
50-32-8,DCFDA,122.2222,226.51861507638023,50-32-8 DCFDA
50-32-8,DCFDA,144.4444,226.51861507672004,50-32-8 DCFDA
50-32-8,DCFDA,166.6667,226.5186150767227,50-32-8 DCFDA
50-32-8,DCFDA,188.8889,226.51861507672277,50-32-8 DCFDA
50-32-8,DCFDA,211.1111,226.51861507672277,50-32-8 DCFDA
50-32-8,DCFDA,233.3333,226.51861507672277,50-32-8 DCFDA
50-32-8,DCFDA,255.5556,226.51861507672277,50-32-8 DCFDA
50-32-8,DCFDA,277.7778,226.51861507672277,50-32-8 DCFDA
50-32-8,DCFDA,300.0,226.51861507672277,50-32-8 DCFDA
50-32-8,LDH,0.0,100.0,50-32-8 LDH
50-32-8,LDH,0.2222,155.9155928213253,50-32-8 LDH
50-32-8,LDH,0.4444,156.92498036622084,50-32-8 LDH
50-32-8,LDH,0.6667,157.9391579324439,50-32-8 LDH
50-32-8,LDH,0.8889,158.9569892531454,50-32-8 LDH
50-32-8,LDH,1.1111,159.97870623934924,50-32-8 LDH
50-32-8,LDH,1.3333,161.00408608514329,50-32-8 LDH
50-32-8,LDH,1.5556,162.0333704361396,50-32-8 LDH
50-32-8,LDH,1.7778,163.06541190627732,50-32-8 LDH
50-32-8,LDH,2.0,164.100452463541,50-32-8 LDH
50-32-8,LDH,12.8889,214.46438552649613,50-32-8 LDH
50-32-8,LDH,23.7778,254.41687982436864,50-32-8 LDH
50-32-8,LDH,34.6667,280.2329720555393,50-32-8 LDH
50-32-8,LDH,45.5556,295.21016181242146,50-32-8 LDH
50-32-8,LDH,56.4444,303.42465392808447,50-32-8 LDH
50-32-8,LDH,67.3333,307.80077246884923,50-32-8 LDH
50-32-8,LDH,78.2222,310.09715613024787,50-32-8 LDH
50-32-8,LDH,89.1111,311.2928355123613,50-32-8 LDH
50-32-8,LDH,100.0,311.9128987886255,50-32-8 LDH
50-32-8,LDH,122.2222,312.40438679222996,50-32-8 LDH
50-32-8,LDH,144.4444,312.5321299337355,50-32-8 LDH
50-32-8,LDH,166.6667,312.5652960111322,50-32-8 LDH
50-32-8,LDH,188.8889,312.57390444974055,50-32-8 LDH
50-32-8,LDH,211.1111,312.5761386732765,50-32-8 LDH
50-32-8,LDH,233.3333,312.5767185299461,50-32-8 LDH
50-32-8,LDH,255.5556,312.57686902197133,50-32-8 LDH
50-32-8,LDH,277.7778,312.57690807918704,50-32-8 LDH
50-32-8,LDH,300.0,312.57691821579124,50-32-8 LDH
50-32-8,MMP,0.0,100.0,50-32-8 MMP
50-32-8,MMP,0.2222,163.19479249662064,50-32-8 MMP
50-32-8,MMP,0.4444,173.00957836776047,50-32-8 MMP
50-32-8,MMP,0.6667,179.2527219032957,50-32-8 MMP
50-32-8,MMP,0.8889,183.90328561969406,50-32-8 MMP
50-32-8,MMP,1.1111,187.63693665722332,50-32-8 MMP
50-32-8,MMP,1.3333,190.76848389178804,50-32-8 MMP
50-32-8,MMP,1.5556,193.47331698459217,50-32-8 MMP
50-32-8,MMP,1.7778,195.85614050902197,50-32-8 MMP
50-32-8,MMP,2.0,197.98902767642244,50-32-8 MMP
50-32-8,MMP,2.8889,204.83140329535684,50-32-8 MMP
50-32-8,MMP,3.7778,209.99111398037525,50-32-8 MMP
50-32-8,MMP,4.6667,214.15017318769947,50-32-8 MMP
50-32-8,MMP,5.5556,217.64182758972748,50-32-8 MMP
50-32-8,MMP,6.4444,220.65466589172934,50-32-8 MMP
50-32-8,MMP,7.3333,223.30721495831003,50-32-8 MMP
50-32-8,MMP,8.2222,225.6777784187482,50-32-8 MMP
50-32-8,MMP,9.1111,227.82156768718812,50-32-8 MMP
50-32-8,MMP,10.0,229.77887144487167,50-32-8 MMP
50-32-8,MMP,20.0,244.70169777990725,50-32-8 MMP
50-32-8,MMP,30.0,253.66042595122843,50-32-8 MMP
50-32-8,MMP,40.0,260.0881745451102,50-32-8 MMP
50-32-8,MMP,50.0,265.10222494346135,50-32-8 MMP
50-32-8,MMP,60.0,269.2110448483156,50-32-8 MMP
50-32-8,MMP,70.0,272.6898290029126,50-32-8 MMP
50-32-8,MMP,80.0,275.7045960149542,50-32-8 MMP
50-32-8,MMP,90.0,278.3633057764707,50-32-8 MMP
50-32-8,MMP,100.0,280.74014834883906,50-32-8 MMP
50-32-8,MMP,122.2222,285.2600408552777,50-32-8 MMP
50-32-8,MMP,144.4444,289.0120720328947,50-32-8 MMP
50-32-8,MMP,166.6667,292.21561171891665,50-32-8 MMP
50-32-8,MMP,188.8889,295.0078394042155,50-32-8 MMP
50-32-8,MMP,211.1111,297.4803190040655,50-32-8 MMP
50-32-8,MMP,233.3333,299.69717819792527,50-32-8 MMP
50-32-8,MMP,255.5556,301.70508645822645,50-32-8 MMP
50-32-8,MMP,277.7778,303.5390314630115,50-32-8 MMP
50-32-8,MMP,300.0,305.22595295656436,50-32-8 MMP
218-01-9,MMP,0.0,100.0,218-01-9 MMP
218-01-9,MMP,1.1111,123.01113812905665,218-01-9 MMP
218-01-9,MMP,2.2222,128.99979480345286,218-01-9 MMP
218-01-9,MMP,3.3333,133.2015531955578,218-01-9 MMP
218-01-9,MMP,4.4444,136.5470014531979,218-01-9 MMP
218-01-9,MMP,5.5556,139.37261259918185,218-01-9 MMP
218-01-9,MMP,6.6667,141.84247837231774,218-01-9 MMP
218-01-9,MMP,7.7778,144.05121855198593,218-01-9 MMP
218-01-9,MMP,8.8889,146.05854416494128,218-01-9 MMP
218-01-9,MMP,10.0,147.9049235666955,218-01-9 MMP
218-01-9,MMP,11.1111,149.6191996501094,218-01-9 MMP
218-01-9,MMP,12.2222,151.2227397447508,218-01-9 MMP
218-01-9,MMP,13.3333,152.73186589372474,218-01-9 MMP
218-01-9,MMP,14.4444,154.15936079018093,218-01-9 MMP
218-01-9,MMP,15.5556,155.5155634495345,218-01-9 MMP
218-01-9,MMP,16.6667,156.8085449282487,218-01-9 MMP
218-01-9,MMP,17.7778,158.04529624905712,218-01-9 MMP
218-01-9,MMP,18.8889,159.2315606284848,218-01-9 MMP
218-01-9,MMP,20.0,160.37219653012502,218-01-9 MMP
218-01-9,MMP,23.3333,163.55908065632642,218-01-9 MMP
218-01-9,MMP,26.6667,166.455435434168,218-01-9 MMP
218-01-9,MMP,30.0,169.1194785415846,218-01-9 MMP
218-01-9,MMP,33.3333,171.59291676337642,218-01-9 MMP
218-01-9,MMP,36.6667,173.90664715222908,218-01-9 MMP
218-01-9,MMP,40.0,176.08408160379543,218-01-9 MMP
218-01-9,MMP,43.3333,178.1437351341239,218-01-9 MMP
218-01-9,MMP,46.6667,180.10041070779639,218-01-9 MMP
218-01-9,MMP,50.0,181.96598781761304,218-01-9 MMP
218-01-9,MMP,55.5556,184.89918894017742,218-01-9 MMP
218-01-9,MMP,61.1111,187.64286511706746,218-01-9 MMP
218-01-9,MMP,66.6667,190.22504333071475,218-01-9 MMP
218-01-9,MMP,72.2222,192.66750218163705,218-01-9 MMP
218-01-9,MMP,77.7778,194.98781657215193,218-01-9 MMP
218-01-9,MMP,83.3333,197.20012945514338,218-01-9 MMP
218-01-9,MMP,88.8889,199.3162686592555,218-01-9 MMP
218-01-9,MMP,94.4444,201.345984921061,218-01-9 MMP
218-01-9,MMP,100.0,203.29766455886903,218-01-9 MMP
53-70-3,CC,0.0,100.0,53-70-3 CC
53-70-3,CC,0.0022,125.21543871819244,53-70-3 CC
53-70-3,CC,0.0044,125.23304326306305,53-70-3 CC
53-70-3,CC,0.0067,125.25146128321632,53-70-3 CC
53-70-3,CC,0.0089,125.2690912208517,53-70-3 CC
53-70-3,CC,0.0111,125.2867335861798,53-70-3 CC
53-70-3,CC,0.0133,125.30438838804551,53-70-3 CC
53-70-3,CC,0.0156,125.32285898784144,53-70-3 CC
53-70-3,CC,0.0178,125.34053925564965,53-70-3 CC
53-70-3,CC,0.02,125.35823198696694,53-70-3 CC
53-70-3,CC,0.04,125.51964817845119,53-70-3 CC
53-70-3,CC,0.06,125.68210183640896,53-70-3 CC
53-70-3,CC,0.08,125.84559969247593,53-70-3 CC
53-70-3,CC,0.1,126.01014852237176,53-70-3 CC
53-70-3,CC,0.12,126.17575514619674,53-70-3 CC
53-70-3,CC,0.14,126.34242642872123,53-70-3 CC
53-70-3,CC,0.16,126.51016927968408,53-70-3 CC
53-70-3,CC,0.18,126.67899065408643,53-70-3 CC
53-70-3,CC,0.2,126.84889755249554,53-70-3 CC
53-70-3,CC,0.4,128.60924366839492,53-70-3 CC
53-70-3,CC,0.6,130.48619297657945,53-70-3 CC
53-70-3,CC,0.8,132.48754702835782,53-70-3 CC
53-70-3,CC,1.0,134.6216345205729,53-70-3 CC
53-70-3,CC,1.2,136.89734726086118,53-70-3 CC
53-70-3,CC,1.4,139.3241786101497,53-70-3 CC
53-70-3,CC,1.6,141.91226457460917,53-70-3 CC
53-70-3,CC,1.8,144.67242773138406,53-70-3 CC
53-70-3,CC,2.0,147.61622418535615,53-70-3 CC
53-70-3,CC,2.3333,152.96395447066018,53-70-3 CC
53-70-3,CC,2.6667,158.920571885514,53-70-3 CC
53-70-3,CC,3.0,165.55214176915717,53-70-3 CC
53-70-3,CC,3.3333,172.93804610681437,53-70-3 CC
53-70-3,CC,3.6667,181.1675902071222,53-70-3 CC
53-70-3,CC,4.0,190.3326320264987,53-70-3 CC
53-70-3,CC,4.3333,200.54352992556062,53-70-3 CC
53-70-3,CC,4.6667,211.92447570532033,53-70-3 CC
53-70-3,CC,5.0,224.60331492061985,53-70-3 CC
53-70-3,LDH,0.0,100.0,53-70-3 LDH
53-70-3,LDH,0.0222,100.89609571991303,53-70-3 LDH
53-70-3,LDH,0.0444,101.63132779303069,53-70-3 LDH
53-70-3,LDH,0.0667,102.31901721052783,53-70-3 LDH
53-70-3,LDH,0.0889,102.97269631065419,53-70-3 LDH
53-70-3,LDH,0.1111,103.60435482752253,53-70-3 LDH
53-70-3,LDH,0.1333,104.21899792332857,53-70-3 LDH
53-70-3,LDH,0.1556,104.82251934991812,53-70-3 LDH
53-70-3,LDH,0.1778,105.4117456473072,53-70-3 LDH
53-70-3,LDH,0.2,105.99104671539534,53-70-3 LDH
53-70-3,LDH,0.4,110.90660383593638,53-70-3 LDH
53-70-3,LDH,0.6,115.48421092158594,53-70-3 LDH
53-70-3,LDH,0.8,119.85529622534628,53-70-3 LDH
53-70-3,LDH,1.0,124.07896536497068,53-70-3 LDH
53-70-3,LDH,1.2,128.1887560315365,53-70-3 LDH
53-70-3,LDH,1.4,132.20620036975657,53-70-3 LDH
53-70-3,LDH,1.6,136.1462462675397,53-70-3 LDH
53-70-3,LDH,1.8,140.0198494944201,53-70-3 LDH
53-70-3,LDH,2.0,143.83536775637356,53-70-3 LDH
53-70-3,LDH,2.3333,150.08213927109895,53-70-3 LDH
53-70-3,LDH,2.6667,156.21039520745643,53-70-3 LDH
53-70-3,LDH,3.0,162.23349544690794,53-70-3 LDH
53-70-3,LDH,3.3333,168.16628785917925,53-70-3 LDH
53-70-3,LDH,3.6667,174.02073900248297,53-70-3 LDH
53-70-3,LDH,4.0,179.801579395596,53-70-3 LDH
53-70-3,LDH,4.3333,185.51735318518604,53-70-3 LDH
53-70-3,LDH,4.6667,191.17541476780076,53-70-3 LDH
53-70-3,LDH,5.0,196.7771744389073,53-70-3 LDH
53-70-3,LDH,5.5556,206.00470563928997,53-70-3 LDH
53-70-3,LDH,6.1111,215.1060273103721,53-70-3 LDH
53-70-3,LDH,6.6667,224.09723557812157,53-70-3 LDH
53-70-3,LDH,7.2222,232.98563358070282,53-70-3 LDH
53-70-3,LDH,7.7778,241.78323539938407,53-70-3 LDH
53-70-3,LDH,8.3333,250.4943446414582,53-70-3 LDH
53-70-3,LDH,8.8889,259.1285083477692,53-70-3 LDH
53-70-3,LDH,9.4444,267.6881740439989,53-70-3 LDH
53-70-3,LDH,10.0,276.18128385714306,53-70-3 LDH
53-70-3,MMP,0.0,100.0,53-70-3 MMP
53-70-3,MMP,0.0222,131.2756708802436,53-70-3 MMP
53-70-3,MMP,0.0444,134.5281689815202,53-70-3 MMP
53-70-3,MMP,0.0667,136.59321669910247,53-70-3 MMP
53-70-3,MMP,0.0889,138.12503313366832,53-70-3 MMP
53-70-3,MMP,0.1111,139.3575938248826,53-70-3 MMP
53-70-3,MMP,0.1333,140.3943864777553,53-70-3 MMP
53-70-3,MMP,0.1556,141.2961666450463,53-70-3 MMP
53-70-3,MMP,0.1778,142.0898273135653,53-70-3 MMP
53-70-3,MMP,0.2,142.80263925014884,53-70-3 MMP
53-70-3,MMP,0.4,147.2538787910623,53-70-3 MMP
53-70-3,MMP,0.6,150.06929732260238,53-70-3 MMP
53-70-3,MMP,0.8,152.16802281164576,53-70-3 MMP
53-70-3,MMP,1.0,153.85631493406854,53-70-3 MMP
53-70-3,MMP,1.2,155.2762294168037,53-70-3 MMP
53-70-3,MMP,1.4,156.50591693498745,53-70-3 MMP
53-70-3,MMP,1.6,157.5932108369301,53-70-3 MMP
53-70-3,MMP,1.8,158.5696251048454,53-70-3 MMP
53-70-3,MMP,2.0,159.45707607315137,53-70-3 MMP
53-70-3,MMP,2.3333,160.77964771958398,53-70-3 MMP
53-70-3,MMP,2.6667,161.94941412745808,53-70-3 MMP
53-70-3,MMP,3.0,162.99956947454382,53-70-3 MMP
53-70-3,MMP,3.3333,163.95405197908283,53-70-3 MMP
53-70-3,MMP,3.6667,164.83019845971864,53-70-3 MMP
53-70-3,MMP,4.0,165.6402856284591,53-70-3 MMP
53-70-3,MMP,4.3333,166.39443584342692,53-70-3 MMP
53-70-3,MMP,4.6667,167.10060269852977,53-70-3 MMP
53-70-3,MMP,5.0,167.76457501431963,53-70-3 MMP
53-70-3,MMP,5.5556,168.79142704308424,53-70-3 MMP
53-70-3,MMP,6.1111,169.73355600375442,53-70-3 MMP
53-70-3,MMP,6.6667,170.60507351030293,53-70-3 MMP
53-70-3,MMP,7.2222,171.41626093177882,53-70-3 MMP
53-70-3,MMP,7.7778,172.17574789042808,53-70-3 MMP
53-70-3,MMP,8.3333,172.88994263653098,53-70-3 MMP
53-70-3,MMP,8.8889,173.56454575908649,53-70-3 MMP
53-70-3,MMP,9.4444,174.2038086550225,53-70-3 MMP
53-70-3,MMP,10.0,174.81171886014891,53-70-3 MMP
91-20-3,DCFDA,0.0,100.0,91-20-3 DCFDA
91-20-3,DCFDA,0.4444,100.86703828073396,91-20-3 DCFDA
91-20-3,DCFDA,0.8889,101.21857704962277,91-20-3 DCFDA
91-20-3,DCFDA,1.3333,101.48695229706253,91-20-3 DCFDA
91-20-3,DCFDA,1.7778,101.71255184694435,91-20-3 DCFDA
91-20-3,DCFDA,2.2222,101.91080742659064,91-20-3 DCFDA
91-20-3,DCFDA,2.6667,102.08975689023981,91-20-3 DCFDA
91-20-3,DCFDA,3.1111,102.25403096719192,91-20-3 DCFDA
91-20-3,DCFDA,3.5556,102.40676929651715,91-20-3 DCFDA
91-20-3,DCFDA,4.0,102.55002910895122,91-20-3 DCFDA
91-20-3,DCFDA,5.7778,103.05457728213824,91-20-3 DCFDA
91-20-3,DCFDA,7.5556,103.48457633655588,91-20-3 DCFDA
91-20-3,DCFDA,9.3333,103.865473049867,91-20-3 DCFDA
91-20-3,DCFDA,11.1111,104.21093266606032,91-20-3 DCFDA
91-20-3,DCFDA,12.8889,104.52922980087138,91-20-3 DCFDA
91-20-3,DCFDA,14.6667,104.82586078555886,91-20-3 DCFDA
91-20-3,DCFDA,16.4444,105.10467333917889,91-20-3 DCFDA
91-20-3,DCFDA,18.2222,105.36853610884872,91-20-3 DCFDA
91-20-3,DCFDA,20.0,105.61958954015486,91-20-3 DCFDA
91-20-3,DCFDA,28.8889,106.73146879476478,91-20-3 DCFDA
91-20-3,DCFDA,37.7778,107.6790644342239,91-20-3 DCFDA
91-20-3,DCFDA,46.6667,108.5184979058025,91-20-3 DCFDA
91-20-3,DCFDA,55.5556,109.27978978487066,91-20-3 DCFDA
91-20-3,DCFDA,64.4444,109.98121665923787,91-20-3 DCFDA
91-20-3,DCFDA,73.3333,110.63490623931773,91-20-3 DCFDA
91-20-3,DCFDA,82.2222,111.24936302069912,91-20-3 DCFDA
91-20-3,DCFDA,91.1111,111.83083970054561,91-20-3 DCFDA
91-20-3,DCFDA,100.0,112.3840886713666,91-20-3 DCFDA
91-20-3,DCFDA,122.2222,113.66628299460893,91-20-3 DCFDA
91-20-3,DCFDA,144.4444,114.83437135631864,91-20-3 DCFDA
91-20-3,DCFDA,166.6667,115.91405232559178,91-20-3 DCFDA
91-20-3,DCFDA,188.8889,116.92262210071002,91-20-3 DCFDA
91-20-3,DCFDA,211.1111,117.87239787933888,91-20-3 DCFDA
91-20-3,DCFDA,233.3333,118.77250789674123,91-20-3 DCFDA
91-20-3,DCFDA,255.5556,119.62994528747242,91-20-3 DCFDA
91-20-3,DCFDA,277.7778,120.45019446764191,91-20-3 DCFDA
91-20-3,DCFDA,300.0,121.23766785066307,91-20-3 DCFDA
85-01-8,LDH,0.0,100.0,85-01-8 LDH
85-01-8,LDH,0.2222,200.42246733424935,85-01-8 LDH
85-01-8,LDH,0.4444,200.74047061590954,85-01-8 LDH
85-01-8,LDH,0.6667,200.92702628183247,85-01-8 LDH
85-01-8,LDH,0.8889,201.05953276473016,85-01-8 LDH
85-01-8,LDH,1.1111,201.1624356083463,85-01-8 LDH
85-01-8,LDH,1.3333,201.2465926917024,85-01-8 LDH
85-01-8,LDH,1.5556,201.31783172799135,85-01-8 LDH
85-01-8,LDH,1.7778,201.37955341265211,85-01-8 LDH
85-01-8,LDH,2.0,201.43402778143317,85-01-8 LDH
85-01-8,LDH,2.8889,201.60430788867046,85-01-8 LDH
85-01-8,LDH,3.7778,201.72871123375808,85-01-8 LDH
85-01-8,LDH,4.6667,201.82680968772937,85-01-8 LDH
85-01-8,LDH,5.5556,201.90782290769292,85-01-8 LDH
85-01-8,LDH,6.4444,201.97682970991553,85-01-8 LDH
85-01-8,LDH,7.3333,202.03695094205813,85-01-8 LDH
85-01-8,LDH,8.2222,202.09021468007415,85-01-8 LDH
85-01-8,LDH,9.1111,202.13802890611845,85-01-8 LDH
85-01-8,LDH,10.0,202.18140784279913,85-01-8 LDH
85-01-8,LDH,14.4444,202.35293936548885,85-01-8 LDH
85-01-8,LDH,18.8889,202.47826008925102,85-01-8 LDH
85-01-8,LDH,23.3333,202.57707981052414,85-01-8 LDH
85-01-8,LDH,27.7778,202.65869058618307,85-01-8 LDH
85-01-8,LDH,32.2222,202.7282121199845,85-01-8 LDH
85-01-8,LDH,36.6667,202.78877598271745,85-01-8 LDH
85-01-8,LDH,41.1111,202.84243075905636,85-01-8 LDH
85-01-8,LDH,45.5556,202.8905971761452,85-01-8 LDH
85-01-8,LDH,50.0,202.93429470467717,85-01-8 LDH
85-01-8,LDH,61.1111,203.02855546917303,85-01-8 LDH
85-01-8,LDH,72.2222,203.10709139792334,85-01-8 LDH
85-01-8,LDH,83.3333,203.17441397362023,85-01-8 LDH
85-01-8,LDH,94.4444,203.23333370129933,85-01-8 LDH
85-01-8,LDH,105.5556,203.28572112338284,85-01-8 LDH
85-01-8,LDH,116.6667,203.3328828466341,85-01-8 LDH
85-01-8,LDH,127.7778,203.37576961600462,85-01-8 LDH
85-01-8,LDH,138.8889,203.41509379424102,85-01-8 LDH
85-01-8,LDH,150.0,203.45140320251238,85-01-8 LDH
129-00-0,DCFDA,0.0,100.0,129-00-0 DCFDA
129-00-0,DCFDA,0.4444,100.0,129-00-0 DCFDA
129-00-0,DCFDA,0.8889,100.0,129-00-0 DCFDA
129-00-0,DCFDA,1.3333,100.0,129-00-0 DCFDA
129-00-0,DCFDA,1.7778,100.0,129-00-0 DCFDA
129-00-0,DCFDA,2.2222,100.0,129-00-0 DCFDA
129-00-0,DCFDA,2.6667,100.0,129-00-0 DCFDA
129-00-0,DCFDA,3.1111,100.0,129-00-0 DCFDA
129-00-0,DCFDA,3.5556,100.0,129-00-0 DCFDA
129-00-0,DCFDA,4.0,100.0,129-00-0 DCFDA
129-00-0,DCFDA,5.7778,100.0,129-00-0 DCFDA
129-00-0,DCFDA,7.5556,100.0,129-00-0 DCFDA
129-00-0,DCFDA,9.3333,100.0,129-00-0 DCFDA
129-00-0,DCFDA,11.1111,100.0,129-00-0 DCFDA
129-00-0,DCFDA,12.8889,100.0,129-00-0 DCFDA
129-00-0,DCFDA,14.6667,100.00000000000003,129-00-0 DCFDA
129-00-0,DCFDA,16.4444,100.00000000000011,129-00-0 DCFDA
129-00-0,DCFDA,18.2222,100.00000000000057,129-00-0 DCFDA
129-00-0,DCFDA,20.0,100.0000000000023,129-00-0 DCFDA
129-00-0,DCFDA,28.8889,100.00000000058085,129-00-0 DCFDA
129-00-0,DCFDA,37.7778,100.00000003288451,129-00-0 DCFDA
129-00-0,DCFDA,46.6667,100.00000079022591,129-00-0 DCFDA
129-00-0,DCFDA,55.5556,100.00001089006777,129-00-0 DCFDA
129-00-0,DCFDA,64.4444,100.0001015878023,129-00-0 DCFDA
129-00-0,DCFDA,73.3333,100.00070981081674,129-00-0 DCFDA
129-00-0,DCFDA,82.2222,100.00396902160523,129-00-0 DCFDA
129-00-0,DCFDA,91.1111,100.01858749067617,129-00-0 DCFDA
129-00-0,DCFDA,100.0,100.07526269724377,129-00-0 DCFDA
129-00-0,DCFDA,122.2222,101.45943628460803,129-00-0 DCFDA
129-00-0,DCFDA,144.4444,110.16044338355623,129-00-0 DCFDA
129-00-0,DCFDA,166.6667,113.36712041786801,129-00-0 DCFDA
129-00-0,DCFDA,188.8889,113.3671816868735,129-00-0 DCFDA
129-00-0,DCFDA,211.1111,113.3671816868735,129-00-0 DCFDA
129-00-0,DCFDA,233.3333,113.3671816868735,129-00-0 DCFDA
129-00-0,DCFDA,255.5556,113.3671816868735,129-00-0 DCFDA
129-00-0,DCFDA,277.7778,113.3671816868735,129-00-0 DCFDA
129-00-0,DCFDA,300.0,113.3671816868735,129-00-0 DCFDA
483-65-8,LDH,0.0,100.0,483-65-8 LDH
483-65-8,LDH,1.1111,100.78789024253061,483-65-8 LDH
483-65-8,LDH,2.2222,101.57268273161412,483-65-8 LDH
483-65-8,LDH,3.3333,102.35439570059405,483-65-8 LDH
483-65-8,LDH,4.4444,103.13304723999906,483-65-8 LDH
483-65-8,LDH,5.5556,103.90872496792697,483-65-8 LDH
483-65-8,LDH,6.6667,104.68130708395442,483-65-8 LDH
483-65-8,LDH,7.7778,105.45088120056215,483-65-8 LDH
483-65-8,LDH,8.8889,106.2174648508004,483-65-8 LDH
483-65-8,LDH,10.0,106.98107543172128,483-65-8 LDH
483-65-8,LDH,14.4444,110.00613031661281,483-65-8 LDH
483-65-8,LDH,18.8889,112.98503989160372,483-65-8 LDH
483-65-8,LDH,23.3333,115.91872102240012,483-65-8 LDH
483-65-8,LDH,27.7778,118.80832504597902,483-65-8 LDH
483-65-8,LDH,32.2222,121.6547107764384,483-65-8 LDH
483-65-8,LDH,36.6667,124.45896585934071,483-65-8 LDH
483-65-8,LDH,41.1111,127.22189539485257,483-65-8 LDH
483-65-8,LDH,45.5556,129.94452782636012,483-65-8 LDH
483-65-8,LDH,50.0,132.62761849957667,483-65-8 LDH
483-65-8,LDH,66.6667,142.35197407086764,483-65-8 LDH
483-65-8,LDH,83.3333,151.57474346231402,483-65-8 LDH
483-65-8,LDH,100.0,160.3338614630931,483-65-8 LDH
483-65-8,LDH,116.6667,168.6633853739811,483-65-8 LDH
483-65-8,LDH,133.3333,176.5941166704502,483-65-8 LDH
483-65-8,LDH,150.0,184.15411388386644,483-65-8 LDH
483-65-8,LDH,166.6667,191.368736777893,483-65-8 LDH
483-65-8,LDH,183.3333,198.26108373391077,483-65-8 LDH
483-65-8,LDH,200.0,204.8523543696432,483-65-8 LDH
483-65-8,LDH,222.2222,213.2054255584083,483-65-8 LDH
483-65-8,LDH,244.4444,221.0987034457549,483-65-8 LDH
483-65-8,LDH,266.6667,228.5691677374138,483-65-8 LDH
483-65-8,LDH,288.8889,235.64984303665287,483-65-8 LDH
483-65-8,LDH,311.1111,242.37049039211203,483-65-8 LDH
483-65-8,LDH,333.3333,248.75788827800966,483-65-8 LDH
483-65-8,LDH,355.5556,254.83625043789965,483-65-8 LDH
483-65-8,LDH,377.7778,260.62742394379234,483-65-8 LDH
483-65-8,LDH,400.0,266.15131685470527,483-65-8 LDH
483-65-8,MMP,0.0,100.0,483-65-8 MMP
483-65-8,MMP,1.1111,133.81696689227752,483-65-8 MMP
483-65-8,MMP,2.2222,149.9509356944155,483-65-8 MMP
483-65-8,MMP,3.3333,162.36669889484278,483-65-8 MMP
483-65-8,MMP,4.4444,172.75282813657924,483-65-8 MMP
483-65-8,MMP,5.5556,181.79961958755644,483-65-8 MMP
483-65-8,MMP,6.6667,189.87186342107083,483-65-8 MMP
483-65-8,MMP,7.7778,197.1939839495176,483-65-8 MMP
483-65-8,MMP,8.8889,203.91478594001265,483-65-8 MMP
483-65-8,MMP,10.0,210.1394628491724,483-65-8 MMP
483-65-8,MMP,14.4444,231.38825298008118,483-65-8 MMP
483-65-8,MMP,18.8889,248.62220485797144,483-65-8 MMP
483-65-8,MMP,23.3333,263.19601017066725,483-65-8 MMP
483-65-8,MMP,27.7778,275.85202236212143,483-65-8 MMP
483-65-8,MMP,32.2222,287.04762548818223,483-65-8 MMP
483-65-8,MMP,36.6667,297.08916873543507,483-65-8 MMP
483-65-8,MMP,41.1111,306.19208231759364,483-65-8 MMP
483-65-8,MMP,45.5556,314.51560450323836,483-65-8 MMP
483-65-8,MMP,50.0,322.1800263957457,483-65-8 MMP
483-65-8,MMP,66.6667,346.45388102555273,483-65-8 MMP
483-65-8,MMP,83.3333,365.73296151200833,483-65-8 MMP
483-65-8,MMP,100.0,381.6488718583404,483-65-8 MMP
483-65-8,MMP,116.6667,395.143852713765,483-65-8 MMP
483-65-8,MMP,133.3333,406.81371778927854,483-65-8 MMP
483-65-8,MMP,150.0,417.06002649747126,483-65-8 MMP
483-65-8,MMP,166.6667,426.1661706516531,483-65-8 MMP
483-65-8,MMP,183.3333,434.3397272871474,483-65-8 MMP
483-65-8,MMP,200.0,441.7373814775028,483-65-8 MMP
483-65-8,MMP,222.2222,450.5990980028975,483-65-8 MMP
483-65-8,MMP,244.4444,458.512483371169,483-65-8 MMP
483-65-8,MMP,266.6667,465.6415996683904,483-65-8 MMP
483-65-8,MMP,288.8889,472.1122979708208,483-65-8 MMP
483-65-8,MMP,311.1111,478.02327844314385,483-65-8 MMP
483-65-8,MMP,333.3333,483.4532207138096,483-65-8 MMP
483-65-8,MMP,355.5556,488.4658404960534,483-65-8 MMP
483-65-8,MMP,377.7778,493.1133362825222,483-65-8 MMP
483-65-8,MMP,400.0,497.4390797862882,483-65-8 MMP
2531-84-2,MMP,0.0,100.0,2531-84-2 MMP
2531-84-2,MMP,1.1111,100.00011402942353,2531-84-2 MMP
2531-84-2,MMP,2.2222,100.00096264994606,2531-84-2 MMP
2531-84-2,MMP,3.3333,100.0033528008263,2531-84-2 MMP
2531-84-2,MMP,4.4444,100.00812680525712,2531-84-2 MMP
2531-84-2,MMP,5.5556,100.01615082329721,2531-84-2 MMP
2531-84-2,MMP,6.6667,100.02830604975728,2531-84-2 MMP
2531-84-2,MMP,7.7778,100.04548960707443,2531-84-2 MMP
2531-84-2,MMP,8.8889,100.06860983131618,2531-84-2 MMP
2531-84-2,MMP,10.0,100.09858525108288,2531-84-2 MMP
2531-84-2,MMP,11.1111,100.13634339328759,2531-84-2 MMP
2531-84-2,MMP,12.2222,100.18281984882005,2531-84-2 MMP
2531-84-2,MMP,13.3333,100.23895752058777,2531-84-2 MMP
2531-84-2,MMP,14.4444,100.30570600466233,2531-84-2 MMP
2531-84-2,MMP,15.5556,100.38402866943643,2531-84-2 MMP
2531-84-2,MMP,16.6667,100.47487299426274,2531-84-2 MMP
2531-84-2,MMP,17.7778,100.57921235036173,2531-84-2 MMP
2531-84-2,MMP,18.8889,100.69801861751525,2531-84-2 MMP
2531-84-2,MMP,20.0,100.83226840665982,2531-84-2 MMP
2531-84-2,MMP,23.3333,101.3375107565103,2531-84-2 MMP
2531-84-2,MMP,26.6667,102.0173310712307,2531-84-2 MMP
2531-84-2,MMP,30.0,102.89869667887777,2531-84-2 MMP
2531-84-2,MMP,33.3333,104.00889724343662,2531-84-2 MMP
2531-84-2,MMP,36.6667,105.37548701084658,2531-84-2 MMP
2531-84-2,MMP,40.0,107.02610880548215,2531-84-2 MMP
2531-84-2,MMP,43.3333,108.98872056727897,2531-84-2 MMP
2531-84-2,MMP,46.6667,111.2914992375286,2531-84-2 MMP
2531-84-2,MMP,50.0,113.96257841357978,2531-84-2 MMP
2531-84-2,MMP,55.5556,119.31035165003799,2531-84-2 MMP
2531-84-2,MMP,61.1111,125.8928115717068,2531-84-2 MMP
2531-84-2,MMP,66.6667,133.84374322927522,2531-84-2 MMP
2531-84-2,MMP,72.2222,143.29735323658647,2531-84-2 MMP
2531-84-2,MMP,77.7778,154.38935253647108,2531-84-2 MMP
2531-84-2,MMP,83.3333,167.2555212071601,2531-84-2 MMP
2531-84-2,MMP,88.8889,182.0332632982836,2531-84-2 MMP
2531-84-2,MMP,94.4444,198.8596956951288,2531-84-2 MMP
2531-84-2,MMP,100.0,217.8737464426988,2531-84-2 MMP
2381-21-7,CC,0.0,100.0,2381-21-7 CC
2381-21-7,CC,0.2222,100.5455625417507,2381-21-7 CC
2381-21-7,CC,0.4444,100.85261967919455,2381-21-7 CC
2381-21-7,CC,0.6667,101.10720456522013,2381-21-7 CC
2381-21-7,CC,0.8889,101.33259332726195,2381-21-7 CC
2381-21-7,CC,1.1111,101.53856793410758,2381-21-7 CC
2381-21-7,CC,1.3333,101.73028520670574,2381-21-7 CC
2381-21-7,CC,1.5556,101.91098366927501,2381-21-7 CC
2381-21-7,CC,1.7778,102.0826123647361,2381-21-7 CC
2381-21-7,CC,2.0,102.24675253300663,2381-21-7 CC
2381-21-7,CC,2.8889,102.84727131927578,2381-21-7 CC
2381-21-7,CC,3.7778,103.38436651678789,2381-21-7 CC
2381-21-7,CC,4.6667,103.87786191690941,2381-21-7 CC
2381-21-7,CC,5.5556,104.33879035477611,2381-21-7 CC
2381-21-7,CC,6.4444,104.77403515504784,2381-21-7 CC
2381-21-7,CC,7.3333,105.18840405471884,2381-21-7 CC
2381-21-7,CC,8.2222,105.58523019738513,2381-21-7 CC
2381-21-7,CC,9.1111,105.96704645769631,2381-21-7 CC
2381-21-7,CC,10.0,106.33581070782846,2381-21-7 CC
2381-21-7,CC,14.4444,108.02922947615266,2381-21-7 CC
2381-21-7,CC,18.8889,109.54383367848055,2381-21-7 CC
2381-21-7,CC,23.3333,110.9354559704052,2381-21-7 CC
2381-21-7,CC,27.7778,112.23527134836016,2381-21-7 CC
2381-21-7,CC,32.2222,113.46276616892662,2381-21-7 CC
2381-21-7,CC,36.6667,114.63127824946936,2381-21-7 CC
2381-21-7,CC,41.1111,115.7502956900315,2381-21-7 CC
2381-21-7,CC,45.5556,116.82701131673349,2381-21-7 CC
2381-21-7,CC,50.0,117.86689754911042,2381-21-7 CC
2381-21-7,CC,61.1111,120.332349127736,2381-21-7 CC
2381-21-7,CC,72.2222,122.64235517240974,2381-21-7 CC
2381-21-7,CC,83.3333,124.82873705779632,2381-21-7 CC
2381-21-7,CC,94.4444,126.91345908525048,2381-21-7 CC
2381-21-7,CC,105.5556,128.91249717207936,2381-21-7 CC
2381-21-7,CC,116.6667,130.8378668873704,2381-21-7 CC
2381-21-7,CC,127.7778,132.69896690372465,2381-21-7 CC
2381-21-7,CC,138.8889,134.50327801120363,2381-21-7 CC
2381-21-7,CC,150.0,136.2568864688637,2381-21-7 CC
3697-24-3,CC,0.0,100.0,3697-24-3 CC
3697-24-3,CC,0.0222,231.29780035975372,3697-24-3 CC
3697-24-3,CC,0.0444,231.80821931638877,3697-24-3 CC
3697-24-3,CC,0.0667,231.81020375644954,3697-24-3 CC
3697-24-3,CC,0.0889,231.81021127974537,3697-24-3 CC
3697-24-3,CC,0.1111,231.8102113089921,3697-24-3 CC
3697-24-3,CC,0.1333,231.81021130910582,3697-24-3 CC
3697-24-3,CC,0.1556,231.81021130910625,3697-24-3 CC
3697-24-3,CC,0.1778,231.81021130910625,3697-24-3 CC
3697-24-3,CC,0.2,231.81021130910625,3697-24-3 CC
3697-24-3,CC,0.4,231.81021130910625,3697-24-3 CC
3697-24-3,CC,0.6,231.81021130910625,3697-24-3 CC
3697-24-3,CC,0.8,231.81021130910625,3697-24-3 CC
3697-24-3,CC,1.0,231.81021130910625,3697-24-3 CC
3697-24-3,CC,1.2,231.81021130910625,3697-24-3 CC
3697-24-3,CC,1.4,231.81021130910625,3697-24-3 CC
3697-24-3,CC,1.6,231.81021130910625,3697-24-3 CC
3697-24-3,CC,1.8,231.81021130910625,3697-24-3 CC
3697-24-3,CC,2.0,231.81021130910625,3697-24-3 CC
3697-24-3,CC,2.8889,231.81021130910625,3697-24-3 CC
3697-24-3,CC,3.7778,231.81021130910625,3697-24-3 CC
3697-24-3,CC,4.6667,231.81021130910625,3697-24-3 CC
3697-24-3,CC,5.5556,231.81021130910625,3697-24-3 CC
3697-24-3,CC,6.4444,231.81021130910625,3697-24-3 CC
3697-24-3,CC,7.3333,231.81021130910625,3697-24-3 CC
3697-24-3,CC,8.2222,231.81021130910625,3697-24-3 CC
3697-24-3,CC,9.1111,231.81021130910625,3697-24-3 CC
3697-24-3,CC,10.0,231.81021130910625,3697-24-3 CC
3697-24-3,CC,14.4444,231.81021130910625,3697-24-3 CC
3697-24-3,CC,18.8889,231.81021130910625,3697-24-3 CC
3697-24-3,CC,23.3333,231.81021130910625,3697-24-3 CC
3697-24-3,CC,27.7778,231.81021130910625,3697-24-3 CC
3697-24-3,CC,32.2222,231.81021130910625,3697-24-3 CC
3697-24-3,CC,36.6667,231.81021130910625,3697-24-3 CC
3697-24-3,CC,41.1111,231.81021130910625,3697-24-3 CC
3697-24-3,CC,45.5556,231.81021130910625,3697-24-3 CC
3697-24-3,CC,50.0,231.81021130910625,3697-24-3 CC
3697-24-3,MMP,0.0,100.0,3697-24-3 MMP
3697-24-3,MMP,1.1111,180.2499295358288,3697-24-3 MMP
3697-24-3,MMP,2.2222,204.2003797963318,3697-24-3 MMP
3697-24-3,MMP,3.3333,221.3999378035457,3697-24-3 MMP
3697-24-3,MMP,4.4444,235.29879979336542,3697-24-3 MMP
3697-24-3,MMP,5.5556,247.1673495894709,3697-24-3 MMP
3697-24-3,MMP,6.6667,257.63242653413386,3697-24-3 MMP
3697-24-3,MMP,7.7778,267.0590437382436,3697-24-3 MMP
3697-24-3,MMP,8.8889,275.67923320031093,3697-24-3 MMP
3697-24-3,MMP,10.0,283.65125695704637,3697-24-3 MMP
3697-24-3,MMP,11.1111,291.0885381171695,3697-24-3 MMP
3697-24-3,MMP,12.2222,298.07551421606445,3697-24-3 MMP
3697-24-3,MMP,13.3333,304.67696846034823,3697-24-3 MMP
3697-24-3,MMP,14.4444,310.9438380208797,3697-24-3 MMP
3697-24-3,MMP,15.5556,316.91752138131267,3697-24-3 MMP
3697-24-3,MMP,16.6667,322.6303100824871,3697-24-3 MMP
3697-24-3,MMP,17.7778,328.1103912200672,3697-24-3 MMP
3697-24-3,MMP,18.8889,333.3809495610069,3697-24-3 MMP
3697-24-3,MMP,20.0,338.4616514392595,3697-24-3 MMP
3697-24-3,MMP,23.3333,352.7220258864859,3697-24-3 MMP
3697-24-3,MMP,26.6667,365.762825054823,3697-24-3 MMP
3697-24-3,MMP,30.0,377.8226884569956,3697-24-3 MMP
3697-24-3,MMP,33.3333,389.07360762276664,3697-24-3 MMP
3697-24-3,MMP,36.6667,399.6436253028572,3697-24-3 MMP
3697-24-3,MMP,40.0,409.63011170916536,3697-24-3 MMP
3697-24-3,MMP,43.3333,419.1104494534342,3697-24-3 MMP
3697-24-3,MMP,46.6667,428.1467347642657,3697-24-3 MMP
3697-24-3,MMP,50.0,436.788899210223,3697-24-3 MMP
3697-24-3,MMP,55.5556,450.4279966189587,3697-24-3 MMP
3697-24-3,MMP,61.1111,463.24105061625835,3697-24-3 MMP
3697-24-3,MMP,66.6667,475.3473292976087,3697-24-3 MMP
3697-24-3,MMP,72.2222,486.83980881689405,3697-24-3 MMP
3697-24-3,MMP,77.7778,497.7938603511997,3697-24-3 MMP
3697-24-3,MMP,83.3333,508.27027542651143,3697-24-3 MMP
3697-24-3,MMP,88.8889,518.3201153383513,3697-24-3 MMP
3697-24-3,MMP,94.4444,527.98553652135,3697-24-3 MMP
3697-24-3,MMP,100.0,537.3029535586782,3697-24-3 MMP
2498-77-3,CC,0.0,100.0,2498-77-3 CC
2498-77-3,CC,0.0222,100.0,2498-77-3 CC
2498-77-3,CC,0.0444,100.0,2498-77-3 CC
2498-77-3,CC,0.0667,100.0,2498-77-3 CC
2498-77-3,CC,0.0889,100.0,2498-77-3 CC
2498-77-3,CC,0.1111,100.0,2498-77-3 CC
2498-77-3,CC,0.1333,100.0,2498-77-3 CC
2498-77-3,CC,0.1556,100.0,2498-77-3 CC
2498-77-3,CC,0.1778,100.0,2498-77-3 CC
2498-77-3,CC,0.2,100.0,2498-77-3 CC
2498-77-3,CC,0.4,100.0000000000005,2498-77-3 CC
2498-77-3,CC,0.6,100.00000000000784,2498-77-3 CC
2498-77-3,CC,0.8,100.00000000005589,2498-77-3 CC
2498-77-3,CC,1.0,100.00000000025634,2498-77-3 CC
2498-77-3,CC,1.2,100.00000000088983,2498-77-3 CC
2498-77-3,CC,1.4,100.00000000254852,2498-77-3 CC
2498-77-3,CC,1.6,100.00000000634076,2498-77-3 CC
2498-77-3,CC,1.8,100.00000001416798,2498-77-3 CC
2498-77-3,CC,2.0,100.00000002908364,2498-77-3 CC
2498-77-3,CC,2.8889,100.00000035791386,2498-77-3 CC
2498-77-3,CC,3.7778,100.00000223383927,2498-77-3 CC
2498-77-3,CC,4.6667,100.0000094510595,2498-77-3 CC
2498-77-3,CC,5.5556,100.00003107083006,2498-77-3 CC
2498-77-3,CC,6.4444,100.00008556558426,2498-77-3 CC
2498-77-3,CC,7.3333,100.00020670628231,2498-77-3 CC
2498-77-3,CC,8.2222,100.0004513652299,2498-77-3 CC
2498-77-3,CC,9.1111,100.00090959961393,2498-77-3 CC
2498-77-3,CC,10.0,100.00171719658192,2498-77-3 CC
2498-77-3,CC,14.4444,100.02113145104664,2498-77-3 CC
2498-77-3,CC,18.8889,100.13188868703308,2498-77-3 CC
2498-77-3,CC,23.3333,100.55798998770265,2498-77-3 CC
2498-77-3,CC,27.7778,101.8344371223774,2498-77-3 CC
2498-77-3,CC,32.2222,105.0522966148556,2498-77-3 CC
2498-77-3,CC,36.6667,112.20509502809732,2498-77-3 CC
2498-77-3,CC,41.1111,126.65057790496911,2498-77-3 CC
2498-77-3,CC,45.5556,153.70665372253512,2498-77-3 CC
2498-77-3,CC,50.0,201.38911550510852,2498-77-3 CC
2498-77-3,LDH,0.0,100.0,2498-77-3 LDH
2498-77-3,LDH,1.1111,100.00035208056224,2498-77-3 LDH
2498-77-3,LDH,2.2222,100.00255623768284,2498-77-3 LDH
2498-77-3,LDH,3.3333,100.00815135992265,2498-77-3 LDH
2498-77-3,LDH,4.4444,100.01855924976255,2498-77-3 LDH
2498-77-3,LDH,5.5556,100.0351357900991,2498-77-3 LDH
2498-77-3,LDH,6.6667,100.05918448664886,2498-77-3 LDH
2498-77-3,LDH,7.7778,100.09197631821169,2498-77-3 LDH
2498-77-3,LDH,8.8889,100.13475148926979,2498-77-3 LDH
2498-77-3,LDH,10.0,100.18872546825473,2498-77-3 LDH
2498-77-3,LDH,11.1111,100.2550925227134,2498-77-3 LDH
2498-77-3,LDH,12.2222,100.33502840828751,2498-77-3 LDH
2498-77-3,LDH,13.3333,100.42969247968308,2498-77-3 LDH
2498-77-3,LDH,14.4444,100.54022938974316,2498-77-3 LDH
2498-77-3,LDH,15.5556,100.66778276268703,2498-77-3 LDH
2498-77-3,LDH,16.6667,100.81344892978797,2498-77-3 LDH
2498-77-3,LDH,17.7778,100.9783466388996,2498-77-3 LDH
2498-77-3,LDH,18.8889,101.16357363390848,2498-77-3 LDH
2498-77-3,LDH,20.0,101.37021808473007,2498-77-3 LDH
2498-77-3,LDH,23.3333,102.12940720066622,2498-77-3 LDH
2498-77-3,LDH,26.6667,103.11976293766392,2498-77-3 LDH
2498-77-3,LDH,30.0,104.3693670804305,2498-77-3 LDH
2498-77-3,LDH,33.3333,105.9058953808156,2498-77-3 LDH
2498-77-3,LDH,36.6667,107.75662940497445,2498-77-3 LDH
2498-77-3,LDH,40.0,109.94830012654748,2498-77-3 LDH
2498-77-3,LDH,43.3333,112.5074591819366,2498-77-3 LDH
2498-77-3,LDH,46.6667,115.46039421749627,2498-77-3 LDH
2498-77-3,LDH,50.0,118.83284051541884,2498-77-3 LDH
2498-77-3,LDH,55.5556,125.45571391825662,2498-77-3 LDH
2498-77-3,LDH,61.1111,133.43251003137678,2498-77-3 LDH
2498-77-3,LDH,66.6667,142.8792120587671,2498-77-3 LDH
2498-77-3,LDH,72.2222,153.90970605651768,2498-77-3 LDH
2498-77-3,LDH,77.7778,166.6372901054013,2498-77-3 LDH
2498-77-3,LDH,83.3333,181.1731927290682,2498-77-3 LDH
2498-77-3,LDH,88.8889,197.62851355573287,2498-77-3 LDH
2498-77-3,LDH,94.4444,216.11220530086274,2498-77-3 LDH
2498-77-3,LDH,100.0,236.73352568521858,2498-77-3 LDH
2498-77-3,MMP,0.0,100.0,2498-77-3 MMP
2498-77-3,MMP,1.1111,100.0,2498-77-3 MMP
2498-77-3,MMP,2.2222,100.0,2498-77-3 MMP
2498-77-3,MMP,3.3333,100.0,2498-77-3 MMP
2498-77-3,MMP,4.4444,100.0,2498-77-3 MMP
2498-77-3,MMP,5.5556,100.0,2498-77-3 MMP
2498-77-3,MMP,6.6667,100.0,2498-77-3 MMP
2498-77-3,MMP,7.7778,100.0,2498-77-3 MMP
2498-77-3,MMP,8.8889,100.0,2498-77-3 MMP
2498-77-3,MMP,10.0,100.0,2498-77-3 MMP
2498-77-3,MMP,11.1111,100.0,2498-77-3 MMP
2498-77-3,MMP,12.2222,100.0,2498-77-3 MMP
2498-77-3,MMP,13.3333,100.0,2498-77-3 MMP
2498-77-3,MMP,14.4444,100.0,2498-77-3 MMP
2498-77-3,MMP,15.5556,100.0,2498-77-3 MMP
2498-77-3,MMP,16.6667,100.00000000000016,2498-77-3 MMP
2498-77-3,MMP,17.7778,100.00000000001923,2498-77-3 MMP
2498-77-3,MMP,18.8889,100.00000000124452,2498-77-3 MMP
2498-77-3,MMP,20.0,100.0000000448788,2498-77-3 MMP
2498-77-3,MMP,23.3333,100.00013524914868,2498-77-3 MMP
2498-77-3,MMP,26.6667,100.02198713538307,2498-77-3 MMP
2498-77-3,MMP,30.0,100.55877865078716,2498-77-3 MMP
2498-77-3,MMP,33.3333,104.36686504141458,2498-77-3 MMP
2498-77-3,MMP,36.6667,116.13038838831446,2498-77-3 MMP
2498-77-3,MMP,40.0,137.00536504088507,2498-77-3 MMP
2498-77-3,MMP,43.3333,162.72497240353465,2498-77-3 MMP
2498-77-3,MMP,46.6667,187.71751636982793,2498-77-3 MMP
2498-77-3,MMP,50.0,208.55293257862746,2498-77-3 MMP
2498-77-3,MMP,55.5556,232.1936155100084,2498-77-3 MMP
2498-77-3,MMP,61.1111,245.01245225718006,2498-77-3 MMP
2498-77-3,MMP,66.6667,251.4561689184792,2498-77-3 MMP
2498-77-3,MMP,72.2222,254.58109183879736,2498-77-3 MMP
2498-77-3,MMP,77.7778,256.07121344799793,2498-77-3 MMP
2498-77-3,MMP,83.3333,256.776127535261,2498-77-3 MMP
2498-77-3,MMP,88.8889,257.10836187203915,2498-77-3 MMP
2498-77-3,MMP,94.4444,257.26466729991034,2498-77-3 MMP
2498-77-3,MMP,100.0,257.3381460525035,2498-77-3 MMP
857535-92-3,LDH,0.0,100.0,857535-92-3 LDH
857535-92-3,LDH,1.1111,100.97415827089789,857535-92-3 LDH
857535-92-3,LDH,2.2222,101.9483130060183,857535-92-3 LDH
857535-92-3,LDH,3.3333,102.92246420533144,857535-92-3 LDH
857535-92-3,LDH,4.4444,103.89661186883731,857535-92-3 LDH
857535-92-3,LDH,5.5556,104.87084367028913,857535-92-3 LDH
857535-92-3,LDH,6.6667,105.84498426197189,857535-92-3 LDH
857535-92-3,LDH,7.7778,106.81912131790696,857535-92-3 LDH
857535-92-3,LDH,8.8889,107.79325483809436,857535-92-3 LDH
857535-92-3,LDH,10.0,108.76738482259368,857535-92-3 LDH
857535-92-3,LDH,11.1111,109.74151127137513,857535-92-3 LDH
857535-92-3,LDH,12.2222,110.71563418446851,857535-92-3 LDH
857535-92-3,LDH,13.3333,111.6897535618738,857535-92-3 LDH
857535-92-3,LDH,14.4444,112.66386940359101,857535-92-3 LDH
857535-92-3,LDH,15.5556,113.63806938051279,857535-92-3 LDH
857535-92-3,LDH,16.6667,114.61217815064526,857535-92-3 LDH
857535-92-3,LDH,17.7778,115.58628338514924,857535-92-3 LDH
857535-92-3,LDH,18.8889,116.56038508402474,857535-92-3 LDH
857535-92-3,LDH,20.0,117.53448324730157,857535-92-3 LDH
857535-92-3,LDH,23.3333,120.45675652365908,857535-92-3 LDH
857535-92-3,LDH,26.6667,123.3790856476903,857535-92-3 LDH
857535-92-3,LDH,30.0,126.30129528350986,857535-92-3 LDH
857535-92-3,LDH,33.3333,129.22347310004372,857535-92-3 LDH
857535-92-3,LDH,36.6667,132.14570676246345,857535-92-3 LDH
857535-92-3,LDH,40.0,135.06782094054518,857535-92-3 LDH
857535-92-3,LDH,43.3333,137.98990330038416,857535-92-3 LDH
857535-92-3,LDH,46.6667,140.91204150429132,857535-92-3 LDH
857535-92-3,LDH,50.0,143.83406022776398,857535-92-3 LDH
857535-92-3,LDH,55.5556,148.70410838822949,857535-92-3 LDH
857535-92-3,LDH,61.1111,153.57398050827632,857535-92-3 LDH
857535-92-3,LDH,66.6667,158.44385190659665,857535-92-3 LDH
857535-92-3,LDH,72.2222,163.31354727087495,857535-92-3 LDH
857535-92-3,LDH,77.7778,168.18324191351616,857535-92-3 LDH
857535-92-3,LDH,83.3333,173.05276052846224,857535-92-3 LDH
857535-92-3,LDH,88.8889,177.9222784217712,857535-92-3 LDH
857535-92-3,LDH,94.4444,182.79162029379154,857535-92-3 LDH
857535-92-3,LDH,100.0,187.66096144420453,857535-92-3 LDH
857535-92-3,MMP,0.0,100.0,857535-92-3 MMP
857535-92-3,MMP,1.1111,529.1771850500945,857535-92-3 MMP
857535-92-3,MMP,2.2222,549.3926279739728,857535-92-3 MMP
857535-92-3,MMP,3.3333,561.6564892478675,857535-92-3 MMP
857535-92-3,MMP,4.4444,570.5602746655348,857535-92-3 MMP
857535-92-3,MMP,5.5556,577.585246818992,857535-92-3 MMP
857535-92-3,MMP,6.6667,583.4022795164842,857535-92-3 MMP
857535-92-3,MMP,7.7778,588.3757653204217,857535-92-3 MMP
857535-92-3,MMP,8.8889,592.725344663458,857535-92-3 MMP
857535-92-3,MMP,10.0,596.5940944955694,857535-92-3 MMP
857535-92-3,MMP,11.1111,600.0805456613618,857535-92-3 MMP
857535-92-3,MMP,12.2222,603.2555089958747,857535-92-3 MMP
857535-92-3,MMP,13.3333,606.1716236059584,857535-92-3 MMP
857535-92-3,MMP,14.4444,608.8691100701103,857535-92-3 MMP
857535-92-3,MMP,15.5556,611.3796265533714,857535-92-3 MMP
857535-92-3,MMP,16.6667,613.7277753809897,857535-92-3 MMP
857535-92-3,MMP,17.7778,615.9340832198419,857535-92-3 MMP
857535-92-3,MMP,18.8889,618.0152224965503,857535-92-3 MMP
857535-92-3,MMP,20.0,619.9850619637923,857535-92-3 MMP
857535-92-3,MMP,23.3333,625.3349547514669,857535-92-3 MMP
857535-92-3,MMP,26.6667,630.0138513985237,857535-92-3 MMP
857535-92-3,MMP,30.0,634.1753807795935,857535-92-3 MMP
857535-92-3,MMP,33.3333,637.9256798663122,857535-92-3 MMP
857535-92-3,MMP,36.6667,641.3410163580788,857535-92-3 MMP
857535-92-3,MMP,40.0,644.477809266218,857535-92-3 MMP
857535-92-3,MMP,43.3333,647.379429811399,857535-92-3 MMP
857535-92-3,MMP,46.6667,650.079775203824,857535-92-3 MMP
857535-92-3,MMP,50.0,652.6056323026233,857535-92-3 MMP
857535-92-3,MMP,55.5556,656.4853916531415,857535-92-3 MMP
857535-92-3,MMP,61.1111,660.0184578501533,857535-92-3 MMP
857535-92-3,MMP,66.6667,663.2635364342603,857535-92-3 MMP
857535-92-3,MMP,72.2222,666.2652680648732,857535-92-3 MMP
857535-92-3,MMP,77.7778,669.0587478948235,857535-92-3 MMP
857535-92-3,MMP,83.3333,671.6717537521611,857535-92-3 MMP
857535-92-3,MMP,88.8889,674.1269623337713,857535-92-3 MMP
857535-92-3,MMP,94.4444,676.4428385607479,857535-92-3 MMP
857535-92-3,MMP,100.0,678.6348994872791,857535-92-3 MMP
572-89-4,DCFDA,0.0,100.0,572-89-4 DCFDA
572-89-4,DCFDA,1.1111,100.10142045553516,572-89-4 DCFDA
572-89-4,DCFDA,2.2222,100.20284037139736,572-89-4 DCFDA
572-89-4,DCFDA,3.3333,100.30425974758657,572-89-4 DCFDA
572-89-4,DCFDA,4.4444,100.40567858410705,572-89-4 DCFDA
572-89-4,DCFDA,5.5556,100.50710600867448,572-89-4 DCFDA
572-89-4,DCFDA,6.6667,100.60852376581727,572-89-4 DCFDA
572-89-4,DCFDA,7.7778,100.70994098329766,572-89-4 DCFDA
572-89-4,DCFDA,8.8889,100.811357661122,572-89-4 DCFDA
572-89-4,DCFDA,10.0,100.91277379929242,572-89-4 DCFDA
572-89-4,DCFDA,11.1111,101.01418939780892,572-89-4 DCFDA
572-89-4,DCFDA,12.2222,101.11560445667783,572-89-4 DCFDA
572-89-4,DCFDA,13.3333,101.21701897589915,572-89-4 DCFDA
572-89-4,DCFDA,14.4444,101.31843295547925,572-89-4 DCFDA
572-89-4,DCFDA,15.5556,101.41985552269367,572-89-4 DCFDA
572-89-4,DCFDA,16.6667,101.52126842294686,572-89-4 DCFDA
572-89-4,DCFDA,17.7778,101.62268078356517,572-89-4 DCFDA
572-89-4,DCFDA,18.8889,101.7240926045507,572-89-4 DCFDA
572-89-4,DCFDA,20.0,101.82550388590771,572-89-4 DCFDA
572-89-4,DCFDA,23.3333,102.12973449223502,572-89-4 DCFDA
572-89-4,DCFDA,26.6667,102.43396936879805,572-89-4 DCFDA
572-89-4,DCFDA,30.0,102.73819026194501,572-89-4 DCFDA
572-89-4,DCFDA,33.3333,103.04240629868906,572-89-4 DCFDA
572-89-4,DCFDA,36.6667,103.3466266054636,572-89-4 DCFDA
572-89-4,DCFDA,40.0,103.65083292949285,572-89-4 DCFDA
572-89-4,DCFDA,43.3333,103.95503439735197,572-89-4 DCFDA
572-89-4,DCFDA,46.6667,104.25924013503631,572-89-4 DCFDA
572-89-4,DCFDA,50.0,104.56343189064616,572-89-4 DCFDA
572-89-4,DCFDA,55.5556,105.07041648458859,572-89-4 DCFDA
572-89-4,DCFDA,61.1111,105.57737846441023,572-89-4 DCFDA
572-89-4,DCFDA,66.6667,106.08433608127861,572-89-4 DCFDA
572-89-4,DCFDA,72.2222,106.59127108522598,572-89-4 DCFDA
572-89-4,DCFDA,77.7778,107.09820172645287,572-89-4 DCFDA
572-89-4,DCFDA,83.3333,107.6051097559628,572-89-4 DCFDA
572-89-4,DCFDA,88.8889,108.112013422985,572-89-4 DCFDA
572-89-4,DCFDA,94.4444,108.61889447949429,572-89-4 DCFDA
572-89-4,DCFDA,100.0,109.1257711737465,572-89-4 DCFDA
572-89-4,LDH,0.0,100.0,572-89-4 LDH
572-89-4,LDH,1.1111,100.19401903928012,572-89-4 LDH
572-89-4,LDH,2.2222,100.58534781918263,572-89-4 LDH
572-89-4,LDH,3.3333,101.11671993571133,572-89-4 LDH
572-89-4,LDH,4.4444,101.76597137421734,572-89-4 LDH
572-89-4,LDH,5.5556,102.51989856155048,572-89-4 LDH
572-89-4,LDH,6.6667,103.36918068470214,572-89-4 LDH
572-89-4,LDH,7.7778,104.30700599647871,572-89-4 LDH
572-89-4,LDH,8.8889,105.32796174625625,572-89-4 LDH
572-89-4,LDH,10.0,106.4276335282148,572-89-4 LDH
572-89-4,LDH,11.1111,107.60232596073857,572-89-4 LDH
572-89-4,LDH,12.2222,108.84888269697095,572-89-4 LDH
572-89-4,LDH,13.3333,110.16456431347218,572-89-4 LDH
572-89-4,LDH,14.4444,111.54696204366203,572-89-4 LDH
572-89-4,LDH,15.5556,112.99406788426224,572-89-4 LDH
572-89-4,LDH,16.6667,114.50370062817503,572-89-4 LDH
572-89-4,LDH,17.7778,116.07425127158126,572-89-4 LDH
572-89-4,LDH,18.8889,117.70413936471651,572-89-4 LDH
572-89-4,LDH,20.0,119.3919178355144,572-89-4 LDH
572-89-4,LDH,23.3333,124.78976619438092,572-89-4 LDH
572-89-4,LDH,26.6667,130.666274407025,572-89-4 LDH
572-89-4,LDH,30.0,136.99568107870368,572-89-4 LDH
572-89-4,LDH,33.3333,143.75688586868586,572-89-4 LDH
572-89-4,LDH,36.6667,150.93194300641068,572-89-4 LDH
572-89-4,LDH,40.0,158.5046542695138,572-89-4 LDH
572-89-4,LDH,43.3333,166.4613646419447,572-89-4 LDH
572-89-4,LDH,46.6667,174.7900060217951,572-89-4 LDH
572-89-4,LDH,50.0,183.4790239551549,572-89-4 LDH
572-89-4,LDH,55.5556,198.73564945319657,572-89-4 LDH
572-89-4,LDH,61.1111,214.92534742278218,572-89-4 LDH
572-89-4,LDH,66.6667,232.01312107575814,572-89-4 LDH
572-89-4,LDH,72.2222,249.96707098429397,572-89-4 LDH
572-89-4,LDH,77.7778,268.7600352135271,572-89-4 LDH
572-89-4,LDH,83.3333,288.3663929561807,572-89-4 LDH
572-89-4,LDH,88.8889,308.7642981113361,572-89-4 LDH
572-89-4,LDH,94.4444,329.9324898772882,572-89-4 LDH
572-89-4,LDH,100.0,351.852935675521,572-89-4 LDH
572-89-4,MMP,0.0,100.0,572-89-4 MMP
572-89-4,MMP,1.1111,157.6708748943024,572-89-4 MMP
572-89-4,MMP,2.2222,167.21390034373562,572-89-4 MMP
572-89-4,MMP,3.3333,173.51239976700992,572-89-4 MMP
572-89-4,MMP,4.4444,178.33604757509846,572-89-4 MMP
572-89-4,MMP,5.5556,182.29480571438074,572-89-4 MMP
572-89-4,MMP,6.6667,185.67706826916634,572-89-4 MMP
572-89-4,MMP,7.7778,188.6449616550633,572-89-4 MMP
572-89-4,MMP,8.8889,191.29884695881282,572-89-4 MMP
572-89-4,MMP,10.0,193.7056160147111,572-89-4 MMP
572-89-4,MMP,11.1111,195.91225870184658,572-89-4 MMP
572-89-4,MMP,12.2222,197.95314310839547,572-89-4 MMP
572-89-4,MMP,13.3333,199.85422273426389,572-89-4 MMP
572-89-4,MMP,14.4444,201.6356128952566,572-89-4 MMP
572-89-4,MMP,15.5556,203.31339050391847,572-89-4 MMP
572-89-4,MMP,16.6667,204.90010163176808,572-89-4 MMP
572-89-4,MMP,17.7778,206.40642459880343,572-89-4 MMP
572-89-4,MMP,18.8889,207.84109518605675,572-89-4 MMP
572-89-4,MMP,20.0,209.2114511528486,572-89-4 MMP
572-89-4,MMP,23.3333,212.9946043082362,572-89-4 MMP
572-89-4,MMP,26.6667,216.3775883095954,572-89-4 MMP
572-89-4,MMP,30.0,219.4454690953184,572-89-4 MMP
572-89-4,MMP,33.3333,222.25825110455543,572-89-4 MMP
572-89-4,MMP,36.6667,224.85981817139782,572-89-4 MMP
572-89-4,MMP,40.0,227.28309753642262,572-89-4 MMP
572-89-4,MMP,43.3333,229.553810800351,572-89-4 MMP
572-89-4,MMP,46.6667,231.69232619765197,572-89-4 MMP
572-89-4,MMP,50.0,233.71489185333112,572-89-4 MMP
572-89-4,MMP,55.5556,236.8637542229675,572-89-4 MMP
572-89-4,MMP,61.1111,239.7760265535829,572-89-4 MMP
572-89-4,MMP,66.6667,242.48884977143564,572-89-4 MMP
572-89-4,MMP,72.2222,245.03083036863308,572-89-4 MMP
572-89-4,MMP,77.7778,247.42479243113527,572-89-4 MMP
572-89-4,MMP,83.3333,249.68898241851505,572-89-4 MMP
572-89-4,MMP,88.8889,251.83849833892222,572-89-4 MMP
572-89-4,MMP,94.4444,253.88572873674943,572-89-4 MMP
572-89-4,MMP,100.0,255.84121850024349,572-89-4 MMP
2498-75-1,DCFDA,0.0,100.0,2498-75-1 DCFDA
2498-75-1,DCFDA,1.1111,100.26285776693369,2498-75-1 DCFDA
2498-75-1,DCFDA,2.2222,100.52570978558289,2498-75-1 DCFDA
2498-75-1,DCFDA,3.3333,100.7885560560717,2498-75-1 DCFDA
2498-75-1,DCFDA,4.4444,101.05139657852824,2498-75-1 DCFDA
2498-75-1,DCFDA,5.5556,101.31425500818301,2498-75-1 DCFDA
2498-75-1,DCFDA,6.6667,101.5770840344322,2498-75-1 DCFDA
2498-75-1,DCFDA,7.7778,101.83990731302411,2498-75-1 DCFDA
2498-75-1,DCFDA,8.8889,102.10272484408684,2498-75-1 DCFDA
2498-75-1,DCFDA,10.0,102.36553662774317,2498-75-1 DCFDA
2498-75-1,DCFDA,11.1111,102.62834266411987,2498-75-1 DCFDA
2498-75-1,DCFDA,12.2222,102.89114295334372,2498-75-1 DCFDA
2498-75-1,DCFDA,13.3333,103.15393749554016,2498-75-1 DCFDA
2498-75-1,DCFDA,14.4444,103.4167262908333,2498-75-1 DCFDA
2498-75-1,DCFDA,15.5556,103.67953298980296,2498-75-1 DCFDA
2498-75-1,DCFDA,16.6667,103.9423102911507,2498-75-1 DCFDA
2498-75-1,DCFDA,17.7778,104.20508184597549,2498-75-1 DCFDA
2498-75-1,DCFDA,18.8889,104.46784765439872,2498-75-1 DCFDA
2498-75-1,DCFDA,20.0,104.73060771654853,2498-75-1 DCFDA
2498-75-1,DCFDA,23.3333,105.51885342661183,2498-75-1 DCFDA
2498-75-1,DCFDA,26.6667,106.30707107001479,2498-75-1 DCFDA
2498-75-1,DCFDA,30.0,107.09521335803512,2498-75-1 DCFDA
2498-75-1,DCFDA,33.3333,107.8833039409004,2498-75-1 DCFDA
2498-75-1,DCFDA,36.6667,108.67136646262745,2498-75-1 DCFDA
2498-75-1,DCFDA,40.0,109.45935364380333,2498-75-1 DCFDA
2498-75-1,DCFDA,43.3333,110.24728912999825,2498-75-1 DCFDA
2498-75-1,DCFDA,46.6667,111.03519656057837,2498-75-1 DCFDA
2498-75-1,DCFDA,50.0,111.8230286654348,2498-75-1 DCFDA
2498-75-1,DCFDA,55.5556,113.13599095191546,2498-75-1 DCFDA
2498-75-1,DCFDA,61.1111,114.44878605075999,2498-75-1 DCFDA
2498-75-1,DCFDA,66.6667,115.76146123876036,2498-75-1 DCFDA
2498-75-1,DCFDA,72.2222,117.07396927568146,2498-75-1 DCFDA
2498-75-1,DCFDA,77.7778,118.38635742798103,2498-75-1 DCFDA
2498-75-1,DCFDA,83.3333,119.69857846575152,2498-75-1 DCFDA
2498-75-1,DCFDA,88.8889,121.01067964511242,2498-75-1 DCFDA
2498-75-1,DCFDA,94.4444,122.32261374648779,2498-75-1 DCFDA
2498-75-1,DCFDA,100.0,123.63442801566283,2498-75-1 DCFDA
2498-75-1,MMP,0.0,100.0,2498-75-1 MMP
2498-75-1,MMP,1.1111,100.56432704917827,2498-75-1 MMP
2498-75-1,MMP,2.2222,101.58321650683574,2498-75-1 MMP
2498-75-1,MMP,3.3333,102.89473647031551,2498-75-1 MMP
2498-75-1,MMP,4.4444,104.44170541030601,2498-75-1 MMP
2498-75-1,MMP,5.5556,106.19139071454512,2498-75-1 MMP
2498-75-1,MMP,6.6667,108.12134892487127,2498-75-1 MMP
2498-75-1,MMP,7.7778,110.21552496441413,2498-75-1 MMP
2498-75-1,MMP,8.8889,112.46138932156394,2498-75-1 MMP
2498-75-1,MMP,10.0,114.84887877456342,2498-75-1 MMP
2498-75-1,MMP,11.1111,117.36968075529529,2498-75-1 MMP
2498-75-1,MMP,12.2222,120.0167785524508,2498-75-1 MMP
2498-75-1,MMP,13.3333,122.78414649285244,2498-75-1 MMP
2498-75-1,MMP,14.4444,125.6665369253496,2498-75-1 MMP
2498-75-1,MMP,15.5556,128.65960044481898,2498-75-1 MMP
2498-75-1,MMP,16.6667,131.75868406796377,2498-75-1 MMP
2498-75-1,MMP,17.7778,134.9603608417043,2498-75-1 MMP
2498-75-1,MMP,18.8889,138.26129432587038,2498-75-1 MMP
2498-75-1,MMP,20.0,141.65844968467044,2498-75-1 MMP
2498-75-1,MMP,23.3333,152.40057890059327,2498-75-1 MMP
2498-75-1,MMP,26.6667,163.92115740767173,2498-75-1 MMP
2498-75-1,MMP,30.0,176.16787285778994,2498-75-1 MMP
2498-75-1,MMP,33.3333,189.09841984945646,2498-75-1 MMP
2498-75-1,MMP,36.6667,202.6772226561324,2498-75-1 MMP
2498-75-1,MMP,40.0,216.8725569436972,2498-75-1 MMP
2498-75-1,MMP,43.3333,231.65790260239135,2498-75-1 MMP
2498-75-1,MMP,46.6667,247.01001162072873,2498-75-1 MMP
2498-75-1,MMP,50.0,262.9068596228449,2498-75-1 MMP
2498-75-1,MMP,55.5556,290.56305648898217,2498-75-1 MMP
2498-75-1,MMP,61.1111,319.6043569723299,2498-75-1 MMP
2498-75-1,MMP,66.6667,349.96569657443405,2498-75-1 MMP
2498-75-1,MMP,72.2222,381.58840972071016,2498-75-1 MMP
2498-75-1,MMP,77.7778,414.42290761851626,2498-75-1 MMP
2498-75-1,MMP,83.3333,448.42287329223507,2498-75-1 MMP
2498-75-1,MMP,88.8889,483.5490306673101,2498-75-1 MMP
2498-75-1,MMP,94.4444,519.7635105228837,2498-75-1 MMP
2498-75-1,MMP,100.0,557.0343200936726,2498-75-1 MMP
56-49-5,CC,0.0,100.0,56-49-5 CC
56-49-5,CC,0.0222,100.0,56-49-5 CC
56-49-5,CC,0.0444,100.0,56-49-5 CC
56-49-5,CC,0.0667,100.0,56-49-5 CC
56-49-5,CC,0.0889,100.0,56-49-5 CC
56-49-5,CC,0.1111,100.0,56-49-5 CC
56-49-5,CC,0.1333,100.0,56-49-5 CC
56-49-5,CC,0.1556,100.0,56-49-5 CC
56-49-5,CC,0.1778,100.0,56-49-5 CC
56-49-5,CC,0.2,100.0,56-49-5 CC
56-49-5,CC,0.4,100.00000000000033,56-49-5 CC
56-49-5,CC,0.6,100.00000000001656,56-49-5 CC
56-49-5,CC,0.8,100.00000000026434,56-49-5 CC
56-49-5,CC,1.0,100.00000000226778,56-49-5 CC
56-49-5,CC,1.2,100.00000001313072,56-49-5 CC
56-49-5,CC,1.4,100.0000000579605,56-49-5 CC
56-49-5,CC,1.6,100.00000020975949,56-49-5 CC
56-49-5,CC,1.8,100.00000065227762,56-49-5 CC
56-49-5,CC,2.0,100.00000179960563,56-49-5 CC
56-49-5,CC,2.8889,100.00006215303013,56-49-5 CC
56-49-5,CC,3.7778,100.00082351947076,56-49-5 CC
56-49-5,CC,4.6667,100.00630410167311,56-49-5 CC
56-49-5,CC,5.5556,100.03380296329557,56-49-5 CC
56-49-5,CC,6.4444,100.14114105488481,56-49-5 CC
56-49-5,CC,7.3333,100.48957909458676,56-49-5 CC
56-49-5,CC,8.2222,101.47033887334531,56-49-5 CC
56-49-5,CC,9.1111,103.929020790614,56-49-5 CC
56-49-5,CC,10.0,109.50170790653776,56-49-5 CC
56-49-5,CC,14.4444,267.82593896578476,56-49-5 CC
56-49-5,CC,18.8889,310.5697769749049,56-49-5 CC
56-49-5,CC,23.3333,310.5697771153166,56-49-5 CC
56-49-5,CC,27.7778,310.5697771153166,56-49-5 CC
56-49-5,CC,32.2222,310.5697771153166,56-49-5 CC
56-49-5,CC,36.6667,310.5697771153166,56-49-5 CC
56-49-5,CC,41.1111,310.5697771153166,56-49-5 CC
56-49-5,CC,45.5556,310.5697771153166,56-49-5 CC
56-49-5,CC,50.0,310.5697771153166,56-49-5 CC
56-49-5,DCFDA,0.0,100.0,56-49-5 DCFDA
56-49-5,DCFDA,0.2222,102.67370779478065,56-49-5 DCFDA
56-49-5,DCFDA,0.4444,102.69081974275653,56-49-5 DCFDA
56-49-5,DCFDA,0.6667,102.70804844513775,56-49-5 DCFDA
56-49-5,DCFDA,0.8889,102.7253790923826,56-49-5 DCFDA
56-49-5,DCFDA,1.1111,102.7428201050817,56-49-5 DCFDA
56-49-5,DCFDA,1.3333,102.76037218257841,56-49-5 DCFDA
56-49-5,DCFDA,1.5556,102.77804400341904,56-49-5 DCFDA
56-49-5,DCFDA,1.7778,102.79582037698546,56-49-5 DCFDA
56-49-5,DCFDA,2.0,102.81370994026769,56-49-5 DCFDA
56-49-5,DCFDA,2.8889,102.88642278588291,56-49-5 DCFDA
56-49-5,DCFDA,3.7778,102.961005285467,56-49-5 DCFDA
56-49-5,DCFDA,4.6667,103.03750526988311,56-49-5 DCFDA
56-49-5,DCFDA,5.5556,103.11597178738594,56-49-5 DCFDA
56-49-5,DCFDA,6.4444,103.19644596482925,56-49-5 DCFDA
56-49-5,DCFDA,7.3333,103.27899748209435,56-49-5 DCFDA
56-49-5,DCFDA,8.2222,103.36367028768613,56-49-5 DCFDA
56-49-5,DCFDA,9.1111,103.45051861538491,56-49-5 DCFDA
56-49-5,DCFDA,10.0,103.53959807844554,56-49-5 DCFDA
56-49-5,DCFDA,14.4444,104.02049840352203,56-49-5 DCFDA
56-49-5,DCFDA,18.8889,104.56638591665482,56-49-5 DCFDA
56-49-5,DCFDA,23.3333,105.18596567637582,56-49-5 DCFDA
56-49-5,DCFDA,27.7778,105.88916171526296,56-49-5 DCFDA
56-49-5,DCFDA,32.2222,106.68715938774481,56-49-5 DCFDA
56-49-5,DCFDA,36.6667,107.59270849867242,56-49-5 DCFDA
56-49-5,DCFDA,41.1111,108.6201768431994,56-49-5 DCFDA
56-49-5,DCFDA,45.5556,109.78593942167721,56-49-5 DCFDA
56-49-5,DCFDA,50.0,111.10844609088778,56-49-5 DCFDA
56-49-5,DCFDA,55.5556,113.0142698186526,56-49-5 DCFDA
56-49-5,DCFDA,61.1111,115.24514343361557,56-49-5 DCFDA
56-49-5,DCFDA,66.6667,117.85627854007978,56-49-5 DCFDA
56-49-5,DCFDA,72.2222,120.91200565865903,56-49-5 DCFDA
56-49-5,DCFDA,77.7778,124.48771340808227,56-49-5 DCFDA
56-49-5,DCFDA,83.3333,128.67121938808253,56-49-5 DCFDA
56-49-5,DCFDA,88.8889,133.56541223920075,56-49-5 DCFDA
56-49-5,DCFDA,94.4444,139.29011282251668,56-49-5 DCFDA
56-49-5,DCFDA,100.0,145.98567217563485,56-49-5 DCFDA
56-49-5,LDH,0.0,100.0,56-49-5 LDH
56-49-5,LDH,0.2222,100.0,56-49-5 LDH
56-49-5,LDH,0.4444,100.0,56-49-5 LDH
56-49-5,LDH,0.6667,100.0,56-49-5 LDH
56-49-5,LDH,0.8889,100.0,56-49-5 LDH
56-49-5,LDH,1.1111,100.0,56-49-5 LDH
56-49-5,LDH,1.3333,100.0,56-49-5 LDH
56-49-5,LDH,1.5556,100.0,56-49-5 LDH
56-49-5,LDH,1.7778,100.0,56-49-5 LDH
56-49-5,LDH,2.0,100.0,56-49-5 LDH
56-49-5,LDH,2.8889,100.0,56-49-5 LDH
56-49-5,LDH,3.7778,100.0,56-49-5 LDH
56-49-5,LDH,4.6667,100.0,56-49-5 LDH
56-49-5,LDH,5.5556,100.0,56-49-5 LDH
56-49-5,LDH,6.4444,100.00000000000064,56-49-5 LDH
56-49-5,LDH,7.3333,100.00000000187927,56-49-5 LDH
56-49-5,LDH,8.2222,100.00000079393283,56-49-5 LDH
56-49-5,LDH,9.1111,100.000077583306,56-49-5 LDH
56-49-5,LDH,10.0,100.0024997580253,56-49-5 LDH
56-49-5,LDH,14.4444,108.66969658052709,56-49-5 LDH
56-49-5,LDH,18.8889,166.53915193366333,56-49-5 LDH
56-49-5,LDH,23.3333,210.7505316864079,56-49-5 LDH
56-49-5,LDH,27.7778,225.7957271026106,56-49-5 LDH
56-49-5,LDH,32.2222,229.86613657614723,56-49-5 LDH
56-49-5,LDH,36.6667,230.9042092796079,56-49-5 LDH
56-49-5,LDH,41.1111,231.16502165184048,56-49-5 LDH
56-49-5,LDH,45.5556,231.2303093573375,56-49-5 LDH
56-49-5,LDH,50.0,231.24663637682576,56-49-5 LDH
56-49-5,LDH,55.5556,231.25111722613553,56-49-5 LDH
56-49-5,LDH,61.1111,231.25190936392116,56-49-5 LDH
56-49-5,LDH,66.6667,231.2520494043085,56-49-5 LDH
56-49-5,LDH,72.2222,231.25207416058038,56-49-5 LDH
56-49-5,LDH,77.7778,231.252078537175,56-49-5 LDH
56-49-5,LDH,83.3333,231.2520793108668,56-49-5 LDH
56-49-5,LDH,88.8889,231.25207944764568,56-49-5 LDH
56-49-5,LDH,94.4444,231.25207947182537,56-49-5 LDH
56-49-5,LDH,100.0,231.25207947610002,56-49-5 LDH
56-49-5,MMP,0.0,100.0,56-49-5 MMP
56-49-5,MMP,0.2222,152.06886222228735,56-49-5 MMP
56-49-5,MMP,0.4444,160.22727856002751,56-49-5 MMP
56-49-5,MMP,0.6667,165.5821141973409,56-49-5 MMP
56-49-5,MMP,0.8889,169.66564327875494,56-49-5 MMP
56-49-5,MMP,1.1111,173.00747577175702,56-49-5 MMP
56-49-5,MMP,1.3333,175.85666143414653,56-49-5 MMP
56-49-5,MMP,1.5556,178.3532799482163,56-49-5 MMP
56-49-5,MMP,1.7778,180.58121350723775,56-49-5 MMP
56-49-5,MMP,2.0,182.59894457594748,56-49-5 MMP
56-49-5,MMP,2.8889,189.23010768945488,56-49-5 MMP
56-49-5,MMP,3.7778,194.40115941743028,56-49-5 MMP
56-49-5,MMP,4.6667,198.68448336286053,56-49-5 MMP
56-49-5,MMP,5.5556,202.36465128384992,56-49-5 MMP
56-49-5,MMP,6.4444,205.6050252609915,56-49-5 MMP
56-49-5,MMP,7.3333,208.5097925328153,56-49-5 MMP
56-49-5,MMP,8.2222,211.14843356142936,56-49-5 MMP
56-49-5,MMP,9.1111,213.57050572047442,56-49-5 MMP
56-49-5,MMP,10.0,215.81252616199058,56-49-5 MMP
56-49-5,MMP,14.4444,225.10994190749932,56-49-5 MMP
56-49-5,MMP,18.8889,232.36034245238596,56-49-5 MMP
56-49-5,MMP,23.3333,238.36591736553234,56-49-5 MMP
56-49-5,MMP,27.7778,243.52593718030693,56-49-5 MMP
56-49-5,MMP,32.2222,248.0696969570375,56-49-5 MMP
56-49-5,MMP,36.6667,252.1424716201734,56-49-5 MMP
56-49-5,MMP,41.1111,255.84203298269648,56-49-5 MMP
56-49-5,MMP,45.5556,259.23803016564557,56-49-5 MMP
56-49-5,MMP,50.0,262.3815084427536,56-49-5 MMP
56-49-5,MMP,55.5556,266.0143170066684,56-49-5 MMP
56-49-5,MMP,61.1111,269.370496095011,56-49-5 MMP
56-49-5,MMP,66.6667,272.4937149355419,56-49-5 MMP
56-49-5,MMP,72.2222,275.4175785250252,56-49-5 MMP
56-49-5,MMP,77.7778,278.16887043336396,56-49-5 MMP
56-49-5,MMP,83.3333,280.7689880349383,56-49-5 MMP
56-49-5,MMP,88.8889,283.23561907014994,56-49-5 MMP
56-49-5,MMP,94.4444,285.5832697789475,56-49-5 MMP
56-49-5,MMP,100.0,287.82427586430106,56-49-5 MMP
316-14-3,LDH,0.0,100.0,316-14-3 LDH
316-14-3,LDH,1.1111,104.85147612284483,316-14-3 LDH
316-14-3,LDH,2.2222,109.59314477945655,316-14-3 LDH
316-14-3,LDH,3.3333,114.22869229661615,316-14-3 LDH
316-14-3,LDH,4.4444,118.7616418230898,316-14-3 LDH
316-14-3,LDH,5.5556,123.19575693063655,316-14-3 LDH
316-14-3,LDH,6.6667,127.53346278093734,316-14-3 LDH
316-14-3,LDH,7.7778,131.77824773506333,316-14-3 LDH
316-14-3,LDH,8.8889,135.9330659326473,316-14-3 LDH
316-14-3,LDH,10.0,140.00074760249962,316-14-3 LDH
316-14-3,LDH,11.1111,143.98400549195838,316-14-3 LDH
316-14-3,LDH,12.2222,147.88544090003236,316-14-3 LDH
316-14-3,LDH,13.3333,151.70754934253245,316-14-3 LDH
316-14-3,LDH,14.4444,155.4527258751175,316-14-3 LDH
316-14-3,LDH,15.5556,159.12359715854333,316-14-3 LDH
316-14-3,LDH,16.6667,162.72171150412512,316-14-3 LDH
316-14-3,LDH,17.7778,166.2495251203339,316-14-3 LDH
316-14-3,LDH,18.8889,169.70907840042938,316-14-3 LDH
316-14-3,LDH,20.0,173.10233353434285,316-14-3 LDH
316-14-3,LDH,23.3333,182.90283539013956,316-14-3 LDH
316-14-3,LDH,26.6667,192.17079559345046,316-14-3 LDH
316-14-3,LDH,30.0,200.9479593593324,316-14-3 LDH
316-14-3,LDH,33.3333,209.27255043711045,316-14-3 LDH
316-14-3,LDH,36.6667,217.17892397705182,316-14-3 LDH
316-14-3,LDH,40.0,224.6973837765899,316-14-3 LDH
316-14-3,LDH,43.3333,231.85600443532564,316-14-3 LDH
316-14-3,LDH,46.6667,238.68021539721894,316-14-3 LDH
316-14-3,LDH,50.0,245.1925325639124,316-14-3 LDH
316-14-3,LDH,55.5556,255.40981239658706,316-14-3 LDH
316-14-3,LDH,61.1111,264.90415019055285,316-14-3 LDH
316-14-3,LDH,66.6667,273.7499612942687,316-14-3 LDH
316-14-3,LDH,72.2222,282.011211703342,316-14-3 LDH
316-14-3,LDH,77.7778,289.74426213207295,316-14-3 LDH
316-14-3,LDH,83.3333,296.99794758379204,316-14-3 LDH
316-14-3,LDH,88.8889,303.8157392440279,316-14-3 LDH
316-14-3,LDH,94.4444,310.23555769483323,316-14-3 LDH
316-14-3,LDH,100.0,316.2914727546273,316-14-3 LDH
317-64-6,LDH,0.0,100.0,317-64-6 LDH
317-64-6,LDH,1.1111,107.28576797509689,317-64-6 LDH
317-64-6,LDH,2.2222,114.34219611179688,317-64-6 LDH
317-64-6,LDH,3.3333,121.17994528494827,317-64-6 LDH
317-64-6,LDH,4.4444,127.80902568989472,317-64-6 LDH
317-64-6,LDH,5.5556,134.23941573017848,317-64-6 LDH
317-64-6,LDH,6.6667,140.4788098491313,317-64-6 LDH
317-64-6,LDH,7.7778,146.53613012239884,317-64-6 LDH
317-64-6,LDH,8.8889,152.41923167510535,317-64-6 LDH
317-64-6,LDH,10.0,158.13552418505762,317-64-6 LDH
317-64-6,LDH,11.1111,163.69200301681215,317-64-6 LDH
317-64-6,LDH,12.2222,169.09527778044298,317-64-6 LDH
317-64-6,LDH,13.3333,174.35159856015326,317-64-6 LDH
317-64-6,LDH,14.4444,179.46688003156288,317-64-6 LDH
317-64-6,LDH,15.5556,184.44716591981827,317-64-6 LDH
317-64-6,LDH,16.6667,189.29686895361698,317-64-6 LDH
317-64-6,LDH,17.7778,194.02147816683902,317-64-6 LDH
317-64-6,LDH,18.8889,198.62577195964454,317-64-6 LDH
317-64-6,LDH,20.0,203.11428842154393,317-64-6 LDH
317-64-6,LDH,23.3333,215.92725576978094,317-64-6 LDH
317-64-6,LDH,26.6667,227.84180189398467,317-64-6 LDH
317-64-6,LDH,30.0,238.94857572482397,317-64-6 LDH
317-64-6,LDH,33.3333,249.3273320367877,317-64-6 LDH
317-64-6,LDH,36.6667,259.04766094157634,317-64-6 LDH
317-64-6,LDH,40.0,268.16976146028657,317-64-6 LDH
317-64-6,LDH,43.3333,276.74746064590846,317-64-6 LDH
317-64-6,LDH,46.6667,284.828316118263,317-64-6 LDH
317-64-6,LDH,50.0,292.45383601866564,317-64-6 LDH
317-64-6,LDH,55.5556,304.2516729772399,317-64-6 LDH
317-64-6,LDH,61.1111,315.0369419235499,317-64-6 LDH
317-64-6,LDH,66.6667,324.9349784940258,317-64-6 LDH
317-64-6,LDH,72.2222,334.0506223534745,317-64-6 LDH
317-64-6,LDH,77.7778,342.4734048386672,317-64-6 LDH
317-64-6,LDH,83.3333,350.2791574942215,317-64-6 LDH
317-64-6,LDH,88.8889,357.53353933243847,317-64-6 LDH
317-64-6,LDH,94.4444,364.29274273542245,317-64-6 LDH
317-64-6,LDH,100.0,370.6060149290903,317-64-6 LDH
317-64-6,MMP,0.0,100.0,317-64-6 MMP
317-64-6,MMP,1.1111,205.85187763900058,317-64-6 MMP
317-64-6,MMP,2.2222,232.0162779129511,317-64-6 MMP
317-64-6,MMP,3.3333,250.22503149816782,317-64-6 MMP
317-64-6,MMP,4.4444,264.6479781249358,317-64-6 MMP
317-64-6,MMP,5.5556,276.78324720311974,317-64-6 MMP
317-64-6,MMP,6.6667,287.3584555032925,317-64-6 MMP
317-64-6,MMP,7.7778,296.7917398590348,317-64-6 MMP
317-64-6,MMP,8.8889,305.34629756351245,317-64-6 MMP
317-64-6,MMP,10.0,313.2001104588389,317-64-6 MMP
317-64-6,MMP,11.1111,320.47978627656755,317-64-6 MMP
317-64-6,MMP,12.2222,327.2789583307753,317-64-6 MMP
317-64-6,MMP,13.3333,333.6690417528677,317-64-6 MMP
317-64-6,MMP,14.4444,339.70588817404905,317-64-6 MMP
317-64-6,MMP,15.5556,345.434597851965,317-64-6 MMP
317-64-6,MMP,16.6667,350.8903828087588,317-64-6 MMP
317-64-6,MMP,17.7778,356.1036657280043,317-64-6 MMP
317-64-6,MMP,18.8889,361.09942709937803,317-64-6 MMP
317-64-6,MMP,20.0,365.8987791354562,317-64-6 MMP
317-64-6,MMP,23.3333,379.28654269900244,317-64-6 MMP
317-64-6,MMP,26.6667,391.4275561999569,317-64-6 MMP
317-64-6,MMP,30.0,402.57369092989416,317-64-6 MMP
317-64-6,MMP,33.3333,412.90501006571833,317-64-6 MMP
317-64-6,MMP,36.6667,422.5546783794922,317-64-6 MMP
317-64-6,MMP,40.0,431.6234714586422,317-64-6 MMP
317-64-6,MMP,43.3333,440.19095254384087,317-64-6 MMP
317-64-6,MMP,46.6667,448.3206518210015,317-64-6 MMP
317-64-6,MMP,50.0,456.06351516339475,317-64-6 MMP
317-64-6,MMP,55.5556,468.2214450351577,317-64-6 MMP
317-64-6,MMP,61.1111,479.57666556185836,317-64-6 MMP
317-64-6,MMP,66.6667,490.24885940815955,317-64-6 MMP
317-64-6,MMP,72.2222,500.33092048678986,317-64-6 MMP
317-64-6,MMP,77.7778,509.8976959032494,317-64-6 MMP
317-64-6,MMP,83.3333,519.009366876477,317-64-6 MMP
317-64-6,MMP,88.8889,527.7161891594039,317-64-6 MMP
317-64-6,MMP,94.4444,536.0595698161812,317-64-6 MMP
317-64-6,MMP,100.0,544.0750700028566,317-64-6 MMP
2541-69-7,DCFDA,,,2541-69-7 DCFDA
2541-69-7,LDH,0.0,100.0,2541-69-7 LDH
2541-69-7,LDH,1.1111,109.59577628763097,2541-69-7 LDH
2541-69-7,LDH,2.2222,119.00317426022477,2541-69-7 LDH
2541-69-7,LDH,3.3333,128.22768718653097,2541-69-7 LDH
2541-69-7,LDH,4.4444,137.27459680701634,2541-69-7 LDH
2541-69-7,LDH,5.5556,146.1497745049255,2541-69-7 LDH
2541-69-7,LDH,6.6667,154.85651160033137,2541-69-7 LDH
2541-69-7,LDH,7.7778,163.40031988235765,2541-69-7 LDH
2541-69-7,LDH,8.8889,171.78573027776267,2541-69-7 LDH
2541-69-7,LDH,10.0,180.01710725415563,2541-69-7 LDH
2541-69-7,LDH,11.1111,188.098656394736,2541-69-7 LDH
2541-69-7,LDH,12.2222,196.0344315631362,2541-69-7 LDH
2541-69-7,LDH,13.3333,203.82834168401413,2541-69-7 LDH
2541-69-7,LDH,14.4444,211.484157163225,2541-69-7 LDH
2541-69-7,LDH,15.5556,219.00618695391194,2541-69-7 LDH
2541-69-7,LDH,16.6667,226.39658875315962,2541-69-7 LDH
2541-69-7,LDH,17.7778,233.65943556527066,2541-69-7 LDH
2541-69-7,LDH,18.8889,240.79800144781143,2541-69-7 LDH
2541-69-7,LDH,20.0,247.8154493583826,2541-69-7 LDH
2541-69-7,LDH,23.3333,268.1711448412469,2541-69-7 LDH
2541-69-7,LDH,26.6667,287.54148349800084,2541-69-7 LDH
2541-69-7,LDH,30.0,305.99524063847076,2541-69-7 LDH
2541-69-7,LDH,33.3333,323.59648577271804,2541-69-7 LDH
2541-69-7,LDH,36.6667,340.40345347069155,2541-69-7 LDH
2541-69-7,LDH,40.0,356.4677788987264,2541-69-7 LDH
2541-69-7,LDH,43.3333,371.8380714384138,2541-69-7 LDH
2541-69-7,LDH,46.6667,386.55878916581844,2541-69-7 LDH
2541-69-7,LDH,50.0,400.6694290347484,2541-69-7 LDH
2541-69-7,LDH,55.5556,422.93225082652236,2541-69-7 LDH
2541-69-7,LDH,61.1111,443.7572447185928,2541-69-7 LDH
2541-69-7,LDH,66.6667,463.28002580123257,2541-69-7 LDH
2541-69-7,LDH,72.2222,481.61839427077365,2541-69-7 LDH
2541-69-7,LDH,77.7778,498.8775642024919,2541-69-7 LDH
2541-69-7,LDH,83.3333,515.1495085069027,2541-69-7 LDH
2541-69-7,LDH,88.8889,530.517113901916,2541-69-7 LDH
2541-69-7,LDH,94.4444,545.0532229955991,2541-69-7 LDH
2541-69-7,LDH,100.0,558.824025620412,2541-69-7 LDH
2381-31-9,LDH,0.0,100.0,2381-31-9 LDH
2381-31-9,LDH,1.1111,101.9468117619788,2381-31-9 LDH
2381-31-9,LDH,2.2222,103.86137570809011,2381-31-9 LDH
2381-31-9,LDH,3.3333,105.74448650647628,2381-31-9 LDH
2381-31-9,LDH,4.4444,107.5969129278158,2381-31-9 LDH
2381-31-9,LDH,5.5556,109.41956159146557,2381-31-9 LDH
2381-31-9,LDH,6.6667,111.21282456461316,2381-31-9 LDH
2381-31-9,LDH,7.7778,112.9775643652512,2381-31-9 LDH
2381-31-9,LDH,8.8889,114.71445614716869,2381-31-9 LDH
2381-31-9,LDH,10.0,116.42415392278409,2381-31-9 LDH
2381-31-9,LDH,11.1111,118.10729138422819,2381-31-9 LDH
2381-31-9,LDH,12.2222,119.76448268645518,2381-31-9 LDH
2381-31-9,LDH,13.3333,121.39632319441486,2381-31-9 LDH
2381-31-9,LDH,14.4444,123.00339019619581,2381-31-9 LDH
2381-31-9,LDH,15.5556,124.58638496886098,2381-31-9 LDH
2381-31-9,LDH,16.6667,126.14556578269139,2381-31-9 LDH
2381-31-9,LDH,17.7778,127.68160319809863,2381-31-9 LDH
2381-31-9,LDH,18.8889,129.195008705804,2381-31-9 LDH
2381-31-9,LDH,20.0,130.68627883419242,2381-31-9 LDH
2381-31-9,LDH,23.3333,135.03202903482105,2381-31-9 LDH
2381-31-9,LDH,26.6667,139.19523131801378,2381-31-9 LDH
2381-31-9,LDH,30.0,143.1869166768915,2381-31-9 LDH
2381-31-9,LDH,33.3333,147.01758309231812,2381-31-9 LDH
2381-31-9,LDH,36.6667,150.69688905117877,2381-31-9 LDH
2381-31-9,LDH,40.0,154.2334236863605,2381-31-9 LDH
2381-31-9,LDH,43.3333,157.63543907070263,2381-31-9 LDH
2381-31-9,LDH,46.6667,160.91056344601247,2381-31-9 LDH
2381-31-9,LDH,50.0,164.06558031866552,2381-31-9 LDH
2381-31-9,LDH,55.5556,169.07473089188244,2381-31-9 LDH
2381-31-9,LDH,61.1111,173.7954829068181,2381-31-9 LDH
2381-31-9,LDH,66.6667,178.25220192446457,2381-31-9 LDH
2381-31-9,LDH,72.2222,182.46628891481726,2381-31-9 LDH
2381-31-9,LDH,77.7778,186.45717268244067,2381-31-9 LDH
2381-31-9,LDH,83.3333,190.2419962377851,2381-31-9 LDH
2381-31-9,LDH,88.8889,193.8364432598143,2381-31-9 LDH
2381-31-9,LDH,94.4444,197.25440523200515,2381-31-9 LDH
2381-31-9,LDH,100.0,200.50868300471598,2381-31-9 LDH
2381-31-9,MMP,0.0,100.0,2381-31-9 MMP
2381-31-9,MMP,1.1111,111.92113371993099,2381-31-9 MMP
2381-31-9,MMP,2.2222,122.15245562983895,2381-31-9 MMP
2381-31-9,MMP,3.3333,131.83008577277695,2381-31-9 MMP
2381-31-9,MMP,4.4444,141.1648172028746,2381-31-9 MMP
2381-31-9,MMP,5.5556,150.253396412197,2381-31-9 MMP
2381-31-9,MMP,6.6667,159.14907377392205,2381-31-9 MMP
2381-31-9,MMP,7.7778,167.88813480303918,2381-31-9 MMP
2381-31-9,MMP,8.8889,176.49532158578367,2381-31-9 MMP
2381-31-9,MMP,10.0,184.9888476411298,2381-31-9 MMP
2381-31-9,MMP,11.1111,193.38266006758317,2381-31-9 MMP
2381-31-9,MMP,12.2222,201.68776802463236,2381-31-9 MMP
2381-31-9,MMP,13.3333,209.91307355007257,2381-31-9 MMP
2381-31-9,MMP,14.4444,218.06591739638623,2381-31-9 MMP
2381-31-9,MMP,15.5556,226.15317715147296,2381-31-9 MMP
2381-31-9,MMP,16.6667,234.17862564516034,2381-31-9 MMP
2381-31-9,MMP,17.7778,242.1474884126327,2381-31-9 MMP
2381-31-9,MMP,18.8889,250.06366939840404,2381-31-9 MMP
2381-31-9,MMP,20.0,257.9305895422982,2381-31-9 MMP
2381-31-9,MMP,23.3333,281.2643768414472,2381-31-9 MMP
2381-31-9,MMP,26.6667,304.2467356289118,2381-31-9 MMP
2381-31-9,MMP,30.0,326.9249195337685,2381-31-9 MMP
2381-31-9,MMP,33.3333,349.33686253948446,2381-31-9 MMP
2381-31-9,MMP,36.6667,371.5126216662839,2381-31-9 MMP
2381-31-9,MMP,40.0,393.4746358545437,2381-31-9 MMP
2381-31-9,MMP,43.3333,415.24317389173217,2381-31-9 MMP
2381-31-9,MMP,46.6667,436.83530875360884,2381-31-9 MMP
2381-31-9,MMP,50.0,458.2637044076612,2381-31-9 MMP
2381-31-9,MMP,55.5556,493.6477842134075,2381-31-9 MMP
2381-31-9,MMP,61.1111,528.6572976186607,2381-31-9 MMP
2381-31-9,MMP,66.6667,563.3310321415588,2381-31-9 MMP
2381-31-9,MMP,72.2222,597.6986842069157,2381-31-9 MMP
2381-31-9,MMP,77.7778,631.787427771587,2381-31-9 MMP
2381-31-9,MMP,83.3333,665.6180743103561,2381-31-9 MMP
2381-31-9,MMP,88.8889,699.2107902213613,2381-31-9 MMP
2381-31-9,MMP,94.4444,732.5808232512724,2381-31-9 MMP
2381-31-9,MMP,100.0,765.7437960286883,2381-31-9 MMP
2381-16-0,CC,0.0,100.0,2381-16-0 CC
2381-16-0,CC,0.0222,102.15860854307974,2381-16-0 CC
2381-16-0,CC,0.0444,103.0450621947923,2381-16-0 CC
2381-16-0,CC,0.0667,103.72671372389878,2381-16-0 CC
2381-16-0,CC,0.0889,104.29794710834227,2381-16-0 CC
2381-16-0,CC,0.1111,104.80082408383039,2381-16-0 CC
2381-16-0,CC,0.1333,105.2551685613481,2381-16-0 CC
2381-16-0,CC,0.1556,105.67456421216019,2381-16-0 CC
2381-16-0,CC,0.1778,106.06294100743142,2381-16-0 CC
2381-16-0,CC,0.2,106.42757241661272,2381-16-0 CC
2381-16-0,CC,0.4,109.06711771935862,2381-16-0 CC
2381-16-0,CC,0.6,111.0885735745546,2381-16-0 CC
2381-16-0,CC,0.8,112.79061804488114,2381-16-0 CC
2381-16-0,CC,1.0,114.28876714243323,2381-16-0 CC
2381-16-0,CC,1.2,115.64220446282272,2381-16-0 CC
2381-16-0,CC,1.4,116.88606046682402,2381-16-0 CC
2381-16-0,CC,1.6,118.04321009539201,2381-16-0 CC
2381-16-0,CC,1.8,119.12953381910049,2381-16-0 CC
2381-16-0,CC,2.0,120.15658873170993,2381-16-0 CC
2381-16-0,CC,2.8889,124.1929362024894,2381-16-0 CC
2381-16-0,CC,3.7778,127.63878165682355,2381-16-0 CC
2381-16-0,CC,4.6667,130.69525404719485,2381-16-0 CC
2381-16-0,CC,5.5556,133.47009245037034,2381-16-0 CC
2381-16-0,CC,6.4444,136.02871032030083,2381-16-0 CC
2381-16-0,CC,7.3333,138.4152352023126,2381-16-0 CC
2381-16-0,CC,8.2222,140.66000446938764,2381-16-0 CC
2381-16-0,CC,9.1111,142.7855360437785,2381-16-0 CC
2381-16-0,CC,10.0,144.8089549374501,2381-16-0 CC
2381-16-0,CC,14.4444,153.78174240024947,2381-16-0 CC
2381-16-0,CC,18.8889,161.44202691220391,2381-16-0 CC
2381-16-0,CC,23.3333,168.23656630883863,2381-16-0 CC
2381-16-0,CC,27.7778,174.40517462641463,2381-16-0 CC
2381-16-0,CC,32.2222,180.09360376263555,2381-16-0 CC
2381-16-0,CC,36.6667,185.39893463709507,2381-16-0 CC
2381-16-0,CC,41.1111,190.38903021027448,2381-16-0 CC
2381-16-0,CC,45.5556,195.11417189784243,2381-16-0 CC
2381-16-0,CC,50.0,199.61221461187716,2381-16-0 CC
2381-16-0,DCFDA,0.0,100.0,2381-16-0 DCFDA
2381-16-0,DCFDA,1.1111,100.17976191908343,2381-16-0 DCFDA
2381-16-0,DCFDA,2.2222,100.31107016509604,2381-16-0 DCFDA
2381-16-0,DCFDA,3.3333,100.42871967735834,2381-16-0 DCFDA
2381-16-0,DCFDA,4.4444,100.53829336105368,2381-16-0 DCFDA
2381-16-0,DCFDA,5.5556,100.64223773183849,2381-16-0 DCFDA
2381-16-0,DCFDA,6.6667,100.74188951783192,2381-16-0 DCFDA
2381-16-0,DCFDA,7.7778,100.83811502311954,2381-16-0 DCFDA
2381-16-0,DCFDA,8.8889,100.93150148772612,2381-16-0 DCFDA
2381-16-0,DCFDA,10.0,101.02247470903377,2381-16-0 DCFDA
2381-16-0,DCFDA,11.1111,101.11135648633083,2381-16-0 DCFDA
2381-16-0,DCFDA,12.2222,101.1983978961877,2381-16-0 DCFDA
2381-16-0,DCFDA,13.3333,101.28379985378879,2381-16-0 DCFDA
2381-16-0,DCFDA,14.4444,101.36772647753673,2381-16-0 DCFDA
2381-16-0,DCFDA,15.5556,101.45032151381443,2381-16-0 DCFDA
2381-16-0,DCFDA,16.6667,101.53168506199289,2381-16-0 DCFDA
2381-16-0,DCFDA,17.7778,101.61192272007115,2381-16-0 DCFDA
2381-16-0,DCFDA,18.8889,101.69111911190535,2381-16-0 DCFDA
2381-16-0,DCFDA,20.0,101.76934791399307,2381-16-0 DCFDA
2381-16-0,DCFDA,23.3333,101.99883927484974,2381-16-0 DCFDA
2381-16-0,DCFDA,26.6667,102.2215662767341,2381-16-0 DCFDA
2381-16-0,DCFDA,30.0,102.43853108377512,2381-16-0 DCFDA
2381-16-0,DCFDA,33.3333,102.65050794227845,2381-16-0 DCFDA
2381-16-0,DCFDA,36.6667,102.85810181929666,2381-16-0 DCFDA
2381-16-0,DCFDA,40.0,103.06177943874036,2381-16-0 DCFDA
2381-16-0,DCFDA,43.3333,103.26193850019173,2381-16-0 DCFDA
2381-16-0,DCFDA,46.6667,103.45891009908401,2381-16-0 DCFDA
2381-16-0,DCFDA,50.0,103.65295658780295,2381-16-0 DCFDA
2381-16-0,DCFDA,55.5556,103.97050679458818,2381-16-0 DCFDA
2381-16-0,DCFDA,61.1111,104.2814762247345,2381-16-0 DCFDA
2381-16-0,DCFDA,66.6667,104.5865939006908,2381-16-0 DCFDA
2381-16-0,DCFDA,72.2222,104.88643518368988,2381-16-0 DCFDA
2381-16-0,DCFDA,77.7778,105.18149808832193,2381-16-0 DCFDA
2381-16-0,DCFDA,83.3333,105.47218269977083,2381-16-0 DCFDA
2381-16-0,DCFDA,88.8889,105.75885000034486,2381-16-0 DCFDA
2381-16-0,DCFDA,94.4444,106.04179200826133,2381-16-0 DCFDA
2381-16-0,DCFDA,100.0,106.32128214168173,2381-16-0 DCFDA
2381-16-0,LDH,0.0,100.0,2381-16-0 LDH
2381-16-0,LDH,1.1111,100.14819638659371,2381-16-0 LDH
2381-16-0,LDH,2.2222,100.53981725518673,2381-16-0 LDH
2381-16-0,LDH,3.3333,101.14987349057984,2381-16-0 LDH
2381-16-0,LDH,4.4444,101.9663277607182,2381-16-0 LDH
2381-16-0,LDH,5.5556,102.98128755446376,2381-16-0 LDH
2381-16-0,LDH,6.6667,104.18862382795818,2381-16-0 LDH
2381-16-0,LDH,7.7778,105.58370882814853,2381-16-0 LDH
2381-16-0,LDH,8.8889,107.16265726552521,2381-16-0 LDH
2381-16-0,LDH,10.0,108.92217235361593,2381-16-0 LDH
2381-16-0,LDH,11.1111,110.85939738143708,2381-16-0 LDH
2381-16-0,LDH,12.2222,112.97181657902134,2381-16-0 LDH
2381-16-0,LDH,13.3333,115.25718570943232,2381-16-0 LDH
2381-16-0,LDH,14.4444,117.71348163704783,2381-16-0 LDH
2381-16-0,LDH,15.5556,120.33910841319423,2381-16-0 LDH
2381-16-0,LDH,16.6667,123.1319079108562,2381-16-0 LDH
2381-16-0,LDH,17.7778,126.09055506541814,2381-16-0 LDH
2381-16-0,LDH,18.8889,129.21360964128243,2381-16-0 LDH
2381-16-0,LDH,20.0,132.49973026289965,2381-16-0 LDH
2381-16-0,LDH,23.3333,143.32431843239092,2381-16-0 LDH
2381-16-0,LDH,26.6667,155.57591450806854,2381-16-0 LDH
2381-16-0,LDH,30.0,169.2282025467614,2381-16-0 LDH
2381-16-0,LDH,33.3333,184.25936326518286,2381-16-0 LDH
2381-16-0,LDH,36.6667,200.65038843587638,2381-16-0 LDH
2381-16-0,LDH,40.0,218.3828809060352,2381-16-0 LDH
2381-16-0,LDH,43.3333,237.44161439334923,2381-16-0 LDH
2381-16-0,LDH,46.6667,257.81294443242365,2381-16-0 LDH
2381-16-0,LDH,50.0,279.4825710232402,2381-16-0 LDH
2381-16-0,LDH,55.5556,318.45342450756755,2381-16-0 LDH
2381-16-0,LDH,61.1111,360.9478951231642,2381-16-0 LDH
2381-16-0,LDH,66.6667,406.92236489652777,2381-16-0 LDH
2381-16-0,LDH,72.2222,456.33447991940113,2381-16-0 LDH
2381-16-0,LDH,77.7778,509.14900757875694,2381-16-0 LDH
2381-16-0,LDH,83.3333,565.3301412559854,2381-16-0 LDH
2381-16-0,LDH,88.8889,624.8486458335193,2381-16-0 LDH
2381-16-0,LDH,94.4444,687.6734057203021,2381-16-0 LDH
2381-16-0,LDH,100.0,753.779697809022,2381-16-0 LDH
2381-16-0,MMP,0.0,100.0,2381-16-0 MMP
2381-16-0,MMP,1.1111,207.0579665741297,2381-16-0 MMP
2381-16-0,MMP,2.2222,207.67508509589567,2381-16-0 MMP
2381-16-0,MMP,3.3333,208.03772403243133,2381-16-0 MMP
2381-16-0,MMP,4.4444,208.29576089865708,2381-16-0 MMP
2381-16-0,MMP,5.5556,208.49635037399807,2381-16-0 MMP
2381-16-0,MMP,6.6667,208.66050372505754,2381-16-0 MMP
2381-16-0,MMP,7.7778,208.79948750978966,2381-16-0 MMP
2381-16-0,MMP,8.8889,208.92002464881685,2381-16-0 MMP
2381-16-0,MMP,10.0,209.02645693276048,2381-16-0 MMP
2381-16-0,MMP,11.1111,209.12175208526133,2381-16-0 MMP
2381-16-0,MMP,12.2222,209.20802886699533,2381-16-0 MMP
2381-16-0,MMP,13.3333,209.28685301907146,2381-16-0 MMP
2381-16-0,MMP,14.4444,209.35941449584504,2381-16-0 MMP
2381-16-0,MMP,15.5556,209.4266447503902,2381-16-0 MMP
2381-16-0,MMP,16.6667,209.48926597553952,2381-16-0 MMP
2381-16-0,MMP,17.7778,209.54787670647244,2381-16-0 MMP
2381-16-0,MMP,18.8889,209.60296164240995,2381-16-0 MMP
2381-16-0,MMP,20.0,209.6549225022904,2381-16-0 MMP
2381-16-0,MMP,23.3333,209.79517886302088,2381-16-0 MMP
2381-16-0,MMP,26.6667,209.91682301817673,2381-16-0 MMP
2381-16-0,MMP,30.0,210.0242293335478,2381-16-0 MMP
2381-16-0,MMP,33.3333,210.12039659430354,2381-16-0 MMP
2381-16-0,MMP,36.6667,210.20746544366972,2381-16-0 MMP
2381-16-0,MMP,40.0,210.2870107610574,2381-16-0 MMP
2381-16-0,MMP,43.3333,210.3602361208841,2381-16-0 MMP
2381-16-0,MMP,46.6667,210.42807756936455,2381-16-0 MMP
2381-16-0,MMP,50.0,210.4912720120589,2381-16-0 MMP
2381-16-0,MMP,55.5556,210.58784914459443,2381-16-0 MMP
2381-16-0,MMP,61.1111,210.67528494133734,2381-16-0 MMP
2381-16-0,MMP,66.6667,210.75516938163418,2381-16-0 MMP
2381-16-0,MMP,72.2222,210.8287055412996,2381-16-0 MMP
2381-16-0,MMP,77.7778,210.89683415217883,2381-16-0 MMP
2381-16-0,MMP,83.3333,210.96029687550146,2381-16-0 MMP
2381-16-0,MMP,88.8889,211.0196962381909,2381-16-0 MMP
2381-16-0,MMP,94.4444,211.07552132322388,2381-16-0 MMP
2381-16-0,MMP,100.0,211.12818127378029,2381-16-0 MMP
2381-39-7,DCFDA,0.0,100.0,2381-39-7 DCFDA
2381-39-7,DCFDA,0.2222,100.0,2381-39-7 DCFDA
2381-39-7,DCFDA,0.4444,100.0,2381-39-7 DCFDA
2381-39-7,DCFDA,0.6667,100.0,2381-39-7 DCFDA
2381-39-7,DCFDA,0.8889,100.0,2381-39-7 DCFDA
2381-39-7,DCFDA,1.1111,100.0,2381-39-7 DCFDA
2381-39-7,DCFDA,1.3333,100.0,2381-39-7 DCFDA
2381-39-7,DCFDA,1.5556,100.0,2381-39-7 DCFDA
2381-39-7,DCFDA,1.7778,100.0,2381-39-7 DCFDA
2381-39-7,DCFDA,2.0,100.0,2381-39-7 DCFDA
2381-39-7,DCFDA,2.8889,100.0,2381-39-7 DCFDA
2381-39-7,DCFDA,3.7778,100.0,2381-39-7 DCFDA
2381-39-7,DCFDA,4.6667,100.0,2381-39-7 DCFDA
2381-39-7,DCFDA,5.5556,100.0,2381-39-7 DCFDA
2381-39-7,DCFDA,6.4444,100.0,2381-39-7 DCFDA
2381-39-7,DCFDA,7.3333,100.0,2381-39-7 DCFDA
2381-39-7,DCFDA,8.2222,100.0,2381-39-7 DCFDA
2381-39-7,DCFDA,9.1111,100.0,2381-39-7 DCFDA
2381-39-7,DCFDA,10.0,100.0,2381-39-7 DCFDA
2381-39-7,DCFDA,11.6667,100.0,2381-39-7 DCFDA
2381-39-7,DCFDA,13.3333,100.0,2381-39-7 DCFDA
2381-39-7,DCFDA,15.0,100.00000000000001,2381-39-7 DCFDA
2381-39-7,DCFDA,16.6667,100.00000000000007,2381-39-7 DCFDA
2381-39-7,DCFDA,18.3333,100.00000000000034,2381-39-7 DCFDA
2381-39-7,DCFDA,20.0,100.0000000000018,2381-39-7 DCFDA
2381-39-7,DCFDA,21.6667,100.00000000000959,2381-39-7 DCFDA
2381-39-7,DCFDA,23.3333,100.00000000005076,2381-39-7 DCFDA
2381-39-7,DCFDA,25.0,100.0000000002688,2381-39-7 DCFDA
2381-39-7,DCFDA,27.7778,100.00000000432414,2381-39-7 DCFDA
2381-39-7,DCFDA,30.5556,100.00000006956202,2381-39-7 DCFDA
2381-39-7,DCFDA,33.3333,100.00000111892757,2381-39-7 DCFDA
2381-39-7,DCFDA,36.1111,100.00001800011277,2381-39-7 DCFDA
2381-39-7,DCFDA,38.8889,100.00028956660609,2381-39-7 DCFDA
2381-39-7,DCFDA,41.6667,100.00465823855592,2381-39-7 DCFDA
2381-39-7,DCFDA,44.4444,100.07492927712046,2381-39-7 DCFDA
2381-39-7,DCFDA,47.2222,101.20538225168875,2381-39-7 DCFDA
2381-39-7,DCFDA,50.0,119.39090337613027,2381-39-7 DCFDA
2381-39-7,LDH,0.0,100.0,2381-39-7 LDH
2381-39-7,LDH,0.2222,100.22780270213538,2381-39-7 LDH
2381-39-7,LDH,0.4444,100.4567172230492,2381-39-7 LDH
2381-39-7,LDH,0.6667,100.68685276609133,2381-39-7 LDH
2381-39-7,LDH,0.8889,100.91800773664234,2381-39-7 LDH
2381-39-7,LDH,1.1111,101.15029088712527,2381-39-7 LDH
2381-39-7,LDH,1.3333,101.38370772375941,2381-39-7 LDH
2381-39-7,LDH,1.5556,101.61836959771804,2381-39-7 LDH
2381-39-7,LDH,1.7778,101.85407094939677,2381-39-7 LDH
2381-39-7,LDH,2.0,102.09092267017314,2381-39-7 LDH
2381-39-7,LDH,4.5556,104.89957868794819,2381-39-7 LDH
2381-39-7,LDH,7.1111,107.86987894639903,2381-39-7 LDH
2381-39-7,LDH,9.6667,111.01137233303973,2381-39-7 LDH
2381-39-7,LDH,12.2222,114.3336654722517,2381-39-7 LDH
2381-39-7,LDH,14.7778,117.84743883426177,2381-39-7 LDH
2381-39-7,LDH,17.3333,121.56343746822196,2381-39-7 LDH
2381-39-7,LDH,19.8889,125.49360752430927,2381-39-7 LDH
2381-39-7,LDH,22.4444,129.6499673844959,2381-39-7 LDH
2381-39-7,LDH,25.0,134.0458788672243,2381-39-7 LDH
2381-39-7,LDH,27.7778,139.1116298559464,2381-39-7 LDH
2381-39-7,LDH,30.5556,144.49528934077205,2381-39-7 LDH
2381-39-7,LDH,33.3333,150.21659582229262,2381-39-7 LDH
2381-39-7,LDH,36.1111,156.29716343337674,2381-39-7 LDH
2381-39-7,LDH,38.8889,162.75932581866104,2381-39-7 LDH
2381-39-7,LDH,41.6667,169.62703050755567,2381-39-7 LDH
2381-39-7,LDH,44.4444,176.92545706304105,2381-39-7 LDH
2381-39-7,LDH,47.2222,184.68217771216206,2381-39-7 LDH
2381-39-7,LDH,50.0,192.92568253242518,2381-39-7 LDH
63041-77-0,CC,0.0,100.0,63041-77-0 CC
63041-77-0,CC,0.0222,100.31286647317042,63041-77-0 CC
63041-77-0,CC,0.0444,100.62458559541746,63041-77-0 CC
63041-77-0,CC,0.0667,100.93655798532632,63041-77-0 CC
63041-77-0,CC,0.0889,101.24598989211965,63041-77-0 CC
63041-77-0,CC,0.1111,101.55428704330816,63041-77-0 CC
63041-77-0,CC,0.1333,101.861453600293,63041-77-0 CC
63041-77-0,CC,0.1556,102.16886972604064,63041-77-0 CC
63041-77-0,CC,0.1778,102.47378247167462,63041-77-0 CC
63041-77-0,CC,0.2,102.77757703447261,63041-77-0 CC
63041-77-0,CC,0.4,105.46472450394236,63041-77-0 CC
63041-77-0,CC,0.6,108.06438652341491,63041-77-0 CC
63041-77-0,CC,0.8,110.57941135635485,63041-77-0 CC
63041-77-0,CC,1.0,113.01255453532391,63041-77-0 CC
63041-77-0,CC,1.2,115.36648188102063,63041-77-0 CC
63041-77-0,CC,1.4,117.64377242302916,63041-77-0 CC
63041-77-0,CC,1.6,119.84692122547722,63041-77-0 CC
63041-77-0,CC,1.8,121.97834212069921,63041-77-0 CC
63041-77-0,CC,2.0,124.04037035389928,63041-77-0 CC
63041-77-0,CC,2.8889,132.4225687598134,63041-77-0 CC
63041-77-0,CC,3.7778,139.6580925299603,63041-77-0 CC
63041-77-0,CC,4.6667,145.90380537200224,63041-77-0 CC
63041-77-0,CC,5.5556,151.29511222751896,63041-77-0 CC
63041-77-0,CC,6.4444,155.94840882212418,63041-77-0 CC
63041-77-0,CC,7.3333,159.9656260361373,63041-77-0 CC
63041-77-0,CC,8.2222,163.43329277871015,63041-77-0 CC
63041-77-0,CC,9.1111,166.42658689175943,63041-77-0 CC
63041-77-0,CC,10.0,169.0104019790673,63041-77-0 CC
63041-77-0,CC,14.4444,177.50055736490725,63041-77-0 CC
63041-77-0,CC,18.8889,181.56957556108142,63041-77-0 CC
63041-77-0,CC,23.3333,183.51961416411746,63041-77-0 CC
63041-77-0,CC,27.7778,184.45419571161534,63041-77-0 CC
63041-77-0,CC,32.2222,184.90208510592169,63041-77-0 CC
63041-77-0,CC,36.6667,185.11674196583567,63041-77-0 CC
63041-77-0,CC,41.1111,185.21961424191255,63041-77-0 CC
63041-77-0,CC,45.5556,185.26891712792766,63041-77-0 CC
63041-77-0,CC,50.0,185.2925450711649,63041-77-0 CC
63041-77-0,DCFDA,0.0,100.0,63041-77-0 DCFDA
63041-77-0,DCFDA,1.1111,108.2581010266451,63041-77-0 DCFDA
63041-77-0,DCFDA,2.2222,109.26096791924225,63041-77-0 DCFDA
63041-77-0,DCFDA,3.3333,109.90315515506592,63041-77-0 DCFDA
63041-77-0,DCFDA,4.4444,110.38562334421778,63041-77-0 DCFDA
63041-77-0,DCFDA,5.5556,110.77601566444154,63041-77-0 DCFDA
63041-77-0,DCFDA,6.6667,111.10582558507954,63041-77-0 DCFDA
63041-77-0,DCFDA,7.7778,111.39253946793887,63041-77-0 DCFDA
63041-77-0,DCFDA,8.8889,111.64687901255533,63041-77-0 DCFDA
63041-77-0,DCFDA,10.0,111.87593175180699,63041-77-0 DCFDA
63041-77-0,DCFDA,11.1111,112.08464107301927,63041-77-0 DCFDA
63041-77-0,DCFDA,12.2222,112.27659979314652,63041-77-0 DCFDA
63041-77-0,DCFDA,13.3333,112.45450577300278,63041-77-0 DCFDA
63041-77-0,DCFDA,14.4444,112.62043930589856,63041-77-0 DCFDA
63041-77-0,DCFDA,15.5556,112.77605374296873,63041-77-0 DCFDA
63041-77-0,DCFDA,16.6667,112.92263788724304,63041-77-0 DCFDA
63041-77-0,DCFDA,17.7778,113.06128037748046,63041-77-0 DCFDA
63041-77-0,DCFDA,18.8889,113.1928696528868,63041-77-0 DCFDA
63041-77-0,DCFDA,20.0,113.31814936747946,63041-77-0 DCFDA
63041-77-0,DCFDA,23.3333,113.66197938791197,63041-77-0 DCFDA
63041-77-0,DCFDA,26.6667,113.96699429583927,63041-77-0 DCFDA
63041-77-0,DCFDA,30.0,114.24167546142237,63041-77-0 DCFDA
63041-77-0,DCFDA,33.3333,114.49196070055967,63041-77-0 DCFDA
63041-77-0,DCFDA,36.6667,114.7221651760671,63041-77-0 DCFDA
63041-77-0,DCFDA,40.0,114.93551043247662,63041-77-0 DCFDA
63041-77-0,DCFDA,43.3333,115.13449833798344,63041-77-0 DCFDA
63041-77-0,DCFDA,46.6667,115.32110072851478,63041-77-0 DCFDA
63041-77-0,DCFDA,50.0,115.49688545528711,63041-77-0 DCFDA
63041-77-0,DCFDA,55.5556,115.76923462765689,63041-77-0 DCFDA
63041-77-0,DCFDA,61.1111,116.01972091352071,63041-77-0 DCFDA
63041-77-0,DCFDA,66.6667,116.25187388598195,63041-77-0 DCFDA
63041-77-0,DCFDA,72.2222,116.46839978213426,63041-77-0 DCFDA
63041-77-0,DCFDA,77.7778,116.6714461972052,63041-77-0 DCFDA
63041-77-0,DCFDA,83.3333,116.86272402294101,63041-77-0 DCFDA
63041-77-0,DCFDA,88.8889,117.04364192105356,63041-77-0 DCFDA
63041-77-0,DCFDA,94.4444,117.2153527247648,63041-77-0 DCFDA
63041-77-0,DCFDA,100.0,117.37883304969569,63041-77-0 DCFDA
63041-77-0,MMP,0.0,100.0,63041-77-0 MMP
63041-77-0,MMP,1.1111,172.21022717929043,63041-77-0 MMP
63041-77-0,MMP,2.2222,179.1983421654166,63041-77-0 MMP
63041-77-0,MMP,3.3333,183.59556806267582,63041-77-0 MMP
63041-77-0,MMP,4.4444,186.86272910036345,63041-77-0 MMP
63041-77-0,MMP,5.5556,189.4848312527012,63041-77-0 MMP
63041-77-0,MMP,6.6667,191.68567800273422,63041-77-0 MMP
63041-77-0,MMP,7.7778,193.58864898809375,63041-77-0 MMP
63041-77-0,MMP,8.8889,195.26897675630954,63041-77-0 MMP
63041-77-0,MMP,10.0,196.77615741903833,63041-77-0 MMP
63041-77-0,MMP,11.1111,198.1445712166494,63041-77-0 MMP
63041-77-0,MMP,12.2222,199.39911453666843,63041-77-0 MMP
63041-77-0,MMP,13.3333,200.55842121045276,63041-77-0 MMP
63041-77-0,MMP,14.4444,201.6368171273604,63041-77-0 MMP
63041-77-0,MMP,15.5556,202.64565193729052,63041-77-0 MMP
63041-77-0,MMP,16.6667,203.59376520957284,63041-77-0 MMP
63041-77-0,MMP,17.7778,204.4885927330144,63041-77-0 MMP
63041-77-0,MMP,18.8889,205.33619384403252,63041-77-0 MMP
63041-77-0,MMP,20.0,206.1416301834509,63041-77-0 MMP
63041-77-0,MMP,23.3333,208.34465024674972,63041-77-0 MMP
63041-77-0,MMP,26.6667,210.2899761126581,63041-77-0 MMP
63041-77-0,MMP,30.0,212.03479299795976,63041-77-0 MMP
63041-77-0,MMP,33.3333,213.61896373421953,63041-77-0 MMP
63041-77-0,MMP,36.6667,215.0713519299876,63041-77-0 MMP
63041-77-0,MMP,40.0,216.41344271625456,63041-77-0 MMP
63041-77-0,MMP,43.3333,217.66186603633327,63041-77-0 MMP
63041-77-0,MMP,46.6667,218.8296930730496,63041-77-0 MMP
63041-77-0,MMP,50.0,219.9272967354974,63041-77-0 MMP
63041-77-0,MMP,55.5556,221.62309656251375,63041-77-0 MMP
63041-77-0,MMP,61.1111,223.17775391981388,63041-77-0 MMP
63041-77-0,MMP,66.6667,224.61441705138634,63041-77-0 MMP
63041-77-0,MMP,72.2222,225.95078736637345,63041-77-0 MMP
63041-77-0,MMP,77.7778,227.20086918432537,63041-77-0 MMP
63041-77-0,MMP,83.3333,228.3757960427301,63041-77-0 MMP
63041-77-0,MMP,88.8889,229.48470906101792,63041-77-0 MMP
63041-77-0,MMP,94.4444,230.53507734214855,63041-77-0 MMP
63041-77-0,MMP,100.0,231.53321146946027,63041-77-0 MMP
63104-33-6,CC,0.0,100.0,63104-33-6 CC
63104-33-6,CC,0.0222,105.34072134868046,63104-33-6 CC
63104-33-6,CC,0.0444,106.87161787136323,63104-33-6 CC
63104-33-6,CC,0.0667,107.96756090132416,63104-33-6 CC
63104-33-6,CC,0.0889,108.84495881556158,63104-33-6 CC
63104-33-6,CC,0.1111,109.59175854960273,63104-33-6 CC
63104-33-6,CC,0.1333,110.24863557740808,63104-33-6 CC
63104-33-6,CC,0.1556,110.84160342522713,63104-33-6 CC
63104-33-6,CC,0.1778,111.38033106398659,63104-33-6 CC
63104-33-6,CC,0.2,111.87777221874873,63104-33-6 CC
63104-33-6,CC,0.4,115.28248836095918,63104-33-6 CC
63104-33-6,CC,0.6,117.71020268714292,63104-33-6 CC
63104-33-6,CC,0.8,119.6631528372125,63104-33-6 CC
63104-33-6,CC,1.0,121.32510157093071,63104-33-6 CC
63104-33-6,CC,1.2,122.78676181458228,63104-33-6 CC
63104-33-6,CC,1.4,124.10046837582442,63104-33-6 CC
63104-33-6,CC,1.6,125.29951735394687,63104-33-6 CC
63104-33-6,CC,1.8,126.4065746878522,63104-33-6 CC
63104-33-6,CC,2.0,127.43785707892225,63104-33-6 CC
63104-33-6,CC,2.8889,131.36320598507527,63104-33-6 CC
63104-33-6,CC,3.7778,134.57673387989394,63104-33-6 CC
63104-33-6,CC,4.6667,137.33819064527714,63104-33-6 CC
63104-33-6,CC,5.5556,139.78199940103485,63104-33-6 CC
63104-33-6,CC,6.4444,141.98770706135076,63104-33-6 CC
63104-33-6,CC,7.3333,144.00754473771815,63104-33-6 CC
63104-33-6,CC,8.2222,145.87696333604686,63104-33-6 CC
63104-33-6,CC,9.1111,147.62178157779894,63104-33-6 CC
63104-33-6,CC,10.0,149.26134954609665,63104-33-6 CC
63104-33-6,CC,14.4444,156.30869638291324,63104-33-6 CC
63104-33-6,CC,18.8889,162.07821879279714,63104-33-6 CC
63104-33-6,CC,23.3333,167.03599056182168,63104-33-6 CC
63104-33-6,CC,27.7778,171.4235751698065,63104-33-6 CC
63104-33-6,CC,32.2222,175.38401327821992,63104-33-6 CC
63104-33-6,CC,36.6667,179.01037378487118,63104-33-6 CC
63104-33-6,CC,41.1111,182.36660462878785,63104-33-6 CC
63104-33-6,CC,45.5556,185.49920986997358,63104-33-6 CC
63104-33-6,CC,50.0,188.44278735480736,63104-33-6 CC
63104-33-6,DCFDA,0.0,100.0,63104-33-6 DCFDA
63104-33-6,DCFDA,1.1111,100.11621554785964,63104-33-6 DCFDA
63104-33-6,DCFDA,2.2222,100.38322621470572,63104-33-6 DCFDA
63104-33-6,DCFDA,3.3333,100.77015386347205,63104-33-6 DCFDA
63104-33-6,DCFDA,4.4444,101.2637064002405,63104-33-6 DCFDA
63104-33-6,DCFDA,5.5556,101.8555808218462,63104-33-6 DCFDA
63104-33-6,DCFDA,6.6667,102.53968402897605,63104-33-6 DCFDA
63104-33-6,DCFDA,7.7778,103.31146242638815,63104-33-6 DCFDA
63104-33-6,DCFDA,8.8889,104.16721177009339,63104-33-6 DCFDA
63104-33-6,DCFDA,10.0,105.10385395674906,63104-33-6 DCFDA
63104-33-6,DCFDA,11.1111,106.11876991333001,63104-33-6 DCFDA
63104-33-6,DCFDA,12.2222,107.20969007528393,63104-33-6 DCFDA
63104-33-6,DCFDA,13.3333,108.3746189696395,63104-33-6 DCFDA
63104-33-6,DCFDA,14.4444,109.61178122420111,63104-33-6 DCFDA
63104-33-6,DCFDA,15.5556,110.91970251981873,63104-33-6 DCFDA
63104-33-6,DCFDA,16.6667,112.29670216523911,63104-33-6 DCFDA
63104-33-6,DCFDA,17.7778,113.74157607946636,63104-33-6 DCFDA
63104-33-6,DCFDA,18.8889,115.25311367747794,63104-33-6 DCFDA
63104-33-6,DCFDA,20.0,116.83019757922716,63104-33-6 DCFDA
63104-33-6,DCFDA,23.3333,121.94471233526076,63104-33-6 DCFDA
63104-33-6,DCFDA,26.6667,127.61587673725016,63104-33-6 DCFDA
63104-33-6,DCFDA,30.0,133.82295153945344,63104-33-6 DCFDA
63104-33-6,DCFDA,33.3333,140.54874218843213,63104-33-6 DCFDA
63104-33-6,DCFDA,36.6667,147.77843271364108,63104-33-6 DCFDA
63104-33-6,DCFDA,40.0,155.49836514841135,63104-33-6 DCFDA
63104-33-6,DCFDA,43.3333,163.69698364243482,63104-33-6 DCFDA
63104-33-6,DCFDA,46.6667,172.3639841414285,63104-33-6 DCFDA
63104-33-6,DCFDA,50.0,181.48926929854946,63104-33-6 DCFDA
63104-33-6,DCFDA,55.5556,197.6939462670178,63104-33-6 DCFDA
63104-33-6,DCFDA,61.1111,215.11184215030863,63104-33-6 DCFDA
63104-33-6,DCFDA,66.6667,233.71172265826624,63104-33-6 DCFDA
63104-33-6,DCFDA,72.2222,253.46457187169543,63104-33-6 DCFDA
63104-33-6,DCFDA,77.7778,274.3456313672749,63104-33-6 DCFDA
63104-33-6,DCFDA,83.3333,296.3310750896777,63104-33-6 DCFDA
63104-33-6,DCFDA,88.8889,319.40064011791605,63104-33-6 DCFDA
63104-33-6,DCFDA,94.4444,343.5341671506244,63104-33-6 DCFDA
63104-33-6,DCFDA,100.0,368.71468394346675,63104-33-6 DCFDA
63104-33-6,LDH,0.0,100.0,63104-33-6 LDH
63104-33-6,LDH,1.1111,102.09199289908493,63104-33-6 LDH
63104-33-6,LDH,2.2222,104.15931866034043,63104-33-6 LDH
63104-33-6,LDH,3.3333,106.20241100997153,63104-33-6 LDH
63104-33-6,LDH,4.4444,108.22169356506421,63104-33-6 LDH
63104-33-6,LDH,5.5556,110.21775871726538,63104-33-6 LDH
63104-33-6,LDH,6.6667,112.19065150067172,63104-33-6 LDH
63104-33-6,LDH,7.7778,114.14094759921431,63104-33-6 LDH
63104-33-6,LDH,8.8889,116.0690330217006,63104-33-6 LDH
63104-33-6,LDH,10.0,117.97528503470261,63104-33-6 LDH
63104-33-6,LDH,14.4444,125.38921189757801,63104-33-6 LDH
63104-33-6,LDH,18.8889,132.48202909536343,63104-33-6 LDH
63104-33-6,LDH,23.3333,139.27385696910184,63104-33-6 LDH
63104-33-6,LDH,27.7778,145.7837433838224,63104-33-6 LDH
63104-33-6,LDH,32.2222,152.02861192595984,63104-33-6 LDH
63104-33-6,LDH,36.6667,158.02458752667098,63104-33-6 LDH
63104-33-6,LDH,41.1111,163.7860049222209,63104-33-6 LDH
63104-33-6,LDH,45.5556,169.32660822501686,63104-33-6 LDH
63104-33-6,LDH,50.0,174.65861780667828,63104-33-6 LDH
63104-33-6,LDH,55.5556,181.0480984210165,63104-33-6 LDH
63104-33-6,LDH,61.1111,187.15045160167034,63104-33-6 LDH
63104-33-6,LDH,66.6667,192.98481165245664,63104-33-6 LDH
63104-33-6,LDH,72.2222,198.56825649003474,63104-33-6 LDH
63104-33-6,LDH,77.7778,203.91682033791292,63104-33-6 LDH
63104-33-6,LDH,83.3333,209.0448383119679,63104-33-6 LDH
63104-33-6,LDH,88.8889,213.9658496050922,63104-33-6 LDH
63104-33-6,LDH,94.4444,218.69197404802384,63104-33-6 LDH
63104-33-6,LDH,100.0,223.23472436670613,63104-33-6 LDH
63104-33-6,MMP,0.0,100.0,63104-33-6 MMP
63104-33-6,MMP,1.1111,115.29228338593272,63104-33-6 MMP
63104-33-6,MMP,2.2222,122.59201021583813,63104-33-6 MMP
63104-33-6,MMP,3.3333,128.38545141252786,63104-33-6 MMP
63104-33-6,MMP,4.4444,133.3762403371394,63104-33-6 MMP
63104-33-6,MMP,5.5556,137.84452040797441,63104-33-6 MMP
63104-33-6,MMP,6.6667,141.9355179260452,63104-33-6 MMP
63104-33-6,MMP,7.7778,145.7375733804558,63104-33-6 MMP
63104-33-6,MMP,8.8889,149.30860353693734,63104-33-6 MMP
63104-33-6,MMP,10.0,152.68921376530082,63104-33-6 MMP
63104-33-6,MMP,11.1111,155.90920844512024,63104-33-6 MMP
63104-33-6,MMP,12.2222,158.9912487786987,63104-33-6 MMP
63104-33-6,MMP,13.3333,161.95305338019475,63104-33-6 MMP
63104-33-6,MMP,14.4444,164.8087949770059,63104-33-6 MMP
63104-33-6,MMP,15.5556,167.57027050711298,63104-33-6 MMP
63104-33-6,MMP,16.6667,170.24655111119063,63104-33-6 MMP
63104-33-6,MMP,17.7778,172.84592148350742,63104-33-6 MMP
63104-33-6,MMP,18.8889,175.37520458581128,63104-33-6 MMP
63104-33-6,MMP,20.0,177.8402561350096,63104-33-6 MMP
63104-33-6,MMP,23.3333,184.89762460856326,63104-33-6 MMP
63104-33-6,MMP,26.6667,191.52635578313055,63104-33-6 MMP
63104-33-6,MMP,30.0,197.80142569650786,63104-33-6 MMP
63104-33-6,MMP,33.3333,203.7783619215252,63104-33-6 MMP
63104-33-6,MMP,36.6667,209.49939618984854,63104-33-6 MMP
63104-33-6,MMP,40.0,214.9970751538184,63104-33-6 MMP
63104-33-6,MMP,43.3333,220.29788126735536,63104-33-6 MMP
63104-33-6,MMP,46.6667,225.42340918161935,63104-33-6 MMP
63104-33-6,MMP,50.0,230.39111085565202,63104-33-6 MMP
63104-33-6,MMP,55.5556,238.35983995819427,63104-33-6 MMP
63104-33-6,MMP,61.1111,245.98702458856764,63104-33-6 MMP
63104-33-6,MMP,66.6667,253.31678949172127,63104-33-6 MMP
63104-33-6,MMP,72.2222,260.3839446744025,63104-33-6 MMP
63104-33-6,MMP,77.7778,267.21733438911286,63104-33-6 MMP
63104-33-6,MMP,83.3333,273.8403897511181,63104-33-6 MMP
63104-33-6,MMP,88.8889,280.273227261894,63104-33-6 MMP
63104-33-6,MMP,94.4444,286.53250059505945,63104-33-6 MMP
63104-33-6,MMP,100.0,292.632926958128,63104-33-6 MMP
63041-76-9,CC,0.0,100.0,63041-76-9 CC
63041-76-9,CC,0.0222,102.16361332744643,63041-76-9 CC
63041-76-9,CC,0.0444,103.17655570229866,63041-76-9 CC
63041-76-9,CC,0.0667,103.97993214505638,63041-76-9 CC
63041-76-9,CC,0.0889,104.66663791503636,63041-76-9 CC
63041-76-9,CC,0.1111,105.28007529102025,63041-76-9 CC
63041-76-9,CC,0.1333,105.84079631636072,63041-76-9 CC
63041-76-9,CC,0.1556,106.36342396043415,63041-76-9 CC
63041-76-9,CC,0.1778,106.85142538711732,63041-76-9 CC
63041-76-9,CC,0.2,107.31291307245824,63041-76-9 CC
63041-76-9,CC,0.4,110.73661149432291,63041-76-9 CC
63041-76-9,CC,0.6,113.44080958045913,63041-76-9 CC
63041-76-9,CC,0.8,115.7631883816824,63041-76-9 CC
63041-76-9,CC,1.0,117.83750927811005,63041-76-9 CC
63041-76-9,CC,1.2,119.73341528946324,63041-76-9 CC
63041-76-9,CC,1.4,121.49275846646276,63041-76-9 CC
63041-76-9,CC,1.6,123.14306595593887,63041-76-9 CC
63041-76-9,CC,1.8,124.70361132262636,63041-76-9 CC
63041-76-9,CC,2.0,126.18852504438019,63041-76-9 CC
63041-76-9,CC,2.8889,132.10624578629358,63041-76-9 CC
63041-76-9,CC,3.7778,137.25087723507798,63041-76-9 CC
63041-76-9,CC,4.6667,141.87737854729588,63041-76-9 CC
63041-76-9,CC,5.5556,146.12437894318975,63041-76-9 CC
63041-76-9,CC,6.4444,150.07696536045245,63041-76-9 CC
63041-76-9,CC,7.3333,153.79327161020655,63041-76-9 CC
63041-76-9,CC,8.2222,157.31343774858743,63041-76-9 CC
63041-76-9,CC,9.1111,160.66751929101008,63041-76-9 CC
63041-76-9,CC,10.0,163.87851924816056,63041-76-9 CC
63041-76-9,CC,14.4444,178.31260331414092,63041-76-9 CC
63041-76-9,CC,18.8889,190.861317893551,63041-76-9 CC
63041-76-9,CC,23.3333,202.14596751513312,63041-76-9 CC
63041-76-9,CC,27.7778,212.5052010507514,63041-76-9 CC
63041-76-9,CC,32.2222,222.14713850138838,63041-76-9 CC
63041-76-9,CC,36.6667,231.21185382712875,63041-76-9 CC
63041-76-9,CC,41.1111,239.7979635725111,63041-76-9 CC
63041-76-9,CC,45.5556,247.97916282745132,63041-76-9 CC
63041-76-9,CC,50.0,255.81118884788995,63041-76-9 CC
63041-76-9,LDH,0.0,100.0,63041-76-9 LDH
63041-76-9,LDH,1.1111,103.29108361219325,63041-76-9 LDH
63041-76-9,LDH,2.2222,106.53893682500106,63041-76-9 LDH
63041-76-9,LDH,3.3333,109.74440586722534,63041-76-9 LDH
63041-76-9,LDH,4.4444,112.90831502443825,63041-76-9 LDH
63041-76-9,LDH,5.5556,116.03174662156106,63041-76-9 LDH
63041-76-9,LDH,6.6667,119.11492103565405,63041-76-9 LDH
63041-76-9,LDH,7.7778,122.15888376207099,63041-76-9 LDH
63041-76-9,LDH,8.8889,125.16437811309432,63041-76-9 LDH
63041-76-9,LDH,10.0,128.132128731612,63041-76-9 LDH
63041-76-9,LDH,11.1111,131.06284217359698,63041-76-9 LDH
63041-76-9,LDH,12.2222,133.9572074689142,63041-76-9 LDH
63041-76-9,LDH,13.3333,136.81589666139,63041-76-9 LDH
63041-76-9,LDH,14.4444,139.63956532903308,63041-76-9 LDH
63041-76-9,LDH,15.5556,142.4291025952062,63041-76-9 LDH
63041-76-9,LDH,16.6667,145.18463056132748,63041-76-9 LDH
63041-76-9,LDH,17.7778,147.90701091785616,63041-76-9 LDH
63041-76-9,LDH,18.8889,150.59683821223985,63041-76-9 LDH
63041-76-9,LDH,20.0,153.25469285774236,63041-76-9 LDH
63041-76-9,LDH,23.3333,161.0420216866516,63041-76-9 LDH
63041-76-9,LDH,26.6667,168.56144123385047,63041-76-9 LDH
63041-76-9,LDH,30.0,175.82611460249208,63041-76-9 LDH
63041-76-9,LDH,33.3333,182.8489789326497,63041-76-9 LDH
63041-76-9,LDH,36.6667,189.6421101762356,63041-76-9 LDH
63041-76-9,LDH,40.0,196.21621141917558,63041-76-9 LDH
63041-76-9,LDH,43.3333,202.58189576130346,63041-76-9 LDH
63041-76-9,LDH,46.6667,208.74910175004146,63041-76-9 LDH
63041-76-9,LDH,50.0,214.72661640146822,63041-76-9 LDH
63041-76-9,LDH,55.5556,224.2913216884678,63041-76-9 LDH
63041-76-9,LDH,61.1111,233.38987533720115,63041-76-9 LDH
63041-76-9,LDH,66.6667,242.0558492282228,63041-76-9 LDH
63041-76-9,LDH,72.2222,250.31908618432757,63041-76-9 LDH
63041-76-9,LDH,77.7778,258.20730098675546,63041-76-9 LDH
63041-76-9,LDH,83.3333,265.7451920461815,63041-76-9 LDH
63041-76-9,LDH,88.8889,272.95584370051847,63041-76-9 LDH
63041-76-9,LDH,94.4444,279.85986942620343,63041-76-9 LDH
63041-76-9,LDH,100.0,286.47665372382323,63041-76-9 LDH
63041-76-9,MMP,0.0,100.0,63041-76-9 MMP
63041-76-9,MMP,1.1111,129.878174377062,63041-76-9 MMP
63041-76-9,MMP,2.2222,149.0892253938681,63041-76-9 MMP
63041-76-9,MMP,3.3333,164.95130860631818,63041-76-9 MMP
63041-76-9,MMP,4.4444,178.73758280023608,63041-76-9 MMP
63041-76-9,MMP,5.5556,191.0341616495146,63041-76-9 MMP
63041-76-9,MMP,6.6667,202.17768147218987,63041-76-9 MMP
63041-76-9,MMP,7.7778,212.39070223125563,63041-76-9 MMP
63041-76-9,MMP,8.8889,221.82918146417032,63041-76-9 MMP
63041-76-9,MMP,10.0,230.60878868493975,63041-76-9 MMP
63041-76-9,MMP,11.1111,238.81859561565076,63041-76-9 MMP
63041-76-9,MMP,12.2222,246.52918308040773,63041-76-9 MMP
63041-76-9,MMP,13.3333,253.79775446709078,63041-76-9 MMP
63041-76-9,MMP,14.4444,260.6715238085203,63041-76-9 MMP
63041-76-9,MMP,15.5556,267.1906228151917,63041-76-9 MMP
63041-76-9,MMP,16.6667,273.3874490017753,63041-76-9 MMP
63041-76-9,MMP,17.7778,279.29139745790206,63041-76-9 MMP
63041-76-9,MMP,18.8889,284.927396290247,63041-76-9 MMP
63041-76-9,MMP,20.0,290.31720355562265,63041-76-9 MMP
63041-76-9,MMP,23.3333,305.19006427075874,63041-76-9 MMP
63041-76-9,MMP,26.6667,318.42047853792087,63041-76-9 MMP
63041-76-9,MMP,30.0,330.3065916736356,63041-76-9 MMP
63041-76-9,MMP,33.3333,341.0726306895483,63041-76-9 MMP
63041-76-9,MMP,36.6667,350.89123699914614,63041-76-9 MMP
63041-76-9,MMP,40.0,359.89760040774337,63041-76-9 MMP
63041-76-9,MMP,43.3333,368.2009940866336,63041-76-9 MMP
63041-76-9,MMP,46.6667,375.8904655055141,63041-76-9 MMP
63041-76-9,MMP,50.0,383.0389336418532,63041-76-9 MMP
63041-76-9,MMP,55.5556,393.9136975244729,63041-76-9 MMP
63041-76-9,MMP,61.1111,403.68125546947766,63041-76-9 MMP
63041-76-9,MMP,66.6667,412.5183246557048,63041-76-9 MMP
63041-76-9,MMP,72.2222,420.5633420104049,63041-76-9 MMP
63041-76-9,MMP,77.7778,427.927635668804,63041-76-9 MMP
63041-76-9,MMP,83.3333,434.7010964491871,63041-76-9 MMP
63041-76-9,MMP,88.8889,440.9581026264369,63041-76-9 MMP
63041-76-9,MMP,94.4444,446.7600653168342,63041-76-9 MMP
63041-76-9,MMP,100.0,452.1589465196287,63041-76-9 MMP
70644-19-8,CC,0.0,100.0,70644-19-8 CC
70644-19-8,CC,0.0222,100.15303116668304,70644-19-8 CC
70644-19-8,CC,0.0444,100.30549861239508,70644-19-8 CC
70644-19-8,CC,0.0667,100.45808740654913,70644-19-8 CC
70644-19-8,CC,0.0889,100.60943111646624,70644-19-8 CC
70644-19-8,CC,0.1111,100.76021732149754,70644-19-8 CC
70644-19-8,CC,0.1333,100.91044807532398,70644-19-8 CC
70644-19-8,CC,0.1556,101.06079839741521,70644-19-8 CC
70644-19-8,CC,0.1778,101.20992190060998,70644-19-8 CC
70644-19-8,CC,0.2,101.35849607749536,70644-19-8 CC
70644-19-8,CC,0.4,102.6725677939148,70644-19-8 CC
70644-19-8,CC,0.6,103.94366787620373,70644-19-8 CC
70644-19-8,CC,0.8,105.17320154549031,70644-19-8 CC
70644-19-8,CC,1.0,106.36252807057956,70644-19-8 CC
70644-19-8,CC,1.2,107.5129622706463,70644-19-8 CC
70644-19-8,CC,1.4,108.62577596878855,70644-19-8 CC
70644-19-8,CC,1.6,109.70219939804784,70644-19-8 CC
70644-19-8,CC,1.8,110.74342256145125,70644-19-8 CC
70644-19-8,CC,2.0,111.75059654757848,70644-19-8 CC
70644-19-8,CC,2.8889,115.84315628825567,70644-19-8 CC
70644-19-8,CC,3.7778,119.37352012391972,70644-19-8 CC
70644-19-8,CC,4.6667,122.41891703976341,70644-19-8 CC
70644-19-8,CC,5.5556,125.0459670569144,70644-19-8 CC
70644-19-8,CC,6.4444,127.31190201782331,70644-19-8 CC
70644-19-8,CC,7.3333,129.2668015247166,70644-19-8 CC
70644-19-8,CC,8.2222,130.95315602136512,70644-19-8 CC
70644-19-8,CC,9.1111,132.40785559970095,70644-19-8 CC
70644-19-8,CC,10.0,133.662722750953,70644-19-8 CC
70644-19-8,CC,14.4444,137.77870211953004,70644-19-8 CC
70644-19-8,CC,18.8889,139.744818406654,70644-19-8 CC
70644-19-8,CC,23.3333,140.68394640467278,70644-19-8 CC
70644-19-8,CC,27.7778,141.13254798579229,70644-19-8 CC
70644-19-8,CC,32.2222,141.3468253952944,70644-19-8 CC
70644-19-8,CC,36.6667,141.44918118162343,70644-19-8 CC
70644-19-8,CC,41.1111,141.49807207649593,70644-19-8 CC
70644-19-8,CC,45.5556,141.5214262228832,70644-19-8 CC
70644-19-8,CC,50.0,141.53258148001922,70644-19-8 CC
70644-19-8,LDH,0.0,100.0,70644-19-8 LDH
70644-19-8,LDH,1.1111,102.7685789494984,70644-19-8 LDH
70644-19-8,LDH,2.2222,105.49630999042202,70644-19-8 LDH
70644-19-8,LDH,3.3333,108.18409051425402,70644-19-8 LDH
70644-19-8,LDH,4.4444,110.83279181707299,70644-19-8 LDH
70644-19-8,LDH,5.5556,113.44349328991532,70644-19-8 LDH
70644-19-8,LDH,6.6667,116.01654699455439,70644-19-8 LDH
70644-19-8,LDH,7.7778,118.55298808135994,70644-19-8 LDH
70644-19-8,LDH,8.8889,121.05359248484763,70644-19-8 LDH
70644-19-8,LDH,10.0,123.51911436740559,70644-19-8 LDH
70644-19-8,LDH,11.1111,125.95028687761165,70644-19-8 LDH
70644-19-8,LDH,12.2222,128.3478228770751,70644-19-8 LDH
70644-19-8,LDH,13.3333,130.71241563731735,70644-19-8 LDH
70644-19-8,LDH,14.4444,133.044739508122,70644-19-8 LDH
70644-19-8,LDH,15.5556,135.34565622133897,70644-19-8 LDH
70644-19-8,LDH,16.6667,137.61539009612738,70644-19-8 LDH
70644-19-8,LDH,17.7778,139.85477093903472,70644-19-8 LDH
70644-19-8,LDH,18.8889,142.0644035701984,70644-19-8 LDH
70644-19-8,LDH,20.0,144.2448768467722,70644-19-8 LDH
70644-19-8,LDH,28.8889,160.7048934424681,70644-19-8 LDH
70644-19-8,LDH,37.7778,175.59311626111062,70644-19-8 LDH
70644-19-8,LDH,46.6667,189.12442539703432,70644-19-8 LDH
70644-19-8,LDH,55.5556,201.47623968160508,70644-19-8 LDH
70644-19-8,LDH,64.4444,212.7962172536753,70644-19-8 LDH
70644-19-8,LDH,73.3333,223.20869425908347,70644-19-8 LDH
70644-19-8,LDH,82.2222,232.81848984394998,70644-19-8 LDH
70644-19-8,LDH,91.1111,241.7149754236004,70644-19-8 LDH
70644-19-8,LDH,100.0,249.97472958924078,70644-19-8 LDH
63104-32-5,CC,0.0,100.0,63104-32-5 CC
63104-32-5,CC,0.0222,100.39376018369538,63104-32-5 CC
63104-32-5,CC,0.0444,100.78650193859549,63104-32-5 CC
63104-32-5,CC,0.0667,101.17999013597876,63104-32-5 CC
63104-32-5,CC,0.0889,101.57069837084245,63104-32-5 CC
63104-32-5,CC,0.1111,101.96039607052916,63104-32-5 CC
63104-32-5,CC,0.1333,102.3490858487062,63104-32-5 CC
63104-32-5,CC,0.1556,102.73851436820514,63104-32-5 CC
63104-32-5,CC,0.1778,103.12519160648284,63104-32-5 CC
63104-32-5,CC,0.2,103.51086873542941,63104-32-5 CC
63104-32-5,CC,0.4,106.94077266909183,63104-32-5 CC
63104-32-5,CC,0.6,110.2915789454518,63104-32-5 CC
63104-32-5,CC,0.8,113.56511165040553,63104-32-5 CC
63104-32-5,CC,1.0,116.76315280426257,63104-32-5 CC
63104-32-5,CC,1.2,119.88744333182822,63104-32-5 CC
63104-32-5,CC,1.4,122.93968401011465,63104-32-5 CC
63104-32-5,CC,1.6,125.92153639419661,63104-32-5 CC
63104-32-5,CC,1.8,128.83462372171596,63104-32-5 CC
63104-32-5,CC,2.0,131.68053179652713,63104-32-5 CC
63104-32-5,CC,2.8889,143.5558408500483,63104-32-5 CC
63104-32-5,CC,3.7778,154.2614262434543,63104-32-5 CC
63104-32-5,CC,4.6667,163.91250632052606,63104-32-5 CC
63104-32-5,CC,5.5556,172.61295036270073,63104-32-5 CC
63104-32-5,CC,6.4444,180.4555590544709,63104-32-5 CC
63104-32-5,CC,7.3333,187.52650443633993,63104-32-5 CC
63104-32-5,CC,8.2222,193.90095829320717,63104-32-5 CC
63104-32-5,CC,9.1111,199.6475253756684,63104-32-5 CC
63104-32-5,CC,10.0,204.82805283335028,63104-32-5 CC
63104-32-5,CC,14.4444,224.0099729850396,63104-32-5 CC
63104-32-5,CC,18.8889,235.4317084378167,63104-32-5 CC
63104-32-5,CC,23.3333,242.23238524306396,63104-32-5 CC
63104-32-5,CC,27.7778,246.28179900118192,63104-32-5 CC
63104-32-5,CC,32.2222,248.69288217970066,63104-32-5 CC
63104-32-5,CC,36.6667,250.1285441990349,63104-32-5 CC
63104-32-5,CC,41.1111,250.98335942702082,63104-32-5 CC
63104-32-5,CC,45.5556,251.49235296457346,63104-32-5 CC
63104-32-5,CC,50.0,251.79541553848497,63104-32-5 CC
63104-32-5,MMP,0.0,100.0,63104-32-5 MMP
63104-32-5,MMP,1.1111,104.2897150472864,63104-32-5 MMP
63104-32-5,MMP,2.2222,108.49742177602782,63104-32-5 MMP
63104-32-5,MMP,3.3333,112.62544960219068,63104-32-5 MMP
63104-32-5,MMP,4.4444,116.67604054760841,63104-32-5 MMP
63104-32-5,MMP,5.5556,120.6517077572539,63104-32-5 MMP
63104-32-5,MMP,6.6667,124.55381501134376,63104-32-5 MMP
63104-32-5,MMP,7.7778,128.38472675960617,63104-32-5 MMP
63104-32-5,MMP,8.8889,132.1463738729574,63104-32-5 MMP
63104-32-5,MMP,10.0,135.8406180258091,63104-32-5 MMP
63104-32-5,MMP,11.1111,139.46925476828216,63104-32-5 MMP
63104-32-5,MMP,12.2222,143.03401643617983,63104-32-5 MMP
63104-32-5,MMP,13.3333,146.53657490862824,63104-32-5 MMP
63104-32-5,MMP,14.4444,149.9785442226075,63104-32-5 MMP
63104-32-5,MMP,15.5556,153.36178490942945,63104-32-5 MMP
63104-32-5,MMP,16.6667,156.6871938113093,63104-32-5 MMP
63104-32-5,MMP,17.7778,159.95653291652317,63104-32-5 MMP
63104-32-5,MMP,18.8889,163.17120846099692,63104-32-5 MMP
63104-32-5,MMP,20.0,166.33258004581444,63104-32-5 MMP
63104-32-5,MMP,23.3333,175.50980714214316,63104-32-5 MMP
63104-32-5,MMP,26.6667,184.2524082079449,63104-32-5 MMP
63104-32-5,MMP,30.0,192.5900556494176,63104-32-5 MMP
63104-32-5,MMP,33.3333,200.55048192047047,63104-32-5 MMP
63104-32-5,MMP,36.6667,208.1589439132354,63104-32-5 MMP
63104-32-5,MMP,40.0,215.43785220704706,63104-32-5 MMP
63104-32-5,MMP,43.3333,222.40836908440332,63104-32-5 MMP
63104-32-5,MMP,46.6667,229.08988306633407,63104-32-5 MMP
63104-32-5,MMP,50.0,235.49962576134024,63104-32-5 MMP
63104-32-5,MMP,55.5556,245.62272158611077,63104-32-5 MMP
63104-32-5,MMP,61.1111,255.10338234359423,63104-32-5 MMP
63104-32-5,MMP,66.6667,264.0011932648888,63104-32-5 MMP
63104-32-5,MMP,72.2222,272.368007684818,63104-32-5 MMP
63104-32-5,MMP,77.7778,280.25025650934583,63104-32-5 MMP
63104-32-5,MMP,83.3333,287.6885903685338,63104-32-5 MMP
63104-32-5,MMP,88.8889,294.71972919165665,63104-32-5 MMP
63104-32-5,MMP,94.4444,301.37598539368463,63104-32-5 MMP
63104-32-5,MMP,100.0,307.68678343773865,63104-32-5 MMP
4076-43-1,CC,0.0,100.0,4076-43-1 CC
4076-43-1,CC,0.0222,104.7183999282962,4076-43-1 CC
4076-43-1,CC,0.0444,106.24322905322154,4076-43-1 CC
4076-43-1,CC,0.0667,107.35889230828917,4076-43-1 CC
4076-43-1,CC,0.0889,108.26458897422587,4076-43-1 CC
4076-43-1,CC,0.1111,109.0434244324725,4076-43-1 CC
4076-43-1,CC,0.1333,109.73409083208851,4076-43-1 CC
4076-43-1,CC,0.1556,110.36180781315956,4076-43-1 CC
4076-43-1,CC,0.1778,110.93542785285969,4076-43-1 CC
4076-43-1,CC,0.2,111.46777588528526,4076-43-1 CC
4076-43-1,CC,0.4,115.17377769389282,4076-43-1 CC
4076-43-1,CC,0.6,117.87448965617902,4076-43-1 CC
4076-43-1,CC,0.8,120.07743539870826,4076-43-1 CC
4076-43-1,CC,1.0,121.97148283121439,4076-43-1 CC
4076-43-1,CC,1.2,123.65092718481397,4076-43-1 CC
4076-43-1,CC,1.4,125.17064349794106,4076-43-1 CC
4076-43-1,CC,1.6,126.56579134881788,4076-43-1 CC
4076-43-1,CC,1.8,127.8604485878391,4076-43-1 CC
4076-43-1,CC,2.0,129.07193159519414,4076-43-1 CC
4076-43-1,CC,2.8889,133.72817601290697,4076-43-1 CC
4076-43-1,CC,3.7778,137.58900624438604,4076-43-1 CC
4076-43-1,CC,4.6667,140.93886604152675,4076-43-1 CC
4076-43-1,CC,5.5556,143.92651266196,4076-43-1 CC
4076-43-1,CC,6.4444,146.6406718457731,4076-43-1 CC
4076-43-1,CC,7.3333,149.14006796855264,4076-43-1 CC
4076-43-1,CC,8.2222,151.4647274538214,4076-43-1 CC
4076-43-1,CC,9.1111,153.64396646312395,4076-43-1 CC
4076-43-1,CC,10.0,155.69985429639027,4076-43-1 CC
4076-43-1,CC,14.4444,164.62072288099367,4076-43-1 CC
4076-43-1,CC,18.8889,172.0178391353662,4076-43-1 CC
4076-43-1,CC,23.3333,178.43582632035412,4076-43-1 CC
4076-43-1,CC,27.7778,184.1599819462072,4076-43-1 CC
4076-43-1,CC,32.2222,189.36059621427611,4076-43-1 CC
4076-43-1,CC,36.6667,194.14925349904055,4076-43-1 CC
4076-43-1,CC,41.1111,198.6030332438416,4076-43-1 CC
4076-43-1,CC,45.5556,202.778302015145,4076-43-1 CC
4076-43-1,CC,50.0,206.7171528826786,4076-43-1 CC
4076-43-1,MMP,0.0,100.0,4076-43-1 MMP
4076-43-1,MMP,1.1111,100.0,4076-43-1 MMP
4076-43-1,MMP,2.2222,100.0,4076-43-1 MMP
4076-43-1,MMP,3.3333,100.0,4076-43-1 MMP
4076-43-1,MMP,4.4444,100.0,4076-43-1 MMP
4076-43-1,MMP,5.5556,100.0,4076-43-1 MMP
4076-43-1,MMP,6.6667,100.0,4076-43-1 MMP
4076-43-1,MMP,7.7778,100.0,4076-43-1 MMP
4076-43-1,MMP,8.8889,100.00000000000036,4076-43-1 MMP
4076-43-1,MMP,10.0,100.00001627443815,4076-43-1 MMP
4076-43-1,MMP,11.1111,100.07044810020238,4076-43-1 MMP
4076-43-1,MMP,12.2222,103.75917287244694,4076-43-1 MMP
4076-43-1,MMP,13.3333,124.85991817205654,4076-43-1 MMP
4076-43-1,MMP,14.4444,160.97924317675788,4076-43-1 MMP
4076-43-1,MMP,15.5556,193.38713442494424,4076-43-1 MMP
4076-43-1,MMP,16.6667,214.34000100537466,4076-43-1 MMP
4076-43-1,MMP,17.7778,225.87943545154258,4076-43-1 MMP
4076-43-1,MMP,18.8889,231.76152117873818,4076-43-1 MMP
4076-43-1,MMP,20.0,234.65094053705252,4076-43-1 MMP
4076-43-1,MMP,23.3333,237.03109868627354,4076-43-1 MMP
4076-43-1,MMP,26.6667,237.2886476983748,4076-43-1 MMP
4076-43-1,MMP,30.0,237.3162739602596,4076-43-1 MMP
4076-43-1,MMP,33.3333,237.3192347935332,4076-43-1 MMP
4076-43-1,MMP,36.6667,237.31955209061968,4076-43-1 MMP
4076-43-1,MMP,40.0,237.319586090509,4076-43-1 MMP
4076-43-1,MMP,43.3333,237.31958973402786,4076-43-1 MMP
4076-43-1,MMP,46.6667,237.31959012448013,4076-43-1 MMP
4076-43-1,MMP,50.0,237.3195901663189,4076-43-1 MMP
4076-43-1,MMP,55.5556,237.3195901712192,4076-43-1 MMP
4076-43-1,MMP,61.1111,237.31959017133764,4076-43-1 MMP
4076-43-1,MMP,66.6667,237.3195901713405,4076-43-1 MMP
4076-43-1,MMP,72.2222,237.3195901713406,4076-43-1 MMP
4076-43-1,MMP,77.7778,237.3195901713406,4076-43-1 MMP
4076-43-1,MMP,83.3333,237.3195901713406,4076-43-1 MMP
4076-43-1,MMP,88.8889,237.3195901713406,4076-43-1 MMP
4076-43-1,MMP,94.4444,237.3195901713406,4076-43-1 MMP
4076-43-1,MMP,100.0,237.3195901713406,4076-43-1 MMP
2606-85-1,MMP,0.0,100.0,2606-85-1 MMP
2606-85-1,MMP,1.1111,100.0,2606-85-1 MMP
2606-85-1,MMP,2.2222,100.0,2606-85-1 MMP
2606-85-1,MMP,3.3333,100.0,2606-85-1 MMP
2606-85-1,MMP,4.4444,100.0,2606-85-1 MMP
2606-85-1,MMP,5.5556,100.0,2606-85-1 MMP
2606-85-1,MMP,6.6667,100.0,2606-85-1 MMP
2606-85-1,MMP,7.7778,100.0,2606-85-1 MMP
2606-85-1,MMP,8.8889,100.0,2606-85-1 MMP
2606-85-1,MMP,10.0,100.0,2606-85-1 MMP
2606-85-1,MMP,11.1111,100.0,2606-85-1 MMP
2606-85-1,MMP,12.2222,100.0,2606-85-1 MMP
2606-85-1,MMP,13.3333,100.0,2606-85-1 MMP
2606-85-1,MMP,14.4444,100.0,2606-85-1 MMP
2606-85-1,MMP,15.5556,100.0,2606-85-1 MMP
2606-85-1,MMP,16.6667,100.00000000000009,2606-85-1 MMP
2606-85-1,MMP,17.7778,100.0000000000114,2606-85-1 MMP
2606-85-1,MMP,18.8889,100.00000000081484,2606-85-1 MMP
2606-85-1,MMP,20.0,100.0000000322489,2606-85-1 MMP
2606-85-1,MMP,23.3333,100.00012347403441,2606-85-1 MMP
2606-85-1,MMP,26.6667,100.02412544362853,2606-85-1 MMP
2606-85-1,MMP,30.0,100.70326228126302,2606-85-1 MMP
2606-85-1,MMP,33.3333,106.07494668644506,2606-85-1 MMP
2606-85-1,MMP,36.6667,124.11371595265346,2606-85-1 MMP
2606-85-1,MMP,40.0,158.2163753094887,2606-85-1 MMP
2606-85-1,MMP,43.3333,202.27696842145662,2606-85-1 MMP
2606-85-1,MMP,46.6667,246.6400024327835,2606-85-1 MMP
2606-85-1,MMP,50.0,284.625400505737,2606-85-1 MMP
2606-85-1,MMP,55.5556,328.8178073832321,2606-85-1 MMP
2606-85-1,MMP,61.1111,353.3443895112061,2606-85-1 MMP
2606-85-1,MMP,66.6667,365.8854799756286,2606-85-1 MMP
2606-85-1,MMP,72.2222,372.05139128170595,2606-85-1 MMP
2606-85-1,MMP,77.7778,375.02697012421595,2606-85-1 MMP
2606-85-1,MMP,83.3333,376.4502085552186,2606-85-1 MMP
2606-85-1,MMP,88.8889,377.1281171941199,2606-85-1 MMP
2606-85-1,MMP,94.4444,377.45035770838354,2606-85-1 MMP
2606-85-1,MMP,100.0,377.6033936496881,2606-85-1 MMP
2381-19-3,LDH,0.0,100.0,2381-19-3 LDH
2381-19-3,LDH,1.1111,100.0,2381-19-3 LDH
2381-19-3,LDH,2.2222,100.0,2381-19-3 LDH
2381-19-3,LDH,3.3333,100.00000000000014,2381-19-3 LDH
2381-19-3,LDH,4.4444,100.00000000000244,2381-19-3 LDH
2381-19-3,LDH,5.5556,100.00000000002295,2381-19-3 LDH
2381-19-3,LDH,6.6667,100.00000000014285,2381-19-3 LDH
2381-19-3,LDH,7.7778,100.00000000067028,2381-19-3 LDH
2381-19-3,LDH,8.8889,100.0000000025576,2381-19-3 LDH
2381-19-3,LDH,10.0,100.00000000833334,2381-19-3 LDH
2381-19-3,LDH,11.1111,100.00000002397191,2381-19-3 LDH
2381-19-3,LDH,12.2222,100.00000006234666,2381-19-3 LDH
2381-19-3,LDH,13.3333,100.00000014920377,2381-19-3 LDH
2381-19-3,LDH,14.4444,100.00000033296263,2381-19-3 LDH
2381-19-3,LDH,15.5556,100.00000070015048,2381-19-3 LDH
2381-19-3,LDH,16.6667,100.00000139855446,2381-19-3 LDH
2381-19-3,LDH,17.7778,100.0000026715749,2381-19-3 LDH
2381-19-3,LDH,18.8889,100.00000490692145,2381-19-3 LDH
2381-19-3,LDH,20.0,100.00000870471277,2381-19-3 LDH
2381-19-3,LDH,23.3333,100.00004084477314,2381-19-3 LDH
2381-19-3,LDH,26.6667,100.00015585872636,2381-19-3 LDH
2381-19-3,LDH,30.0,100.00050782983615,2381-19-3 LDH
2381-19-3,LDH,33.3333,100.0014608355084,2381-19-3 LDH
2381-19-3,LDH,36.6667,100.003799477107,2381-19-3 LDH
2381-19-3,LDH,40.0,100.00909262847631,2381-19-3 LDH
2381-19-3,LDH,43.3333,100.02029104011073,2381-19-3 LDH
2381-19-3,LDH,46.6667,100.0426658912327,2381-19-3 LDH
2381-19-3,LDH,50.0,100.08522547679709,2381-19-3 LDH
2381-19-3,LDH,55.5556,100.24516607989257,2381-19-3 LDH
2381-19-3,LDH,61.1111,100.63763229799494,2381-19-3 LDH
2381-19-3,LDH,66.6667,101.5259589488695,2381-19-3 LDH
2381-19-3,LDH,72.2222,103.40531699678552,2381-19-3 LDH
2381-19-3,LDH,77.7778,107.16028290577076,2381-19-3 LDH
2381-19-3,LDH,83.3333,114.30272946064474,2381-19-3 LDH
2381-19-3,LDH,88.8889,127.321997693367,2381-19-3 LDH
2381-19-3,LDH,94.4444,150.1827537178517,2381-19-3 LDH
2381-19-3,LDH,100.0,189.02345397738537,2381-19-3 LDH
2381-19-3,MMP,0.0,100.0,2381-19-3 MMP
2381-19-3,MMP,1.1111,100.14637399554506,2381-19-3 MMP
2381-19-3,MMP,2.2222,100.78178491636756,2381-19-3 MMP
2381-19-3,MMP,3.3333,102.081306191344,2381-19-3 MMP
2381-19-3,MMP,4.4444,104.16459990526127,2381-19-3 MMP
2381-19-3,MMP,5.5556,107.1234602214395,2381-19-3 MMP
2381-19-3,MMP,6.6667,111.02860803060017,2381-19-3 MMP
2381-19-3,MMP,7.7778,115.93467148701944,2381-19-3 MMP
2381-19-3,MMP,8.8889,121.88090990898274,2381-19-3 MMP
2381-19-3,MMP,10.0,128.89242364436643,2381-19-3 MMP
2381-19-3,MMP,11.1111,136.98084346534395,2381-19-3 MMP
2381-19-3,MMP,12.2222,146.14493617454298,2381-19-3 MMP
2381-19-3,MMP,13.3333,156.37123931262545,2381-19-3 MMP
2381-19-3,MMP,14.4444,167.6347850612156,2381-19-3 MMP
2381-19-3,MMP,15.5556,179.90108898581553,2381-19-3 MMP
2381-19-3,MMP,16.6667,193.12260802714124,2381-19-3 MMP
2381-19-3,MMP,17.7778,207.2464502791334,2381-19-3 MMP
2381-19-3,MMP,18.8889,222.21122225390764,2381-19-3 MMP
2381-19-3,MMP,20.0,237.9493356461975,2381-19-3 MMP
2381-19-3,MMP,23.3333,289.06198747367364,2381-19-3 MMP
2381-19-3,MMP,26.6667,344.3769990531493,2381-19-3 MMP
2381-19-3,MMP,30.0,401.7974592056315,2381-19-3 MMP
2381-19-3,MMP,33.3333,459.4447571454054,2381-19-3 MMP
2381-19-3,MMP,36.6667,515.7865371764358,2381-19-3 MMP
2381-19-3,MMP,40.0,569.679701836169,2381-19-3 MMP
2381-19-3,MMP,43.3333,620.3650062546064,2381-19-3 MMP
2381-19-3,MMP,46.6667,667.4081869826806,2381-19-3 MMP
2381-19-3,MMP,50.0,710.6273955868098,2381-19-3 MMP
2381-19-3,MMP,55.5556,774.2494749489247,2381-19-3 MMP
2381-19-3,MMP,61.1111,828.0610920232104,2381-19-3 MMP
2381-19-3,MMP,66.6667,873.2388263459853,2381-19-3 MMP
2381-19-3,MMP,72.2222,911.0578373856122,2381-19-3 MMP
2381-19-3,MMP,77.7778,942.7242059959167,2381-19-3 MMP
2381-19-3,MMP,83.3333,969.2966964729281,2381-19-3 MMP
2381-19-3,MMP,88.8889,991.673639223011,2381-19-3 MMP
2381-19-3,MMP,94.4444,1010.5975842240811,2381-19-3 MMP
2381-19-3,MMP,100.0,1026.6776307485654,2381-19-3 MMP
4076-40-8,LDH,0.0,100.0,4076-40-8 LDH
4076-40-8,LDH,1.1111,102.24700629455388,4076-40-8 LDH
4076-40-8,LDH,2.2222,104.4626761472533,4076-40-8 LDH
4076-40-8,LDH,3.3333,106.6476605394356,4076-40-8 LDH
4076-40-8,LDH,4.4444,108.80259254517738,4076-40-8 LDH
4076-40-8,LDH,5.5556,110.92827793264854,4076-40-8 LDH
4076-40-8,LDH,6.6667,113.02493322256166,4076-40-8 LDH
4076-40-8,LDH,7.7778,115.09333394854991,4076-40-8 LDH
4076-40-8,LDH,8.8889,117.13404742654141,4076-40-8 LDH
4076-40-8,LDH,10.0,119.14762588545807,4076-40-8 LDH
4076-40-8,LDH,11.1111,121.13460696542649,4076-40-8 LDH
4076-40-8,LDH,12.2222,123.09551419637606,4076-40-8 LDH
4076-40-8,LDH,13.3333,125.03085745791873,4076-40-8 LDH
4076-40-8,LDH,14.4444,126.94113342135915,4076-40-8 LDH
4076-40-8,LDH,15.5556,128.82699459654154,4076-40-8 LDH
4076-40-8,LDH,16.6667,130.68857310365414,4076-40-8 LDH
4076-40-8,LDH,17.7778,132.5264992862397,4076-40-8 LDH
4076-40-8,LDH,18.8889,134.34122107137836,4076-40-8 LDH
4076-40-8,LDH,20.0,136.13317514665994,4076-40-8 LDH
4076-40-8,LDH,23.3333,141.37663666328962,4076-40-8 LDH
4076-40-8,LDH,26.6667,146.43005048563893,4076-40-8 LDH
4076-40-8,LDH,30.0,151.30327783911713,4076-40-8 LDH
4076-40-8,LDH,33.3333,156.00592572208487,4076-40-8 LDH
4076-40-8,LDH,36.6667,160.54693025394914,4076-40-8 LDH
4076-40-8,LDH,40.0,164.93422603591793,4076-40-8 LDH
4076-40-8,LDH,43.3333,169.1756126486058,4076-40-8 LDH
4076-40-8,LDH,46.6667,173.27837089812684,4076-40-8 LDH
4076-40-8,LDH,50.0,177.2489536262973,4076-40-8 LDH
4076-40-8,LDH,55.5556,183.59012094681952,4076-40-8 LDH
4076-40-8,LDH,61.1111,189.608327136968,4076-40-8 LDH
4076-40-8,LDH,66.6667,195.3278333107525,4076-40-8 LDH
4076-40-8,LDH,72.2222,200.77014773196,4076-40-8 LDH
4076-40-8,LDH,77.7778,205.955126744148,4076-40-8 LDH
4076-40-8,LDH,83.3333,210.90042672338222,4076-40-8 LDH
4076-40-8,LDH,88.8889,215.6224573653838,4076-40-8 LDH
4076-40-8,LDH,94.4444,220.13584616026435,4076-40-8 LDH
4076-40-8,LDH,100.0,224.45427450348723,4076-40-8 LDH
4076-40-8,MMP,0.0,100.0,4076-40-8 MMP
4076-40-8,MMP,1.1111,100.00000804317928,4076-40-8 MMP
4076-40-8,MMP,2.2222,100.00007925246561,4076-40-8 MMP
4076-40-8,MMP,3.3333,100.00057484932297,4076-40-8 MMP
4076-40-8,MMP,4.4444,100.0031979112527,4076-40-8 MMP
4076-40-8,MMP,5.5556,100.01413947927105,4076-40-8 MMP
4076-40-8,MMP,6.6667,100.0512275033766,4076-40-8 MMP
4076-40-8,MMP,7.7778,100.15621112938526,4076-40-8 MMP
4076-40-8,MMP,8.8889,100.41028331439249,4076-40-8 MMP
4076-40-8,MMP,10.0,100.94689250714116,4076-40-8 MMP
4076-40-8,MMP,11.1111,101.95380746460727,4076-40-8 MMP
4076-40-8,MMP,12.2222,103.65880757372673,4076-40-8 MMP
4076-40-8,MMP,13.3333,106.29962240021915,4076-40-8 MMP
4076-40-8,MMP,14.4444,110.08536841913809,4076-40-8 MMP
4076-40-8,MMP,15.5556,115.16062653641082,4076-40-8 MMP
4076-40-8,MMP,16.6667,121.57861311351589,4076-40-8 MMP
4076-40-8,MMP,17.7778,129.29555689940446,4076-40-8 MMP
4076-40-8,MMP,18.8889,138.17689598528167,4076-40-8 MMP
4076-40-8,MMP,20.0,148.01763934566807,4076-40-8 MMP
4076-40-8,MMP,23.3333,180.73932354945742,4076-40-8 MMP
4076-40-8,MMP,26.6667,213.16479787335845,4076-40-8 MMP
4076-40-8,MMP,30.0,240.91851924954312,4076-40-8 MMP
4076-40-8,MMP,33.3333,262.500431980113,4076-40-8 MMP
4076-40-8,MMP,36.6667,278.26328851397847,4076-40-8 MMP
4076-40-8,MMP,40.0,289.31408023650255,4076-40-8 MMP
4076-40-8,MMP,43.3333,296.8580712785192,4076-40-8 MMP
4076-40-8,MMP,46.6667,301.9197373414811,4076-40-8 MMP
4076-40-8,MMP,50.0,305.27761475252146,4076-40-8 MMP
4076-40-8,MMP,55.5556,308.5219095945778,4076-40-8 MMP
4076-40-8,MMP,61.1111,310.12148100265085,4076-40-8 MMP
4076-40-8,MMP,66.6667,310.90546912355745,4076-40-8 MMP
4076-40-8,MMP,72.2222,311.2885887181901,4076-40-8 MMP
4076-40-8,MMP,77.7778,311.4755531801743,4076-40-8 MMP
4076-40-8,MMP,83.3333,311.5667263374255,4076-40-8 MMP
4076-40-8,MMP,88.8889,311.61117357617627,4076-40-8 MMP
4076-40-8,MMP,94.4444,311.63283738969847,4076-40-8 MMP
4076-40-8,MMP,100.0,311.6433959949287,4076-40-8 MMP
652-04-0,LDH,0.0,100.0,652-04-0 LDH
652-04-0,LDH,1.1111,105.57758680293075,652-04-0 LDH
652-04-0,LDH,2.2222,110.75908139397413,652-04-0 LDH
652-04-0,LDH,3.3333,115.57261225339604,652-04-0 LDH
652-04-0,LDH,4.4444,120.04431031801599,652-04-0 LDH
652-04-0,LDH,5.5556,124.19881111058436,652-04-0 LDH
652-04-0,LDH,6.6667,128.05791984109857,652-04-0 LDH
652-04-0,LDH,7.7778,131.6429740446299,652-04-0 LDH
652-04-0,LDH,8.8889,134.9734356977653,652-04-0 LDH
652-04-0,LDH,10.0,138.06738468522536,652-04-0 LDH
652-04-0,LDH,11.1111,140.9416169490899,652-04-0 LDH
652-04-0,LDH,12.2222,143.6117356679579,652-04-0 LDH
652-04-0,LDH,13.3333,146.09223596102163,652-04-0 LDH
652-04-0,LDH,14.4444,148.39658357688262,652-04-0 LDH
652-04-0,LDH,15.5556,150.5374736499831,652-04-0 LDH
652-04-0,LDH,16.6667,152.52614280295387,652-04-0 LDH
652-04-0,LDH,17.7778,154.37358665700174,652-04-0 LDH
652-04-0,LDH,18.8889,156.08983432381984,652-04-0 LDH
652-04-0,LDH,20.0,157.68420269794106,652-04-0 LDH
652-04-0,LDH,23.3333,161.8195550043343,652-04-0 LDH
652-04-0,LDH,26.6667,165.13506461111683,652-04-0 LDH
652-04-0,LDH,30.0,167.79310700345178,652-04-0 LDH
652-04-0,LDH,33.3333,169.92412951218915,652-04-0 LDH
652-04-0,LDH,36.6667,171.6326721166646,652-04-0 LDH
652-04-0,LDH,40.0,173.00240986754181,652-04-0 LDH
652-04-0,LDH,43.3333,174.10056465491618,652-04-0 LDH
652-04-0,LDH,46.6667,174.9810078378694,652-04-0 LDH
652-04-0,LDH,50.0,175.68685869697856,652-04-0 LDH
652-04-0,LDH,55.5556,176.56622868788338,652-04-0 LDH
652-04-0,LDH,61.1111,177.1746520087914,652-04-0 LDH
652-04-0,LDH,66.6667,177.59562659089775,652-04-0 LDH
652-04-0,LDH,72.2222,177.88689278818916,652-04-0 LDH
652-04-0,LDH,77.7778,178.08842297526917,652-04-0 LDH
652-04-0,LDH,83.3333,178.22785878380785,652-04-0 LDH
652-04-0,LDH,88.8889,178.32433590625385,652-04-0 LDH
652-04-0,LDH,94.4444,178.39108702562035,652-04-0 LDH
652-04-0,LDH,100.0,178.43727283674036,652-04-0 LDH
652-04-0,MMP,0.0,100.0,652-04-0 MMP
652-04-0,MMP,1.1111,100.04206787339483,652-04-0 MMP
652-04-0,MMP,2.2222,100.173706328779,652-04-0 MMP
652-04-0,MMP,3.3333,100.3981746629263,652-04-0 MMP
652-04-0,MMP,4.4444,100.717266793467,652-04-0 MMP
652-04-0,MMP,5.5556,101.132298654874,652-04-0 MMP
652-04-0,MMP,6.6667,101.64419011250334,652-04-0 MMP
652-04-0,MMP,7.7778,102.25379211631514,652-04-0 MMP
652-04-0,MMP,8.8889,102.96180051615309,652-04-0 MMP
652-04-0,MMP,10.0,103.76882150248422,652-04-0 MMP
652-04-0,MMP,11.1111,104.67539252735061,652-04-0 MMP
652-04-0,MMP,12.2222,105.68199661359303,652-04-0 MMP
652-04-0,MMP,13.3333,106.78907258490685,652-04-0 MMP
652-04-0,MMP,14.4444,107.99702263903917,652-04-0 MMP
652-04-0,MMP,15.5556,109.30634051029406,652-04-0 MMP
652-04-0,MMP,16.6667,110.71713553902872,652-04-0 MMP
652-04-0,MMP,17.7778,112.22984317291458,652-04-0 MMP
652-04-0,MMP,18.8889,113.8447656874895,652-04-0 MMP
652-04-0,MMP,20.0,115.5621878214663,652-04-0 MMP
652-04-0,MMP,23.3333,121.33207541622305,652-04-0 MMP
652-04-0,MMP,26.6667,128.03359968082546,652-04-0 MMP
652-04-0,MMP,30.0,135.672096311995,652-04-0 MMP
652-04-0,MMP,33.3333,144.25283936161452,652-04-0 MMP
652-04-0,MMP,36.6667,153.7807007416107,652-04-0 MMP
652-04-0,MMP,40.0,164.2592623797545,652-04-0 MMP
652-04-0,MMP,43.3333,175.6926026956155,652-04-0 MMP
652-04-0,MMP,46.6667,188.08462258075537,652-04-0 MMP
652-04-0,MMP,50.0,201.43784379666278,652-04-0 MMP
54986-63-9,CC,0.0,100.0,54986-63-9 CC
54986-63-9,CC,0.0222,180.15883685406254,54986-63-9 CC
54986-63-9,CC,0.0444,182.43907526295462,54986-63-9 CC
54986-63-9,CC,0.0667,183.807969829618,54986-63-9 CC
54986-63-9,CC,0.0889,184.78804006053292,54986-63-9 CC
54986-63-9,CC,0.1111,185.55635526091237,54986-63-9 CC
54986-63-9,CC,0.1333,186.18939773594846,54986-63-9 CC
54986-63-9,CC,0.1556,186.73060573939435,54986-63-9 CC
54986-63-9,CC,0.1778,187.19996310169057,54986-63-9 CC
54986-63-9,CC,0.2,187.6161328645198,54986-63-9 CC
54986-63-9,CC,0.4,190.1085052496132,54986-63-9 CC
54986-63-9,CC,0.6,191.59918847505037,54986-63-9 CC
54986-63-9,CC,0.8,192.67177690751032,54986-63-9 CC
54986-63-9,CC,1.0,193.51238278551585,54986-63-9 CC
54986-63-9,CC,1.2,194.20486485436737,54986-63-9 CC
54986-63-9,CC,1.4,194.7943492840837,54986-63-9 CC
54986-63-9,CC,1.6,195.30796467442494,54986-63-9 CC
54986-63-9,CC,1.8,195.76331498517328,54986-63-9 CC
54986-63-9,CC,2.0,196.17248284812976,54986-63-9 CC
54986-63-9,CC,2.8889,197.61430566790335,54986-63-9 CC
54986-63-9,CC,3.7778,198.67976503248718,54986-63-9 CC
54986-63-9,CC,4.6667,199.52719797551893,54986-63-9 CC
54986-63-9,CC,5.5556,200.23190012251283,54986-63-9 CC
54986-63-9,CC,6.4444,200.83565108816146,54986-63-9 CC
54986-63-9,CC,7.3333,201.36428885313552,54986-63-9 CC
54986-63-9,CC,8.2222,201.83468239068674,54986-63-9 CC
54986-63-9,CC,9.1111,202.25859778529065,54986-63-9 CC
54986-63-9,CC,10.0,202.64454428083548,54986-63-9 CC
54986-63-9,CC,14.4444,204.18336739176837,54986-63-9 CC
54986-63-9,CC,18.8889,205.32053495510985,54986-63-9 CC
54986-63-9,CC,23.3333,206.22498279903553,54986-63-9 CC
54986-63-9,CC,27.7778,206.97711453644237,54986-63-9 CC
54986-63-9,CC,32.2222,207.62155396630106,54986-63-9 CC
54986-63-9,CC,36.6667,208.18576399525065,54986-63-9 CC
54986-63-9,CC,41.1111,208.68780014110445,54986-63-9 CC
54986-63-9,CC,45.5556,209.14024251014806,54986-63-9 CC
54986-63-9,CC,50.0,209.55215211879374,54986-63-9 CC
54986-63-9,MMP,0.0,100.0,54986-63-9 MMP
54986-63-9,MMP,1.1111,101.32646759875512,54986-63-9 MMP
54986-63-9,MMP,2.2222,103.24251147889643,54986-63-9 MMP
54986-63-9,MMP,3.3333,105.46959434798664,54986-63-9 MMP
54986-63-9,MMP,4.4444,107.92622503605999,54986-63-9 MMP
54986-63-9,MMP,5.5556,110.56924819888324,54986-63-9 MMP
54986-63-9,MMP,6.6667,113.37052298038222,54986-63-9 MMP
54986-63-9,MMP,7.7778,116.31084907690345,54986-63-9 MMP
54986-63-9,MMP,8.8889,119.37570773535654,54986-63-9 MMP
54986-63-9,MMP,10.0,122.55377224702474,54986-63-9 MMP
54986-63-9,MMP,11.1111,125.83592008289973,54986-63-9 MMP
54986-63-9,MMP,12.2222,129.21462140487063,54986-63-9 MMP
54986-63-9,MMP,13.3333,132.6835385882421,54986-63-9 MMP
54986-63-9,MMP,14.4444,136.23725206542375,54986-63-9 MMP
54986-63-9,MMP,15.5556,139.8713963402062,54986-63-9 MMP
54986-63-9,MMP,16.6667,143.58120242777179,54986-63-9 MMP
54986-63-9,MMP,17.7778,147.36335422184303,54986-63-9 MMP
54986-63-9,MMP,18.8889,151.21460560786514,54986-63-9 MMP
54986-63-9,MMP,20.0,155.132040520271,54986-63-9 MMP
54986-63-9,MMP,23.3333,167.25624882623168,54986-63-9 MMP
54986-63-9,MMP,26.6667,179.89434616948526,54986-63-9 MMP
54986-63-9,MMP,30.0,192.99886806423103,54986-63-9 MMP
54986-63-9,MMP,33.3333,206.53257010807013,54986-63-9 MMP
54986-63-9,MMP,36.6667,220.46482721132008,54986-63-9 MMP
54986-63-9,MMP,40.0,234.768670120351,54986-63-9 MMP
54986-63-9,MMP,43.3333,249.4221638646911,54986-63-9 MMP
54986-63-9,MMP,46.6667,264.4063991175729,54986-63-9 MMP
54986-63-9,MMP,50.0,279.7035102341131,54986-63-9 MMP
54986-63-9,MMP,55.5556,305.8554220903327,54986-63-9 MMP
54986-63-9,MMP,61.1111,332.7761864952041,54986-63-9 MMP
54986-63-9,MMP,66.6667,360.4162739762532,54986-63-9 MMP
54986-63-9,MMP,72.2222,388.73150709630545,54986-63-9 MMP
54986-63-9,MMP,77.7778,417.68548707709704,54986-63-9 MMP
54986-63-9,MMP,83.3333,447.2443870065274,54986-63-9 MMP
54986-63-9,MMP,88.8889,477.3802701110943,54986-63-9 MMP
54986-63-9,MMP,94.4444,508.0661867127708,54986-63-9 MMP
54986-63-9,MMP,100.0,539.2800059940763,54986-63-9 MMP
3351-28-8,DCFDA,0.0,100.0,3351-28-8 DCFDA
3351-28-8,DCFDA,1.1111,100.0,3351-28-8 DCFDA
3351-28-8,DCFDA,2.2222,100.0,3351-28-8 DCFDA
3351-28-8,DCFDA,3.3333,100.0,3351-28-8 DCFDA
3351-28-8,DCFDA,4.4444,100.0,3351-28-8 DCFDA
3351-28-8,DCFDA,5.5556,100.0,3351-28-8 DCFDA
3351-28-8,DCFDA,6.6667,100.0,3351-28-8 DCFDA
3351-28-8,DCFDA,7.7778,100.0,3351-28-8 DCFDA
3351-28-8,DCFDA,8.8889,100.0,3351-28-8 DCFDA
3351-28-8,DCFDA,10.0,100.0,3351-28-8 DCFDA
3351-28-8,DCFDA,11.1111,100.0,3351-28-8 DCFDA
3351-28-8,DCFDA,12.2222,100.0,3351-28-8 DCFDA
3351-28-8,DCFDA,13.3333,100.0,3351-28-8 DCFDA
3351-28-8,DCFDA,14.4444,100.0,3351-28-8 DCFDA
3351-28-8,DCFDA,15.5556,100.00000000002717,3351-28-8 DCFDA
3351-28-8,DCFDA,16.6667,100.00000552166871,3351-28-8 DCFDA
3351-28-8,DCFDA,17.7778,100.00475450773085,3351-28-8 DCFDA
3351-28-8,DCFDA,18.8889,100.19952844602055,3351-28-8 DCFDA
3351-28-8,DCFDA,20.0,101.57532886830855,3351-28-8 DCFDA
3351-28-8,DCFDA,23.3333,113.17138350301792,3351-28-8 DCFDA
3351-28-8,DCFDA,26.6667,118.86028240157762,3351-28-8 DCFDA
3351-28-8,DCFDA,30.0,120.0403555168319,3351-28-8 DCFDA
3351-28-8,DCFDA,33.3333,120.24702934030034,3351-28-8 DCFDA
3351-28-8,DCFDA,36.6667,120.28217953027587,3351-28-8 DCFDA
3351-28-8,DCFDA,40.0,120.28812758316197,3351-28-8 DCFDA
3351-28-8,DCFDA,43.3333,120.28913331916551,3351-28-8 DCFDA
3351-28-8,DCFDA,46.6667,120.28930335326825,3351-28-8 DCFDA
3351-28-8,DCFDA,50.0,120.28933209712446,3351-28-8 DCFDA
3351-28-8,DCFDA,55.5556,120.2893376428919,3351-28-8 DCFDA
3351-28-8,DCFDA,61.1111,120.28933792952644,3351-28-8 DCFDA
3351-28-8,DCFDA,66.6667,120.28933794434211,3351-28-8 DCFDA
3351-28-8,DCFDA,72.2222,120.28933794510786,3351-28-8 DCFDA
3351-28-8,DCFDA,77.7778,120.28933794514744,3351-28-8 DCFDA
3351-28-8,DCFDA,83.3333,120.28933794514948,3351-28-8 DCFDA
3351-28-8,DCFDA,88.8889,120.28933794514958,3351-28-8 DCFDA
3351-28-8,DCFDA,94.4444,120.2893379451496,3351-28-8 DCFDA
3351-28-8,DCFDA,100.0,120.2893379451496,3351-28-8 DCFDA
3351-28-8,LDH,0.0,100.0,3351-28-8 LDH
3351-28-8,LDH,1.1111,102.13366364042884,3351-28-8 LDH
3351-28-8,LDH,2.2222,104.24512537572608,3351-28-8 LDH
3351-28-8,LDH,3.3333,106.3347299462374,3351-28-8 LDH
3351-28-8,LDH,4.4444,108.40281499177995,3351-28-8 LDH
3351-28-8,LDH,5.5556,110.44989451219848,3351-28-8 LDH
3351-28-8,LDH,6.6667,112.47592406547389,3351-28-8 LDH
3351-28-8,LDH,7.7778,114.48140622945762,3351-28-8 LDH
3351-28-8,LDH,8.8889,116.46665200537734,3351-28-8 LDH
3351-28-8,LDH,10.0,118.43196614963,3351-28-8 LDH
3351-28-8,LDH,11.1111,120.37764732974233,3351-28-8 LDH
3351-28-8,LDH,12.2222,122.30398827568048,3351-28-8 LDH
3351-28-8,LDH,13.3333,124.21127592666998,3351-28-8 LDH
3351-28-8,LDH,14.4444,126.09979157368056,3351-28-8 LDH
3351-28-8,LDH,15.5556,127.96997847689542,3351-28-8 LDH
3351-28-8,LDH,16.6667,129.82177045495294,3351-28-8 LDH
3351-28-8,LDH,17.7778,131.65560179893993,3351-28-8 LDH
3351-28-8,LDH,18.8889,133.47173254957477,3351-28-8 LDH
3351-28-8,LDH,20.0,135.27041775173177,3351-28-8 LDH
3351-28-8,LDH,23.3333,140.56427806208256,3351-28-8 LDH
3351-28-8,LDH,26.6667,145.7100070766166,3351-28-8 LDH
3351-28-8,LDH,30.0,150.71344039087109,3351-28-8 LDH
3351-28-8,LDH,33.3333,155.5805439168529,3351-28-8 LDH
3351-28-8,LDH,36.6667,160.31695486217427,3351-28-8 LDH
3351-28-8,LDH,40.0,164.92759458957545,3351-28-8 LDH
3351-28-8,LDH,43.3333,169.41754000410887,3351-28-8 LDH
3351-28-8,LDH,46.6667,173.79159858660122,3351-28-8 LDH
3351-28-8,LDH,50.0,178.0539472979657,3351-28-8 LDH
3351-28-8,LDH,55.5556,184.92138868932278,3351-28-8 LDH
3351-28-8,LDH,61.1111,191.5086407384692,3351-28-8 LDH
3351-28-8,LDH,66.6667,197.83273119555366,3351-28-8 LDH
3351-28-8,LDH,72.2222,203.90890677171947,3351-28-8 LDH
3351-28-8,LDH,77.7778,209.75167152669948,3351-28-8 LDH
3351-28-8,LDH,83.3333,215.37402281234665,3351-28-8 LDH
3351-28-8,LDH,88.8889,220.78839340920786,3351-28-8 LDH
3351-28-8,LDH,94.4444,226.00592968010758,3351-28-8 LDH
3351-28-8,LDH,100.0,231.03735148757153,3351-28-8 LDH
3351-28-8,LDH,122.2222,249.48686780223784,3351-28-8 LDH
3351-28-8,LDH,144.4444,265.6316626368422,3351-28-8 LDH
3351-28-8,LDH,166.6667,279.87826820347993,3351-28-8 LDH
3351-28-8,LDH,188.8889,292.5427532097407,3351-28-8 LDH
3351-28-8,LDH,211.1111,303.8748495445121,3351-28-8 LDH
3351-28-8,LDH,233.3333,314.0743136710284,3351-28-8 LDH
3351-28-8,LDH,255.5556,323.3029112192933,3351-28-8 LDH
3351-28-8,LDH,277.7778,331.69289453133115,3351-28-8 LDH
3351-28-8,LDH,300.0,339.35363750041626,3351-28-8 LDH
3351-31-3,MMP,0.0,100.0,3351-31-3 MMP
3351-31-3,MMP,1.1111,108.84904145223645,3351-31-3 MMP
3351-31-3,MMP,2.2222,115.34637032079686,3351-31-3 MMP
3351-31-3,MMP,3.3333,121.17755081092982,3351-31-3 MMP
3351-31-3,MMP,4.4444,126.61430430563905,3351-31-3 MMP
3351-31-3,MMP,5.5556,131.77586454354244,3351-31-3 MMP
3351-31-3,MMP,6.6667,136.72741406348143,3351-31-3 MMP
3351-31-3,MMP,7.7778,141.51124322668656,3351-31-3 MMP
3351-31-3,MMP,8.8889,146.15602962961125,3351-31-3 MMP
3351-31-3,MMP,10.0,150.68257654428626,3351-31-3 MMP
3351-31-3,MMP,11.1111,155.10661252568661,3351-31-3 MMP
3351-31-3,MMP,12.2222,159.44041379763235,3351-31-3 MMP
3351-31-3,MMP,13.3333,163.69380711816714,3351-31-3 MMP
3351-31-3,MMP,14.4444,167.8748218435129,3351-31-3 MMP
3351-31-3,MMP,15.5556,171.99049913732745,3351-31-3 MMP
3351-31-3,MMP,16.6667,176.04572568641925,3351-31-3 MMP
3351-31-3,MMP,17.7778,180.04567806094627,3351-31-3 MMP
3351-31-3,MMP,18.8889,183.994500339888,3351-31-3 MMP
3351-31-3,MMP,20.0,187.89580121858012,3351-31-3 MMP
3351-31-3,MMP,23.3333,199.34448547786855,3351-31-3 MMP
3351-31-3,MMP,26.6667,210.46073950358033,3351-31-3 MMP
3351-31-3,MMP,30.0,221.29368426951993,3351-31-3 MMP
3351-31-3,MMP,33.3333,231.88129958256712,3351-31-3 MMP
3351-31-3,MMP,36.6667,242.25327309687495,3351-31-3 MMP
3351-31-3,MMP,40.0,252.43250044925168,3351-31-3 MMP
3351-31-3,MMP,43.3333,262.43851166817103,3351-31-3 MMP
3351-31-3,MMP,46.6667,272.2875711068043,3351-31-3 MMP
3351-31-3,MMP,50.0,281.99255478471673,3351-31-3 MMP
3351-31-3,MMP,55.5556,297.87880218089106,3351-31-3 MMP
3351-31-3,MMP,61.1111,313.4407435977485,3351-31-3 MMP
3351-31-3,MMP,66.6667,328.7142267438058,3351-31-3 MMP
3351-31-3,MMP,72.2222,343.7275341224255,3351-31-3 MMP
3351-31-3,MMP,77.7778,358.50517063978475,3351-31-3 MMP
3351-31-3,MMP,83.3333,373.06681030577363,3351-31-3 MMP
3351-31-3,MMP,88.8889,387.43022603576804,3351-31-3 MMP
3351-31-3,MMP,94.4444,401.6097817185773,3351-31-3 MMP
3351-31-3,MMP,100.0,415.6189465750904,3351-31-3 MMP
14250-05-6,LDH,0.0,100.0,14250-05-6 LDH
14250-05-6,LDH,1.1111,347.338326023241,14250-05-6 LDH
14250-05-6,LDH,2.2222,350.6461233776745,14250-05-6 LDH
14250-05-6,LDH,3.3333,352.6015300863553,14250-05-6 LDH
14250-05-6,LDH,4.4444,353.9981578041135,14250-05-6 LDH
14250-05-6,LDH,5.5556,355.08686996714016,14250-05-6 LDH
14250-05-6,LDH,6.6667,355.9797888809398,14250-05-6 LDH
14250-05-6,LDH,7.7778,356.7371810733007,14250-05-6 LDH
14250-05-6,LDH,8.8889,357.39507640975063,14250-05-6 LDH
14250-05-6,LDH,10.0,357.9767812670415,14250-05-6 LDH
14250-05-6,LDH,11.1111,358.49824845627415,14250-05-6 LDH
14250-05-6,LDH,12.2222,358.9708813316922,14250-05-6 LDH
14250-05-6,LDH,13.3333,359.4031161884875,14250-05-6 LDH
14250-05-6,LDH,14.4444,359.80137100211044,14250-05-6 LDH
14250-05-6,LDH,15.5556,360.1706747092978,14250-05-6 LDH
14250-05-6,LDH,16.6667,360.51492821525943,14250-05-6 LDH
14250-05-6,LDH,17.7778,360.8373684575766,14250-05-6 LDH
14250-05-6,LDH,18.8889,361.14061822844144,14250-05-6 LDH
14250-05-6,LDH,20.0,361.426852787701,14250-05-6 LDH
14250-05-6,LDH,23.3333,362.20036532507396,14250-05-6 LDH
14250-05-6,LDH,26.6667,362.8722817978801,14250-05-6 LDH
14250-05-6,LDH,30.0,363.46636496878557,14250-05-6 LDH
14250-05-6,LDH,33.3333,363.9989286519311,14250-05-6 LDH
14250-05-6,LDH,36.6667,364.48163268255144,14250-05-6 LDH
14250-05-6,LDH,40.0,364.92306409442665,14250-05-6 LDH
14250-05-6,LDH,43.3333,365.3297925616248,14250-05-6 LDH
14250-05-6,LDH,46.6667,365.706932171448,14250-05-6 LDH
14250-05-6,LDH,50.0,366.05851188958985,14250-05-6 LDH
14250-05-6,LDH,55.5556,366.59632446472546,14250-05-6 LDH
14250-05-6,LDH,61.1111,367.083762857951,14250-05-6 LDH
14250-05-6,LDH,66.6667,367.52954549627725,14250-05-6 LDH
14250-05-6,LDH,72.2222,367.940275419005,14250-05-6 LDH
14250-05-6,LDH,77.7778,368.3211209900696,14250-05-6 LDH
14250-05-6,LDH,83.3333,368.6761599136338,14250-05-6 LDH
14250-05-6,LDH,88.8889,369.00870791481367,14250-05-6 LDH
14250-05-6,LDH,94.4444,369.32145803423634,14250-05-6 LDH
14250-05-6,LDH,100.0,369.61666503108967,14250-05-6 LDH
14250-05-6,MMP,0.0,100.0,14250-05-6 MMP
14250-05-6,MMP,1.1111,100.0,14250-05-6 MMP
14250-05-6,MMP,2.2222,100.0,14250-05-6 MMP
14250-05-6,MMP,3.3333,100.0,14250-05-6 MMP
14250-05-6,MMP,4.4444,100.0,14250-05-6 MMP
14250-05-6,MMP,5.5556,100.0,14250-05-6 MMP
14250-05-6,MMP,6.6667,100.0,14250-05-6 MMP
14250-05-6,MMP,7.7778,100.0,14250-05-6 MMP
14250-05-6,MMP,8.8889,100.0,14250-05-6 MMP
14250-05-6,MMP,10.0,100.0,14250-05-6 MMP
14250-05-6,MMP,11.1111,100.0,14250-05-6 MMP
14250-05-6,MMP,12.2222,100.0,14250-05-6 MMP
14250-05-6,MMP,13.3333,100.0,14250-05-6 MMP
14250-05-6,MMP,14.4444,100.0,14250-05-6 MMP
14250-05-6,MMP,15.5556,100.00000000002458,14250-05-6 MMP
14250-05-6,MMP,16.6667,100.0000160935232,14250-05-6 MMP
14250-05-6,MMP,17.7778,100.03145493390241,14250-05-6 MMP
14250-05-6,MMP,18.8889,102.29059158247975,14250-05-6 MMP
14250-05-6,MMP,20.0,125.92514099336944,14250-05-6 MMP
14250-05-6,MMP,23.3333,445.42000042964736,14250-05-6 MMP
14250-05-6,MMP,26.6667,652.2235488454635,14250-05-6 MMP
14250-05-6,MMP,30.0,701.2182604759142,14250-05-6 MMP
14250-05-6,MMP,33.3333,710.5496733037113,14250-05-6 MMP
14250-05-6,MMP,36.6667,712.25583494901,14250-05-6 MMP
14250-05-6,MMP,40.0,712.5654558141949,14250-05-6 MMP
14250-05-6,MMP,43.3333,712.6215711420491,14250-05-6 MMP
14250-05-6,MMP,46.6667,712.6317390484039,14250-05-6 MMP
14250-05-6,MMP,50.0,712.6335812206149,14250-05-6 MMP
14250-05-6,MMP,55.5556,712.6339652039014,14250-05-6 MMP
14250-05-6,MMP,61.1111,712.6339874792681,14250-05-6 MMP
14250-05-6,MMP,66.6667,712.6339887715648,14250-05-6 MMP
14250-05-6,MMP,72.2222,712.6339888465326,14250-05-6 MMP
14250-05-6,MMP,77.7778,712.6339888508818,14250-05-6 MMP
14250-05-6,MMP,83.3333,712.6339888511342,14250-05-6 MMP
14250-05-6,MMP,88.8889,712.6339888511487,14250-05-6 MMP
14250-05-6,MMP,94.4444,712.6339888511495,14250-05-6 MMP
14250-05-6,MMP,100.0,712.6339888511496,14250-05-6 MMP
14207-77-3,LDH,0.0,100.0,14207-77-3 LDH
14207-77-3,LDH,1.1111,302.096192184289,14207-77-3 LDH
14207-77-3,LDH,2.2222,317.7349487143342,14207-77-3 LDH
14207-77-3,LDH,3.3333,327.4381881312536,14207-77-3 LDH
14207-77-3,LDH,4.4444,334.5838750311659,14207-77-3 LDH
14207-77-3,LDH,5.5556,340.28121155690417,14207-77-3 LDH
14207-77-3,LDH,6.6667,345.0383729123806,14207-77-3 LDH
14207-77-3,LDH,7.7778,349.13391080079685,14207-77-3 LDH
14207-77-3,LDH,8.8889,352.73692312796607,14207-77-3 LDH
14207-77-3,LDH,10.0,355.95823694325077,14207-77-3 LDH
14207-77-3,LDH,11.1111,358.8745788739644,14207-77-3 LDH
14207-77-3,LDH,12.2222,361.5413481274608,14207-77-3 LDH
14207-77-3,LDH,13.3333,363.9999000179116,14207-77-3 LDH
14207-77-3,LDH,14.4444,366.2819535423196,14207-77-3 LDH
14207-77-3,LDH,15.5556,368.4125747492933,14207-77-3 LDH
14207-77-3,LDH,16.6667,370.4112707380305,14207-77-3 LDH
14207-77-3,LDH,17.7778,372.2943980325243,14207-77-3 LDH
14207-77-3,LDH,18.8889,374.07526896253233,14207-77-3 LDH
14207-77-3,LDH,20.0,375.76498592823395,14207-77-3 LDH
14207-77-3,LDH,23.3333,380.3741057634349,14207-77-3 LDH
14207-77-3,LDH,26.6667,384.4290495967157,14207-77-3 LDH
14207-77-3,LDH,30.0,388.05430235200976,14207-77-3 LDH
14207-77-3,LDH,33.3333,391.3363410560733,14207-77-3 LDH
14207-77-3,LDH,36.6667,394.33759805854703,14207-77-3 LDH
14207-77-3,LDH,40.0,397.1044353648188,14207-77-3 LDH
14207-77-3,LDH,43.3333,399.67264310965817,14207-77-3 LDH
14207-77-3,LDH,46.6667,402.07029111301404,14207-77-3 LDH
14207-77-3,LDH,50.0,404.31961916514774,14207-77-3 LDH
14207-77-3,LDH,55.5556,407.78704152567076,14207-77-3 LDH
14207-77-3,LDH,61.1111,410.95767189845765,14207-77-3 LDH
14207-77-3,LDH,66.6667,413.8807952022642,14207-77-3 LDH
14207-77-3,LDH,72.2222,416.5940185817437,14207-77-3 LDH
14207-77-3,LDH,77.7778,419.1270221123457,14207-77-3 LDH
14207-77-3,LDH,83.3333,421.50336193297346,14207-77-3 LDH
14207-77-3,LDH,88.8889,423.74233576290584,14207-77-3 LDH
14207-77-3,LDH,94.4444,425.8596909128254,14207-77-3 LDH
14207-77-3,LDH,100.0,427.8687042815065,14207-77-3 LDH
2732-58-3,LDH,0.0,100.0,2732-58-3 LDH
2732-58-3,LDH,1.1111,113.15960829567167,2732-58-3 LDH
2732-58-3,LDH,2.2222,125.97048051901618,2732-58-3 LDH
2732-58-3,LDH,3.3333,138.44629790567348,2732-58-3 LDH
2732-58-3,LDH,4.4444,150.60003529229752,2732-58-3 LDH
2732-58-3,LDH,5.5556,162.44505850962884,2732-58-3 LDH
2732-58-3,LDH,6.6667,173.99093014660588,2732-58-3 LDH
2732-58-3,LDH,7.7778,185.2498422847341,2732-58-3 LDH
2732-58-3,LDH,8.8889,196.2323616891731,2732-58-3 LDH
2732-58-3,LDH,10.0,206.94854261314032,2732-58-3 LDH
2732-58-3,LDH,11.1111,217.40795749813446,2732-58-3 LDH
2732-58-3,LDH,12.2222,227.6197254934981,2732-58-3 LDH
2732-58-3,LDH,13.3333,237.59253897391355,2732-58-3 LDH
2732-58-3,LDH,14.4444,247.3346882169055,2732-58-3 LDH
2732-58-3,LDH,15.5556,256.8549313461591,2732-58-3 LDH
2732-58-3,LDH,16.6667,266.15910888473434,2732-58-3 LDH
2732-58-3,LDH,17.7778,275.2553032457998,2732-58-3 LDH
2732-58-3,LDH,18.8889,284.1504111488248,2732-58-3 LDH
2732-58-3,LDH,20.0,292.8510277200503,2732-58-3 LDH
2732-58-3,LDH,23.3333,317.84769201520623,2732-58-3 LDH
2732-58-3,LDH,26.6667,341.3063162795659,2732-58-3 LDH
2732-58-3,LDH,30.0,363.36333271392357,2732-58-3 LDH
2732-58-3,LDH,33.3333,384.141317860143,2732-58-3 LDH
2732-58-3,LDH,36.6667,403.7489603878786,2732-58-3 LDH
2732-58-3,LDH,40.0,422.28135150811426,2732-58-3 LDH
2732-58-3,LDH,43.3333,439.8250906097738,2732-58-3 LDH
2732-58-3,LDH,46.6667,456.45772109134117,2732-58-3 LDH
2732-58-3,LDH,50.0,472.24749882003186,2732-58-3 LDH
2732-58-3,LDH,55.5556,496.8591169337504,2732-58-3 LDH
2732-58-3,LDH,61.1111,519.5545735578563,2732-58-3 LDH
2732-58-3,LDH,66.6667,540.5499883424155,2732-58-3 LDH
2732-58-3,LDH,72.2222,560.0288062076476,2732-58-3 LDH
2732-58-3,LDH,77.7778,578.1502549569839,2732-58-3 LDH
2732-58-3,LDH,83.3333,595.0508507527433,2732-58-3 LDH
2732-58-3,LDH,88.8889,610.8504977687048,2732-58-3 LDH
2732-58-3,LDH,94.4444,625.6528644960478,2732-58-3 LDH
2732-58-3,LDH,100.0,639.5499701969604,2732-58-3 LDH
2732-58-3,MMP,0.0,100.0,2732-58-3 MMP
2732-58-3,MMP,1.1111,105.09092372677554,2732-58-3 MMP
2732-58-3,MMP,2.2222,110.07433056943835,2732-58-3 MMP
2732-58-3,MMP,3.3333,114.9535909637092,2732-58-3 MMP
2732-58-3,MMP,4.4444,119.73193592705874,2732-58-3 MMP
2732-58-3,MMP,5.5556,124.41288113341182,2732-58-3 MMP
2732-58-3,MMP,6.6667,128.998557449861,2732-58-3 MMP
2732-58-3,MMP,7.7778,133.4922443419058,2732-58-3 MMP
2732-58-3,MMP,8.8889,137.8966823067069,2732-58-3 MMP
2732-58-3,MMP,10.0,142.21450405400697,2732-58-3 MMP
2732-58-3,MMP,11.1111,146.4482397538101,2732-58-3 MMP
2732-58-3,MMP,12.2222,150.60032198043515,2732-58-3 MMP
2732-58-3,MMP,13.3333,154.67309037324208,2732-58-3 MMP
2732-58-3,MMP,14.4444,158.66879603279548,2732-58-3 MMP
2732-58-3,MMP,15.5556,162.58995523874177,2732-58-3 MMP
2732-58-3,MMP,16.6667,166.43794863055655,2732-58-3 MMP
2732-58-3,MMP,17.7778,170.21514188429646,2732-58-3 MMP
2732-58-3,MMP,18.8889,173.92347119041005,2732-58-3 MMP
2732-58-3,MMP,20.0,177.5648027777366,2732-58-3 MMP
2732-58-3,MMP,23.3333,188.10448869949727,2732-58-3 MMP
2732-58-3,MMP,26.6667,198.1025814542047,2732-58-3 MMP
2732-58-3,MMP,30.0,207.59922533088232,2732-58-3 MMP
2732-58-3,MMP,33.3333,216.631486613974,2732-58-3 MMP
2732-58-3,MMP,36.6667,225.2328664639225,2732-58-3 MMP
2732-58-3,MMP,40.0,233.4329986418717,2732-58-3 MMP
2732-58-3,MMP,43.3333,241.25954947060714,2732-58-3 MMP
2732-58-3,MMP,46.6667,248.73769912146312,2732-58-3 MMP
2732-58-3,MMP,50.0,255.88978505165744,2732-58-3 MMP
2732-58-3,MMP,55.5556,267.1418626415664,2732-58-3 MMP
2732-58-3,MMP,61.1111,277.63192752462294,2732-58-3 MMP
2732-58-3,MMP,66.6667,287.4351932949684,2732-58-3 MMP
2732-58-3,MMP,72.2222,296.6166504437397,2732-58-3 MMP
2732-58-3,MMP,77.7778,305.23394187130657,2732-58-3 MMP
2732-58-3,MMP,83.3333,313.33723337200354,2732-58-3 MMP
2732-58-3,MMP,88.8889,320.9714482129638,2732-58-3 MMP
2732-58-3,MMP,94.4444,328.17591889052255,2732-58-3 MMP
2732-58-3,MMP,100.0,334.9861771453021,2732-58-3 MMP
63041-84-9,LDH,0.0,100.0,63041-84-9 LDH
63041-84-9,LDH,0.0222,119.26080586009311,63041-84-9 LDH
63041-84-9,LDH,0.0444,119.3639650085842,63041-84-9 LDH
63041-84-9,LDH,0.0667,119.46808072804177,63041-84-9 LDH
63041-84-9,LDH,0.0889,119.5722212247544,63041-84-9 LDH
63041-84-9,LDH,0.1111,119.6768542619359,63041-84-9 LDH
63041-84-9,LDH,0.1333,119.78198182439455,63041-84-9 LDH
63041-84-9,LDH,0.1556,119.88808281375564,63041-84-9 LDH
63041-84-9,LDH,0.1778,119.99420765666629,63041-84-9 LDH
63041-84-9,LDH,0.2,120.1008330264313,63041-84-9 LDH
63041-84-9,LDH,0.4,121.08432323579781,63041-84-9 LDH
63041-84-9,LDH,0.6,122.11009745894232,63041-84-9 LDH
63041-84-9,LDH,0.8,123.17969211710242,63041-84-9 LDH
63041-84-9,LDH,1.0,124.29468733295724,63041-84-9 LDH
63041-84-9,LDH,1.2,125.4567077140891,63041-84-9 LDH
63041-84-9,LDH,1.4,126.66742313504116,63041-84-9 LDH
63041-84-9,LDH,1.6,127.92854951741077,63041-84-9 LDH
63041-84-9,LDH,1.8,129.24184960740862,63041-84-9 LDH
63041-84-9,LDH,2.0,130.60913375030518,63041-84-9 LDH
63041-84-9,LDH,2.8889,137.38860080419707,63041-84-9 LDH
63041-84-9,LDH,3.7778,145.44791932860852,63041-84-9 LDH
63041-84-9,LDH,4.6667,154.98279594752026,63041-84-9 LDH
63041-84-9,LDH,5.5556,166.21064394216472,63041-84-9 LDH
63041-84-9,LDH,6.4444,179.3701430817102,63041-84-9 LDH
63041-84-9,LDH,7.3333,194.72842790704414,63041-84-9 LDH
63041-84-9,LDH,8.2222,212.57317798914016,63041-84-9 LDH
63041-84-9,LDH,9.1111,233.21907151721092,63041-84-9 LDH
63041-84-9,LDH,10.0,257.00703106575867,63041-84-9 LDH
63041-84-9,LDH,11.1111,291.72222432687147,63041-84-9 LDH
63041-84-9,LDH,12.2222,332.699963893521,63041-84-9 LDH
63041-84-9,LDH,13.3333,380.782717237456,63041-84-9 LDH
63041-84-9,LDH,14.4444,436.8774286761582,63041-84-9 LDH
63041-84-9,LDH,15.5556,501.95985298533174,63041-84-9 LDH
63041-84-9,LDH,16.6667,577.0474044223853,63041-84-9 LDH
63041-84-9,LDH,17.7778,663.2302437719279,63041-84-9 LDH
63041-84-9,LDH,18.8889,761.6438805600279,63041-84-9 LDH
63041-84-9,LDH,20.0,873.4687951004557,63041-84-9 LDH
63041-84-9,MMP,0.0,100.0,63041-84-9 MMP
63041-84-9,MMP,0.0022,128.7764713895437,63041-84-9 MMP
63041-84-9,MMP,0.0044,131.1873802929714,63041-84-9 MMP
63041-84-9,MMP,0.0067,132.74736306314344,63041-84-9 MMP
63041-84-9,MMP,0.0089,133.84463699570716,63041-84-9 MMP
63041-84-9,MMP,0.0111,134.72362497803667,63041-84-9 MMP
63041-84-9,MMP,0.0133,135.46011085985458,63041-84-9 MMP
63041-84-9,MMP,0.0156,136.12274842478453,63041-84-9 MMP
63041-84-9,MMP,0.0178,136.6801596545373,63041-84-9 MMP
63041-84-9,MMP,0.02,137.17968060766225,63041-84-9 MMP
63041-84-9,MMP,0.04,140.29461508973293,63041-84-9 MMP
63041-84-9,MMP,0.06,142.2363514600146,63041-84-9 MMP
63041-84-9,MMP,0.08,143.67052052876215,63041-84-9 MMP
63041-84-9,MMP,0.1,144.81640054362458,63041-84-9 MMP
63041-84-9,MMP,0.12,145.77493666057018,63041-84-9 MMP
63041-84-9,MMP,0.14,146.60134431369264,63041-84-9 MMP
63041-84-9,MMP,0.16,147.32926121780892,63041-84-9 MMP
63041-84-9,MMP,0.18,147.98076141316386,63041-84-9 MMP
63041-84-9,MMP,0.2,148.57114370263008,63041-84-9 MMP
63041-84-9,MMP,0.4,152.64046134818707,63041-84-9 MMP
63041-84-9,MMP,0.6,155.17712531980112,63041-84-9 MMP
63041-84-9,MMP,0.8,157.050708707111,63041-84-9 MMP
63041-84-9,MMP,1.0,158.5476743065515,63041-84-9 MMP
63041-84-9,MMP,1.2,159.79989580817275,63041-84-9 MMP
63041-84-9,MMP,1.4,160.87950607433766,63041-84-9 MMP
63041-84-9,MMP,1.6,161.83044906189303,63041-84-9 MMP
63041-84-9,MMP,1.8,162.68156206484758,63041-84-9 MMP
63041-84-9,MMP,2.0,163.4528312783663,63041-84-9 MMP
63041-84-9,MMP,2.8889,166.21983634841013,63041-84-9 MMP
63041-84-9,MMP,3.7778,168.31425222407825,63041-84-9 MMP
63041-84-9,MMP,4.6667,170.01053801921296,63041-84-9 MMP
63041-84-9,MMP,5.5556,171.44182894883505,63041-84-9 MMP
63041-84-9,MMP,6.4444,172.6831305313195,63041-84-9 MMP
63041-84-9,MMP,7.3333,173.78146436182965,63041-84-9 MMP
63041-84-9,MMP,8.2222,174.76782677221217,63041-84-9 MMP
63041-84-9,MMP,9.1111,175.66405278551275,63041-84-9 MMP
63041-84-9,MMP,10.0,176.48606592957768,63041-84-9 MMP
316-49-4,MMP,0.0,100.0,316-49-4 MMP
316-49-4,MMP,1.1111,111.44755002006457,316-49-4 MMP
316-49-4,MMP,2.2222,122.46967271131814,316-49-4 MMP
316-49-4,MMP,3.3333,133.08965079064393,316-49-4 MMP
316-49-4,MMP,4.4444,143.32909846267916,316-49-4 MMP
316-49-4,MMP,5.5556,153.2089817221671,316-49-4 MMP
316-49-4,MMP,6.6667,162.746226117371,316-49-4 MMP
316-49-4,MMP,7.7778,171.95916711397166,316-49-4 MMP
316-49-4,MMP,8.8889,180.864069543303,316-49-4 MMP
316-49-4,MMP,10.0,189.4761284776328,316-49-4 MMP
316-49-4,MMP,11.1111,197.80955575672448,316-49-4 MMP
316-49-4,MMP,12.2222,205.8776582497407,316-49-4 MMP
316-49-4,MMP,13.3333,213.6929087590316,316-49-4 MMP
316-49-4,MMP,14.4444,221.26701036045904,316-49-4 MMP
316-49-4,MMP,15.5556,228.61160579660088,316-49-4 MMP
316-49-4,MMP,16.6667,235.73570768977336,316-49-4 MMP
316-49-4,MMP,17.7778,242.64971142949867,316-49-4 MMP
316-49-4,MMP,18.8889,249.36277602371538,316-49-4 MMP
316-49-4,MMP,20.0,255.88353573583836,316-49-4 MMP
316-49-4,MMP,23.3333,274.3712137134285,316-49-4 MMP
316-49-4,MMP,26.6667,291.3963036815669,316-49-4 MMP
316-49-4,MMP,30.0,307.1248550086683,316-49-4 MMP
316-49-4,MMP,33.3333,321.69996232415565,316-49-4 MMP
316-49-4,MMP,36.6667,335.2444104780364,316-49-4 MMP
316-49-4,MMP,40.0,347.863057413846,316-49-4 MMP
316-49-4,MMP,43.3333,359.6480298000615,316-49-4 MMP
316-49-4,MMP,46.6667,370.6796235347966,316-49-4 MMP
316-49-4,MMP,50.0,381.02724131953335,316-49-4 MMP
316-49-4,MMP,55.5556,396.91848419595937,316-49-4 MMP
316-49-4,MMP,61.1111,411.32175064942436,316-49-4 MMP
316-49-4,MMP,66.6667,424.4371349108287,316-49-4 MMP
316-49-4,MMP,72.2222,436.4295674116419,316-49-4 MMP
316-49-4,MMP,77.7778,447.43772972397454,316-49-4 MMP
316-49-4,MMP,83.3333,457.57766943536666,316-49-4 MMP
316-49-4,MMP,88.8889,466.9485302416947,316-49-4 MMP
316-49-4,MMP,94.4444,475.6343118207307,316-49-4 MMP
316-49-4,MMP,100.0,483.7077717904669,316-49-4 MMP
74845-58-2,LDH,0.0,100.0,74845-58-2 LDH
74845-58-2,LDH,0.2222,106.10613638669295,74845-58-2 LDH
74845-58-2,LDH,0.4444,110.10194464572378,74845-58-2 LDH
74845-58-2,LDH,0.6667,113.56274555620011,74845-58-2 LDH
74845-58-2,LDH,0.8889,116.71394449818617,74845-58-2 LDH
74845-58-2,LDH,1.1111,119.65430671530297,74845-58-2 LDH
74845-58-2,LDH,1.3333,122.43687876860434,74845-58-2 LDH
74845-58-2,LDH,1.5556,125.09590612448069,74845-58-2 LDH
74845-58-2,LDH,1.7778,127.65142005349482,74845-58-2 LDH
74845-58-2,LDH,2.0,130.12074029082788,74845-58-2 LDH
74845-58-2,LDH,2.8889,139.34212265874658,74845-58-2 LDH
74845-58-2,LDH,3.7778,147.80535848399091,74845-58-2 LDH
74845-58-2,LDH,4.6667,155.73524574924954,74845-58-2 LDH
74845-58-2,LDH,5.5556,163.2595714404932,74845-58-2 LDH
74845-58-2,LDH,6.4444,170.45916131902453,74845-58-2 LDH
74845-58-2,LDH,7.3333,177.39186169251246,74845-58-2 LDH
74845-58-2,LDH,8.2222,184.0977116501955,74845-58-2 LDH
74845-58-2,LDH,9.1111,190.6076169527355,74845-58-2 LDH
74845-58-2,LDH,10.0,196.94568419919796,74845-58-2 LDH
74845-58-2,LDH,14.4444,226.62470391753655,74845-58-2 LDH
74845-58-2,LDH,18.8889,253.86425836958153,74845-58-2 LDH
74845-58-2,LDH,23.3333,279.3866234141285,74845-58-2 LDH
74845-58-2,LDH,27.7778,303.6042376807958,74845-58-2 LDH
74845-58-2,LDH,32.2222,326.77870230884764,74845-58-2 LDH
74845-58-2,LDH,36.6667,349.0920420397183,74845-58-2 LDH
74845-58-2,LDH,41.1111,370.67477493593384,74845-58-2 LDH
74845-58-2,LDH,45.5556,391.6273417876102,74845-58-2 LDH
74845-58-2,LDH,50.0,412.02638428221377,74845-58-2 LDH
3674-74-6,DCFDA,0.0,100.0,3674-74-6 DCFDA
3674-74-6,DCFDA,1.1111,110.60576066514898,3674-74-6 DCFDA
3674-74-6,DCFDA,2.2222,110.60576066514898,3674-74-6 DCFDA
3674-74-6,DCFDA,3.3333,110.60576066514898,3674-74-6 DCFDA
3674-74-6,DCFDA,4.4444,110.60576066514898,3674-74-6 DCFDA
3674-74-6,DCFDA,5.5556,110.60576066514898,3674-74-6 DCFDA
3674-74-6,DCFDA,6.6667,110.60576066514898,3674-74-6 DCFDA
3674-74-6,DCFDA,7.7778,110.60576066514898,3674-74-6 DCFDA
3674-74-6,DCFDA,8.8889,110.60576066514898,3674-74-6 DCFDA
3674-74-6,DCFDA,10.0,110.60576066514898,3674-74-6 DCFDA
3674-74-6,DCFDA,11.1111,110.60576066514898,3674-74-6 DCFDA
3674-74-6,DCFDA,12.2222,110.60576066514898,3674-74-6 DCFDA
3674-74-6,DCFDA,13.3333,110.60576066514898,3674-74-6 DCFDA
3674-74-6,DCFDA,14.4444,110.60576066514898,3674-74-6 DCFDA
3674-74-6,DCFDA,15.5556,110.60576066514898,3674-74-6 DCFDA
3674-74-6,DCFDA,16.6667,110.60576066514898,3674-74-6 DCFDA
3674-74-6,DCFDA,17.7778,110.60576066514898,3674-74-6 DCFDA
3674-74-6,DCFDA,18.8889,110.60576066514898,3674-74-6 DCFDA
3674-74-6,DCFDA,20.0,110.60576066514898,3674-74-6 DCFDA
3674-74-6,DCFDA,23.3333,110.60576066514898,3674-74-6 DCFDA
3674-74-6,DCFDA,26.6667,110.60576066514898,3674-74-6 DCFDA
3674-74-6,DCFDA,30.0,110.60576066514898,3674-74-6 DCFDA
3674-74-6,DCFDA,33.3333,110.60576066514898,3674-74-6 DCFDA
3674-74-6,DCFDA,36.6667,110.60576066514898,3674-74-6 DCFDA
3674-74-6,DCFDA,40.0,110.60576066514898,3674-74-6 DCFDA
3674-74-6,DCFDA,43.3333,110.60576066514898,3674-74-6 DCFDA
3674-74-6,DCFDA,46.6667,110.60576066514898,3674-74-6 DCFDA
3674-74-6,DCFDA,50.0,110.60576066514898,3674-74-6 DCFDA
3674-74-6,DCFDA,55.5556,110.60576066514898,3674-74-6 DCFDA
3674-74-6,DCFDA,61.1111,110.60576066514898,3674-74-6 DCFDA
3674-74-6,DCFDA,66.6667,110.60576066514898,3674-74-6 DCFDA
3674-74-6,DCFDA,72.2222,110.60576066514898,3674-74-6 DCFDA
3674-74-6,DCFDA,77.7778,110.60576066514898,3674-74-6 DCFDA
3674-74-6,DCFDA,83.3333,110.60576066514898,3674-74-6 DCFDA
3674-74-6,DCFDA,88.8889,110.60576066514898,3674-74-6 DCFDA
3674-74-6,DCFDA,94.4444,110.60576066514898,3674-74-6 DCFDA
3674-74-6,DCFDA,100.0,110.60576066514898,3674-74-6 DCFDA
52689-26-6,DCFDA,0.0,100.0,52689-26-6 DCFDA
52689-26-6,DCFDA,1.1111,100.10752756774527,52689-26-6 DCFDA
52689-26-6,DCFDA,2.2222,100.21484917983328,52689-26-6 DCFDA
52689-26-6,DCFDA,3.3333,100.32196542742149,52689-26-6 DCFDA
52689-26-6,DCFDA,4.4444,100.4288768994071,52689-26-6 DCFDA
52689-26-6,DCFDA,5.5556,100.5355937770175,52689-26-6 DCFDA
52689-26-6,DCFDA,6.6667,100.64209743720406,52689-26-6 DCFDA
52689-26-6,DCFDA,7.7778,100.74839807507807,52689-26-6 DCFDA
52689-26-6,DCFDA,8.8889,100.85449627060284,52689-26-6 DCFDA
52689-26-6,DCFDA,10.0,100.96039260153478,52689-26-6 DCFDA
52689-26-6,DCFDA,14.4444,101.38197075780683,52689-26-6 DCFDA
52689-26-6,DCFDA,18.8889,101.80037411279906,52689-26-6 DCFDA
52689-26-6,DCFDA,23.3333,102.21561977870064,52689-26-6 DCFDA
52689-26-6,DCFDA,27.7778,102.62776184407294,52689-26-6 DCFDA
52689-26-6,DCFDA,32.2222,103.03681663522592,52689-26-6 DCFDA
52689-26-6,DCFDA,36.6667,103.4428369143609,52689-26-6 DCFDA
52689-26-6,DCFDA,41.1111,103.84583825498218,52689-26-6 DCFDA
52689-26-6,DCFDA,45.5556,104.24587213759233,52689-26-6 DCFDA
52689-26-6,DCFDA,50.0,104.64295341442097,52689-26-6 DCFDA
52689-26-6,DCFDA,55.5556,105.13522370320919,52689-26-6 DCFDA
52689-26-6,DCFDA,61.1111,105.6229984942086,52689-26-6 DCFDA
52689-26-6,DCFDA,66.6667,106.10635640959107,52689-26-6 DCFDA
52689-26-6,DCFDA,72.2222,106.58534000624769,52689-26-6 DCFDA
52689-26-6,DCFDA,77.7778,107.0600254086028,52689-26-6 DCFDA
52689-26-6,DCFDA,83.3333,107.53045335346833,52689-26-6 DCFDA
52689-26-6,DCFDA,88.8889,107.99669757253601,52689-26-6 DCFDA
52689-26-6,DCFDA,94.4444,108.4587970681629,52689-26-6 DCFDA
52689-26-6,DCFDA,100.0,108.916823278941,52689-26-6 DCFDA
52689-26-6,LDH,0.0,100.0,52689-26-6 LDH
52689-26-6,LDH,1.1111,100.00045867601257,52689-26-6 LDH
52689-26-6,LDH,2.2222,100.00337791654482,52689-26-6 LDH
52689-26-6,LDH,3.3333,100.0108616295732,52689-26-6 LDH
52689-26-6,LDH,4.4444,100.0248766446713,52689-26-6 LDH
52689-26-6,LDH,5.5556,100.04731207319134,52689-26-6 LDH
52689-26-6,LDH,6.6667,100.07999385751378,52689-26-6 LDH
52689-26-6,LDH,7.7778,100.12470962281589,52689-26-6 LDH
52689-26-6,LDH,8.8889,100.18320982683878,52689-26-6 LDH
52689-26-6,LDH,10.0,100.25721509778398,52689-26-6 LDH
52689-26-6,LDH,14.4444,100.74186463863626,52689-26-6 LDH
52689-26-6,LDH,18.8889,101.6066955998611,52689-26-6 LDH
52689-26-6,LDH,23.3333,102.95313678464098,52689-26-6 LDH
52689-26-6,LDH,27.7778,104.87984922864833,52689-26-6 LDH
52689-26-6,LDH,32.2222,107.48309643945503,52689-26-6 LDH
52689-26-6,LDH,36.6667,110.85750797743664,52689-26-6 LDH
52689-26-6,LDH,41.1111,115.09588689002588,52689-26-6 LDH
52689-26-6,LDH,45.5556,120.29003859520927,52689-26-6 LDH
52689-26-6,LDH,50.0,126.53016121528948,52689-26-6 LDH
52689-26-6,LDH,55.5556,135.937618262487,52689-26-6 LDH
52689-26-6,LDH,61.1111,147.2915191929584,52689-26-6 LDH
52689-26-6,LDH,66.6667,160.7627372802521,52689-26-6 LDH
52689-26-6,LDH,72.2222,176.51940199153196,52689-26-6 LDH
52689-26-6,LDH,77.7778,194.7290252052095,52689-26-6 LDH
52689-26-6,LDH,83.3333,215.55636228406343,52689-26-6 LDH
52689-26-6,LDH,88.8889,239.16617037605843,52689-26-6 LDH
52689-26-6,LDH,94.4444,265.7203004228509,52689-26-6 LDH
52689-26-6,LDH,100.0,295.38120165679874,52689-26-6 LDH
52689-26-6,MMP,0.0,100.0,52689-26-6 MMP
52689-26-6,MMP,1.1111,194.39296760445302,52689-26-6 MMP
52689-26-6,MMP,2.2222,220.9496285844798,52689-26-6 MMP
52689-26-6,MMP,3.3333,239.82488397864657,52689-26-6 MMP
52689-26-6,MMP,4.4444,254.97778092987394,52689-26-6 MMP
52689-26-6,MMP,5.5556,267.85434583348786,52689-26-6 MMP
52689-26-6,MMP,6.6667,279.16439055196827,52689-26-6 MMP
52689-26-6,MMP,7.7778,289.3194444366577,52689-26-6 MMP
52689-26-6,MMP,8.8889,298.58026439106953,52689-26-6 MMP
52689-26-6,MMP,10.0,307.1242021670183,52689-26-6 MMP
52689-26-6,MMP,11.1111,315.078050310883,52689-26-6 MMP
52689-26-6,MMP,12.2222,322.5359945387107,52689-26-6 MMP
52689-26-6,MMP,13.3333,329.57015671180386,52689-26-6 MMP
52689-26-6,MMP,14.4444,336.2371442525623,52689-26-6 MMP
52689-26-6,MMP,15.5556,342.5828646937632,52689-26-6 MMP
52689-26-6,MMP,16.6667,348.6431421956162,52689-26-6 MMP
52689-26-6,MMP,17.7778,354.44913781028947,52689-26-6 MMP
52689-26-6,MMP,18.8889,360.02646914240677,52689-26-6 MMP
52689-26-6,MMP,20.0,365.39684002662665,52689-26-6 MMP
52689-26-6,MMP,23.3333,380.4396286005968,52689-26-6 MMP
52689-26-6,MMP,26.6667,394.1581680669648,52689-26-6 MMP
52689-26-6,MMP,30.0,406.81435568942555,52689-26-6 MMP
52689-26-6,MMP,33.3333,418.5964399073941,52689-26-6 MMP
52689-26-6,MMP,36.6667,429.644260144382,52689-26-6 MMP
52689-26-6,MMP,40.0,440.0639903941401,52689-26-6 MMP
52689-26-6,MMP,43.3333,449.9398248407945,52689-26-6 MMP
52689-26-6,MMP,46.6667,459.3392153689438,52689-26-6 MMP
52689-26-6,MMP,50.0,468.3163536766912,52689-26-6 MMP
52689-26-6,MMP,55.5556,482.46044361651246,52689-26-6 MMP
52689-26-6,MMP,61.1111,495.72243698402815,52689-26-6 MMP
52689-26-6,MMP,66.6667,508.2310655758467,52689-26-6 MMP
52689-26-6,MMP,72.2222,520.0865415109158,52689-26-6 MMP
52689-26-6,MMP,77.7778,531.3699368908708,52689-26-6 MMP
52689-26-6,MMP,83.3333,542.1465764648085,52689-26-6 MMP
52689-26-6,MMP,88.8889,552.4712223174167,52689-26-6 MMP
52689-26-6,MMP,94.4444,562.3890578875714,52689-26-6 MMP
52689-26-6,MMP,100.0,571.939036448772,52689-26-6 MMP
604-83-1,DCFDA,0.0,100.0,604-83-1 DCFDA
604-83-1,DCFDA,1.1111,100.1775991130868,604-83-1 DCFDA
604-83-1,DCFDA,2.2222,100.35466634773398,604-83-1 DCFDA
604-83-1,DCFDA,3.3333,100.53120408969411,604-83-1 DCFDA
604-83-1,DCFDA,4.4444,100.70721471047267,604-83-1 DCFDA
604-83-1,DCFDA,5.5556,100.88271633777288,604-83-1 DCFDA
604-83-1,DCFDA,6.6667,101.0576797273327,604-83-1 DCFDA
604-83-1,DCFDA,7.7778,101.23212302601051,604-83-1 DCFDA
604-83-1,DCFDA,8.8889,101.4060485493744,604-83-1 DCFDA
604-83-1,DCFDA,10.0,101.57945859926681,604-83-1 DCFDA
604-83-1,DCFDA,14.4444,102.26798962623785,604-83-1 DCFDA
604-83-1,DCFDA,18.8889,102.94846894559527,604-83-1 DCFDA
604-83-1,DCFDA,23.3333,103.6210068830381,604-83-1 DCFDA
604-83-1,DCFDA,27.7778,104.28577138959542,604-83-1 DCFDA
604-83-1,DCFDA,32.2222,104.94286706309782,604-83-1 DCFDA
604-83-1,DCFDA,36.6667,105.5924549091605,604-83-1 DCFDA
604-83-1,DCFDA,41.1111,106.2346341366204,604-83-1 DCFDA
604-83-1,DCFDA,45.5556,106.8695591800422,604-83-1 DCFDA
604-83-1,DCFDA,50.0,107.49732417492756,604-83-1 DCFDA
604-83-1,DCFDA,55.5556,108.27217814670561,604-83-1 DCFDA
604-83-1,DCFDA,61.1111,109.0362686345575,604-83-1 DCFDA
604-83-1,DCFDA,66.6667,109.78984530591157,604-83-1 DCFDA
604-83-1,DCFDA,72.2222,110.5330971071288,604-83-1 DCFDA
604-83-1,DCFDA,77.7778,111.26626100239409,604-83-1 DCFDA
604-83-1,DCFDA,83.3333,111.98951512492668,604-83-1 DCFDA
604-83-1,DCFDA,88.8889,112.70308455914743,604-83-1 DCFDA
604-83-1,DCFDA,94.4444,113.407137356948,604-83-1 DCFDA
604-83-1,DCFDA,100.0,114.10188748252212,604-83-1 DCFDA
604-83-1,LDH,0.0,100.0,604-83-1 LDH
604-83-1,LDH,1.1111,100.0,604-83-1 LDH
604-83-1,LDH,2.2222,100.0,604-83-1 LDH
604-83-1,LDH,3.3333,100.0,604-83-1 LDH
604-83-1,LDH,4.4444,100.0,604-83-1 LDH
604-83-1,LDH,5.5556,100.0,604-83-1 LDH
604-83-1,LDH,6.6667,100.0,604-83-1 LDH
604-83-1,LDH,7.7778,100.0,604-83-1 LDH
604-83-1,LDH,8.8889,100.00000014863895,604-83-1 LDH
604-83-1,LDH,10.0,101.51699993230955,604-83-1 LDH
604-83-1,LDH,11.1111,133.89344972933807,604-83-1 LDH
604-83-1,LDH,12.2222,161.63240279479916,604-83-1 LDH
604-83-1,LDH,13.3333,169.150818233517,604-83-1 LDH
604-83-1,LDH,14.4444,170.70001871346074,604-83-1 LDH
604-83-1,LDH,15.5556,171.00219373448667,604-83-1 LDH
604-83-1,LDH,16.6667,171.0604965815529,604-83-1 LDH
604-83-1,LDH,17.7778,171.07172475761973,604-83-1 LDH
604-83-1,LDH,18.8889,171.0738862666048,604-83-1 LDH
604-83-1,LDH,20.0,171.07430234181328,604-83-1 LDH
604-83-1,LDH,23.3333,171.0744008162643,604-83-1 LDH
604-83-1,LDH,26.6667,171.07440151860058,604-83-1 LDH
604-83-1,LDH,30.0,171.07440152360903,604-83-1 LDH
604-83-1,LDH,33.3333,171.07440152364472,604-83-1 LDH
604-83-1,LDH,36.6667,171.07440152364498,604-83-1 LDH
604-83-1,LDH,40.0,171.07440152364498,604-83-1 LDH
604-83-1,LDH,43.3333,171.07440152364498,604-83-1 LDH
604-83-1,LDH,46.6667,171.07440152364498,604-83-1 LDH
604-83-1,LDH,50.0,171.07440152364498,604-83-1 LDH
604-83-1,LDH,55.5556,171.07440152364498,604-83-1 LDH
604-83-1,LDH,61.1111,171.07440152364498,604-83-1 LDH
604-83-1,LDH,66.6667,171.07440152364498,604-83-1 LDH
604-83-1,LDH,72.2222,171.07440152364498,604-83-1 LDH
604-83-1,LDH,77.7778,171.07440152364498,604-83-1 LDH
604-83-1,LDH,83.3333,171.07440152364498,604-83-1 LDH
604-83-1,LDH,88.8889,171.07440152364498,604-83-1 LDH
604-83-1,LDH,94.4444,171.07440152364498,604-83-1 LDH
604-83-1,LDH,100.0,171.07440152364498,604-83-1 LDH
20291-75-2,DCFDA,0.0,100.0,20291-75-2 DCFDA
20291-75-2,DCFDA,1.1111,111.03767860164304,20291-75-2 DCFDA
20291-75-2,DCFDA,2.2222,112.17153572515618,20291-75-2 DCFDA
20291-75-2,DCFDA,3.3333,112.88805413433882,20291-75-2 DCFDA
20291-75-2,DCFDA,4.4444,113.42186951219077,20291-75-2 DCFDA
20291-75-2,DCFDA,5.5556,113.85114385081623,20291-75-2 DCFDA
20291-75-2,DCFDA,6.6667,114.21202310161344,20291-75-2 DCFDA
20291-75-2,DCFDA,7.7778,114.52446864806974,20291-75-2 DCFDA
20291-75-2,DCFDA,8.8889,114.8006686403407,20291-75-2 DCFDA
20291-75-2,DCFDA,10.0,115.04865105182701,20291-75-2 DCFDA
20291-75-2,DCFDA,11.1111,115.27399775320767,20291-75-2 DCFDA
20291-75-2,DCFDA,12.2222,115.48075443279296,20291-75-2 DCFDA
20291-75-2,DCFDA,13.3333,115.67195151500692,20291-75-2 DCFDA
20291-75-2,DCFDA,14.4444,115.8499205015024,20291-75-2 DCFDA
20291-75-2,DCFDA,15.5556,116.01650994010426,20291-75-2 DCFDA
20291-75-2,DCFDA,16.6667,116.17315987469246,20291-75-2 DCFDA
20291-75-2,DCFDA,17.7778,116.32108286658115,20291-75-2 DCFDA
20291-75-2,DCFDA,18.8889,116.46126738039591,20291-75-2 DCFDA
20291-75-2,DCFDA,20.0,116.59453953165986,20291-75-2 DCFDA
20291-75-2,DCFDA,23.3333,116.95936544155543,20291-75-2 DCFDA
20291-75-2,DCFDA,26.6667,117.28187833198251,20291-75-2 DCFDA
20291-75-2,DCFDA,30.0,117.57143294386655,20291-75-2 DCFDA
20291-75-2,DCFDA,33.3333,117.83455715604973,20291-75-2 DCFDA
20291-75-2,DCFDA,36.6667,118.07598183773615,20291-75-2 DCFDA
20291-75-2,DCFDA,40.0,118.29923102870998,20291-75-2 DCFDA
20291-75-2,DCFDA,43.3333,118.50703461513805,20291-75-2 DCFDA
20291-75-2,DCFDA,46.6667,118.70153971677391,20291-75-2 DCFDA
20291-75-2,DCFDA,50.0,118.88445104264288,20291-75-2 DCFDA
20291-75-2,DCFDA,56.6667,119.2208627171648,20291-75-2 DCFDA
20291-75-2,DCFDA,63.3333,119.5248345993647,20291-75-2 DCFDA
20291-75-2,DCFDA,70.0,119.80246678974981,20291-75-2 DCFDA
20291-75-2,DCFDA,76.6667,120.05824654307209,20291-75-2 DCFDA
20291-75-2,DCFDA,83.3333,120.29558273346902,20291-75-2 DCFDA
20291-75-2,DCFDA,90.0,120.51713835595342,20291-75-2 DCFDA
20291-75-2,DCFDA,96.6667,120.72501936256103,20291-75-2 DCFDA
20291-75-2,DCFDA,103.3333,120.92092780944093,20291-75-2 DCFDA
20291-75-2,DCFDA,110.0,121.10626799224472,20291-75-2 DCFDA
20291-75-2,LDH,0.0,100.0,20291-75-2 LDH
20291-75-2,LDH,1.1111,100.1210940174629,20291-75-2 LDH
20291-75-2,LDH,2.2222,100.40323425503591,20291-75-2 LDH
20291-75-2,LDH,3.3333,100.81500851331306,20291-75-2 LDH
20291-75-2,LDH,4.4444,101.34274068893775,20291-75-2 LDH
20291-75-2,LDH,5.5556,101.97784445452575,20291-75-2 LDH
20291-75-2,LDH,6.6667,102.7139896172392,20291-75-2 LDH
20291-75-2,LDH,7.7778,103.54643571183206,20291-75-2 LDH
20291-75-2,LDH,8.8889,104.47131595850539,20291-75-2 LDH
20291-75-2,LDH,10.0,105.4854105813884,20291-75-2 LDH
20291-75-2,LDH,11.1111,106.58597505494471,20291-75-2 LDH
20291-75-2,LDH,12.2222,107.77062732958669,20291-75-2 LDH
20291-75-2,LDH,13.3333,109.03727004817108,20291-75-2 LDH
20291-75-2,LDH,14.4444,110.38403477971349,20291-75-2 LDH
20291-75-2,LDH,15.5556,111.80937252107911,20291-75-2 LDH
20291-75-2,LDH,16.6667,113.31150222894726,20291-75-2 LDH
20291-75-2,LDH,17.7778,114.88915635415765,20291-75-2 LDH
20291-75-2,LDH,18.8889,116.54105545716621,20291-75-2 LDH
20291-75-2,LDH,20.0,118.26601755970367,20291-75-2 LDH
20291-75-2,LDH,23.3333,123.86867542782952,20291-75-2 LDH
20291-75-2,LDH,26.6667,130.09364664122384,20291-75-2 LDH
20291-75-2,LDH,30.0,136.91888679982972,20291-75-2 LDH
20291-75-2,LDH,33.3333,144.32610174067665,20291-75-2 LDH
20291-75-2,LDH,36.6667,152.2995069108433,20291-75-2 LDH
20291-75-2,LDH,40.0,160.82450758078977,20291-75-2 LDH
20291-75-2,LDH,43.3333,169.88875932843624,20291-75-2 LDH
20291-75-2,LDH,46.6667,179.481245645525,20291-75-2 LDH
20291-75-2,LDH,50.0,189.59113102654362,20291-75-2 LDH
20291-75-2,LDH,55.5556,207.56656927771436,20291-75-2 LDH
20291-75-2,LDH,61.1111,226.91507007433876,20291-75-2 LDH
20291-75-2,LDH,66.6667,247.60307336670928,20291-75-2 LDH
20291-75-2,LDH,72.2222,269.59931764992336,20291-75-2 LDH
20291-75-2,LDH,77.7778,292.87714266853254,20291-75-2 LDH
20291-75-2,LDH,83.3333,317.4108127940052,20291-75-2 LDH
20291-75-2,LDH,88.8889,343.1784701617473,20291-75-2 LDH
20291-75-2,LDH,94.4444,370.1582901825464,20291-75-2 LDH
20291-75-2,LDH,100.0,398.33193855661324,20291-75-2 LDH
20291-75-2,MMP,0.0,100.0,20291-75-2 MMP
20291-75-2,MMP,1.1111,100.78322581815613,20291-75-2 MMP
20291-75-2,MMP,2.2222,101.55998409348534,20291-75-2 MMP
20291-75-2,MMP,3.3333,102.33035460588499,20291-75-2 MMP
20291-75-2,MMP,4.4444,103.09441582846699,20291-75-2 MMP
20291-75-2,MMP,5.5556,103.85231288132361,20291-75-2 MMP
20291-75-2,MMP,6.6667,104.60398529837107,20291-75-2 MMP
20291-75-2,MMP,7.7778,105.34957627413579,20291-75-2 MMP
20291-75-2,MMP,8.8889,106.08915931454916,20291-75-2 MMP
20291-75-2,MMP,10.0,106.82280674568185,20291-75-2 MMP
20291-75-2,MMP,11.1111,107.55058973732196,20291-75-2 MMP
20291-75-2,MMP,12.2222,108.27257832599003,20291-75-2 MMP
20291-75-2,MMP,13.3333,108.98884143740645,20291-75-2 MMP
20291-75-2,MMP,14.4444,109.6994469084266,20291-75-2 MMP
20291-75-2,MMP,15.5556,110.40452471077194,20291-75-2 MMP
20291-75-2,MMP,16.6667,111.10401366834691,20291-75-2 MMP
20291-75-2,MMP,17.7778,111.79804218034764,20291-75-2 MMP
20291-75-2,MMP,18.8889,112.48667393728566,20291-75-2 MMP
20291-75-2,MMP,20.0,113.16997164299579,20291-75-2 MMP
20291-75-2,MMP,23.3333,115.18847308758873,20291-75-2 MMP
20291-75-2,MMP,26.6667,117.16119310892192,20291-75-2 MMP
20291-75-2,MMP,30.0,119.08955738094703,20291-75-2 MMP
20291-75-2,MMP,33.3333,120.97510118826185,20291-75-2 MMP
20291-75-2,MMP,36.6667,122.81928986656732,20291-75-2 MMP
20291-75-2,MMP,40.0,124.62336213192701,20291-75-2 MMP
20291-75-2,MMP,43.3333,126.38866526002096,20291-75-2 MMP
20291-75-2,MMP,46.6667,128.1164869592,20291-75-2 MMP
20291-75-2,MMP,50.0,129.80790799375833,20291-75-2 MMP
20291-75-2,MMP,56.6667,133.0862469702373,20291-75-2 MMP
20291-75-2,MMP,63.3333,136.23216988101262,20291-75-2 MMP
20291-75-2,MMP,70.0,139.2536294264255,20291-75-2 MMP
20291-75-2,MMP,76.6667,142.15782589756523,20291-75-2 MMP
20291-75-2,MMP,83.3333,144.95141472452525,20291-75-2 MMP
20291-75-2,MMP,90.0,147.64067581161768,20291-75-2 MMP
20291-75-2,MMP,96.6667,150.23130812821137,20291-75-2 MMP
20291-75-2,MMP,103.3333,152.72860300643313,20291-75-2 MMP
20291-75-2,MMP,110.0,155.13758643231725,20291-75-2 MMP
66292-19-1,DCFDA,0.0,100.0,66292-19-1 DCFDA
66292-19-1,DCFDA,1.1111,100.56310494528665,66292-19-1 DCFDA
66292-19-1,DCFDA,2.2222,101.12229930931561,66292-19-1 DCFDA
66292-19-1,DCFDA,3.3333,101.6776236877034,66292-19-1 DCFDA
66292-19-1,DCFDA,4.4444,102.22911811610851,66292-19-1 DCFDA
66292-19-1,DCFDA,5.5556,102.77687120428719,66292-19-1 DCFDA
66292-19-1,DCFDA,6.6667,103.32082331187684,66292-19-1 DCFDA
66292-19-1,DCFDA,7.7778,103.86106231537647,66292-19-1 DCFDA
66292-19-1,DCFDA,8.8889,104.39762610482799,66292-19-1 DCFDA
66292-19-1,DCFDA,10.0,104.93055205649345,66292-19-1 DCFDA
66292-19-1,DCFDA,11.1111,105.45987704153406,66292-19-1 DCFDA
66292-19-1,DCFDA,12.2222,105.98563743451385,66292-19-1 DCFDA
66292-19-1,DCFDA,13.3333,106.50786912173211,66292-19-1 DCFDA
66292-19-1,DCFDA,14.4444,107.02660750938861,66292-19-1 DCFDA
66292-19-1,DCFDA,15.5556,107.5419337526469,66292-19-1 DCFDA
66292-19-1,DCFDA,16.6667,108.05378957261489,66292-19-1 DCFDA
66292-19-1,DCFDA,17.7778,108.56225551328936,66292-19-1 DCFDA
66292-19-1,DCFDA,18.8889,109.06736513887427,66292-19-1 DCFDA
66292-19-1,DCFDA,20.0,109.56915157192562,66292-19-1 DCFDA
66292-19-1,DCFDA,23.3333,111.0548964677764,66292-19-1 DCFDA
66292-19-1,DCFDA,26.6667,112.51192742470708,66292-19-1 DCFDA
66292-19-1,DCFDA,30.0,113.94098395276173,66292-19-1 DCFDA
66292-19-1,DCFDA,33.3333,115.3429056956009,66292-19-1 DCFDA
66292-19-1,DCFDA,36.6667,116.7184991126764,66292-19-1 DCFDA
66292-19-1,DCFDA,40.0,118.06841873684382,66292-19-1 DCFDA
66292-19-1,DCFDA,43.3333,119.3934160599768,66292-19-1 DCFDA
66292-19-1,DCFDA,46.6667,120.69421361116724,66292-19-1 DCFDA
66292-19-1,DCFDA,50.0,121.97139242981149,66292-19-1 DCFDA
66292-19-1,DCFDA,56.6667,124.45756757859505,66292-19-1 DCFDA
66292-19-1,DCFDA,63.3333,126.85672390310951,66292-19-1 DCFDA
66292-19-1,DCFDA,70.0,129.17341975963453,66292-19-1 DCFDA
66292-19-1,DCFDA,76.6667,131.41180163836862,66292-19-1 DCFDA
66292-19-1,DCFDA,83.3333,133.5757426250374,66292-19-1 DCFDA
66292-19-1,DCFDA,90.0,135.66895722226033,66292-19-1 DCFDA
66292-19-1,DCFDA,96.6667,137.6948272153787,66292-19-1 DCFDA
66292-19-1,DCFDA,103.3333,139.65652218957877,66292-19-1 DCFDA
66292-19-1,DCFDA,110.0,141.557100108047,66292-19-1 DCFDA
66292-19-1,LDH,0.0,100.0,66292-19-1 LDH
66292-19-1,LDH,1.1111,108.72107074716865,66292-19-1 LDH
66292-19-1,LDH,2.2222,117.2269141352537,66292-19-1 LDH
66292-19-1,LDH,3.3333,125.52540044489818,66292-19-1 LDH
66292-19-1,LDH,4.4444,133.6240208512816,66292-19-1 LDH
66292-19-1,LDH,5.5556,141.53061304882567,66292-19-1 LDH
66292-19-1,LDH,6.6667,149.25055349789204,66292-19-1 LDH
66292-19-1,LDH,7.7778,156.79104522811775,66292-19-1 LDH
66292-19-1,LDH,8.8889,164.15827323786382,66292-19-1 LDH
66292-19-1,LDH,10.0,171.35814151894544,66292-19-1 LDH
66292-19-1,LDH,11.1111,178.39628883631283,66292-19-1 LDH
66292-19-1,LDH,12.2222,185.2781034562282,66292-19-1 LDH
66292-19-1,LDH,13.3333,192.00873690378702,66292-19-1 LDH
66292-19-1,LDH,14.4444,198.59311682360647,66292-19-1 LDH
66292-19-1,LDH,15.5556,205.03653263984614,66292-19-1 LDH
66292-19-1,LDH,16.6667,211.3423401704178,66292-19-1 LDH
66292-19-1,LDH,17.7778,217.51545073694572,66292-19-1 LDH
66292-19-1,LDH,18.8889,223.5600093613577,66292-19-1 LDH
66292-19-1,LDH,20.0,229.47999020856764,66292-19-1 LDH
66292-19-1,LDH,23.3333,246.52982420776013,66292-19-1 LDH
66292-19-1,LDH,26.6667,262.58732418192176,66292-19-1 LDH
66292-19-1,LDH,30.0,277.7357907773496,66292-19-1 LDH
66292-19-1,LDH,33.3333,292.05070891311163,66292-19-1 LDH
66292-19-1,LDH,36.6667,305.5994313344439,66292-19-1 LDH
66292-19-1,LDH,40.0,318.4411193563052,66292-19-1 LDH
66292-19-1,LDH,43.3333,330.63006643963126,66292-19-1 LDH
66292-19-1,LDH,46.6667,342.2151460891829,66292-19-1 LDH
66292-19-1,LDH,50.0,353.2395034734519,66292-19-1 LDH
66292-19-1,LDH,56.6667,373.76254355295896,66292-19-1 LDH
66292-19-1,LDH,63.3333,392.47497971378516,66292-19-1 LDH
66292-19-1,LDH,70.0,409.6067867074595,66292-19-1 LDH
66292-19-1,LDH,76.6667,425.3498945838725,66292-19-1 LDH
66292-19-1,LDH,83.3333,439.86636841915094,66292-19-1 LDH
66292-19-1,LDH,90.0,453.2945812758177,66292-19-1 LDH
66292-19-1,LDH,96.6667,465.7523076625919,66292-19-1 LDH
66292-19-1,LDH,103.3333,477.34091935472236,66292-19-1 LDH
66292-19-1,LDH,110.0,488.14861482008104,66292-19-1 LDH
66292-19-1,MMP,0.0,100.0,66292-19-1 MMP
66292-19-1,MMP,1.1111,108.8258433506146,66292-19-1 MMP
66292-19-1,MMP,2.2222,117.38394452807557,66292-19-1 MMP
66292-19-1,MMP,3.3333,125.68630489779261,66292-19-1 MMP
66292-19-1,MMP,4.4444,133.74421911347252,66292-19-1 MMP
66292-19-1,MMP,5.5556,141.5690203413186,66292-19-1 MMP
66292-19-1,MMP,6.6667,149.16933158137525,66292-19-1 MMP
66292-19-1,MMP,7.7778,156.5553322722448,66292-19-1 MMP
66292-19-1,MMP,8.8889,163.73596095645718,66292-19-1 MMP
66292-19-1,MMP,10.0,170.71966590996004,66292-19-1 MMP
66292-19-1,MMP,11.1111,177.5144383004931,66292-19-1 MMP
66292-19-1,MMP,12.2222,184.12784269074467,66292-19-1 MMP
66292-19-1,MMP,13.3333,190.56704513108087,66292-19-1 MMP
66292-19-1,MMP,14.4444,196.83883906118282,66292-19-1 MMP
66292-19-1,MMP,15.5556,202.95021213945518,66292-19-1 MMP
66292-19-1,MMP,16.6667,208.90618297456476,66292-19-1 MMP
66292-19-1,MMP,17.7778,214.71312061002453,66292-19-1 MMP
66292-19-1,MMP,18.8889,220.37654969740817,66292-19-1 MMP
66292-19-1,MMP,20.0,225.901725156608,66292-19-1 MMP
66292-19-1,MMP,23.3333,241.69656646882336,66292-19-1 MMP
66292-19-1,MMP,26.6667,256.4140327182572,66292-19-1 MMP
66292-19-1,MMP,30.0,270.1599233606024,66292-19-1 MMP
66292-19-1,MMP,33.3333,283.0277460143085,66292-19-1 MMP
66292-19-1,MMP,36.6667,295.0993821895647,66292-19-1 MMP
66292-19-1,MMP,40.0,306.445849142739,66292-19-1 MMP
66292-19-1,MMP,43.3333,317.1308963533757,66292-19-1 MMP
66292-19-1,MMP,46.6667,327.2110139531786,66292-19-1 MMP
66292-19-1,MMP,50.0,336.73560379052947,66292-19-1 MMP
66292-19-1,MMP,56.6667,354.2932986614245,66292-19-1 MMP
66292-19-1,MMP,63.3333,370.10845424405824,66292-19-1 MMP
66292-19-1,MMP,70.0,384.4286269089283,66292-19-1 MMP
66292-19-1,MMP,76.6667,397.45604099786823,66292-19-1 MMP
66292-19-1,MMP,83.3333,409.3580216576129,66292-19-1 MMP
66292-19-1,MMP,90.0,420.2746828481746,66292-19-1 MMP
66292-19-1,MMP,96.6667,430.32337268378916,66292-19-1 MMP
66292-19-1,MMP,103.3333,439.6035164910171,66292-19-1 MMP
66292-19-1,MMP,110.0,448.2002852873956,66292-19-1 MMP
57380-68-4,MMP,0.0,100.0,57380-68-4 MMP
57380-68-4,MMP,1.1111,101.86863518403702,57380-68-4 MMP
57380-68-4,MMP,2.2222,104.20855321640366,57380-68-4 MMP
57380-68-4,MMP,3.3333,106.76698878677104,57380-68-4 MMP
57380-68-4,MMP,4.4444,109.47853295635618,57380-68-4 MMP
57380-68-4,MMP,5.5556,112.3101912416321,57380-68-4 MMP
57380-68-4,MMP,6.6667,115.24092720483122,57380-68-4 MMP
57380-68-4,MMP,7.7778,118.25692841067696,57380-68-4 MMP
57380-68-4,MMP,8.8889,121.34789945731745,57380-68-4 MMP
57380-68-4,MMP,10.0,124.5059463819649,57380-68-4 MMP
57380-68-4,MMP,11.1111,127.72480644060417,57380-68-4 MMP
57380-68-4,MMP,12.2222,130.99937876429496,57380-68-4 MMP
57380-68-4,MMP,13.3333,134.32542117763714,57380-68-4 MMP
57380-68-4,MMP,14.4444,137.69934518047836,57380-68-4 MMP
57380-68-4,MMP,15.5556,141.11838171558463,57380-68-4 MMP
57380-68-4,MMP,16.6667,144.5792423024705,57380-68-4 MMP
57380-68-4,MMP,17.7778,148.0798883013943,57380-68-4 MMP
57380-68-4,MMP,18.8889,151.61824531722004,57380-68-4 MMP
57380-68-4,MMP,20.0,155.19246364826597,57380-68-4 MMP
57380-68-4,MMP,23.3333,166.11446187947988,57380-68-4 MMP
57380-68-4,MMP,26.6667,177.30829296314954,57380-68-4 MMP
57380-68-4,MMP,30.0,188.74469762348406,57380-68-4 MMP
57380-68-4,MMP,33.3333,200.40132814669784,57380-68-4 MMP
57380-68-4,MMP,36.6667,212.2600711039469,57380-68-4 MMP
57380-68-4,MMP,40.0,224.3048522217861,57380-68-4 MMP
57380-68-4,MMP,43.3333,236.5230291470731,57380-68-4 MMP
57380-68-4,MMP,46.6667,248.90382669310085,57380-68-4 MMP
57380-68-4,MMP,50.0,261.4368222607975,57380-68-4 MMP
57380-68-4,MMP,55.5556,282.6419603083466,57380-68-4 MMP
57380-68-4,MMP,61.1111,304.2137330255167,57380-68-4 MMP
57380-68-4,MMP,66.6667,326.1249699929137,57380-68-4 MMP
57380-68-4,MMP,72.2222,348.3512423421649,57380-68-4 MMP
57380-68-4,MMP,77.7778,370.87306825229894,57380-68-4 MMP
57380-68-4,MMP,83.3333,393.67202851182327,57380-68-4 MMP
57380-68-4,MMP,88.8889,416.7334994051615,57380-68-4 MMP
57380-68-4,MMP,94.4444,440.0429850686996,57380-68-4 MMP
57380-68-4,MMP,100.0,463.58913894784354,57380-68-4 MMP
65819-04-7,LDH,0.0,100.0,65819-04-7 LDH
65819-04-7,LDH,1.1111,100.1281174734765,65819-04-7 LDH
65819-04-7,LDH,2.2222,100.14017945542138,65819-04-7 LDH
65819-04-7,LDH,3.3333,100.15335946665489,65819-04-7 LDH
65819-04-7,LDH,4.4444,100.1677594880587,65819-04-7 LDH
65819-04-7,LDH,5.5556,100.183492129542,65819-04-7 LDH
65819-04-7,LDH,6.6667,100.20067565644305,65819-04-7 LDH
65819-04-7,LDH,7.7778,100.21944334519465,65819-04-7 LDH
65819-04-7,LDH,8.8889,100.23993890483864,65819-04-7 LDH
65819-04-7,LDH,10.0,100.26231886646606,65819-04-7 LDH
65819-04-7,LDH,11.1111,100.28675370781207,65819-04-7 LDH
65819-04-7,LDH,12.2222,100.3134290747591,65819-04-7 LDH
65819-04-7,LDH,13.3333,100.34254710794764,65819-04-7 LDH
65819-04-7,LDH,14.4444,100.37432788337503,65819-04-7 LDH
65819-04-7,LDH,15.5556,100.40901423638303,65819-04-7 LDH
65819-04-7,LDH,16.6667,100.44686071783521,65819-04-7 LDH
65819-04-7,LDH,17.7778,100.48815413169112,65819-04-7 LDH
65819-04-7,LDH,18.8889,100.53320333722614,65819-04-7 LDH
65819-04-7,LDH,20.0,100.5823444079243,65819-04-7 LDH
65819-04-7,LDH,23.3333,100.75813867025511,65819-04-7 LDH
65819-04-7,LDH,26.6667,100.9860149305279,65819-04-7 LDH
65819-04-7,LDH,30.0,101.28108886623477,65819-04-7 LDH
65819-04-7,LDH,33.3333,101.66280391909223,65819-04-7 LDH
65819-04-7,LDH,36.6667,102.15612469639507,65819-04-7 LDH
65819-04-7,LDH,40.0,102.79301096743959,65819-04-7 LDH
65819-04-7,LDH,43.3333,103.61445128537635,65819-04-7 LDH
65819-04-7,LDH,46.6667,104.67291687785729,65819-04-7 LDH
65819-04-7,LDH,50.0,106.03538000800856,65819-04-7 LDH
65819-04-7,LDH,53.3333,107.78748182400477,65819-04-7 LDH
65819-04-7,LDH,56.6667,110.0385330884798,65819-04-7 LDH
65819-04-7,LDH,60.0,112.92763979919704,65819-04-7 LDH
65819-04-7,LDH,63.3333,116.63217061440201,65819-04-7 LDH
65819-04-7,LDH,66.6667,121.37785784498742,65819-04-7 LDH
65819-04-7,LDH,70.0,127.4511192839186,65819-04-7 LDH
65819-04-7,LDH,73.3333,135.21611250278067,65819-04-7 LDH
65819-04-7,LDH,76.6667,145.13495990832132,65819-04-7 LDH
65819-04-7,LDH,80.0,157.79231776333597,65819-04-7 LDH
65819-04-7,MMP,0.0,100.0,65819-04-7 MMP
65819-04-7,MMP,1.1111,109.17972266366111,65819-04-7 MMP
65819-04-7,MMP,2.2222,118.03612317929093,65819-04-7 MMP
65819-04-7,MMP,3.3333,126.58598769137454,65819-04-7 MMP
65819-04-7,MMP,4.4444,134.84496011421723,65819-04-7 MMP
65819-04-7,MMP,5.5556,142.82834409174504,65819-04-7 MMP
65819-04-7,MMP,6.6667,150.54834032639894,65819-04-7 MMP
65819-04-7,MMP,7.7778,158.01843316461208,65819-04-7 MMP
65819-04-7,MMP,8.8889,165.2505637387069,65819-04-7 MMP
65819-04-7,MMP,10.0,172.25592433104208,65819-04-7 MMP
65819-04-7,MMP,11.1111,179.04501617005548,65819-04-7 MMP
65819-04-7,MMP,12.2222,185.62770195485632,65819-04-7 MMP
65819-04-7,MMP,13.3333,192.01325366089907,65819-04-7 MMP
65819-04-7,MMP,14.4444,198.21039611405786,65819-04-7 MMP
65819-04-7,MMP,15.5556,204.22788042108078,65819-04-7 MMP
65819-04-7,MMP,16.6667,210.072370508689,65819-04-7 MMP
65819-04-7,MMP,17.7778,215.751724533509,65819-04-7 MMP
65819-04-7,MMP,18.8889,221.27284387528573,65819-04-7 MMP
65819-04-7,MMP,20.0,226.64225063337284,65819-04-7 MMP
65819-04-7,MMP,23.3333,241.90025269295023,65819-04-7 MMP
65819-04-7,MMP,26.6667,255.9966478118367,65819-04-7 MMP
65819-04-7,MMP,30.0,269.05846816913265,65819-04-7 MMP
65819-04-7,MMP,33.3333,281.19592897833127,65819-04-7 MMP
65819-04-7,MMP,36.6667,292.5041272469567,65819-04-7 MMP
65819-04-7,MMP,40.0,303.0646289594031,65819-04-7 MMP
65819-04-7,MMP,43.3333,312.94950441120403,65819-04-7 MMP
65819-04-7,MMP,46.6667,322.22184994669425,65819-04-7 MMP
65819-04-7,MMP,50.0,330.93638179104266,65819-04-7 MMP
65819-04-7,MMP,53.3333,339.14220520537907,65819-04-7 MMP
65819-04-7,MMP,56.6667,346.8828261539588,65819-04-7 MMP
65819-04-7,MMP,60.0,354.1962871830437,65819-04-7 MMP
65819-04-7,MMP,63.3333,361.1171996295941,65819-04-7 MMP
65819-04-7,MMP,66.6667,367.67653405234086,65819-04-7 MMP
65819-04-7,MMP,70.0,373.9015406804426,65819-04-7 MMP
65819-04-7,MMP,73.3333,379.8173182632037,65819-04-7 MMP
65819-04-7,MMP,76.6667,385.4465147185557,65819-04-7 MMP
65819-04-7,MMP,80.0,390.80914791540545,65819-04-7 MMP
218-01-9,CC,0.0,100.0,218-01-9 CC
218-01-9,CC,0.0222,100.46293033604516,218-01-9 CC
218-01-9,CC,0.0444,100.91888382224266,218-01-9 CC
218-01-9,CC,0.0667,101.36997310864659,218-01-9 CC
218-01-9,CC,0.0889,101.81225650079945,218-01-9 CC
218-01-9,CC,0.1111,102.24787421438924,218-01-9 CC
218-01-9,CC,0.1333,102.67692670824282,218-01-9 CC
218-01-9,CC,0.1556,103.10140198728126,218-01-9 CC
218-01-9,CC,0.1778,103.5175909147435,218-01-9 CC
218-01-9,CC,0.2,103.92750743482803,218-01-9 CC
218-01-9,CC,0.4,107.35283173228052,218-01-9 CC
218-01-9,CC,0.6,110.34018356735913,218-01-9 CC
218-01-9,CC,0.8,112.94556344137129,218-01-9 CC
218-01-9,CC,1.0,115.2178114599007,218-01-9 CC
218-01-9,CC,1.2,117.19952288294931,218-01-9 CC
218-01-9,CC,1.4,118.92784661003216,218-01-9 CC
218-01-9,CC,1.6,120.43518156852086,218-01-9 CC
218-01-9,CC,1.8,121.74978405963923,218-01-9 CC
218-01-9,CC,2.0,122.89629744733864,218-01-9 CC
218-01-9,CC,2.8889,126.45908461339354,218-01-9 CC
218-01-9,CC,3.7778,128.39871280047333,218-01-9 CC
218-01-9,CC,4.6667,129.45467189338774,218-01-9 CC
218-01-9,CC,5.5556,130.02954991038925,218-01-9 CC
218-01-9,CC,6.4444,130.34249547946627,218-01-9 CC
218-01-9,CC,7.3333,130.512892746335,218-01-9 CC
218-01-9,CC,8.2222,130.6056592592968,218-01-9 CC
218-01-9,CC,9.1111,130.6561625689169,218-01-9 CC
218-01-9,CC,10.0,130.68365723483836,218-01-9 CC
218-01-9,CC,14.4444,130.71494119740197,218-01-9 CC
218-01-9,CC,18.8889,130.71643741925985,218-01-9 CC
218-01-9,CC,23.3333,130.71650897385692,218-01-9 CC
218-01-9,CC,27.7778,130.71651239610728,218-01-9 CC
218-01-9,CC,32.2222,130.71651255977133,218-01-9 CC
218-01-9,CC,36.6667,130.7165125675989,218-01-9 CC
218-01-9,CC,41.1111,130.71651256797327,218-01-9 CC
218-01-9,CC,45.5556,130.71651256799117,218-01-9 CC
218-01-9,CC,50.0,130.71651256799203,218-01-9 CC
20291-73-0,DCFDA,0.0,100.0,20291-73-0 DCFDA
20291-73-0,DCFDA,1.1111,103.47010300548435,20291-73-0 DCFDA
20291-73-0,DCFDA,2.2222,104.52704700283556,20291-73-0 DCFDA
20291-73-0,DCFDA,3.3333,105.2888611593827,20291-73-0 DCFDA
20291-73-0,DCFDA,4.4444,105.90592110190744,20291-73-0 DCFDA
20291-73-0,DCFDA,5.5556,106.43375510154499,20291-73-0 DCFDA
20291-73-0,DCFDA,6.6667,106.89981271089941,20291-73-0 DCFDA
20291-73-0,DCFDA,7.7778,107.32010287842321,20291-73-0 DCFDA
20291-73-0,DCFDA,8.8889,107.70481388024,20291-73-0 DCFDA
20291-73-0,DCFDA,10.0,108.0609018286371,20291-73-0 DCFDA
20291-73-0,DCFDA,14.4444,109.28203181915055,20291-73-0 DCFDA
20291-73-0,DCFDA,18.8889,110.28807790285342,20291-73-0 DCFDA
20291-73-0,DCFDA,23.3333,111.15671324141582,20291-73-0 DCFDA
20291-73-0,DCFDA,27.7778,111.9284080372899,20291-73-0 DCFDA
20291-73-0,DCFDA,32.2222,112.62722137776314,20291-73-0 DCFDA
20291-73-0,DCFDA,36.6667,113.26886195635117,20291-73-0 DCFDA
20291-73-0,DCFDA,41.1111,113.86415183257238,20291-73-0 DCFDA
20291-73-0,DCFDA,45.5556,114.42098263356895,20291-73-0 DCFDA
20291-73-0,DCFDA,50.0,114.94523652288981,20291-73-0 DCFDA
20291-73-0,DCFDA,55.5556,115.56163138917418,20291-73-0 DCFDA
20291-73-0,DCFDA,61.1111,116.14108984301902,20291-73-0 DCFDA
20291-73-0,DCFDA,66.6667,116.6889245193896,20291-73-0 DCFDA
20291-73-0,DCFDA,72.2222,117.20927896874977,20291-73-0 DCFDA
20291-73-0,DCFDA,77.7778,117.705514614086,20291-73-0 DCFDA
20291-73-0,DCFDA,83.3333,118.18034358694541,20291-73-0 DCFDA
20291-73-0,DCFDA,88.8889,118.6360455188543,20291-73-0 DCFDA
20291-73-0,DCFDA,94.4444,119.07450288356067,20291-73-0 DCFDA
20291-73-0,DCFDA,100.0,119.49734290327598,20291-73-0 DCFDA
2381-15-9,LDH,0.0,100.0,2381-15-9 LDH
2381-15-9,LDH,1.1111,101.90862683932755,2381-15-9 LDH
2381-15-9,LDH,2.2222,104.4450480195042,2381-15-9 LDH
2381-15-9,LDH,3.3333,107.28867550484384,2381-15-9 LDH
2381-15-9,LDH,4.4444,110.35218173011732,2381-15-9 LDH
2381-15-9,LDH,5.5556,113.5906137559918,2381-15-9 LDH
2381-15-9,LDH,6.6667,116.97508632195311,2381-15-9 LDH
2381-15-9,LDH,7.7778,120.48629591218204,2381-15-9 LDH
2381-15-9,LDH,8.8889,124.10978162456546,2381-15-9 LDH
2381-15-9,LDH,10.0,127.83437677358295,2381-15-9 LDH
2381-15-9,LDH,11.1111,131.65116742142126,2381-15-9 LDH
2381-15-9,LDH,12.2222,135.5528536581942,2381-15-9 LDH
2381-15-9,LDH,13.3333,139.53333467906697,2381-15-9 LDH
2381-15-9,LDH,14.4444,143.58742679182663,2381-15-9 LDH
2381-15-9,LDH,15.5556,147.71103874003217,2381-15-9 LDH
2381-15-9,LDH,16.6667,151.89953669443608,2381-15-9 LDH
2381-15-9,LDH,17.7778,156.14986379354883,2381-15-9 LDH
2381-15-9,LDH,18.8889,160.45897968570867,2381-15-9 LDH
2381-15-9,LDH,20.0,164.82416510245645,2381-15-9 LDH
2381-15-9,LDH,23.3333,178.2327795153135,2381-15-9 LDH
2381-15-9,LDH,26.6667,192.07057719885015,2381-15-9 LDH
2381-15-9,LDH,30.0,206.29408326547792,2381-15-9 LDH
2381-15-9,LDH,33.3333,220.86966605033362,2381-15-9 LDH
2381-15-9,LDH,36.6667,235.7699002327103,2381-15-9 LDH
2381-15-9,LDH,40.0,250.97059350072212,2381-15-9 LDH
2381-15-9,LDH,43.3333,266.45239269390515,2381-15-9 LDH
2381-15-9,LDH,46.6667,282.19872179534923,2381-15-9 LDH
2381-15-9,LDH,50.0,298.1937753775809,2381-15-9 LDH
2381-15-9,LDH,55.5556,325.3716039435174,2381-15-9 LDH
2381-15-9,LDH,61.1111,353.1534444805812,2381-15-9 LDH
2381-15-9,LDH,66.6667,381.4968549963194,2381-15-9 LDH
2381-15-9,LDH,72.2222,410.36390442308266,2381-15-9 LDH
2381-15-9,LDH,77.7778,439.7238355770305,2381-15-9 LDH
2381-15-9,LDH,83.3333,469.5478828918094,2381-15-9 LDH
2381-15-9,LDH,88.8889,499.81273203971693,2381-15-9 LDH
2381-15-9,LDH,94.4444,530.4956443768075,2381-15-9 LDH
2381-15-9,LDH,100.0,561.578361242455,2381-15-9 LDH
204256-39-3,LDH,0.0,100.0,204256-39-3 LDH
204256-39-3,LDH,1.1111,105.02030938648085,204256-39-3 LDH
204256-39-3,LDH,2.2222,109.94270766147719,204256-39-3 LDH
204256-39-3,LDH,3.3333,114.77003150422989,204256-39-3 LDH
204256-39-3,LDH,4.4444,119.5050090631272,204256-39-3 LDH
204256-39-3,LDH,5.5556,124.15067921285997,204256-39-3 LDH
204256-39-3,LDH,6.6667,128.7087322059057,204256-39-3 LDH
204256-39-3,LDH,7.7778,133.18202237408576,204256-39-3 LDH
204256-39-3,LDH,8.8889,137.57289234502377,204256-39-3 LDH
204256-39-3,LDH,10.0,141.88359920871147,204256-39-3 LDH
204256-39-3,LDH,11.1111,146.11631838629546,204256-39-3 LDH
204256-39-3,LDH,12.2222,150.27314729076826,204256-39-3 LDH
204256-39-3,LDH,13.3333,154.35610879250638,204256-39-3 LDH
204256-39-3,LDH,14.4444,158.36715450168654,204256-39-3 LDH
204256-39-3,LDH,15.5556,162.3085194767826,204256-39-3 LDH
204256-39-3,LDH,16.6667,166.18131272209246,204256-39-3 LDH
204256-39-3,LDH,17.7778,169.98764790644074,204256-39-3 LDH
204256-39-3,LDH,18.8889,173.7292211314706,204256-39-3 LDH
204256-39-3,LDH,20.0,177.40767126986586,204256-39-3 LDH
204256-39-3,LDH,23.3333,188.0798628950884,204256-39-3 LDH
204256-39-3,LDH,26.6667,198.23822966601364,204256-39-3 LDH
204256-39-3,LDH,30.0,207.91844013491547,204256-39-3 LDH
204256-39-3,LDH,33.3333,217.1537490667593,204256-39-3 LDH
204256-39-3,LDH,36.6667,225.97439758361597,204256-39-3 LDH
204256-39-3,LDH,40.0,234.40720467426675,204256-39-3 LDH
204256-39-3,LDH,43.3333,242.4774368766629,204256-39-3 LDH
204256-39-3,LDH,46.6667,250.20821287713306,204256-39-3 LDH
204256-39-3,LDH,50.0,257.6200736460525,204256-39-3 LDH
204256-39-3,LDH,55.5556,269.31694788377695,204256-39-3 LDH
204256-39-3,LDH,61.1111,280.26164400459345,204256-39-3 LDH
204256-39-3,LDH,66.6667,290.52481405114673,204256-39-3 LDH
204256-39-3,LDH,72.2222,300.1678571365534,204256-39-3 LDH
204256-39-3,LDH,77.7778,309.24564674269016,204256-39-3 LDH
204256-39-3,LDH,83.3333,317.8061690939179,204256-39-3 LDH
204256-39-3,LDH,88.8889,325.8926945900822,204256-39-3 LDH
204256-39-3,LDH,94.4444,333.54326255603974,204256-39-3 LDH
204256-39-3,LDH,100.0,340.7924564859157,204256-39-3 LDH
316-49-4,LDH,0.0,100.0,316-49-4 LDH
316-49-4,LDH,1.1111,104.88355611627827,316-49-4 LDH
316-49-4,LDH,2.2222,109.67926673805518,316-49-4 LDH
316-49-4,LDH,3.3333,114.38948098679363,316-49-4 LDH
316-49-4,LDH,4.4444,119.01646496522147,316-49-4 LDH
316-49-4,LDH,5.5556,123.56281094789341,316-49-4 LDH
316-49-4,LDH,6.6667,128.02981159469874,316-49-4 LDH
316-49-4,LDH,7.7778,132.41991776451712,316-49-4 LDH
316-49-4,LDH,8.8889,136.73509799435362,316-49-4 LDH
316-49-4,LDH,10.0,140.97725419572163,316-49-4 LDH
316-49-4,LDH,11.1111,145.14822444968297,316-49-4 LDH
316-49-4,LDH,12.2222,149.24978566235137,316-49-4 LDH
316-49-4,LDH,13.3333,153.28365608891943,316-49-4 LDH
316-49-4,LDH,14.4444,157.25149773374116,316-49-4 LDH
316-49-4,LDH,15.5556,161.15526709275713,316-49-4 LDH
316-49-4,LDH,16.6667,164.99581790005826,316-49-4 LDH
316-49-4,LDH,17.7778,168.77501085347717,316-49-4 LDH
316-49-4,LDH,18.8889,172.49430470894856,316-49-4 LDH
316-49-4,LDH,20.0,176.15511234427865,316-49-4 LDH
316-49-4,LDH,23.3333,186.80009553822322,316-49-4 LDH
316-49-4,LDH,26.6667,196.9658201727177,316-49-4 LDH
316-49-4,LDH,30.0,206.683369251738,316-49-4 LDH
316-49-4,LDH,33.3333,215.98201450301292,316-49-4 LDH
316-49-4,LDH,36.6667,224.88853310321036,316-49-4 LDH
316-49-4,LDH,40.0,233.4267152791612,316-49-4 LDH
316-49-4,LDH,43.3333,241.61918820249522,316-49-4 LDH
316-49-4,LDH,46.6667,249.48676311973406,316-49-4 LDH
316-49-4,LDH,50.0,257.04794664534865,316-49-4 LDH
316-49-4,LDH,55.5556,269.01680551967706,316-49-4 LDH
316-49-4,LDH,61.1111,280.25647233092883,316-49-4 LDH
316-49-4,LDH,66.6667,290.8319846790124,316-49-4 LDH
316-49-4,LDH,72.2222,300.8001722222453,316-49-4 LDH
316-49-4,LDH,77.7778,310.2122197642509,316-49-4 LDH
316-49-4,LDH,83.3333,319.11309429732285,316-49-4 LDH
316-49-4,LDH,88.8889,327.5436334535915,316-49-4 LDH
316-49-4,LDH,94.4444,335.5398769925823,316-49-4 LDH
316-49-4,LDH,100.0,343.13480761291584,316-49-4 LDH
2381-15-9,MMP,0.0,100.0,2381-15-9 MMP
2381-15-9,MMP,1.1111,187.60025000000007,2381-15-9 MMP
2381-15-9,MMP,2.2222,187.60025000000007,2381-15-9 MMP
2381-15-9,MMP,3.3333,187.60025000000007,2381-15-9 MMP
2381-15-9,MMP,4.4444,187.60025000000007,2381-15-9 MMP
2381-15-9,MMP,5.5556,187.60025000000007,2381-15-9 MMP
2381-15-9,MMP,6.6667,187.60025000000007,2381-15-9 MMP
2381-15-9,MMP,7.7778,187.60025000000007,2381-15-9 MMP
2381-15-9,MMP,8.8889,187.60025000000007,2381-15-9 MMP
2381-15-9,MMP,10.0,187.60025000000007,2381-15-9 MMP
2381-15-9,MMP,11.1111,187.60025000000007,2381-15-9 MMP
2381-15-9,MMP,12.2222,187.60025000000007,2381-15-9 MMP
2381-15-9,MMP,13.3333,187.60025000000007,2381-15-9 MMP
2381-15-9,MMP,14.4444,187.60025000000007,2381-15-9 MMP
2381-15-9,MMP,15.5556,187.60025000000007,2381-15-9 MMP
2381-15-9,MMP,16.6667,187.60025000000007,2381-15-9 MMP
2381-15-9,MMP,17.7778,187.60025000000007,2381-15-9 MMP
2381-15-9,MMP,18.8889,187.60025000000007,2381-15-9 MMP
2381-15-9,MMP,20.0,187.60025000000007,2381-15-9 MMP
2381-15-9,MMP,23.3333,187.60025000000007,2381-15-9 MMP
2381-15-9,MMP,26.6667,187.60025000000007,2381-15-9 MMP
2381-15-9,MMP,30.0,187.60025000000007,2381-15-9 MMP
2381-15-9,MMP,33.3333,187.60025000000007,2381-15-9 MMP
2381-15-9,MMP,36.6667,187.60025000000007,2381-15-9 MMP
2381-15-9,MMP,40.0,187.60025000000007,2381-15-9 MMP
2381-15-9,MMP,43.3333,187.60025000000007,2381-15-9 MMP
2381-15-9,MMP,46.6667,187.60025000000007,2381-15-9 MMP
2381-15-9,MMP,50.0,187.60025000000007,2381-15-9 MMP
2381-15-9,MMP,55.5556,187.60025000000007,2381-15-9 MMP
2381-15-9,MMP,61.1111,187.60025000000007,2381-15-9 MMP
2381-15-9,MMP,66.6667,187.60025000000007,2381-15-9 MMP
2381-15-9,MMP,72.2222,187.60025000000007,2381-15-9 MMP
2381-15-9,MMP,77.7778,187.60025000000007,2381-15-9 MMP
2381-15-9,MMP,83.3333,187.60025000000007,2381-15-9 MMP
2381-15-9,MMP,88.8889,187.60025000000007,2381-15-9 MMP
2381-15-9,MMP,94.4444,187.60025000000007,2381-15-9 MMP
2381-15-9,MMP,100.0,187.60025000000007,2381-15-9 MMP
20291-73-0,MMP,0.0,100.0,20291-73-0 MMP
20291-73-0,MMP,1.1111,101.9541110678644,20291-73-0 MMP
20291-73-0,MMP,2.2222,103.8907327655749,20291-73-0 MMP
20291-73-0,MMP,3.3333,105.8100988429126,20291-73-0 MMP
20291-73-0,MMP,4.4444,107.7124389026353,20291-73-0 MMP
20291-73-0,MMP,5.5556,109.59814744287947,20291-73-0 MMP
20291-73-0,MMP,6.6667,111.46710666068176,20291-73-0 MMP
20291-73-0,MMP,7.7778,113.31970471003072,20291-73-0 MMP
20291-73-0,MMP,8.8889,115.15615549707722,20291-73-0 MMP
20291-73-0,MMP,10.0,116.97666921533572,20291-73-0 MMP
20291-73-0,MMP,11.1111,118.7814524258837,20291-73-0 MMP
20291-73-0,MMP,12.2222,120.57070813549102,20291-73-0 MMP
20291-73-0,MMP,13.3333,122.34463587274148,20291-73-0 MMP
20291-73-0,MMP,14.4444,124.10343176220631,20291-73-0 MMP
20291-73-0,MMP,15.5556,125.84744487879843,20291-73-0 MMP
20291-73-0,MMP,16.6667,127.57655087090158,20291-73-0 MMP
20291-73-0,MMP,17.7778,129.29109369520432,20291-73-0 MMP
20291-73-0,MMP,18.8889,130.99125656471097,20291-73-0 MMP
20291-73-0,MMP,20.0,132.6772196320269,20291-73-0 MMP
20291-73-0,MMP,28.8889,145.67453013892873,20291-73-0 MMP
20291-73-0,MMP,37.7778,157.85779224465455,20291-73-0 MMP
20291-73-0,MMP,46.6667,169.30116197565974,20291-73-0 MMP
20291-73-0,MMP,55.5556,180.07005377182958,20291-73-0 MMP
20291-73-0,MMP,64.4444,190.22228075256703,20291-73-0 MMP
20291-73-0,MMP,73.3333,199.80954686618222,20291-73-0 MMP
20291-73-0,MMP,82.2222,208.87763542534452,20291-73-0 MMP
20291-73-0,MMP,91.1111,217.46760705337522,20291-73-0 MMP
20291-73-0,MMP,100.0,225.6163037276107,20291-73-0 MMP
20291-73-0,MMP,115.5556,238.91260089109284,20291-73-0 MMP
20291-73-0,MMP,131.1111,251.1120905594075,20291-73-0 MMP
20291-73-0,MMP,146.6667,262.34524867136076,20291-73-0 MMP
20291-73-0,MMP,162.2222,272.7223886666152,20291-73-0 MMP
20291-73-0,MMP,177.7778,282.33788696846744,20291-73-0 MMP
20291-73-0,MMP,193.3333,291.27251678744096,20291-73-0 MMP
20291-73-0,MMP,208.8889,299.5962265558966,20291-73-0 MMP
20291-73-0,MMP,224.4444,307.36950724530755,20291-73-0 MMP
20291-73-0,MMP,240.0,314.645300001076,20291-73-0 MMP
204256-39-3,MMP,0.0,100.0,204256-39-3 MMP
204256-39-3,MMP,1.1111,108.86550920874764,204256-39-3 MMP
204256-39-3,MMP,2.2222,117.49245513337397,204256-39-3 MMP
204256-39-3,MMP,3.3333,125.8903392372089,204256-39-3 MMP
204256-39-3,MMP,4.4444,134.06816503054048,204256-39-3 MMP
204256-39-3,MMP,5.5556,142.03517797116447,204256-39-3 MMP
204256-39-3,MMP,6.6667,149.79804643514214,204256-39-3 MMP
204256-39-3,MMP,7.7778,157.36518995123106,204256-39-3 MMP
204256-39-3,MMP,8.8889,164.74391857536523,204256-39-3 MMP
204256-39-3,MMP,10.0,171.94118281242686,204256-39-3 MMP
204256-39-3,MMP,11.1111,178.96359545373633,204256-39-3 MMP
204256-39-3,MMP,12.2222,185.81745184207222,204256-39-3 MMP
204256-39-3,MMP,13.3333,192.5087486947559,204256-39-3 MMP
204256-39-3,MMP,14.4444,199.04320160309726,204256-39-3 MMP
204256-39-3,MMP,15.5556,205.4268291411412,204256-39-3 MMP
204256-39-3,MMP,16.6667,211.6636837970577,204256-39-3 MMP
204256-39-3,MMP,17.7778,217.7593122892422,204256-39-3 MMP
204256-39-3,MMP,18.8889,223.7184577642675,204256-39-3 MMP
204256-39-3,MMP,20.0,229.5456533191905,204256-39-3 MMP
204256-39-3,MMP,23.3333,246.27795701962316,204256-39-3 MMP
204256-39-3,MMP,26.6667,261.9684691853063,204256-39-3 MMP
204256-39-3,MMP,30.0,276.7106909588481,204256-39-3 MMP
204256-39-3,MMP,33.3333,290.5884728250387,204256-39-3 MMP
204256-39-3,MMP,36.6667,303.6760628280076,204256-39-3 MMP
204256-39-3,MMP,40.0,316.0383610479872,204256-39-3 MMP
204256-39-3,MMP,43.3333,327.7343749513991,204256-39-3 MMP
204256-39-3,MMP,46.6667,338.81688035701745,204256-39-3 MMP
204256-39-3,MMP,50.0,349.33230068725146,204256-39-3 MMP
204256-39-3,MMP,55.5556,365.7121075369854,204256-39-3 MMP
204256-39-3,MMP,61.1111,380.80517175679324,204256-39-3 MMP
204256-39-3,MMP,66.6667,394.75786949902096,204256-39-3 MMP
204256-39-3,MMP,72.2222,407.69428898039604,204256-39-3 MMP
204256-39-3,MMP,77.7778,419.7219809373257,204256-39-3 MMP
204256-39-3,MMP,83.3333,430.93305778395626,204256-39-3 MMP
204256-39-3,MMP,88.8889,441.40831930286674,204256-39-3 MMP
204256-39-3,MMP,94.4444,451.2175623953494,204256-39-3 MMP
204256-39-3,MMP,100.0,460.42266949590726,204256-39-3 MMP
120-12-7,CC,,,120-12-7 CC
120-12-7,DCFDA,,,120-12-7 DCFDA
120-12-7,LDH,,,120-12-7 LDH
129-00-0,CC,,,129-00-0 CC
129-00-0,LDH,,,129-00-0 LDH
14207-77-3,CC,,,14207-77-3 CC
14207-77-3,DCFDA,,,14207-77-3 DCFDA
14207-77-3,MMP,,,14207-77-3 MMP
14250-05-6,CC,,,14250-05-6 CC
14250-05-6,DCFDA,,,14250-05-6 DCFDA
1576-67-6,CC,,,1576-67-6 CC
1576-67-6,DCFDA,,,1576-67-6 DCFDA
1576-67-6,MMP,,,1576-67-6 MMP
1705-85-7,CC,,,1705-85-7 CC
1705-85-7,DCFDA,,,1705-85-7 DCFDA
1705-85-7,LDH,,,1705-85-7 LDH
195-19-7,CC,,,195-19-7 CC
195-19-7,DCFDA,,,195-19-7 DCFDA
195-19-7,LDH,,,195-19-7 LDH
195-19-7,MMP,,,195-19-7 MMP
20291-73-0,CC,,,20291-73-0 CC
20291-73-0,LDH,,,20291-73-0 LDH
20291-75-2,CC,,,20291-75-2 CC
204256-39-3,CC,,,204256-39-3 CC
204256-39-3,DCFDA,,,204256-39-3 DCFDA
218-01-9,DCFDA,,,218-01-9 DCFDA
218-01-9,LDH,,,218-01-9 LDH
2319-96-2,CC,,,2319-96-2 CC
2319-96-2,DCFDA,,,2319-96-2 DCFDA
2319-96-2,LDH,,,2319-96-2 LDH
2319-96-2,MMP,,,2319-96-2 MMP
2381-15-9,CC,,,2381-15-9 CC
2381-15-9,DCFDA,,,2381-15-9 DCFDA
2381-19-3,CC,,,2381-19-3 CC
2381-19-3,DCFDA,,,2381-19-3 DCFDA
2381-21-7,DCFDA,,,2381-21-7 DCFDA
2381-21-7,LDH,,,2381-21-7 LDH
2381-21-7,MMP,,,2381-21-7 MMP
2381-31-9,CC,,,2381-31-9 CC
2381-31-9,DCFDA,,,2381-31-9 DCFDA
2381-39-7,CC,,,2381-39-7 CC
2381-39-7,MMP,,,2381-39-7 MMP
2498-75-1,CC,,,2498-75-1 CC
2498-75-1,LDH,,,2498-75-1 LDH
2498-77-3,DCFDA,,,2498-77-3 DCFDA
2531-84-2,CC,,,2531-84-2 CC
2531-84-2,DCFDA,,,2531-84-2 DCFDA
2531-84-2,LDH,,,2531-84-2 LDH
2541-69-7,CC,,,2541-69-7 CC
2541-69-7,MMP,,,2541-69-7 MMP
2606-85-1,CC,,,2606-85-1 CC
2606-85-1,DCFDA,,,2606-85-1 DCFDA
2606-85-1,LDH,,,2606-85-1 LDH
2732-58-3,CC,,,2732-58-3 CC
2732-58-3,DCFDA,,,2732-58-3 DCFDA
316-14-3,CC,,,316-14-3 CC
316-14-3,DCFDA,,,316-14-3 DCFDA
316-49-4,CC,,,316-49-4 CC
316-49-4,DCFDA,,,316-49-4 DCFDA
316-51-8,CC,,,316-51-8 CC
316-51-8,DCFDA,,,316-51-8 DCFDA
316-51-8,LDH,,,316-51-8 LDH
316-51-8,MMP,,,316-51-8 MMP
317-64-6,CC,,,317-64-6 CC
317-64-6,DCFDA,,,317-64-6 DCFDA
3351-28-8,CC,,,3351-28-8 CC
3351-28-8,MMP,,,3351-28-8 MMP
3351-31-3,CC,,,3351-31-3 CC
3351-31-3,DCFDA,,,3351-31-3 DCFDA
3351-31-3,LDH,,,3351-31-3 LDH
3351-32-4,CC,,,3351-32-4 CC
3351-32-4,DCFDA,,,3351-32-4 DCFDA
3351-32-4,LDH,,,3351-32-4 LDH
3351-32-4,MMP,,,3351-32-4 MMP
3674-74-6,CC,,,3674-74-6 CC
3674-74-6,LDH,,,3674-74-6 LDH
3674-74-6,MMP,,,3674-74-6 MMP
3697-24-3,DCFDA,,,3697-24-3 DCFDA
3697-24-3,LDH,,,3697-24-3 LDH
4076-40-8,CC,,,4076-40-8 CC
4076-40-8,DCFDA,,,4076-40-8 DCFDA
4076-43-1,DCFDA,,,4076-43-1 DCFDA
4076-43-1,LDH,,,4076-43-1 LDH
483-65-8,CC,,,483-65-8 CC
483-65-8,DCFDA,,,483-65-8 DCFDA
52689-26-6,CC,,,52689-26-6 CC
54986-63-9,DCFDA,,,54986-63-9 DCFDA
54986-63-9,LDH,,,54986-63-9 LDH
56-55-3,MMP,,,56-55-3 MMP
57-97-6,CC,,,57-97-6 CC
57-97-6,DCFDA,,,57-97-6 DCFDA
571-58-4,DCFDA,,,571-58-4 DCFDA
571-58-4,LDH,,,571-58-4 LDH
572-89-4,CC,,,572-89-4 CC
57380-68-4,CC,,,57380-68-4 CC
57380-68-4,DCFDA,,,57380-68-4 DCFDA
57380-68-4,LDH,,,57380-68-4 LDH
581-42-0,DCFDA,,,581-42-0 DCFDA
581-42-0,LDH,,,581-42-0 LDH
581-42-0,MMP,,,581-42-0 MMP
604-83-1,CC,,,604-83-1 CC
63041-76-9,DCFDA,,,63041-76-9 DCFDA
63041-77-0,LDH,,,63041-77-0 LDH
63041-84-9,CC,,,63041-84-9 CC
63041-84-9,DCFDA,,,63041-84-9 DCFDA
63104-32-5,DCFDA,,,63104-32-5 DCFDA
63104-32-5,LDH,,,63104-32-5 LDH
652-04-0,CC,,,652-04-0 CC
652-04-0,DCFDA,,,652-04-0 DCFDA
65819-04-7,CC,,,65819-04-7 CC
65819-04-7,DCFDA,,,65819-04-7 DCFDA
66292-19-1,CC,,,66292-19-1 CC
70644-19-8,DCFDA,,,70644-19-8 DCFDA
74845-58-2,CC,,,74845-58-2 CC
74845-58-2,DCFDA,,,74845-58-2 DCFDA
74845-58-2,MMP,,,74845-58-2 MMP
832-69-9,CC,,,832-69-9 CC
832-69-9,DCFDA,,,832-69-9 DCFDA
832-69-9,LDH,,,832-69-9 LDH
832-69-9,MMP,,,832-69-9 MMP
85-01-8,CC,,,85-01-8 CC
85-01-8,DCFDA,,,85-01-8 DCFDA
85-01-8,MMP,,,85-01-8 MMP
857535-92-3,CC,,,857535-92-3 CC
90-12-0,DCFDA,,,90-12-0 DCFDA
90-12-0,LDH,,,90-12-0 LDH
90-12-0,MMP,,,90-12-0 MMP
91-20-3,LDH,,,91-20-3 LDH
91-20-3,MMP,,,91-20-3 MMP
91-57-6,DCFDA,,,91-57-6 DCFDA
91-57-6,LDH,,,91-57-6 LDH
