Chemical_ID,End_Point,X_vals,Y_vals,bmdrc.Endpoint.ID
101,ALL_BUT_MORT,,,101 ALL_BUT_MORT
101,ANY120,,,101 ANY120
101,ANY24,0.0,0.03531816,101 ANY24
101,ANY24,0.0,0.03531816,101 ANY24
101,ANY24,0.0,0.03531816,101 ANY24
101,ANY24,0.0,0.03531816,101 ANY24
101,ANY24,0.0,0.03531816,101 ANY24
101,ANY24,0.0001,0.03604772,101 ANY24
101,ANY24,0.0001,0.03604772,101 ANY24
101,ANY24,0.0001,0.03604772,101 ANY24
101,ANY24,0.0001,0.03604772,101 ANY24
101,ANY24,0.0001,0.03604772,101 ANY24
101,ANY24,0.0002,0.03677673,101 ANY24
101,ANY24,0.0003,0.03750518,101 ANY24
101,ANY24,0.0004,0.03823309,101 ANY24
101,ANY24,0.0005,0.03896044,101 ANY24
101,ANY24,0.0006,0.03968725,101 ANY24
101,ANY24,0.0007,0.0404135,101 ANY24
101,ANY24,0.0008,0.04113921,101 ANY24
101,ANY24,0.0009,0.04186436,101 ANY24
101,ANY24,0.001,0.04258897,101 ANY24
101,ANY24,0.0012,0.04403655,101 ANY24
101,ANY24,0.0013,0.04475951,101 ANY24
101,ANY24,0.0015,0.0462038,101 ANY24
101,ANY24,0.0017,0.04764591,101 ANY24
101,ANY24,0.0018,0.04836614,101 ANY24
101,ANY24,0.002,0.04980498,101 ANY24
101,ANY24,0.0022,0.05124164,101 ANY24
101,ANY24,0.0023,0.05195916,101 ANY24
101,ANY24,0.0025,0.05339257,101 ANY24
101,ANY24,0.0028,0.05553861,101 ANY24
101,ANY24,0.0031,0.05767979,101 ANY24
101,ANY24,0.0033,0.05910455,101 ANY24
101,ANY24,0.0036,0.06123764,101 ANY24
101,ANY24,0.0039,0.0633659,101 ANY24
101,ANY24,0.0042,0.06548934,101 ANY24
101,ANY24,0.0044,0.06690229,101 ANY24
101,ANY24,0.0047,0.0690177,101 ANY24
101,ANY24,0.005,0.07112833,101 ANY24
101,ANY24,0.0056,0.07533523,101 ANY24
101,ANY24,0.0061,0.07882642,101 ANY24
101,ANY24,0.0067,0.08299845,101 ANY24
101,ANY24,0.0072,0.08646071,101 ANY24
101,ANY24,0.0078,0.09059817,101 ANY24
101,ANY24,0.0083,0.09403173,101 ANY24
101,ANY24,0.0089,0.0981349,101 ANY24
101,ANY24,0.0094,0.10154001,101 ANY24
101,ANY24,0.01,0.10560917,101 ANY24
101,AXIS,,,101 AXIS
101,BRN_,,,101 BRN_
101,CRAN,,,101 CRAN
101,EDEM,,,101 EDEM
101,LTRK,0.0,0.00631228,101 LTRK
101,LTRK,0.0,0.00631228,101 LTRK
101,LTRK,0.0,0.00631228,101 LTRK
101,LTRK,0.0,0.00631228,101 LTRK
101,LTRK,0.0,0.00631228,101 LTRK
101,LTRK,0.0001,0.00631228,101 LTRK
101,LTRK,0.0001,0.00631228,101 LTRK
101,LTRK,0.0001,0.00631228,101 LTRK
101,LTRK,0.0001,0.00631228,101 LTRK
101,LTRK,0.0001,0.00631228,101 LTRK
101,LTRK,0.0002,0.00631228,101 LTRK
101,LTRK,0.0003,0.00631228,101 LTRK
101,LTRK,0.0004,0.00631228,101 LTRK
101,LTRK,0.0005,0.00631228,101 LTRK
101,LTRK,0.0006,0.00631228,101 LTRK
101,LTRK,0.0007,0.00631228,101 LTRK
101,LTRK,0.0008,0.00631229,101 LTRK
101,LTRK,0.0009,0.0063123,101 LTRK
101,LTRK,0.001,0.00631232,101 LTRK
101,LTRK,0.0012,0.00631242,101 LTRK
101,LTRK,0.0013,0.00631252,101 LTRK
101,LTRK,0.0015,0.00631286,101 LTRK
101,LTRK,0.0017,0.00631354,101 LTRK
101,LTRK,0.0018,0.00631408,101 LTRK
101,LTRK,0.002,0.00631571,101 LTRK
101,LTRK,0.0022,0.0063184,101 LTRK
101,LTRK,0.0023,0.00632029,101 LTRK
101,LTRK,0.0025,0.00632551,101 LTRK
101,LTRK,0.0028,0.0063383,101 LTRK
101,LTRK,0.0031,0.00635974,101 LTRK
101,LTRK,0.0033,0.0063807,101 LTRK
101,LTRK,0.0036,0.0064256,101 LTRK
101,LTRK,0.0039,0.00649162,101 LTRK
101,LTRK,0.0042,0.00658535,101 LTRK
101,LTRK,0.0044,0.00666695,101 LTRK
101,LTRK,0.0047,0.00682436,101 LTRK
101,LTRK,0.005,0.00703226,101 LTRK
101,LTRK,0.0056,0.00764217,101 LTRK
101,LTRK,0.0061,0.00840504,101 LTRK
101,LTRK,0.0067,0.00971765,101 LTRK
101,LTRK,0.0072,0.01122002,101 LTRK
101,LTRK,0.0078,0.01361616,101 LTRK
101,LTRK,0.0083,0.01618902,101 LTRK
101,LTRK,0.0089,0.02006976,101 LTRK
101,LTRK,0.0094,0.02404082,101 LTRK
101,LTRK,0.01,0.02977975,101 LTRK
101,MO24,0.0,0.01717068,101 MO24
101,MO24,0.0,0.01717068,101 MO24
101,MO24,0.0,0.01717068,101 MO24
101,MO24,0.0,0.01717068,101 MO24
101,MO24,0.0,0.01717068,101 MO24
101,MO24,0.0001,0.01784785,101 MO24
101,MO24,0.0001,0.01784785,101 MO24
101,MO24,0.0001,0.01784785,101 MO24
101,MO24,0.0001,0.01784785,101 MO24
101,MO24,0.0001,0.01784785,101 MO24
101,MO24,0.0002,0.01857384,101 MO24
101,MO24,0.0003,0.01931877,101 MO24
101,MO24,0.0004,0.02007585,101 MO24
101,MO24,0.0005,0.02084178,101 MO24
101,MO24,0.0006,0.02161457,101 MO24
101,MO24,0.0007,0.02239291,101 MO24
101,MO24,0.0008,0.02317584,101 MO24
101,MO24,0.0009,0.02396263,101 MO24
101,MO24,0.001,0.02475273,101 MO24
101,MO24,0.0012,0.0263411,101 MO24
101,MO24,0.0013,0.02713869,101 MO24
101,MO24,0.0015,0.02873931,101 MO24
101,MO24,0.0017,0.03034583,101 MO24
101,MO24,0.0018,0.03115086,101 MO24
101,MO24,0.002,0.0327638,101 MO24
101,MO24,0.0022,0.03437978,101 MO24
101,MO24,0.0023,0.03518866,101 MO24
101,MO24,0.0025,0.03680778,101 MO24
101,MO24,0.0028,0.03923876,101 MO24
101,MO24,0.0031,0.04167104,101 MO24
101,MO24,0.0033,0.04329261,101 MO24
101,MO24,0.0036,0.04572417,101 MO24
101,MO24,0.0039,0.04815393,101 MO24
101,MO24,0.0042,0.05058105,101 MO24
101,MO24,0.0044,0.0521973,101 MO24
101,MO24,0.0047,0.05461849,101 MO24
101,MO24,0.005,0.05703536,101 MO24
101,MO24,0.0056,0.06185425,101 MO24
101,MO24,0.0061,0.06585303,101 MO24
101,MO24,0.0067,0.07062899,101 MO24
101,MO24,0.0072,0.07458876,101 MO24
101,MO24,0.0078,0.07931479,101 MO24
101,MO24,0.0083,0.08323082,101 MO24
101,MO24,0.0089,0.08790229,101 MO24
101,MO24,0.0094,0.09177141,101 MO24
101,MO24,0.01,0.0963852,101 MO24
101,NC24,,,101 NC24
101,TOT_MORT,0.0,0.04358423,101 TOT_MORT
101,TOT_MORT,0.0,0.04358423,101 TOT_MORT
101,TOT_MORT,0.0,0.04358423,101 TOT_MORT
101,TOT_MORT,0.0,0.04358423,101 TOT_MORT
101,TOT_MORT,0.0,0.04358423,101 TOT_MORT
101,TOT_MORT,0.0001,0.04370144,101 TOT_MORT
101,TOT_MORT,0.0001,0.04370144,101 TOT_MORT
101,TOT_MORT,0.0001,0.04370144,101 TOT_MORT
101,TOT_MORT,0.0001,0.04370144,101 TOT_MORT
101,TOT_MORT,0.0001,0.04370144,101 TOT_MORT
101,TOT_MORT,0.0002,0.04387768,101 TOT_MORT
101,TOT_MORT,0.0003,0.04408618,101 TOT_MORT
101,TOT_MORT,0.0004,0.04431882,101 TOT_MORT
101,TOT_MORT,0.0005,0.04457122,101 TOT_MORT
101,TOT_MORT,0.0006,0.04484055,101 TOT_MORT
101,TOT_MORT,0.0007,0.04512481,101 TOT_MORT
101,TOT_MORT,0.0008,0.04542249,101 TOT_MORT
101,TOT_MORT,0.0009,0.0457324,101 TOT_MORT
101,TOT_MORT,0.001,0.0460536,101 TOT_MORT
101,TOT_MORT,0.0012,0.04672677,101 TOT_MORT
101,TOT_MORT,0.0013,0.0470775,101 TOT_MORT
101,TOT_MORT,0.0015,0.04780469,101 TOT_MORT
101,TOT_MORT,0.0017,0.04856349,101 TOT_MORT
101,TOT_MORT,0.0018,0.04895388,101 TOT_MORT
101,TOT_MORT,0.002,0.0497552,101 TOT_MORT
101,TOT_MORT,0.0022,0.05058224,101 TOT_MORT
101,TOT_MORT,0.0023,0.05100487,101 TOT_MORT
101,TOT_MORT,0.0025,0.05186737,101 TOT_MORT
101,TOT_MORT,0.0028,0.05320172,101 TOT_MORT
101,TOT_MORT,0.0031,0.05458133,101 TOT_MORT
101,TOT_MORT,0.0033,0.05552455,101 TOT_MORT
101,TOT_MORT,0.0036,0.05697241,101 TOT_MORT
101,TOT_MORT,0.0039,0.05845764,101 TOT_MORT
101,TOT_MORT,0.0042,0.05997797,101 TOT_MORT
101,TOT_MORT,0.0044,0.06101003,101 TOT_MORT
101,TOT_MORT,0.0047,0.06258452,101 TOT_MORT
101,TOT_MORT,0.005,0.06418922,101 TOT_MORT
101,TOT_MORT,0.0056,0.06748336,101 TOT_MORT
101,TOT_MORT,0.0061,0.07030862,101 TOT_MORT
101,TOT_MORT,0.0067,0.07378727,101 TOT_MORT
101,TOT_MORT,0.0072,0.07675442,101 TOT_MORT
101,TOT_MORT,0.0078,0.08039092,101 TOT_MORT
101,TOT_MORT,0.0083,0.08348041,101 TOT_MORT
101,TOT_MORT,0.0089,0.0872539,101 TOT_MORT
101,TOT_MORT,0.0094,0.09045013,101 TOT_MORT
101,TOT_MORT,0.01,0.09434363,101 TOT_MORT
102,ALL_BUT_MORT,,,102 ALL_BUT_MORT
102,ANY120,0.0,0.0937499,102 ANY120
102,ANY120,0.0,0.0937499,102 ANY120
102,ANY120,0.0,0.0937499,102 ANY120
102,ANY120,0.0,0.0937499,102 ANY120
102,ANY120,0.0,0.0937499,102 ANY120
102,ANY120,0.0001,0.12500018,102 ANY120
102,ANY120,0.0001,0.12500018,102 ANY120
102,ANY120,0.0001,0.12500018,102 ANY120
102,ANY120,0.0001,0.12500018,102 ANY120
102,ANY120,0.0001,0.12500018,102 ANY120
102,ANY120,0.0002,0.9103342,102 ANY120
102,ANY120,0.0003,0.99612489,102 ANY120
102,ANY120,0.0004,0.99960992,102 ANY120
102,ANY120,0.0005,0.99993445,102 ANY120
102,ANY120,0.0006,0.99998474,102 ANY120
102,ANY120,0.0007,0.99999555,102 ANY120
102,ANY120,0.0008,0.99999847,102 ANY120
102,ANY120,0.0009,0.9999994,102 ANY120
102,ANY120,0.001,0.99999974,102 ANY120
102,ANY120,0.0012,0.99999994,102 ANY120
102,ANY120,0.0013,0.99999997,102 ANY120
102,ANY120,0.0015,0.99999999,102 ANY120
102,ANY120,0.0017,1.0,102 ANY120
102,ANY120,0.0018,1.0,102 ANY120
102,ANY120,0.002,1.0,102 ANY120
102,ANY120,0.0022,1.0,102 ANY120
102,ANY120,0.0023,1.0,102 ANY120
102,ANY120,0.0025,1.0,102 ANY120
102,ANY120,0.0028,1.0,102 ANY120
102,ANY120,0.0031,1.0,102 ANY120
102,ANY120,0.0033,1.0,102 ANY120
102,ANY120,0.0036,1.0,102 ANY120
102,ANY120,0.0039,1.0,102 ANY120
102,ANY120,0.0042,1.0,102 ANY120
102,ANY120,0.0044,1.0,102 ANY120
102,ANY120,0.0047,1.0,102 ANY120
102,ANY120,0.005,1.0,102 ANY120
102,ANY120,0.0056,1.0,102 ANY120
102,ANY120,0.0061,1.0,102 ANY120
102,ANY120,0.0067,1.0,102 ANY120
102,ANY120,0.0072,1.0,102 ANY120
102,ANY120,0.0078,1.0,102 ANY120
102,ANY120,0.0083,1.0,102 ANY120
102,ANY120,0.0089,1.0,102 ANY120
102,ANY120,0.0094,1.0,102 ANY120
102,ANY120,0.01,1.0,102 ANY120
102,ANY24,0.0,0.08612595,102 ANY24
102,ANY24,0.0,0.08612595,102 ANY24
102,ANY24,0.0,0.08612595,102 ANY24
102,ANY24,0.0,0.08612595,102 ANY24
102,ANY24,0.0,0.08612595,102 ANY24
102,ANY24,0.0001,0.090592,102 ANY24
102,ANY24,0.0001,0.090592,102 ANY24
102,ANY24,0.0001,0.090592,102 ANY24
102,ANY24,0.0001,0.090592,102 ANY24
102,ANY24,0.0001,0.090592,102 ANY24
102,ANY24,0.0002,0.09522769,102 ANY24
102,ANY24,0.0003,0.10003575,102 ANY24
102,ANY24,0.0004,0.10501869,102 ANY24
102,ANY24,0.0005,0.11017887,102 ANY24
102,ANY24,0.0006,0.11551844,102 ANY24
102,ANY24,0.0007,0.12103934,102 ANY24
102,ANY24,0.0008,0.12674329,102 ANY24
102,ANY24,0.0009,0.13263178,102 ANY24
102,ANY24,0.001,0.13870606,102 ANY24
102,ANY24,0.0012,0.15141567,102 ANY24
102,ANY24,0.0013,0.15805219,102 ANY24
102,ANY24,0.0015,0.17188948,102 ANY24
102,ANY24,0.0017,0.18647681,102 ANY24
102,ANY24,0.0018,0.19404971,102 ANY24
102,ANY24,0.002,0.20974721,102 ANY24
102,ANY24,0.0022,0.22616742,102 ANY24
102,ANY24,0.0023,0.23464248,102 ANY24
102,ANY24,0.0025,0.2521075,102 ANY24
102,ANY24,0.0028,0.27953726,102 ANY24
102,ANY24,0.0031,0.30834007,102 ANY24
102,ANY24,0.0033,0.32823559,102 ANY24
102,ANY24,0.0036,0.35899936,102 ANY24
102,ANY24,0.0039,0.39070616,102 ANY24
102,ANY24,0.0042,0.42315714,102 ANY24
102,ANY24,0.0044,0.44509936,102 ANY24
102,ANY24,0.0047,0.47830943,102 ANY24
102,ANY24,0.005,0.51167088,102 ANY24
102,ANY24,0.0056,0.57791805,102 ANY24
102,ANY24,0.0061,0.63156322,102 ANY24
102,ANY24,0.0067,0.6926261,102 ANY24
102,ANY24,0.0072,0.73980169,102 ANY24
102,ANY24,0.0078,0.79104303,102 ANY24
102,ANY24,0.0083,0.82880967,102 ANY24
102,ANY24,0.0089,0.86795652,102 ANY24
102,ANY24,0.0094,0.89548001,102 ANY24
102,ANY24,0.01,0.92270742,102 ANY24
102,AXIS,0.0,1e-05,102 AXIS
102,AXIS,0.0,1e-05,102 AXIS
102,AXIS,0.0,1e-05,102 AXIS
102,AXIS,0.0,1e-05,102 AXIS
102,AXIS,0.0,1e-05,102 AXIS
102,AXIS,0.0001,1.02e-05,102 AXIS
102,AXIS,0.0001,1.02e-05,102 AXIS
102,AXIS,0.0001,1.02e-05,102 AXIS
102,AXIS,0.0001,1.02e-05,102 AXIS
102,AXIS,0.0001,1.02e-05,102 AXIS
102,AXIS,0.0002,4.344e-05,102 AXIS
102,AXIS,0.0003,0.00067087,102 AXIS
102,AXIS,0.0004,0.00547537,102 AXIS
102,AXIS,0.0005,0.02762431,102 AXIS
102,AXIS,0.0006,0.09802659,102 AXIS
102,AXIS,0.0007,0.25259911,102 AXIS
102,AXIS,0.0008,0.47452905,102 AXIS
102,AXIS,0.0009,0.68242786,102 AXIS
102,AXIS,0.001,0.82352938,102 AXIS
102,AXIS,0.0012,0.94696966,102 AXIS
102,AXIS,0.0013,0.96986732,102 AXIS
102,AXIS,0.0015,0.9892796,102 AXIS
102,AXIS,0.0017,0.99570534,102 AXIS
102,AXIS,0.0018,0.99717604,102 AXIS
102,AXIS,0.002,0.99869765,102 AXIS
102,AXIS,0.0022,0.99935383,102 AXIS
102,AXIS,0.0023,0.99953406,102 AXIS
102,AXIS,0.0025,0.99974772,102 AXIS
102,AXIS,0.0028,0.99989043,102 AXIS
102,AXIS,0.0031,0.9999482,102 AXIS
102,AXIS,0.0033,0.9999673,102 AXIS
102,AXIS,0.0036,0.99998277,102 AXIS
102,AXIS,0.0039,0.99999044,102 AXIS
102,AXIS,0.0042,0.99999446,102 AXIS
102,AXIS,0.0044,0.99999607,102 AXIS
102,AXIS,0.0047,0.99999758,102 AXIS
102,AXIS,0.005,0.99999846,102 AXIS
102,AXIS,0.0056,0.99999933,102 AXIS
102,AXIS,0.0061,0.99999964,102 AXIS
102,AXIS,0.0067,0.99999982,102 AXIS
102,AXIS,0.0072,0.9999999,102 AXIS
102,AXIS,0.0078,0.99999994,102 AXIS
102,AXIS,0.0083,0.99999996,102 AXIS
102,AXIS,0.0089,0.99999998,102 AXIS
102,AXIS,0.0094,0.99999999,102 AXIS
102,AXIS,0.01,0.99999999,102 AXIS
102,BRN_,,,102 BRN_
102,CRAN,,,102 CRAN
102,EDEM,,,102 EDEM
102,LTRK,,,102 LTRK
102,MO24,0.0,0.04299031,102 MO24
102,MO24,0.0,0.04299031,102 MO24
102,MO24,0.0,0.04299031,102 MO24
102,MO24,0.0,0.04299031,102 MO24
102,MO24,0.0,0.04299031,102 MO24
102,MO24,0.0001,0.04507317,102 MO24
102,MO24,0.0001,0.04507317,102 MO24
102,MO24,0.0001,0.04507317,102 MO24
102,MO24,0.0001,0.04507317,102 MO24
102,MO24,0.0001,0.04507317,102 MO24
102,MO24,0.0002,0.04706404,102 MO24
102,MO24,0.0003,0.04901659,102 MO24
102,MO24,0.0004,0.05094198,102 MO24
102,MO24,0.0005,0.05284552,102 MO24
102,MO24,0.0006,0.05473033,102 MO24
102,MO24,0.0007,0.05659852,102 MO24
102,MO24,0.0008,0.05845157,102 MO24
102,MO24,0.0009,0.06029063,102 MO24
102,MO24,0.001,0.06211658,102 MO24
102,MO24,0.0012,0.06573191,102 MO24
102,MO24,0.0013,0.0675224,102 MO24
102,MO24,0.0015,0.07107121,102 MO24
102,MO24,0.0017,0.07457943,102 MO24
102,MO24,0.0018,0.07631904,102 MO24
102,MO24,0.002,0.07977048,102 MO24
102,MO24,0.0022,0.08318625,102 MO24
102,MO24,0.0023,0.08488121,102 MO24
102,MO24,0.0025,0.08824611,102 MO24
102,MO24,0.0028,0.09323296,102 MO24
102,MO24,0.0031,0.0981502,102 MO24
102,MO24,0.0033,0.10139112,102 MO24
102,MO24,0.0036,0.10619858,102 MO24
102,MO24,0.0039,0.11094335,102 MO24
102,MO24,0.0042,0.11562752,102 MO24
102,MO24,0.0044,0.11871756,102 MO24
102,MO24,0.0047,0.12330483,102 MO24
102,MO24,0.005,0.12783617,102 MO24
102,MO24,0.0056,0.136737,102 MO24
102,MO24,0.0061,0.1439959,102 MO24
102,MO24,0.0067,0.15252488,102 MO24
102,MO24,0.0072,0.15948692,102 MO24
102,MO24,0.0078,0.16767381,102 MO24
102,MO24,0.0083,0.17436161,102 MO24
102,MO24,0.0089,0.18223141,102 MO24
102,MO24,0.0094,0.1886643,102 MO24
102,MO24,0.01,0.19623861,102 MO24
102,NC24,,,102 NC24
102,TOT_MORT,0.0,0.03531286,102 TOT_MORT
102,TOT_MORT,0.0,0.03531286,102 TOT_MORT
102,TOT_MORT,0.0,0.03531286,102 TOT_MORT
102,TOT_MORT,0.0,0.03531286,102 TOT_MORT
102,TOT_MORT,0.0,0.03531286,102 TOT_MORT
102,TOT_MORT,0.0001,0.04824324,102 TOT_MORT
102,TOT_MORT,0.0001,0.04824324,102 TOT_MORT
102,TOT_MORT,0.0001,0.04824324,102 TOT_MORT
102,TOT_MORT,0.0001,0.04824324,102 TOT_MORT
102,TOT_MORT,0.0001,0.04824324,102 TOT_MORT
102,TOT_MORT,0.0002,0.06558639,102 TOT_MORT
102,TOT_MORT,0.0003,0.088584,102 TOT_MORT
102,TOT_MORT,0.0004,0.11862192,102 TOT_MORT
102,TOT_MORT,0.0005,0.15708983,102 TOT_MORT
102,TOT_MORT,0.0006,0.20512916,102 TOT_MORT
102,TOT_MORT,0.0007,0.26327084,102 TOT_MORT
102,TOT_MORT,0.0008,0.33102911,102 TOT_MORT
102,TOT_MORT,0.0009,0.40660178,102 TOT_MORT
102,TOT_MORT,0.001,0.48687086,102 TOT_MORT
102,TOT_MORT,0.0012,0.64530778,102 TOT_MORT
102,TOT_MORT,0.0013,0.71585231,102 TOT_MORT
102,TOT_MORT,0.0015,0.82849315,102 TOT_MORT
102,TOT_MORT,0.0017,0.90255935,102 TOT_MORT
102,TOT_MORT,0.0018,0.9276738,102 TOT_MORT
102,TOT_MORT,0.002,0.96092822,102 TOT_MORT
102,TOT_MORT,0.0022,0.97923504,102 TOT_MORT
102,TOT_MORT,0.0023,0.98491728,102 TOT_MORT
102,TOT_MORT,0.0025,0.99207686,102 TOT_MORT
102,TOT_MORT,0.0028,0.99700115,102 TOT_MORT
102,TOT_MORT,0.0031,0.99886844,102 TOT_MORT
102,TOT_MORT,0.0033,0.99940955,102 TOT_MORT
102,TOT_MORT,0.0036,0.99977754,102 TOT_MORT
102,TOT_MORT,0.0039,0.9999162,102 TOT_MORT
102,TOT_MORT,0.0042,0.99996844,102 TOT_MORT
102,TOT_MORT,0.0044,0.99998354,102 TOT_MORT
102,TOT_MORT,0.0047,0.9999938,102 TOT_MORT
102,TOT_MORT,0.005,0.99999767,102 TOT_MORT
102,TOT_MORT,0.0056,0.99999967,102 TOT_MORT
102,TOT_MORT,0.0061,0.99999993,102 TOT_MORT
102,TOT_MORT,0.0067,0.99999999,102 TOT_MORT
102,TOT_MORT,0.0072,1.0,102 TOT_MORT
102,TOT_MORT,0.0078,1.0,102 TOT_MORT
102,TOT_MORT,0.0083,1.0,102 TOT_MORT
102,TOT_MORT,0.0089,1.0,102 TOT_MORT
102,TOT_MORT,0.0094,1.0,102 TOT_MORT
102,TOT_MORT,0.01,1.0,102 TOT_MORT
103,ALL_BUT_MORT,,,103 ALL_BUT_MORT
103,ANY120,0.0,0.05197956,103 ANY120
103,ANY120,0.0,0.05197956,103 ANY120
103,ANY120,0.0,0.05197956,103 ANY120
103,ANY120,0.0,0.05197956,103 ANY120
103,ANY120,0.0,0.05197956,103 ANY120
103,ANY120,0.0001,0.05197956,103 ANY120
103,ANY120,0.0001,0.05197956,103 ANY120
103,ANY120,0.0001,0.05197956,103 ANY120
103,ANY120,0.0001,0.05197956,103 ANY120
103,ANY120,0.0001,0.05197956,103 ANY120
103,ANY120,0.0002,0.05197956,103 ANY120
103,ANY120,0.0003,0.05197956,103 ANY120
103,ANY120,0.0004,0.05197956,103 ANY120
103,ANY120,0.0005,0.0519796,103 ANY120
103,ANY120,0.0006,0.05198013,103 ANY120
103,ANY120,0.0007,0.05198425,103 ANY120
103,ANY120,0.0008,0.05200639,103 ANY120
103,ANY120,0.0009,0.05209533,103 ANY120
103,ANY120,0.001,0.05237995,103 ANY120
103,ANY120,0.0012,0.05487359,103 ANY120
103,ANY120,0.0013,0.05837538,103 ANY120
103,ANY120,0.0015,0.07520639,103 ANY120
103,ANY120,0.0017,0.1139282,103 ANY120
103,ANY120,0.0018,0.14429676,103 ANY120
103,ANY120,0.002,0.22887733,103 ANY120
103,ANY120,0.0022,0.34076879,103 ANY120
103,ANY120,0.0023,0.40334976,103 ANY120
103,ANY120,0.0025,0.53223599,103 ANY120
103,ANY120,0.0028,0.70864031,103 ANY120
103,ANY120,0.0031,0.8394983,103 ANY120
103,ANY120,0.0033,0.89870549,103 ANY120
103,ANY120,0.0036,0.9533682,103 ANY120
103,ANY120,0.0039,0.98042526,103 ANY120
103,ANY120,0.0042,0.99242951,103 ANY120
103,ANY120,0.0044,0.99614274,103 ANY120
103,ANY120,0.0047,0.99867287,103 ANY120
103,ANY120,0.005,0.99957011,103 ANY120
103,ANY120,0.0056,0.99996145,103 ANY120
103,ANY120,0.0061,0.99999549,103 ANY120
103,ANY120,0.0067,0.9999997,103 ANY120
103,ANY120,0.0072,0.99999997,103 ANY120
103,ANY120,0.0078,1.0,103 ANY120
103,ANY120,0.0083,1.0,103 ANY120
103,ANY120,0.0089,1.0,103 ANY120
103,ANY120,0.0094,1.0,103 ANY120
103,ANY120,0.01,1.0,103 ANY120
103,ANY24,0.0,0.02930762,103 ANY24
103,ANY24,0.0,0.02930762,103 ANY24
103,ANY24,0.0,0.02930762,103 ANY24
103,ANY24,0.0,0.02930762,103 ANY24
103,ANY24,0.0,0.02930762,103 ANY24
103,ANY24,0.0001,0.02930762,103 ANY24
103,ANY24,0.0001,0.02930762,103 ANY24
103,ANY24,0.0001,0.02930762,103 ANY24
103,ANY24,0.0001,0.02930762,103 ANY24
103,ANY24,0.0001,0.02930762,103 ANY24
103,ANY24,0.0002,0.02930763,103 ANY24
103,ANY24,0.0003,0.02930767,103 ANY24
103,ANY24,0.0004,0.02930778,103 ANY24
103,ANY24,0.0005,0.02930808,103 ANY24
103,ANY24,0.0006,0.02930869,103 ANY24
103,ANY24,0.0007,0.02930981,103 ANY24
103,ANY24,0.0008,0.0293117,103 ANY24
103,ANY24,0.0009,0.02931465,103 ANY24
103,ANY24,0.001,0.02931905,103 ANY24
103,ANY24,0.0012,0.02933399,103 ANY24
103,ANY24,0.0013,0.02934558,103 ANY24
103,ANY24,0.0015,0.02938012,103 ANY24
103,ANY24,0.0017,0.02943467,103 ANY24
103,ANY24,0.0018,0.02947148,103 ANY24
103,ANY24,0.002,0.02956871,103 ANY24
103,ANY24,0.0022,0.02970403,103 ANY24
103,ANY24,0.0023,0.02978862,103 ANY24
103,ANY24,0.0025,0.02999727,103 ANY24
103,ANY24,0.0028,0.03042675,103 ANY24
103,ANY24,0.0031,0.03102584,103 ANY24
103,ANY24,0.0033,0.03153659,103 ANY24
103,ANY24,0.0036,0.03249586,103 ANY24
103,ANY24,0.0039,0.03371831,103 ANY24
103,ANY24,0.0042,0.0352386,103 ANY24
103,ANY24,0.0044,0.03643421,103 ANY24
103,ANY24,0.0047,0.0385245,103 ANY24
103,ANY24,0.005,0.04099781,103 ANY24
103,ANY24,0.0056,0.04720214,103 ANY24
103,ANY24,0.0061,0.05376289,103 ANY24
103,ANY24,0.0067,0.06342695,103 ANY24
103,ANY24,0.0072,0.07303576,103 ANY24
103,ANY24,0.0078,0.08647038,103 ANY24
103,ANY24,0.0083,0.09925,103 ANY24
103,ANY24,0.0089,0.11644553,103 ANY24
103,ANY24,0.0094,0.13226659,103 ANY24
103,ANY24,0.01,0.15293795,103 ANY24
103,AXIS,0.0,1e-05,103 AXIS
103,AXIS,0.0,1e-05,103 AXIS
103,AXIS,0.0,1e-05,103 AXIS
103,AXIS,0.0,1e-05,103 AXIS
103,AXIS,0.0,1e-05,103 AXIS
103,AXIS,0.0001,1e-05,103 AXIS
103,AXIS,0.0001,1e-05,103 AXIS
103,AXIS,0.0001,1e-05,103 AXIS
103,AXIS,0.0001,1e-05,103 AXIS
103,AXIS,0.0001,1e-05,103 AXIS
103,AXIS,0.0002,1e-05,103 AXIS
103,AXIS,0.0003,1.001e-05,103 AXIS
103,AXIS,0.0004,1.004e-05,103 AXIS
103,AXIS,0.0005,1.021e-05,103 AXIS
103,AXIS,0.0006,1.074e-05,103 AXIS
103,AXIS,0.0007,1.213e-05,103 AXIS
103,AXIS,0.0008,1.527e-05,103 AXIS
103,AXIS,0.0009,2.16e-05,103 AXIS
103,AXIS,0.001,3.33e-05,103 AXIS
103,AXIS,0.0012,8.628e-05,103 AXIS
103,AXIS,0.0013,0.00013715,103 AXIS
103,AXIS,0.0015,0.00032171,103 AXIS
103,AXIS,0.0017,0.00067959,103 AXIS
103,AXIS,0.0018,0.00095299,103 AXIS
103,AXIS,0.002,0.00176114,103 AXIS
103,AXIS,0.0022,0.00303058,103 AXIS
103,AXIS,0.0023,0.00388505,103 AXIS
103,AXIS,0.0025,0.00613488,103 AXIS
103,AXIS,0.0028,0.0111806,103 AXIS
103,AXIS,0.0031,0.01874039,103 AXIS
103,AXIS,0.0033,0.02544245,103 AXIS
103,AXIS,0.0036,0.03832934,103 AXIS
103,AXIS,0.0039,0.05492563,103 AXIS
103,AXIS,0.0042,0.07544385,103 AXIS
103,AXIS,0.0044,0.09133459,103 AXIS
103,AXIS,0.0047,0.11843003,103 AXIS
103,AXIS,0.005,0.14924478,103 AXIS
103,AXIS,0.0056,0.22058222,103 AXIS
103,AXIS,0.0061,0.28757899,103 AXIS
103,AXIS,0.0067,0.37308277,103 AXIS
103,AXIS,0.0072,0.44546393,103 AXIS
103,AXIS,0.0078,0.530128,103 AXIS
103,AXIS,0.0083,0.59663727,103 AXIS
103,AXIS,0.0089,0.66960465,103 AXIS
103,AXIS,0.0094,0.72378487,103 AXIS
103,AXIS,0.01,0.7803795,103 AXIS
103,BRN_,,,103 BRN_
103,CRAN,,,103 CRAN
103,EDEM,,,103 EDEM
103,LTRK,,,103 LTRK
103,MO24,,,103 MO24
103,NC24,,,103 NC24
103,TOT_MORT,0.0,0.04679516,103 TOT_MORT
103,TOT_MORT,0.0,0.04679516,103 TOT_MORT
103,TOT_MORT,0.0,0.04679516,103 TOT_MORT
103,TOT_MORT,0.0,0.04679516,103 TOT_MORT
103,TOT_MORT,0.0,0.04679516,103 TOT_MORT
103,TOT_MORT,0.0001,0.04679516,103 TOT_MORT
103,TOT_MORT,0.0001,0.04679516,103 TOT_MORT
103,TOT_MORT,0.0001,0.04679516,103 TOT_MORT
103,TOT_MORT,0.0001,0.04679516,103 TOT_MORT
103,TOT_MORT,0.0001,0.04679516,103 TOT_MORT
103,TOT_MORT,0.0002,0.04679516,103 TOT_MORT
103,TOT_MORT,0.0003,0.04679516,103 TOT_MORT
103,TOT_MORT,0.0004,0.04679516,103 TOT_MORT
103,TOT_MORT,0.0005,0.04679516,103 TOT_MORT
103,TOT_MORT,0.0006,0.04679516,103 TOT_MORT
103,TOT_MORT,0.0007,0.04679517,103 TOT_MORT
103,TOT_MORT,0.0008,0.04679518,103 TOT_MORT
103,TOT_MORT,0.0009,0.04679521,103 TOT_MORT
103,TOT_MORT,0.001,0.04679528,103 TOT_MORT
103,TOT_MORT,0.0012,0.0467956,103 TOT_MORT
103,TOT_MORT,0.0013,0.04679596,103 TOT_MORT
103,TOT_MORT,0.0015,0.04679744,103 TOT_MORT
103,TOT_MORT,0.0017,0.0468009,103 TOT_MORT
103,TOT_MORT,0.0018,0.0468039,103 TOT_MORT
103,TOT_MORT,0.002,0.04681415,103 TOT_MORT
103,TOT_MORT,0.0022,0.04683349,103 TOT_MORT
103,TOT_MORT,0.0023,0.04684833,103 TOT_MORT
103,TOT_MORT,0.0025,0.04689344,103 TOT_MORT
103,TOT_MORT,0.0028,0.04702164,103 TOT_MORT
103,TOT_MORT,0.0031,0.04727444,103 TOT_MORT
103,TOT_MORT,0.0033,0.04755463,103 TOT_MORT
103,TOT_MORT,0.0036,0.04823597,103 TOT_MORT
103,TOT_MORT,0.0039,0.04939049,103 TOT_MORT
103,TOT_MORT,0.0042,0.05126672,103 TOT_MORT
103,TOT_MORT,0.0044,0.05308264,103 TOT_MORT
103,TOT_MORT,0.0047,0.05697484,103 TOT_MORT
103,TOT_MORT,0.005,0.06275566,103 TOT_MORT
103,TOT_MORT,0.0056,0.08279322,103 TOT_MORT
103,TOT_MORT,0.0061,0.11222283,103 TOT_MORT
103,TOT_MORT,0.0067,0.16903984,103 TOT_MORT
103,TOT_MORT,0.0072,0.23743741,103 TOT_MORT
103,TOT_MORT,0.0078,0.34301404,103 TOT_MORT
103,TOT_MORT,0.0083,0.44342408,103 TOT_MORT
103,TOT_MORT,0.0089,0.5650945,103 TOT_MORT
103,TOT_MORT,0.0094,0.65745236,103 TOT_MORT
103,TOT_MORT,0.01,0.74996503,103 TOT_MORT
1035,ALL_BUT_MORT,,,1035 ALL_BUT_MORT
1035,ANY120,,,1035 ANY120
1035,ANY24,,,1035 ANY24
1035,AXIS,,,1035 AXIS
1035,BRN_,,,1035 BRN_
1035,CRAN,,,1035 CRAN
1035,EDEM,,,1035 EDEM
1035,LTRK,,,1035 LTRK
1035,MO24,,,1035 MO24
1035,NC24,,,1035 NC24
1035,TOT_MORT,,,1035 TOT_MORT
1036,ALL_BUT_MORT,0.0,0.06580154,1036 ALL_BUT_MORT
1036,ALL_BUT_MORT,0.0,0.06580154,1036 ALL_BUT_MORT
1036,ALL_BUT_MORT,0.0,0.06580154,1036 ALL_BUT_MORT
1036,ALL_BUT_MORT,0.0,0.06580154,1036 ALL_BUT_MORT
1036,ALL_BUT_MORT,0.0,0.06580154,1036 ALL_BUT_MORT
1036,ALL_BUT_MORT,0.0001,0.06637714,1036 ALL_BUT_MORT
1036,ALL_BUT_MORT,0.0001,0.06637714,1036 ALL_BUT_MORT
1036,ALL_BUT_MORT,0.0001,0.06637714,1036 ALL_BUT_MORT
1036,ALL_BUT_MORT,0.0001,0.06637714,1036 ALL_BUT_MORT
1036,ALL_BUT_MORT,0.0001,0.06637714,1036 ALL_BUT_MORT
1036,ALL_BUT_MORT,0.0002,0.06695239,1036 ALL_BUT_MORT
1036,ALL_BUT_MORT,0.0003,0.06752729,1036 ALL_BUT_MORT
1036,ALL_BUT_MORT,0.0004,0.06810183,1036 ALL_BUT_MORT
1036,ALL_BUT_MORT,0.0005,0.06867602,1036 ALL_BUT_MORT
1036,ALL_BUT_MORT,0.0006,0.06924985,1036 ALL_BUT_MORT
1036,ALL_BUT_MORT,0.0007,0.06982333,1036 ALL_BUT_MORT
1036,ALL_BUT_MORT,0.0008,0.07039646,1036 ALL_BUT_MORT
1036,ALL_BUT_MORT,0.0009,0.07096923,1036 ALL_BUT_MORT
1036,ALL_BUT_MORT,0.001,0.07154166,1036 ALL_BUT_MORT
1036,ALL_BUT_MORT,0.0012,0.07268544,1036 ALL_BUT_MORT
1036,ALL_BUT_MORT,0.0013,0.0732568,1036 ALL_BUT_MORT
1036,ALL_BUT_MORT,0.0015,0.07439847,1036 ALL_BUT_MORT
1036,ALL_BUT_MORT,0.0017,0.07553874,1036 ALL_BUT_MORT
1036,ALL_BUT_MORT,0.0018,0.07610834,1036 ALL_BUT_MORT
1036,ALL_BUT_MORT,0.002,0.0772465,1036 ALL_BUT_MORT
1036,ALL_BUT_MORT,0.0022,0.07838326,1036 ALL_BUT_MORT
1036,ALL_BUT_MORT,0.0023,0.07895111,1036 ALL_BUT_MORT
1036,ALL_BUT_MORT,0.0025,0.08008577,1036 ALL_BUT_MORT
1036,ALL_BUT_MORT,0.0028,0.08178513,1036 ALL_BUT_MORT
1036,ALL_BUT_MORT,0.0031,0.08348136,1036 ALL_BUT_MORT
1036,ALL_BUT_MORT,0.0033,0.08461043,1036 ALL_BUT_MORT
1036,ALL_BUT_MORT,0.0036,0.08630144,1036 ALL_BUT_MORT
1036,ALL_BUT_MORT,0.0039,0.08798932,1036 ALL_BUT_MORT
1036,ALL_BUT_MORT,0.0042,0.08967409,1036 ALL_BUT_MORT
1036,ALL_BUT_MORT,0.0044,0.09079553,1036 ALL_BUT_MORT
1036,ALL_BUT_MORT,0.0047,0.09247511,1036 ALL_BUT_MORT
1036,ALL_BUT_MORT,0.005,0.09415159,1036 ALL_BUT_MORT
1036,ALL_BUT_MORT,0.0056,0.09749526,1036 ALL_BUT_MORT
1036,ALL_BUT_MORT,0.0061,0.10027222,1036 ALL_BUT_MORT
1036,ALL_BUT_MORT,0.0067,0.1035933,1036 ALL_BUT_MORT
1036,ALL_BUT_MORT,0.0072,0.1063515,1036 ALL_BUT_MORT
1036,ALL_BUT_MORT,0.0078,0.10965013,1036 ALL_BUT_MORT
1036,ALL_BUT_MORT,0.0083,0.1123897,1036 ALL_BUT_MORT
1036,ALL_BUT_MORT,0.0089,0.11566604,1036 ALL_BUT_MORT
1036,ALL_BUT_MORT,0.0094,0.1183871,1036 ALL_BUT_MORT
1036,ALL_BUT_MORT,0.01,0.12164131,1036 ALL_BUT_MORT
1036,ANY120,0.0,0.11223718,1036 ANY120
1036,ANY120,0.0,0.11223718,1036 ANY120
1036,ANY120,0.0,0.11223718,1036 ANY120
1036,ANY120,0.0,0.11223718,1036 ANY120
1036,ANY120,0.0,0.11223718,1036 ANY120
1036,ANY120,0.0001,0.11282798,1036 ANY120
1036,ANY120,0.0001,0.11282798,1036 ANY120
1036,ANY120,0.0001,0.11282798,1036 ANY120
1036,ANY120,0.0001,0.11282798,1036 ANY120
1036,ANY120,0.0001,0.11282798,1036 ANY120
1036,ANY120,0.0002,0.11341837,1036 ANY120
1036,ANY120,0.0003,0.11400838,1036 ANY120
1036,ANY120,0.0004,0.11459799,1036 ANY120
1036,ANY120,0.0005,0.11518721,1036 ANY120
1036,ANY120,0.0006,0.11577604,1036 ANY120
1036,ANY120,0.0007,0.11636448,1036 ANY120
1036,ANY120,0.0008,0.11695252,1036 ANY120
1036,ANY120,0.0009,0.11754017,1036 ANY120
1036,ANY120,0.001,0.11812744,1036 ANY120
1036,ANY120,0.0012,0.11930079,1036 ANY120
1036,ANY120,0.0013,0.11988688,1036 ANY120
1036,ANY120,0.0015,0.12105789,1036 ANY120
1036,ANY120,0.0017,0.12222734,1036 ANY120
1036,ANY120,0.0018,0.12281149,1036 ANY120
1036,ANY120,0.002,0.12397861,1036 ANY120
1036,ANY120,0.0022,0.12514417,1036 ANY120
1036,ANY120,0.0023,0.12572637,1036 ANY120
1036,ANY120,0.0025,0.12688962,1036 ANY120
1036,ANY120,0.0028,0.12863158,1036 ANY120
1036,ANY120,0.0031,0.13037006,1036 ANY120
1036,ANY120,0.0033,0.13152713,1036 ANY120
1036,ANY120,0.0036,0.13325984,1036 ANY120
1036,ANY120,0.0039,0.13498909,1036 ANY120
1036,ANY120,0.0042,0.13671489,1036 ANY120
1036,ANY120,0.0044,0.13786351,1036 ANY120
1036,ANY120,0.0047,0.13958358,1036 ANY120
1036,ANY120,0.005,0.14130021,1036 ANY120
1036,ANY120,0.0056,0.14472321,1036 ANY120
1036,ANY120,0.0061,0.14756529,1036 ANY120
1036,ANY120,0.0067,0.15096332,1036 ANY120
1036,ANY120,0.0072,0.15378466,1036 ANY120
1036,ANY120,0.0078,0.1571579,1036 ANY120
1036,ANY120,0.0083,0.15995865,1036 ANY120
1036,ANY120,0.0089,0.16330728,1036 ANY120
1036,ANY120,0.0094,0.1660876,1036 ANY120
1036,ANY120,0.01,0.16941179,1036 ANY120
1036,ANY24,0.0,0.08182097,1036 ANY24
1036,ANY24,0.0,0.08182097,1036 ANY24
1036,ANY24,0.0,0.08182097,1036 ANY24
1036,ANY24,0.0,0.08182097,1036 ANY24
1036,ANY24,0.0,0.08182097,1036 ANY24
1036,ANY24,0.0001,0.08291299,1036 ANY24
1036,ANY24,0.0001,0.08291299,1036 ANY24
1036,ANY24,0.0001,0.08291299,1036 ANY24
1036,ANY24,0.0001,0.08291299,1036 ANY24
1036,ANY24,0.0001,0.08291299,1036 ANY24
1036,ANY24,0.0002,0.08400371,1036 ANY24
1036,ANY24,0.0003,0.08509313,1036 ANY24
1036,ANY24,0.0004,0.08618125,1036 ANY24
1036,ANY24,0.0005,0.08726809,1036 ANY24
1036,ANY24,0.0006,0.08835363,1036 ANY24
1036,ANY24,0.0007,0.08943787,1036 ANY24
1036,ANY24,0.0008,0.09052083,1036 ANY24
1036,ANY24,0.0009,0.0916025,1036 ANY24
1036,ANY24,0.001,0.09268289,1036 ANY24
1036,ANY24,0.0012,0.0948398,1036 ANY24
1036,ANY24,0.0013,0.09591634,1036 ANY24
1036,ANY24,0.0015,0.09806557,1036 ANY24
1036,ANY24,0.0017,0.10020968,1036 ANY24
1036,ANY24,0.0018,0.10127983,1036 ANY24
1036,ANY24,0.002,0.10341631,1036 ANY24
1036,ANY24,0.0022,0.10554771,1036 ANY24
1036,ANY24,0.0023,0.10661151,1036 ANY24
1036,ANY24,0.0025,0.10873531,1036 ANY24
1036,ANY24,0.0028,0.11191155,1036 ANY24
1036,ANY24,0.0031,0.11507648,1036 ANY24
1036,ANY24,0.0033,0.11718016,1036 ANY24
1036,ANY24,0.0036,0.1203263,1036 ANY24
1036,ANY24,0.0039,0.12346124,1036 ANY24
1036,ANY24,0.0042,0.126585,1036 ANY24
1036,ANY24,0.0044,0.12866132,1036 ANY24
1036,ANY24,0.0047,0.13176656,1036 ANY24
1036,ANY24,0.005,0.13486072,1036 ANY24
1036,ANY24,0.0056,0.14101601,1036 ANY24
1036,ANY24,0.0061,0.14611195,1036 ANY24
1036,ANY24,0.0067,0.15218719,1036 ANY24
1036,ANY24,0.0072,0.15721686,1036 ANY24
1036,ANY24,0.0078,0.16321308,1036 ANY24
1036,ANY24,0.0083,0.16817734,1036 ANY24
1036,ANY24,0.0089,0.17409559,1036 ANY24
1036,ANY24,0.0094,0.17899528,1036 ANY24
1036,ANY24,0.01,0.18483656,1036 ANY24
1036,AXIS,0.0,1e-05,1036 AXIS
1036,AXIS,0.0,1e-05,1036 AXIS
1036,AXIS,0.0,1e-05,1036 AXIS
1036,AXIS,0.0,1e-05,1036 AXIS
1036,AXIS,0.0,1e-05,1036 AXIS
1036,AXIS,0.0001,0.00093609,1036 AXIS
1036,AXIS,0.0001,0.00093609,1036 AXIS
1036,AXIS,0.0001,0.00093609,1036 AXIS
1036,AXIS,0.0001,0.00093609,1036 AXIS
1036,AXIS,0.0001,0.00093609,1036 AXIS
1036,AXIS,0.0002,0.00186131,1036 AXIS
1036,AXIS,0.0003,0.00278568,1036 AXIS
1036,AXIS,0.0004,0.0037092,1036 AXIS
1036,AXIS,0.0005,0.00463186,1036 AXIS
1036,AXIS,0.0006,0.00555366,1036 AXIS
1036,AXIS,0.0007,0.00647461,1036 AXIS
1036,AXIS,0.0008,0.00739471,1036 AXIS
1036,AXIS,0.0009,0.00831396,1036 AXIS
1036,AXIS,0.001,0.00923235,1036 AXIS
1036,AXIS,0.0012,0.01106659,1036 AXIS
1036,AXIS,0.0013,0.01198244,1036 AXIS
1036,AXIS,0.0015,0.01381158,1036 AXIS
1036,AXIS,0.0017,0.01563735,1036 AXIS
1036,AXIS,0.0018,0.01654896,1036 AXIS
1036,AXIS,0.002,0.01836965,1036 AXIS
1036,AXIS,0.0022,0.02018697,1036 AXIS
1036,AXIS,0.0023,0.02109437,1036 AXIS
1036,AXIS,0.0025,0.02290665,1036 AXIS
1036,AXIS,0.0028,0.02561878,1036 AXIS
1036,AXIS,0.0031,0.02832338,1036 AXIS
1036,AXIS,0.0033,0.03012228,1036 AXIS
1036,AXIS,0.0036,0.03281438,1036 AXIS
1036,AXIS,0.0039,0.035499,1036 AXIS
1036,AXIS,0.0042,0.03817618,1036 AXIS
1036,AXIS,0.0044,0.03995683,1036 AXIS
1036,AXIS,0.0047,0.04262164,1036 AXIS
1036,AXIS,0.005,0.04527904,1036 AXIS
1036,AXIS,0.0056,0.05057175,1036 AXIS
1036,AXIS,0.0061,0.05495991,1036 AXIS
1036,AXIS,0.0067,0.06019895,1036 AXIS
1036,AXIS,0.0072,0.06454262,1036 AXIS
1036,AXIS,0.0078,0.06972853,1036 AXIS
1036,AXIS,0.0083,0.07402815,1036 AXIS
1036,AXIS,0.0089,0.07916148,1036 AXIS
1036,AXIS,0.0094,0.0834175,1036 AXIS
1036,AXIS,0.01,0.08849878,1036 AXIS
1036,BRN_,,,1036 BRN_
1036,CRAN,,,1036 CRAN
1036,EDEM,0.0,0.0352197,1036 EDEM
1036,EDEM,0.0,0.0352197,1036 EDEM
1036,EDEM,0.0,0.0352197,1036 EDEM
1036,EDEM,0.0,0.0352197,1036 EDEM
1036,EDEM,0.0,0.0352197,1036 EDEM
1036,EDEM,0.0001,0.03559984,1036 EDEM
1036,EDEM,0.0001,0.03559984,1036 EDEM
1036,EDEM,0.0001,0.03559984,1036 EDEM
1036,EDEM,0.0001,0.03559984,1036 EDEM
1036,EDEM,0.0001,0.03559984,1036 EDEM
1036,EDEM,0.0002,0.03597983,1036 EDEM
1036,EDEM,0.0003,0.03635967,1036 EDEM
1036,EDEM,0.0004,0.03673936,1036 EDEM
1036,EDEM,0.0005,0.03711889,1036 EDEM
1036,EDEM,0.0006,0.03749828,1036 EDEM
1036,EDEM,0.0007,0.03787753,1036 EDEM
1036,EDEM,0.0008,0.03825662,1036 EDEM
1036,EDEM,0.0009,0.03863556,1036 EDEM
1036,EDEM,0.001,0.03901435,1036 EDEM
1036,EDEM,0.0012,0.03977149,1036 EDEM
1036,EDEM,0.0013,0.04014983,1036 EDEM
1036,EDEM,0.0015,0.04090608,1036 EDEM
1036,EDEM,0.0017,0.04166172,1036 EDEM
1036,EDEM,0.0018,0.04203932,1036 EDEM
1036,EDEM,0.002,0.04279408,1036 EDEM
1036,EDEM,0.0022,0.04354824,1036 EDEM
1036,EDEM,0.0023,0.04392509,1036 EDEM
1036,EDEM,0.0025,0.04467836,1036 EDEM
1036,EDEM,0.0028,0.04580715,1036 EDEM
1036,EDEM,0.0031,0.04693461,1036 EDEM
1036,EDEM,0.0033,0.0476855,1036 EDEM
1036,EDEM,0.0036,0.04881074,1036 EDEM
1036,EDEM,0.0039,0.04993465,1036 EDEM
1036,EDEM,0.0042,0.05105722,1036 EDEM
1036,EDEM,0.0044,0.05180487,1036 EDEM
1036,EDEM,0.0047,0.05292524,1036 EDEM
1036,EDEM,0.005,0.05404429,1036 EDEM
1036,EDEM,0.0056,0.05627841,1036 EDEM
1036,EDEM,0.0061,0.05813615,1036 EDEM
1036,EDEM,0.0067,0.06036061,1036 EDEM
1036,EDEM,0.0072,0.06221032,1036 EDEM
1036,EDEM,0.0078,0.06442516,1036 EDEM
1036,EDEM,0.0083,0.06626686,1036 EDEM
1036,EDEM,0.0089,0.06847212,1036 EDEM
1036,EDEM,0.0094,0.07030585,1036 EDEM
1036,EDEM,0.01,0.07250157,1036 EDEM
1036,LTRK,0.0,3.581e-05,1036 LTRK
1036,LTRK,0.0,3.581e-05,1036 LTRK
1036,LTRK,0.0,3.581e-05,1036 LTRK
1036,LTRK,0.0,3.581e-05,1036 LTRK
1036,LTRK,0.0,3.581e-05,1036 LTRK
1036,LTRK,0.0001,0.00861777,1036 LTRK
1036,LTRK,0.0001,0.00861777,1036 LTRK
1036,LTRK,0.0001,0.00861777,1036 LTRK
1036,LTRK,0.0001,0.00861777,1036 LTRK
1036,LTRK,0.0001,0.00861777,1036 LTRK
1036,LTRK,0.0002,0.01218467,1036 LTRK
1036,LTRK,0.0003,0.01491212,1036 LTRK
1036,LTRK,0.0004,0.017204,1036 LTRK
1036,LTRK,0.0005,0.01921712,1036 LTRK
1036,LTRK,0.0006,0.02103199,1036 LTRK
1036,LTRK,0.0007,0.02269651,1036 LTRK
1036,LTRK,0.0008,0.02424193,1036 LTRK
1036,LTRK,0.0009,0.02568994,1036 LTRK
1036,LTRK,0.001,0.02705637,1036 LTRK
1036,LTRK,0.0012,0.02958963,1036 LTRK
1036,LTRK,0.0013,0.03077314,1036 LTRK
1036,LTRK,0.0015,0.0330042,1036 LTRK
1036,LTRK,0.0017,0.03508307,1036 LTRK
1036,LTRK,0.0018,0.0360739,1036 LTRK
1036,LTRK,0.002,0.03797134,1036 LTRK
1036,LTRK,0.0022,0.0397701,1036 LTRK
1036,LTRK,0.0023,0.0406367,1036 LTRK
1036,LTRK,0.0025,0.04231128,1036 LTRK
1036,LTRK,0.0028,0.04469331,1036 LTRK
1036,LTRK,0.0031,0.04694118,1036 LTRK
1036,LTRK,0.0033,0.04837484,1036 LTRK
1036,LTRK,0.0036,0.0504394,1036 LTRK
1036,LTRK,0.0039,0.05241206,1036 LTRK
1036,LTRK,0.0042,0.05430327,1036 LTRK
1036,LTRK,0.0044,0.05552312,1036 LTRK
1036,LTRK,0.0047,0.05729695,1036 LTRK
1036,LTRK,0.005,0.05900926,1036 LTRK
1036,LTRK,0.0056,0.06227045,1036 LTRK
1036,LTRK,0.0061,0.06484209,1036 LTRK
1036,LTRK,0.0067,0.06777671,1036 LTRK
1036,LTRK,0.0072,0.07011101,1036 LTRK
1036,LTRK,0.0078,0.0727942,1036 LTRK
1036,LTRK,0.0083,0.07494189,1036 LTRK
1036,LTRK,0.0089,0.07742386,1036 LTRK
1036,LTRK,0.0094,0.07941988,1036 LTRK
1036,LTRK,0.01,0.08173611,1036 LTRK
1036,MO24,0.0,0.04668875,1036 MO24
1036,MO24,0.0,0.04668875,1036 MO24
1036,MO24,0.0,0.04668875,1036 MO24
1036,MO24,0.0,0.04668875,1036 MO24
1036,MO24,0.0,0.04668875,1036 MO24
1036,MO24,0.0001,0.04669476,1036 MO24
1036,MO24,0.0001,0.04669476,1036 MO24
1036,MO24,0.0001,0.04669476,1036 MO24
1036,MO24,0.0001,0.04669476,1036 MO24
1036,MO24,0.0001,0.04669476,1036 MO24
1036,MO24,0.0002,0.04670077,1036 MO24
1036,MO24,0.0003,0.04670678,1036 MO24
1036,MO24,0.0004,0.04671279,1036 MO24
1036,MO24,0.0005,0.04671879,1036 MO24
1036,MO24,0.0006,0.0467248,1036 MO24
1036,MO24,0.0007,0.04673081,1036 MO24
1036,MO24,0.0008,0.04673682,1036 MO24
1036,MO24,0.0009,0.04674283,1036 MO24
1036,MO24,0.001,0.04674884,1036 MO24
1036,MO24,0.0012,0.04676086,1036 MO24
1036,MO24,0.0013,0.04676687,1036 MO24
1036,MO24,0.0015,0.04677888,1036 MO24
1036,MO24,0.0017,0.0467909,1036 MO24
1036,MO24,0.0018,0.04679691,1036 MO24
1036,MO24,0.002,0.04680893,1036 MO24
1036,MO24,0.0022,0.04682094,1036 MO24
1036,MO24,0.0023,0.04682695,1036 MO24
1036,MO24,0.0025,0.04683897,1036 MO24
1036,MO24,0.0028,0.04685699,1036 MO24
1036,MO24,0.0031,0.04687502,1036 MO24
1036,MO24,0.0033,0.04688703,1036 MO24
1036,MO24,0.0036,0.04690506,1036 MO24
1036,MO24,0.0039,0.04692308,1036 MO24
1036,MO24,0.0042,0.0469411,1036 MO24
1036,MO24,0.0044,0.04695312,1036 MO24
1036,MO24,0.0047,0.04697114,1036 MO24
1036,MO24,0.005,0.04698916,1036 MO24
1036,MO24,0.0056,0.04702521,1036 MO24
1036,MO24,0.0061,0.04705524,1036 MO24
1036,MO24,0.0067,0.04709128,1036 MO24
1036,MO24,0.0072,0.04712132,1036 MO24
1036,MO24,0.0078,0.04715735,1036 MO24
1036,MO24,0.0083,0.04718738,1036 MO24
1036,MO24,0.0089,0.04722342,1036 MO24
1036,MO24,0.0094,0.04725345,1036 MO24
1036,MO24,0.01,0.04728948,1036 MO24
1036,NC24,,,1036 NC24
1036,TOT_MORT,0.0,0.04907031,1036 TOT_MORT
1036,TOT_MORT,0.0,0.04907031,1036 TOT_MORT
1036,TOT_MORT,0.0,0.04907031,1036 TOT_MORT
1036,TOT_MORT,0.0,0.04907031,1036 TOT_MORT
1036,TOT_MORT,0.0,0.04907031,1036 TOT_MORT
1036,TOT_MORT,0.0001,0.04930274,1036 TOT_MORT
1036,TOT_MORT,0.0001,0.04930274,1036 TOT_MORT
1036,TOT_MORT,0.0001,0.04930274,1036 TOT_MORT
1036,TOT_MORT,0.0001,0.04930274,1036 TOT_MORT
1036,TOT_MORT,0.0001,0.04930274,1036 TOT_MORT
1036,TOT_MORT,0.0002,0.04953605,1036 TOT_MORT
1036,TOT_MORT,0.0003,0.04977024,1036 TOT_MORT
1036,TOT_MORT,0.0004,0.05000532,1036 TOT_MORT
1036,TOT_MORT,0.0005,0.05024127,1036 TOT_MORT
1036,TOT_MORT,0.0006,0.05047812,1036 TOT_MORT
1036,TOT_MORT,0.0007,0.05071585,1036 TOT_MORT
1036,TOT_MORT,0.0008,0.05095447,1036 TOT_MORT
1036,TOT_MORT,0.0009,0.05119399,1036 TOT_MORT
1036,TOT_MORT,0.001,0.0514344,1036 TOT_MORT
1036,TOT_MORT,0.0012,0.05191792,1036 TOT_MORT
1036,TOT_MORT,0.0013,0.05216103,1036 TOT_MORT
1036,TOT_MORT,0.0015,0.05264996,1036 TOT_MORT
1036,TOT_MORT,0.0017,0.05314252,1036 TOT_MORT
1036,TOT_MORT,0.0018,0.05339016,1036 TOT_MORT
1036,TOT_MORT,0.002,0.0538882,1036 TOT_MORT
1036,TOT_MORT,0.0022,0.0543899,1036 TOT_MORT
1036,TOT_MORT,0.0023,0.05464214,1036 TOT_MORT
1036,TOT_MORT,0.0025,0.05514938,1036 TOT_MORT
1036,TOT_MORT,0.0028,0.05591722,1036 TOT_MORT
1036,TOT_MORT,0.0031,0.05669346,1036 TOT_MORT
1036,TOT_MORT,0.0033,0.05721565,1036 TOT_MORT
1036,TOT_MORT,0.0036,0.05800603,1036 TOT_MORT
1036,TOT_MORT,0.0039,0.05880496,1036 TOT_MORT
1036,TOT_MORT,0.0042,0.05961251,1036 TOT_MORT
1036,TOT_MORT,0.0044,0.06015568,1036 TOT_MORT
1036,TOT_MORT,0.0047,0.06097769,1036 TOT_MORT
1036,TOT_MORT,0.005,0.06180846,1036 TOT_MORT
1036,TOT_MORT,0.0056,0.06349648,1036 TOT_MORT
1036,TOT_MORT,0.0061,0.06493039,1036 TOT_MORT
1036,TOT_MORT,0.0067,0.06668412,1036 TOT_MORT
1036,TOT_MORT,0.0072,0.06817337,1036 TOT_MORT
1036,TOT_MORT,0.0078,0.06999421,1036 TOT_MORT
1036,TOT_MORT,0.0083,0.07153997,1036 TOT_MORT
1036,TOT_MORT,0.0089,0.0734293,1036 TOT_MORT
1036,TOT_MORT,0.0094,0.0750327,1036 TOT_MORT
1036,TOT_MORT,0.01,0.07699186,1036 TOT_MORT
1037,ALL_BUT_MORT,0.0,0.03727443,1037 ALL_BUT_MORT
1037,ALL_BUT_MORT,0.0,0.03727443,1037 ALL_BUT_MORT
1037,ALL_BUT_MORT,0.0,0.03727443,1037 ALL_BUT_MORT
1037,ALL_BUT_MORT,0.0,0.03727443,1037 ALL_BUT_MORT
1037,ALL_BUT_MORT,0.0,0.03727443,1037 ALL_BUT_MORT
1037,ALL_BUT_MORT,0.0001,0.04017968,1037 ALL_BUT_MORT
1037,ALL_BUT_MORT,0.0001,0.04017968,1037 ALL_BUT_MORT
1037,ALL_BUT_MORT,0.0001,0.04017968,1037 ALL_BUT_MORT
1037,ALL_BUT_MORT,0.0001,0.04017968,1037 ALL_BUT_MORT
1037,ALL_BUT_MORT,0.0001,0.04017968,1037 ALL_BUT_MORT
1037,ALL_BUT_MORT,0.0002,0.04326625,1037 ALL_BUT_MORT
1037,ALL_BUT_MORT,0.0003,0.04654152,1037 ALL_BUT_MORT
1037,ALL_BUT_MORT,0.0004,0.05001287,1037 ALL_BUT_MORT
1037,ALL_BUT_MORT,0.0005,0.05368763,1037 ALL_BUT_MORT
1037,ALL_BUT_MORT,0.0006,0.05757306,1037 ALL_BUT_MORT
1037,ALL_BUT_MORT,0.0007,0.0616763,1037 ALL_BUT_MORT
1037,ALL_BUT_MORT,0.0008,0.06600439,1037 ALL_BUT_MORT
1037,ALL_BUT_MORT,0.0009,0.07056417,1037 ALL_BUT_MORT
1037,ALL_BUT_MORT,0.001,0.07536229,1037 ALL_BUT_MORT
1037,ALL_BUT_MORT,0.0012,0.0856989,1037 ALL_BUT_MORT
1037,ALL_BUT_MORT,0.0013,0.09124935,1037 ALL_BUT_MORT
1037,ALL_BUT_MORT,0.0015,0.1031419,1037 ALL_BUT_MORT
1037,ALL_BUT_MORT,0.0017,0.11612176,1037 ALL_BUT_MORT
1037,ALL_BUT_MORT,0.0018,0.12302965,1037 ALL_BUT_MORT
1037,ALL_BUT_MORT,0.002,0.13769727,1037 ALL_BUT_MORT
1037,ALL_BUT_MORT,0.0022,0.15351522,1037 ALL_BUT_MORT
1037,ALL_BUT_MORT,0.0023,0.16185868,1037 ALL_BUT_MORT
1037,ALL_BUT_MORT,0.0025,0.17941496,1037 ALL_BUT_MORT
1037,ALL_BUT_MORT,0.0028,0.20790242,1037 ALL_BUT_MORT
1037,ALL_BUT_MORT,0.0031,0.23890014,1037 ALL_BUT_MORT
1037,ALL_BUT_MORT,0.0033,0.26089315,1037 ALL_BUT_MORT
1037,ALL_BUT_MORT,0.0036,0.2957311,1037 ALL_BUT_MORT
1037,ALL_BUT_MORT,0.0039,0.33256466,1037 ALL_BUT_MORT
1037,ALL_BUT_MORT,0.0042,0.37109056,1037 ALL_BUT_MORT
1037,ALL_BUT_MORT,0.0044,0.39754154,1037 ALL_BUT_MORT
1037,ALL_BUT_MORT,0.0047,0.43807969,1037 ALL_BUT_MORT
1037,ALL_BUT_MORT,0.005,0.4792788,1037 ALL_BUT_MORT
1037,ALL_BUT_MORT,0.0056,0.56190003,1037 ALL_BUT_MORT
1037,ALL_BUT_MORT,0.0061,0.62888999,1037 ALL_BUT_MORT
1037,ALL_BUT_MORT,0.0067,0.70425112,1037 ALL_BUT_MORT
1037,ALL_BUT_MORT,0.0072,0.7610839,1037 ALL_BUT_MORT
1037,ALL_BUT_MORT,0.0078,0.82057156,1037 ALL_BUT_MORT
1037,ALL_BUT_MORT,0.0083,0.8622914,1037 ALL_BUT_MORT
1037,ALL_BUT_MORT,0.0089,0.90292917,1037 ALL_BUT_MORT
1037,ALL_BUT_MORT,0.0094,0.92942888,1037 ALL_BUT_MORT
1037,ALL_BUT_MORT,0.01,0.95345346,1037 ALL_BUT_MORT
1037,ANY120,0.0,0.11022516,1037 ANY120
1037,ANY120,0.0,0.11022516,1037 ANY120
1037,ANY120,0.0,0.11022516,1037 ANY120
1037,ANY120,0.0,0.11022516,1037 ANY120
1037,ANY120,0.0,0.11022516,1037 ANY120
1037,ANY120,0.0001,0.11022517,1037 ANY120
1037,ANY120,0.0001,0.11022517,1037 ANY120
1037,ANY120,0.0001,0.11022517,1037 ANY120
1037,ANY120,0.0001,0.11022517,1037 ANY120
1037,ANY120,0.0001,0.11022517,1037 ANY120
1037,ANY120,0.0002,0.11022546,1037 ANY120
1037,ANY120,0.0003,0.11022801,1037 ANY120
1037,ANY120,0.0004,0.11023899,1037 ANY120
1037,ANY120,0.0005,0.11027116,1037 ANY120
1037,ANY120,0.0006,0.11034581,1037 ANY120
1037,ANY120,0.0007,0.11049372,1037 ANY120
1037,ANY120,0.0008,0.11075537,1037 ANY120
1037,ANY120,0.0009,0.11118033,1037 ANY120
1037,ANY120,0.001,0.11182608,1037 ANY120
1037,ANY120,0.0012,0.11403913,1037 ANY120
1037,ANY120,0.0013,0.1157447,1037 ANY120
1037,ANY120,0.0015,0.12070392,1037 ANY120
1037,ANY120,0.0017,0.12816404,1037 ANY120
1037,ANY120,0.0018,0.1329761,1037 ANY120
1037,ANY120,0.002,0.14498899,1037 ANY120
1037,ANY120,0.0022,0.16038492,1037 ANY120
1037,ANY120,0.0023,0.16939085,1037 ANY120
1037,ANY120,0.0025,0.19001597,1037 ANY120
1037,ANY120,0.0028,0.22722058,1037 ANY120
1037,ANY120,0.0031,0.27112816,1037 ANY120
1037,ANY120,0.0033,0.30348417,1037 ANY120
1037,ANY120,0.0036,0.35549539,1037 ANY120
1037,ANY120,0.0039,0.41021329,1037 ANY120
1037,ANY120,0.0042,0.46602308,1037 ANY120
1037,ANY120,0.0044,0.5031018,1037 ANY120
1037,ANY120,0.0047,0.55757132,1037 ANY120
1037,ANY120,0.005,0.60972039,1037 ANY120
1037,ANY120,0.0056,0.70404389,1037 ANY120
1037,ANY120,0.0061,0.77053562,1037 ANY120
1037,ANY120,0.0067,0.83518004,1037 ANY120
1037,ANY120,0.0072,0.87726492,1037 ANY120
1037,ANY120,0.0078,0.91558032,1037 ANY120
1037,ANY120,0.0083,0.93913886,1037 ANY120
1037,ANY120,0.0089,0.95957712,1037 ANY120
1037,ANY120,0.0094,0.97161447,1037 ANY120
1037,ANY120,0.01,0.98167877,1037 ANY120
1037,ANY24,0.0,0.08785382,1037 ANY24
1037,ANY24,0.0,0.08785382,1037 ANY24
1037,ANY24,0.0,0.08785382,1037 ANY24
1037,ANY24,0.0,0.08785382,1037 ANY24
1037,ANY24,0.0,0.08785382,1037 ANY24
1037,ANY24,0.0001,0.09016434,1037 ANY24
1037,ANY24,0.0001,0.09016434,1037 ANY24
1037,ANY24,0.0001,0.09016434,1037 ANY24
1037,ANY24,0.0001,0.09016434,1037 ANY24
1037,ANY24,0.0001,0.09016434,1037 ANY24
1037,ANY24,0.0002,0.09276137,1037 ANY24
1037,ANY24,0.0003,0.09547169,1037 ANY24
1037,ANY24,0.0004,0.09825411,1037 ANY24
1037,ANY24,0.0005,0.10108826,1037 ANY24
1037,ANY24,0.0006,0.10396181,1037 ANY24
1037,ANY24,0.0007,0.10686644,1037 ANY24
1037,ANY24,0.0008,0.10979612,1037 ANY24
1037,ANY24,0.0009,0.11274627,1037 ANY24
1037,ANY24,0.001,0.11571331,1037 ANY24
1037,ANY24,0.0012,0.12168694,1037 ANY24
1037,ANY24,0.0013,0.12468912,1037 ANY24
1037,ANY24,0.0015,0.13071559,1037 ANY24
1037,ANY24,0.0017,0.13676262,1037 ANY24
1037,ANY24,0.0018,0.1397911,1037 ANY24
1037,ANY24,0.002,0.1458535,1037 ANY24
1037,ANY24,0.0022,0.15191822,1037 ANY24
1037,ANY24,0.0023,0.15494987,1037 ANY24
1037,ANY24,0.0025,0.16100901,1037 ANY24
1037,ANY24,0.0028,0.17008055,1037 ANY24
1037,ANY24,0.0031,0.17912232,1037 ANY24
1037,ANY24,0.0033,0.18512944,1037 ANY24
1037,ANY24,0.0036,0.19410385,1037 ANY24
1037,ANY24,0.0039,0.20302959,1037 ANY24
1037,ANY24,0.0042,0.21190177,1037 ANY24
1037,ANY24,0.0044,0.21778477,1037 ANY24
1037,ANY24,0.0047,0.22655901,1037 ANY24
1037,ANY24,0.005,0.23527031,1037 ANY24
1037,ANY24,0.0056,0.25249432,1037 ANY24
1037,ANY24,0.0061,0.2666363,1037 ANY24
1037,ANY24,0.0067,0.28334308,1037 ANY24
1037,ANY24,0.0072,0.29704016,1037 ANY24
1037,ANY24,0.0078,0.31320144,1037 ANY24
1037,ANY24,0.0083,0.32643732,1037 ANY24
1037,ANY24,0.0089,0.34204028,1037 ANY24
1037,ANY24,0.0094,0.35480877,1037 ANY24
1037,ANY24,0.01,0.36985032,1037 ANY24
1037,AXIS,0.0,1e-05,1037 AXIS
1037,AXIS,0.0,1e-05,1037 AXIS
1037,AXIS,0.0,1e-05,1037 AXIS
1037,AXIS,0.0,1e-05,1037 AXIS
1037,AXIS,0.0,1e-05,1037 AXIS
1037,AXIS,0.0001,0.00140347,1037 AXIS
1037,AXIS,0.0001,0.00140347,1037 AXIS
1037,AXIS,0.0001,0.00140347,1037 AXIS
1037,AXIS,0.0001,0.00140347,1037 AXIS
1037,AXIS,0.0001,0.00140347,1037 AXIS
1037,AXIS,0.0002,0.00279499,1037 AXIS
1037,AXIS,0.0003,0.00418458,1037 AXIS
1037,AXIS,0.0004,0.00557223,1037 AXIS
1037,AXIS,0.0005,0.00695795,1037 AXIS
1037,AXIS,0.0006,0.00834173,1037 AXIS
1037,AXIS,0.0007,0.00972359,1037 AXIS
1037,AXIS,0.0008,0.01110352,1037 AXIS
1037,AXIS,0.0009,0.01248153,1037 AXIS
1037,AXIS,0.001,0.01385762,1037 AXIS
1037,AXIS,0.0012,0.01660404,1037 AXIS
1037,AXIS,0.0013,0.01797439,1037 AXIS
1037,AXIS,0.0015,0.02070935,1037 AXIS
1037,AXIS,0.0017,0.02343669,1037 AXIS
1037,AXIS,0.0018,0.02479752,1037 AXIS
1037,AXIS,0.002,0.02751347,1037 AXIS
1037,AXIS,0.0022,0.03022187,1037 AXIS
1037,AXIS,0.0023,0.03157324,1037 AXIS
1037,AXIS,0.0025,0.03427033,1037 AXIS
1037,AXIS,0.0028,0.03830188,1037 AXIS
1037,AXIS,0.0031,0.04231661,1037 AXIS
1037,AXIS,0.0033,0.04498377,1037 AXIS
1037,AXIS,0.0036,0.0489706,1037 AXIS
1037,AXIS,0.0039,0.05294079,1037 AXIS
1037,AXIS,0.0042,0.0568944,1037 AXIS
1037,AXIS,0.0044,0.05952097,1037 AXIS
1037,AXIS,0.0047,0.06344712,1037 AXIS
1037,AXIS,0.005,0.06735687,1037 AXIS
1037,AXIS,0.0056,0.07512748,1037 AXIS
1037,AXIS,0.0061,0.08155351,1037 AXIS
1037,AXIS,0.0067,0.08920583,1037 AXIS
1037,AXIS,0.0072,0.09553404,1037 AXIS
1037,AXIS,0.0078,0.10306989,1037 AXIS
1037,AXIS,0.0083,0.10930177,1037 AXIS
1037,AXIS,0.0089,0.1167229,1037 AXIS
1037,AXIS,0.0094,0.12285992,1037 AXIS
1037,AXIS,0.01,0.13016809,1037 AXIS
1037,BRN_,0.0,0.0311561,1037 BRN_
1037,BRN_,0.0,0.0311561,1037 BRN_
1037,BRN_,0.0,0.0311561,1037 BRN_
1037,BRN_,0.0,0.0311561,1037 BRN_
1037,BRN_,0.0,0.0311561,1037 BRN_
1037,BRN_,0.0001,0.0311561,1037 BRN_
1037,BRN_,0.0001,0.0311561,1037 BRN_
1037,BRN_,0.0001,0.0311561,1037 BRN_
1037,BRN_,0.0001,0.0311561,1037 BRN_
1037,BRN_,0.0001,0.0311561,1037 BRN_
1037,BRN_,0.0002,0.0311561,1037 BRN_
1037,BRN_,0.0003,0.0311561,1037 BRN_
1037,BRN_,0.0004,0.0311561,1037 BRN_
1037,BRN_,0.0005,0.0311561,1037 BRN_
1037,BRN_,0.0006,0.0311561,1037 BRN_
1037,BRN_,0.0007,0.0311561,1037 BRN_
1037,BRN_,0.0008,0.03115611,1037 BRN_
1037,BRN_,0.0009,0.03115612,1037 BRN_
1037,BRN_,0.001,0.03115615,1037 BRN_
1037,BRN_,0.0012,0.03115643,1037 BRN_
1037,BRN_,0.0013,0.03115686,1037 BRN_
1037,BRN_,0.0015,0.03115931,1037 BRN_
1037,BRN_,0.0017,0.03116708,1037 BRN_
1037,BRN_,0.0018,0.03117514,1037 BRN_
1037,BRN_,0.002,0.03120759,1037 BRN_
1037,BRN_,0.0022,0.03127975,1037 BRN_
1037,BRN_,0.0023,0.03134059,1037 BRN_
1037,BRN_,0.0025,0.03154082,1037 BRN_
1037,BRN_,0.0028,0.03216465,1037 BRN_
1037,BRN_,0.0031,0.03346391,1037 BRN_
1037,BRN_,0.0033,0.03492021,1037 BRN_
1037,BRN_,0.0036,0.03839973,1037 BRN_
1037,BRN_,0.0039,0.04400819,1037 BRN_
1037,BRN_,0.0042,0.05244265,1037 BRN_
1037,BRN_,0.0044,0.05997922,1037 BRN_
1037,BRN_,0.0047,0.07462393,1037 BRN_
1037,BRN_,0.005,0.09373274,1037 BRN_
1037,BRN_,0.0056,0.14650138,1037 BRN_
1037,BRN_,0.0061,0.20514201,1037 BRN_
1037,BRN_,0.0067,0.29031085,1037 BRN_
1037,BRN_,0.0072,0.36971627,1037 BRN_
1037,BRN_,0.0078,0.46911477,1037 BRN_
1037,BRN_,0.0083,0.55074441,1037 BRN_
1037,BRN_,0.0089,0.64235253,1037 BRN_
1037,BRN_,0.0094,0.7107042,1037 BRN_
1037,BRN_,0.01,0.78125623,1037 BRN_
1037,CRAN,0.0,0.01464896,1037 CRAN
1037,CRAN,0.0,0.01464896,1037 CRAN
1037,CRAN,0.0,0.01464896,1037 CRAN
1037,CRAN,0.0,0.01464896,1037 CRAN
1037,CRAN,0.0,0.01464896,1037 CRAN
1037,CRAN,0.0001,0.01464896,1037 CRAN
1037,CRAN,0.0001,0.01464896,1037 CRAN
1037,CRAN,0.0001,0.01464896,1037 CRAN
1037,CRAN,0.0001,0.01464896,1037 CRAN
1037,CRAN,0.0001,0.01464896,1037 CRAN
1037,CRAN,0.0002,0.01464896,1037 CRAN
1037,CRAN,0.0003,0.01464896,1037 CRAN
1037,CRAN,0.0004,0.01464896,1037 CRAN
1037,CRAN,0.0005,0.01464897,1037 CRAN
1037,CRAN,0.0006,0.01464899,1037 CRAN
1037,CRAN,0.0007,0.01464907,1037 CRAN
1037,CRAN,0.0008,0.0146493,1037 CRAN
1037,CRAN,0.0009,0.01464982,1037 CRAN
1037,CRAN,0.001,0.01465095,1037 CRAN
1037,CRAN,0.0012,0.01465723,1037 CRAN
1037,CRAN,0.0013,0.01466426,1037 CRAN
1037,CRAN,0.0015,0.01469404,1037 CRAN
1037,CRAN,0.0017,0.01476243,1037 CRAN
1037,CRAN,0.0018,0.01482061,1037 CRAN
1037,CRAN,0.002,0.01501206,1037 CRAN
1037,CRAN,0.0022,0.01535223,1037 CRAN
1037,CRAN,0.0023,0.01560063,1037 CRAN
1037,CRAN,0.0025,0.01630943,1037 CRAN
1037,CRAN,0.0028,0.01810273,1037 CRAN
1037,CRAN,0.0031,0.02114518,1037 CRAN
1037,CRAN,0.0033,0.02409918,1037 CRAN
1037,CRAN,0.0036,0.03028604,1037 CRAN
1037,CRAN,0.0039,0.03901365,1037 CRAN
1037,CRAN,0.0042,0.05072682,1037 CRAN
1037,CRAN,0.0044,0.06037792,1037 CRAN
1037,CRAN,0.0047,0.07782023,1037 CRAN
1037,CRAN,0.005,0.09895997,1037 CRAN
1037,CRAN,0.0056,0.15231412,1037 CRAN
1037,CRAN,0.0061,0.20714362,1037 CRAN
1037,CRAN,0.0067,0.28279191,1037 CRAN
1037,CRAN,0.0072,0.35130201,1037 CRAN
1037,CRAN,0.0078,0.4362651,1037 CRAN
1037,CRAN,0.0083,0.50651178,1037 CRAN
1037,CRAN,0.0089,0.58706097,1037 CRAN
1037,CRAN,0.0094,0.64923424,1037 CRAN
1037,CRAN,0.01,0.71637235,1037 CRAN
1037,EDEM,0.0,0.00810986,1037 EDEM
1037,EDEM,0.0,0.00810986,1037 EDEM
1037,EDEM,0.0,0.00810986,1037 EDEM
1037,EDEM,0.0,0.00810986,1037 EDEM
1037,EDEM,0.0,0.00810986,1037 EDEM
1037,EDEM,0.0001,0.00865096,1037 EDEM
1037,EDEM,0.0001,0.00865096,1037 EDEM
1037,EDEM,0.0001,0.00865096,1037 EDEM
1037,EDEM,0.0001,0.00865096,1037 EDEM
1037,EDEM,0.0001,0.00865096,1037 EDEM
1037,EDEM,0.0002,0.00922782,1037 EDEM
1037,EDEM,0.0003,0.00984276,1037 EDEM
1037,EDEM,0.0004,0.01049825,1037 EDEM
1037,EDEM,0.0005,0.0111969,1037 EDEM
1037,EDEM,0.0006,0.01194149,1037 EDEM
1037,EDEM,0.0007,0.01273495,1037 EDEM
1037,EDEM,0.0008,0.0135804,1037 EDEM
1037,EDEM,0.0009,0.01448116,1037 EDEM
1037,EDEM,0.001,0.01544074,1037 EDEM
1037,EDEM,0.0012,0.01755138,1037 EDEM
1037,EDEM,0.0013,0.01871053,1037 EDEM
1037,EDEM,0.0015,0.02125848,1037 EDEM
1037,EDEM,0.0017,0.02414487,1037 EDEM
1037,EDEM,0.0018,0.02572808,1037 EDEM
1037,EDEM,0.002,0.02920322,1037 EDEM
1037,EDEM,0.0022,0.03313179,1037 EDEM
1037,EDEM,0.0023,0.03528298,1037 EDEM
1037,EDEM,0.0025,0.03999573,1037 EDEM
1037,EDEM,0.0028,0.04821078,1037 EDEM
1037,EDEM,0.0031,0.05801122,1037 EDEM
1037,EDEM,0.0033,0.0655535,1037 EDEM
1037,EDEM,0.0036,0.07858833,1037 EDEM
1037,EDEM,0.0039,0.09395443,1037 EDEM
1037,EDEM,0.0042,0.11195993,1037 EDEM
1037,EDEM,0.0044,0.12558124,1037 EDEM
1037,EDEM,0.0047,0.14865332,1037 EDEM
1037,EDEM,0.005,0.17511536,1037 EDEM
1037,EDEM,0.0056,0.23885074,1037 EDEM
1037,EDEM,0.0061,0.30294409,1037 EDEM
1037,EDEM,0.0067,0.39114318,1037 EDEM
1037,EDEM,0.0072,0.47082414,1037 EDEM
1037,EDEM,0.0078,0.5680677,1037 EDEM
1037,EDEM,0.0083,0.64557509,1037 EDEM
1037,EDEM,0.0089,0.72917738,1037 EDEM
1037,EDEM,0.0094,0.78853649,1037 EDEM
1037,EDEM,0.01,0.84643821,1037 EDEM
1037,LTRK,0.0,0.0107283,1037 LTRK
1037,LTRK,0.0,0.0107283,1037 LTRK
1037,LTRK,0.0,0.0107283,1037 LTRK
1037,LTRK,0.0,0.0107283,1037 LTRK
1037,LTRK,0.0,0.0107283,1037 LTRK
1037,LTRK,0.0001,0.01074165,1037 LTRK
1037,LTRK,0.0001,0.01074165,1037 LTRK
1037,LTRK,0.0001,0.01074165,1037 LTRK
1037,LTRK,0.0001,0.01074165,1037 LTRK
1037,LTRK,0.0001,0.01074165,1037 LTRK
1037,LTRK,0.0002,0.0108111,1037 LTRK
1037,LTRK,0.0003,0.01096728,1037 LTRK
1037,LTRK,0.0004,0.01123263,1037 LTRK
1037,LTRK,0.0005,0.0116248,1037 LTRK
1037,LTRK,0.0006,0.01215807,1037 LTRK
1037,LTRK,0.0007,0.01284406,1037 LTRK
1037,LTRK,0.0008,0.01369223,1037 LTRK
1037,LTRK,0.0009,0.01471027,1037 LTRK
1037,LTRK,0.001,0.01590432,1037 LTRK
1037,LTRK,0.0012,0.0188386,1037 LTRK
1037,LTRK,0.0013,0.02058514,1037 LTRK
1037,LTRK,0.0015,0.02464591,1037 LTRK
1037,LTRK,0.0017,0.02946651,1037 LTRK
1037,LTRK,0.0018,0.03216049,1037 LTRK
1037,LTRK,0.002,0.03810863,1037 LTRK
1037,LTRK,0.0022,0.04478918,1037 LTRK
1037,LTRK,0.0023,0.04839733,1037 LTRK
1037,LTRK,0.0025,0.05613328,1037 LTRK
1037,LTRK,0.0028,0.0689811,1037 LTRK
1037,LTRK,0.0031,0.0832242,1037 LTRK
1037,LTRK,0.0033,0.0934366,1037 LTRK
1037,LTRK,0.0036,0.10973941,1037 LTRK
1037,LTRK,0.0039,0.12711151,1037 LTRK
1037,LTRK,0.0042,0.14542694,1037 LTRK
1037,LTRK,0.0044,0.15809984,1037 LTRK
1037,LTRK,0.0047,0.17771308,1037 LTRK
1037,LTRK,0.005,0.19794654,1037 LTRK
1037,LTRK,0.0056,0.23982914,1037 LTRK
1037,LTRK,0.0061,0.27568568,1037 LTRK
1037,LTRK,0.0067,0.31922448,1037 LTRK
1037,LTRK,0.0072,0.35550218,1037 LTRK
1037,LTRK,0.0078,0.3985647,1037 LTRK
1037,LTRK,0.0083,0.4337551,1037 LTRK
1037,LTRK,0.0089,0.4748363,1037 LTRK
1037,LTRK,0.0094,0.50792059,1037 LTRK
1037,LTRK,0.01,0.54605288,1037 LTRK
1037,MO24,,,1037 MO24
1037,NC24,,,1037 NC24
1037,TOT_MORT,,,1037 TOT_MORT
1038,ALL_BUT_MORT,0.0,0.0349209,1038 ALL_BUT_MORT
1038,ALL_BUT_MORT,0.0,0.0349209,1038 ALL_BUT_MORT
1038,ALL_BUT_MORT,0.0,0.0349209,1038 ALL_BUT_MORT
1038,ALL_BUT_MORT,0.0,0.0349209,1038 ALL_BUT_MORT
1038,ALL_BUT_MORT,0.0,0.0349209,1038 ALL_BUT_MORT
1038,ALL_BUT_MORT,0.0001,0.03677558,1038 ALL_BUT_MORT
1038,ALL_BUT_MORT,0.0001,0.03677558,1038 ALL_BUT_MORT
1038,ALL_BUT_MORT,0.0001,0.03677558,1038 ALL_BUT_MORT
1038,ALL_BUT_MORT,0.0001,0.03677558,1038 ALL_BUT_MORT
1038,ALL_BUT_MORT,0.0001,0.03677558,1038 ALL_BUT_MORT
1038,ALL_BUT_MORT,0.0002,0.03862669,1038 ALL_BUT_MORT
1038,ALL_BUT_MORT,0.0003,0.04047425,1038 ALL_BUT_MORT
1038,ALL_BUT_MORT,0.0004,0.04231826,1038 ALL_BUT_MORT
1038,ALL_BUT_MORT,0.0005,0.04415872,1038 ALL_BUT_MORT
1038,ALL_BUT_MORT,0.0006,0.04599565,1038 ALL_BUT_MORT
1038,ALL_BUT_MORT,0.0007,0.04782905,1038 ALL_BUT_MORT
1038,ALL_BUT_MORT,0.0008,0.04965892,1038 ALL_BUT_MORT
1038,ALL_BUT_MORT,0.0009,0.05148528,1038 ALL_BUT_MORT
1038,ALL_BUT_MORT,0.001,0.05330812,1038 ALL_BUT_MORT
1038,ALL_BUT_MORT,0.0012,0.05694332,1038 ALL_BUT_MORT
1038,ALL_BUT_MORT,0.0013,0.05875567,1038 ALL_BUT_MORT
1038,ALL_BUT_MORT,0.0015,0.06236995,1038 ALL_BUT_MORT
1038,ALL_BUT_MORT,0.0017,0.06597034,1038 ALL_BUT_MORT
1038,ALL_BUT_MORT,0.0018,0.06776535,1038 ALL_BUT_MORT
1038,ALL_BUT_MORT,0.002,0.07134503,1038 ALL_BUT_MORT
1038,ALL_BUT_MORT,0.0022,0.07491096,1038 ALL_BUT_MORT
1038,ALL_BUT_MORT,0.0023,0.07668879,1038 ALL_BUT_MORT
1038,ALL_BUT_MORT,0.0025,0.0802342,1038 ALL_BUT_MORT
1038,ALL_BUT_MORT,0.0028,0.08552681,1038 ALL_BUT_MORT
1038,ALL_BUT_MORT,0.0031,0.09078896,1038 ALL_BUT_MORT
1038,ALL_BUT_MORT,0.0033,0.09428023,1038 ALL_BUT_MORT
1038,ALL_BUT_MORT,0.0036,0.09949202,1038 ALL_BUT_MORT
1038,ALL_BUT_MORT,0.0039,0.10467381,1038 ALL_BUT_MORT
1038,ALL_BUT_MORT,0.0042,0.10982578,1038 ALL_BUT_MORT
1038,ALL_BUT_MORT,0.0044,0.11324395,1038 ALL_BUT_MORT
1038,ALL_BUT_MORT,0.0047,0.11834661,1038 ALL_BUT_MORT
1038,ALL_BUT_MORT,0.005,0.12341991,1038 ALL_BUT_MORT
1038,ALL_BUT_MORT,0.0056,0.1334791,1038 ALL_BUT_MORT
1038,ALL_BUT_MORT,0.0061,0.14177352,1038 ALL_BUT_MORT
1038,ALL_BUT_MORT,0.0067,0.15162208,1038 ALL_BUT_MORT
1038,ALL_BUT_MORT,0.0072,0.15974284,1038 ALL_BUT_MORT
1038,ALL_BUT_MORT,0.0078,0.1693852,1038 ALL_BUT_MORT
1038,ALL_BUT_MORT,0.0083,0.17733592,1038 ALL_BUT_MORT
1038,ALL_BUT_MORT,0.0089,0.18677639,1038 ALL_BUT_MORT
1038,ALL_BUT_MORT,0.0094,0.19456064,1038 ALL_BUT_MORT
1038,ALL_BUT_MORT,0.01,0.20380345,1038 ALL_BUT_MORT
1038,ANY120,0.0,0.08726646,1038 ANY120
1038,ANY120,0.0,0.08726646,1038 ANY120
1038,ANY120,0.0,0.08726646,1038 ANY120
1038,ANY120,0.0,0.08726646,1038 ANY120
1038,ANY120,0.0,0.08726646,1038 ANY120
1038,ANY120,0.0001,0.08726646,1038 ANY120
1038,ANY120,0.0001,0.08726646,1038 ANY120
1038,ANY120,0.0001,0.08726646,1038 ANY120
1038,ANY120,0.0001,0.08726646,1038 ANY120
1038,ANY120,0.0001,0.08726646,1038 ANY120
1038,ANY120,0.0002,0.08726646,1038 ANY120
1038,ANY120,0.0003,0.08726646,1038 ANY120
1038,ANY120,0.0004,0.08726646,1038 ANY120
1038,ANY120,0.0005,0.08726646,1038 ANY120
1038,ANY120,0.0006,0.08726646,1038 ANY120
1038,ANY120,0.0007,0.08726646,1038 ANY120
1038,ANY120,0.0008,0.08726646,1038 ANY120
1038,ANY120,0.0009,0.08726646,1038 ANY120
1038,ANY120,0.001,0.08726646,1038 ANY120
1038,ANY120,0.0012,0.08726646,1038 ANY120
1038,ANY120,0.0013,0.08726646,1038 ANY120
1038,ANY120,0.0015,0.08726646,1038 ANY120
1038,ANY120,0.0017,0.08726647,1038 ANY120
1038,ANY120,0.0018,0.08726648,1038 ANY120
1038,ANY120,0.002,0.08726654,1038 ANY120
1038,ANY120,0.0022,0.08726676,1038 ANY120
1038,ANY120,0.0023,0.08726702,1038 ANY120
1038,ANY120,0.0025,0.08726824,1038 ANY120
1038,ANY120,0.0028,0.08727462,1038 ANY120
1038,ANY120,0.0031,0.08729683,1038 ANY120
1038,ANY120,0.0033,0.0873328,1038 ANY120
1038,ANY120,0.0036,0.08745627,1038 ANY120
1038,ANY120,0.0039,0.08774619,1038 ANY120
1038,ANY120,0.0042,0.08835773,1038 ANY120
1038,ANY120,0.0044,0.08906006,1038 ANY120
1038,ANY120,0.0047,0.09079949,1038 ANY120
1038,ANY120,0.005,0.09374424,1038 ANY120
1038,ANY120,0.0056,0.10542237,1038 ANY120
1038,ANY120,0.0061,0.12400252,1038 ANY120
1038,ANY120,0.0067,0.16093586,1038 ANY120
1038,ANY120,0.0072,0.20585995,1038 ANY120
1038,ANY120,0.0078,0.2766793,1038 ANY120
1038,ANY120,0.0083,0.34755137,1038 ANY120
1038,ANY120,0.0089,0.44176854,1038 ANY120
1038,ANY120,0.0094,0.52308074,1038 ANY120
1038,ANY120,0.01,0.61795506,1038 ANY120
1038,ANY24,0.0,0.08735807,1038 ANY24
1038,ANY24,0.0,0.08735807,1038 ANY24
1038,ANY24,0.0,0.08735807,1038 ANY24
1038,ANY24,0.0,0.08735807,1038 ANY24
1038,ANY24,0.0,0.08735807,1038 ANY24
1038,ANY24,0.0001,0.08735807,1038 ANY24
1038,ANY24,0.0001,0.08735807,1038 ANY24
1038,ANY24,0.0001,0.08735807,1038 ANY24
1038,ANY24,0.0001,0.08735807,1038 ANY24
1038,ANY24,0.0001,0.08735807,1038 ANY24
1038,ANY24,0.0002,0.08735807,1038 ANY24
1038,ANY24,0.0003,0.08735807,1038 ANY24
1038,ANY24,0.0004,0.08735807,1038 ANY24
1038,ANY24,0.0005,0.08735807,1038 ANY24
1038,ANY24,0.0006,0.08735807,1038 ANY24
1038,ANY24,0.0007,0.08735807,1038 ANY24
1038,ANY24,0.0008,0.08735807,1038 ANY24
1038,ANY24,0.0009,0.08735807,1038 ANY24
1038,ANY24,0.001,0.08735807,1038 ANY24
1038,ANY24,0.0012,0.08735807,1038 ANY24
1038,ANY24,0.0013,0.08735807,1038 ANY24
1038,ANY24,0.0015,0.08735807,1038 ANY24
1038,ANY24,0.0017,0.08735807,1038 ANY24
1038,ANY24,0.0018,0.08735808,1038 ANY24
1038,ANY24,0.002,0.08735811,1038 ANY24
1038,ANY24,0.0022,0.08735824,1038 ANY24
1038,ANY24,0.0023,0.08735839,1038 ANY24
1038,ANY24,0.0025,0.08735911,1038 ANY24
1038,ANY24,0.0028,0.0873629,1038 ANY24
1038,ANY24,0.0031,0.08737642,1038 ANY24
1038,ANY24,0.0033,0.08739868,1038 ANY24
1038,ANY24,0.0036,0.08747651,1038 ANY24
1038,ANY24,0.0039,0.08766322,1038 ANY24
1038,ANY24,0.0042,0.08806556,1038 ANY24
1038,ANY24,0.0044,0.08853565,1038 ANY24
1038,ANY24,0.0047,0.08972157,1038 ANY24
1038,ANY24,0.005,0.09177272,1038 ANY24
1038,ANY24,0.0056,0.10019122,1038 ANY24
1038,ANY24,0.0061,0.1141061,1038 ANY24
1038,ANY24,0.0067,0.14288479,1038 ANY24
1038,ANY24,0.0072,0.17926839,1038 ANY24
1038,ANY24,0.0078,0.23893552,1038 ANY24
1038,ANY24,0.0083,0.301019,1038 ANY24
1038,ANY24,0.0089,0.38686774,1038 ANY24
1038,ANY24,0.0094,0.46391949,1038 ANY24
1038,ANY24,0.01,0.55742426,1038 ANY24
1038,AXIS,0.0,0.00181725,1038 AXIS
1038,AXIS,0.0,0.00181725,1038 AXIS
1038,AXIS,0.0,0.00181725,1038 AXIS
1038,AXIS,0.0,0.00181725,1038 AXIS
1038,AXIS,0.0,0.00181725,1038 AXIS
1038,AXIS,0.0001,0.00262161,1038 AXIS
1038,AXIS,0.0001,0.00262161,1038 AXIS
1038,AXIS,0.0001,0.00262161,1038 AXIS
1038,AXIS,0.0001,0.00262161,1038 AXIS
1038,AXIS,0.0001,0.00262161,1038 AXIS
1038,AXIS,0.0002,0.00342532,1038 AXIS
1038,AXIS,0.0003,0.00422839,1038 AXIS
1038,AXIS,0.0004,0.0050308,1038 AXIS
1038,AXIS,0.0005,0.00583257,1038 AXIS
1038,AXIS,0.0006,0.0066337,1038 AXIS
1038,AXIS,0.0007,0.00743418,1038 AXIS
1038,AXIS,0.0008,0.00823401,1038 AXIS
1038,AXIS,0.0009,0.0090332,1038 AXIS
1038,AXIS,0.001,0.00983175,1038 AXIS
1038,AXIS,0.0012,0.01142691,1038 AXIS
1038,AXIS,0.0013,0.01222352,1038 AXIS
1038,AXIS,0.0015,0.01381483,1038 AXIS
1038,AXIS,0.0017,0.01540357,1038 AXIS
1038,AXIS,0.0018,0.01619698,1038 AXIS
1038,AXIS,0.002,0.01778189,1038 AXIS
1038,AXIS,0.0022,0.01936424,1038 AXIS
1038,AXIS,0.0023,0.02015446,1038 AXIS
1038,AXIS,0.0025,0.02173299,1038 AXIS
1038,AXIS,0.0028,0.02409602,1038 AXIS
1038,AXIS,0.0031,0.02645334,1038 AXIS
1038,AXIS,0.0033,0.02802173,1038 AXIS
1038,AXIS,0.0036,0.03036956,1038 AXIS
1038,AXIS,0.0039,0.03271173,1038 AXIS
1038,AXIS,0.0042,0.03504824,1038 AXIS
1038,AXIS,0.0044,0.03660278,1038 AXIS
1038,AXIS,0.0047,0.03892989,1038 AXIS
1038,AXIS,0.005,0.04125138,1038 AXIS
1038,AXIS,0.0056,0.04587755,1038 AXIS
1038,AXIS,0.0061,0.04971563,1038 AXIS
1038,AXIS,0.0067,0.05430096,1038 AXIS
1038,AXIS,0.0072,0.05810516,1038 AXIS
1038,AXIS,0.0078,0.06265001,1038 AXIS
1038,AXIS,0.0083,0.06642062,1038 AXIS
1038,AXIS,0.0089,0.07092534,1038 AXIS
1038,AXIS,0.0094,0.07466267,1038 AXIS
1038,AXIS,0.01,0.07912762,1038 AXIS
1038,BRN_,0.0,1e-05,1038 BRN_
1038,BRN_,0.0,1e-05,1038 BRN_
1038,BRN_,0.0,1e-05,1038 BRN_
1038,BRN_,0.0,1e-05,1038 BRN_
1038,BRN_,0.0,1e-05,1038 BRN_
1038,BRN_,0.0001,0.00028348,1038 BRN_
1038,BRN_,0.0001,0.00028348,1038 BRN_
1038,BRN_,0.0001,0.00028348,1038 BRN_
1038,BRN_,0.0001,0.00028348,1038 BRN_
1038,BRN_,0.0001,0.00028348,1038 BRN_
1038,BRN_,0.0002,0.00067735,1038 BRN_
1038,BRN_,0.0003,0.00113433,1038 BRN_
1038,BRN_,0.0004,0.00163759,1038 BRN_
1038,BRN_,0.0005,0.00217816,1038 BRN_
1038,BRN_,0.0006,0.00275028,1038 BRN_
1038,BRN_,0.0007,0.00334991,1038 BRN_
1038,BRN_,0.0008,0.003974,1038 BRN_
1038,BRN_,0.0009,0.00462016,1038 BRN_
1038,BRN_,0.001,0.00528646,1038 BRN_
1038,BRN_,0.0012,0.00667332,1038 BRN_
1038,BRN_,0.0013,0.00739136,1038 BRN_
1038,BRN_,0.0015,0.00887155,1038 BRN_
1038,BRN_,0.0017,0.01040509,1038 BRN_
1038,BRN_,0.0018,0.01119012,1038 BRN_
1038,BRN_,0.002,0.01279378,1038 BRN_
1038,BRN_,0.0022,0.01443886,1038 BRN_
1038,BRN_,0.0023,0.01527583,1038 BRN_
1038,BRN_,0.0025,0.01697667,1038 BRN_
1038,BRN_,0.0028,0.01959005,1038 BRN_
1038,BRN_,0.0031,0.02227083,1038 BRN_
1038,BRN_,0.0033,0.02409202,1038 BRN_
1038,BRN_,0.0036,0.02687033,1038 BRN_
1038,BRN_,0.0039,0.02969975,1038 BRN_
1038,BRN_,0.0042,0.03257556,1038 BRN_
1038,BRN_,0.0044,0.03451645,1038 BRN_
1038,BRN_,0.0047,0.03746049,1038 BRN_
1038,BRN_,0.005,0.04044072,1038 BRN_
1038,BRN_,0.0056,0.04649735,1038 BRN_
1038,BRN_,0.0061,0.05162961,1038 BRN_
1038,BRN_,0.0067,0.05787407,1038 BRN_
1038,BRN_,0.0072,0.06313814,1038 BRN_
1038,BRN_,0.0078,0.06951508,1038 BRN_
1038,BRN_,0.0083,0.07487066,1038 BRN_
1038,BRN_,0.0089,0.08133741,1038 BRN_
1038,BRN_,0.0094,0.08675293,1038 BRN_
1038,BRN_,0.01,0.09327565,1038 BRN_
1038,CRAN,0.0,0.00248125,1038 CRAN
1038,CRAN,0.0,0.00248125,1038 CRAN
1038,CRAN,0.0,0.00248125,1038 CRAN
1038,CRAN,0.0,0.00248125,1038 CRAN
1038,CRAN,0.0,0.00248125,1038 CRAN
1038,CRAN,0.0001,0.00343701,1038 CRAN
1038,CRAN,0.0001,0.00343701,1038 CRAN
1038,CRAN,0.0001,0.00343701,1038 CRAN
1038,CRAN,0.0001,0.00343701,1038 CRAN
1038,CRAN,0.0001,0.00343701,1038 CRAN
1038,CRAN,0.0002,0.00439185,1038 CRAN
1038,CRAN,0.0003,0.00534578,1038 CRAN
1038,CRAN,0.0004,0.00629879,1038 CRAN
1038,CRAN,0.0005,0.00725089,1038 CRAN
1038,CRAN,0.0006,0.00820208,1038 CRAN
1038,CRAN,0.0007,0.00915236,1038 CRAN
1038,CRAN,0.0008,0.01010172,1038 CRAN
1038,CRAN,0.0009,0.01105018,1038 CRAN
1038,CRAN,0.001,0.01199773,1038 CRAN
1038,CRAN,0.0012,0.0138901,1038 CRAN
1038,CRAN,0.0013,0.01483493,1038 CRAN
1038,CRAN,0.0015,0.01672186,1038 CRAN
1038,CRAN,0.0017,0.01860519,1038 CRAN
1038,CRAN,0.0018,0.0195455,1038 CRAN
1038,CRAN,0.002,0.02142341,1038 CRAN
1038,CRAN,0.0022,0.02329773,1038 CRAN
1038,CRAN,0.0023,0.02423354,1038 CRAN
1038,CRAN,0.0025,0.02610248,1038 CRAN
1038,CRAN,0.0028,0.02889918,1038 CRAN
1038,CRAN,0.0031,0.03168784,1038 CRAN
1038,CRAN,0.0033,0.0335425,1038 CRAN
1038,CRAN,0.0036,0.03631783,1038 CRAN
1038,CRAN,0.0039,0.03908519,1038 CRAN
1038,CRAN,0.0042,0.0418446,1038 CRAN
1038,CRAN,0.0044,0.04367981,1038 CRAN
1038,CRAN,0.0047,0.04642603,1038 CRAN
1038,CRAN,0.005,0.04916436,1038 CRAN
1038,CRAN,0.0056,0.05461746,1038 CRAN
1038,CRAN,0.0061,0.05913781,1038 CRAN
1038,CRAN,0.0067,0.06453371,1038 CRAN
1038,CRAN,0.0072,0.06900665,1038 CRAN
1038,CRAN,0.0078,0.07434595,1038 CRAN
1038,CRAN,0.0083,0.07877197,1038 CRAN
1038,CRAN,0.0089,0.08405526,1038 CRAN
1038,CRAN,0.0094,0.08843486,1038 CRAN
1038,CRAN,0.01,0.09366274,1038 CRAN
1038,EDEM,0.0,1e-05,1038 EDEM
1038,EDEM,0.0,1e-05,1038 EDEM
1038,EDEM,0.0,1e-05,1038 EDEM
1038,EDEM,0.0,1e-05,1038 EDEM
1038,EDEM,0.0,1e-05,1038 EDEM
1038,EDEM,0.0001,0.00161162,1038 EDEM
1038,EDEM,0.0001,0.00161162,1038 EDEM
1038,EDEM,0.0001,0.00161162,1038 EDEM
1038,EDEM,0.0001,0.00161162,1038 EDEM
1038,EDEM,0.0001,0.00161162,1038 EDEM
1038,EDEM,0.0002,0.00321068,1038 EDEM
1038,EDEM,0.0003,0.00480717,1038 EDEM
1038,EDEM,0.0004,0.00640111,1038 EDEM
1038,EDEM,0.0005,0.00799249,1038 EDEM
1038,EDEM,0.0006,0.00958133,1038 EDEM
1038,EDEM,0.0007,0.01116762,1038 EDEM
1038,EDEM,0.0008,0.01275137,1038 EDEM
1038,EDEM,0.0009,0.01433258,1038 EDEM
1038,EDEM,0.001,0.01591126,1038 EDEM
1038,EDEM,0.0012,0.01906104,1038 EDEM
1038,EDEM,0.0013,0.02063215,1038 EDEM
1038,EDEM,0.0015,0.02376682,1038 EDEM
1038,EDEM,0.0017,0.02689146,1038 EDEM
1038,EDEM,0.0018,0.02845003,1038 EDEM
1038,EDEM,0.002,0.03155967,1038 EDEM
1038,EDEM,0.0022,0.03465937,1038 EDEM
1038,EDEM,0.0023,0.03620549,1038 EDEM
1038,EDEM,0.0025,0.03929032,1038 EDEM
1038,EDEM,0.0028,0.04389905,1038 EDEM
1038,EDEM,0.0031,0.04848568,1038 EDEM
1038,EDEM,0.0033,0.0515312,1038 EDEM
1038,EDEM,0.0036,0.05608121,1038 EDEM
1038,EDEM,0.0039,0.06060939,1038 EDEM
1038,EDEM,0.0042,0.06511586,1038 EDEM
1038,EDEM,0.0044,0.06810815,1038 EDEM
1038,EDEM,0.0047,0.07257864,1038 EDEM
1038,EDEM,0.005,0.07702768,1038 EDEM
1038,EDEM,0.0056,0.08586184,1038 EDEM
1038,EDEM,0.0061,0.09315901,1038 EDEM
1038,EDEM,0.0067,0.10183877,1038 EDEM
1038,EDEM,0.0072,0.10900841,1038 EDEM
1038,EDEM,0.0078,0.11753647,1038 EDEM
1038,EDEM,0.0083,0.12458079,1038 EDEM
1038,EDEM,0.0089,0.1329598,1038 EDEM
1038,EDEM,0.0094,0.13988101,1038 EDEM
1038,EDEM,0.01,0.14811358,1038 EDEM
1038,LTRK,0.0,1e-05,1038 LTRK
1038,LTRK,0.0,1e-05,1038 LTRK
1038,LTRK,0.0,1e-05,1038 LTRK
1038,LTRK,0.0,1e-05,1038 LTRK
1038,LTRK,0.0,1e-05,1038 LTRK
1038,LTRK,0.0001,0.00029156,1038 LTRK
1038,LTRK,0.0001,0.00029156,1038 LTRK
1038,LTRK,0.0001,0.00029156,1038 LTRK
1038,LTRK,0.0001,0.00029156,1038 LTRK
1038,LTRK,0.0001,0.00029156,1038 LTRK
1038,LTRK,0.0002,0.00063493,1038 LTRK
1038,LTRK,0.0003,0.00100612,1038 LTRK
1038,LTRK,0.0004,0.00139649,1038 LTRK
1038,LTRK,0.0005,0.00180168,1038 LTRK
1038,LTRK,0.0006,0.00221901,1038 LTRK
1038,LTRK,0.0007,0.00264665,1038 LTRK
1038,LTRK,0.0008,0.00308324,1038 LTRK
1038,LTRK,0.0009,0.00352777,1038 LTRK
1038,LTRK,0.001,0.00397941,1038 LTRK
1038,LTRK,0.0012,0.0049015,1038 LTRK
1038,LTRK,0.0013,0.00537093,1038 LTRK
1038,LTRK,0.0015,0.00632453,1038 LTRK
1038,LTRK,0.0017,0.00729567,1038 LTRK
1038,LTRK,0.0018,0.00778714,1038 LTRK
1038,LTRK,0.002,0.00878083,1038 LTRK
1038,LTRK,0.0022,0.00978761,1038 LTRK
1038,LTRK,0.0023,0.0102955,1038 LTRK
1038,LTRK,0.0025,0.0113196,1038 LTRK
1038,LTRK,0.0028,0.01287476,1038 LTRK
1038,LTRK,0.0031,0.01445029,1038 LTRK
1038,LTRK,0.0033,0.0155108,1038 LTRK
1038,LTRK,0.0036,0.01711532,1038 LTRK
1038,LTRK,0.0039,0.01873483,1038 LTRK
1038,LTRK,0.0042,0.02036783,1038 LTRK
1038,LTRK,0.0044,0.02146334,1038 LTRK
1038,LTRK,0.0047,0.02311598,1038 LTRK
1038,LTRK,0.005,0.02477897,1038 LTRK
1038,LTRK,0.0056,0.02813226,1038 LTRK
1038,LTRK,0.0061,0.03095071,1038 LTRK
1038,LTRK,0.0067,0.03435699,1038 LTRK
1038,LTRK,0.0072,0.03721254,1038 LTRK
1038,LTRK,0.0078,0.04065614,1038 LTRK
1038,LTRK,0.0083,0.04353758,1038 LTRK
1038,LTRK,0.0089,0.04700679,1038 LTRK
1038,LTRK,0.0094,0.04990554,1038 LTRK
1038,LTRK,0.01,0.05339126,1038 LTRK
1038,MO24,0.0,0.03124604,1038 MO24
1038,MO24,0.0,0.03124604,1038 MO24
1038,MO24,0.0,0.03124604,1038 MO24
1038,MO24,0.0,0.03124604,1038 MO24
1038,MO24,0.0,0.03124604,1038 MO24
1038,MO24,0.0001,0.03124604,1038 MO24
1038,MO24,0.0001,0.03124604,1038 MO24
1038,MO24,0.0001,0.03124604,1038 MO24
1038,MO24,0.0001,0.03124604,1038 MO24
1038,MO24,0.0001,0.03124604,1038 MO24
1038,MO24,0.0002,0.03124604,1038 MO24
1038,MO24,0.0003,0.03124604,1038 MO24
1038,MO24,0.0004,0.03124604,1038 MO24
1038,MO24,0.0005,0.03124604,1038 MO24
1038,MO24,0.0006,0.03124604,1038 MO24
1038,MO24,0.0007,0.03124604,1038 MO24
1038,MO24,0.0008,0.03124604,1038 MO24
1038,MO24,0.0009,0.03124604,1038 MO24
1038,MO24,0.001,0.03124604,1038 MO24
1038,MO24,0.0012,0.03124604,1038 MO24
1038,MO24,0.0013,0.03124604,1038 MO24
1038,MO24,0.0015,0.03124604,1038 MO24
1038,MO24,0.0017,0.03124604,1038 MO24
1038,MO24,0.0018,0.03124604,1038 MO24
1038,MO24,0.002,0.03124604,1038 MO24
1038,MO24,0.0022,0.03124604,1038 MO24
1038,MO24,0.0023,0.03124604,1038 MO24
1038,MO24,0.0025,0.03124604,1038 MO24
1038,MO24,0.0028,0.03124604,1038 MO24
1038,MO24,0.0031,0.03124604,1038 MO24
1038,MO24,0.0033,0.03124604,1038 MO24
1038,MO24,0.0036,0.03124604,1038 MO24
1038,MO24,0.0039,0.03124604,1038 MO24
1038,MO24,0.0042,0.03124604,1038 MO24
1038,MO24,0.0044,0.03124604,1038 MO24
1038,MO24,0.0047,0.03124605,1038 MO24
1038,MO24,0.005,0.03124609,1038 MO24
1038,MO24,0.0056,0.0312468,1038 MO24
1038,MO24,0.0061,0.03125161,1038 MO24
1038,MO24,0.0067,0.03129517,1038 MO24
1038,MO24,0.0072,0.03150695,1038 MO24
1038,MO24,0.0078,0.03291472,1038 MO24
1038,MO24,0.0083,0.03826071,1038 MO24
1038,MO24,0.0089,0.06565873,1038 MO24
1038,MO24,0.0094,0.14338071,1038 MO24
1038,MO24,0.01,0.37502139,1038 MO24
1038,NC24,,,1038 NC24
1038,TOT_MORT,,,1038 TOT_MORT
1514,ALL_BUT_MORT,,,1514 ALL_BUT_MORT
1514,ANY120,,,1514 ANY120
1514,ANY24,0.0,0.0529928,1514 ANY24
1514,ANY24,0.0,0.0529928,1514 ANY24
1514,ANY24,0.0,0.0529928,1514 ANY24
1514,ANY24,0.0,0.0529928,1514 ANY24
1514,ANY24,0.0,0.0529928,1514 ANY24
1514,ANY24,0.0001,0.05313216,1514 ANY24
1514,ANY24,0.0001,0.05313216,1514 ANY24
1514,ANY24,0.0001,0.05313216,1514 ANY24
1514,ANY24,0.0001,0.05313216,1514 ANY24
1514,ANY24,0.0001,0.05313216,1514 ANY24
1514,ANY24,0.0002,0.05327151,1514 ANY24
1514,ANY24,0.0003,0.05341083,1514 ANY24
1514,ANY24,0.0004,0.05355013,1514 ANY24
1514,ANY24,0.0005,0.05368941,1514 ANY24
1514,ANY24,0.0006,0.05382868,1514 ANY24
1514,ANY24,0.0007,0.05396792,1514 ANY24
1514,ANY24,0.0008,0.05410714,1514 ANY24
1514,ANY24,0.0009,0.05424634,1514 ANY24
1514,ANY24,0.001,0.05438552,1514 ANY24
1514,ANY24,0.0012,0.05466381,1514 ANY24
1514,ANY24,0.0013,0.05480293,1514 ANY24
1514,ANY24,0.0015,0.05508111,1514 ANY24
1514,ANY24,0.0017,0.0553592,1514 ANY24
1514,ANY24,0.0018,0.05549821,1514 ANY24
1514,ANY24,0.002,0.05577618,1514 ANY24
1514,ANY24,0.0022,0.05605407,1514 ANY24
1514,ANY24,0.0023,0.05619298,1514 ANY24
1514,ANY24,0.0025,0.05647075,1514 ANY24
1514,ANY24,0.0028,0.05688724,1514 ANY24
1514,ANY24,0.0031,0.05730356,1514 ANY24
1514,ANY24,0.0033,0.05758099,1514 ANY24
1514,ANY24,0.0036,0.057997,1514 ANY24
1514,ANY24,0.0039,0.05841282,1514 ANY24
1514,ANY24,0.0042,0.05882846,1514 ANY24
1514,ANY24,0.0044,0.05910545,1514 ANY24
1514,ANY24,0.0047,0.05952078,1514 ANY24
1514,ANY24,0.005,0.05993593,1514 ANY24
1514,ANY24,0.0056,0.06076567,1514 ANY24
1514,ANY24,0.0061,0.06145657,1514 ANY24
1514,ANY24,0.0067,0.06228498,1514 ANY24
1514,ANY24,0.0072,0.06297475,1514 ANY24
1514,ANY24,0.0078,0.06380182,1514 ANY24
1514,ANY24,0.0083,0.06449048,1514 ANY24
1514,ANY24,0.0089,0.06531621,1514 ANY24
1514,ANY24,0.0094,0.06600376,1514 ANY24
1514,ANY24,0.01,0.06682815,1514 ANY24
1514,AXIS,,,1514 AXIS
1514,BRN_,,,1514 BRN_
1514,CRAN,,,1514 CRAN
1514,EDEM,,,1514 EDEM
1514,LTRK,,,1514 LTRK
1514,MO24,0.0,0.04166651,1514 MO24
1514,MO24,0.0,0.04166651,1514 MO24
1514,MO24,0.0,0.04166651,1514 MO24
1514,MO24,0.0,0.04166651,1514 MO24
1514,MO24,0.0,0.04166651,1514 MO24
1514,MO24,0.0001,0.04166651,1514 MO24
1514,MO24,0.0001,0.04166651,1514 MO24
1514,MO24,0.0001,0.04166651,1514 MO24
1514,MO24,0.0001,0.04166651,1514 MO24
1514,MO24,0.0001,0.04166651,1514 MO24
1514,MO24,0.0002,0.04166651,1514 MO24
1514,MO24,0.0003,0.04166651,1514 MO24
1514,MO24,0.0004,0.04166651,1514 MO24
1514,MO24,0.0005,0.04166651,1514 MO24
1514,MO24,0.0006,0.04166651,1514 MO24
1514,MO24,0.0007,0.04166651,1514 MO24
1514,MO24,0.0008,0.04166651,1514 MO24
1514,MO24,0.0009,0.04166651,1514 MO24
1514,MO24,0.001,0.04166651,1514 MO24
1514,MO24,0.0012,0.04166651,1514 MO24
1514,MO24,0.0013,0.04166651,1514 MO24
1514,MO24,0.0015,0.04166651,1514 MO24
1514,MO24,0.0017,0.04166651,1514 MO24
1514,MO24,0.0018,0.04166651,1514 MO24
1514,MO24,0.002,0.04166651,1514 MO24
1514,MO24,0.0022,0.04166651,1514 MO24
1514,MO24,0.0023,0.04166651,1514 MO24
1514,MO24,0.0025,0.04166651,1514 MO24
1514,MO24,0.0028,0.04166651,1514 MO24
1514,MO24,0.0031,0.04166651,1514 MO24
1514,MO24,0.0033,0.04166651,1514 MO24
1514,MO24,0.0036,0.04166651,1514 MO24
1514,MO24,0.0039,0.04166651,1514 MO24
1514,MO24,0.0042,0.04166651,1514 MO24
1514,MO24,0.0044,0.04166651,1514 MO24
1514,MO24,0.0047,0.04166651,1514 MO24
1514,MO24,0.005,0.04166651,1514 MO24
1514,MO24,0.0056,0.04166651,1514 MO24
1514,MO24,0.0061,0.04166651,1514 MO24
1514,MO24,0.0067,0.04166651,1514 MO24
1514,MO24,0.0072,0.04166651,1514 MO24
1514,MO24,0.0078,0.04166651,1514 MO24
1514,MO24,0.0083,0.04166651,1514 MO24
1514,MO24,0.0089,0.04166651,1514 MO24
1514,MO24,0.0094,0.04166651,1514 MO24
1514,MO24,0.01,0.04166651,1514 MO24
1514,NC24,,,1514 NC24
1514,TOT_MORT,,,1514 TOT_MORT
1515,ALL_BUT_MORT,0.0,0.03404333,1515 ALL_BUT_MORT
1515,ALL_BUT_MORT,0.0,0.03404333,1515 ALL_BUT_MORT
1515,ALL_BUT_MORT,0.0,0.03404333,1515 ALL_BUT_MORT
1515,ALL_BUT_MORT,0.0,0.03404333,1515 ALL_BUT_MORT
1515,ALL_BUT_MORT,0.0,0.03404333,1515 ALL_BUT_MORT
1515,ALL_BUT_MORT,0.0001,0.16707432,1515 ALL_BUT_MORT
1515,ALL_BUT_MORT,0.0001,0.16707432,1515 ALL_BUT_MORT
1515,ALL_BUT_MORT,0.0001,0.16707432,1515 ALL_BUT_MORT
1515,ALL_BUT_MORT,0.0001,0.16707432,1515 ALL_BUT_MORT
1515,ALL_BUT_MORT,0.0001,0.16707432,1515 ALL_BUT_MORT
1515,ALL_BUT_MORT,0.0002,0.19478923,1515 ALL_BUT_MORT
1515,ALL_BUT_MORT,0.0003,0.21359837,1515 ALL_BUT_MORT
1515,ALL_BUT_MORT,0.0004,0.22825798,1515 ALL_BUT_MORT
1515,ALL_BUT_MORT,0.0005,0.24044339,1515 ALL_BUT_MORT
1515,ALL_BUT_MORT,0.0006,0.25096089,1515 ALL_BUT_MORT
1515,ALL_BUT_MORT,0.0007,0.26026673,1515 ALL_BUT_MORT
1515,ALL_BUT_MORT,0.0008,0.26864666,1515 ALL_BUT_MORT
1515,ALL_BUT_MORT,0.0009,0.27629261,1515 ALL_BUT_MORT
1515,ALL_BUT_MORT,0.001,0.28334034,1515 ALL_BUT_MORT
1515,ALL_BUT_MORT,0.0012,0.29601664,1515 ALL_BUT_MORT
1515,ALL_BUT_MORT,0.0013,0.30178012,1515 ALL_BUT_MORT
1515,ALL_BUT_MORT,0.0015,0.31239581,1515 ALL_BUT_MORT
1515,ALL_BUT_MORT,0.0017,0.32201789,1515 ALL_BUT_MORT
1515,ALL_BUT_MORT,0.0018,0.32651935,1515 ALL_BUT_MORT
1515,ALL_BUT_MORT,0.002,0.33499726,1515 ALL_BUT_MORT
1515,ALL_BUT_MORT,0.0022,0.34287191,1515 ALL_BUT_MORT
1515,ALL_BUT_MORT,0.0023,0.34661255,1515 ALL_BUT_MORT
1515,ALL_BUT_MORT,0.0025,0.35374769,1515 ALL_BUT_MORT
1515,ALL_BUT_MORT,0.0028,0.36369776,1515 ALL_BUT_MORT
1515,ALL_BUT_MORT,0.0031,0.37288715,1515 ALL_BUT_MORT
1515,ALL_BUT_MORT,0.0033,0.37865276,1515 ALL_BUT_MORT
1515,ALL_BUT_MORT,0.0036,0.38683272,1515 ALL_BUT_MORT
1515,ALL_BUT_MORT,0.0039,0.39452004,1515 ALL_BUT_MORT
1515,ALL_BUT_MORT,0.0042,0.40177828,1515 ALL_BUT_MORT
1515,ALL_BUT_MORT,0.0044,0.40640454,1515 ALL_BUT_MORT
1515,ALL_BUT_MORT,0.0047,0.41305742,1515 ALL_BUT_MORT
1515,ALL_BUT_MORT,0.005,0.41939922,1515 ALL_BUT_MORT
1515,ALL_BUT_MORT,0.0056,0.43127061,1515 ALL_BUT_MORT
1515,ALL_BUT_MORT,0.0061,0.4404512,1515 ALL_BUT_MORT
1515,ALL_BUT_MORT,0.0067,0.45074485,1515 ALL_BUT_MORT
1515,ALL_BUT_MORT,0.0072,0.45880095,1515 ALL_BUT_MORT
1515,ALL_BUT_MORT,0.0078,0.46792401,1515 ALL_BUT_MORT
1515,ALL_BUT_MORT,0.0083,0.47512523,1515 ALL_BUT_MORT
1515,ALL_BUT_MORT,0.0089,0.48334001,1515 ALL_BUT_MORT
1515,ALL_BUT_MORT,0.0094,0.48986601,1515 ALL_BUT_MORT
1515,ALL_BUT_MORT,0.01,0.49735234,1515 ALL_BUT_MORT
1515,ANY120,0.0,0.050538,1515 ANY120
1515,ANY120,0.0,0.050538,1515 ANY120
1515,ANY120,0.0,0.050538,1515 ANY120
1515,ANY120,0.0,0.050538,1515 ANY120
1515,ANY120,0.0,0.050538,1515 ANY120
1515,ANY120,0.0001,0.3391247,1515 ANY120
1515,ANY120,0.0001,0.3391247,1515 ANY120
1515,ANY120,0.0001,0.3391247,1515 ANY120
1515,ANY120,0.0001,0.3391247,1515 ANY120
1515,ANY120,0.0001,0.3391247,1515 ANY120
1515,ANY120,0.0002,0.53999616,1515 ANY120
1515,ANY120,0.0003,0.67981322,1515 ANY120
1515,ANY120,0.0004,0.77713322,1515 ANY120
1515,ANY120,0.0005,0.84487305,1515 ANY120
1515,ANY120,0.0006,0.89202351,1515 ANY120
1515,ANY120,0.0007,0.92484271,1515 ANY120
1515,ANY120,0.0008,0.94768659,1515 ANY120
1515,ANY120,0.0009,0.96358712,1515 ANY120
1515,ANY120,0.001,0.97465473,1515 ANY120
1515,ANY120,0.0012,0.9877205,1515 ANY120
1515,ANY120,0.0013,0.99145282,1515 ANY120
1515,ANY120,0.0015,0.99585899,1515 ANY120
1515,ANY120,0.0017,0.99799372,1515 ANY120
1515,ANY120,0.0018,0.99860353,1515 ANY120
1515,ANY120,0.002,0.99932342,1515 ANY120
1515,ANY120,0.0022,0.99967221,1515 ANY120
1515,ANY120,0.0023,0.99977184,1515 ANY120
1515,ANY120,0.0025,0.99988946,1515 ANY120
1515,ANY120,0.0028,0.99996272,1515 ANY120
1515,ANY120,0.0031,0.99998743,1515 ANY120
1515,ANY120,0.0033,0.99999391,1515 ANY120
1515,ANY120,0.0036,0.99999795,1515 ANY120
1515,ANY120,0.0039,0.99999931,1515 ANY120
1515,ANY120,0.0042,0.99999977,1515 ANY120
1515,ANY120,0.0044,0.99999989,1515 ANY120
1515,ANY120,0.0047,0.99999996,1515 ANY120
1515,ANY120,0.005,0.99999999,1515 ANY120
1515,ANY120,0.0056,1.0,1515 ANY120
1515,ANY120,0.0061,1.0,1515 ANY120
1515,ANY120,0.0067,1.0,1515 ANY120
1515,ANY120,0.0072,1.0,1515 ANY120
1515,ANY120,0.0078,1.0,1515 ANY120
1515,ANY120,0.0083,1.0,1515 ANY120
1515,ANY120,0.0089,1.0,1515 ANY120
1515,ANY120,0.0094,1.0,1515 ANY120
1515,ANY120,0.01,1.0,1515 ANY120
1515,ANY24,0.0,0.036787,1515 ANY24
1515,ANY24,0.0,0.036787,1515 ANY24
1515,ANY24,0.0,0.036787,1515 ANY24
1515,ANY24,0.0,0.036787,1515 ANY24
1515,ANY24,0.0,0.036787,1515 ANY24
1515,ANY24,0.0001,0.04789709,1515 ANY24
1515,ANY24,0.0001,0.04789709,1515 ANY24
1515,ANY24,0.0001,0.04789709,1515 ANY24
1515,ANY24,0.0001,0.04789709,1515 ANY24
1515,ANY24,0.0001,0.04789709,1515 ANY24
1515,ANY24,0.0002,0.06282716,1515 ANY24
1515,ANY24,0.0003,0.07933519,1515 ANY24
1515,ANY24,0.0004,0.0967643,1515 ANY24
1515,ANY24,0.0005,0.11476418,1515 ANY24
1515,ANY24,0.0006,0.13311294,1515 ANY24
1515,ANY24,0.0007,0.15165689,1515 ANY24
1515,ANY24,0.0008,0.17028362,1515 ANY24
1515,ANY24,0.0009,0.18890798,1515 ANY24
1515,ANY24,0.001,0.20746385,1515 ANY24
1515,ANY24,0.0012,0.24417172,1515 ANY24
1515,ANY24,0.0013,0.26224845,1515 ANY24
1515,ANY24,0.0015,0.29771055,1515 ANY24
1515,ANY24,0.0017,0.33212499,1515 ANY24
1515,ANY24,0.0018,0.34890539,1515 ANY24
1515,ANY24,0.002,0.38156785,1515 ANY24
1515,ANY24,0.0022,0.41299577,1515 ANY24
1515,ANY24,0.0023,0.42823865,1515 ANY24
1515,ANY24,0.0025,0.45777638,1515 ANY24
1515,ANY24,0.0028,0.49972166,1515 ANY24
1515,ANY24,0.0031,0.53888188,1515 ANY24
1515,ANY24,0.0033,0.56348379,1515 ANY24
1515,ANY24,0.0036,0.59820994,1515 ANY24
1515,ANY24,0.0039,0.63043348,1515 ANY24
1515,ANY24,0.0042,0.66028587,1515 ANY24
1515,ANY24,0.0044,0.6789371,1515 ANY24
1515,ANY24,0.0047,0.70513957,1515 ANY24
1515,ANY24,0.005,0.72933294,1515 ANY24
1515,ANY24,0.0056,0.77221692,1515 ANY24
1515,ANY24,0.0061,0.80293906,1515 ANY24
1515,ANY24,0.0067,0.83458069,1515 ANY24
1515,ANY24,0.0072,0.85715396,1515 ANY24
1515,ANY24,0.0078,0.88032227,1515 ANY24
1515,ANY24,0.0083,0.89680109,1515 ANY24
1515,ANY24,0.0089,0.9136712,1515 ANY24
1515,ANY24,0.0094,0.92564331,1515 ANY24
1515,ANY24,0.01,0.93787574,1515 ANY24
1515,AXIS,0.0,1e-05,1515 AXIS
1515,AXIS,0.0,1e-05,1515 AXIS
1515,AXIS,0.0,1e-05,1515 AXIS
1515,AXIS,0.0,1e-05,1515 AXIS
1515,AXIS,0.0,1e-05,1515 AXIS
1515,AXIS,0.0001,0.05528661,1515 AXIS
1515,AXIS,0.0001,0.05528661,1515 AXIS
1515,AXIS,0.0001,0.05528661,1515 AXIS
1515,AXIS,0.0001,0.05528661,1515 AXIS
1515,AXIS,0.0001,0.05528661,1515 AXIS
1515,AXIS,0.0002,0.10750769,1515 AXIS
1515,AXIS,0.0003,0.15684214,1515 AXIS
1515,AXIS,0.0004,0.20344951,1515 AXIS
1515,AXIS,0.0005,0.24748057,1515 AXIS
1515,AXIS,0.0006,0.28907771,1515 AXIS
1515,AXIS,0.0007,0.32837548,1515 AXIS
1515,AXIS,0.0008,0.36550098,1515 AXIS
1515,AXIS,0.0009,0.40057429,1515 AXIS
1515,AXIS,0.001,0.43370884,1515 AXIS
1515,AXIS,0.0012,0.49458444,1515 AXIS
1515,AXIS,0.0013,0.52252238,1515 AXIS
1515,AXIS,0.0015,0.57385064,1515 AXIS
1515,AXIS,0.0017,0.61966117,1515 AXIS
1515,AXIS,0.0018,0.64068522,1515 AXIS
1515,AXIS,0.002,0.67931112,1515 AXIS
1515,AXIS,0.0022,0.71378478,1515 AXIS
1515,AXIS,0.0023,0.72960594,1515 AXIS
1515,AXIS,0.0025,0.75867297,1515 AXIS
1515,AXIS,0.0028,0.79652118,1515 AXIS
1515,AXIS,0.0031,0.82843352,1515 AXIS
1515,AXIS,0.0033,0.8468767,1515 AXIS
1515,AXIS,0.0036,0.8708916,1515 AXIS
1515,AXIS,0.0039,0.89114015,1515 AXIS
1515,AXIS,0.0042,0.90821304,1515 AXIS
1515,AXIS,0.0044,0.91808003,1515 AXIS
1515,AXIS,0.0047,0.93092784,1515 AXIS
1515,AXIS,0.005,0.94176068,1515 AXIS
1515,AXIS,0.0056,0.95859596,1515 AXIS
1515,AXIS,0.0061,0.96884234,1515 AXIS
1515,AXIS,0.0067,0.9778491,1515 AXIS
1515,AXIS,0.0072,0.98333085,1515 AXIS
1515,AXIS,0.0078,0.98814941,1515 AXIS
1515,AXIS,0.0083,0.99108211,1515 AXIS
1515,AXIS,0.0089,0.99366001,1515 AXIS
1515,AXIS,0.0094,0.99522899,1515 AXIS
1515,AXIS,0.01,0.99660815,1515 AXIS
1515,BRN_,,,1515 BRN_
1515,CRAN,,,1515 CRAN
1515,EDEM,,,1515 EDEM
1515,LTRK,,,1515 LTRK
1515,MO24,0.0,0.018008,1515 MO24
1515,MO24,0.0,0.018008,1515 MO24
1515,MO24,0.0,0.018008,1515 MO24
1515,MO24,0.0,0.018008,1515 MO24
1515,MO24,0.0,0.018008,1515 MO24
1515,MO24,0.0001,0.02313735,1515 MO24
1515,MO24,0.0001,0.02313735,1515 MO24
1515,MO24,0.0001,0.02313735,1515 MO24
1515,MO24,0.0001,0.02313735,1515 MO24
1515,MO24,0.0001,0.02313735,1515 MO24
1515,MO24,0.0002,0.02823991,1515 MO24
1515,MO24,0.0003,0.03331581,1515 MO24
1515,MO24,0.0004,0.0383652,1515 MO24
1515,MO24,0.0005,0.04338822,1515 MO24
1515,MO24,0.0006,0.048385,1515 MO24
1515,MO24,0.0007,0.05335567,1515 MO24
1515,MO24,0.0008,0.05830039,1515 MO24
1515,MO24,0.0009,0.06321927,1515 MO24
1515,MO24,0.001,0.06811247,1515 MO24
1515,MO24,0.0012,0.07782231,1515 MO24
1515,MO24,0.0013,0.08263922,1515 MO24
1515,MO24,0.0015,0.0921977,1515 MO24
1515,MO24,0.0017,0.10165658,1515 MO24
1515,MO24,0.0018,0.106349,1515 MO24
1515,MO24,0.002,0.11566044,1515 MO24
1515,MO24,0.0022,0.12487485,1515 MO24
1515,MO24,0.0023,0.12944599,1515 MO24
1515,MO24,0.0025,0.13851676,1515 MO24
1515,MO24,0.0028,0.15194602,1515 MO24
1515,MO24,0.0031,0.16516593,1515 MO24
1515,MO24,0.0033,0.17386452,1515 MO24
1515,MO24,0.0036,0.18674276,1515 MO24
1515,MO24,0.0039,0.19942024,1515 MO24
1515,MO24,0.0042,0.2119001,1515 MO24
1515,MO24,0.0044,0.22011174,1515 MO24
1515,MO24,0.0047,0.23226905,1515 MO24
1515,MO24,0.005,0.24423685,1515 MO24
1515,MO24,0.0056,0.26761567,1515 MO24
1515,MO24,0.0061,0.28654461,1515 MO24
1515,MO24,0.0067,0.30861468,1515 MO24
1515,MO24,0.0072,0.32648398,1515 MO24
1515,MO24,0.0078,0.34731856,1515 MO24
1515,MO24,0.0083,0.36418753,1515 MO24
1515,MO24,0.0089,0.38385579,1515 MO24
1515,MO24,0.0094,0.39978044,1515 MO24
1515,MO24,0.01,0.41834766,1515 MO24
1515,NC24,,,1515 NC24
1515,TOT_MORT,0.0,0.04687485,1515 TOT_MORT
1515,TOT_MORT,0.0,0.04687485,1515 TOT_MORT
1515,TOT_MORT,0.0,0.04687485,1515 TOT_MORT
1515,TOT_MORT,0.0,0.04687485,1515 TOT_MORT
1515,TOT_MORT,0.0,0.04687485,1515 TOT_MORT
1515,TOT_MORT,0.0001,0.04687485,1515 TOT_MORT
1515,TOT_MORT,0.0001,0.04687485,1515 TOT_MORT
1515,TOT_MORT,0.0001,0.04687485,1515 TOT_MORT
1515,TOT_MORT,0.0001,0.04687485,1515 TOT_MORT
1515,TOT_MORT,0.0001,0.04687485,1515 TOT_MORT
1515,TOT_MORT,0.0002,0.04687485,1515 TOT_MORT
1515,TOT_MORT,0.0003,0.04687592,1515 TOT_MORT
1515,TOT_MORT,0.0004,0.04693851,1515 TOT_MORT
1515,TOT_MORT,0.0005,0.04838135,1515 TOT_MORT
1515,TOT_MORT,0.0006,0.06650259,1515 TOT_MORT
1515,TOT_MORT,0.0007,0.19720818,1515 TOT_MORT
1515,TOT_MORT,0.0008,0.57541623,1515 TOT_MORT
1515,TOT_MORT,0.0009,0.87489244,1515 TOT_MORT
1515,TOT_MORT,0.001,0.96875288,1515 TOT_MORT
1515,TOT_MORT,0.0012,0.99757379,1515 TOT_MORT
1515,TOT_MORT,0.0013,0.99921918,1515 TOT_MORT
1515,TOT_MORT,0.0015,0.99989738,1515 TOT_MORT
1515,TOT_MORT,0.0017,0.99998262,1515 TOT_MORT
1515,TOT_MORT,0.0018,0.99999227,1515 TOT_MORT
1515,TOT_MORT,0.002,0.99999827,1515 TOT_MORT
1515,TOT_MORT,0.0022,0.99999955,1515 TOT_MORT
1515,TOT_MORT,0.0023,0.99999976,1515 TOT_MORT
1515,TOT_MORT,0.0025,0.99999993,1515 TOT_MORT
1515,TOT_MORT,0.0028,0.99999999,1515 TOT_MORT
1515,TOT_MORT,0.0031,1.0,1515 TOT_MORT
1515,TOT_MORT,0.0033,1.0,1515 TOT_MORT
1515,TOT_MORT,0.0036,1.0,1515 TOT_MORT
1515,TOT_MORT,0.0039,1.0,1515 TOT_MORT
1515,TOT_MORT,0.0042,1.0,1515 TOT_MORT
1515,TOT_MORT,0.0044,1.0,1515 TOT_MORT
1515,TOT_MORT,0.0047,1.0,1515 TOT_MORT
1515,TOT_MORT,0.005,1.0,1515 TOT_MORT
1515,TOT_MORT,0.0056,1.0,1515 TOT_MORT
1515,TOT_MORT,0.0061,1.0,1515 TOT_MORT
1515,TOT_MORT,0.0067,1.0,1515 TOT_MORT
1515,TOT_MORT,0.0072,1.0,1515 TOT_MORT
1515,TOT_MORT,0.0078,1.0,1515 TOT_MORT
1515,TOT_MORT,0.0083,1.0,1515 TOT_MORT
1515,TOT_MORT,0.0089,1.0,1515 TOT_MORT
1515,TOT_MORT,0.0094,1.0,1515 TOT_MORT
1515,TOT_MORT,0.01,1.0,1515 TOT_MORT
1516,ALL_BUT_MORT,,,1516 ALL_BUT_MORT
1516,ANY120,0.0,0.06249496,1516 ANY120
1516,ANY120,0.0,0.06249496,1516 ANY120
1516,ANY120,0.0,0.06249496,1516 ANY120
1516,ANY120,0.0,0.06249496,1516 ANY120
1516,ANY120,0.0,0.06249496,1516 ANY120
1516,ANY120,0.0001,0.06249496,1516 ANY120
1516,ANY120,0.0001,0.06249496,1516 ANY120
1516,ANY120,0.0001,0.06249496,1516 ANY120
1516,ANY120,0.0001,0.06249496,1516 ANY120
1516,ANY120,0.0001,0.06249496,1516 ANY120
1516,ANY120,0.0002,0.06249496,1516 ANY120
1516,ANY120,0.0003,0.06249496,1516 ANY120
1516,ANY120,0.0004,0.06249496,1516 ANY120
1516,ANY120,0.0005,0.06249527,1516 ANY120
1516,ANY120,0.0006,0.06250148,1516 ANY120
1516,ANY120,0.0007,0.06257998,1516 ANY120
1516,ANY120,0.0008,0.06328062,1516 ANY120
1516,ANY120,0.0009,0.06805509,1516 ANY120
1516,ANY120,0.001,0.09376566,1516 ANY120
1516,ANY120,0.0012,0.4546871,1516 ANY120
1516,ANY120,0.0013,0.7485471,1516 ANY120
1516,ANY120,0.0015,0.96935119,1516 ANY120
1516,ANY120,0.0017,0.99607745,1516 ANY120
1516,ANY120,0.0018,0.99848229,1516 ANY120
1516,ANY120,0.002,0.99973723,1516 ANY120
1516,ANY120,0.0022,0.99994628,1516 ANY120
1516,ANY120,0.0023,0.99997438,1516 ANY120
1516,ANY120,0.0025,0.99999361,1516 ANY120
1516,ANY120,0.0028,0.99999903,1516 ANY120
1516,ANY120,0.0031,0.99999982,1516 ANY120
1516,ANY120,0.0033,0.99999994,1516 ANY120
1516,ANY120,0.0036,0.99999999,1516 ANY120
1516,ANY120,0.0039,1.0,1516 ANY120
1516,ANY120,0.0042,1.0,1516 ANY120
1516,ANY120,0.0044,1.0,1516 ANY120
1516,ANY120,0.0047,1.0,1516 ANY120
1516,ANY120,0.005,1.0,1516 ANY120
1516,ANY120,0.0056,1.0,1516 ANY120
1516,ANY120,0.0061,1.0,1516 ANY120
1516,ANY120,0.0067,1.0,1516 ANY120
1516,ANY120,0.0072,1.0,1516 ANY120
1516,ANY120,0.0078,1.0,1516 ANY120
1516,ANY120,0.0083,1.0,1516 ANY120
1516,ANY120,0.0089,1.0,1516 ANY120
1516,ANY120,0.0094,1.0,1516 ANY120
1516,ANY120,0.01,1.0,1516 ANY120
1516,ANY24,,,1516 ANY24
1516,AXIS,0.0,1e-05,1516 AXIS
1516,AXIS,0.0,1e-05,1516 AXIS
1516,AXIS,0.0,1e-05,1516 AXIS
1516,AXIS,0.0,1e-05,1516 AXIS
1516,AXIS,0.0,1e-05,1516 AXIS
1516,AXIS,0.0001,2.385e-05,1516 AXIS
1516,AXIS,0.0001,2.385e-05,1516 AXIS
1516,AXIS,0.0001,2.385e-05,1516 AXIS
1516,AXIS,0.0001,2.385e-05,1516 AXIS
1516,AXIS,0.0001,2.385e-05,1516 AXIS
1516,AXIS,0.0002,0.00012233,1516 AXIS
1516,AXIS,0.0003,0.00039205,1516 AXIS
1516,AXIS,0.0004,0.00092028,1516 AXIS
1516,AXIS,0.0005,0.00179417,1516 AXIS
1516,AXIS,0.0006,0.0031001,1516 AXIS
1516,AXIS,0.0007,0.00492292,1516 AXIS
1516,AXIS,0.0008,0.00734502,1516 AXIS
1516,AXIS,0.0009,0.01044541,1516 AXIS
1516,AXIS,0.001,0.01429862,1516 AXIS
1516,AXIS,0.0012,0.02453246,1516 AXIS
1516,AXIS,0.0013,0.03102945,1516 AXIS
1516,AXIS,0.0015,0.04700835,1516 AXIS
1516,AXIS,0.0017,0.06714561,1516 AXIS
1516,AXIS,0.0018,0.07879707,1516 AXIS
1516,AXIS,0.002,0.10520576,1516 AXIS
1516,AXIS,0.0022,0.13553442,1516 AXIS
1516,AXIS,0.0023,0.15204366,1516 AXIS
1516,AXIS,0.0025,0.18741674,1516 AXIS
1516,AXIS,0.0028,0.24514534,1516 AXIS
1516,AXIS,0.0031,0.30633165,1516 AXIS
1516,AXIS,0.0033,0.34784285,1516 AXIS
1516,AXIS,0.0036,0.40955917,1516 AXIS
1516,AXIS,0.0039,0.46901885,1516 AXIS
1516,AXIS,0.0042,0.52490448,1516 AXIS
1516,AXIS,0.0044,0.55975732,1516 AXIS
1516,AXIS,0.0047,0.60810443,1516 AXIS
1516,AXIS,0.005,0.6516267,1516 AXIS
1516,AXIS,0.0056,0.72480406,1516 AXIS
1516,AXIS,0.0061,0.77323543,1516 AXIS
1516,AXIS,0.0067,0.81905795,1516 AXIS
1516,AXIS,0.0072,0.84906908,1516 AXIS
1516,AXIS,0.0078,0.8775064,1516 AXIS
1516,AXIS,0.0083,0.89628824,1516 AXIS
1516,AXIS,0.0089,0.91430822,1516 AXIS
1516,AXIS,0.0094,0.9263866,1516 AXIS
1516,AXIS,0.01,0.9381566,1516 AXIS
1516,BRN_,,,1516 BRN_
1516,CRAN,,,1516 CRAN
1516,EDEM,,,1516 EDEM
1516,LTRK,,,1516 LTRK
1516,MO24,,,1516 MO24
1516,NC24,,,1516 NC24
1516,TOT_MORT,,,1516 TOT_MORT
1517,ALL_BUT_MORT,,,1517 ALL_BUT_MORT
1517,ANY120,0.0,0.10184251,1517 ANY120
1517,ANY120,0.0,0.10184251,1517 ANY120
1517,ANY120,0.0,0.10184251,1517 ANY120
1517,ANY120,0.0,0.10184251,1517 ANY120
1517,ANY120,0.0,0.10184251,1517 ANY120
1517,ANY120,0.0001,0.10184251,1517 ANY120
1517,ANY120,0.0001,0.10184251,1517 ANY120
1517,ANY120,0.0001,0.10184251,1517 ANY120
1517,ANY120,0.0001,0.10184251,1517 ANY120
1517,ANY120,0.0001,0.10184251,1517 ANY120
1517,ANY120,0.0002,0.10184251,1517 ANY120
1517,ANY120,0.0003,0.10184251,1517 ANY120
1517,ANY120,0.0004,0.10184251,1517 ANY120
1517,ANY120,0.0005,0.10184252,1517 ANY120
1517,ANY120,0.0006,0.10184255,1517 ANY120
1517,ANY120,0.0007,0.10184285,1517 ANY120
1517,ANY120,0.0008,0.10184464,1517 ANY120
1517,ANY120,0.0009,0.10185275,1517 ANY120
1517,ANY120,0.001,0.10188202,1517 ANY120
1517,ANY120,0.0012,0.1021969,1517 ANY120
1517,ANY120,0.0013,0.10271357,1517 ANY120
1517,ANY120,0.0015,0.1057399,1517 ANY120
1517,ANY120,0.0017,0.11457061,1517 ANY120
1517,ANY120,0.0018,0.12277466,1517 ANY120
1517,ANY120,0.002,0.15038469,1517 ANY120
1517,ANY120,0.0022,0.19682118,1517 ANY120
1517,ANY120,0.0023,0.22782836,1517 ANY120
1517,ANY120,0.0025,0.30458512,1517 ANY120
1517,ANY120,0.0028,0.44658403,1517 ANY120
1517,ANY120,0.0031,0.59746018,1517 ANY120
1517,ANY120,0.0033,0.69017581,1517 ANY120
1517,ANY120,0.0036,0.80514708,1517 ANY120
1517,ANY120,0.0039,0.88685333,1517 ANY120
1517,ANY120,0.0042,0.93892744,1517 ANY120
1517,ANY120,0.0044,0.9609948,1517 ANY120
1517,ANY120,0.0047,0.98108624,1517 ANY120
1517,ANY120,0.005,0.9913312,1517 ANY120
1517,ANY120,0.0056,0.9984305,1517 ANY120
1517,ANY120,0.0061,0.99966855,1517 ANY120
1517,ANY120,0.0067,0.99995508,1517 ANY120
1517,ANY120,0.0072,0.99999228,1517 ANY120
1517,ANY120,0.0078,0.99999915,1517 ANY120
1517,ANY120,0.0083,0.99999988,1517 ANY120
1517,ANY120,0.0089,0.99999999,1517 ANY120
1517,ANY120,0.0094,1.0,1517 ANY120
1517,ANY120,0.01,1.0,1517 ANY120
1517,ANY24,,,1517 ANY24
1517,AXIS,0.0,0.00268266,1517 AXIS
1517,AXIS,0.0,0.00268266,1517 AXIS
1517,AXIS,0.0,0.00268266,1517 AXIS
1517,AXIS,0.0,0.00268266,1517 AXIS
1517,AXIS,0.0,0.00268266,1517 AXIS
1517,AXIS,0.0001,0.00283828,1517 AXIS
1517,AXIS,0.0001,0.00283828,1517 AXIS
1517,AXIS,0.0001,0.00283828,1517 AXIS
1517,AXIS,0.0001,0.00283828,1517 AXIS
1517,AXIS,0.0001,0.00283828,1517 AXIS
1517,AXIS,0.0002,0.00300291,1517 AXIS
1517,AXIS,0.0003,0.00317705,1517 AXIS
1517,AXIS,0.0004,0.00336126,1517 AXIS
1517,AXIS,0.0005,0.00355611,1517 AXIS
1517,AXIS,0.0006,0.00376221,1517 AXIS
1517,AXIS,0.0007,0.00398021,1517 AXIS
1517,AXIS,0.0008,0.00421079,1517 AXIS
1517,AXIS,0.0009,0.00445467,1517 AXIS
1517,AXIS,0.001,0.00471261,1517 AXIS
1517,AXIS,0.0012,0.0052739,1517 AXIS
1517,AXIS,0.0013,0.00557901,1517 AXIS
1517,AXIS,0.0015,0.00624285,1517 AXIS
1517,AXIS,0.0017,0.00698513,1517 AXIS
1517,AXIS,0.0018,0.0073885,1517 AXIS
1517,AXIS,0.002,0.00826586,1517 AXIS
1517,AXIS,0.0022,0.00924644,1517 AXIS
1517,AXIS,0.0023,0.00977911,1517 AXIS
1517,AXIS,0.0025,0.01093722,1517 AXIS
1517,AXIS,0.0028,0.01293313,1517 AXIS
1517,AXIS,0.0031,0.01528765,1517 AXIS
1517,AXIS,0.0033,0.01708687,1517 AXIS
1517,AXIS,0.0036,0.02018212,1517 AXIS
1517,AXIS,0.0039,0.02382448,1517 AXIS
1517,AXIS,0.0042,0.02810534,1517 AXIS
1517,AXIS,0.0044,0.03136504,1517 AXIS
1517,AXIS,0.0047,0.03694952,1517 AXIS
1517,AXIS,0.005,0.04348367,1517 AXIS
1517,AXIS,0.0056,0.05999463,1517 AXIS
1517,AXIS,0.0061,0.07806767,1517 AXIS
1517,AXIS,0.0067,0.10625163,1517 AXIS
1517,AXIS,0.0072,0.13623972,1517 AXIS
1517,AXIS,0.0078,0.1812951,1517 AXIS
1517,AXIS,0.0083,0.22708181,1517 AXIS
1517,AXIS,0.0089,0.29202257,1517 AXIS
1517,AXIS,0.0094,0.35369276,1517 AXIS
1517,AXIS,0.01,0.43448764,1517 AXIS
1517,BRN_,,,1517 BRN_
1517,CRAN,,,1517 CRAN
1517,EDEM,,,1517 EDEM
1517,LTRK,,,1517 LTRK
1517,MO24,,,1517 MO24
1517,NC24,,,1517 NC24
1517,TOT_MORT,,,1517 TOT_MORT
1518,ALL_BUT_MORT,,,1518 ALL_BUT_MORT
1518,ANY120,,,1518 ANY120
1518,ANY24,,,1518 ANY24
1518,AXIS,,,1518 AXIS
1518,BRN_,,,1518 BRN_
1518,CRAN,,,1518 CRAN
1518,EDEM,,,1518 EDEM
1518,LTRK,,,1518 LTRK
1518,MO24,,,1518 MO24
1518,NC24,,,1518 NC24
1518,TOT_MORT,,,1518 TOT_MORT
1519,ALL_BUT_MORT,,,1519 ALL_BUT_MORT
1519,ANY120,0.0,0.06188806,1519 ANY120
1519,ANY120,0.0,0.06188806,1519 ANY120
1519,ANY120,0.0,0.06188806,1519 ANY120
1519,ANY120,0.0,0.06188806,1519 ANY120
1519,ANY120,0.0,0.06188806,1519 ANY120
1519,ANY120,0.0001,0.64044943,1519 ANY120
1519,ANY120,0.0001,0.64044943,1519 ANY120
1519,ANY120,0.0001,0.64044943,1519 ANY120
1519,ANY120,0.0001,0.64044943,1519 ANY120
1519,ANY120,0.0001,0.64044943,1519 ANY120
1519,ANY120,0.0002,0.77570903,1519 ANY120
1519,ANY120,0.0003,0.85078589,1519 ANY120
1519,ANY120,0.0004,0.89756208,1519 ANY120
1519,ANY120,0.0005,0.92831125,1519 ANY120
1519,ANY120,0.0006,0.9491676,1519 ANY120
1519,ANY120,0.0007,0.96360822,1519 ANY120
1519,ANY120,0.0008,0.97375366,1519 ANY120
1519,ANY120,0.0009,0.98095952,1519 ANY120
1519,ANY120,0.001,0.98612093,1519 ANY120
1519,ANY120,0.0012,0.99254176,1519 ANY120
1519,ANY120,0.0013,0.99450766,1519 ANY120
1519,ANY120,0.0015,0.99699995,1519 ANY120
1519,ANY120,0.0017,0.99834845,1519 ANY120
1519,ANY120,0.0018,0.99877165,1519 ANY120
1519,ANY120,0.002,0.99931774,1519 ANY120
1519,ANY120,0.0022,0.99961929,1519 ANY120
1519,ANY120,0.0023,0.99971518,1519 ANY120
1519,ANY120,0.0025,0.99984017,1519 ANY120
1519,ANY120,0.0028,0.99993243,1519 ANY120
1519,ANY120,0.0031,0.99997127,1519 ANY120
1519,ANY120,0.0033,0.99998371,1519 ANY120
1519,ANY120,0.0036,0.99999302,1519 ANY120
1519,ANY120,0.0039,0.999997,1519 ANY120
1519,ANY120,0.0042,0.99999871,1519 ANY120
1519,ANY120,0.0044,0.99999926,1519 ANY120
1519,ANY120,0.0047,0.99999968,1519 ANY120
1519,ANY120,0.005,0.99999986,1519 ANY120
1519,ANY120,0.0056,0.99999997,1519 ANY120
1519,ANY120,0.0061,0.99999999,1519 ANY120
1519,ANY120,0.0067,1.0,1519 ANY120
1519,ANY120,0.0072,1.0,1519 ANY120
1519,ANY120,0.0078,1.0,1519 ANY120
1519,ANY120,0.0083,1.0,1519 ANY120
1519,ANY120,0.0089,1.0,1519 ANY120
1519,ANY120,0.0094,1.0,1519 ANY120
1519,ANY120,0.01,1.0,1519 ANY120
1519,ANY24,0.0,0.03262235,1519 ANY24
1519,ANY24,0.0,0.03262235,1519 ANY24
1519,ANY24,0.0,0.03262235,1519 ANY24
1519,ANY24,0.0,0.03262235,1519 ANY24
1519,ANY24,0.0,0.03262235,1519 ANY24
1519,ANY24,0.0001,0.03522418,1519 ANY24
1519,ANY24,0.0001,0.03522418,1519 ANY24
1519,ANY24,0.0001,0.03522418,1519 ANY24
1519,ANY24,0.0001,0.03522418,1519 ANY24
1519,ANY24,0.0001,0.03522418,1519 ANY24
1519,ANY24,0.0002,0.04475916,1519 ANY24
1519,ANY24,0.0003,0.06142268,1519 ANY24
1519,ANY24,0.0004,0.08447104,1519 ANY24
1519,ANY24,0.0005,0.11288774,1519 ANY24
1519,ANY24,0.0006,0.14560316,1519 ANY24
1519,ANY24,0.0007,0.18159199,1519 ANY24
1519,ANY24,0.0008,0.21991831,1519 ANY24
1519,ANY24,0.0009,0.25975442,1519 ANY24
1519,ANY24,0.001,0.30038565,1519 ANY24
1519,ANY24,0.0012,0.38171723,1519 ANY24
1519,ANY24,0.0013,0.42150689,1519 ANY24
1519,ANY24,0.0015,0.49769637,1519 ANY24
1519,ANY24,0.0017,0.56798939,1519 ANY24
1519,ANY24,0.0018,0.60061181,1519 ANY24
1519,ANY24,0.002,0.66054432,1519 ANY24
1519,ANY24,0.0022,0.71338375,1519 ANY24
1519,ANY24,0.0023,0.73721776,1519 ANY24
1519,ANY24,0.0025,0.77998616,1519 ANY24
1519,ANY24,0.0028,0.83294103,1519 ANY24
1519,ANY24,0.0031,0.87431222,1519 ANY24
1519,ANY24,0.0033,0.89649101,1519 ANY24
1519,ANY24,0.0036,0.92309342,1519 ANY24
1519,ANY24,0.0039,0.9432131,1519 ANY24
1519,ANY24,0.0042,0.95829763,1519 ANY24
1519,ANY24,0.0044,0.96614775,1519 ANY24
1519,ANY24,0.0047,0.97533226,1519 ANY24
1519,ANY24,0.005,0.98209675,1519 ANY24
1519,ANY24,0.0056,0.9906677,1519 ANY24
1519,ANY24,0.0061,0.99462702,1519 ANY24
1519,ANY24,0.0067,0.99725558,1519 ANY24
1519,ANY24,0.0072,0.99844256,1519 ANY24
1519,ANY24,0.0078,0.99921629,1519 ANY24
1519,ANY24,0.0083,0.99956005,1519 ANY24
1519,ANY24,0.0089,0.99978114,1519 ANY24
1519,ANY24,0.0094,0.99987817,1519 ANY24
1519,ANY24,0.01,0.99993994,1519 ANY24
1519,AXIS,,,1519 AXIS
1519,BRN_,,,1519 BRN_
1519,CRAN,,,1519 CRAN
1519,EDEM,,,1519 EDEM
1519,LTRK,,,1519 LTRK
1519,MO24,0.0,0.04391933,1519 MO24
1519,MO24,0.0,0.04391933,1519 MO24
1519,MO24,0.0,0.04391933,1519 MO24
1519,MO24,0.0,0.04391933,1519 MO24
1519,MO24,0.0,0.04391933,1519 MO24
1519,MO24,0.0001,0.04587435,1519 MO24
1519,MO24,0.0001,0.04587435,1519 MO24
1519,MO24,0.0001,0.04587435,1519 MO24
1519,MO24,0.0001,0.04587435,1519 MO24
1519,MO24,0.0001,0.04587435,1519 MO24
1519,MO24,0.0002,0.04789871,1519 MO24
1519,MO24,0.0003,0.04999395,1519 MO24
1519,MO24,0.0004,0.05216164,1519 MO24
1519,MO24,0.0005,0.05440333,1519 MO24
1519,MO24,0.0006,0.05672055,1519 MO24
1519,MO24,0.0007,0.05911482,1519 MO24
1519,MO24,0.0008,0.06158765,1519 MO24
1519,MO24,0.0009,0.06414053,1519 MO24
1519,MO24,0.001,0.06677492,1519 MO24
1519,MO24,0.0012,0.07229397,1519 MO24
1519,MO24,0.0013,0.07518144,1519 MO24
1519,MO24,0.0015,0.08121902,1519 MO24
1519,MO24,0.0017,0.08761541,1519 MO24
1519,MO24,0.0018,0.09095123,1519 MO24
1519,MO24,0.002,0.09790389,1519 MO24
1519,MO24,0.0022,0.10523836,1519 MO24
1519,MO24,0.0023,0.10905122,1519 MO24
1519,MO24,0.0025,0.11697264,1519 MO24
1519,MO24,0.0028,0.1296053,1519 MO24
1519,MO24,0.0031,0.14315296,1519 MO24
1519,MO24,0.0033,0.15269854,1519 MO24
1519,MO24,0.0036,0.16779138,1519 MO24
1519,MO24,0.0039,0.1838124,1519 MO24
1519,MO24,0.0042,0.20075346,1519 MO24
1519,MO24,0.0044,0.21255112,1519 MO24
1519,MO24,0.0047,0.23098638,1519 MO24
1519,MO24,0.005,0.25028159,1519 MO24
1519,MO24,0.0056,0.29129446,1519 MO24
1519,MO24,0.0061,0.32769881,1519 MO24
1519,MO24,0.0067,0.37362045,1519 MO24
1519,MO24,0.0072,0.41334493,1519 MO24
1519,MO24,0.0078,0.46217645,1519 MO24
1519,MO24,0.0083,0.50334254,1519 MO24
1519,MO24,0.0089,0.55265632,1519 MO24
1519,MO24,0.0094,0.59316963,1519 MO24
1519,MO24,0.01,0.64046534,1519 MO24
1519,NC24,,,1519 NC24
1519,TOT_MORT,0.0,0.03125053,1519 TOT_MORT
1519,TOT_MORT,0.0,0.03125053,1519 TOT_MORT
1519,TOT_MORT,0.0,0.03125053,1519 TOT_MORT
1519,TOT_MORT,0.0,0.03125053,1519 TOT_MORT
1519,TOT_MORT,0.0,0.03125053,1519 TOT_MORT
1519,TOT_MORT,0.0001,0.03125132,1519 TOT_MORT
1519,TOT_MORT,0.0001,0.03125132,1519 TOT_MORT
1519,TOT_MORT,0.0001,0.03125132,1519 TOT_MORT
1519,TOT_MORT,0.0001,0.03125132,1519 TOT_MORT
1519,TOT_MORT,0.0001,0.03125132,1519 TOT_MORT
1519,TOT_MORT,0.0002,0.03259579,1519 TOT_MORT
1519,TOT_MORT,0.0003,0.12537401,1519 TOT_MORT
1519,TOT_MORT,0.0004,0.71121596,1519 TOT_MORT
1519,TOT_MORT,0.0005,0.96382924,1519 TOT_MORT
1519,TOT_MORT,0.0006,0.99471258,1519 TOT_MORT
1519,TOT_MORT,0.0007,0.99898346,1519 TOT_MORT
1519,TOT_MORT,0.0008,0.99975707,1519 TOT_MORT
1519,TOT_MORT,0.0009,0.99993131,1519 TOT_MORT
1519,TOT_MORT,0.001,0.99997781,1519 TOT_MORT
1519,TOT_MORT,0.0012,0.99999686,1519 TOT_MORT
1519,TOT_MORT,0.0013,0.99999867,1519 TOT_MORT
1519,TOT_MORT,0.0015,0.99999971,1519 TOT_MORT
1519,TOT_MORT,0.0017,0.99999993,1519 TOT_MORT
1519,TOT_MORT,0.0018,0.99999996,1519 TOT_MORT
1519,TOT_MORT,0.002,0.99999999,1519 TOT_MORT
1519,TOT_MORT,0.0022,1.0,1519 TOT_MORT
1519,TOT_MORT,0.0023,1.0,1519 TOT_MORT
1519,TOT_MORT,0.0025,1.0,1519 TOT_MORT
1519,TOT_MORT,0.0028,1.0,1519 TOT_MORT
1519,TOT_MORT,0.0031,1.0,1519 TOT_MORT
1519,TOT_MORT,0.0033,1.0,1519 TOT_MORT
1519,TOT_MORT,0.0036,1.0,1519 TOT_MORT
1519,TOT_MORT,0.0039,1.0,1519 TOT_MORT
1519,TOT_MORT,0.0042,1.0,1519 TOT_MORT
1519,TOT_MORT,0.0044,1.0,1519 TOT_MORT
1519,TOT_MORT,0.0047,1.0,1519 TOT_MORT
1519,TOT_MORT,0.005,1.0,1519 TOT_MORT
1519,TOT_MORT,0.0056,1.0,1519 TOT_MORT
1519,TOT_MORT,0.0061,1.0,1519 TOT_MORT
1519,TOT_MORT,0.0067,1.0,1519 TOT_MORT
1519,TOT_MORT,0.0072,1.0,1519 TOT_MORT
1519,TOT_MORT,0.0078,1.0,1519 TOT_MORT
1519,TOT_MORT,0.0083,1.0,1519 TOT_MORT
1519,TOT_MORT,0.0089,1.0,1519 TOT_MORT
1519,TOT_MORT,0.0094,1.0,1519 TOT_MORT
1519,TOT_MORT,0.01,1.0,1519 TOT_MORT
1520,ALL_BUT_MORT,,,1520 ALL_BUT_MORT
1520,ANY120,0.0,0.04687516,1520 ANY120
1520,ANY120,0.0,0.04687516,1520 ANY120
1520,ANY120,0.0,0.04687516,1520 ANY120
1520,ANY120,0.0,0.04687516,1520 ANY120
1520,ANY120,0.0,0.04687516,1520 ANY120
1520,ANY120,0.0001,0.04687589,1520 ANY120
1520,ANY120,0.0001,0.04687589,1520 ANY120
1520,ANY120,0.0001,0.04687589,1520 ANY120
1520,ANY120,0.0001,0.04687589,1520 ANY120
1520,ANY120,0.0001,0.04687589,1520 ANY120
1520,ANY120,0.0002,0.04834969,1520 ANY120
1520,ANY120,0.0003,0.1580746,1520 ANY120
1520,ANY120,0.0004,0.76724124,1520 ANY120
1520,ANY120,0.0005,0.97405793,1520 ANY120
1520,ANY120,0.0006,0.99640077,1520 ANY120
1520,ANY120,0.0007,0.99933388,1520 ANY120
1520,ANY120,0.0008,0.99984584,1520 ANY120
1520,ANY120,0.0009,0.99995762,1520 ANY120
1520,ANY120,0.001,0.99998665,1520 ANY120
1520,ANY120,0.0012,0.99999819,1520 ANY120
1520,ANY120,0.0013,0.99999925,1520 ANY120
1520,ANY120,0.0015,0.99999984,1520 ANY120
1520,ANY120,0.0017,0.99999996,1520 ANY120
1520,ANY120,0.0018,0.99999998,1520 ANY120
1520,ANY120,0.002,0.99999999,1520 ANY120
1520,ANY120,0.0022,1.0,1520 ANY120
1520,ANY120,0.0023,1.0,1520 ANY120
1520,ANY120,0.0025,1.0,1520 ANY120
1520,ANY120,0.0028,1.0,1520 ANY120
1520,ANY120,0.0031,1.0,1520 ANY120
1520,ANY120,0.0033,1.0,1520 ANY120
1520,ANY120,0.0036,1.0,1520 ANY120
1520,ANY120,0.0039,1.0,1520 ANY120
1520,ANY120,0.0042,1.0,1520 ANY120
1520,ANY120,0.0044,1.0,1520 ANY120
1520,ANY120,0.0047,1.0,1520 ANY120
1520,ANY120,0.005,1.0,1520 ANY120
1520,ANY120,0.0056,1.0,1520 ANY120
1520,ANY120,0.0061,1.0,1520 ANY120
1520,ANY120,0.0067,1.0,1520 ANY120
1520,ANY120,0.0072,1.0,1520 ANY120
1520,ANY120,0.0078,1.0,1520 ANY120
1520,ANY120,0.0083,1.0,1520 ANY120
1520,ANY120,0.0089,1.0,1520 ANY120
1520,ANY120,0.0094,1.0,1520 ANY120
1520,ANY120,0.01,1.0,1520 ANY120
1520,ANY24,0.0,0.01851554,1520 ANY24
1520,ANY24,0.0,0.01851554,1520 ANY24
1520,ANY24,0.0,0.01851554,1520 ANY24
1520,ANY24,0.0,0.01851554,1520 ANY24
1520,ANY24,0.0,0.01851554,1520 ANY24
1520,ANY24,0.0001,0.02035456,1520 ANY24
1520,ANY24,0.0001,0.02035456,1520 ANY24
1520,ANY24,0.0001,0.02035456,1520 ANY24
1520,ANY24,0.0001,0.02035456,1520 ANY24
1520,ANY24,0.0001,0.02035456,1520 ANY24
1520,ANY24,0.0002,0.02234611,1520 ANY24
1520,ANY24,0.0003,0.02449958,1520 ANY24
1520,ANY24,0.0004,0.0268246,1520 ANY24
1520,ANY24,0.0005,0.02933104,1520 ANY24
1520,ANY24,0.0006,0.03202895,1520 ANY24
1520,ANY24,0.0007,0.03492857,1520 ANY24
1520,ANY24,0.0008,0.03804025,1520 ANY24
1520,ANY24,0.0009,0.04137444,1520 ANY24
1520,ANY24,0.001,0.04494165,1520 ANY24
1520,ANY24,0.0012,0.05281707,1520 ANY24
1520,ANY24,0.0013,0.05714609,1520 ANY24
1520,ANY24,0.0015,0.06663773,1520 ANY24
1520,ANY24,0.0017,0.07730603,1520 ANY24
1520,ANY24,0.0018,0.08310462,1520 ANY24
1520,ANY24,0.002,0.09567329,1520 ANY24
1520,ANY24,0.0022,0.10958758,1520 ANY24
1520,ANY24,0.0023,0.11706573,1520 ANY24
1520,ANY24,0.0025,0.13309013,1520 ANY24
1520,ANY24,0.0028,0.15984873,1520 ANY24
1520,ANY24,0.0031,0.18990201,1520 ANY24
1520,ANY24,0.0033,0.21174651,1520 ANY24
1520,ANY24,0.0036,0.24712854,1520 ANY24
1520,ANY24,0.0039,0.28544837,1520 ANY24
1520,ANY24,0.0042,0.32638802,1520 ANY24
1520,ANY24,0.0044,0.35493619,1520 ANY24
1520,ANY24,0.0047,0.39928232,1520 ANY24
1520,ANY24,0.005,0.44496892,1520 ANY24
1520,ANY24,0.0056,0.53794653,1520 ANY24
1520,ANY24,0.0061,0.61407871,1520 ANY24
1520,ANY24,0.0067,0.69972515,1520 ANY24
1520,ANY24,0.0072,0.76371816,1520 ANY24
1520,ANY24,0.0078,0.82944102,1520 ANY24
1520,ANY24,0.0083,0.87423943,1520 ANY24
1520,ANY24,0.0089,0.91625394,1520 ANY24
1520,ANY24,0.0094,0.94237304,1520 ANY24
1520,ANY24,0.01,0.96474773,1520 ANY24
1520,AXIS,0.0,0.00604627,1520 AXIS
1520,AXIS,0.0,0.00604627,1520 AXIS
1520,AXIS,0.0,0.00604627,1520 AXIS
1520,AXIS,0.0,0.00604627,1520 AXIS
1520,AXIS,0.0,0.00604627,1520 AXIS
1520,AXIS,0.0001,0.00915853,1520 AXIS
1520,AXIS,0.0001,0.00915853,1520 AXIS
1520,AXIS,0.0001,0.00915853,1520 AXIS
1520,AXIS,0.0001,0.00915853,1520 AXIS
1520,AXIS,0.0001,0.00915853,1520 AXIS
1520,AXIS,0.0002,0.01385049,1520 AXIS
1520,AXIS,0.0003,0.02089547,1520 AXIS
1520,AXIS,0.0004,0.03140971,1520 AXIS
1520,AXIS,0.0005,0.04696078,1520 AXIS
1520,AXIS,0.0006,0.06965753,1520 AXIS
1520,AXIS,0.0007,0.10214818,1520 AXIS
1520,AXIS,0.0008,0.14739262,1520 AXIS
1520,AXIS,0.0009,0.20803383,1520 AXIS
1520,AXIS,0.001,0.28527654,1520 AXIS
1520,AXIS,0.0012,0.47959283,1520 AXIS
1520,AXIS,0.0013,0.58339046,1520 AXIS
1520,AXIS,0.0015,0.76377164,1520 AXIS
1520,AXIS,0.0017,0.88186725,1520 AXIS
1520,AXIS,0.0018,0.91898339,1520 AXIS
1520,AXIS,0.002,0.96322173,1520 AXIS
1520,AXIS,0.0022,0.98373177,1520 AXIS
1520,AXIS,0.0023,0.98923381,1520 AXIS
1520,AXIS,0.0025,0.99530842,1520 AXIS
1520,AXIS,0.0028,0.99865824,1520 AXIS
1520,AXIS,0.0031,0.99961718,1520 AXIS
1520,AXIS,0.0033,0.99983416,1520 AXIS
1520,AXIS,0.0036,0.99995272,1520 AXIS
1520,AXIS,0.0039,0.99998652,1520 AXIS
1520,AXIS,0.0042,0.99999616,1520 AXIS
1520,AXIS,0.0044,0.99999834,1520 AXIS
1520,AXIS,0.0047,0.99999953,1520 AXIS
1520,AXIS,0.005,0.99999986,1520 AXIS
1520,AXIS,0.0056,0.99999999,1520 AXIS
1520,AXIS,0.0061,1.0,1520 AXIS
1520,AXIS,0.0067,1.0,1520 AXIS
1520,AXIS,0.0072,1.0,1520 AXIS
1520,AXIS,0.0078,1.0,1520 AXIS
1520,AXIS,0.0083,1.0,1520 AXIS
1520,AXIS,0.0089,1.0,1520 AXIS
1520,AXIS,0.0094,1.0,1520 AXIS
1520,AXIS,0.01,1.0,1520 AXIS
1520,BRN_,,,1520 BRN_
1520,CRAN,,,1520 CRAN
1520,EDEM,,,1520 EDEM
1520,LTRK,,,1520 LTRK
1520,MO24,0.0,0.01510825,1520 MO24
1520,MO24,0.0,0.01510825,1520 MO24
1520,MO24,0.0,0.01510825,1520 MO24
1520,MO24,0.0,0.01510825,1520 MO24
1520,MO24,0.0,0.01510825,1520 MO24
1520,MO24,0.0001,0.01654573,1520 MO24
1520,MO24,0.0001,0.01654573,1520 MO24
1520,MO24,0.0001,0.01654573,1520 MO24
1520,MO24,0.0001,0.01654573,1520 MO24
1520,MO24,0.0001,0.01654573,1520 MO24
1520,MO24,0.0002,0.01798112,1520 MO24
1520,MO24,0.0003,0.01941441,1520 MO24
1520,MO24,0.0004,0.02084561,1520 MO24
1520,MO24,0.0005,0.02227472,1520 MO24
1520,MO24,0.0006,0.02370175,1520 MO24
1520,MO24,0.0007,0.02512669,1520 MO24
1520,MO24,0.0008,0.02654955,1520 MO24
1520,MO24,0.0009,0.02797034,1520 MO24
1520,MO24,0.001,0.02938905,1520 MO24
1520,MO24,0.0012,0.03222027,1520 MO24
1520,MO24,0.0013,0.03363278,1520 MO24
1520,MO24,0.0015,0.03645162,1520 MO24
1520,MO24,0.0017,0.03926223,1520 MO24
1520,MO24,0.0018,0.04066446,1520 MO24
1520,MO24,0.002,0.04346279,1520 MO24
1520,MO24,0.0022,0.04625295,1520 MO24
1520,MO24,0.0023,0.04764498,1520 MO24
1520,MO24,0.0025,0.05042294,1520 MO24
1520,MO24,0.0028,0.0545747,1520 MO24
1520,MO24,0.0031,0.05870831,1520 MO24
1520,MO24,0.0033,0.06145401,1520 MO24
1520,MO24,0.0036,0.06555754,1520 MO24
1520,MO24,0.0039,0.06964312,1520 MO24
1520,MO24,0.0042,0.07371085,1520 MO24
1520,MO24,0.0044,0.07641278,1520 MO24
1520,MO24,0.0047,0.08045091,1520 MO24
1520,MO24,0.005,0.08447138,1520 MO24
1520,MO24,0.0056,0.09245967,1520 MO24
1520,MO24,0.0061,0.0990633,1520 MO24
1520,MO24,0.0067,0.10692427,1520 MO24
1520,MO24,0.0072,0.11342265,1520 MO24
1520,MO24,0.0078,0.12115833,1520 MO24
1520,MO24,0.0083,0.12755314,1520 MO24
1520,MO24,0.0089,0.13516552,1520 MO24
1520,MO24,0.0094,0.14145841,1520 MO24
1520,MO24,0.01,0.14894946,1520 MO24
1520,NC24,,,1520 NC24
1520,TOT_MORT,0.0,0.03151183,1520 TOT_MORT
1520,TOT_MORT,0.0,0.03151183,1520 TOT_MORT
1520,TOT_MORT,0.0,0.03151183,1520 TOT_MORT
1520,TOT_MORT,0.0,0.03151183,1520 TOT_MORT
1520,TOT_MORT,0.0,0.03151183,1520 TOT_MORT
1520,TOT_MORT,0.0001,0.03151183,1520 TOT_MORT
1520,TOT_MORT,0.0001,0.03151183,1520 TOT_MORT
1520,TOT_MORT,0.0001,0.03151183,1520 TOT_MORT
1520,TOT_MORT,0.0001,0.03151183,1520 TOT_MORT
1520,TOT_MORT,0.0001,0.03151183,1520 TOT_MORT
1520,TOT_MORT,0.0002,0.03151198,1520 TOT_MORT
1520,TOT_MORT,0.0003,0.03151673,1520 TOT_MORT
1520,TOT_MORT,0.0004,0.03156344,1520 TOT_MORT
1520,TOT_MORT,0.0005,0.03180408,1520 TOT_MORT
1520,TOT_MORT,0.0006,0.03263022,1520 TOT_MORT
1520,TOT_MORT,0.0007,0.03478055,1520 TOT_MORT
1520,TOT_MORT,0.0008,0.03936098,1520 TOT_MORT
1520,TOT_MORT,0.0009,0.04774563,1520 TOT_MORT
1520,TOT_MORT,0.001,0.06137871,1520 TOT_MORT
1520,TOT_MORT,0.0012,0.10909197,1520 TOT_MORT
1520,TOT_MORT,0.0013,0.14439683,1520 TOT_MORT
1520,TOT_MORT,0.0015,0.23667717,1520 TOT_MORT
1520,TOT_MORT,0.0017,0.35035137,1520 TOT_MORT
1520,TOT_MORT,0.0018,0.41128979,1520 TOT_MORT
1520,TOT_MORT,0.002,0.53309207,1520 TOT_MORT
1520,TOT_MORT,0.0022,0.64568731,1520 TOT_MORT
1520,TOT_MORT,0.0023,0.69611225,1520 TOT_MORT
1520,TOT_MORT,0.0025,0.78282818,1520 TOT_MORT
1520,TOT_MORT,0.0028,0.87716981,1520 TOT_MORT
1520,TOT_MORT,0.0031,0.93520202,1520 TOT_MORT
1520,TOT_MORT,0.0033,0.95910885,1520 TOT_MORT
1520,TOT_MORT,0.0036,0.98040261,1520 TOT_MORT
1520,TOT_MORT,0.0039,0.9910462,1520 TOT_MORT
1520,TOT_MORT,0.0042,0.99607699,1520 TOT_MORT
1520,TOT_MORT,0.0044,0.99778353,1520 TOT_MORT
1520,TOT_MORT,0.0047,0.99908472,1520 TOT_MORT
1520,TOT_MORT,0.005,0.99963334,1520 TOT_MORT
1520,TOT_MORT,0.0056,0.99994562,1520 TOT_MORT
1520,TOT_MORT,0.0061,0.99998965,1520 TOT_MORT
1520,TOT_MORT,0.0067,0.99999868,1520 TOT_MORT
1520,TOT_MORT,0.0072,0.99999977,1520 TOT_MORT
1520,TOT_MORT,0.0078,0.99999997,1520 TOT_MORT
1520,TOT_MORT,0.0083,1.0,1520 TOT_MORT
1520,TOT_MORT,0.0089,1.0,1520 TOT_MORT
1520,TOT_MORT,0.0094,1.0,1520 TOT_MORT
1520,TOT_MORT,0.01,1.0,1520 TOT_MORT
1521,ALL_BUT_MORT,,,1521 ALL_BUT_MORT
1521,ANY120,0.0,0.02237951,1521 ANY120
1521,ANY120,0.0,0.02237951,1521 ANY120
1521,ANY120,0.0,0.02237951,1521 ANY120
1521,ANY120,0.0,0.02237951,1521 ANY120
1521,ANY120,0.0,0.02237951,1521 ANY120
1521,ANY120,0.0001,0.02681647,1521 ANY120
1521,ANY120,0.0001,0.02681647,1521 ANY120
1521,ANY120,0.0001,0.02681647,1521 ANY120
1521,ANY120,0.0001,0.02681647,1521 ANY120
1521,ANY120,0.0001,0.02681647,1521 ANY120
1521,ANY120,0.0002,0.03210421,1521 ANY120
1521,ANY120,0.0003,0.03839346,1521 ANY120
1521,ANY120,0.0004,0.04585641,1521 ANY120
1521,ANY120,0.0005,0.05468752,1521 ANY120
1521,ANY120,0.0006,0.06510329,1521 ANY120
1521,ANY120,0.0007,0.07734055,1521 ANY120
1521,ANY120,0.0008,0.09165251,1521 ANY120
1521,ANY120,0.0009,0.10830204,1521 ANY120
1521,ANY120,0.001,0.12755139,1521 ANY120
1521,ANY120,0.0012,0.17480536,1521 ANY120
1521,ANY120,0.0013,0.20318154,1521 ANY120
1521,ANY120,0.0015,0.26978991,1521 ANY120
1521,ANY120,0.0017,0.34867909,1521 ANY120
1521,ANY120,0.0018,0.39187647,1521 ANY120
1521,ANY120,0.002,0.48285844,1521 ANY120
1521,ANY120,0.0022,0.57499127,1521 ANY120
1521,ANY120,0.0023,0.61955604,1521 ANY120
1521,ANY120,0.0025,0.70234769,1521 ANY120
1521,ANY120,0.0028,0.80451562,1521 ANY120
1521,ANY120,0.0031,0.87772034,1521 ANY120
1521,ANY120,0.0033,0.91228468,1521 ANY120
1521,ANY120,0.0036,0.94775307,1521 ANY120
1521,ANY120,0.0039,0.96936121,1521 ANY120
1521,ANY120,0.0042,0.98220055,1521 ANY120
1521,ANY120,0.0044,0.98764748,1521 ANY120
1521,ANY120,0.0047,0.99288015,1521 ANY120
1521,ANY120,0.005,0.99590539,1521 ANY120
1521,ANY120,0.0056,0.99865026,1521 ANY120
1521,ANY120,0.0061,0.99946547,1521 ANY120
1521,ANY120,0.0067,0.99982422,1521 ANY120
1521,ANY120,0.0072,0.99993044,1521 ANY120
1521,ANY120,0.0078,0.99997713,1521 ANY120
1521,ANY120,0.0083,0.99999095,1521 ANY120
1521,ANY120,0.0089,0.99999703,1521 ANY120
1521,ANY120,0.0094,0.99999882,1521 ANY120
1521,ANY120,0.01,0.99999961,1521 ANY120
1521,ANY24,0.0,0.02932928,1521 ANY24
1521,ANY24,0.0,0.02932928,1521 ANY24
1521,ANY24,0.0,0.02932928,1521 ANY24
1521,ANY24,0.0,0.02932928,1521 ANY24
1521,ANY24,0.0,0.02932928,1521 ANY24
1521,ANY24,0.0001,0.02935064,1521 ANY24
1521,ANY24,0.0001,0.02935064,1521 ANY24
1521,ANY24,0.0001,0.02935064,1521 ANY24
1521,ANY24,0.0001,0.02935064,1521 ANY24
1521,ANY24,0.0001,0.02935064,1521 ANY24
1521,ANY24,0.0002,0.02943729,1521 ANY24
1521,ANY24,0.0003,0.02960802,1521 ANY24
1521,ANY24,0.0004,0.02987543,1521 ANY24
1521,ANY24,0.0005,0.03024941,1521 ANY24
1521,ANY24,0.0006,0.03073826,1521 ANY24
1521,ANY24,0.0007,0.03134916,1521 ANY24
1521,ANY24,0.0008,0.03208843,1521 ANY24
1521,ANY24,0.0009,0.03296173,1521 ANY24
1521,ANY24,0.001,0.03397419,1521 ANY24
1521,ANY24,0.0012,0.03643472,1521 ANY24
1521,ANY24,0.0013,0.03789088,1521 ANY24
1521,ANY24,0.0015,0.04127262,1521 ANY24
1521,ANY24,0.0017,0.04530021,1521 ANY24
1521,ANY24,0.0018,0.04756265,1521 ANY24
1521,ANY24,0.002,0.05259547,1521 ANY24
1521,ANY24,0.0022,0.05831697,1521 ANY24
1521,ANY24,0.0023,0.06143938,1521 ANY24
1521,ANY24,0.0025,0.06821244,1521 ANY24
1521,ANY24,0.0028,0.07970092,1521 ANY24
1521,ANY24,0.0031,0.09278619,1521 ANY24
1521,ANY24,0.0033,0.10239131,1521 ANY24
1521,ANY24,0.0036,0.11810255,1521 ANY24
1521,ANY24,0.0039,0.13534311,1521 ANY24
1521,ANY24,0.0042,0.15406046,1521 ANY24
1521,ANY24,0.0044,0.16732697,1521 ANY24
1521,ANY24,0.0047,0.18835209,1521 ANY24
1521,ANY24,0.005,0.21064936,1521 ANY24
1521,ANY24,0.0056,0.25865773,1521 ANY24
1521,ANY24,0.0061,0.30160111,1521 ANY24
1521,ANY24,0.0067,0.35578663,1521 ANY24
1521,ANY24,0.0072,0.40242325,1521 ANY24
1521,ANY24,0.0078,0.4592128,1521 ANY24
1521,ANY24,0.0083,0.50648746,1521 ANY24
1521,ANY24,0.0089,0.56226245,1521 ANY24
1521,ANY24,0.0094,0.60730383,1521 ANY24
1521,ANY24,0.01,0.65891042,1521 ANY24
1521,AXIS,0.0,1e-05,1521 AXIS
1521,AXIS,0.0,1e-05,1521 AXIS
1521,AXIS,0.0,1e-05,1521 AXIS
1521,AXIS,0.0,1e-05,1521 AXIS
1521,AXIS,0.0,1e-05,1521 AXIS
1521,AXIS,0.0001,1.807e-05,1521 AXIS
1521,AXIS,0.0001,1.807e-05,1521 AXIS
1521,AXIS,0.0001,1.807e-05,1521 AXIS
1521,AXIS,0.0001,1.807e-05,1521 AXIS
1521,AXIS,0.0001,1.807e-05,1521 AXIS
1521,AXIS,0.0002,7.044e-05,1521 AXIS
1521,AXIS,0.0003,0.00020626,1521 AXIS
1521,AXIS,0.0004,0.00046256,1521 AXIS
1521,AXIS,0.0005,0.00087501,1521 AXIS
1521,AXIS,0.0006,0.00147818,1521 AXIS
1521,AXIS,0.0007,0.00230562,1521 AXIS
1521,AXIS,0.0008,0.00338982,1521 AXIS
1521,AXIS,0.0009,0.00476218,1521 AXIS
1521,AXIS,0.001,0.00645288,1521 AXIS
1521,AXIS,0.0012,0.01090311,1521 AXIS
1521,AXIS,0.0013,0.01371563,1521 AXIS
1521,AXIS,0.0015,0.02063439,1521 AXIS
1521,AXIS,0.0017,0.02941222,1521 AXIS
1521,AXIS,0.0018,0.03453965,1521 AXIS
1521,AXIS,0.002,0.04633129,1521 AXIS
1521,AXIS,0.0022,0.06021822,1521 AXIS
1521,AXIS,0.0023,0.06795349,1521 AXIS
1521,AXIS,0.0025,0.0849928,1521 AXIS
1521,AXIS,0.0028,0.11433805,1521 AXIS
1521,AXIS,0.0031,0.14785594,1521 AXIS
1521,AXIS,0.0033,0.1722299,1521 AXIS
1521,AXIS,0.0036,0.21129317,1521 AXIS
1521,AXIS,0.0039,0.25263047,1521 AXIS
1521,AXIS,0.0042,0.29538871,1521 AXIS
1521,AXIS,0.0044,0.32427011,1521 AXIS
1521,AXIS,0.0047,0.36758007,1521 AXIS
1521,AXIS,0.005,0.41026564,1521 AXIS
1521,AXIS,0.0056,0.49158786,1521 AXIS
1521,AXIS,0.0061,0.55349145,1521 AXIS
1521,AXIS,0.0067,0.61947704,1521 AXIS
1521,AXIS,0.0072,0.66739153,1521 AXIS
1521,AXIS,0.0078,0.71685892,1521 AXIS
1521,AXIS,0.0083,0.75202205,1521 AXIS
1521,AXIS,0.0089,0.78787802,1521 AXIS
1521,AXIS,0.0094,0.81320386,1521 AXIS
1521,AXIS,0.01,0.83898719,1521 AXIS
1521,BRN_,,,1521 BRN_
1521,CRAN,,,1521 CRAN
1521,EDEM,,,1521 EDEM
1521,LTRK,,,1521 LTRK
1521,MO24,0.0,0.01420814,1521 MO24
1521,MO24,0.0,0.01420814,1521 MO24
1521,MO24,0.0,0.01420814,1521 MO24
1521,MO24,0.0,0.01420814,1521 MO24
1521,MO24,0.0,0.01420814,1521 MO24
1521,MO24,0.0001,0.01506114,1521 MO24
1521,MO24,0.0001,0.01506114,1521 MO24
1521,MO24,0.0001,0.01506114,1521 MO24
1521,MO24,0.0001,0.01506114,1521 MO24
1521,MO24,0.0001,0.01506114,1521 MO24
1521,MO24,0.0002,0.01632337,1521 MO24
1521,MO24,0.0003,0.01780488,1521 MO24
1521,MO24,0.0004,0.01944843,1521 MO24
1521,MO24,0.0005,0.02122306,1521 MO24
1521,MO24,0.0006,0.02310878,1521 MO24
1521,MO24,0.0007,0.02509133,1521 MO24
1521,MO24,0.0008,0.02715995,1521 MO24
1521,MO24,0.0009,0.02930613,1521 MO24
1521,MO24,0.001,0.03152295,1521 MO24
1521,MO24,0.0012,0.03614621,1521 MO24
1521,MO24,0.0013,0.03854346,1521 MO24
1521,MO24,0.0015,0.04349047,1521 MO24
1521,MO24,0.0017,0.04862044,1521 MO24
1521,MO24,0.0018,0.05124752,1521 MO24
1521,MO24,0.002,0.05661479,1521 MO24
1521,MO24,0.0022,0.06212008,1521 MO24
1521,MO24,0.0023,0.06492023,1521 MO24
1521,MO24,0.0025,0.07060794,1521 MO24
1521,MO24,0.0028,0.07933808,1521 MO24
1521,MO24,0.0031,0.08827842,1521 MO24
1521,MO24,0.0033,0.09434173,1521 MO24
1521,MO24,0.0036,0.10357337,1521 MO24
1521,MO24,0.0039,0.11294988,1521 MO24
1521,MO24,0.0042,0.12245203,1521 MO24
1521,MO24,0.0044,0.12884804,1521 MO24
1521,MO24,0.0047,0.13852224,1521 MO24
1521,MO24,0.005,0.14827992,1521 MO24
1521,MO24,0.0056,0.16799411,1521 MO24
1521,MO24,0.0061,0.18457096,1521 MO24
1521,MO24,0.0067,0.20457234,1521 MO24
1521,MO24,0.0072,0.22128423,1521 MO24
1521,MO24,0.0078,0.24133914,1521 MO24
1521,MO24,0.0083,0.25801606,1521 MO24
1521,MO24,0.0089,0.27794522,1521 MO24
1521,MO24,0.0094,0.29445542,1521 MO24
1521,MO24,0.01,0.31411896,1521 MO24
1521,NC24,,,1521 NC24
1521,TOT_MORT,0.0,0.05468538,1521 TOT_MORT
1521,TOT_MORT,0.0,0.05468538,1521 TOT_MORT
1521,TOT_MORT,0.0,0.05468538,1521 TOT_MORT
1521,TOT_MORT,0.0,0.05468538,1521 TOT_MORT
1521,TOT_MORT,0.0,0.05468538,1521 TOT_MORT
1521,TOT_MORT,0.0001,0.05468538,1521 TOT_MORT
1521,TOT_MORT,0.0001,0.05468538,1521 TOT_MORT
1521,TOT_MORT,0.0001,0.05468538,1521 TOT_MORT
1521,TOT_MORT,0.0001,0.05468538,1521 TOT_MORT
1521,TOT_MORT,0.0001,0.05468538,1521 TOT_MORT
1521,TOT_MORT,0.0002,0.05468538,1521 TOT_MORT
1521,TOT_MORT,0.0003,0.05468538,1521 TOT_MORT
1521,TOT_MORT,0.0004,0.05468538,1521 TOT_MORT
1521,TOT_MORT,0.0005,0.05468538,1521 TOT_MORT
1521,TOT_MORT,0.0006,0.05468538,1521 TOT_MORT
1521,TOT_MORT,0.0007,0.05468538,1521 TOT_MORT
1521,TOT_MORT,0.0008,0.05468538,1521 TOT_MORT
1521,TOT_MORT,0.0009,0.05468538,1521 TOT_MORT
1521,TOT_MORT,0.001,0.05468538,1521 TOT_MORT
1521,TOT_MORT,0.0012,0.05468538,1521 TOT_MORT
1521,TOT_MORT,0.0013,0.05468538,1521 TOT_MORT
1521,TOT_MORT,0.0015,0.05468538,1521 TOT_MORT
1521,TOT_MORT,0.0017,0.05468538,1521 TOT_MORT
1521,TOT_MORT,0.0018,0.05468538,1521 TOT_MORT
1521,TOT_MORT,0.002,0.05468538,1521 TOT_MORT
1521,TOT_MORT,0.0022,0.05468538,1521 TOT_MORT
1521,TOT_MORT,0.0023,0.05468538,1521 TOT_MORT
1521,TOT_MORT,0.0025,0.05468538,1521 TOT_MORT
1521,TOT_MORT,0.0028,0.05468538,1521 TOT_MORT
1521,TOT_MORT,0.0031,0.05468545,1521 TOT_MORT
1521,TOT_MORT,0.0033,0.0546859,1521 TOT_MORT
1521,TOT_MORT,0.0036,0.05469316,1521 TOT_MORT
1521,TOT_MORT,0.0039,0.05477758,1521 TOT_MORT
1521,TOT_MORT,0.0042,0.05559424,1521 TOT_MORT
1521,TOT_MORT,0.0044,0.05849789,1521 TOT_MORT
1521,TOT_MORT,0.0047,0.08316191,1521 TOT_MORT
1521,TOT_MORT,0.005,0.21875221,1521 TOT_MORT
1521,TOT_MORT,0.0056,0.88121523,1521 TOT_MORT
1521,TOT_MORT,0.0061,0.99041916,1521 TOT_MORT
1521,TOT_MORT,0.0067,0.99946662,1521 TOT_MORT
1521,TOT_MORT,0.0072,0.99994222,1521 TOT_MORT
1521,TOT_MORT,0.0078,0.99999512,1521 TOT_MORT
1521,TOT_MORT,0.0083,0.99999928,1521 TOT_MORT
1521,TOT_MORT,0.0089,0.99999992,1521 TOT_MORT
1521,TOT_MORT,0.0094,0.99999998,1521 TOT_MORT
1521,TOT_MORT,0.01,1.0,1521 TOT_MORT
2677,ALL_BUT_MORT,,,2677 ALL_BUT_MORT
2677,ANY120,0.0,0.0934121,2677 ANY120
2677,ANY120,0.0,0.0934121,2677 ANY120
2677,ANY120,0.0,0.0934121,2677 ANY120
2677,ANY120,0.0,0.0934121,2677 ANY120
2677,ANY120,0.0001,0.0934121,2677 ANY120
2677,ANY120,0.0001,0.0934121,2677 ANY120
2677,ANY120,0.0001,0.0934121,2677 ANY120
2677,ANY120,0.0001,0.0934121,2677 ANY120
2677,ANY120,0.0001,0.0934121,2677 ANY120
2677,ANY120,0.0001,0.0934121,2677 ANY120
2677,ANY120,0.0002,0.0934121,2677 ANY120
2677,ANY120,0.0002,0.0934121,2677 ANY120
2677,ANY120,0.0003,0.0934121,2677 ANY120
2677,ANY120,0.0004,0.0934121,2677 ANY120
2677,ANY120,0.0004,0.0934121,2677 ANY120
2677,ANY120,0.0005,0.0934121,2677 ANY120
2677,ANY120,0.0005,0.0934121,2677 ANY120
2677,ANY120,0.0006,0.0934121,2677 ANY120
2677,ANY120,0.0006,0.0934121,2677 ANY120
2677,ANY120,0.0009,0.0934121,2677 ANY120
2677,ANY120,0.0012,0.0934121,2677 ANY120
2677,ANY120,0.0015,0.0934121,2677 ANY120
2677,ANY120,0.0018,0.0934121,2677 ANY120
2677,ANY120,0.0021,0.0934121,2677 ANY120
2677,ANY120,0.0023,0.0934121,2677 ANY120
2677,ANY120,0.0026,0.0934121,2677 ANY120
2677,ANY120,0.0029,0.0934121,2677 ANY120
2677,ANY120,0.0032,0.0934121,2677 ANY120
2677,ANY120,0.0046,0.0934121,2677 ANY120
2677,ANY120,0.006,0.0934121,2677 ANY120
2677,ANY120,0.0075,0.0934121,2677 ANY120
2677,ANY120,0.0089,0.0934121,2677 ANY120
2677,ANY120,0.0103,0.0934121,2677 ANY120
2677,ANY120,0.0117,0.0934121,2677 ANY120
2677,ANY120,0.0132,0.0934121,2677 ANY120
2677,ANY120,0.0146,0.0934121,2677 ANY120
2677,ANY120,0.016,0.0934121,2677 ANY120
2677,ANY120,0.0231,0.0934121,2677 ANY120
2677,ANY120,0.0302,0.0934121,2677 ANY120
2677,ANY120,0.0373,0.0934121,2677 ANY120
2677,ANY120,0.0444,0.0934121,2677 ANY120
2677,ANY120,0.0516,0.0934121,2677 ANY120
2677,ANY120,0.0587,0.0934121,2677 ANY120
2677,ANY120,0.0658,0.0934121,2677 ANY120
2677,ANY120,0.0729,0.0934121,2677 ANY120
2677,ANY120,0.08,0.0934121,2677 ANY120
2677,ANY120,0.1156,0.0934121,2677 ANY120
2677,ANY120,0.1511,0.0934121,2677 ANY120
2677,ANY120,0.1867,0.0934121,2677 ANY120
2677,ANY120,0.2222,0.0934121,2677 ANY120
2677,ANY120,0.2578,0.0934121,2677 ANY120
2677,ANY120,0.2933,0.0934121,2677 ANY120
2677,ANY120,0.3289,0.0934121,2677 ANY120
2677,ANY120,0.3644,0.0934121,2677 ANY120
2677,ANY120,0.4,0.0934121,2677 ANY120
2677,ANY120,0.5778,0.09341213,2677 ANY120
2677,ANY120,0.7556,0.09341237,2677 ANY120
2677,ANY120,0.9333,0.09341367,2677 ANY120
2677,ANY120,1.1111,0.09341851,2677 ANY120
2677,ANY120,1.2889,0.09343277,2677 ANY120
2677,ANY120,1.4667,0.09346801,2677 ANY120
2677,ANY120,1.6444,0.09354422,2677 ANY120
2677,ANY120,1.8222,0.09369278,2677 ANY120
2677,ANY120,2.0,0.09395877,2677 ANY120
2677,ANY120,2.8889,0.0997354,2677 ANY120
2677,ANY120,3.7778,0.1233233,2677 ANY120
2677,ANY120,4.6667,0.17888077,2677 ANY120
2677,ANY120,5.5556,0.27089603,2677 ANY120
2677,ANY120,6.4444,0.39035387,2677 ANY120
2677,ANY120,7.3333,0.52020479,2677 ANY120
2677,ANY120,8.2222,0.64346502,2677 ANY120
2677,ANY120,9.1111,0.74865257,2677 ANY120
2677,ANY120,10.0,0.83103184,2677 ANY120
2677,ANY120,14.4444,0.98668814,2677 ANY120
2677,ANY120,18.8889,0.99944443,2677 ANY120
2677,ANY120,23.3333,0.99998441,2677 ANY120
2677,ANY120,27.7778,0.99999967,2677 ANY120
2677,ANY120,32.2222,0.99999999,2677 ANY120
2677,ANY120,36.6667,1.0,2677 ANY120
2677,ANY120,41.1111,1.0,2677 ANY120
2677,ANY120,45.5556,1.0,2677 ANY120
2677,ANY120,50.0,1.0,2677 ANY120
2677,ANY24,,,2677 ANY24
2677,AXIS,,,2677 AXIS
2677,BRN_,,,2677 BRN_
2677,CRAN,0.0,0.04383749,2677 CRAN
2677,CRAN,0.0,0.04383749,2677 CRAN
2677,CRAN,0.0,0.04383749,2677 CRAN
2677,CRAN,0.0,0.04383749,2677 CRAN
2677,CRAN,0.0001,0.04386853,2677 CRAN
2677,CRAN,0.0001,0.04386853,2677 CRAN
2677,CRAN,0.0001,0.04386853,2677 CRAN
2677,CRAN,0.0001,0.04386853,2677 CRAN
2677,CRAN,0.0001,0.04386853,2677 CRAN
2677,CRAN,0.0001,0.04386853,2677 CRAN
2677,CRAN,0.0002,0.04388499,2677 CRAN
2677,CRAN,0.0002,0.04388499,2677 CRAN
2677,CRAN,0.0003,0.04389842,2677 CRAN
2677,CRAN,0.0004,0.04391018,2677 CRAN
2677,CRAN,0.0004,0.04391018,2677 CRAN
2677,CRAN,0.0005,0.04392086,2677 CRAN
2677,CRAN,0.0005,0.04392086,2677 CRAN
2677,CRAN,0.0006,0.04393073,2677 CRAN
2677,CRAN,0.0006,0.04393073,2677 CRAN
2677,CRAN,0.0009,0.04395708,2677 CRAN
2677,CRAN,0.0012,0.04398018,2677 CRAN
2677,CRAN,0.0015,0.04400113,2677 CRAN
2677,CRAN,0.0018,0.04402051,2677 CRAN
2677,CRAN,0.0021,0.04403867,2677 CRAN
2677,CRAN,0.0023,0.04405022,2677 CRAN
2677,CRAN,0.0026,0.04406685,2677 CRAN
2677,CRAN,0.0029,0.04408275,2677 CRAN
2677,CRAN,0.0032,0.04409803,2677 CRAN
2677,CRAN,0.0046,0.04416305,2677 CRAN
2677,CRAN,0.006,0.04422072,2677 CRAN
2677,CRAN,0.0075,0.04427698,2677 CRAN
2677,CRAN,0.0089,0.04432566,2677 CRAN
2677,CRAN,0.0103,0.04437146,2677 CRAN
2677,CRAN,0.0117,0.04441491,2677 CRAN
2677,CRAN,0.0132,0.04445929,2677 CRAN
2677,CRAN,0.0146,0.04449899,2677 CRAN
2677,CRAN,0.016,0.04453723,2677 CRAN
2677,CRAN,0.0231,0.04471417,2677 CRAN
2677,CRAN,0.0302,0.04487094,2677 CRAN
2677,CRAN,0.0373,0.04501395,2677 CRAN
2677,CRAN,0.0444,0.04514676,2677 CRAN
2677,CRAN,0.0516,0.04527329,2677 CRAN
2677,CRAN,0.0587,0.04539153,2677 CRAN
2677,CRAN,0.0658,0.04550435,2677 CRAN
2677,CRAN,0.0729,0.04561256,2677 CRAN
2677,CRAN,0.08,0.04571677,2677 CRAN
2677,CRAN,0.1156,0.04619321,2677 CRAN
2677,CRAN,0.1511,0.0466141,2677 CRAN
2677,CRAN,0.1867,0.04699913,2677 CRAN
2677,CRAN,0.2222,0.04735565,2677 CRAN
2677,CRAN,0.2578,0.04769166,2677 CRAN
2677,CRAN,0.2933,0.04800927,2677 CRAN
2677,CRAN,0.3289,0.04831316,2677 CRAN
2677,CRAN,0.3644,0.04860378,2677 CRAN
2677,CRAN,0.4,0.04888443,2677 CRAN
2677,CRAN,0.5778,0.05016244,2677 CRAN
2677,CRAN,0.7556,0.05129453,2677 CRAN
2677,CRAN,0.9333,0.05232659,2677 CRAN
2677,CRAN,1.1111,0.05328543,2677 CRAN
2677,CRAN,1.2889,0.05418647,2677 CRAN
2677,CRAN,1.4667,0.05504052,2677 CRAN
2677,CRAN,1.6444,0.05585489,2677 CRAN
2677,CRAN,1.8222,0.05663628,2677 CRAN
2677,CRAN,2.0,0.05738867,2677 CRAN
2677,CRAN,2.8889,0.06081795,2677 CRAN
2677,CRAN,3.7778,0.06385482,2677 CRAN
2677,CRAN,4.6667,0.06662408,2677 CRAN
2677,CRAN,5.5556,0.06919464,2677 CRAN
2677,CRAN,6.4444,0.07160927,2677 CRAN
2677,CRAN,7.3333,0.07389763,2677 CRAN
2677,CRAN,8.2222,0.07608025,2677 CRAN
2677,CRAN,9.1111,0.07817266,2677 CRAN
2677,CRAN,10.0,0.08018684,2677 CRAN
2677,CRAN,14.4444,0.08936024,2677 CRAN
2677,CRAN,18.8889,0.09747236,2677 CRAN
2677,CRAN,23.3333,0.10485875,2677 CRAN
2677,CRAN,27.7778,0.11170538,2677 CRAN
2677,CRAN,32.2222,0.11812796,2677 CRAN
2677,CRAN,36.6667,0.12420531,2677 CRAN
2677,CRAN,41.1111,0.12999333,2677 CRAN
2677,CRAN,45.5556,0.13553426,2677 CRAN
2677,CRAN,50.0,0.14086017,2677 CRAN
2677,EDEM,0.0,0.05825929,2677 EDEM
2677,EDEM,0.0,0.05825929,2677 EDEM
2677,EDEM,0.0,0.05825929,2677 EDEM
2677,EDEM,0.0,0.05825929,2677 EDEM
2677,EDEM,0.0001,0.05827593,2677 EDEM
2677,EDEM,0.0001,0.05827593,2677 EDEM
2677,EDEM,0.0001,0.05827593,2677 EDEM
2677,EDEM,0.0001,0.05827593,2677 EDEM
2677,EDEM,0.0001,0.05827593,2677 EDEM
2677,EDEM,0.0001,0.05827593,2677 EDEM
2677,EDEM,0.0002,0.05828547,2677 EDEM
2677,EDEM,0.0002,0.05828547,2677 EDEM
2677,EDEM,0.0003,0.05829342,2677 EDEM
2677,EDEM,0.0004,0.05830049,2677 EDEM
2677,EDEM,0.0004,0.05830049,2677 EDEM
2677,EDEM,0.0005,0.05830696,2677 EDEM
2677,EDEM,0.0005,0.05830696,2677 EDEM
2677,EDEM,0.0006,0.058313,2677 EDEM
2677,EDEM,0.0006,0.058313,2677 EDEM
2677,EDEM,0.0009,0.05832932,2677 EDEM
2677,EDEM,0.0012,0.05834381,2677 EDEM
2677,EDEM,0.0015,0.0583571,2677 EDEM
2677,EDEM,0.0018,0.05836949,2677 EDEM
2677,EDEM,0.0021,0.05838118,2677 EDEM
2677,EDEM,0.0023,0.05838865,2677 EDEM
2677,EDEM,0.0026,0.05839945,2677 EDEM
2677,EDEM,0.0029,0.05840983,2677 EDEM
2677,EDEM,0.0032,0.05841984,2677 EDEM
2677,EDEM,0.0046,0.05846286,2677 EDEM
2677,EDEM,0.006,0.0585015,2677 EDEM
2677,EDEM,0.0075,0.05853956,2677 EDEM
2677,EDEM,0.0089,0.05857276,2677 EDEM
2677,EDEM,0.0103,0.0586042,2677 EDEM
2677,EDEM,0.0117,0.05863418,2677 EDEM
2677,EDEM,0.0132,0.05866496,2677 EDEM
2677,EDEM,0.0146,0.05869261,2677 EDEM
2677,EDEM,0.016,0.05871936,2677 EDEM
2677,EDEM,0.0231,0.05884428,2677 EDEM
2677,EDEM,0.0302,0.05895638,2677 EDEM
2677,EDEM,0.0373,0.05905962,2677 EDEM
2677,EDEM,0.0444,0.05915624,2677 EDEM
2677,EDEM,0.0516,0.0592489,2677 EDEM
2677,EDEM,0.0587,0.05933597,2677 EDEM
2677,EDEM,0.0658,0.05941946,2677 EDEM
2677,EDEM,0.0729,0.05949989,2677 EDEM
2677,EDEM,0.08,0.05957764,2677 EDEM
2677,EDEM,0.1156,0.05993656,2677 EDEM
2677,EDEM,0.1511,0.06025767,2677 EDEM
2677,EDEM,0.1867,0.06055425,2677 EDEM
2677,EDEM,0.2222,0.06083101,2677 EDEM
2677,EDEM,0.2578,0.06109354,2677 EDEM
2677,EDEM,0.2933,0.06134308,2677 EDEM
2677,EDEM,0.3289,0.06158302,2677 EDEM
2677,EDEM,0.3644,0.06181348,2677 EDEM
2677,EDEM,0.4,0.06203691,2677 EDEM
2677,EDEM,0.5778,0.06306413,2677 EDEM
2677,EDEM,0.7556,0.06398566,2677 EDEM
2677,EDEM,0.9333,0.06483387,2677 EDEM
2677,EDEM,1.1111,0.06562801,2677 EDEM
2677,EDEM,1.2889,0.06637911,2677 EDEM
2677,EDEM,1.4667,0.06709503,2677 EDEM
2677,EDEM,1.6444,0.06778104,2677 EDEM
2677,EDEM,1.8222,0.06844213,2677 EDEM
2677,EDEM,2.0,0.06908119,2677 EDEM
2677,EDEM,2.8889,0.07202182,2677 EDEM
2677,EDEM,3.7778,0.07465904,2677 EDEM
2677,EDEM,4.6667,0.07708695,2677 EDEM
2677,EDEM,5.5556,0.07935804,2677 EDEM
2677,EDEM,6.4444,0.08150514,2677 EDEM
2677,EDEM,7.3333,0.08355124,2677 EDEM
2677,EDEM,8.2222,0.08551229,2677 EDEM
2677,EDEM,9.1111,0.08740043,2677 EDEM
2677,EDEM,10.0,0.08922505,2677 EDEM
2677,EDEM,14.4444,0.09761363,2677 EDEM
2677,EDEM,18.8889,0.10512451,2677 EDEM
2677,EDEM,23.3333,0.11202773,2677 EDEM
2677,EDEM,27.7778,0.11847462,2677 EDEM
2677,EDEM,32.2222,0.12456006,2677 EDEM
2677,EDEM,36.6667,0.1303492,2677 EDEM
2677,EDEM,41.1111,0.13588845,2677 EDEM
2677,EDEM,45.5556,0.14121312,2677 EDEM
2677,EDEM,50.0,0.14635011,2677 EDEM
2677,LTRK,,,2677 LTRK
2677,MO24,0.0,0.00347189,2677 MO24
2677,MO24,0.0,0.00347189,2677 MO24
2677,MO24,0.0,0.00347189,2677 MO24
2677,MO24,0.0,0.00347189,2677 MO24
2677,MO24,0.0001,0.00347189,2677 MO24
2677,MO24,0.0001,0.00347189,2677 MO24
2677,MO24,0.0001,0.00347189,2677 MO24
2677,MO24,0.0001,0.00347189,2677 MO24
2677,MO24,0.0001,0.00347189,2677 MO24
2677,MO24,0.0001,0.00347189,2677 MO24
2677,MO24,0.0002,0.00347189,2677 MO24
2677,MO24,0.0002,0.00347189,2677 MO24
2677,MO24,0.0003,0.00347189,2677 MO24
2677,MO24,0.0004,0.00347189,2677 MO24
2677,MO24,0.0004,0.00347189,2677 MO24
2677,MO24,0.0005,0.00347189,2677 MO24
2677,MO24,0.0005,0.00347189,2677 MO24
2677,MO24,0.0006,0.00347189,2677 MO24
2677,MO24,0.0006,0.00347189,2677 MO24
2677,MO24,0.0009,0.00347189,2677 MO24
2677,MO24,0.0012,0.00347189,2677 MO24
2677,MO24,0.0015,0.00347189,2677 MO24
2677,MO24,0.0018,0.00347189,2677 MO24
2677,MO24,0.0021,0.00347189,2677 MO24
2677,MO24,0.0023,0.00347189,2677 MO24
2677,MO24,0.0026,0.00347189,2677 MO24
2677,MO24,0.0029,0.00347189,2677 MO24
2677,MO24,0.0032,0.00347189,2677 MO24
2677,MO24,0.0046,0.00347189,2677 MO24
2677,MO24,0.006,0.00347189,2677 MO24
2677,MO24,0.0075,0.00347189,2677 MO24
2677,MO24,0.0089,0.00347189,2677 MO24
2677,MO24,0.0103,0.00347189,2677 MO24
2677,MO24,0.0117,0.00347189,2677 MO24
2677,MO24,0.0132,0.00347189,2677 MO24
2677,MO24,0.0146,0.00347189,2677 MO24
2677,MO24,0.016,0.00347189,2677 MO24
2677,MO24,0.0231,0.00347189,2677 MO24
2677,MO24,0.0302,0.00347189,2677 MO24
2677,MO24,0.0373,0.00347189,2677 MO24
2677,MO24,0.0444,0.00347189,2677 MO24
2677,MO24,0.0516,0.00347189,2677 MO24
2677,MO24,0.0587,0.00347189,2677 MO24
2677,MO24,0.0658,0.00347189,2677 MO24
2677,MO24,0.0729,0.00347189,2677 MO24
2677,MO24,0.08,0.00347189,2677 MO24
2677,MO24,0.1156,0.00347189,2677 MO24
2677,MO24,0.1511,0.00347189,2677 MO24
2677,MO24,0.1867,0.00347189,2677 MO24
2677,MO24,0.2222,0.00347189,2677 MO24
2677,MO24,0.2578,0.00347189,2677 MO24
2677,MO24,0.2933,0.00347189,2677 MO24
2677,MO24,0.3289,0.00347189,2677 MO24
2677,MO24,0.3644,0.00347189,2677 MO24
2677,MO24,0.4,0.00347189,2677 MO24
2677,MO24,0.5778,0.00347189,2677 MO24
2677,MO24,0.7556,0.00347189,2677 MO24
2677,MO24,0.9333,0.00347189,2677 MO24
2677,MO24,1.1111,0.00347189,2677 MO24
2677,MO24,1.2889,0.00347189,2677 MO24
2677,MO24,1.4667,0.00347189,2677 MO24
2677,MO24,1.6444,0.00347189,2677 MO24
2677,MO24,1.8222,0.00347189,2677 MO24
2677,MO24,2.0,0.00347189,2677 MO24
2677,MO24,2.8889,0.00347189,2677 MO24
2677,MO24,3.7778,0.00347189,2677 MO24
2677,MO24,4.6667,0.00347189,2677 MO24
2677,MO24,5.5556,0.00347189,2677 MO24
2677,MO24,6.4444,0.00347189,2677 MO24
2677,MO24,7.3333,0.00347189,2677 MO24
2677,MO24,8.2222,0.00347189,2677 MO24
2677,MO24,9.1111,0.00347189,2677 MO24
2677,MO24,10.0,0.0034719,2677 MO24
2677,MO24,14.4444,0.00347258,2677 MO24
2677,MO24,18.8889,0.00348147,2677 MO24
2677,MO24,23.3333,0.00354072,2677 MO24
2677,MO24,27.7778,0.00379428,2677 MO24
2677,MO24,32.2222,0.00459134,2677 MO24
2677,MO24,36.6667,0.0065886,2677 MO24
2677,MO24,41.1111,0.01079619,2677 MO24
2677,MO24,45.5556,0.01852731,2677 MO24
2677,MO24,50.0,0.03124477,2677 MO24
2677,NC24,0.0,0.01978482,2677 NC24
2677,NC24,0.0,0.01978482,2677 NC24
2677,NC24,0.0,0.01978482,2677 NC24
2677,NC24,0.0,0.01978482,2677 NC24
2677,NC24,0.0001,0.01978482,2677 NC24
2677,NC24,0.0001,0.01978482,2677 NC24
2677,NC24,0.0001,0.01978482,2677 NC24
2677,NC24,0.0001,0.01978482,2677 NC24
2677,NC24,0.0001,0.01978482,2677 NC24
2677,NC24,0.0001,0.01978482,2677 NC24
2677,NC24,0.0002,0.01978482,2677 NC24
2677,NC24,0.0002,0.01978482,2677 NC24
2677,NC24,0.0003,0.01978482,2677 NC24
2677,NC24,0.0004,0.01978482,2677 NC24
2677,NC24,0.0004,0.01978482,2677 NC24
2677,NC24,0.0005,0.01978482,2677 NC24
2677,NC24,0.0005,0.01978482,2677 NC24
2677,NC24,0.0006,0.01978482,2677 NC24
2677,NC24,0.0006,0.01978482,2677 NC24
2677,NC24,0.0009,0.01978482,2677 NC24
2677,NC24,0.0012,0.01978482,2677 NC24
2677,NC24,0.0015,0.01978482,2677 NC24
2677,NC24,0.0018,0.01978482,2677 NC24
2677,NC24,0.0021,0.01978482,2677 NC24
2677,NC24,0.0023,0.01978482,2677 NC24
2677,NC24,0.0026,0.01978482,2677 NC24
2677,NC24,0.0029,0.01978482,2677 NC24
2677,NC24,0.0032,0.01978482,2677 NC24
2677,NC24,0.0046,0.01978482,2677 NC24
2677,NC24,0.006,0.01978482,2677 NC24
2677,NC24,0.0075,0.01978482,2677 NC24
2677,NC24,0.0089,0.01978482,2677 NC24
2677,NC24,0.0103,0.01978482,2677 NC24
2677,NC24,0.0117,0.01978482,2677 NC24
2677,NC24,0.0132,0.01978482,2677 NC24
2677,NC24,0.0146,0.01978482,2677 NC24
2677,NC24,0.016,0.01978482,2677 NC24
2677,NC24,0.0231,0.01978482,2677 NC24
2677,NC24,0.0302,0.01978482,2677 NC24
2677,NC24,0.0373,0.01978482,2677 NC24
2677,NC24,0.0444,0.01978482,2677 NC24
2677,NC24,0.0516,0.01978482,2677 NC24
2677,NC24,0.0587,0.01978482,2677 NC24
2677,NC24,0.0658,0.01978482,2677 NC24
2677,NC24,0.0729,0.01978482,2677 NC24
2677,NC24,0.08,0.01978482,2677 NC24
2677,NC24,0.1156,0.01978482,2677 NC24
2677,NC24,0.1511,0.01978483,2677 NC24
2677,NC24,0.1867,0.01978484,2677 NC24
2677,NC24,0.2222,0.01978486,2677 NC24
2677,NC24,0.2578,0.01978489,2677 NC24
2677,NC24,0.2933,0.01978492,2677 NC24
2677,NC24,0.3289,0.01978497,2677 NC24
2677,NC24,0.3644,0.01978503,2677 NC24
2677,NC24,0.4,0.01978511,2677 NC24
2677,NC24,0.5778,0.01978582,2677 NC24
2677,NC24,0.7556,0.01978726,2677 NC24
2677,NC24,0.9333,0.01978976,2677 NC24
2677,NC24,1.1111,0.01979365,2677 NC24
2677,NC24,1.2889,0.01979931,2677 NC24
2677,NC24,1.4667,0.01980712,2677 NC24
2677,NC24,1.6444,0.01981747,2677 NC24
2677,NC24,1.8222,0.01983079,2677 NC24
2677,NC24,2.0,0.01984753,2677 NC24
2677,NC24,2.8889,0.01999846,2677 NC24
2677,NC24,3.7778,0.02030719,2677 NC24
2677,NC24,4.6667,0.0208409,2677 NC24
2677,NC24,5.5556,0.02167184,2677 NC24
2677,NC24,6.4444,0.02287594,2677 NC24
2677,NC24,7.3333,0.02453235,2677 NC24
2677,NC24,8.2222,0.02672146,2677 NC24
2677,NC24,9.1111,0.02952419,2677 NC24
2677,NC24,10.0,0.03302063,2677 NC24
2677,NC24,14.4444,0.06346452,2677 NC24
2677,NC24,18.8889,0.12015088,2677 NC24
2677,NC24,23.3333,0.20355836,2677 NC24
2677,NC24,27.7778,0.30611403,2677 NC24
2677,NC24,32.2222,0.41543138,2677 NC24
2677,NC24,36.6667,0.51979894,2677 NC24
2677,NC24,41.1111,0.6117645,2677 NC24
2677,NC24,45.5556,0.68853064,2677 NC24
2677,NC24,50.0,0.75047938,2677 NC24
2677,TOT_MORT,0.0,0.01279382,2677 TOT_MORT
2677,TOT_MORT,0.0,0.01279382,2677 TOT_MORT
2677,TOT_MORT,0.0,0.01279382,2677 TOT_MORT
2677,TOT_MORT,0.0,0.01279382,2677 TOT_MORT
2677,TOT_MORT,0.0001,0.01279398,2677 TOT_MORT
2677,TOT_MORT,0.0001,0.01279398,2677 TOT_MORT
2677,TOT_MORT,0.0001,0.01279398,2677 TOT_MORT
2677,TOT_MORT,0.0001,0.01279398,2677 TOT_MORT
2677,TOT_MORT,0.0001,0.01279398,2677 TOT_MORT
2677,TOT_MORT,0.0001,0.01279398,2677 TOT_MORT
2677,TOT_MORT,0.0002,0.01279414,2677 TOT_MORT
2677,TOT_MORT,0.0002,0.01279414,2677 TOT_MORT
2677,TOT_MORT,0.0003,0.0127943,2677 TOT_MORT
2677,TOT_MORT,0.0004,0.01279446,2677 TOT_MORT
2677,TOT_MORT,0.0004,0.01279446,2677 TOT_MORT
2677,TOT_MORT,0.0005,0.01279462,2677 TOT_MORT
2677,TOT_MORT,0.0005,0.01279462,2677 TOT_MORT
2677,TOT_MORT,0.0006,0.01279478,2677 TOT_MORT
2677,TOT_MORT,0.0006,0.01279478,2677 TOT_MORT
2677,TOT_MORT,0.0009,0.01279526,2677 TOT_MORT
2677,TOT_MORT,0.0012,0.01279574,2677 TOT_MORT
2677,TOT_MORT,0.0015,0.01279622,2677 TOT_MORT
2677,TOT_MORT,0.0018,0.0127967,2677 TOT_MORT
2677,TOT_MORT,0.0021,0.01279718,2677 TOT_MORT
2677,TOT_MORT,0.0023,0.0127975,2677 TOT_MORT
2677,TOT_MORT,0.0026,0.01279798,2677 TOT_MORT
2677,TOT_MORT,0.0029,0.01279847,2677 TOT_MORT
2677,TOT_MORT,0.0032,0.01279895,2677 TOT_MORT
2677,TOT_MORT,0.0046,0.01280119,2677 TOT_MORT
2677,TOT_MORT,0.006,0.01280343,2677 TOT_MORT
2677,TOT_MORT,0.0075,0.01280584,2677 TOT_MORT
2677,TOT_MORT,0.0089,0.01280808,2677 TOT_MORT
2677,TOT_MORT,0.0103,0.01281033,2677 TOT_MORT
2677,TOT_MORT,0.0117,0.01281258,2677 TOT_MORT
2677,TOT_MORT,0.0132,0.01281498,2677 TOT_MORT
2677,TOT_MORT,0.0146,0.01281723,2677 TOT_MORT
2677,TOT_MORT,0.016,0.01281948,2677 TOT_MORT
2677,TOT_MORT,0.0231,0.01283088,2677 TOT_MORT
2677,TOT_MORT,0.0302,0.01284229,2677 TOT_MORT
2677,TOT_MORT,0.0373,0.01285371,2677 TOT_MORT
2677,TOT_MORT,0.0444,0.01286514,2677 TOT_MORT
2677,TOT_MORT,0.0516,0.01287675,2677 TOT_MORT
2677,TOT_MORT,0.0587,0.0128882,2677 TOT_MORT
2677,TOT_MORT,0.0658,0.01289966,2677 TOT_MORT
2677,TOT_MORT,0.0729,0.01291114,2677 TOT_MORT
2677,TOT_MORT,0.08,0.01292262,2677 TOT_MORT
2677,TOT_MORT,0.1156,0.01298034,2677 TOT_MORT
2677,TOT_MORT,0.1511,0.01303816,2677 TOT_MORT
2677,TOT_MORT,0.1867,0.0130964,2677 TOT_MORT
2677,TOT_MORT,0.2222,0.01315473,2677 TOT_MORT
2677,TOT_MORT,0.2578,0.01321347,2677 TOT_MORT
2677,TOT_MORT,0.2933,0.01327232,2677 TOT_MORT
2677,TOT_MORT,0.3289,0.01333158,2677 TOT_MORT
2677,TOT_MORT,0.3644,0.01339095,2677 TOT_MORT
2677,TOT_MORT,0.4,0.01345074,2677 TOT_MORT
2677,TOT_MORT,0.5778,0.01375331,2677 TOT_MORT
2677,TOT_MORT,0.7556,0.0140626,2677 TOT_MORT
2677,TOT_MORT,0.9333,0.01437856,2677 TOT_MORT
2677,TOT_MORT,1.1111,0.0147017,2677 TOT_MORT
2677,TOT_MORT,1.2889,0.01503199,2677 TOT_MORT
2677,TOT_MORT,1.4667,0.01536959,2677 TOT_MORT
2677,TOT_MORT,1.6444,0.01571444,2677 TOT_MORT
2677,TOT_MORT,1.8222,0.01606712,2677 TOT_MORT
2677,TOT_MORT,2.0,0.01642757,2677 TOT_MORT
2677,TOT_MORT,2.8889,0.01835227,2677 TOT_MORT
2677,TOT_MORT,3.7778,0.02049777,2677 TOT_MORT
2677,TOT_MORT,4.6667,0.02288825,2677 TOT_MORT
2677,TOT_MORT,5.5556,0.02555024,2677 TOT_MORT
2677,TOT_MORT,6.4444,0.02851244,2677 TOT_MORT
2677,TOT_MORT,7.3333,0.03180724,2677 TOT_MORT
2677,TOT_MORT,8.2222,0.03546889,2677 TOT_MORT
2677,TOT_MORT,9.1111,0.03953485,2677 TOT_MORT
2677,TOT_MORT,10.0,0.04404562,2677 TOT_MORT
2677,TOT_MORT,14.4444,0.07490041,2677 TOT_MORT
2677,TOT_MORT,18.8889,0.12455476,2677 TOT_MORT
2677,TOT_MORT,23.3333,0.2000079,2677 TOT_MORT
2677,TOT_MORT,27.7778,0.30523533,2677 TOT_MORT
2677,TOT_MORT,32.2222,0.43567151,2677 TOT_MORT
2677,TOT_MORT,36.6667,0.57566603,2677 TOT_MORT
2677,TOT_MORT,41.1111,0.70448534,2677 TOT_MORT
2677,TOT_MORT,45.5556,0.80729115,2677 TOT_MORT
2677,TOT_MORT,50.0,0.88040238,2677 TOT_MORT
2678,ALL_BUT_MORT,0.0,0.09859591,2678 ALL_BUT_MORT
2678,ALL_BUT_MORT,0.0,0.09859591,2678 ALL_BUT_MORT
2678,ALL_BUT_MORT,0.0,0.09859591,2678 ALL_BUT_MORT
2678,ALL_BUT_MORT,0.0,0.09859591,2678 ALL_BUT_MORT
2678,ALL_BUT_MORT,0.0001,0.0989056,2678 ALL_BUT_MORT
2678,ALL_BUT_MORT,0.0001,0.0989056,2678 ALL_BUT_MORT
2678,ALL_BUT_MORT,0.0001,0.0989056,2678 ALL_BUT_MORT
2678,ALL_BUT_MORT,0.0001,0.0989056,2678 ALL_BUT_MORT
2678,ALL_BUT_MORT,0.0001,0.0989056,2678 ALL_BUT_MORT
2678,ALL_BUT_MORT,0.0001,0.0989056,2678 ALL_BUT_MORT
2678,ALL_BUT_MORT,0.0002,0.09905928,2678 ALL_BUT_MORT
2678,ALL_BUT_MORT,0.0002,0.09905928,2678 ALL_BUT_MORT
2678,ALL_BUT_MORT,0.0003,0.09918244,2678 ALL_BUT_MORT
2678,ALL_BUT_MORT,0.0004,0.09928921,2678 ALL_BUT_MORT
2678,ALL_BUT_MORT,0.0004,0.09928921,2678 ALL_BUT_MORT
2678,ALL_BUT_MORT,0.0005,0.09938523,2678 ALL_BUT_MORT
2678,ALL_BUT_MORT,0.0005,0.09938523,2678 ALL_BUT_MORT
2678,ALL_BUT_MORT,0.0006,0.09947348,2678 ALL_BUT_MORT
2678,ALL_BUT_MORT,0.0006,0.09947348,2678 ALL_BUT_MORT
2678,ALL_BUT_MORT,0.0009,0.09970674,2678 ALL_BUT_MORT
2678,ALL_BUT_MORT,0.0012,0.09990895,2678 ALL_BUT_MORT
2678,ALL_BUT_MORT,0.0015,0.10009081,2678 ALL_BUT_MORT
2678,ALL_BUT_MORT,0.0018,0.10025795,2678 ALL_BUT_MORT
2678,ALL_BUT_MORT,0.0021,0.10041376,2678 ALL_BUT_MORT
2678,ALL_BUT_MORT,0.0023,0.10051248,2678 ALL_BUT_MORT
2678,ALL_BUT_MORT,0.0026,0.10065406,2678 ALL_BUT_MORT
2678,ALL_BUT_MORT,0.0029,0.10078895,2678 ALL_BUT_MORT
2678,ALL_BUT_MORT,0.0032,0.1009181,2678 ALL_BUT_MORT
2678,ALL_BUT_MORT,0.0046,0.1014635,2678 ALL_BUT_MORT
2678,ALL_BUT_MORT,0.006,0.10194244,2678 ALL_BUT_MORT
2678,ALL_BUT_MORT,0.0075,0.10240594,2678 ALL_BUT_MORT
2678,ALL_BUT_MORT,0.0089,0.10280448,2678 ALL_BUT_MORT
2678,ALL_BUT_MORT,0.0103,0.10317749,2678 ALL_BUT_MORT
2678,ALL_BUT_MORT,0.0117,0.10352979,2678 ALL_BUT_MORT
2678,ALL_BUT_MORT,0.0132,0.10388817,2678 ALL_BUT_MORT
2678,ALL_BUT_MORT,0.0146,0.10420753,2678 ALL_BUT_MORT
2678,ALL_BUT_MORT,0.016,0.1045143,2678 ALL_BUT_MORT
2678,ALL_BUT_MORT,0.0231,0.10592262,2678 ALL_BUT_MORT
2678,ALL_BUT_MORT,0.0302,0.10715763,2678 ALL_BUT_MORT
2678,ALL_BUT_MORT,0.0373,0.10827554,2678 ALL_BUT_MORT
2678,ALL_BUT_MORT,0.0444,0.10930714,2678 ALL_BUT_MORT
2678,ALL_BUT_MORT,0.0516,0.1102847,2678 ALL_BUT_MORT
2678,ALL_BUT_MORT,0.0587,0.11119405,2678 ALL_BUT_MORT
2678,ALL_BUT_MORT,0.0658,0.11205831,2678 ALL_BUT_MORT
2678,ALL_BUT_MORT,0.0729,0.11288425,2678 ALL_BUT_MORT
2678,ALL_BUT_MORT,0.08,0.11367708,2678 ALL_BUT_MORT
2678,ALL_BUT_MORT,0.1156,0.11727336,2678 ALL_BUT_MORT
2678,ALL_BUT_MORT,0.1511,0.12041706,2678 ALL_BUT_MORT
2678,ALL_BUT_MORT,0.1867,0.1232698,2678 ALL_BUT_MORT
2678,ALL_BUT_MORT,0.2222,0.12589411,2678 ALL_BUT_MORT
2678,ALL_BUT_MORT,0.2578,0.12835368,2678 ALL_BUT_MORT
2678,ALL_BUT_MORT,0.2933,0.13066746,2678 ALL_BUT_MORT
2678,ALL_BUT_MORT,0.3289,0.13287192,2678 ALL_BUT_MORT
2678,ALL_BUT_MORT,0.3644,0.13497202,2678 ALL_BUT_MORT
2678,ALL_BUT_MORT,0.4,0.13699294,2678 ALL_BUT_MORT
2678,ALL_BUT_MORT,0.5778,0.14611722,2678 ALL_BUT_MORT
2678,ALL_BUT_MORT,0.7556,0.15410505,2678 ALL_BUT_MORT
2678,ALL_BUT_MORT,0.9333,0.16131977,2678 ALL_BUT_MORT
2678,ALL_BUT_MORT,1.1111,0.16797067,2678 ALL_BUT_MORT
2678,ALL_BUT_MORT,1.2889,0.17417841,2678 ALL_BUT_MORT
2678,ALL_BUT_MORT,1.4667,0.18002707,2678 ALL_BUT_MORT
2678,ALL_BUT_MORT,1.6444,0.18557349,2678 ALL_BUT_MORT
2678,ALL_BUT_MORT,1.8222,0.1908684,2678 ALL_BUT_MORT
2678,ALL_BUT_MORT,2.0,0.19594281,2678 ALL_BUT_MORT
2678,ALL_BUT_MORT,2.8889,0.21879088,2678 ALL_BUT_MORT
2678,ALL_BUT_MORT,3.7778,0.23866501,2678 ALL_BUT_MORT
2678,ALL_BUT_MORT,4.6667,0.25651029,2678 ALL_BUT_MORT
2678,ALL_BUT_MORT,5.5556,0.27284619,2678 ALL_BUT_MORT
2678,ALL_BUT_MORT,6.4444,0.2879945,2678 ALL_BUT_MORT
2678,ALL_BUT_MORT,7.3333,0.30217694,2678 ALL_BUT_MORT
2678,ALL_BUT_MORT,8.2222,0.31554781,2678 ALL_BUT_MORT
2678,ALL_BUT_MORT,9.1111,0.32822346,2678 ALL_BUT_MORT
2678,ALL_BUT_MORT,10.0,0.34029357,2678 ALL_BUT_MORT
2678,ALL_BUT_MORT,14.4444,0.39363341,2678 ALL_BUT_MORT
2678,ALL_BUT_MORT,18.8889,0.43856157,2678 ALL_BUT_MORT
2678,ALL_BUT_MORT,23.3333,0.47762612,2678 ALL_BUT_MORT
2678,ALL_BUT_MORT,27.7778,0.51225675,2678 ALL_BUT_MORT
2678,ALL_BUT_MORT,32.2222,0.54335762,2678 ALL_BUT_MORT
2678,ALL_BUT_MORT,36.6667,0.57155287,2678 ALL_BUT_MORT
2678,ALL_BUT_MORT,41.1111,0.59729436,2678 ALL_BUT_MORT
2678,ALL_BUT_MORT,45.5556,0.62092714,2678 ALL_BUT_MORT
2678,ALL_BUT_MORT,50.0,0.64271969,2678 ALL_BUT_MORT
2678,ANY120,0.0,0.13218794,2678 ANY120
2678,ANY120,0.0,0.13218794,2678 ANY120
2678,ANY120,0.0,0.13218794,2678 ANY120
2678,ANY120,0.0,0.13218794,2678 ANY120
2678,ANY120,0.0001,0.13225985,2678 ANY120
2678,ANY120,0.0001,0.13225985,2678 ANY120
2678,ANY120,0.0001,0.13225985,2678 ANY120
2678,ANY120,0.0001,0.13225985,2678 ANY120
2678,ANY120,0.0001,0.13225985,2678 ANY120
2678,ANY120,0.0001,0.13225985,2678 ANY120
2678,ANY120,0.0002,0.13231045,2678 ANY120
2678,ANY120,0.0002,0.13231045,2678 ANY120
2678,ANY120,0.0003,0.13235525,2678 ANY120
2678,ANY120,0.0004,0.13239665,2678 ANY120
2678,ANY120,0.0004,0.13239665,2678 ANY120
2678,ANY120,0.0005,0.13243571,2678 ANY120
2678,ANY120,0.0005,0.13243571,2678 ANY120
2678,ANY120,0.0006,0.13247298,2678 ANY120
2678,ANY120,0.0006,0.13247298,2678 ANY120
2678,ANY120,0.0009,0.13257722,2678 ANY120
2678,ANY120,0.0012,0.13267357,2678 ANY120
2678,ANY120,0.0015,0.13276443,2678 ANY120
2678,ANY120,0.0018,0.13285116,2678 ANY120
2678,ANY120,0.0021,0.13293459,2678 ANY120
2678,ANY120,0.0023,0.13298867,2678 ANY120
2678,ANY120,0.0026,0.1330678,2678 ANY120
2678,ANY120,0.0029,0.13314484,2678 ANY120
2678,ANY120,0.0032,0.13322005,2678 ANY120
2678,ANY120,0.0046,0.13355211,2678 ANY120
2678,ANY120,0.006,0.13386118,2678 ANY120
2678,ANY120,0.0075,0.13417422,2678 ANY120
2678,ANY120,0.0089,0.13445345,2678 ANY120
2678,ANY120,0.0103,0.13472264,2678 ANY120
2678,ANY120,0.0117,0.13498345,2678 ANY120
2678,ANY120,0.0132,0.13525498,2678 ANY120
2678,ANY120,0.0146,0.135502,2678 ANY120
2678,ANY120,0.016,0.13574358,2678 ANY120
2678,ANY120,0.0231,0.13690271,2678 ANY120
2678,ANY120,0.0302,0.13798055,2678 ANY120
2678,ANY120,0.0373,0.13900045,2678 ANY120
2678,ANY120,0.0444,0.13997581,2678 ANY120
2678,ANY120,0.0516,0.1409283,2678 ANY120
2678,ANY120,0.0587,0.14183752,2678 ANY120
2678,ANY120,0.0658,0.14272131,2678 ANY120
2678,ANY120,0.0729,0.143583,2678 ANY120
2678,ANY120,0.08,0.1444252,2678 ANY120
2678,ANY120,0.1156,0.14841644,2678 ANY120
2678,ANY120,0.1511,0.15211246,2678 ANY120
2678,ANY120,0.1867,0.15561511,2678 ANY120
2678,ANY120,0.2222,0.15895113,2678 ANY120
2678,ANY120,0.2578,0.16216941,2678 ANY120
2678,ANY120,0.2933,0.16527265,2678 ANY120
2678,ANY120,0.3289,0.16829363,2678 ANY120
2678,ANY120,0.3644,0.17122697,2678 ANY120
2678,ANY120,0.4,0.17409831,2678 ANY120
2678,ANY120,0.5778,0.1876021,2678 ANY120
2678,ANY120,0.7556,0.20006329,2678 ANY120
2678,ANY120,0.9333,0.21175883,2678 ANY120
2678,ANY120,1.1111,0.22286567,2678 ANY120
2678,ANY120,1.2889,0.23348327,2678 ANY120
2678,ANY120,1.4667,0.24368579,2678 ANY120
2678,ANY120,1.6444,0.25352238,2678 ANY120
2678,ANY120,1.8222,0.26304587,2678 ANY120
2678,ANY120,2.0,0.27228362,2678 ANY120
2678,ANY120,2.8889,0.31497257,2678 ANY120
2678,ANY120,3.7778,0.35314534,2678 ANY120
2678,ANY120,4.6667,0.38788271,2678 ANY120
2678,ANY120,5.5556,0.41983242,2678 ANY120
2678,ANY120,6.4444,0.44942675,2678 ANY120
2678,ANY120,7.3333,0.47698775,2678 ANY120
2678,ANY120,8.2222,0.50275258,2678 ANY120
2678,ANY120,9.1111,0.52691203,2678 ANY120
2678,ANY120,10.0,0.54962182,2678 ANY120
2678,ANY120,14.4444,0.64538013,2678 ANY120
2678,ANY120,18.8889,0.71854184,2678 ANY120
2678,ANY120,23.3333,0.77543126,2678 ANY120
2678,ANY120,27.7778,0.82014611,2678 ANY120
2678,ANY120,32.2222,0.85554468,2678 ANY120
2678,ANY120,36.6667,0.8837152,2678 ANY120
2678,ANY120,41.1111,0.90622063,2678 ANY120
2678,ANY120,45.5556,0.92425622,2678 ANY120
2678,ANY120,50.0,0.9387447,2678 ANY120
2678,ANY24,,,2678 ANY24
2678,AXIS,0.0,0.06676707,2678 AXIS
2678,AXIS,0.0,0.06676707,2678 AXIS
2678,AXIS,0.0,0.06676707,2678 AXIS
2678,AXIS,0.0,0.06676707,2678 AXIS
2678,AXIS,0.0001,0.06676757,2678 AXIS
2678,AXIS,0.0001,0.06676757,2678 AXIS
2678,AXIS,0.0001,0.06676757,2678 AXIS
2678,AXIS,0.0001,0.06676757,2678 AXIS
2678,AXIS,0.0001,0.06676757,2678 AXIS
2678,AXIS,0.0001,0.06676757,2678 AXIS
2678,AXIS,0.0002,0.06676802,2678 AXIS
2678,AXIS,0.0002,0.06676802,2678 AXIS
2678,AXIS,0.0003,0.06676846,2678 AXIS
2678,AXIS,0.0004,0.06676888,2678 AXIS
2678,AXIS,0.0004,0.06676888,2678 AXIS
2678,AXIS,0.0005,0.0667693,2678 AXIS
2678,AXIS,0.0005,0.0667693,2678 AXIS
2678,AXIS,0.0006,0.06676972,2678 AXIS
2678,AXIS,0.0006,0.06676972,2678 AXIS
2678,AXIS,0.0009,0.06677093,2678 AXIS
2678,AXIS,0.0012,0.06677211,2678 AXIS
2678,AXIS,0.0015,0.06677327,2678 AXIS
2678,AXIS,0.0018,0.06677442,2678 AXIS
2678,AXIS,0.0021,0.06677555,2678 AXIS
2678,AXIS,0.0023,0.0667763,2678 AXIS
2678,AXIS,0.0026,0.06677742,2678 AXIS
2678,AXIS,0.0029,0.06677852,2678 AXIS
2678,AXIS,0.0032,0.06677962,2678 AXIS
2678,AXIS,0.0046,0.06678466,2678 AXIS
2678,AXIS,0.006,0.06678958,2678 AXIS
2678,AXIS,0.0075,0.06679478,2678 AXIS
2678,AXIS,0.0089,0.06679955,2678 AXIS
2678,AXIS,0.0103,0.06680428,2678 AXIS
2678,AXIS,0.0117,0.06680896,2678 AXIS
2678,AXIS,0.0132,0.06681393,2678 AXIS
2678,AXIS,0.0146,0.06681854,2678 AXIS
2678,AXIS,0.016,0.06682311,2678 AXIS
2678,AXIS,0.0231,0.06684592,2678 AXIS
2678,AXIS,0.0302,0.06686823,2678 AXIS
2678,AXIS,0.0373,0.06689017,2678 AXIS
2678,AXIS,0.0444,0.06691182,2678 AXIS
2678,AXIS,0.0516,0.06693353,2678 AXIS
2678,AXIS,0.0587,0.06695472,2678 AXIS
2678,AXIS,0.0658,0.06697573,2678 AXIS
2678,AXIS,0.0729,0.06699658,2678 AXIS
2678,AXIS,0.08,0.06701729,2678 AXIS
2678,AXIS,0.1156,0.06711938,2678 AXIS
2678,AXIS,0.1511,0.06721895,2678 AXIS
2678,AXIS,0.1867,0.06731713,2678 AXIS
2678,AXIS,0.2222,0.0674137,2678 AXIS
2678,AXIS,0.2578,0.06750944,2678 AXIS
2678,AXIS,0.2933,0.06760396,2678 AXIS
2678,AXIS,0.3289,0.06769793,2678 AXIS
2678,AXIS,0.3644,0.06779091,2678 AXIS
2678,AXIS,0.4,0.06788349,2678 AXIS
2678,AXIS,0.5778,0.06833787,2678 AXIS
2678,AXIS,0.7556,0.06878195,2678 AXIS
2678,AXIS,0.9333,0.06921802,2678 AXIS
2678,AXIS,1.1111,0.06964811,2678 AXIS
2678,AXIS,1.2889,0.07007298,2678 AXIS
2678,AXIS,1.4667,0.07049336,2678 AXIS
2678,AXIS,1.6444,0.07090956,2678 AXIS
2678,AXIS,1.8222,0.07132248,2678 AXIS
2678,AXIS,2.0,0.0717322,2678 AXIS
2678,AXIS,2.8889,0.07374105,2678 AXIS
2678,AXIS,3.7778,0.07569785,2678 AXIS
2678,AXIS,4.6667,0.07761424,2678 AXIS
2678,AXIS,5.5556,0.07949723,2678 AXIS
2678,AXIS,6.4444,0.08135135,2678 AXIS
2678,AXIS,7.3333,0.08318041,2678 AXIS
2678,AXIS,8.2222,0.08498675,2678 AXIS
2678,AXIS,9.1111,0.08677238,2678 AXIS
2678,AXIS,10.0,0.08853891,2678 AXIS
2678,AXIS,14.4444,0.09712503,2678 AXIS
2678,AXIS,18.8889,0.10536966,2678 AXIS
2678,AXIS,23.3333,0.11333219,2678 AXIS
2678,AXIS,27.7778,0.12105075,2678 AXIS
2678,AXIS,32.2222,0.12855155,2678 AXIS
2678,AXIS,36.6667,0.13585487,2678 AXIS
2678,AXIS,41.1111,0.14297613,2678 AXIS
2678,AXIS,45.5556,0.1499285,2678 AXIS
2678,AXIS,50.0,0.15672243,2678 AXIS
2678,BRN_,,,2678 BRN_
2678,CRAN,,,2678 CRAN
2678,EDEM,0.0,0.08517831,2678 EDEM
2678,EDEM,0.0,0.08517831,2678 EDEM
2678,EDEM,0.0,0.08517831,2678 EDEM
2678,EDEM,0.0,0.08517831,2678 EDEM
2678,EDEM,0.0001,0.08517832,2678 EDEM
2678,EDEM,0.0001,0.08517832,2678 EDEM
2678,EDEM,0.0001,0.08517832,2678 EDEM
2678,EDEM,0.0001,0.08517832,2678 EDEM
2678,EDEM,0.0001,0.08517832,2678 EDEM
2678,EDEM,0.0001,0.08517832,2678 EDEM
2678,EDEM,0.0002,0.08517832,2678 EDEM
2678,EDEM,0.0002,0.08517832,2678 EDEM
2678,EDEM,0.0003,0.08517834,2678 EDEM
2678,EDEM,0.0004,0.08517835,2678 EDEM
2678,EDEM,0.0004,0.08517835,2678 EDEM
2678,EDEM,0.0005,0.08517836,2678 EDEM
2678,EDEM,0.0005,0.08517836,2678 EDEM
2678,EDEM,0.0006,0.08517837,2678 EDEM
2678,EDEM,0.0006,0.08517837,2678 EDEM
2678,EDEM,0.0009,0.08517842,2678 EDEM
2678,EDEM,0.0012,0.08517847,2678 EDEM
2678,EDEM,0.0015,0.08517852,2678 EDEM
2678,EDEM,0.0018,0.08517857,2678 EDEM
2678,EDEM,0.0021,0.08517863,2678 EDEM
2678,EDEM,0.0023,0.08517867,2678 EDEM
2678,EDEM,0.0026,0.08517873,2678 EDEM
2678,EDEM,0.0029,0.08517879,2678 EDEM
2678,EDEM,0.0032,0.08517886,2678 EDEM
2678,EDEM,0.0046,0.08517918,2678 EDEM
2678,EDEM,0.006,0.08517952,2678 EDEM
2678,EDEM,0.0075,0.08517992,2678 EDEM
2678,EDEM,0.0089,0.0851803,2678 EDEM
2678,EDEM,0.0103,0.08518071,2678 EDEM
2678,EDEM,0.0117,0.08518112,2678 EDEM
2678,EDEM,0.0132,0.08518159,2678 EDEM
2678,EDEM,0.0146,0.08518203,2678 EDEM
2678,EDEM,0.016,0.08518249,2678 EDEM
2678,EDEM,0.0231,0.08518495,2678 EDEM
2678,EDEM,0.0302,0.08518762,2678 EDEM
2678,EDEM,0.0373,0.08519047,2678 EDEM
2678,EDEM,0.0444,0.08519345,2678 EDEM
2678,EDEM,0.0516,0.08519662,2678 EDEM
2678,EDEM,0.0587,0.08519985,2678 EDEM
2678,EDEM,0.0658,0.08520319,2678 EDEM
2678,EDEM,0.0729,0.08520662,2678 EDEM
2678,EDEM,0.08,0.08521014,2678 EDEM
2678,EDEM,0.1156,0.08522896,2678 EDEM
2678,EDEM,0.1511,0.08524932,2678 EDEM
2678,EDEM,0.1867,0.08527104,2678 EDEM
2678,EDEM,0.2222,0.08529381,2678 EDEM
2678,EDEM,0.2578,0.08531762,2678 EDEM
2678,EDEM,0.2933,0.08534225,2678 EDEM
2678,EDEM,0.3289,0.08536773,2678 EDEM
2678,EDEM,0.3644,0.08539388,2678 EDEM
2678,EDEM,0.4,0.08542078,2678 EDEM
2678,EDEM,0.5778,0.08556389,2678 EDEM
2678,EDEM,0.7556,0.08571916,2678 EDEM
2678,EDEM,0.9333,0.08588423,2678 EDEM
2678,EDEM,1.1111,0.08605786,2678 EDEM
2678,EDEM,1.2889,0.08623889,2678 EDEM
2678,EDEM,1.4667,0.08642656,2678 EDEM
2678,EDEM,1.6444,0.08662014,2678 EDEM
2678,EDEM,1.8222,0.08681935,2678 EDEM
2678,EDEM,2.0,0.08702367,2678 EDEM
2678,EDEM,2.8889,0.08811123,2678 EDEM
2678,EDEM,3.7778,0.08928983,2678 EDEM
2678,EDEM,4.6667,0.0905422,2678 EDEM
2678,EDEM,5.5556,0.09185704,2678 EDEM
2678,EDEM,6.4444,0.09322612,2678 EDEM
2678,EDEM,7.3333,0.09464361,2678 EDEM
2678,EDEM,8.2222,0.09610454,2678 EDEM
2678,EDEM,9.1111,0.09760499,2678 EDEM
2678,EDEM,10.0,0.09914169,2678 EDEM
2678,EDEM,14.4444,0.10728376,2678 EDEM
2678,EDEM,18.8889,0.1160353,2678 EDEM
2678,EDEM,23.3333,0.1252527,2678 EDEM
2678,EDEM,27.7778,0.13484014,2678 EDEM
2678,EDEM,32.2222,0.14472679,2678 EDEM
2678,EDEM,36.6667,0.15485862,2678 EDEM
2678,EDEM,41.1111,0.16519144,2678 EDEM
2678,EDEM,45.5556,0.17568957,2678 EDEM
2678,EDEM,50.0,0.18632203,2678 EDEM
2678,LTRK,0.0,0.06596965,2678 LTRK
2678,LTRK,0.0,0.06596965,2678 LTRK
2678,LTRK,0.0,0.06596965,2678 LTRK
2678,LTRK,0.0,0.06596965,2678 LTRK
2678,LTRK,0.0001,0.06716931,2678 LTRK
2678,LTRK,0.0001,0.06716931,2678 LTRK
2678,LTRK,0.0001,0.06716931,2678 LTRK
2678,LTRK,0.0001,0.06716931,2678 LTRK
2678,LTRK,0.0001,0.06716931,2678 LTRK
2678,LTRK,0.0001,0.06716931,2678 LTRK
2678,LTRK,0.0002,0.06761986,2678 LTRK
2678,LTRK,0.0002,0.06761986,2678 LTRK
2678,LTRK,0.0003,0.06795824,2678 LTRK
2678,LTRK,0.0004,0.06823962,2678 LTRK
2678,LTRK,0.0004,0.06823962,2678 LTRK
2678,LTRK,0.0005,0.06848501,2678 LTRK
2678,LTRK,0.0005,0.06848501,2678 LTRK
2678,LTRK,0.0006,0.06870508,2678 LTRK
2678,LTRK,0.0006,0.06870508,2678 LTRK
2678,LTRK,0.0009,0.06926598,2678 LTRK
2678,LTRK,0.0012,0.06973239,2678 LTRK
2678,LTRK,0.0015,0.07013916,2678 LTRK
2678,LTRK,0.0018,0.07050394,2678 LTRK
2678,LTRK,0.0021,0.07083715,2678 LTRK
2678,LTRK,0.0023,0.07104517,2678 LTRK
2678,LTRK,0.0026,0.07133965,2678 LTRK
2678,LTRK,0.0029,0.0716163,2678 LTRK
2678,LTRK,0.0032,0.07187788,2678 LTRK
2678,LTRK,0.0046,0.07295132,2678 LTRK
2678,LTRK,0.006,0.07385901,2678 LTRK
2678,LTRK,0.0075,0.07471187,2678 LTRK
2678,LTRK,0.0089,0.07542796,2678 LTRK
2678,LTRK,0.0103,0.07608544,2678 LTRK
2678,LTRK,0.0117,0.07669621,2678 LTRK
2678,LTRK,0.0132,0.07730824,2678 LTRK
2678,LTRK,0.0146,0.0778464,2678 LTRK
2678,LTRK,0.016,0.07835734,2678 LTRK
2678,LTRK,0.0231,0.08063715,2678 LTRK
2678,LTRK,0.0302,0.08256155,2678 LTRK
2678,LTRK,0.0373,0.08425389,2678 LTRK
2678,LTRK,0.0444,0.08577966,2678 LTRK
2678,LTRK,0.0516,0.08719744,2678 LTRK
2678,LTRK,0.0587,0.08849423,2678 LTRK
2678,LTRK,0.0658,0.08970874,2678 LTRK
2678,LTRK,0.0729,0.09085432,2678 LTRK
2678,LTRK,0.08,0.09194106,2678 LTRK
2678,LTRK,0.1156,0.09673193,2678 LTRK
2678,LTRK,0.1511,0.1007635,2678 LTRK
2678,LTRK,0.1867,0.10431826,2678 LTRK
2678,LTRK,0.2222,0.10751359,2678 LTRK
2678,LTRK,0.2578,0.11045094,2678 LTRK
2678,LTRK,0.2933,0.11316863,2678 LTRK
2678,LTRK,0.3289,0.11572044,2678 LTRK
2678,LTRK,0.3644,0.11812012,2678 LTRK
2678,LTRK,0.4,0.12040251,2678 LTRK
2678,LTRK,0.5778,0.13042182,2678 LTRK
2678,LTRK,0.7556,0.13887168,2678 LTRK
2678,LTRK,0.9333,0.1462927,2678 LTRK
2678,LTRK,1.1111,0.15298213,2678 LTRK
2678,LTRK,1.2889,0.15911055,2678 LTRK
2678,LTRK,1.4667,0.16479332,2678 LTRK
2678,LTRK,1.6444,0.17010824,2678 LTRK
2678,LTRK,1.8222,0.17512037,2678 LTRK
2678,LTRK,2.0,0.17987139,2678 LTRK
2678,LTRK,2.8889,0.20071493,2678 LTRK
2678,LTRK,3.7778,0.21824381,2678 LTRK
2678,LTRK,4.6667,0.23360304,2678 LTRK
2678,LTRK,5.5556,0.24740088,2678 LTRK
2678,LTRK,6.4444,0.26000457,2678 LTRK
2678,LTRK,7.3333,0.27166009,2678 LTRK
2678,LTRK,8.2222,0.28253631,2678 LTRK
2678,LTRK,9.1111,0.29275803,2678 LTRK
2678,LTRK,10.0,0.30241988,2678 LTRK
2678,LTRK,14.4444,0.34446336,2678 LTRK
2678,LTRK,18.8889,0.37932236,2678 LTRK
2678,LTRK,23.3333,0.40943544,2678 LTRK
2678,LTRK,27.7778,0.43610696,2678 LTRK
2678,LTRK,32.2222,0.46012926,2678 LTRK
2678,LTRK,36.6667,0.48202972,2678 LTRK
2678,LTRK,41.1111,0.50217796,2678 LTRK
2678,LTRK,45.5556,0.52084779,2678 LTRK
2678,LTRK,50.0,0.53824642,2678 LTRK
2678,MO24,0.0,0.01600706,2678 MO24
2678,MO24,0.0,0.01600706,2678 MO24
2678,MO24,0.0,0.01600706,2678 MO24
2678,MO24,0.0,0.01600706,2678 MO24
2678,MO24,0.0001,0.01606337,2678 MO24
2678,MO24,0.0001,0.01606337,2678 MO24
2678,MO24,0.0001,0.01606337,2678 MO24
2678,MO24,0.0001,0.01606337,2678 MO24
2678,MO24,0.0001,0.01606337,2678 MO24
2678,MO24,0.0001,0.01606337,2678 MO24
2678,MO24,0.0002,0.01608796,2678 MO24
2678,MO24,0.0002,0.01608796,2678 MO24
2678,MO24,0.0003,0.01610705,2678 MO24
2678,MO24,0.0004,0.01612325,2678 MO24
2678,MO24,0.0004,0.01612325,2678 MO24
2678,MO24,0.0005,0.01613761,2678 MO24
2678,MO24,0.0005,0.01613761,2678 MO24
2678,MO24,0.0006,0.01615065,2678 MO24
2678,MO24,0.0006,0.01615065,2678 MO24
2678,MO24,0.0009,0.01618449,2678 MO24
2678,MO24,0.0012,0.01621324,2678 MO24
2678,MO24,0.0015,0.0162387,2678 MO24
2678,MO24,0.0018,0.01626182,2678 MO24
2678,MO24,0.0021,0.01628316,2678 MO24
2678,MO24,0.0023,0.01629658,2678 MO24
2678,MO24,0.0026,0.0163157,2678 MO24
2678,MO24,0.0029,0.01633379,2678 MO24
2678,MO24,0.0032,0.01635101,2678 MO24
2678,MO24,0.0046,0.01642269,2678 MO24
2678,MO24,0.006,0.01648447,2678 MO24
2678,MO24,0.0075,0.01654338,2678 MO24
2678,MO24,0.0089,0.01659345,2678 MO24
2678,MO24,0.0103,0.01663986,2678 MO24
2678,MO24,0.0117,0.01668334,2678 MO24
2678,MO24,0.0132,0.01672724,2678 MO24
2678,MO24,0.0146,0.0167661,2678 MO24
2678,MO24,0.016,0.01680321,2678 MO24
2678,MO24,0.0231,0.01697118,2678 MO24
2678,MO24,0.0302,0.0171157,2678 MO24
2678,MO24,0.0373,0.01724464,2678 MO24
2678,MO24,0.0444,0.01736224,2678 MO24
2678,MO24,0.0516,0.0174726,2678 MO24
2678,MO24,0.0587,0.01757439,2678 MO24
2678,MO24,0.0658,0.01767042,2678 MO24
2678,MO24,0.0729,0.0177616,2678 MO24
2678,MO24,0.08,0.01784859,2678 MO24
2678,MO24,0.1156,0.01823758,2678 MO24
2678,MO24,0.1511,0.01857113,2678 MO24
2678,MO24,0.1867,0.01886945,2678 MO24
2678,MO24,0.2222,0.01914067,2678 MO24
2678,MO24,0.2578,0.01939239,2678 MO24
2678,MO24,0.2933,0.01962719,2678 MO24
2678,MO24,0.3289,0.01984925,2678 MO24
2678,MO24,0.3644,0.02005941,2678 MO24
2678,MO24,0.4,0.02026045,2678 MO24
2678,MO24,0.5778,0.02115525,2678 MO24
2678,MO24,0.7556,0.02192394,2678 MO24
2678,MO24,0.9333,0.0226085,2678 MO24
2678,MO24,1.1111,0.02323253,2678 MO24
2678,MO24,1.2889,0.02380963,2678 MO24
2678,MO24,1.4667,0.02434912,2678 MO24
2678,MO24,1.6444,0.02485729,2678 MO24
2678,MO24,1.8222,0.02533958,2678 MO24
2678,MO24,2.0,0.02579939,2678 MO24
2678,MO24,2.8889,0.02784511,2678 MO24
2678,MO24,3.7778,0.02959865,2678 MO24
2678,MO24,4.6667,0.03115812,2678 MO24
2678,MO24,5.5556,0.03257641,2678 MO24
2678,MO24,6.4444,0.03388583,2678 MO24
2678,MO24,7.3333,0.03510825,2678 MO24
2678,MO24,8.2222,0.03625876,2678 MO24
2678,MO24,9.1111,0.03734862,2678 MO24
2678,MO24,10.0,0.03838638,2678 MO24
2678,MO24,14.4444,0.04298869,2678 MO24
2678,MO24,18.8889,0.0469141,2678 MO24
2678,MO24,23.3333,0.05038983,2678 MO24
2678,MO24,27.7778,0.05353868,2678 MO24
2678,MO24,32.2222,0.0564357,2678 MO24
2678,MO24,36.6667,0.05913107,2678 MO24
2678,MO24,41.1111,0.06166,2678 MO24
2678,MO24,45.5556,0.06404868,2678 MO24
2678,MO24,50.0,0.06631686,2678 MO24
2678,NC24,,,2678 NC24
2678,TOT_MORT,0.0,0.03640268,2678 TOT_MORT
2678,TOT_MORT,0.0,0.03640268,2678 TOT_MORT
2678,TOT_MORT,0.0,0.03640268,2678 TOT_MORT
2678,TOT_MORT,0.0,0.03640268,2678 TOT_MORT
2678,TOT_MORT,0.0001,0.03643374,2678 TOT_MORT
2678,TOT_MORT,0.0001,0.03643374,2678 TOT_MORT
2678,TOT_MORT,0.0001,0.03643374,2678 TOT_MORT
2678,TOT_MORT,0.0001,0.03643374,2678 TOT_MORT
2678,TOT_MORT,0.0001,0.03643374,2678 TOT_MORT
2678,TOT_MORT,0.0001,0.03643374,2678 TOT_MORT
2678,TOT_MORT,0.0002,0.03645461,2678 TOT_MORT
2678,TOT_MORT,0.0002,0.03645461,2678 TOT_MORT
2678,TOT_MORT,0.0003,0.03647284,2678 TOT_MORT
2678,TOT_MORT,0.0004,0.03648952,2678 TOT_MORT
2678,TOT_MORT,0.0004,0.03648952,2678 TOT_MORT
2678,TOT_MORT,0.0005,0.03650515,2678 TOT_MORT
2678,TOT_MORT,0.0005,0.03650515,2678 TOT_MORT
2678,TOT_MORT,0.0006,0.03651999,2678 TOT_MORT
2678,TOT_MORT,0.0006,0.03651999,2678 TOT_MORT
2678,TOT_MORT,0.0009,0.03656114,2678 TOT_MORT
2678,TOT_MORT,0.0012,0.03659882,2678 TOT_MORT
2678,TOT_MORT,0.0015,0.03663412,2678 TOT_MORT
2678,TOT_MORT,0.0018,0.03666762,2678 TOT_MORT
2678,TOT_MORT,0.0021,0.03669971,2678 TOT_MORT
2678,TOT_MORT,0.0023,0.03672044,2678 TOT_MORT
2678,TOT_MORT,0.0026,0.03675067,2678 TOT_MORT
2678,TOT_MORT,0.0029,0.03678002,2678 TOT_MORT
2678,TOT_MORT,0.0032,0.03680859,2678 TOT_MORT
2678,TOT_MORT,0.0046,0.0369339,2678 TOT_MORT
2678,TOT_MORT,0.006,0.03704955,2678 TOT_MORT
2678,TOT_MORT,0.0075,0.03716589,2678 TOT_MORT
2678,TOT_MORT,0.0089,0.0372691,2678 TOT_MORT
2678,TOT_MORT,0.0103,0.03736816,2678 TOT_MORT
2678,TOT_MORT,0.0117,0.03746377,2678 TOT_MORT
2678,TOT_MORT,0.0132,0.03756297,2678 TOT_MORT
2678,TOT_MORT,0.0146,0.03765293,2678 TOT_MORT
2678,TOT_MORT,0.016,0.03774067,2678 TOT_MORT
2678,TOT_MORT,0.0231,0.03815884,2678 TOT_MORT
2678,TOT_MORT,0.0302,0.0385442,2678 TOT_MORT
2678,TOT_MORT,0.0373,0.03890634,2678 TOT_MORT
2678,TOT_MORT,0.0444,0.03925074,2678 TOT_MORT
2678,TOT_MORT,0.0516,0.03958546,2678 TOT_MORT
2678,TOT_MORT,0.0587,0.03990367,2678 TOT_MORT
2678,TOT_MORT,0.0658,0.04021186,2678 TOT_MORT
2678,TOT_MORT,0.0729,0.04051138,2678 TOT_MORT
2678,TOT_MORT,0.08,0.04080326,2678 TOT_MORT
2678,TOT_MORT,0.1156,0.04217652,2678 TOT_MORT
2678,TOT_MORT,0.1511,0.043436,2678 TOT_MORT
2678,TOT_MORT,0.1867,0.04462077,2678 TOT_MORT
2678,TOT_MORT,0.2222,0.04574242,2678 TOT_MORT
2678,TOT_MORT,0.2578,0.046819,2678 TOT_MORT
2678,TOT_MORT,0.2933,0.04785256,2678 TOT_MORT
2678,TOT_MORT,0.3289,0.04885487,2678 TOT_MORT
2678,TOT_MORT,0.3644,0.04982476,2678 TOT_MORT
2678,TOT_MORT,0.4,0.05077123,2678 TOT_MORT
2678,TOT_MORT,0.5778,0.05518947,2678 TOT_MORT
2678,TOT_MORT,0.7556,0.05922782,2678 TOT_MORT
2678,TOT_MORT,0.9333,0.06299215,2678 TOT_MORT
2678,TOT_MORT,1.1111,0.0665487,2678 TOT_MORT
2678,TOT_MORT,1.2889,0.06993528,2678 TOT_MORT
2678,TOT_MORT,1.4667,0.07317969,2678 TOT_MORT
2678,TOT_MORT,1.6444,0.07630058,2678 TOT_MORT
2678,TOT_MORT,1.8222,0.07931695,2678 TOT_MORT
2678,TOT_MORT,2.0,0.08223921,2678 TOT_MORT
2678,TOT_MORT,2.8889,0.09572746,2678 TOT_MORT
2678,TOT_MORT,3.7778,0.10782014,2678 TOT_MORT
2678,TOT_MORT,4.6667,0.11890099,2678 TOT_MORT
2678,TOT_MORT,5.5556,0.12919366,2678 TOT_MORT
2678,TOT_MORT,6.4444,0.13884312,2678 TOT_MORT
2678,TOT_MORT,7.3333,0.14795413,2678 TOT_MORT
2678,TOT_MORT,8.2222,0.15660147,2678 TOT_MORT
2678,TOT_MORT,9.1111,0.1648435,2678 TOT_MORT
2678,TOT_MORT,10.0,0.17272642,2678 TOT_MORT
2678,TOT_MORT,14.4444,0.20786668,2678 TOT_MORT
2678,TOT_MORT,18.8889,0.23772871,2678 TOT_MORT
2678,TOT_MORT,23.3333,0.26382725,2678 TOT_MORT
2678,TOT_MORT,27.7778,0.28705767,2678 TOT_MORT
2678,TOT_MORT,32.2222,0.30800533,2678 TOT_MORT
2678,TOT_MORT,36.6667,0.32708298,2678 TOT_MORT
2678,TOT_MORT,41.1111,0.3445931,2678 TOT_MORT
2678,TOT_MORT,45.5556,0.36076804,2678 TOT_MORT
2678,TOT_MORT,50.0,0.37578875,2678 TOT_MORT
2679,ALL_BUT_MORT,0.0,0.09786685,2679 ALL_BUT_MORT
2679,ALL_BUT_MORT,0.0,0.09786685,2679 ALL_BUT_MORT
2679,ALL_BUT_MORT,0.0,0.09786685,2679 ALL_BUT_MORT
2679,ALL_BUT_MORT,0.0,0.09786685,2679 ALL_BUT_MORT
2679,ALL_BUT_MORT,0.0001,0.09786686,2679 ALL_BUT_MORT
2679,ALL_BUT_MORT,0.0001,0.09786686,2679 ALL_BUT_MORT
2679,ALL_BUT_MORT,0.0001,0.09786686,2679 ALL_BUT_MORT
2679,ALL_BUT_MORT,0.0001,0.09786686,2679 ALL_BUT_MORT
2679,ALL_BUT_MORT,0.0001,0.09786686,2679 ALL_BUT_MORT
2679,ALL_BUT_MORT,0.0001,0.09786686,2679 ALL_BUT_MORT
2679,ALL_BUT_MORT,0.0002,0.09786686,2679 ALL_BUT_MORT
2679,ALL_BUT_MORT,0.0002,0.09786686,2679 ALL_BUT_MORT
2679,ALL_BUT_MORT,0.0003,0.09786688,2679 ALL_BUT_MORT
2679,ALL_BUT_MORT,0.0004,0.0978669,2679 ALL_BUT_MORT
2679,ALL_BUT_MORT,0.0004,0.0978669,2679 ALL_BUT_MORT
2679,ALL_BUT_MORT,0.0005,0.09786692,2679 ALL_BUT_MORT
2679,ALL_BUT_MORT,0.0005,0.09786692,2679 ALL_BUT_MORT
2679,ALL_BUT_MORT,0.0006,0.09786694,2679 ALL_BUT_MORT
2679,ALL_BUT_MORT,0.0006,0.09786694,2679 ALL_BUT_MORT
2679,ALL_BUT_MORT,0.0009,0.09786704,2679 ALL_BUT_MORT
2679,ALL_BUT_MORT,0.0012,0.09786715,2679 ALL_BUT_MORT
2679,ALL_BUT_MORT,0.0015,0.0978673,2679 ALL_BUT_MORT
2679,ALL_BUT_MORT,0.0018,0.09786746,2679 ALL_BUT_MORT
2679,ALL_BUT_MORT,0.0021,0.09786765,2679 ALL_BUT_MORT
2679,ALL_BUT_MORT,0.0023,0.09786779,2679 ALL_BUT_MORT
2679,ALL_BUT_MORT,0.0026,0.09786801,2679 ALL_BUT_MORT
2679,ALL_BUT_MORT,0.0029,0.09786825,2679 ALL_BUT_MORT
2679,ALL_BUT_MORT,0.0032,0.09786852,2679 ALL_BUT_MORT
2679,ALL_BUT_MORT,0.0046,0.09786997,2679 ALL_BUT_MORT
2679,ALL_BUT_MORT,0.006,0.09787181,2679 ALL_BUT_MORT
2679,ALL_BUT_MORT,0.0075,0.09787415,2679 ALL_BUT_MORT
2679,ALL_BUT_MORT,0.0089,0.09787667,2679 ALL_BUT_MORT
2679,ALL_BUT_MORT,0.0103,0.09787951,2679 ALL_BUT_MORT
2679,ALL_BUT_MORT,0.0117,0.09788264,2679 ALL_BUT_MORT
2679,ALL_BUT_MORT,0.0132,0.09788631,2679 ALL_BUT_MORT
2679,ALL_BUT_MORT,0.0146,0.09789004,2679 ALL_BUT_MORT
2679,ALL_BUT_MORT,0.016,0.09789403,2679 ALL_BUT_MORT
2679,ALL_BUT_MORT,0.0231,0.09791826,2679 ALL_BUT_MORT
2679,ALL_BUT_MORT,0.0302,0.0979487,2679 ALL_BUT_MORT
2679,ALL_BUT_MORT,0.0373,0.09798492,2679 ALL_BUT_MORT
2679,ALL_BUT_MORT,0.0444,0.0980266,2679 ALL_BUT_MORT
2679,ALL_BUT_MORT,0.0516,0.0980742,2679 ALL_BUT_MORT
2679,ALL_BUT_MORT,0.0587,0.09812618,2679 ALL_BUT_MORT
2679,ALL_BUT_MORT,0.0658,0.09818299,2679 ALL_BUT_MORT
2679,ALL_BUT_MORT,0.0729,0.09824449,2679 ALL_BUT_MORT
2679,ALL_BUT_MORT,0.08,0.09831056,2679 ALL_BUT_MORT
2679,ALL_BUT_MORT,0.1156,0.09870702,2679 ALL_BUT_MORT
2679,ALL_BUT_MORT,0.1511,0.09920338,2679 ALL_BUT_MORT
2679,ALL_BUT_MORT,0.1867,0.09979505,2679 ALL_BUT_MORT
2679,ALL_BUT_MORT,0.2222,0.10047319,2679 ALL_BUT_MORT
2679,ALL_BUT_MORT,0.2578,0.10123717,2679 ALL_BUT_MORT
2679,ALL_BUT_MORT,0.2933,0.102079,2679 ALL_BUT_MORT
2679,ALL_BUT_MORT,0.3289,0.10300024,2679 ALL_BUT_MORT
2679,ALL_BUT_MORT,0.3644,0.10399288,2679 ALL_BUT_MORT
2679,ALL_BUT_MORT,0.4,0.10505999,2679 ALL_BUT_MORT
2679,ALL_BUT_MORT,0.5778,0.11138853,2679 ALL_BUT_MORT
2679,ALL_BUT_MORT,0.7556,0.11921704,2679 ALL_BUT_MORT
2679,ALL_BUT_MORT,0.9333,0.12835094,2679 ALL_BUT_MORT
2679,ALL_BUT_MORT,1.1111,0.13863791,2679 ALL_BUT_MORT
2679,ALL_BUT_MORT,1.2889,0.14992697,2679 ALL_BUT_MORT
2679,ALL_BUT_MORT,1.4667,0.16208397,2679 ALL_BUT_MORT
2679,ALL_BUT_MORT,1.6444,0.1749773,2679 ALL_BUT_MORT
2679,ALL_BUT_MORT,1.8222,0.18850629,2679 ALL_BUT_MORT
2679,ALL_BUT_MORT,2.0,0.20255702,2679 ALL_BUT_MORT
2679,ALL_BUT_MORT,2.8889,0.27744228,2679 ALL_BUT_MORT
2679,ALL_BUT_MORT,3.7778,0.35372188,2679 ALL_BUT_MORT
2679,ALL_BUT_MORT,4.6667,0.42585928,2679 ALL_BUT_MORT
2679,ALL_BUT_MORT,5.5556,0.49122454,2679 ALL_BUT_MORT
2679,ALL_BUT_MORT,6.4444,0.54899516,2679 ALL_BUT_MORT
2679,ALL_BUT_MORT,7.3333,0.59936036,2679 ALL_BUT_MORT
2679,ALL_BUT_MORT,8.2222,0.64295675,2679 ALL_BUT_MORT
2679,ALL_BUT_MORT,9.1111,0.68059388,2679 ALL_BUT_MORT
2679,ALL_BUT_MORT,10.0,0.71309041,2679 ALL_BUT_MORT
2679,ALL_BUT_MORT,14.4444,0.82168803,2679 ALL_BUT_MORT
2679,ALL_BUT_MORT,18.8889,0.87917177,2679 ALL_BUT_MORT
2679,ALL_BUT_MORT,23.3333,0.9126757,2679 ALL_BUT_MORT
2679,ALL_BUT_MORT,27.7778,0.93380341,2679 ALL_BUT_MORT
2679,ALL_BUT_MORT,32.2222,0.94796858,2679 ALL_BUT_MORT
2679,ALL_BUT_MORT,36.6667,0.95793363,2679 ALL_BUT_MORT
2679,ALL_BUT_MORT,41.1111,0.96521726,2679 ALL_BUT_MORT
2679,ALL_BUT_MORT,45.5556,0.97070924,2679 ALL_BUT_MORT
2679,ALL_BUT_MORT,50.0,0.97495765,2679 ALL_BUT_MORT
2679,ANY120,0.0,0.08921252,2679 ANY120
2679,ANY120,0.0,0.08921252,2679 ANY120
2679,ANY120,0.0,0.08921252,2679 ANY120
2679,ANY120,0.0,0.08921252,2679 ANY120
2679,ANY120,0.0001,0.08922287,2679 ANY120
2679,ANY120,0.0001,0.08922287,2679 ANY120
2679,ANY120,0.0001,0.08922287,2679 ANY120
2679,ANY120,0.0001,0.08922287,2679 ANY120
2679,ANY120,0.0001,0.08922287,2679 ANY120
2679,ANY120,0.0001,0.08922287,2679 ANY120
2679,ANY120,0.0002,0.08923323,2679 ANY120
2679,ANY120,0.0002,0.08923323,2679 ANY120
2679,ANY120,0.0003,0.08924358,2679 ANY120
2679,ANY120,0.0004,0.08925394,2679 ANY120
2679,ANY120,0.0004,0.08925394,2679 ANY120
2679,ANY120,0.0005,0.08926429,2679 ANY120
2679,ANY120,0.0005,0.08926429,2679 ANY120
2679,ANY120,0.0006,0.08927465,2679 ANY120
2679,ANY120,0.0006,0.08927465,2679 ANY120
2679,ANY120,0.0009,0.08930571,2679 ANY120
2679,ANY120,0.0012,0.08933677,2679 ANY120
2679,ANY120,0.0015,0.08936784,2679 ANY120
2679,ANY120,0.0018,0.0893989,2679 ANY120
2679,ANY120,0.0021,0.08942996,2679 ANY120
2679,ANY120,0.0023,0.08945066,2679 ANY120
2679,ANY120,0.0026,0.08948172,2679 ANY120
2679,ANY120,0.0029,0.08951278,2679 ANY120
2679,ANY120,0.0032,0.08954383,2679 ANY120
2679,ANY120,0.0046,0.08968874,2679 ANY120
2679,ANY120,0.006,0.08983363,2679 ANY120
2679,ANY120,0.0075,0.08998885,2679 ANY120
2679,ANY120,0.0089,0.09013369,2679 ANY120
2679,ANY120,0.0103,0.09027851,2679 ANY120
2679,ANY120,0.0117,0.0904233,2679 ANY120
2679,ANY120,0.0132,0.09057842,2679 ANY120
2679,ANY120,0.0146,0.09072316,2679 ANY120
2679,ANY120,0.016,0.09086789,2679 ANY120
2679,ANY120,0.0231,0.0916015,2679 ANY120
2679,ANY120,0.0302,0.09233451,2679 ANY120
2679,ANY120,0.0373,0.09306694,2679 ANY120
2679,ANY120,0.0444,0.09379877,2679 ANY120
2679,ANY120,0.0516,0.09454031,2679 ANY120
2679,ANY120,0.0587,0.09527095,2679 ANY120
2679,ANY120,0.0658,0.09600101,2679 ANY120
2679,ANY120,0.0729,0.09673047,2679 ANY120
2679,ANY120,0.08,0.09745935,2679 ANY120
2679,ANY120,0.1156,0.10110514,2679 ANY120
2679,ANY120,0.1511,0.10472603,2679 ANY120
2679,ANY120,0.1867,0.10834246,2679 ANY120
2679,ANY120,0.2222,0.1119342,2679 ANY120
2679,ANY120,0.2578,0.11552152,2679 ANY120
2679,ANY120,0.2933,0.11908433,2679 ANY120
2679,ANY120,0.3289,0.12264277,2679 ANY120
2679,ANY120,0.3644,0.1261769,2679 ANY120
2679,ANY120,0.4,0.12970669,2679 ANY120
2679,ANY120,0.5778,0.1471235,2679 ANY120
2679,ANY120,0.7556,0.16419176,2679 ANY120
2679,ANY120,0.9333,0.18090913,2679 ANY120
2679,ANY120,1.1111,0.19730126,2679 ANY120
2679,ANY120,1.2889,0.21336533,2679 ANY120
2679,ANY120,1.4667,0.22910792,2679 ANY120
2679,ANY120,1.6444,0.24452688,2679 ANY120
2679,ANY120,1.8222,0.25964584,2679 ANY120
2679,ANY120,2.0,0.27446224,2679 ANY120
2679,ANY120,2.8889,0.34420598,2679 ANY120
2679,ANY120,3.7778,0.40724546,2679 ANY120
2679,ANY120,4.6667,0.46422515,2679 ANY120
2679,ANY120,5.5556,0.51572755,2679 ANY120
2679,ANY120,6.4444,0.56227421,2679 ANY120
2679,ANY120,7.3333,0.60435146,2679 ANY120
2679,ANY120,8.2222,0.64238395,2679 ANY120
2679,ANY120,9.1111,0.67676049,2679 ANY120
2679,ANY120,10.0,0.70783252,2679 ANY120
2679,ANY120,14.4444,0.82373179,2679 ANY120
2679,ANY120,18.8889,0.89365645,2679 ANY120
2679,ANY120,23.3333,0.93584163,2679 ANY120
2679,ANY120,27.7778,0.96129291,2679 ANY120
2679,ANY120,32.2222,0.97664754,2679 ANY120
2679,ANY120,36.6667,0.98591134,2679 ANY120
2679,ANY120,41.1111,0.99150014,2679 ANY120
2679,ANY120,45.5556,0.99487199,2679 ANY120
2679,ANY120,50.0,0.99690621,2679 ANY120
2679,ANY24,,,2679 ANY24
2679,AXIS,0.0,0.00589287,2679 AXIS
2679,AXIS,0.0,0.00589287,2679 AXIS
2679,AXIS,0.0,0.00589287,2679 AXIS
2679,AXIS,0.0,0.00589287,2679 AXIS
2679,AXIS,0.0001,0.00589298,2679 AXIS
2679,AXIS,0.0001,0.00589298,2679 AXIS
2679,AXIS,0.0001,0.00589298,2679 AXIS
2679,AXIS,0.0001,0.00589298,2679 AXIS
2679,AXIS,0.0001,0.00589298,2679 AXIS
2679,AXIS,0.0001,0.00589298,2679 AXIS
2679,AXIS,0.0002,0.0058931,2679 AXIS
2679,AXIS,0.0002,0.0058931,2679 AXIS
2679,AXIS,0.0003,0.00589322,2679 AXIS
2679,AXIS,0.0004,0.00589334,2679 AXIS
2679,AXIS,0.0004,0.00589334,2679 AXIS
2679,AXIS,0.0005,0.00589346,2679 AXIS
2679,AXIS,0.0005,0.00589346,2679 AXIS
2679,AXIS,0.0006,0.00589357,2679 AXIS
2679,AXIS,0.0006,0.00589357,2679 AXIS
2679,AXIS,0.0009,0.00589393,2679 AXIS
2679,AXIS,0.0012,0.00589428,2679 AXIS
2679,AXIS,0.0015,0.00589463,2679 AXIS
2679,AXIS,0.0018,0.00589499,2679 AXIS
2679,AXIS,0.0021,0.00589534,2679 AXIS
2679,AXIS,0.0023,0.00589558,2679 AXIS
2679,AXIS,0.0026,0.00589593,2679 AXIS
2679,AXIS,0.0029,0.00589629,2679 AXIS
2679,AXIS,0.0032,0.00589664,2679 AXIS
2679,AXIS,0.0046,0.00589829,2679 AXIS
2679,AXIS,0.006,0.00589994,2679 AXIS
2679,AXIS,0.0075,0.00590171,2679 AXIS
2679,AXIS,0.0089,0.00590337,2679 AXIS
2679,AXIS,0.0103,0.00590502,2679 AXIS
2679,AXIS,0.0117,0.00590667,2679 AXIS
2679,AXIS,0.0132,0.00590844,2679 AXIS
2679,AXIS,0.0146,0.0059101,2679 AXIS
2679,AXIS,0.016,0.00591175,2679 AXIS
2679,AXIS,0.0231,0.00592016,2679 AXIS
2679,AXIS,0.0302,0.00592857,2679 AXIS
2679,AXIS,0.0373,0.00593699,2679 AXIS
2679,AXIS,0.0444,0.00594543,2679 AXIS
2679,AXIS,0.0516,0.005954,2679 AXIS
2679,AXIS,0.0587,0.00596246,2679 AXIS
2679,AXIS,0.0658,0.00597093,2679 AXIS
2679,AXIS,0.0729,0.00597942,2679 AXIS
2679,AXIS,0.08,0.00598791,2679 AXIS
2679,AXIS,0.1156,0.0060307,2679 AXIS
2679,AXIS,0.1511,0.00607366,2679 AXIS
2679,AXIS,0.1867,0.00611705,2679 AXIS
2679,AXIS,0.2222,0.00616063,2679 AXIS
2679,AXIS,0.2578,0.00620464,2679 AXIS
2679,AXIS,0.2933,0.00624884,2679 AXIS
2679,AXIS,0.3289,0.00629347,2679 AXIS
2679,AXIS,0.3644,0.0063383,2679 AXIS
2679,AXIS,0.4,0.00638357,2679 AXIS
2679,AXIS,0.5778,0.00661453,2679 AXIS
2679,AXIS,0.7556,0.00685378,2679 AXIS
2679,AXIS,0.9333,0.00710148,2679 AXIS
2679,AXIS,1.1111,0.00735822,2679 AXIS
2679,AXIS,1.2889,0.00762416,2679 AXIS
2679,AXIS,1.4667,0.00789965,2679 AXIS
2679,AXIS,1.6444,0.00818484,2679 AXIS
2679,AXIS,1.8222,0.0084804,2679 AXIS
2679,AXIS,2.0,0.00878655,2679 AXIS
2679,AXIS,2.8889,0.01048921,2679 AXIS
2679,AXIS,3.7778,0.01251765,2679 AXIS
2679,AXIS,4.6667,0.01493243,2679 AXIS
2679,AXIS,5.5556,0.01780466,2679 AXIS
2679,AXIS,6.4444,0.02121702,2679 AXIS
2679,AXIS,7.3333,0.02526707,2679 AXIS
2679,AXIS,8.2222,0.03006646,2679 AXIS
2679,AXIS,9.1111,0.03574405,2679 AXIS
2679,AXIS,10.0,0.04244685,2679 AXIS
2679,AXIS,14.4444,0.09779865,2679 AXIS
2679,AXIS,18.8889,0.2095392,2679 AXIS
2679,AXIS,23.3333,0.39329002,2679 AXIS
2679,AXIS,27.7778,0.61318453,2679 AXIS
2679,AXIS,32.2222,0.79493279,2679 AXIS
2679,AXIS,36.6667,0.90457646,2679 AXIS
2679,AXIS,41.1111,0.95864562,2679 AXIS
2679,AXIS,45.5556,0.98266541,2679 AXIS
2679,AXIS,50.0,0.99283792,2679 AXIS
2679,BRN_,0.0,0.00305444,2679 BRN_
2679,BRN_,0.0,0.00305444,2679 BRN_
2679,BRN_,0.0,0.00305444,2679 BRN_
2679,BRN_,0.0,0.00305444,2679 BRN_
2679,BRN_,0.0001,0.00305449,2679 BRN_
2679,BRN_,0.0001,0.00305449,2679 BRN_
2679,BRN_,0.0001,0.00305449,2679 BRN_
2679,BRN_,0.0001,0.00305449,2679 BRN_
2679,BRN_,0.0001,0.00305449,2679 BRN_
2679,BRN_,0.0001,0.00305449,2679 BRN_
2679,BRN_,0.0002,0.00305455,2679 BRN_
2679,BRN_,0.0002,0.00305455,2679 BRN_
2679,BRN_,0.0003,0.0030546,2679 BRN_
2679,BRN_,0.0004,0.00305465,2679 BRN_
2679,BRN_,0.0004,0.00305465,2679 BRN_
2679,BRN_,0.0005,0.00305471,2679 BRN_
2679,BRN_,0.0005,0.00305471,2679 BRN_
2679,BRN_,0.0006,0.00305476,2679 BRN_
2679,BRN_,0.0006,0.00305476,2679 BRN_
2679,BRN_,0.0009,0.00305492,2679 BRN_
2679,BRN_,0.0012,0.00305509,2679 BRN_
2679,BRN_,0.0015,0.00305525,2679 BRN_
2679,BRN_,0.0018,0.00305541,2679 BRN_
2679,BRN_,0.0021,0.00305557,2679 BRN_
2679,BRN_,0.0023,0.00305568,2679 BRN_
2679,BRN_,0.0026,0.00305584,2679 BRN_
2679,BRN_,0.0029,0.00305601,2679 BRN_
2679,BRN_,0.0032,0.00305617,2679 BRN_
2679,BRN_,0.0046,0.00305692,2679 BRN_
2679,BRN_,0.006,0.00305768,2679 BRN_
2679,BRN_,0.0075,0.00305849,2679 BRN_
2679,BRN_,0.0089,0.00305925,2679 BRN_
2679,BRN_,0.0103,0.00306001,2679 BRN_
2679,BRN_,0.0117,0.00306077,2679 BRN_
2679,BRN_,0.0132,0.00306158,2679 BRN_
2679,BRN_,0.0146,0.00306234,2679 BRN_
2679,BRN_,0.016,0.0030631,2679 BRN_
2679,BRN_,0.0231,0.00306695,2679 BRN_
2679,BRN_,0.0302,0.0030708,2679 BRN_
2679,BRN_,0.0373,0.00307466,2679 BRN_
2679,BRN_,0.0444,0.00307852,2679 BRN_
2679,BRN_,0.0516,0.00308245,2679 BRN_
2679,BRN_,0.0587,0.00308632,2679 BRN_
2679,BRN_,0.0658,0.0030902,2679 BRN_
2679,BRN_,0.0729,0.00309408,2679 BRN_
2679,BRN_,0.08,0.00309797,2679 BRN_
2679,BRN_,0.1156,0.00311754,2679 BRN_
2679,BRN_,0.1511,0.00313718,2679 BRN_
2679,BRN_,0.1867,0.003157,2679 BRN_
2679,BRN_,0.2222,0.00317689,2679 BRN_
2679,BRN_,0.2578,0.00319696,2679 BRN_
2679,BRN_,0.2933,0.00321709,2679 BRN_
2679,BRN_,0.3289,0.00323742,2679 BRN_
2679,BRN_,0.3644,0.00325781,2679 BRN_
2679,BRN_,0.4,0.00327838,2679 BRN_
2679,BRN_,0.5778,0.00338311,2679 BRN_
2679,BRN_,0.7556,0.00349118,2679 BRN_
2679,BRN_,0.9333,0.00360261,2679 BRN_
2679,BRN_,1.1111,0.00371766,2679 BRN_
2679,BRN_,1.2889,0.00383637,2679 BRN_
2679,BRN_,1.4667,0.00395885,2679 BRN_
2679,BRN_,1.6444,0.00408515,2679 BRN_
2679,BRN_,1.8222,0.00421555,2679 BRN_
2679,BRN_,2.0,0.00435008,2679 BRN_
2679,BRN_,2.8889,0.00508954,2679 BRN_
2679,BRN_,3.7778,0.00595394,2679 BRN_
2679,BRN_,4.6667,0.00696412,2679 BRN_
2679,BRN_,5.5556,0.00814429,2679 BRN_
2679,BRN_,6.4444,0.00952237,2679 BRN_
2679,BRN_,7.3333,0.01113122,2679 BRN_
2679,BRN_,8.2222,0.01300831,2679 BRN_
2679,BRN_,9.1111,0.01519708,2679 BRN_
2679,BRN_,10.0,0.01774752,2679 BRN_
2679,BRN_,14.4444,0.03823771,2679 BRN_
2679,BRN_,18.8889,0.08044845,2679 BRN_
2679,BRN_,23.3333,0.16143198,2679 BRN_
2679,BRN_,27.7778,0.29756163,2679 BRN_
2679,BRN_,32.2222,0.48243759,2679 BRN_
2679,BRN_,36.6667,0.67225392,2679 BRN_
2679,BRN_,41.1111,0.81862431,2679 BRN_
2679,BRN_,45.5556,0.9085228,2679 BRN_
2679,BRN_,50.0,0.95624415,2679 BRN_
2679,CRAN,0.0,0.00583297,2679 CRAN
2679,CRAN,0.0,0.00583297,2679 CRAN
2679,CRAN,0.0,0.00583297,2679 CRAN
2679,CRAN,0.0,0.00583297,2679 CRAN
2679,CRAN,0.0001,0.00583307,2679 CRAN
2679,CRAN,0.0001,0.00583307,2679 CRAN
2679,CRAN,0.0001,0.00583307,2679 CRAN
2679,CRAN,0.0001,0.00583307,2679 CRAN
2679,CRAN,0.0001,0.00583307,2679 CRAN
2679,CRAN,0.0001,0.00583307,2679 CRAN
2679,CRAN,0.0002,0.00583316,2679 CRAN
2679,CRAN,0.0002,0.00583316,2679 CRAN
2679,CRAN,0.0003,0.00583326,2679 CRAN
2679,CRAN,0.0004,0.00583336,2679 CRAN
2679,CRAN,0.0004,0.00583336,2679 CRAN
2679,CRAN,0.0005,0.00583345,2679 CRAN
2679,CRAN,0.0005,0.00583345,2679 CRAN
2679,CRAN,0.0006,0.00583355,2679 CRAN
2679,CRAN,0.0006,0.00583355,2679 CRAN
2679,CRAN,0.0009,0.00583384,2679 CRAN
2679,CRAN,0.0012,0.00583413,2679 CRAN
2679,CRAN,0.0015,0.00583442,2679 CRAN
2679,CRAN,0.0018,0.00583472,2679 CRAN
2679,CRAN,0.0021,0.00583501,2679 CRAN
2679,CRAN,0.0023,0.0058352,2679 CRAN
2679,CRAN,0.0026,0.00583549,2679 CRAN
2679,CRAN,0.0029,0.00583578,2679 CRAN
2679,CRAN,0.0032,0.00583608,2679 CRAN
2679,CRAN,0.0046,0.00583743,2679 CRAN
2679,CRAN,0.006,0.00583879,2679 CRAN
2679,CRAN,0.0075,0.00584025,2679 CRAN
2679,CRAN,0.0089,0.00584161,2679 CRAN
2679,CRAN,0.0103,0.00584297,2679 CRAN
2679,CRAN,0.0117,0.00584433,2679 CRAN
2679,CRAN,0.0132,0.00584579,2679 CRAN
2679,CRAN,0.0146,0.00584715,2679 CRAN
2679,CRAN,0.016,0.00584852,2679 CRAN
2679,CRAN,0.0231,0.00585543,2679 CRAN
2679,CRAN,0.0302,0.00586235,2679 CRAN
2679,CRAN,0.0373,0.00586927,2679 CRAN
2679,CRAN,0.0444,0.00587621,2679 CRAN
2679,CRAN,0.0516,0.00588325,2679 CRAN
2679,CRAN,0.0587,0.00589021,2679 CRAN
2679,CRAN,0.0658,0.00589717,2679 CRAN
2679,CRAN,0.0729,0.00590414,2679 CRAN
2679,CRAN,0.08,0.00591111,2679 CRAN
2679,CRAN,0.1156,0.00594622,2679 CRAN
2679,CRAN,0.1511,0.00598144,2679 CRAN
2679,CRAN,0.1867,0.00601696,2679 CRAN
2679,CRAN,0.2222,0.00605259,2679 CRAN
2679,CRAN,0.2578,0.00608853,2679 CRAN
2679,CRAN,0.2933,0.00612458,2679 CRAN
2679,CRAN,0.3289,0.00616095,2679 CRAN
2679,CRAN,0.3644,0.00619743,2679 CRAN
2679,CRAN,0.4,0.00623423,2679 CRAN
2679,CRAN,0.5778,0.00642128,2679 CRAN
2679,CRAN,0.7556,0.00661391,2679 CRAN
2679,CRAN,0.9333,0.00681217,2679 CRAN
2679,CRAN,1.1111,0.00701644,2679 CRAN
2679,CRAN,1.2889,0.0072268,2679 CRAN
2679,CRAN,1.4667,0.00744341,2679 CRAN
2679,CRAN,1.6444,0.00766634,2679 CRAN
2679,CRAN,1.8222,0.00789602,2679 CRAN
2679,CRAN,2.0,0.00813253,2679 CRAN
2679,CRAN,2.8889,0.00942447,2679 CRAN
2679,CRAN,3.7778,0.01091939,2679 CRAN
2679,CRAN,4.6667,0.0126484,2679 CRAN
2679,CRAN,5.5556,0.01464713,2679 CRAN
2679,CRAN,6.4444,0.01695601,2679 CRAN
2679,CRAN,7.3333,0.01962192,2679 CRAN
2679,CRAN,8.2222,0.0226973,2679 CRAN
2679,CRAN,9.1111,0.02624179,2679 CRAN
2679,CRAN,10.0,0.03032262,2679 CRAN
2679,CRAN,14.4444,0.06172329,2679 CRAN
2679,CRAN,18.8889,0.12156626,2679 CRAN
2679,CRAN,23.3333,0.22548293,2679 CRAN
2679,CRAN,27.7778,0.3798246,2679 CRAN
2679,CRAN,32.2222,0.56301146,2679 CRAN
2679,CRAN,36.6667,0.73048714,2679 CRAN
2679,CRAN,41.1111,0.85078628,2679 CRAN
2679,CRAN,45.5556,0.92304689,2679 CRAN
2679,CRAN,50.0,0.9618807,2679 CRAN
2679,EDEM,0.0,1e-05,2679 EDEM
2679,EDEM,0.0,1e-05,2679 EDEM
2679,EDEM,0.0,1e-05,2679 EDEM
2679,EDEM,0.0,1e-05,2679 EDEM
2679,EDEM,0.0001,1e-05,2679 EDEM
2679,EDEM,0.0001,1e-05,2679 EDEM
2679,EDEM,0.0001,1e-05,2679 EDEM
2679,EDEM,0.0001,1e-05,2679 EDEM
2679,EDEM,0.0001,1e-05,2679 EDEM
2679,EDEM,0.0001,1e-05,2679 EDEM
2679,EDEM,0.0002,1e-05,2679 EDEM
2679,EDEM,0.0002,1e-05,2679 EDEM
2679,EDEM,0.0003,1e-05,2679 EDEM
2679,EDEM,0.0004,1e-05,2679 EDEM
2679,EDEM,0.0004,1e-05,2679 EDEM
2679,EDEM,0.0005,1e-05,2679 EDEM
2679,EDEM,0.0005,1e-05,2679 EDEM
2679,EDEM,0.0006,1e-05,2679 EDEM
2679,EDEM,0.0006,1e-05,2679 EDEM
2679,EDEM,0.0009,1e-05,2679 EDEM
2679,EDEM,0.0012,1e-05,2679 EDEM
2679,EDEM,0.0015,1e-05,2679 EDEM
2679,EDEM,0.0018,1e-05,2679 EDEM
2679,EDEM,0.0021,1e-05,2679 EDEM
2679,EDEM,0.0023,1e-05,2679 EDEM
2679,EDEM,0.0026,1e-05,2679 EDEM
2679,EDEM,0.0029,1e-05,2679 EDEM
2679,EDEM,0.0032,1e-05,2679 EDEM
2679,EDEM,0.0046,1e-05,2679 EDEM
2679,EDEM,0.006,1.001e-05,2679 EDEM
2679,EDEM,0.0075,1.002e-05,2679 EDEM
2679,EDEM,0.0089,1.002e-05,2679 EDEM
2679,EDEM,0.0103,1.003e-05,2679 EDEM
2679,EDEM,0.0117,1.004e-05,2679 EDEM
2679,EDEM,0.0132,1.006e-05,2679 EDEM
2679,EDEM,0.0146,1.007e-05,2679 EDEM
2679,EDEM,0.016,1.009e-05,2679 EDEM
2679,EDEM,0.0231,1.022e-05,2679 EDEM
2679,EDEM,0.0302,1.041e-05,2679 EDEM
2679,EDEM,0.0373,1.068e-05,2679 EDEM
2679,EDEM,0.0444,1.102e-05,2679 EDEM
2679,EDEM,0.0516,1.144e-05,2679 EDEM
2679,EDEM,0.0587,1.195e-05,2679 EDEM
2679,EDEM,0.0658,1.255e-05,2679 EDEM
2679,EDEM,0.0729,1.324e-05,2679 EDEM
2679,EDEM,0.08,1.403e-05,2679 EDEM
2679,EDEM,0.1156,1.954e-05,2679 EDEM
2679,EDEM,0.1511,2.784e-05,2679 EDEM
2679,EDEM,0.1867,3.923e-05,2679 EDEM
2679,EDEM,0.2222,5.387e-05,2679 EDEM
2679,EDEM,0.2578,7.202e-05,2679 EDEM
2679,EDEM,0.2933,9.374e-05,2679 EDEM
2679,EDEM,0.3289,0.00011929,2679 EDEM
2679,EDEM,0.3644,0.00014866,2679 EDEM
2679,EDEM,0.4,0.00018213,2679 EDEM
2679,EDEM,0.5778,0.00041295,2679 EDEM
2679,EDEM,0.7556,0.000757,2679 EDEM
2679,EDEM,0.9333,0.0012213,2679 EDEM
2679,EDEM,1.1111,0.00181159,2679 EDEM
2679,EDEM,1.2889,0.00253139,2679 EDEM
2679,EDEM,1.4667,0.0033833,2679 EDEM
2679,EDEM,1.6444,0.00436848,2679 EDEM
2679,EDEM,1.8222,0.00548907,2679 EDEM
2679,EDEM,2.0,0.00674502,2679 EDEM
2679,EDEM,2.8889,0.01504056,2679 EDEM
2679,EDEM,3.7778,0.02658308,2679 EDEM
2679,EDEM,4.6667,0.04112952,2679 EDEM
2679,EDEM,5.5556,0.05837753,2679 EDEM
2679,EDEM,6.4444,0.07799849,2679 EDEM
2679,EDEM,7.3333,0.09966683,2679 EDEM
2679,EDEM,8.2222,0.12305879,2679 EDEM
2679,EDEM,9.1111,0.14786833,2679 EDEM
2679,EDEM,10.0,0.17380926,2679 EDEM
2679,EDEM,14.4444,0.31204765,2679 EDEM
2679,EDEM,18.8889,0.44845085,2679 EDEM
2679,EDEM,23.3333,0.57015513,2679 EDEM
2679,EDEM,27.7778,0.67224921,2679 EDEM
2679,EDEM,32.2222,0.75438677,2679 EDEM
2679,EDEM,36.6667,0.81850993,2679 EDEM
2679,EDEM,41.1111,0.86744004,2679 EDEM
2679,EDEM,45.5556,0.904119,2679 EDEM
2679,EDEM,50.0,0.93122193,2679 EDEM
2679,LTRK,0.0,0.00657111,2679 LTRK
2679,LTRK,0.0,0.00657111,2679 LTRK
2679,LTRK,0.0,0.00657111,2679 LTRK
2679,LTRK,0.0,0.00657111,2679 LTRK
2679,LTRK,0.0001,0.00657865,2679 LTRK
2679,LTRK,0.0001,0.00657865,2679 LTRK
2679,LTRK,0.0001,0.00657865,2679 LTRK
2679,LTRK,0.0001,0.00657865,2679 LTRK
2679,LTRK,0.0001,0.00657865,2679 LTRK
2679,LTRK,0.0001,0.00657865,2679 LTRK
2679,LTRK,0.0002,0.00658619,2679 LTRK
2679,LTRK,0.0002,0.00658619,2679 LTRK
2679,LTRK,0.0003,0.00659373,2679 LTRK
2679,LTRK,0.0004,0.00660127,2679 LTRK
2679,LTRK,0.0004,0.00660127,2679 LTRK
2679,LTRK,0.0005,0.00660881,2679 LTRK
2679,LTRK,0.0005,0.00660881,2679 LTRK
2679,LTRK,0.0006,0.00661635,2679 LTRK
2679,LTRK,0.0006,0.00661635,2679 LTRK
2679,LTRK,0.0009,0.00663897,2679 LTRK
2679,LTRK,0.0012,0.0066616,2679 LTRK
2679,LTRK,0.0015,0.00668422,2679 LTRK
2679,LTRK,0.0018,0.00670684,2679 LTRK
2679,LTRK,0.0021,0.00672946,2679 LTRK
2679,LTRK,0.0023,0.00674454,2679 LTRK
2679,LTRK,0.0026,0.00676716,2679 LTRK
2679,LTRK,0.0029,0.00678978,2679 LTRK
2679,LTRK,0.0032,0.0068124,2679 LTRK
2679,LTRK,0.0046,0.00691794,2679 LTRK
2679,LTRK,0.006,0.00702348,2679 LTRK
2679,LTRK,0.0075,0.00713654,2679 LTRK
2679,LTRK,0.0089,0.00724205,2679 LTRK
2679,LTRK,0.0103,0.00734756,2679 LTRK
2679,LTRK,0.0117,0.00745305,2679 LTRK
2679,LTRK,0.0132,0.00756606,2679 LTRK
2679,LTRK,0.0146,0.00767153,2679 LTRK
2679,LTRK,0.016,0.00777698,2679 LTRK
2679,LTRK,0.0231,0.00831162,2679 LTRK
2679,LTRK,0.0302,0.00884597,2679 LTRK
2679,LTRK,0.0373,0.00938003,2679 LTRK
2679,LTRK,0.0444,0.00991381,2679 LTRK
2679,LTRK,0.0516,0.01045481,2679 LTRK
2679,LTRK,0.0587,0.010988,2679 LTRK
2679,LTRK,0.0658,0.01152091,2679 LTRK
2679,LTRK,0.0729,0.01205353,2679 LTRK
2679,LTRK,0.08,0.01258587,2679 LTRK
2679,LTRK,0.1156,0.01525071,2679 LTRK
2679,LTRK,0.1511,0.01790091,2679 LTRK
2679,LTRK,0.1867,0.02055142,2679 LTRK
2679,LTRK,0.2222,0.02318735,2679 LTRK
2679,LTRK,0.2578,0.02582359,2679 LTRK
2679,LTRK,0.2933,0.02844533,2679 LTRK
2679,LTRK,0.3289,0.03106738,2679 LTRK
2679,LTRK,0.3644,0.03367501,2679 LTRK
2679,LTRK,0.4,0.03628294,2679 LTRK
2679,LTRK,0.5778,0.04920297,2679 LTRK
2679,LTRK,0.7556,0.06194979,2679 LTRK
2679,LTRK,0.9333,0.07451869,2679 LTRK
2679,LTRK,1.1111,0.08692611,2679 LTRK
2679,LTRK,1.2889,0.09916719,2679 LTRK
2679,LTRK,1.4667,0.11124416,2679 LTRK
2679,LTRK,1.6444,0.12315257,2679 LTRK
2679,LTRK,1.8222,0.13490798,2679 LTRK
2679,LTRK,2.0,0.1465058,2679 LTRK
2679,LTRK,2.8889,0.20219781,2679 LTRK
2679,LTRK,3.7778,0.25425581,2679 LTRK
2679,LTRK,4.6667,0.30291694,2679 LTRK
2679,LTRK,5.5556,0.34840285,2679 LTRK
2679,LTRK,6.4444,0.39091609,2679 LTRK
2679,LTRK,7.3333,0.4306599,2679 LTRK
2679,LTRK,8.2222,0.46781035,2679 LTRK
2679,LTRK,9.1111,0.50253666,2679 LTRK
2679,LTRK,10.0,0.53499703,2679 LTRK
2679,LTRK,14.4444,0.66815729,2679 LTRK
2679,LTRK,18.8889,0.76318701,2679 LTRK
2679,LTRK,23.3333,0.8310018,2679 LTRK
2679,LTRK,27.7778,0.87939777,2679 LTRK
2679,LTRK,32.2222,0.91393395,2679 LTRK
2679,LTRK,36.6667,0.93858066,2679 LTRK
2679,LTRK,41.1111,0.95616897,2679 LTRK
2679,LTRK,45.5556,0.96872085,2679 LTRK
2679,LTRK,50.0,0.97767808,2679 LTRK
2679,MO24,,,2679 MO24
2679,NC24,,,2679 NC24
2679,TOT_MORT,0.0,0.02155813,2679 TOT_MORT
2679,TOT_MORT,0.0,0.02155813,2679 TOT_MORT
2679,TOT_MORT,0.0,0.02155813,2679 TOT_MORT
2679,TOT_MORT,0.0,0.02155813,2679 TOT_MORT
2679,TOT_MORT,0.0001,0.02155819,2679 TOT_MORT
2679,TOT_MORT,0.0001,0.02155819,2679 TOT_MORT
2679,TOT_MORT,0.0001,0.02155819,2679 TOT_MORT
2679,TOT_MORT,0.0001,0.02155819,2679 TOT_MORT
2679,TOT_MORT,0.0001,0.02155819,2679 TOT_MORT
2679,TOT_MORT,0.0001,0.02155819,2679 TOT_MORT
2679,TOT_MORT,0.0002,0.02155824,2679 TOT_MORT
2679,TOT_MORT,0.0002,0.02155824,2679 TOT_MORT
2679,TOT_MORT,0.0003,0.0215583,2679 TOT_MORT
2679,TOT_MORT,0.0004,0.02155835,2679 TOT_MORT
2679,TOT_MORT,0.0004,0.02155835,2679 TOT_MORT
2679,TOT_MORT,0.0005,0.02155841,2679 TOT_MORT
2679,TOT_MORT,0.0005,0.02155841,2679 TOT_MORT
2679,TOT_MORT,0.0006,0.02155846,2679 TOT_MORT
2679,TOT_MORT,0.0006,0.02155846,2679 TOT_MORT
2679,TOT_MORT,0.0009,0.02155863,2679 TOT_MORT
2679,TOT_MORT,0.0012,0.0215588,2679 TOT_MORT
2679,TOT_MORT,0.0015,0.02155897,2679 TOT_MORT
2679,TOT_MORT,0.0018,0.02155913,2679 TOT_MORT
2679,TOT_MORT,0.0021,0.0215593,2679 TOT_MORT
2679,TOT_MORT,0.0023,0.02155941,2679 TOT_MORT
2679,TOT_MORT,0.0026,0.02155958,2679 TOT_MORT
2679,TOT_MORT,0.0029,0.02155974,2679 TOT_MORT
2679,TOT_MORT,0.0032,0.02155991,2679 TOT_MORT
2679,TOT_MORT,0.0046,0.02156069,2679 TOT_MORT
2679,TOT_MORT,0.006,0.02156147,2679 TOT_MORT
2679,TOT_MORT,0.0075,0.0215623,2679 TOT_MORT
2679,TOT_MORT,0.0089,0.02156308,2679 TOT_MORT
2679,TOT_MORT,0.0103,0.02156386,2679 TOT_MORT
2679,TOT_MORT,0.0117,0.02156464,2679 TOT_MORT
2679,TOT_MORT,0.0132,0.02156548,2679 TOT_MORT
2679,TOT_MORT,0.0146,0.02156625,2679 TOT_MORT
2679,TOT_MORT,0.016,0.02156703,2679 TOT_MORT
2679,TOT_MORT,0.0231,0.02157098,2679 TOT_MORT
2679,TOT_MORT,0.0302,0.02157494,2679 TOT_MORT
2679,TOT_MORT,0.0373,0.02157889,2679 TOT_MORT
2679,TOT_MORT,0.0444,0.02158284,2679 TOT_MORT
2679,TOT_MORT,0.0516,0.02158684,2679 TOT_MORT
2679,TOT_MORT,0.0587,0.02159079,2679 TOT_MORT
2679,TOT_MORT,0.0658,0.02159474,2679 TOT_MORT
2679,TOT_MORT,0.0729,0.02159869,2679 TOT_MORT
2679,TOT_MORT,0.08,0.02160265,2679 TOT_MORT
2679,TOT_MORT,0.1156,0.02162245,2679 TOT_MORT
2679,TOT_MORT,0.1511,0.02164221,2679 TOT_MORT
2679,TOT_MORT,0.1867,0.02166201,2679 TOT_MORT
2679,TOT_MORT,0.2222,0.02168176,2679 TOT_MORT
2679,TOT_MORT,0.2578,0.02170157,2679 TOT_MORT
2679,TOT_MORT,0.2933,0.02172132,2679 TOT_MORT
2679,TOT_MORT,0.3289,0.02174113,2679 TOT_MORT
2679,TOT_MORT,0.3644,0.02176088,2679 TOT_MORT
2679,TOT_MORT,0.4,0.02178068,2679 TOT_MORT
2679,TOT_MORT,0.5778,0.02187959,2679 TOT_MORT
2679,TOT_MORT,0.7556,0.02197849,2679 TOT_MORT
2679,TOT_MORT,0.9333,0.02207732,2679 TOT_MORT
2679,TOT_MORT,1.1111,0.0221762,2679 TOT_MORT
2679,TOT_MORT,1.2889,0.02227506,2679 TOT_MORT
2679,TOT_MORT,1.4667,0.02237392,2679 TOT_MORT
2679,TOT_MORT,1.6444,0.02247271,2679 TOT_MORT
2679,TOT_MORT,1.8222,0.02257155,2679 TOT_MORT
2679,TOT_MORT,2.0,0.02267038,2679 TOT_MORT
2679,TOT_MORT,2.8889,0.02316431,2679 TOT_MORT
2679,TOT_MORT,3.7778,0.02365799,2679 TOT_MORT
2679,TOT_MORT,4.6667,0.02415143,2679 TOT_MORT
2679,TOT_MORT,5.5556,0.02464461,2679 TOT_MORT
2679,TOT_MORT,6.4444,0.02513749,2679 TOT_MORT
2679,TOT_MORT,7.3333,0.02563018,2679 TOT_MORT
2679,TOT_MORT,8.2222,0.02612261,2679 TOT_MORT
2679,TOT_MORT,9.1111,0.0266148,2679 TOT_MORT
2679,TOT_MORT,10.0,0.02710674,2679 TOT_MORT
2679,TOT_MORT,14.4444,0.02956265,2679 TOT_MORT
2679,TOT_MORT,18.8889,0.03201242,2679 TOT_MORT
2679,TOT_MORT,23.3333,0.03445595,2679 TOT_MORT
2679,TOT_MORT,27.7778,0.03689337,2679 TOT_MORT
2679,TOT_MORT,32.2222,0.03932457,2679 TOT_MORT
2679,TOT_MORT,36.6667,0.0417497,2679 TOT_MORT
2679,TOT_MORT,41.1111,0.04416865,2679 TOT_MORT
2679,TOT_MORT,45.5556,0.04658155,2679 TOT_MORT
2679,TOT_MORT,50.0,0.0489883,2679 TOT_MORT
2680,ALL_BUT_MORT,,,2680 ALL_BUT_MORT
2680,ANY120,0.0,0.07918158,2680 ANY120
2680,ANY120,0.0,0.07918158,2680 ANY120
2680,ANY120,0.0,0.07918158,2680 ANY120
2680,ANY120,0.0,0.07918158,2680 ANY120
2680,ANY120,0.0001,0.07918216,2680 ANY120
2680,ANY120,0.0001,0.07918216,2680 ANY120
2680,ANY120,0.0001,0.07918216,2680 ANY120
2680,ANY120,0.0001,0.07918216,2680 ANY120
2680,ANY120,0.0001,0.07918216,2680 ANY120
2680,ANY120,0.0001,0.07918216,2680 ANY120
2680,ANY120,0.0002,0.07918273,2680 ANY120
2680,ANY120,0.0002,0.07918273,2680 ANY120
2680,ANY120,0.0003,0.07918331,2680 ANY120
2680,ANY120,0.0004,0.07918389,2680 ANY120
2680,ANY120,0.0004,0.07918389,2680 ANY120
2680,ANY120,0.0005,0.07918446,2680 ANY120
2680,ANY120,0.0005,0.07918446,2680 ANY120
2680,ANY120,0.0006,0.07918504,2680 ANY120
2680,ANY120,0.0006,0.07918504,2680 ANY120
2680,ANY120,0.0009,0.07918677,2680 ANY120
2680,ANY120,0.0012,0.07918849,2680 ANY120
2680,ANY120,0.0015,0.07919022,2680 ANY120
2680,ANY120,0.0018,0.07919195,2680 ANY120
2680,ANY120,0.0021,0.07919368,2680 ANY120
2680,ANY120,0.0023,0.07919483,2680 ANY120
2680,ANY120,0.0026,0.07919656,2680 ANY120
2680,ANY120,0.0029,0.07919829,2680 ANY120
2680,ANY120,0.0032,0.07920002,2680 ANY120
2680,ANY120,0.0046,0.07920808,2680 ANY120
2680,ANY120,0.006,0.07921615,2680 ANY120
2680,ANY120,0.0075,0.07922479,2680 ANY120
2680,ANY120,0.0089,0.07923286,2680 ANY120
2680,ANY120,0.0103,0.07924093,2680 ANY120
2680,ANY120,0.0117,0.079249,2680 ANY120
2680,ANY120,0.0132,0.07925765,2680 ANY120
2680,ANY120,0.0146,0.07926572,2680 ANY120
2680,ANY120,0.016,0.07927379,2680 ANY120
2680,ANY120,0.0231,0.07931474,2680 ANY120
2680,ANY120,0.0302,0.07935571,2680 ANY120
2680,ANY120,0.0373,0.07939669,2680 ANY120
2680,ANY120,0.0444,0.0794377,2680 ANY120
2680,ANY120,0.0516,0.0794793,2680 ANY120
2680,ANY120,0.0587,0.07952035,2680 ANY120
2680,ANY120,0.0658,0.07956142,2680 ANY120
2680,ANY120,0.0729,0.0796025,2680 ANY120
2680,ANY120,0.08,0.0796436,2680 ANY120
2680,ANY120,0.1156,0.07984999,2680 ANY120
2680,ANY120,0.1511,0.08005629,2680 ANY120
2680,ANY120,0.1867,0.08026366,2680 ANY120
2680,ANY120,0.2222,0.08047093,2680 ANY120
2680,ANY120,0.2578,0.08067927,2680 ANY120
2680,ANY120,0.2933,0.08088753,2680 ANY120
2680,ANY120,0.3289,0.08109685,2680 ANY120
2680,ANY120,0.3644,0.08130609,2680 ANY120
2680,ANY120,0.4,0.0815164,2680 ANY120
2680,ANY120,0.5778,0.08257424,2680 ANY120
2680,ANY120,0.7556,0.08364456,2680 ANY120
2680,ANY120,0.9333,0.08472686,2680 ANY120
2680,ANY120,1.1111,0.08582247,2680 ANY120
2680,ANY120,1.2889,0.0869309,2680 ANY120
2680,ANY120,1.4667,0.08805227,2680 ANY120
2680,ANY120,1.6444,0.08918604,2680 ANY120
2680,ANY120,1.8222,0.09033362,2680 ANY120
2680,ANY120,2.0,0.09149449,2680 ANY120
2680,ANY120,2.8889,0.09750139,2680 ANY120
2680,ANY120,3.7778,0.10385758,2680 ANY120
2680,ANY120,4.6667,0.11057737,2680 ANY120
2680,ANY120,5.5556,0.11767484,2680 ANY120
2680,ANY120,6.4444,0.1251629,2680 ANY120
2680,ANY120,7.3333,0.13305651,2680 ANY120
2680,ANY120,8.2222,0.1413675,2680 ANY120
2680,ANY120,9.1111,0.15010772,2680 ANY120
2680,ANY120,10.0,0.15928807,2680 ANY120
2680,ANY120,14.4444,0.21207982,2680 ANY120
2680,ANY120,18.8889,0.27661289,2680 ANY120
2680,ANY120,23.3333,0.35200792,2680 ANY120
2680,ANY120,27.7778,0.43558097,2680 ANY120
2680,ANY120,32.2222,0.52297991,2680 ANY120
2680,ANY120,36.6667,0.60899579,2680 ANY120
2680,ANY120,41.1111,0.68873109,2680 ANY120
2680,ANY120,45.5556,0.75865181,2680 ANY120
2680,ANY120,50.0,0.81703737,2680 ANY120
2680,ANY24,,,2680 ANY24
2680,AXIS,0.0,0.03244794,2680 AXIS
2680,AXIS,0.0,0.03244794,2680 AXIS
2680,AXIS,0.0,0.03244794,2680 AXIS
2680,AXIS,0.0,0.03244794,2680 AXIS
2680,AXIS,0.0001,0.03244836,2680 AXIS
2680,AXIS,0.0001,0.03244836,2680 AXIS
2680,AXIS,0.0001,0.03244836,2680 AXIS
2680,AXIS,0.0001,0.03244836,2680 AXIS
2680,AXIS,0.0001,0.03244836,2680 AXIS
2680,AXIS,0.0001,0.03244836,2680 AXIS
2680,AXIS,0.0002,0.03244877,2680 AXIS
2680,AXIS,0.0002,0.03244877,2680 AXIS
2680,AXIS,0.0003,0.03244918,2680 AXIS
2680,AXIS,0.0004,0.03244959,2680 AXIS
2680,AXIS,0.0004,0.03244959,2680 AXIS
2680,AXIS,0.0005,0.03245,2680 AXIS
2680,AXIS,0.0005,0.03245,2680 AXIS
2680,AXIS,0.0006,0.03245041,2680 AXIS
2680,AXIS,0.0006,0.03245041,2680 AXIS
2680,AXIS,0.0009,0.03245165,2680 AXIS
2680,AXIS,0.0012,0.03245288,2680 AXIS
2680,AXIS,0.0015,0.03245412,2680 AXIS
2680,AXIS,0.0018,0.03245535,2680 AXIS
2680,AXIS,0.0021,0.03245658,2680 AXIS
2680,AXIS,0.0023,0.03245741,2680 AXIS
2680,AXIS,0.0026,0.03245864,2680 AXIS
2680,AXIS,0.0029,0.03245988,2680 AXIS
2680,AXIS,0.0032,0.03246111,2680 AXIS
2680,AXIS,0.0046,0.03246687,2680 AXIS
2680,AXIS,0.006,0.03247263,2680 AXIS
2680,AXIS,0.0075,0.0324788,2680 AXIS
2680,AXIS,0.0089,0.03248456,2680 AXIS
2680,AXIS,0.0103,0.03249032,2680 AXIS
2680,AXIS,0.0117,0.03249608,2680 AXIS
2680,AXIS,0.0132,0.03250225,2680 AXIS
2680,AXIS,0.0146,0.03250801,2680 AXIS
2680,AXIS,0.016,0.03251377,2680 AXIS
2680,AXIS,0.0231,0.03254298,2680 AXIS
2680,AXIS,0.0302,0.03257219,2680 AXIS
2680,AXIS,0.0373,0.0326014,2680 AXIS
2680,AXIS,0.0444,0.03263061,2680 AXIS
2680,AXIS,0.0516,0.03266023,2680 AXIS
2680,AXIS,0.0587,0.03268943,2680 AXIS
2680,AXIS,0.0658,0.03271864,2680 AXIS
2680,AXIS,0.0729,0.03274784,2680 AXIS
2680,AXIS,0.08,0.03277705,2680 AXIS
2680,AXIS,0.1156,0.03292346,2680 AXIS
2680,AXIS,0.1511,0.03306944,2680 AXIS
2680,AXIS,0.1867,0.03321581,2680 AXIS
2680,AXIS,0.2222,0.03336175,2680 AXIS
2680,AXIS,0.2578,0.03350808,2680 AXIS
2680,AXIS,0.2933,0.03365397,2680 AXIS
2680,AXIS,0.3289,0.03380025,2680 AXIS
2680,AXIS,0.3644,0.0339461,2680 AXIS
2680,AXIS,0.4,0.03409234,2680 AXIS
2680,AXIS,0.5778,0.03482238,2680 AXIS
2680,AXIS,0.7556,0.03555186,2680 AXIS
2680,AXIS,0.9333,0.03628039,2680 AXIS
2680,AXIS,1.1111,0.03700877,2680 AXIS
2680,AXIS,1.2889,0.03773661,2680 AXIS
2680,AXIS,1.4667,0.03846389,2680 AXIS
2680,AXIS,1.6444,0.03919021,2680 AXIS
2680,AXIS,1.8222,0.0399164,2680 AXIS
2680,AXIS,2.0,0.04064203,2680 AXIS
2680,AXIS,2.8889,0.04426159,2680 AXIS
2680,AXIS,3.7778,0.04786748,2680 AXIS
2680,AXIS,4.6667,0.05145977,2680 AXIS
2680,AXIS,5.5556,0.05503851,2680 AXIS
2680,AXIS,6.4444,0.05860335,2680 AXIS
2680,AXIS,7.3333,0.06215514,2680 AXIS
2680,AXIS,8.2222,0.06569352,2680 AXIS
2680,AXIS,9.1111,0.06921856,2680 AXIS
2680,AXIS,10.0,0.0727303,2680 AXIS
2680,AXIS,14.4444,0.09009085,2680 AXIS
2680,AXIS,18.8889,0.10712675,2680 AXIS
2680,AXIS,23.3333,0.12384333,2680 AXIS
2680,AXIS,27.7778,0.1402473,2680 AXIS
2680,AXIS,32.2222,0.15634378,2680 AXIS
2680,AXIS,36.6667,0.17213925,2680 AXIS
2680,AXIS,41.1111,0.18763865,2680 AXIS
2680,AXIS,45.5556,0.2028482,2680 AXIS
2680,AXIS,50.0,0.21777266,2680 AXIS
2680,BRN_,0.0,0.01293681,2680 BRN_
2680,BRN_,0.0,0.01293681,2680 BRN_
2680,BRN_,0.0,0.01293681,2680 BRN_
2680,BRN_,0.0,0.01293681,2680 BRN_
2680,BRN_,0.0001,0.01300915,2680 BRN_
2680,BRN_,0.0001,0.01300915,2680 BRN_
2680,BRN_,0.0001,0.01300915,2680 BRN_
2680,BRN_,0.0001,0.01300915,2680 BRN_
2680,BRN_,0.0001,0.01300915,2680 BRN_
2680,BRN_,0.0001,0.01300915,2680 BRN_
2680,BRN_,0.0002,0.01304589,2680 BRN_
2680,BRN_,0.0002,0.01304589,2680 BRN_
2680,BRN_,0.0003,0.01307551,2680 BRN_
2680,BRN_,0.0004,0.01310129,2680 BRN_
2680,BRN_,0.0004,0.01310129,2680 BRN_
2680,BRN_,0.0005,0.01312454,2680 BRN_
2680,BRN_,0.0005,0.01312454,2680 BRN_
2680,BRN_,0.0006,0.01314596,2680 BRN_
2680,BRN_,0.0006,0.01314596,2680 BRN_
2680,BRN_,0.0009,0.01320275,2680 BRN_
2680,BRN_,0.0012,0.01325217,2680 BRN_
2680,BRN_,0.0015,0.01329674,2680 BRN_
2680,BRN_,0.0018,0.0133378,2680 BRN_
2680,BRN_,0.0021,0.01337615,2680 BRN_
2680,BRN_,0.0023,0.01340048,2680 BRN_
2680,BRN_,0.0026,0.01343542,2680 BRN_
2680,BRN_,0.0029,0.01346874,2680 BRN_
2680,BRN_,0.0032,0.01350069,2680 BRN_
2680,BRN_,0.0046,0.01363596,2680 BRN_
2680,BRN_,0.006,0.01375516,2680 BRN_
2680,BRN_,0.0075,0.01387083,2680 BRN_
2680,BRN_,0.0089,0.01397051,2680 BRN_
2680,BRN_,0.0103,0.01406398,2680 BRN_
2680,BRN_,0.0117,0.01415239,2680 BRN_
2680,BRN_,0.0132,0.01424244,2680 BRN_
2680,BRN_,0.0146,0.0143228,2680 BRN_
2680,BRN_,0.016,0.01440007,2680 BRN_
2680,BRN_,0.0231,0.01475575,2680 BRN_
2680,BRN_,0.0302,0.01506878,2680 BRN_
2680,BRN_,0.0373,0.0153529,2680 BRN_
2680,BRN_,0.0444,0.01561566,2680 BRN_
2680,BRN_,0.0516,0.01586512,2680 BRN_
2680,BRN_,0.0587,0.01609755,2680 BRN_
2680,BRN_,0.0658,0.01631877,2680 BRN_
2680,BRN_,0.0729,0.01653045,2680 BRN_
2680,BRN_,0.08,0.01673387,2680 BRN_
2680,BRN_,0.1156,0.01765922,2680 BRN_
2680,BRN_,0.1511,0.0184712,2680 BRN_
2680,BRN_,0.1867,0.01921021,2680 BRN_
2680,BRN_,0.2222,0.0198917,2680 BRN_
2680,BRN_,0.2578,0.02053175,2680 BRN_
2680,BRN_,0.2933,0.02113497,2680 BRN_
2680,BRN_,0.3289,0.02171064,2680 BRN_
2680,BRN_,0.3644,0.02225987,2680 BRN_
2680,BRN_,0.4,0.02278914,2680 BRN_
2680,BRN_,0.5778,0.02518708,2680 BRN_
2680,BRN_,0.7556,0.02729683,2680 BRN_
2680,BRN_,0.9333,0.02921024,2680 BRN_
2680,BRN_,1.1111,0.03098048,2680 BRN_
2680,BRN_,1.2889,0.03263815,2680 BRN_
2680,BRN_,1.4667,0.03420463,2680 BRN_
2680,BRN_,1.6444,0.03569433,2680 BRN_
2680,BRN_,1.8222,0.03712028,2680 BRN_
2680,BRN_,2.0,0.03849032,2680 BRN_
2680,BRN_,2.8889,0.04470182,2680 BRN_
2680,BRN_,3.7778,0.05016347,2680 BRN_
2680,BRN_,4.6667,0.0551165,2680 BRN_
2680,BRN_,5.5556,0.05969346,2680 BRN_
2680,BRN_,6.4444,0.06397629,2680 BRN_
2680,BRN_,7.3333,0.0680215,2680 BRN_
2680,BRN_,8.2222,0.07186822,2680 BRN_
2680,BRN_,9.1111,0.07554593,2680 BRN_
2680,BRN_,10.0,0.0790773,2680 BRN_
2680,BRN_,14.4444,0.09506034,2680 BRN_
2680,BRN_,18.8889,0.10907084,2680 BRN_
2680,BRN_,23.3333,0.12173718,2680 BRN_
2680,BRN_,27.7778,0.13340597,2680 BRN_
2680,BRN_,32.2222,0.14429222,2680 BRN_
2680,BRN_,36.6667,0.15454187,2680 BRN_
2680,BRN_,41.1111,0.16425837,2680 BRN_
2680,BRN_,45.5556,0.17351959,2680 BRN_
2680,BRN_,50.0,0.18238472,2680 BRN_
2680,CRAN,0.0,0.0135882,2680 CRAN
2680,CRAN,0.0,0.0135882,2680 CRAN
2680,CRAN,0.0,0.0135882,2680 CRAN
2680,CRAN,0.0,0.0135882,2680 CRAN
2680,CRAN,0.0001,0.01359671,2680 CRAN
2680,CRAN,0.0001,0.01359671,2680 CRAN
2680,CRAN,0.0001,0.01359671,2680 CRAN
2680,CRAN,0.0001,0.01359671,2680 CRAN
2680,CRAN,0.0001,0.01359671,2680 CRAN
2680,CRAN,0.0001,0.01359671,2680 CRAN
2680,CRAN,0.0002,0.01360316,2680 CRAN
2680,CRAN,0.0002,0.01360316,2680 CRAN
2680,CRAN,0.0003,0.013609,2680 CRAN
2680,CRAN,0.0004,0.01361448,2680 CRAN
2680,CRAN,0.0004,0.01361448,2680 CRAN
2680,CRAN,0.0005,0.01361971,2680 CRAN
2680,CRAN,0.0005,0.01361971,2680 CRAN
2680,CRAN,0.0006,0.01362475,2680 CRAN
2680,CRAN,0.0006,0.01362475,2680 CRAN
2680,CRAN,0.0009,0.01363902,2680 CRAN
2680,CRAN,0.0012,0.01365241,2680 CRAN
2680,CRAN,0.0015,0.01366519,2680 CRAN
2680,CRAN,0.0018,0.01367749,2680 CRAN
2680,CRAN,0.0021,0.01368942,2680 CRAN
2680,CRAN,0.0023,0.01369719,2680 CRAN
2680,CRAN,0.0026,0.01370861,2680 CRAN
2680,CRAN,0.0029,0.01371979,2680 CRAN
2680,CRAN,0.0032,0.01373076,2680 CRAN
2680,CRAN,0.0046,0.01377968,2680 CRAN
2680,CRAN,0.006,0.01382586,2680 CRAN
2680,CRAN,0.0075,0.01387313,2680 CRAN
2680,CRAN,0.0089,0.01391567,2680 CRAN
2680,CRAN,0.0103,0.01395698,2680 CRAN
2680,CRAN,0.0117,0.01399724,2680 CRAN
2680,CRAN,0.0132,0.01403939,2680 CRAN
2680,CRAN,0.0146,0.01407792,2680 CRAN
2680,CRAN,0.016,0.01411577,2680 CRAN
2680,CRAN,0.0231,0.01429934,2680 CRAN
2680,CRAN,0.0302,0.01447247,2680 CRAN
2680,CRAN,0.0373,0.01463807,2680 CRAN
2680,CRAN,0.0444,0.01479784,2680 CRAN
2680,CRAN,0.0516,0.01495503,2680 CRAN
2680,CRAN,0.0587,0.01510605,2680 CRAN
2680,CRAN,0.0658,0.01525369,2680 CRAN
2680,CRAN,0.0729,0.01539836,2680 CRAN
2680,CRAN,0.08,0.01554041,2680 CRAN
2680,CRAN,0.1156,0.01622133,2680 CRAN
2680,CRAN,0.1511,0.0168616,2680 CRAN
2680,CRAN,0.1867,0.01747566,2680 CRAN
2680,CRAN,0.2222,0.01806632,2680 CRAN
2680,CRAN,0.2578,0.018641,2680 CRAN
2680,CRAN,0.2933,0.01919933,2680 CRAN
2680,CRAN,0.3289,0.01974655,2680 CRAN
2680,CRAN,0.3644,0.02028118,2680 CRAN
2680,CRAN,0.4,0.02080752,2680 CRAN
2680,CRAN,0.5778,0.02331946,2680 CRAN
2680,CRAN,0.7556,0.02568623,2680 CRAN
2680,CRAN,0.9333,0.02794667,2680 CRAN
2680,CRAN,1.1111,0.03012666,2680 CRAN
2680,CRAN,1.2889,0.03224005,2680 CRAN
2680,CRAN,1.4667,0.03429747,2680 CRAN
2680,CRAN,1.6444,0.03630559,2680 CRAN
2680,CRAN,1.8222,0.03827267,2680 CRAN
2680,CRAN,2.0,0.04020226,2680 CRAN
2680,CRAN,2.8889,0.04939948,2680 CRAN
2680,CRAN,3.7778,0.05803169,2680 CRAN
2680,CRAN,4.6667,0.06624879,2680 CRAN
2680,CRAN,5.5556,0.07413826,2680 CRAN
2680,CRAN,6.4444,0.08175635,2680 CRAN
2680,CRAN,7.3333,0.08914485,2680 CRAN
2680,CRAN,8.2222,0.0963325,2680 CRAN
2680,CRAN,9.1111,0.10334203,2680 CRAN
2680,CRAN,10.0,0.11019143,2680 CRAN
2680,CRAN,14.4444,0.14246852,2680 CRAN
2680,CRAN,18.8889,0.17218174,2680 CRAN
2680,CRAN,23.3333,0.19992273,2680 CRAN
2680,CRAN,27.7778,0.22604729,2680 CRAN
2680,CRAN,32.2222,0.25079158,2680 CRAN
2680,CRAN,36.6667,0.27432775,2680 CRAN
2680,CRAN,41.1111,0.29678452,2680 CRAN
2680,CRAN,45.5556,0.31826533,2680 CRAN
2680,CRAN,50.0,0.33885247,2680 CRAN
2680,EDEM,0.0,0.01979671,2680 EDEM
2680,EDEM,0.0,0.01979671,2680 EDEM
2680,EDEM,0.0,0.01979671,2680 EDEM
2680,EDEM,0.0,0.01979671,2680 EDEM
2680,EDEM,0.0001,0.01979698,2680 EDEM
2680,EDEM,0.0001,0.01979698,2680 EDEM
2680,EDEM,0.0001,0.01979698,2680 EDEM
2680,EDEM,0.0001,0.01979698,2680 EDEM
2680,EDEM,0.0001,0.01979698,2680 EDEM
2680,EDEM,0.0001,0.01979698,2680 EDEM
2680,EDEM,0.0002,0.01979728,2680 EDEM
2680,EDEM,0.0002,0.01979728,2680 EDEM
2680,EDEM,0.0003,0.01979759,2680 EDEM
2680,EDEM,0.0004,0.01979791,2680 EDEM
2680,EDEM,0.0004,0.01979791,2680 EDEM
2680,EDEM,0.0005,0.01979824,2680 EDEM
2680,EDEM,0.0005,0.01979824,2680 EDEM
2680,EDEM,0.0006,0.01979857,2680 EDEM
2680,EDEM,0.0006,0.01979857,2680 EDEM
2680,EDEM,0.0009,0.0197996,2680 EDEM
2680,EDEM,0.0012,0.01980065,2680 EDEM
2680,EDEM,0.0015,0.01980173,2680 EDEM
2680,EDEM,0.0018,0.01980282,2680 EDEM
2680,EDEM,0.0021,0.01980393,2680 EDEM
2680,EDEM,0.0023,0.01980468,2680 EDEM
2680,EDEM,0.0026,0.01980581,2680 EDEM
2680,EDEM,0.0029,0.01980695,2680 EDEM
2680,EDEM,0.0032,0.01980811,2680 EDEM
2680,EDEM,0.0046,0.01981359,2680 EDEM
2680,EDEM,0.006,0.01981921,2680 EDEM
2680,EDEM,0.0075,0.01982536,2680 EDEM
2680,EDEM,0.0089,0.01983119,2680 EDEM
2680,EDEM,0.0103,0.0198371,2680 EDEM
2680,EDEM,0.0117,0.01984307,2680 EDEM
2680,EDEM,0.0132,0.01984954,2680 EDEM
2680,EDEM,0.0146,0.01985563,2680 EDEM
2680,EDEM,0.016,0.01986177,2680 EDEM
2680,EDEM,0.0231,0.01989354,2680 EDEM
2680,EDEM,0.0302,0.01992613,2680 EDEM
2680,EDEM,0.0373,0.01995937,2680 EDEM
2680,EDEM,0.0444,0.01999313,2680 EDEM
2680,EDEM,0.0516,0.02002783,2680 EDEM
2680,EDEM,0.0587,0.02006244,2680 EDEM
2680,EDEM,0.0658,0.0200974,2680 EDEM
2680,EDEM,0.0729,0.02013266,2680 EDEM
2680,EDEM,0.08,0.02016821,2680 EDEM
2680,EDEM,0.1156,0.02035003,2680 EDEM
2680,EDEM,0.1511,0.02053603,2680 EDEM
2680,EDEM,0.1867,0.02072618,2680 EDEM
2680,EDEM,0.2222,0.02091877,2680 EDEM
2680,EDEM,0.2578,0.02111441,2680 EDEM
2680,EDEM,0.2933,0.02131169,2680 EDEM
2680,EDEM,0.3289,0.02151146,2680 EDEM
2680,EDEM,0.3644,0.0217124,2680 EDEM
2680,EDEM,0.4,0.02191548,2680 EDEM
2680,EDEM,0.5778,0.02294916,2680 EDEM
2680,EDEM,0.7556,0.02400822,2680 EDEM
2680,EDEM,0.9333,0.02508596,2680 EDEM
2680,EDEM,1.1111,0.02617978,2680 EDEM
2680,EDEM,1.2889,0.02728646,2680 EDEM
2680,EDEM,1.4667,0.0284041,2680 EDEM
2680,EDEM,1.6444,0.0295306,2680 EDEM
2680,EDEM,1.8222,0.03066606,2680 EDEM
2680,EDEM,2.0,0.03180892,2680 EDEM
2680,EDEM,2.8889,0.03760987,2680 EDEM
2680,EDEM,3.7778,0.04351554,2680 EDEM
2680,EDEM,4.6667,0.04949059,2680 EDEM
2680,EDEM,5.5556,0.05551296,2680 EDEM
2680,EDEM,6.4444,0.06156682,2680 EDEM
2680,EDEM,7.3333,0.06764251,2680 EDEM
2680,EDEM,8.2222,0.07373091,2680 EDEM
2680,EDEM,9.1111,0.0798254,2680 EDEM
2680,EDEM,10.0,0.08592064,2680 EDEM
2680,EDEM,14.4444,0.11627618,2680 EDEM
2680,EDEM,18.8889,0.14621293,2680 EDEM
2680,EDEM,23.3333,0.1755522,2680 EDEM
2680,EDEM,27.7778,0.20419831,2680 EDEM
2680,EDEM,32.2222,0.23209484,2680 EDEM
2680,EDEM,36.6667,0.25921251,2680 EDEM
2680,EDEM,41.1111,0.28553512,2680 EDEM
2680,EDEM,45.5556,0.31105928,2680 EDEM
2680,EDEM,50.0,0.33578638,2680 EDEM
2680,LTRK,0.0,0.02279664,2680 LTRK
2680,LTRK,0.0,0.02279664,2680 LTRK
2680,LTRK,0.0,0.02279664,2680 LTRK
2680,LTRK,0.0,0.02279664,2680 LTRK
2680,LTRK,0.0001,0.02281814,2680 LTRK
2680,LTRK,0.0001,0.02281814,2680 LTRK
2680,LTRK,0.0001,0.02281814,2680 LTRK
2680,LTRK,0.0001,0.02281814,2680 LTRK
2680,LTRK,0.0001,0.02281814,2680 LTRK
2680,LTRK,0.0001,0.02281814,2680 LTRK
2680,LTRK,0.0002,0.02283214,2680 LTRK
2680,LTRK,0.0002,0.02283214,2680 LTRK
2680,LTRK,0.0003,0.02284424,2680 LTRK
2680,LTRK,0.0004,0.02285526,2680 LTRK
2680,LTRK,0.0004,0.02285526,2680 LTRK
2680,LTRK,0.0005,0.02286553,2680 LTRK
2680,LTRK,0.0005,0.02286553,2680 LTRK
2680,LTRK,0.0006,0.02287524,2680 LTRK
2680,LTRK,0.0006,0.02287524,2680 LTRK
2680,LTRK,0.0009,0.02290205,2680 LTRK
2680,LTRK,0.0012,0.02292644,2680 LTRK
2680,LTRK,0.0015,0.02294919,2680 LTRK
2680,LTRK,0.0018,0.0229707,2680 LTRK
2680,LTRK,0.0021,0.02299124,2680 LTRK
2680,LTRK,0.0023,0.02300448,2680 LTRK
2680,LTRK,0.0026,0.02302376,2680 LTRK
2680,LTRK,0.0029,0.02304244,2680 LTRK
2680,LTRK,0.0032,0.02306058,2680 LTRK
2680,LTRK,0.0046,0.02313985,2680 LTRK
2680,LTRK,0.006,0.02321261,2680 LTRK
2680,LTRK,0.0075,0.0232855,2680 LTRK
2680,LTRK,0.0089,0.02334995,2680 LTRK
2680,LTRK,0.0103,0.02341165,2680 LTRK
2680,LTRK,0.0117,0.02347106,2680 LTRK
2680,LTRK,0.0132,0.02353257,2680 LTRK
2680,LTRK,0.0146,0.02358826,2680 LTRK
2680,LTRK,0.016,0.02364249,2680 LTRK
2680,LTRK,0.0231,0.02389996,2680 LTRK
2680,LTRK,0.0302,0.02413608,2680 LTRK
2680,LTRK,0.0373,0.02435719,2680 LTRK
2680,LTRK,0.0444,0.02456688,2680 LTRK
2680,LTRK,0.0516,0.02477023,2680 LTRK
2680,LTRK,0.0587,0.02496318,2680 LTRK
2680,LTRK,0.0658,0.02514977,2680 LTRK
2680,LTRK,0.0729,0.02533086,2680 LTRK
2680,LTRK,0.08,0.02550713,2680 LTRK
2680,LTRK,0.1156,0.02633426,2680 LTRK
2680,LTRK,0.1511,0.02709056,2680 LTRK
2680,LTRK,0.1867,0.02780066,2680 LTRK
2680,LTRK,0.2222,0.02847215,2680 LTRK
2680,LTRK,0.2578,0.02911618,2680 LTRK
2680,LTRK,0.2933,0.02973424,2680 LTRK
2680,LTRK,0.3289,0.03033349,2680 LTRK
2680,LTRK,0.3644,0.03091337,2680 LTRK
2680,LTRK,0.4,0.03147932,2680 LTRK
2680,LTRK,0.5778,0.03412391,2680 LTRK
2680,LTRK,0.7556,0.03654762,2680 LTRK
2680,LTRK,0.9333,0.03881459,2680 LTRK
2680,LTRK,1.1111,0.04096451,2680 LTRK
2680,LTRK,1.2889,0.04301979,2680 LTRK
2680,LTRK,1.4667,0.04499679,2680 LTRK
2680,LTRK,1.6444,0.0469063,2680 LTRK
2680,LTRK,1.8222,0.04875948,2680 LTRK
2680,LTRK,2.0,0.05056222,2680 LTRK
2680,LTRK,2.8889,0.05898339,2680 LTRK
2680,LTRK,3.7778,0.06668353,2680 LTRK
2680,LTRK,4.6667,0.07387312,2680 LTRK
2680,LTRK,5.5556,0.08067196,2680 LTRK
2680,LTRK,6.4444,0.08715593,2680 LTRK
2680,LTRK,7.3333,0.09337933,2680 LTRK
2680,LTRK,8.2222,0.09937987,2680 LTRK
2680,LTRK,9.1111,0.1051867,2680 LTRK
2680,LTRK,10.0,0.11082258,2680 LTRK
2680,LTRK,14.4444,0.13697376,2680 LTRK
2680,LTRK,18.8889,0.16061282,2680 LTRK
2680,LTRK,23.3333,0.18243178,2680 LTRK
2680,LTRK,27.7778,0.20282959,2680 LTRK
2680,LTRK,32.2222,0.22206223,2680 LTRK
2680,LTRK,36.6667,0.24030949,2680 LTRK
2680,LTRK,41.1111,0.25770205,2680 LTRK
2680,LTRK,45.5556,0.27434132,2680 LTRK
2680,LTRK,50.0,0.29030596,2680 LTRK
2680,MO24,,,2680 MO24
2680,NC24,,,2680 NC24
2680,TOT_MORT,0.0,0.02348769,2680 TOT_MORT
2680,TOT_MORT,0.0,0.02348769,2680 TOT_MORT
2680,TOT_MORT,0.0,0.02348769,2680 TOT_MORT
2680,TOT_MORT,0.0,0.02348769,2680 TOT_MORT
2680,TOT_MORT,0.0001,0.02348769,2680 TOT_MORT
2680,TOT_MORT,0.0001,0.02348769,2680 TOT_MORT
2680,TOT_MORT,0.0001,0.02348769,2680 TOT_MORT
2680,TOT_MORT,0.0001,0.02348769,2680 TOT_MORT
2680,TOT_MORT,0.0001,0.02348769,2680 TOT_MORT
2680,TOT_MORT,0.0001,0.02348769,2680 TOT_MORT
2680,TOT_MORT,0.0002,0.02348769,2680 TOT_MORT
2680,TOT_MORT,0.0002,0.02348769,2680 TOT_MORT
2680,TOT_MORT,0.0003,0.02348769,2680 TOT_MORT
2680,TOT_MORT,0.0004,0.02348769,2680 TOT_MORT
2680,TOT_MORT,0.0004,0.02348769,2680 TOT_MORT
2680,TOT_MORT,0.0005,0.02348769,2680 TOT_MORT
2680,TOT_MORT,0.0005,0.02348769,2680 TOT_MORT
2680,TOT_MORT,0.0006,0.02348769,2680 TOT_MORT
2680,TOT_MORT,0.0006,0.02348769,2680 TOT_MORT
2680,TOT_MORT,0.0009,0.02348769,2680 TOT_MORT
2680,TOT_MORT,0.0012,0.02348769,2680 TOT_MORT
2680,TOT_MORT,0.0015,0.02348769,2680 TOT_MORT
2680,TOT_MORT,0.0018,0.02348769,2680 TOT_MORT
2680,TOT_MORT,0.0021,0.02348769,2680 TOT_MORT
2680,TOT_MORT,0.0023,0.02348769,2680 TOT_MORT
2680,TOT_MORT,0.0026,0.02348769,2680 TOT_MORT
2680,TOT_MORT,0.0029,0.02348769,2680 TOT_MORT
2680,TOT_MORT,0.0032,0.02348769,2680 TOT_MORT
2680,TOT_MORT,0.0046,0.02348769,2680 TOT_MORT
2680,TOT_MORT,0.006,0.02348769,2680 TOT_MORT
2680,TOT_MORT,0.0075,0.02348769,2680 TOT_MORT
2680,TOT_MORT,0.0089,0.02348769,2680 TOT_MORT
2680,TOT_MORT,0.0103,0.02348769,2680 TOT_MORT
2680,TOT_MORT,0.0117,0.02348769,2680 TOT_MORT
2680,TOT_MORT,0.0132,0.02348769,2680 TOT_MORT
2680,TOT_MORT,0.0146,0.02348769,2680 TOT_MORT
2680,TOT_MORT,0.016,0.02348769,2680 TOT_MORT
2680,TOT_MORT,0.0231,0.02348769,2680 TOT_MORT
2680,TOT_MORT,0.0302,0.02348769,2680 TOT_MORT
2680,TOT_MORT,0.0373,0.02348769,2680 TOT_MORT
2680,TOT_MORT,0.0444,0.02348769,2680 TOT_MORT
2680,TOT_MORT,0.0516,0.02348769,2680 TOT_MORT
2680,TOT_MORT,0.0587,0.02348769,2680 TOT_MORT
2680,TOT_MORT,0.0658,0.02348769,2680 TOT_MORT
2680,TOT_MORT,0.0729,0.02348769,2680 TOT_MORT
2680,TOT_MORT,0.08,0.02348769,2680 TOT_MORT
2680,TOT_MORT,0.1156,0.0234877,2680 TOT_MORT
2680,TOT_MORT,0.1511,0.0234877,2680 TOT_MORT
2680,TOT_MORT,0.1867,0.02348772,2680 TOT_MORT
2680,TOT_MORT,0.2222,0.02348774,2680 TOT_MORT
2680,TOT_MORT,0.2578,0.02348776,2680 TOT_MORT
2680,TOT_MORT,0.2933,0.0234878,2680 TOT_MORT
2680,TOT_MORT,0.3289,0.02348785,2680 TOT_MORT
2680,TOT_MORT,0.3644,0.02348791,2680 TOT_MORT
2680,TOT_MORT,0.4,0.02348799,2680 TOT_MORT
2680,TOT_MORT,0.5778,0.02348867,2680 TOT_MORT
2680,TOT_MORT,0.7556,0.02349001,2680 TOT_MORT
2680,TOT_MORT,0.9333,0.02349226,2680 TOT_MORT
2680,TOT_MORT,1.1111,0.02349567,2680 TOT_MORT
2680,TOT_MORT,1.2889,0.02350053,2680 TOT_MORT
2680,TOT_MORT,1.4667,0.02350708,2680 TOT_MORT
2680,TOT_MORT,1.6444,0.02351561,2680 TOT_MORT
2680,TOT_MORT,1.8222,0.02352639,2680 TOT_MORT
2680,TOT_MORT,2.0,0.0235397,2680 TOT_MORT
2680,TOT_MORT,2.8889,0.02365367,2680 TOT_MORT
2680,TOT_MORT,3.7778,0.02387142,2680 TOT_MORT
2680,TOT_MORT,4.6667,0.02422531,2680 TOT_MORT
2680,TOT_MORT,5.5556,0.02474553,2680 TOT_MORT
2680,TOT_MORT,6.4444,0.02545968,2680 TOT_MORT
2680,TOT_MORT,7.3333,0.02639298,2680 TOT_MORT
2680,TOT_MORT,8.2222,0.02756766,2680 TOT_MORT
2680,TOT_MORT,9.1111,0.02900335,2680 TOT_MORT
2680,TOT_MORT,10.0,0.03071703,2680 TOT_MORT
2680,TOT_MORT,14.4444,0.04387716,2680 TOT_MORT
2680,TOT_MORT,18.8889,0.06521246,2680 TOT_MORT
2680,TOT_MORT,23.3333,0.09459687,2680 TOT_MORT
2680,TOT_MORT,27.7778,0.1311831,2680 TOT_MORT
2680,TOT_MORT,32.2222,0.17371324,2680 TOT_MORT
2680,TOT_MORT,36.6667,0.22075918,2680 TOT_MORT
2680,TOT_MORT,41.1111,0.27087674,2680 TOT_MORT
2680,TOT_MORT,45.5556,0.32271794,2680 TOT_MORT
2680,TOT_MORT,50.0,0.37508271,2680 TOT_MORT
2681,ALL_BUT_MORT,,,2681 ALL_BUT_MORT
2681,ANY120,,,2681 ANY120
2681,ANY24,0.0,0.03602822,2681 ANY24
2681,ANY24,0.0,0.03602822,2681 ANY24
2681,ANY24,0.0,0.03602822,2681 ANY24
2681,ANY24,0.0,0.03602822,2681 ANY24
2681,ANY24,0.0001,0.0360283,2681 ANY24
2681,ANY24,0.0001,0.0360283,2681 ANY24
2681,ANY24,0.0001,0.0360283,2681 ANY24
2681,ANY24,0.0001,0.0360283,2681 ANY24
2681,ANY24,0.0001,0.0360283,2681 ANY24
2681,ANY24,0.0001,0.0360283,2681 ANY24
2681,ANY24,0.0002,0.03602837,2681 ANY24
2681,ANY24,0.0002,0.03602837,2681 ANY24
2681,ANY24,0.0003,0.03602844,2681 ANY24
2681,ANY24,0.0004,0.03602852,2681 ANY24
2681,ANY24,0.0004,0.03602852,2681 ANY24
2681,ANY24,0.0005,0.03602859,2681 ANY24
2681,ANY24,0.0005,0.03602859,2681 ANY24
2681,ANY24,0.0006,0.03602867,2681 ANY24
2681,ANY24,0.0006,0.03602867,2681 ANY24
2681,ANY24,0.0009,0.03602889,2681 ANY24
2681,ANY24,0.0012,0.03602912,2681 ANY24
2681,ANY24,0.0015,0.03602934,2681 ANY24
2681,ANY24,0.0018,0.03602956,2681 ANY24
2681,ANY24,0.0021,0.03602979,2681 ANY24
2681,ANY24,0.0023,0.03602994,2681 ANY24
2681,ANY24,0.0026,0.03603016,2681 ANY24
2681,ANY24,0.0029,0.03603038,2681 ANY24
2681,ANY24,0.0032,0.03603061,2681 ANY24
2681,ANY24,0.0046,0.03603165,2681 ANY24
2681,ANY24,0.006,0.0360327,2681 ANY24
2681,ANY24,0.0075,0.03603382,2681 ANY24
2681,ANY24,0.0089,0.03603486,2681 ANY24
2681,ANY24,0.0103,0.0360359,2681 ANY24
2681,ANY24,0.0117,0.03603695,2681 ANY24
2681,ANY24,0.0132,0.03603807,2681 ANY24
2681,ANY24,0.0146,0.03603911,2681 ANY24
2681,ANY24,0.016,0.03604016,2681 ANY24
2681,ANY24,0.0231,0.03604545,2681 ANY24
2681,ANY24,0.0302,0.03605075,2681 ANY24
2681,ANY24,0.0373,0.03605605,2681 ANY24
2681,ANY24,0.0444,0.03606134,2681 ANY24
2681,ANY24,0.0516,0.03606671,2681 ANY24
2681,ANY24,0.0587,0.03607201,2681 ANY24
2681,ANY24,0.0658,0.03607731,2681 ANY24
2681,ANY24,0.0729,0.0360826,2681 ANY24
2681,ANY24,0.08,0.0360879,2681 ANY24
2681,ANY24,0.1156,0.03611446,2681 ANY24
2681,ANY24,0.1511,0.03614094,2681 ANY24
2681,ANY24,0.1867,0.03616749,2681 ANY24
2681,ANY24,0.2222,0.03619397,2681 ANY24
2681,ANY24,0.2578,0.03622052,2681 ANY24
2681,ANY24,0.2933,0.036247,2681 ANY24
2681,ANY24,0.3289,0.03627355,2681 ANY24
2681,ANY24,0.3644,0.03630003,2681 ANY24
2681,ANY24,0.4,0.03632658,2681 ANY24
2681,ANY24,0.5778,0.03645917,2681 ANY24
2681,ANY24,0.7556,0.03659175,2681 ANY24
2681,ANY24,0.9333,0.03672423,2681 ANY24
2681,ANY24,1.1111,0.03685676,2681 ANY24
2681,ANY24,1.2889,0.03698928,2681 ANY24
2681,ANY24,1.4667,0.03712178,2681 ANY24
2681,ANY24,1.6444,0.03725419,2681 ANY24
2681,ANY24,1.8222,0.03738665,2681 ANY24
2681,ANY24,2.0,0.0375191,2681 ANY24
2681,ANY24,2.8889,0.03818098,2681 ANY24
2681,ANY24,3.7778,0.03884241,2681 ANY24
2681,ANY24,4.6667,0.03950338,2681 ANY24
2681,ANY24,5.5556,0.0401639,2681 ANY24
2681,ANY24,6.4444,0.04082388,2681 ANY24
2681,ANY24,7.3333,0.04148349,2681 ANY24
2681,ANY24,8.2222,0.04214265,2681 ANY24
2681,ANY24,9.1111,0.04280135,2681 ANY24
2681,ANY24,10.0,0.0434596,2681 ANY24
2681,ANY24,14.4444,0.04674399,2681 ANY24
2681,ANY24,18.8889,0.05001717,2681 ANY24
2681,ANY24,23.3333,0.05327904,2681 ANY24
2681,ANY24,27.7778,0.05652978,2681 ANY24
2681,ANY24,32.2222,0.05976929,2681 ANY24
2681,ANY24,36.6667,0.06299775,2681 ANY24
2681,ANY24,41.1111,0.06621505,2681 ANY24
2681,ANY24,45.5556,0.06942137,2681 ANY24
2681,ANY24,50.0,0.07261662,2681 ANY24
2681,AXIS,0.0,0.01797434,2681 AXIS
2681,AXIS,0.0,0.01797434,2681 AXIS
2681,AXIS,0.0,0.01797434,2681 AXIS
2681,AXIS,0.0,0.01797434,2681 AXIS
2681,AXIS,0.0001,0.01797476,2681 AXIS
2681,AXIS,0.0001,0.01797476,2681 AXIS
2681,AXIS,0.0001,0.01797476,2681 AXIS
2681,AXIS,0.0001,0.01797476,2681 AXIS
2681,AXIS,0.0001,0.01797476,2681 AXIS
2681,AXIS,0.0001,0.01797476,2681 AXIS
2681,AXIS,0.0002,0.01797519,2681 AXIS
2681,AXIS,0.0002,0.01797519,2681 AXIS
2681,AXIS,0.0003,0.01797561,2681 AXIS
2681,AXIS,0.0004,0.01797603,2681 AXIS
2681,AXIS,0.0004,0.01797603,2681 AXIS
2681,AXIS,0.0005,0.01797646,2681 AXIS
2681,AXIS,0.0005,0.01797646,2681 AXIS
2681,AXIS,0.0006,0.01797688,2681 AXIS
2681,AXIS,0.0006,0.01797688,2681 AXIS
2681,AXIS,0.0009,0.01797815,2681 AXIS
2681,AXIS,0.0012,0.01797941,2681 AXIS
2681,AXIS,0.0015,0.01798068,2681 AXIS
2681,AXIS,0.0018,0.01798195,2681 AXIS
2681,AXIS,0.0021,0.01798322,2681 AXIS
2681,AXIS,0.0023,0.01798406,2681 AXIS
2681,AXIS,0.0026,0.01798533,2681 AXIS
2681,AXIS,0.0029,0.0179866,2681 AXIS
2681,AXIS,0.0032,0.01798787,2681 AXIS
2681,AXIS,0.0046,0.01799379,2681 AXIS
2681,AXIS,0.006,0.01799971,2681 AXIS
2681,AXIS,0.0075,0.01800605,2681 AXIS
2681,AXIS,0.0089,0.01801197,2681 AXIS
2681,AXIS,0.0103,0.01801788,2681 AXIS
2681,AXIS,0.0117,0.0180238,2681 AXIS
2681,AXIS,0.0132,0.01803014,2681 AXIS
2681,AXIS,0.0146,0.01803606,2681 AXIS
2681,AXIS,0.016,0.01804198,2681 AXIS
2681,AXIS,0.0231,0.01807199,2681 AXIS
2681,AXIS,0.0302,0.01810201,2681 AXIS
2681,AXIS,0.0373,0.01813202,2681 AXIS
2681,AXIS,0.0444,0.01816203,2681 AXIS
2681,AXIS,0.0516,0.01819246,2681 AXIS
2681,AXIS,0.0587,0.01822247,2681 AXIS
2681,AXIS,0.0658,0.01825248,2681 AXIS
2681,AXIS,0.0729,0.01828249,2681 AXIS
2681,AXIS,0.08,0.01831249,2681 AXIS
2681,AXIS,0.1156,0.01846293,2681 AXIS
2681,AXIS,0.1511,0.01861293,2681 AXIS
2681,AXIS,0.1867,0.01876332,2681 AXIS
2681,AXIS,0.2222,0.01891327,2681 AXIS
2681,AXIS,0.2578,0.01906362,2681 AXIS
2681,AXIS,0.2933,0.01921352,2681 AXIS
2681,AXIS,0.3289,0.01936383,2681 AXIS
2681,AXIS,0.3644,0.01951368,2681 AXIS
2681,AXIS,0.4,0.01966394,2681 AXIS
2681,AXIS,0.5778,0.02041403,2681 AXIS
2681,AXIS,0.7556,0.02116355,2681 AXIS
2681,AXIS,0.9333,0.02191208,2681 AXIS
2681,AXIS,1.1111,0.02266045,2681 AXIS
2681,AXIS,1.2889,0.02340825,2681 AXIS
2681,AXIS,1.4667,0.02415548,2681 AXIS
2681,AXIS,1.6444,0.02490171,2681 AXIS
2681,AXIS,1.8222,0.0256478,2681 AXIS
2681,AXIS,2.0,0.02639331,2681 AXIS
2681,AXIS,2.8889,0.03011192,2681 AXIS
2681,AXIS,3.7778,0.03381633,2681 AXIS
2681,AXIS,4.6667,0.03750658,2681 AXIS
2681,AXIS,5.5556,0.04118274,2681 AXIS
2681,AXIS,6.4444,0.04484445,2681 AXIS
2681,AXIS,7.3333,0.04849259,2681 AXIS
2681,AXIS,8.2222,0.05212679,2681 AXIS
2681,AXIS,9.1111,0.05574711,2681 AXIS
2681,AXIS,10.0,0.0593536,2681 AXIS
2681,AXIS,14.4444,0.0771801,2681 AXIS
2681,AXIS,18.8889,0.09466915,2681 AXIS
2681,AXIS,23.3333,0.11182637,2681 AXIS
2681,AXIS,27.7778,0.12865881,2681 AXIS
2681,AXIS,32.2222,0.14517188,2681 AXIS
2681,AXIS,36.6667,0.16137237,2681 AXIS
2681,AXIS,41.1111,0.17726548,2681 AXIS
2681,AXIS,45.5556,0.19285774,2681 AXIS
2681,AXIS,50.0,0.20815415,2681 AXIS
2681,BRN_,,,2681 BRN_
2681,CRAN,,,2681 CRAN
2681,EDEM,0.0,0.03123893,2681 EDEM
2681,EDEM,0.0,0.03123893,2681 EDEM
2681,EDEM,0.0,0.03123893,2681 EDEM
2681,EDEM,0.0,0.03123893,2681 EDEM
2681,EDEM,0.0001,0.03123893,2681 EDEM
2681,EDEM,0.0001,0.03123893,2681 EDEM
2681,EDEM,0.0001,0.03123893,2681 EDEM
2681,EDEM,0.0001,0.03123893,2681 EDEM
2681,EDEM,0.0001,0.03123893,2681 EDEM
2681,EDEM,0.0001,0.03123893,2681 EDEM
2681,EDEM,0.0002,0.03123893,2681 EDEM
2681,EDEM,0.0002,0.03123893,2681 EDEM
2681,EDEM,0.0003,0.03123893,2681 EDEM
2681,EDEM,0.0004,0.03123893,2681 EDEM
2681,EDEM,0.0004,0.03123893,2681 EDEM
2681,EDEM,0.0005,0.03123893,2681 EDEM
2681,EDEM,0.0005,0.03123893,2681 EDEM
2681,EDEM,0.0006,0.03123893,2681 EDEM
2681,EDEM,0.0006,0.03123893,2681 EDEM
2681,EDEM,0.0009,0.03123893,2681 EDEM
2681,EDEM,0.0012,0.03123893,2681 EDEM
2681,EDEM,0.0015,0.03123893,2681 EDEM
2681,EDEM,0.0018,0.03123893,2681 EDEM
2681,EDEM,0.0021,0.03123893,2681 EDEM
2681,EDEM,0.0023,0.03123893,2681 EDEM
2681,EDEM,0.0026,0.03123893,2681 EDEM
2681,EDEM,0.0029,0.03123893,2681 EDEM
2681,EDEM,0.0032,0.03123893,2681 EDEM
2681,EDEM,0.0046,0.03123893,2681 EDEM
2681,EDEM,0.006,0.03123893,2681 EDEM
2681,EDEM,0.0075,0.03123893,2681 EDEM
2681,EDEM,0.0089,0.03123893,2681 EDEM
2681,EDEM,0.0103,0.03123893,2681 EDEM
2681,EDEM,0.0117,0.03123893,2681 EDEM
2681,EDEM,0.0132,0.03123893,2681 EDEM
2681,EDEM,0.0146,0.03123893,2681 EDEM
2681,EDEM,0.016,0.03123893,2681 EDEM
2681,EDEM,0.0231,0.03123893,2681 EDEM
2681,EDEM,0.0302,0.03123893,2681 EDEM
2681,EDEM,0.0373,0.03123893,2681 EDEM
2681,EDEM,0.0444,0.03123893,2681 EDEM
2681,EDEM,0.0516,0.03123893,2681 EDEM
2681,EDEM,0.0587,0.03123893,2681 EDEM
2681,EDEM,0.0658,0.03123893,2681 EDEM
2681,EDEM,0.0729,0.03123893,2681 EDEM
2681,EDEM,0.08,0.03123893,2681 EDEM
2681,EDEM,0.1156,0.03123893,2681 EDEM
2681,EDEM,0.1511,0.03123893,2681 EDEM
2681,EDEM,0.1867,0.03123893,2681 EDEM
2681,EDEM,0.2222,0.03123893,2681 EDEM
2681,EDEM,0.2578,0.03123893,2681 EDEM
2681,EDEM,0.2933,0.03123893,2681 EDEM
2681,EDEM,0.3289,0.03123893,2681 EDEM
2681,EDEM,0.3644,0.03123893,2681 EDEM
2681,EDEM,0.4,0.03123893,2681 EDEM
2681,EDEM,0.5778,0.03123893,2681 EDEM
2681,EDEM,0.7556,0.03123893,2681 EDEM
2681,EDEM,0.9333,0.03123893,2681 EDEM
2681,EDEM,1.1111,0.03123893,2681 EDEM
2681,EDEM,1.2889,0.03123893,2681 EDEM
2681,EDEM,1.4667,0.03123893,2681 EDEM
2681,EDEM,1.6444,0.03123893,2681 EDEM
2681,EDEM,1.8222,0.03123893,2681 EDEM
2681,EDEM,2.0,0.03123893,2681 EDEM
2681,EDEM,2.8889,0.03123893,2681 EDEM
2681,EDEM,3.7778,0.03123893,2681 EDEM
2681,EDEM,4.6667,0.03123893,2681 EDEM
2681,EDEM,5.5556,0.03123893,2681 EDEM
2681,EDEM,6.4444,0.03123893,2681 EDEM
2681,EDEM,7.3333,0.03123893,2681 EDEM
2681,EDEM,8.2222,0.03123893,2681 EDEM
2681,EDEM,9.1111,0.03123894,2681 EDEM
2681,EDEM,10.0,0.03123898,2681 EDEM
2681,EDEM,14.4444,0.03124334,2681 EDEM
2681,EDEM,18.8889,0.03133271,2681 EDEM
2681,EDEM,23.3333,0.03208325,2681 EDEM
2681,EDEM,27.7778,0.03560372,2681 EDEM
2681,EDEM,32.2222,0.04657675,2681 EDEM
2681,EDEM,36.6667,0.07187301,2681 EDEM
2681,EDEM,41.1111,0.11814136,2681 EDEM
2681,EDEM,45.5556,0.18863158,2681 EDEM
2681,EDEM,50.0,0.28124719,2681 EDEM
2681,LTRK,0.0,0.02808634,2681 LTRK
2681,LTRK,0.0,0.02808634,2681 LTRK
2681,LTRK,0.0,0.02808634,2681 LTRK
2681,LTRK,0.0,0.02808634,2681 LTRK
2681,LTRK,0.0001,0.02808691,2681 LTRK
2681,LTRK,0.0001,0.02808691,2681 LTRK
2681,LTRK,0.0001,0.02808691,2681 LTRK
2681,LTRK,0.0001,0.02808691,2681 LTRK
2681,LTRK,0.0001,0.02808691,2681 LTRK
2681,LTRK,0.0001,0.02808691,2681 LTRK
2681,LTRK,0.0002,0.02808748,2681 LTRK
2681,LTRK,0.0002,0.02808748,2681 LTRK
2681,LTRK,0.0003,0.02808805,2681 LTRK
2681,LTRK,0.0004,0.02808862,2681 LTRK
2681,LTRK,0.0004,0.02808862,2681 LTRK
2681,LTRK,0.0005,0.02808919,2681 LTRK
2681,LTRK,0.0005,0.02808919,2681 LTRK
2681,LTRK,0.0006,0.02808976,2681 LTRK
2681,LTRK,0.0006,0.02808976,2681 LTRK
2681,LTRK,0.0009,0.02809148,2681 LTRK
2681,LTRK,0.0012,0.02809319,2681 LTRK
2681,LTRK,0.0015,0.0280949,2681 LTRK
2681,LTRK,0.0018,0.02809661,2681 LTRK
2681,LTRK,0.0021,0.02809833,2681 LTRK
2681,LTRK,0.0023,0.02809947,2681 LTRK
2681,LTRK,0.0026,0.02810118,2681 LTRK
2681,LTRK,0.0029,0.02810289,2681 LTRK
2681,LTRK,0.0032,0.0281046,2681 LTRK
2681,LTRK,0.0046,0.0281126,2681 LTRK
2681,LTRK,0.006,0.02812059,2681 LTRK
2681,LTRK,0.0075,0.02812915,2681 LTRK
2681,LTRK,0.0089,0.02813714,2681 LTRK
2681,LTRK,0.0103,0.02814513,2681 LTRK
2681,LTRK,0.0117,0.02815312,2681 LTRK
2681,LTRK,0.0132,0.02816168,2681 LTRK
2681,LTRK,0.0146,0.02816967,2681 LTRK
2681,LTRK,0.016,0.02817767,2681 LTRK
2681,LTRK,0.0231,0.02821819,2681 LTRK
2681,LTRK,0.0302,0.02825871,2681 LTRK
2681,LTRK,0.0373,0.02829923,2681 LTRK
2681,LTRK,0.0444,0.02833975,2681 LTRK
2681,LTRK,0.0516,0.02838084,2681 LTRK
2681,LTRK,0.0587,0.02842135,2681 LTRK
2681,LTRK,0.0658,0.02846187,2681 LTRK
2681,LTRK,0.0729,0.02850238,2681 LTRK
2681,LTRK,0.08,0.02854289,2681 LTRK
2681,LTRK,0.1156,0.02874598,2681 LTRK
2681,LTRK,0.1511,0.02894846,2681 LTRK
2681,LTRK,0.1867,0.02915147,2681 LTRK
2681,LTRK,0.2222,0.02935387,2681 LTRK
2681,LTRK,0.2578,0.0295568,2681 LTRK
2681,LTRK,0.2933,0.02975911,2681 LTRK
2681,LTRK,0.3289,0.02996195,2681 LTRK
2681,LTRK,0.3644,0.03016418,2681 LTRK
2681,LTRK,0.4,0.03036694,2681 LTRK
2681,LTRK,0.5778,0.03137895,2681 LTRK
2681,LTRK,0.7556,0.0323899,2681 LTRK
2681,LTRK,0.9333,0.03339922,2681 LTRK
2681,LTRK,1.1111,0.03440807,2681 LTRK
2681,LTRK,1.2889,0.03541586,2681 LTRK
2681,LTRK,1.4667,0.0364226,2681 LTRK
2681,LTRK,1.6444,0.03742772,2681 LTRK
2681,LTRK,1.8222,0.03843236,2681 LTRK
2681,LTRK,2.0,0.03943595,2681 LTRK
2681,LTRK,2.8889,0.04443764,2681 LTRK
2681,LTRK,3.7778,0.0494133,2681 LTRK
2681,LTRK,4.6667,0.05436304,2681 LTRK
2681,LTRK,5.5556,0.05928701,2681 LTRK
2681,LTRK,6.4444,0.06418479,2681 LTRK
2681,LTRK,7.3333,0.06905762,2681 LTRK
2681,LTRK,8.2222,0.07390508,2681 LTRK
2681,LTRK,9.1111,0.07872729,2681 LTRK
2681,LTRK,10.0,0.0835244,2681 LTRK
2681,LTRK,14.4444,0.10713731,2681 LTRK
2681,LTRK,18.8889,0.13014235,2681 LTRK
2681,LTRK,23.3333,0.15255416,2681 LTRK
2681,LTRK,27.7778,0.17438901,2681 LTRK
2681,LTRK,32.2222,0.19566081,2681 LTRK
2681,LTRK,36.6667,0.216385,2681 LTRK
2681,LTRK,41.1111,0.23657477,2681 LTRK
2681,LTRK,45.5556,0.25624479,2681 LTRK
2681,LTRK,50.0,0.27540758,2681 LTRK
2681,MO24,0.0,0.01871894,2681 MO24
2681,MO24,0.0,0.01871894,2681 MO24
2681,MO24,0.0,0.01871894,2681 MO24
2681,MO24,0.0,0.01871894,2681 MO24
2681,MO24,0.0001,0.01871905,2681 MO24
2681,MO24,0.0001,0.01871905,2681 MO24
2681,MO24,0.0001,0.01871905,2681 MO24
2681,MO24,0.0001,0.01871905,2681 MO24
2681,MO24,0.0001,0.01871905,2681 MO24
2681,MO24,0.0001,0.01871905,2681 MO24
2681,MO24,0.0002,0.01871915,2681 MO24
2681,MO24,0.0002,0.01871915,2681 MO24
2681,MO24,0.0003,0.01871925,2681 MO24
2681,MO24,0.0004,0.01871935,2681 MO24
2681,MO24,0.0004,0.01871935,2681 MO24
2681,MO24,0.0005,0.01871946,2681 MO24
2681,MO24,0.0005,0.01871946,2681 MO24
2681,MO24,0.0006,0.01871956,2681 MO24
2681,MO24,0.0006,0.01871956,2681 MO24
2681,MO24,0.0009,0.01871987,2681 MO24
2681,MO24,0.0012,0.01872017,2681 MO24
2681,MO24,0.0015,0.01872048,2681 MO24
2681,MO24,0.0018,0.01872079,2681 MO24
2681,MO24,0.0021,0.0187211,2681 MO24
2681,MO24,0.0023,0.0187213,2681 MO24
2681,MO24,0.0026,0.01872161,2681 MO24
2681,MO24,0.0029,0.01872192,2681 MO24
2681,MO24,0.0032,0.01872222,2681 MO24
2681,MO24,0.0046,0.01872366,2681 MO24
2681,MO24,0.006,0.01872509,2681 MO24
2681,MO24,0.0075,0.01872663,2681 MO24
2681,MO24,0.0089,0.01872807,2681 MO24
2681,MO24,0.0103,0.0187295,2681 MO24
2681,MO24,0.0117,0.01873094,2681 MO24
2681,MO24,0.0132,0.01873248,2681 MO24
2681,MO24,0.0146,0.01873391,2681 MO24
2681,MO24,0.016,0.01873535,2681 MO24
2681,MO24,0.0231,0.01874262,2681 MO24
2681,MO24,0.0302,0.0187499,2681 MO24
2681,MO24,0.0373,0.01875718,2681 MO24
2681,MO24,0.0444,0.01876446,2681 MO24
2681,MO24,0.0516,0.01877184,2681 MO24
2681,MO24,0.0587,0.01877912,2681 MO24
2681,MO24,0.0658,0.0187864,2681 MO24
2681,MO24,0.0729,0.01879367,2681 MO24
2681,MO24,0.08,0.01880095,2681 MO24
2681,MO24,0.1156,0.01883744,2681 MO24
2681,MO24,0.1511,0.01887383,2681 MO24
2681,MO24,0.1867,0.01891032,2681 MO24
2681,MO24,0.2222,0.01894671,2681 MO24
2681,MO24,0.2578,0.01898319,2681 MO24
2681,MO24,0.2933,0.01901958,2681 MO24
2681,MO24,0.3289,0.01905606,2681 MO24
2681,MO24,0.3644,0.01909244,2681 MO24
2681,MO24,0.4,0.01912892,2681 MO24
2681,MO24,0.5778,0.0193111,2681 MO24
2681,MO24,0.7556,0.01949325,2681 MO24
2681,MO24,0.9333,0.01967526,2681 MO24
2681,MO24,1.1111,0.01985734,2681 MO24
2681,MO24,1.2889,0.02003938,2681 MO24
2681,MO24,1.4667,0.02022139,2681 MO24
2681,MO24,1.6444,0.02040327,2681 MO24
2681,MO24,1.8222,0.02058521,2681 MO24
2681,MO24,2.0,0.02076712,2681 MO24
2681,MO24,2.8889,0.02167606,2681 MO24
2681,MO24,3.7778,0.02258415,2681 MO24
2681,MO24,4.6667,0.02349141,2681 MO24
2681,MO24,5.5556,0.02439782,2681 MO24
2681,MO24,6.4444,0.02530329,2681 MO24
2681,MO24,7.3333,0.02620801,2681 MO24
2681,MO24,8.2222,0.0271119,2681 MO24
2681,MO24,9.1111,0.02801495,2681 MO24
2681,MO24,10.0,0.02891716,2681 MO24
2681,MO24,14.4444,0.03341558,2681 MO24
2681,MO24,18.8889,0.03789325,2681 MO24
2681,MO24,23.3333,0.04235008,2681 MO24
2681,MO24,27.7778,0.04678636,2681 MO24
2681,MO24,32.2222,0.051202,2681 MO24
2681,MO24,36.6667,0.05559728,2681 MO24
2681,MO24,41.1111,0.0599721,2681 MO24
2681,MO24,45.5556,0.06432675,2681 MO24
2681,MO24,50.0,0.06866113,2681 MO24
2681,NC24,,,2681 NC24
2681,TOT_MORT,0.0,0.02441861,2681 TOT_MORT
2681,TOT_MORT,0.0,0.02441861,2681 TOT_MORT
2681,TOT_MORT,0.0,0.02441861,2681 TOT_MORT
2681,TOT_MORT,0.0,0.02441861,2681 TOT_MORT
2681,TOT_MORT,0.0001,0.02441894,2681 TOT_MORT
2681,TOT_MORT,0.0001,0.02441894,2681 TOT_MORT
2681,TOT_MORT,0.0001,0.02441894,2681 TOT_MORT
2681,TOT_MORT,0.0001,0.02441894,2681 TOT_MORT
2681,TOT_MORT,0.0001,0.02441894,2681 TOT_MORT
2681,TOT_MORT,0.0001,0.02441894,2681 TOT_MORT
2681,TOT_MORT,0.0002,0.02441928,2681 TOT_MORT
2681,TOT_MORT,0.0002,0.02441928,2681 TOT_MORT
2681,TOT_MORT,0.0003,0.02441961,2681 TOT_MORT
2681,TOT_MORT,0.0004,0.02441994,2681 TOT_MORT
2681,TOT_MORT,0.0004,0.02441994,2681 TOT_MORT
2681,TOT_MORT,0.0005,0.02442027,2681 TOT_MORT
2681,TOT_MORT,0.0005,0.02442027,2681 TOT_MORT
2681,TOT_MORT,0.0006,0.02442061,2681 TOT_MORT
2681,TOT_MORT,0.0006,0.02442061,2681 TOT_MORT
2681,TOT_MORT,0.0009,0.0244216,2681 TOT_MORT
2681,TOT_MORT,0.0012,0.0244226,2681 TOT_MORT
2681,TOT_MORT,0.0015,0.0244236,2681 TOT_MORT
2681,TOT_MORT,0.0018,0.0244246,2681 TOT_MORT
2681,TOT_MORT,0.0021,0.02442559,2681 TOT_MORT
2681,TOT_MORT,0.0023,0.02442626,2681 TOT_MORT
2681,TOT_MORT,0.0026,0.02442726,2681 TOT_MORT
2681,TOT_MORT,0.0029,0.02442825,2681 TOT_MORT
2681,TOT_MORT,0.0032,0.02442925,2681 TOT_MORT
2681,TOT_MORT,0.0046,0.02443391,2681 TOT_MORT
2681,TOT_MORT,0.006,0.02443856,2681 TOT_MORT
2681,TOT_MORT,0.0075,0.02444355,2681 TOT_MORT
2681,TOT_MORT,0.0089,0.02444821,2681 TOT_MORT
2681,TOT_MORT,0.0103,0.02445286,2681 TOT_MORT
2681,TOT_MORT,0.0117,0.02445752,2681 TOT_MORT
2681,TOT_MORT,0.0132,0.0244625,2681 TOT_MORT
2681,TOT_MORT,0.0146,0.02446716,2681 TOT_MORT
2681,TOT_MORT,0.016,0.02447182,2681 TOT_MORT
2681,TOT_MORT,0.0231,0.02449542,2681 TOT_MORT
2681,TOT_MORT,0.0302,0.02451903,2681 TOT_MORT
2681,TOT_MORT,0.0373,0.02454264,2681 TOT_MORT
2681,TOT_MORT,0.0444,0.02456625,2681 TOT_MORT
2681,TOT_MORT,0.0516,0.02459018,2681 TOT_MORT
2681,TOT_MORT,0.0587,0.02461379,2681 TOT_MORT
2681,TOT_MORT,0.0658,0.0246374,2681 TOT_MORT
2681,TOT_MORT,0.0729,0.024661,2681 TOT_MORT
2681,TOT_MORT,0.08,0.0246846,2681 TOT_MORT
2681,TOT_MORT,0.1156,0.02480295,2681 TOT_MORT
2681,TOT_MORT,0.1511,0.02492095,2681 TOT_MORT
2681,TOT_MORT,0.1867,0.02503926,2681 TOT_MORT
2681,TOT_MORT,0.2222,0.02515723,2681 TOT_MORT
2681,TOT_MORT,0.2578,0.02527552,2681 TOT_MORT
2681,TOT_MORT,0.2933,0.02539346,2681 TOT_MORT
2681,TOT_MORT,0.3289,0.02551171,2681 TOT_MORT
2681,TOT_MORT,0.3644,0.02562963,2681 TOT_MORT
2681,TOT_MORT,0.4,0.02574786,2681 TOT_MORT
2681,TOT_MORT,0.5778,0.02633812,2681 TOT_MORT
2681,TOT_MORT,0.7556,0.02692803,2681 TOT_MORT
2681,TOT_MORT,0.9333,0.02751725,2681 TOT_MORT
2681,TOT_MORT,1.1111,0.02810645,2681 TOT_MORT
2681,TOT_MORT,1.2889,0.02869529,2681 TOT_MORT
2681,TOT_MORT,1.4667,0.02928377,2681 TOT_MORT
2681,TOT_MORT,1.6444,0.02987157,2681 TOT_MORT
2681,TOT_MORT,1.8222,0.03045933,2681 TOT_MORT
2681,TOT_MORT,2.0,0.03104675,2681 TOT_MORT
2681,TOT_MORT,2.8889,0.03397815,2681 TOT_MORT
2681,TOT_MORT,3.7778,0.03690068,2681 TOT_MORT
2681,TOT_MORT,4.6667,0.03981438,2681 TOT_MORT
2681,TOT_MORT,5.5556,0.04271925,2681 TOT_MORT
2681,TOT_MORT,6.4444,0.04561502,2681 TOT_MORT
2681,TOT_MORT,7.3333,0.04850235,2681 TOT_MORT
2681,TOT_MORT,8.2222,0.05138094,2681 TOT_MORT
2681,TOT_MORT,9.1111,0.05425082,2681 TOT_MORT
2681,TOT_MORT,10.0,0.05711203,2681 TOT_MORT
2681,TOT_MORT,14.4444,0.0712884,2681 TOT_MORT
2681,TOT_MORT,18.8889,0.08525195,2681 TOT_MORT
2681,TOT_MORT,23.3333,0.09900524,2681 TOT_MORT
2681,TOT_MORT,27.7778,0.11255205,2681 TOT_MORT
2681,TOT_MORT,32.2222,0.12589489,2681 TOT_MORT
2681,TOT_MORT,36.6667,0.1390374,2681 TOT_MORT
2681,TOT_MORT,41.1111,0.15198203,2681 TOT_MORT
2681,TOT_MORT,45.5556,0.16473231,2681 TOT_MORT
2681,TOT_MORT,50.0,0.17729061,2681 TOT_MORT
2682,ALL_BUT_MORT,,,2682 ALL_BUT_MORT
2682,ANY120,,,2682 ANY120
2682,ANY24,0.0,0.0308716,2682 ANY24
2682,ANY24,0.0,0.0308716,2682 ANY24
2682,ANY24,0.0,0.0308716,2682 ANY24
2682,ANY24,0.0,0.0308716,2682 ANY24
2682,ANY24,0.0001,0.03087182,2682 ANY24
2682,ANY24,0.0001,0.03087182,2682 ANY24
2682,ANY24,0.0001,0.03087182,2682 ANY24
2682,ANY24,0.0001,0.03087182,2682 ANY24
2682,ANY24,0.0001,0.03087182,2682 ANY24
2682,ANY24,0.0001,0.03087182,2682 ANY24
2682,ANY24,0.0002,0.03087205,2682 ANY24
2682,ANY24,0.0002,0.03087205,2682 ANY24
2682,ANY24,0.0003,0.03087228,2682 ANY24
2682,ANY24,0.0004,0.0308725,2682 ANY24
2682,ANY24,0.0004,0.0308725,2682 ANY24
2682,ANY24,0.0005,0.03087273,2682 ANY24
2682,ANY24,0.0005,0.03087273,2682 ANY24
2682,ANY24,0.0006,0.03087296,2682 ANY24
2682,ANY24,0.0006,0.03087296,2682 ANY24
2682,ANY24,0.0009,0.03087364,2682 ANY24
2682,ANY24,0.0012,0.03087432,2682 ANY24
2682,ANY24,0.0015,0.030875,2682 ANY24
2682,ANY24,0.0018,0.03087568,2682 ANY24
2682,ANY24,0.0021,0.03087636,2682 ANY24
2682,ANY24,0.0023,0.03087681,2682 ANY24
2682,ANY24,0.0026,0.03087749,2682 ANY24
2682,ANY24,0.0029,0.03087817,2682 ANY24
2682,ANY24,0.0032,0.03087885,2682 ANY24
2682,ANY24,0.0046,0.03088202,2682 ANY24
2682,ANY24,0.006,0.0308852,2682 ANY24
2682,ANY24,0.0075,0.0308886,2682 ANY24
2682,ANY24,0.0089,0.03089177,2682 ANY24
2682,ANY24,0.0103,0.03089495,2682 ANY24
2682,ANY24,0.0117,0.03089812,2682 ANY24
2682,ANY24,0.0132,0.03090152,2682 ANY24
2682,ANY24,0.0146,0.0309047,2682 ANY24
2682,ANY24,0.016,0.03090787,2682 ANY24
2682,ANY24,0.0231,0.03092398,2682 ANY24
2682,ANY24,0.0302,0.0309401,2682 ANY24
2682,ANY24,0.0373,0.03095623,2682 ANY24
2682,ANY24,0.0444,0.03097236,2682 ANY24
2682,ANY24,0.0516,0.03098872,2682 ANY24
2682,ANY24,0.0587,0.03100487,2682 ANY24
2682,ANY24,0.0658,0.03102102,2682 ANY24
2682,ANY24,0.0729,0.03103718,2682 ANY24
2682,ANY24,0.08,0.03105334,2682 ANY24
2682,ANY24,0.1156,0.0311345,2682 ANY24
2682,ANY24,0.1511,0.03121561,2682 ANY24
2682,ANY24,0.1867,0.03129713,2682 ANY24
2682,ANY24,0.2222,0.03137858,2682 ANY24
2682,ANY24,0.2578,0.03146045,2682 ANY24
2682,ANY24,0.2933,0.03154226,2682 ANY24
2682,ANY24,0.3289,0.03162447,2682 ANY24
2682,ANY24,0.3644,0.03170664,2682 ANY24
2682,ANY24,0.4,0.03178921,2682 ANY24
2682,ANY24,0.5778,0.03220426,2682 ANY24
2682,ANY24,0.7556,0.03262377,2682 ANY24
2682,ANY24,0.9333,0.03304755,2682 ANY24
2682,ANY24,1.1111,0.03347608,2682 ANY24
2682,ANY24,1.2889,0.03390919,2682 ANY24
2682,ANY24,1.4667,0.03434689,2682 ANY24
2682,ANY24,1.6444,0.03478898,2682 ANY24
2682,ANY24,1.8222,0.03523598,2682 ANY24
2682,ANY24,2.0,0.03568767,2682 ANY24
2682,ANY24,2.8889,0.03801761,2682 ANY24
2682,ANY24,3.7778,0.04047017,2682 ANY24
2682,ANY24,4.6667,0.04304966,2682 ANY24
2682,ANY24,5.5556,0.04576038,2682 ANY24
2682,ANY24,6.4444,0.04860628,2682 ANY24
2682,ANY24,7.3333,0.0515923,2682 ANY24
2682,ANY24,8.2222,0.05472237,2682 ANY24
2682,ANY24,9.1111,0.0580007,2682 ANY24
2682,ANY24,10.0,0.06143143,2682 ANY24
2682,ANY24,14.4444,0.08101063,2682 ANY24
2682,ANY24,18.8889,0.10496817,2682 ANY24
2682,ANY24,23.3333,0.13367658,2682 ANY24
2682,ANY24,27.7778,0.16736926,2682 ANY24
2682,ANY24,32.2222,0.20609342,2682 ANY24
2682,ANY24,36.6667,0.24968349,2682 ANY24
2682,ANY24,41.1111,0.29773568,2682 ANY24
2682,ANY24,45.5556,0.34961545,2682 ANY24
2682,ANY24,50.0,0.40446877,2682 ANY24
2682,AXIS,,,2682 AXIS
2682,BRN_,,,2682 BRN_
2682,CRAN,,,2682 CRAN
2682,EDEM,,,2682 EDEM
2682,LTRK,,,2682 LTRK
2682,MO24,,,2682 MO24
2682,NC24,0.0,1e-05,2682 NC24
2682,NC24,0.0,1e-05,2682 NC24
2682,NC24,0.0,1e-05,2682 NC24
2682,NC24,0.0,1e-05,2682 NC24
2682,NC24,0.0001,1.009e-05,2682 NC24
2682,NC24,0.0001,1.009e-05,2682 NC24
2682,NC24,0.0001,1.009e-05,2682 NC24
2682,NC24,0.0001,1.009e-05,2682 NC24
2682,NC24,0.0001,1.009e-05,2682 NC24
2682,NC24,0.0001,1.009e-05,2682 NC24
2682,NC24,0.0002,1.017e-05,2682 NC24
2682,NC24,0.0002,1.017e-05,2682 NC24
2682,NC24,0.0003,1.026e-05,2682 NC24
2682,NC24,0.0004,1.035e-05,2682 NC24
2682,NC24,0.0004,1.035e-05,2682 NC24
2682,NC24,0.0005,1.043e-05,2682 NC24
2682,NC24,0.0005,1.043e-05,2682 NC24
2682,NC24,0.0006,1.052e-05,2682 NC24
2682,NC24,0.0006,1.052e-05,2682 NC24
2682,NC24,0.0009,1.078e-05,2682 NC24
2682,NC24,0.0012,1.104e-05,2682 NC24
2682,NC24,0.0015,1.13e-05,2682 NC24
2682,NC24,0.0018,1.156e-05,2682 NC24
2682,NC24,0.0021,1.182e-05,2682 NC24
2682,NC24,0.0023,1.199e-05,2682 NC24
2682,NC24,0.0026,1.225e-05,2682 NC24
2682,NC24,0.0029,1.251e-05,2682 NC24
2682,NC24,0.0032,1.277e-05,2682 NC24
2682,NC24,0.0046,1.398e-05,2682 NC24
2682,NC24,0.006,1.52e-05,2682 NC24
2682,NC24,0.0075,1.649e-05,2682 NC24
2682,NC24,0.0089,1.771e-05,2682 NC24
2682,NC24,0.0103,1.892e-05,2682 NC24
2682,NC24,0.0117,2.013e-05,2682 NC24
2682,NC24,0.0132,2.143e-05,2682 NC24
2682,NC24,0.0146,2.264e-05,2682 NC24
2682,NC24,0.016,2.385e-05,2682 NC24
2682,NC24,0.0231,3e-05,2682 NC24
2682,NC24,0.0302,3.615e-05,2682 NC24
2682,NC24,0.0373,4.23e-05,2682 NC24
2682,NC24,0.0444,4.844e-05,2682 NC24
2682,NC24,0.0516,5.468e-05,2682 NC24
2682,NC24,0.0587,6.082e-05,2682 NC24
2682,NC24,0.0658,6.697e-05,2682 NC24
2682,NC24,0.0729,7.312e-05,2682 NC24
2682,NC24,0.08,7.926e-05,2682 NC24
2682,NC24,0.1156,0.00011009,2682 NC24
2682,NC24,0.1511,0.00014082,2682 NC24
2682,NC24,0.1867,0.00017164,2682 NC24
2682,NC24,0.2222,0.00020237,2682 NC24
2682,NC24,0.2578,0.00023319,2682 NC24
2682,NC24,0.2933,0.00026392,2682 NC24
2682,NC24,0.3289,0.00029473,2682 NC24
2682,NC24,0.3644,0.00032546,2682 NC24
2682,NC24,0.4,0.00035628,2682 NC24
2682,NC24,0.5778,0.00051016,2682 NC24
2682,NC24,0.7556,0.00066401,2682 NC24
2682,NC24,0.9333,0.00081776,2682 NC24
2682,NC24,1.1111,0.00097157,2682 NC24
2682,NC24,1.2889,0.00112536,2682 NC24
2682,NC24,1.4667,0.00127912,2682 NC24
2682,NC24,1.6444,0.00143277,2682 NC24
2682,NC24,1.8222,0.00158649,2682 NC24
2682,NC24,2.0,0.00174018,2682 NC24
2682,NC24,2.8889,0.0025082,2682 NC24
2682,NC24,3.7778,0.00327562,2682 NC24
2682,NC24,4.6667,0.00404246,2682 NC24
2682,NC24,5.5556,0.00480871,2682 NC24
2682,NC24,6.4444,0.00557428,2682 NC24
2682,NC24,7.3333,0.00633934,2682 NC24
2682,NC24,8.2222,0.00710382,2682 NC24
2682,NC24,9.1111,0.00786771,2682 NC24
2682,NC24,10.0,0.00863102,2682 NC24
2682,NC24,14.4444,0.01243865,2682 NC24
2682,NC24,18.8889,0.01623174,2682 NC24
2682,NC24,23.3333,0.02001017,2682 NC24
2682,NC24,27.7778,0.02377418,2682 NC24
2682,NC24,32.2222,0.02752365,2682 NC24
2682,NC24,36.6667,0.0312588,2682 NC24
2682,NC24,41.1111,0.03497952,2682 NC24
2682,NC24,45.5556,0.03868604,2682 NC24
2682,NC24,50.0,0.04237823,2682 NC24
2682,TOT_MORT,0.0,0.03519568,2682 TOT_MORT
2682,TOT_MORT,0.0,0.03519568,2682 TOT_MORT
2682,TOT_MORT,0.0,0.03519568,2682 TOT_MORT
2682,TOT_MORT,0.0,0.03519568,2682 TOT_MORT
2682,TOT_MORT,0.0001,0.03519568,2682 TOT_MORT
2682,TOT_MORT,0.0001,0.03519568,2682 TOT_MORT
2682,TOT_MORT,0.0001,0.03519568,2682 TOT_MORT
2682,TOT_MORT,0.0001,0.03519568,2682 TOT_MORT
2682,TOT_MORT,0.0001,0.03519568,2682 TOT_MORT
2682,TOT_MORT,0.0001,0.03519568,2682 TOT_MORT
2682,TOT_MORT,0.0002,0.03519568,2682 TOT_MORT
2682,TOT_MORT,0.0002,0.03519568,2682 TOT_MORT
2682,TOT_MORT,0.0003,0.03519568,2682 TOT_MORT
2682,TOT_MORT,0.0004,0.03519568,2682 TOT_MORT
2682,TOT_MORT,0.0004,0.03519568,2682 TOT_MORT
2682,TOT_MORT,0.0005,0.03519568,2682 TOT_MORT
2682,TOT_MORT,0.0005,0.03519568,2682 TOT_MORT
2682,TOT_MORT,0.0006,0.03519568,2682 TOT_MORT
2682,TOT_MORT,0.0006,0.03519568,2682 TOT_MORT
2682,TOT_MORT,0.0009,0.03519568,2682 TOT_MORT
2682,TOT_MORT,0.0012,0.03519568,2682 TOT_MORT
2682,TOT_MORT,0.0015,0.03519568,2682 TOT_MORT
2682,TOT_MORT,0.0018,0.03519568,2682 TOT_MORT
2682,TOT_MORT,0.0021,0.03519568,2682 TOT_MORT
2682,TOT_MORT,0.0023,0.03519568,2682 TOT_MORT
2682,TOT_MORT,0.0026,0.03519568,2682 TOT_MORT
2682,TOT_MORT,0.0029,0.03519568,2682 TOT_MORT
2682,TOT_MORT,0.0032,0.03519568,2682 TOT_MORT
2682,TOT_MORT,0.0046,0.03519568,2682 TOT_MORT
2682,TOT_MORT,0.006,0.03519568,2682 TOT_MORT
2682,TOT_MORT,0.0075,0.03519568,2682 TOT_MORT
2682,TOT_MORT,0.0089,0.03519568,2682 TOT_MORT
2682,TOT_MORT,0.0103,0.03519568,2682 TOT_MORT
2682,TOT_MORT,0.0117,0.03519568,2682 TOT_MORT
2682,TOT_MORT,0.0132,0.03519568,2682 TOT_MORT
2682,TOT_MORT,0.0146,0.03519568,2682 TOT_MORT
2682,TOT_MORT,0.016,0.03519568,2682 TOT_MORT
2682,TOT_MORT,0.0231,0.03519568,2682 TOT_MORT
2682,TOT_MORT,0.0302,0.03519568,2682 TOT_MORT
2682,TOT_MORT,0.0373,0.03519568,2682 TOT_MORT
2682,TOT_MORT,0.0444,0.03519568,2682 TOT_MORT
2682,TOT_MORT,0.0516,0.03519568,2682 TOT_MORT
2682,TOT_MORT,0.0587,0.03519568,2682 TOT_MORT
2682,TOT_MORT,0.0658,0.03519568,2682 TOT_MORT
2682,TOT_MORT,0.0729,0.03519568,2682 TOT_MORT
2682,TOT_MORT,0.08,0.03519568,2682 TOT_MORT
2682,TOT_MORT,0.1156,0.03519568,2682 TOT_MORT
2682,TOT_MORT,0.1511,0.03519568,2682 TOT_MORT
2682,TOT_MORT,0.1867,0.03519568,2682 TOT_MORT
2682,TOT_MORT,0.2222,0.03519568,2682 TOT_MORT
2682,TOT_MORT,0.2578,0.03519568,2682 TOT_MORT
2682,TOT_MORT,0.2933,0.03519568,2682 TOT_MORT
2682,TOT_MORT,0.3289,0.03519568,2682 TOT_MORT
2682,TOT_MORT,0.3644,0.03519568,2682 TOT_MORT
2682,TOT_MORT,0.4,0.03519569,2682 TOT_MORT
2682,TOT_MORT,0.5778,0.03519576,2682 TOT_MORT
2682,TOT_MORT,0.7556,0.0351961,2682 TOT_MORT
2682,TOT_MORT,0.9333,0.03519712,2682 TOT_MORT
2682,TOT_MORT,1.1111,0.03519946,2682 TOT_MORT
2682,TOT_MORT,1.2889,0.03520403,2682 TOT_MORT
2682,TOT_MORT,1.4667,0.03521195,2682 TOT_MORT
2682,TOT_MORT,1.6444,0.0352245,2682 TOT_MORT
2682,TOT_MORT,1.8222,0.03524315,2682 TOT_MORT
2682,TOT_MORT,2.0,0.03526944,2682 TOT_MORT
2682,TOT_MORT,2.8889,0.03557314,2682 TOT_MORT
2682,TOT_MORT,3.7778,0.03631018,2682 TOT_MORT
2682,TOT_MORT,4.6667,0.03764909,2682 TOT_MORT
2682,TOT_MORT,5.5556,0.03970717,2682 TOT_MORT
2682,TOT_MORT,6.4444,0.04255156,2682 TOT_MORT
2682,TOT_MORT,7.3333,0.04620953,2682 TOT_MORT
2682,TOT_MORT,8.2222,0.05067655,2682 TOT_MORT
2682,TOT_MORT,9.1111,0.05592644,2682 TOT_MORT
2682,TOT_MORT,10.0,0.06191818,2682 TOT_MORT
2682,TOT_MORT,14.4444,0.10111524,2682 TOT_MORT
2682,TOT_MORT,18.8889,0.15066161,2682 TOT_MORT
2682,TOT_MORT,23.3333,0.20492842,2682 TOT_MORT
2682,TOT_MORT,27.7778,0.26018296,2682 TOT_MORT
2682,TOT_MORT,32.2222,0.31416914,2682 TOT_MORT
2682,TOT_MORT,36.6667,0.36562608,2682 TOT_MORT
2682,TOT_MORT,41.1111,0.41391378,2682 TOT_MORT
2682,TOT_MORT,45.5556,0.45878025,2682 TOT_MORT
2682,TOT_MORT,50.0,0.50019861,2682 TOT_MORT
2695,ALL_BUT_MORT,0.0,0.07395499,2695 ALL_BUT_MORT
2695,ALL_BUT_MORT,0.0,0.07395499,2695 ALL_BUT_MORT
2695,ALL_BUT_MORT,0.0,0.07395499,2695 ALL_BUT_MORT
2695,ALL_BUT_MORT,0.0,0.07395499,2695 ALL_BUT_MORT
2695,ALL_BUT_MORT,0.0001,0.07542161,2695 ALL_BUT_MORT
2695,ALL_BUT_MORT,0.0001,0.07542161,2695 ALL_BUT_MORT
2695,ALL_BUT_MORT,0.0001,0.07542161,2695 ALL_BUT_MORT
2695,ALL_BUT_MORT,0.0001,0.07542161,2695 ALL_BUT_MORT
2695,ALL_BUT_MORT,0.0001,0.07542161,2695 ALL_BUT_MORT
2695,ALL_BUT_MORT,0.0001,0.07542161,2695 ALL_BUT_MORT
2695,ALL_BUT_MORT,0.0002,0.07633388,2695 ALL_BUT_MORT
2695,ALL_BUT_MORT,0.0002,0.07633388,2695 ALL_BUT_MORT
2695,ALL_BUT_MORT,0.0003,0.07708044,2695 ALL_BUT_MORT
2695,ALL_BUT_MORT,0.0004,0.07773143,2695 ALL_BUT_MORT
2695,ALL_BUT_MORT,0.0004,0.07773143,2695 ALL_BUT_MORT
2695,ALL_BUT_MORT,0.0005,0.0783173,2695 ALL_BUT_MORT
2695,ALL_BUT_MORT,0.0005,0.0783173,2695 ALL_BUT_MORT
2695,ALL_BUT_MORT,0.0006,0.07885479,2695 ALL_BUT_MORT
2695,ALL_BUT_MORT,0.0006,0.07885479,2695 ALL_BUT_MORT
2695,ALL_BUT_MORT,0.0009,0.08026615,2695 ALL_BUT_MORT
2695,ALL_BUT_MORT,0.0012,0.08147455,2695 ALL_BUT_MORT
2695,ALL_BUT_MORT,0.0015,0.08254746,2695 ALL_BUT_MORT
2695,ALL_BUT_MORT,0.0018,0.08352123,2695 ALL_BUT_MORT
2695,ALL_BUT_MORT,0.0021,0.08441825,2695 ALL_BUT_MORT
2695,ALL_BUT_MORT,0.0023,0.08498123,2695 ALL_BUT_MORT
2695,ALL_BUT_MORT,0.0026,0.08578139,2695 ALL_BUT_MORT
2695,ALL_BUT_MORT,0.0029,0.08653591,2695 ALL_BUT_MORT
2695,ALL_BUT_MORT,0.0032,0.08725133,2695 ALL_BUT_MORT
2695,ALL_BUT_MORT,0.0046,0.09019933,2695 ALL_BUT_MORT
2695,ALL_BUT_MORT,0.006,0.0926966,2695 ALL_BUT_MORT
2695,ALL_BUT_MORT,0.0075,0.09503844,2695 ALL_BUT_MORT
2695,ALL_BUT_MORT,0.0089,0.09699757,2695 ALL_BUT_MORT
2695,ALL_BUT_MORT,0.0103,0.09878858,2695 ALL_BUT_MORT
2695,ALL_BUT_MORT,0.0117,0.10044453,2695 ALL_BUT_MORT
2695,ALL_BUT_MORT,0.0132,0.10209552,2695 ALL_BUT_MORT
2695,ALL_BUT_MORT,0.0146,0.10353977,2695 ALL_BUT_MORT
2695,ALL_BUT_MORT,0.016,0.10490422,2695 ALL_BUT_MORT
2695,ALL_BUT_MORT,0.0231,0.1109065,2695 ALL_BUT_MORT
2695,ALL_BUT_MORT,0.0302,0.11585855,2695 ALL_BUT_MORT
2695,ALL_BUT_MORT,0.0373,0.12012489,2695 ALL_BUT_MORT
2695,ALL_BUT_MORT,0.0444,0.12390054,2695 ALL_BUT_MORT
2695,ALL_BUT_MORT,0.0516,0.12734966,2695 ALL_BUT_MORT
2695,ALL_BUT_MORT,0.0587,0.13045535,2695 ALL_BUT_MORT
2695,ALL_BUT_MORT,0.0658,0.13332232,2695 ALL_BUT_MORT
2695,ALL_BUT_MORT,0.0729,0.13599038,2695 ALL_BUT_MORT
2695,ALL_BUT_MORT,0.08,0.13848964,2695 ALL_BUT_MORT
2695,ALL_BUT_MORT,0.1156,0.14915521,2695 ALL_BUT_MORT
2695,ALL_BUT_MORT,0.1511,0.15771432,2695 ALL_BUT_MORT
2695,ALL_BUT_MORT,0.1867,0.16497166,2695 ALL_BUT_MORT
2695,ALL_BUT_MORT,0.2222,0.17128022,2695 ALL_BUT_MORT
2695,ALL_BUT_MORT,0.2578,0.17691131,2695 ALL_BUT_MORT
2695,ALL_BUT_MORT,0.2933,0.18198595,2695 ALL_BUT_MORT
2695,ALL_BUT_MORT,0.3289,0.18663856,2695 ALL_BUT_MORT
2695,ALL_BUT_MORT,0.3644,0.19091922,2695 ALL_BUT_MORT
2695,ALL_BUT_MORT,0.4,0.19490931,2695 ALL_BUT_MORT
2695,ALL_BUT_MORT,0.5778,0.21156422,2695 ALL_BUT_MORT
2695,ALL_BUT_MORT,0.7556,0.22463922,2695 ALL_BUT_MORT
2695,ALL_BUT_MORT,0.9333,0.23548343,2695 ALL_BUT_MORT
2695,ALL_BUT_MORT,1.1111,0.24480068,2695 ALL_BUT_MORT
2695,ALL_BUT_MORT,1.2889,0.25298982,2695 ALL_BUT_MORT
2695,ALL_BUT_MORT,1.4667,0.26031057,2695 ALL_BUT_MORT
2695,ALL_BUT_MORT,1.6444,0.26693655,2695 ALL_BUT_MORT
2695,ALL_BUT_MORT,1.8222,0.27300184,2695 ALL_BUT_MORT
2695,ALL_BUT_MORT,2.0,0.2785965,2695 ALL_BUT_MORT
2695,ALL_BUT_MORT,2.8889,0.30155301,2695 ALL_BUT_MORT
2695,ALL_BUT_MORT,3.7778,0.31913474,2695 ALL_BUT_MORT
2695,ALL_BUT_MORT,4.6667,0.33345421,2695 ALL_BUT_MORT
2695,ALL_BUT_MORT,5.5556,0.34556647,2695 ALL_BUT_MORT
2695,ALL_BUT_MORT,6.4444,0.35607798,2695 ALL_BUT_MORT
2695,ALL_BUT_MORT,7.3333,0.36537473,2695 ALL_BUT_MORT
2695,ALL_BUT_MORT,8.2222,0.37371406,2695 ALL_BUT_MORT
2695,ALL_BUT_MORT,9.1111,0.3812789,2695 ALL_BUT_MORT
2695,ALL_BUT_MORT,10.0,0.38820368,2695 ALL_BUT_MORT
2695,ALL_BUT_MORT,14.4444,0.416111,2695 ALL_BUT_MORT
2695,ALL_BUT_MORT,18.8889,0.43696161,2695 ALL_BUT_MORT
2695,ALL_BUT_MORT,23.3333,0.45362821,2695 ALL_BUT_MORT
2695,ALL_BUT_MORT,27.7778,0.46751547,2695 ALL_BUT_MORT
2695,ALL_BUT_MORT,32.2222,0.47941744,2695 ALL_BUT_MORT
2695,ALL_BUT_MORT,36.6667,0.48982944,2695 ALL_BUT_MORT
2695,ALL_BUT_MORT,41.1111,0.49908052,2695 ALL_BUT_MORT
2695,ALL_BUT_MORT,45.5556,0.50740178,2695 ALL_BUT_MORT
2695,ALL_BUT_MORT,50.0,0.51496079,2695 ALL_BUT_MORT
2695,ANY120,0.0,0.10942137,2695 ANY120
2695,ANY120,0.0,0.10942137,2695 ANY120
2695,ANY120,0.0,0.10942137,2695 ANY120
2695,ANY120,0.0,0.10942137,2695 ANY120
2695,ANY120,0.0001,0.11252667,2695 ANY120
2695,ANY120,0.0001,0.11252667,2695 ANY120
2695,ANY120,0.0001,0.11252667,2695 ANY120
2695,ANY120,0.0001,0.11252667,2695 ANY120
2695,ANY120,0.0001,0.11252667,2695 ANY120
2695,ANY120,0.0001,0.11252667,2695 ANY120
2695,ANY120,0.0002,0.11370955,2695 ANY120
2695,ANY120,0.0002,0.11370955,2695 ANY120
2695,ANY120,0.0003,0.11460062,2695 ANY120
2695,ANY120,0.0004,0.11534301,2695 ANY120
2695,ANY120,0.0004,0.11534301,2695 ANY120
2695,ANY120,0.0005,0.11599139,2695 ANY120
2695,ANY120,0.0005,0.11599139,2695 ANY120
2695,ANY120,0.0006,0.11657351,2695 ANY120
2695,ANY120,0.0006,0.11657351,2695 ANY120
2695,ANY120,0.0009,0.11805967,2695 ANY120
2695,ANY120,0.0012,0.11929787,2695 ANY120
2695,ANY120,0.0015,0.12037924,2695 ANY120
2695,ANY120,0.0018,0.12135009,2695 ANY120
2695,ANY120,0.0021,0.12223774,2695 ANY120
2695,ANY120,0.0023,0.12279227,2695 ANY120
2695,ANY120,0.0026,0.12357774,2695 ANY120
2695,ANY120,0.0029,0.12431611,2695 ANY120
2695,ANY120,0.0032,0.12501467,2695 ANY120
2695,ANY120,0.0046,0.12788505,2695 ANY120
2695,ANY120,0.006,0.13031634,2695 ANY120
2695,ANY120,0.0075,0.13260376,2695 ANY120
2695,ANY120,0.0089,0.13452638,2695 ANY120
2695,ANY120,0.0103,0.13629312,2695 ANY120
2695,ANY120,0.0117,0.13793552,2695 ANY120
2695,ANY120,0.0132,0.13958237,2695 ANY120
2695,ANY120,0.0146,0.14103126,2695 ANY120
2695,ANY120,0.016,0.14240756,2695 ANY120
2695,ANY120,0.0231,0.14855567,2695 ANY120
2695,ANY120,0.0302,0.15375319,2695 ANY120
2695,ANY120,0.0373,0.15832887,2695 ANY120
2695,ANY120,0.0444,0.16245756,2695 ANY120
2695,ANY120,0.0516,0.16629651,2695 ANY120
2695,ANY120,0.0587,0.16980969,2695 ANY120
2695,ANY120,0.0658,0.17310137,2695 ANY120
2695,ANY120,0.0729,0.17620728,2695 ANY120
2695,ANY120,0.08,0.17915452,2695 ANY120
2695,ANY120,0.1156,0.19215465,2695 ANY120
2695,ANY120,0.1511,0.20309947,2695 ANY120
2695,ANY120,0.1867,0.21275019,2695 ANY120
2695,ANY120,0.2222,0.22142315,2695 ANY120
2695,ANY120,0.2578,0.22939271,2695 ANY120
2695,ANY120,0.2933,0.23676239,2695 ANY120
2695,ANY120,0.3289,0.24367799,2695 ANY120
2695,ANY120,0.3644,0.25017676,2695 ANY120
2695,ANY120,0.4,0.25635325,2695 ANY120
2695,ANY120,0.5778,0.28339966,2695 ANY120
2695,ANY120,0.7556,0.30610089,2695 ANY120
2695,ANY120,0.9333,0.32593484,2695 ANY120
2695,ANY120,1.1111,0.34371643,2695 ANY120
2695,ANY120,1.2889,0.3599155,2695 ANY120
2695,ANY120,1.4667,0.37485055,2695 ANY120
2695,ANY120,1.6444,0.38873763,2695 ANY120
2695,ANY120,1.8222,0.40175639,2695 ANY120
2695,ANY120,2.0,0.41402348,2695 ANY120
2695,ANY120,2.8889,0.46689889,2695 ANY120
2695,ANY120,3.7778,0.51001078,2695 ANY120
2695,ANY120,4.6667,0.54662181,2695 ANY120
2695,ANY120,5.5556,0.57848968,2695 ANY120
2695,ANY120,6.4444,0.60669102,2695 ANY120
2695,ANY120,7.3333,0.63195395,2695 ANY120
2695,ANY120,8.2222,0.65478736,2695 ANY120
2695,ANY120,9.1111,0.67557126,2695 ANY120
2695,ANY120,10.0,0.69459733,2695 ANY120
2695,ANY120,14.4444,0.77006782,2695 ANY120
2695,ANY120,18.8889,0.82329321,2695 ANY120
2695,ANY120,23.3333,0.86239798,2695 ANY120
2695,ANY120,27.7778,0.89185181,2695 ANY120
2695,ANY120,32.2222,0.91440909,2695 ANY120
2695,ANY120,36.6667,0.93189425,2695 ANY120
2695,ANY120,41.1111,0.94557061,2695 ANY120
2695,ANY120,45.5556,0.95634438,2695 ANY120
2695,ANY120,50.0,0.96487966,2695 ANY120
2695,ANY24,0.0,0.04698251,2695 ANY24
2695,ANY24,0.0,0.04698251,2695 ANY24
2695,ANY24,0.0,0.04698251,2695 ANY24
2695,ANY24,0.0,0.04698251,2695 ANY24
2695,ANY24,0.0001,0.04698251,2695 ANY24
2695,ANY24,0.0001,0.04698251,2695 ANY24
2695,ANY24,0.0001,0.04698251,2695 ANY24
2695,ANY24,0.0001,0.04698251,2695 ANY24
2695,ANY24,0.0001,0.04698251,2695 ANY24
2695,ANY24,0.0001,0.04698251,2695 ANY24
2695,ANY24,0.0002,0.04698251,2695 ANY24
2695,ANY24,0.0002,0.04698251,2695 ANY24
2695,ANY24,0.0003,0.04698251,2695 ANY24
2695,ANY24,0.0004,0.04698251,2695 ANY24
2695,ANY24,0.0004,0.04698251,2695 ANY24
2695,ANY24,0.0005,0.04698251,2695 ANY24
2695,ANY24,0.0005,0.04698251,2695 ANY24
2695,ANY24,0.0006,0.04698251,2695 ANY24
2695,ANY24,0.0006,0.04698251,2695 ANY24
2695,ANY24,0.0009,0.04698251,2695 ANY24
2695,ANY24,0.0012,0.04698251,2695 ANY24
2695,ANY24,0.0015,0.04698251,2695 ANY24
2695,ANY24,0.0018,0.04698251,2695 ANY24
2695,ANY24,0.0021,0.04698251,2695 ANY24
2695,ANY24,0.0023,0.04698251,2695 ANY24
2695,ANY24,0.0026,0.04698251,2695 ANY24
2695,ANY24,0.0029,0.04698251,2695 ANY24
2695,ANY24,0.0032,0.04698251,2695 ANY24
2695,ANY24,0.0046,0.04698251,2695 ANY24
2695,ANY24,0.006,0.04698252,2695 ANY24
2695,ANY24,0.0075,0.04698252,2695 ANY24
2695,ANY24,0.0089,0.04698253,2695 ANY24
2695,ANY24,0.0103,0.04698253,2695 ANY24
2695,ANY24,0.0117,0.04698254,2695 ANY24
2695,ANY24,0.0132,0.04698255,2695 ANY24
2695,ANY24,0.0146,0.04698256,2695 ANY24
2695,ANY24,0.016,0.04698257,2695 ANY24
2695,ANY24,0.0231,0.04698263,2695 ANY24
2695,ANY24,0.0302,0.04698271,2695 ANY24
2695,ANY24,0.0373,0.04698282,2695 ANY24
2695,ANY24,0.0444,0.04698294,2695 ANY24
2695,ANY24,0.0516,0.04698309,2695 ANY24
2695,ANY24,0.0587,0.04698326,2695 ANY24
2695,ANY24,0.0658,0.04698344,2695 ANY24
2695,ANY24,0.0729,0.04698365,2695 ANY24
2695,ANY24,0.08,0.04698387,2695 ANY24
2695,ANY24,0.1156,0.04698528,2695 ANY24
2695,ANY24,0.1511,0.04698716,2695 ANY24
2695,ANY24,0.1867,0.0469895,2695 ANY24
2695,ANY24,0.2222,0.04699229,2695 ANY24
2695,ANY24,0.2578,0.04699554,2695 ANY24
2695,ANY24,0.2933,0.04699921,2695 ANY24
2695,ANY24,0.3289,0.04700334,2695 ANY24
2695,ANY24,0.3644,0.04700789,2695 ANY24
2695,ANY24,0.4,0.04701288,2695 ANY24
2695,ANY24,0.5778,0.04704417,2695 ANY24
2695,ANY24,0.7556,0.04708581,2695 ANY24
2695,ANY24,0.9333,0.04713752,2695 ANY24
2695,ANY24,1.1111,0.04719914,2695 ANY24
2695,ANY24,1.2889,0.04727048,2695 ANY24
2695,ANY24,1.4667,0.04735137,2695 ANY24
2695,ANY24,1.6444,0.04744161,2695 ANY24
2695,ANY24,1.8222,0.04754119,2695 ANY24
2695,ANY24,2.0,0.04764991,2695 ANY24
2695,ANY24,2.8889,0.048327,2695 ANY24
2695,ANY24,3.7778,0.04921786,2695 ANY24
2695,ANY24,4.6667,0.05031208,2695 ANY24
2695,ANY24,5.5556,0.05160051,2695 ANY24
2695,ANY24,6.4444,0.05307466,2695 ANY24
2695,ANY24,7.3333,0.05472718,2695 ANY24
2695,ANY24,8.2222,0.05655073,2695 ANY24
2695,ANY24,9.1111,0.05853854,2695 ANY24
2695,ANY24,10.0,0.06068416,2695 ANY24
2695,ANY24,14.4444,0.07357364,2695 ANY24
2695,ANY24,18.8889,0.08958699,2695 ANY24
2695,ANY24,23.3333,0.10815488,2695 ANY24
2695,ANY24,27.7778,0.12879354,2695 ANY24
2695,ANY24,32.2222,0.15108497,2695 ANY24
2695,ANY24,36.6667,0.17466949,2695 ANY24
2695,ANY24,41.1111,0.19923352,2695 ANY24
2695,ANY24,45.5556,0.22450734,2695 ANY24
2695,ANY24,50.0,0.25025533,2695 ANY24
2695,AXIS,0.0,0.06060599,2695 AXIS
2695,AXIS,0.0,0.06060599,2695 AXIS
2695,AXIS,0.0,0.06060599,2695 AXIS
2695,AXIS,0.0,0.06060599,2695 AXIS
2695,AXIS,0.0001,0.06060599,2695 AXIS
2695,AXIS,0.0001,0.06060599,2695 AXIS
2695,AXIS,0.0001,0.06060599,2695 AXIS
2695,AXIS,0.0001,0.06060599,2695 AXIS
2695,AXIS,0.0001,0.06060599,2695 AXIS
2695,AXIS,0.0001,0.06060599,2695 AXIS
2695,AXIS,0.0002,0.06060599,2695 AXIS
2695,AXIS,0.0002,0.06060599,2695 AXIS
2695,AXIS,0.0003,0.06060599,2695 AXIS
2695,AXIS,0.0004,0.06060599,2695 AXIS
2695,AXIS,0.0004,0.06060599,2695 AXIS
2695,AXIS,0.0005,0.06060599,2695 AXIS
2695,AXIS,0.0005,0.06060599,2695 AXIS
2695,AXIS,0.0006,0.06060599,2695 AXIS
2695,AXIS,0.0006,0.06060599,2695 AXIS
2695,AXIS,0.0009,0.06060599,2695 AXIS
2695,AXIS,0.0012,0.06060599,2695 AXIS
2695,AXIS,0.0015,0.06060599,2695 AXIS
2695,AXIS,0.0018,0.06060599,2695 AXIS
2695,AXIS,0.0021,0.06060599,2695 AXIS
2695,AXIS,0.0023,0.06060599,2695 AXIS
2695,AXIS,0.0026,0.06060599,2695 AXIS
2695,AXIS,0.0029,0.06060599,2695 AXIS
2695,AXIS,0.0032,0.06060599,2695 AXIS
2695,AXIS,0.0046,0.06060599,2695 AXIS
2695,AXIS,0.006,0.06060599,2695 AXIS
2695,AXIS,0.0075,0.06060599,2695 AXIS
2695,AXIS,0.0089,0.06060599,2695 AXIS
2695,AXIS,0.0103,0.06060599,2695 AXIS
2695,AXIS,0.0117,0.06060599,2695 AXIS
2695,AXIS,0.0132,0.06060599,2695 AXIS
2695,AXIS,0.0146,0.06060599,2695 AXIS
2695,AXIS,0.016,0.06060599,2695 AXIS
2695,AXIS,0.0231,0.06060599,2695 AXIS
2695,AXIS,0.0302,0.06060599,2695 AXIS
2695,AXIS,0.0373,0.06060599,2695 AXIS
2695,AXIS,0.0444,0.06060599,2695 AXIS
2695,AXIS,0.0516,0.06060599,2695 AXIS
2695,AXIS,0.0587,0.06060599,2695 AXIS
2695,AXIS,0.0658,0.06060599,2695 AXIS
2695,AXIS,0.0729,0.06060599,2695 AXIS
2695,AXIS,0.08,0.06060599,2695 AXIS
2695,AXIS,0.1156,0.06060599,2695 AXIS
2695,AXIS,0.1511,0.06060599,2695 AXIS
2695,AXIS,0.1867,0.06060599,2695 AXIS
2695,AXIS,0.2222,0.06060599,2695 AXIS
2695,AXIS,0.2578,0.06060599,2695 AXIS
2695,AXIS,0.2933,0.06060599,2695 AXIS
2695,AXIS,0.3289,0.06060599,2695 AXIS
2695,AXIS,0.3644,0.06060599,2695 AXIS
2695,AXIS,0.4,0.06060599,2695 AXIS
2695,AXIS,0.5778,0.06060599,2695 AXIS
2695,AXIS,0.7556,0.06060599,2695 AXIS
2695,AXIS,0.9333,0.06060599,2695 AXIS
2695,AXIS,1.1111,0.06060599,2695 AXIS
2695,AXIS,1.2889,0.06060599,2695 AXIS
2695,AXIS,1.4667,0.06060599,2695 AXIS
2695,AXIS,1.6444,0.06060599,2695 AXIS
2695,AXIS,1.8222,0.06060599,2695 AXIS
2695,AXIS,2.0,0.06060599,2695 AXIS
2695,AXIS,2.8889,0.06060599,2695 AXIS
2695,AXIS,3.7778,0.06060599,2695 AXIS
2695,AXIS,4.6667,0.06060599,2695 AXIS
2695,AXIS,5.5556,0.06060599,2695 AXIS
2695,AXIS,6.4444,0.06060599,2695 AXIS
2695,AXIS,7.3333,0.06060599,2695 AXIS
2695,AXIS,8.2222,0.06060599,2695 AXIS
2695,AXIS,9.1111,0.06060601,2695 AXIS
2695,AXIS,10.0,0.06060607,2695 AXIS
2695,AXIS,14.4444,0.06061956,2695 AXIS
2695,AXIS,18.8889,0.0609714,2695 AXIS
2695,AXIS,23.3333,0.06418283,2695 AXIS
2695,AXIS,27.7778,0.07889525,2695 AXIS
2695,AXIS,32.2222,0.12035444,2695 AXIS
2695,AXIS,36.6667,0.2018825,2695 AXIS
2695,AXIS,41.1111,0.32346697,2695 AXIS
2695,AXIS,45.5556,0.46916164,2695 AXIS
2695,AXIS,50.0,0.61538344,2695 AXIS
2695,BRN_,0.0,0.05937151,2695 BRN_
2695,BRN_,0.0,0.05937151,2695 BRN_
2695,BRN_,0.0,0.05937151,2695 BRN_
2695,BRN_,0.0,0.05937151,2695 BRN_
2695,BRN_,0.0001,0.05937151,2695 BRN_
2695,BRN_,0.0001,0.05937151,2695 BRN_
2695,BRN_,0.0001,0.05937151,2695 BRN_
2695,BRN_,0.0001,0.05937151,2695 BRN_
2695,BRN_,0.0001,0.05937151,2695 BRN_
2695,BRN_,0.0001,0.05937151,2695 BRN_
2695,BRN_,0.0002,0.05937151,2695 BRN_
2695,BRN_,0.0002,0.05937151,2695 BRN_
2695,BRN_,0.0003,0.05937151,2695 BRN_
2695,BRN_,0.0004,0.05937151,2695 BRN_
2695,BRN_,0.0004,0.05937151,2695 BRN_
2695,BRN_,0.0005,0.05937151,2695 BRN_
2695,BRN_,0.0005,0.05937151,2695 BRN_
2695,BRN_,0.0006,0.05937151,2695 BRN_
2695,BRN_,0.0006,0.05937151,2695 BRN_
2695,BRN_,0.0009,0.05937151,2695 BRN_
2695,BRN_,0.0012,0.05937151,2695 BRN_
2695,BRN_,0.0015,0.05937151,2695 BRN_
2695,BRN_,0.0018,0.05937151,2695 BRN_
2695,BRN_,0.0021,0.05937151,2695 BRN_
2695,BRN_,0.0023,0.05937151,2695 BRN_
2695,BRN_,0.0026,0.05937151,2695 BRN_
2695,BRN_,0.0029,0.05937151,2695 BRN_
2695,BRN_,0.0032,0.05937151,2695 BRN_
2695,BRN_,0.0046,0.05937151,2695 BRN_
2695,BRN_,0.006,0.05937151,2695 BRN_
2695,BRN_,0.0075,0.05937152,2695 BRN_
2695,BRN_,0.0089,0.05937152,2695 BRN_
2695,BRN_,0.0103,0.05937152,2695 BRN_
2695,BRN_,0.0117,0.05937152,2695 BRN_
2695,BRN_,0.0132,0.05937152,2695 BRN_
2695,BRN_,0.0146,0.05937152,2695 BRN_
2695,BRN_,0.016,0.05937152,2695 BRN_
2695,BRN_,0.0231,0.05937152,2695 BRN_
2695,BRN_,0.0302,0.05937153,2695 BRN_
2695,BRN_,0.0373,0.05937153,2695 BRN_
2695,BRN_,0.0444,0.05937154,2695 BRN_
2695,BRN_,0.0516,0.05937154,2695 BRN_
2695,BRN_,0.0587,0.05937154,2695 BRN_
2695,BRN_,0.0658,0.05937155,2695 BRN_
2695,BRN_,0.0729,0.05937155,2695 BRN_
2695,BRN_,0.08,0.05937156,2695 BRN_
2695,BRN_,0.1156,0.05937158,2695 BRN_
2695,BRN_,0.1511,0.0593716,2695 BRN_
2695,BRN_,0.1867,0.05937162,2695 BRN_
2695,BRN_,0.2222,0.05937164,2695 BRN_
2695,BRN_,0.2578,0.05937166,2695 BRN_
2695,BRN_,0.2933,0.05937168,2695 BRN_
2695,BRN_,0.3289,0.0593717,2695 BRN_
2695,BRN_,0.3644,0.05937171,2695 BRN_
2695,BRN_,0.4,0.05937173,2695 BRN_
2695,BRN_,0.5778,0.05937183,2695 BRN_
2695,BRN_,0.7556,0.05937193,2695 BRN_
2695,BRN_,0.9333,0.05937203,2695 BRN_
2695,BRN_,1.1111,0.05937213,2695 BRN_
2695,BRN_,1.2889,0.05937223,2695 BRN_
2695,BRN_,1.4667,0.05937233,2695 BRN_
2695,BRN_,1.6444,0.05937243,2695 BRN_
2695,BRN_,1.8222,0.05937253,2695 BRN_
2695,BRN_,2.0,0.05937263,2695 BRN_
2695,BRN_,2.8889,0.05937312,2695 BRN_
2695,BRN_,3.7778,0.05937362,2695 BRN_
2695,BRN_,4.6667,0.05937412,2695 BRN_
2695,BRN_,5.5556,0.05937461,2695 BRN_
2695,BRN_,6.4444,0.05937511,2695 BRN_
2695,BRN_,7.3333,0.05937561,2695 BRN_
2695,BRN_,8.2222,0.0593761,2695 BRN_
2695,BRN_,9.1111,0.0593766,2695 BRN_
2695,BRN_,10.0,0.0593771,2695 BRN_
2695,BRN_,14.4444,0.05937958,2695 BRN_
2695,BRN_,18.8889,0.05938206,2695 BRN_
2695,BRN_,23.3333,0.05938454,2695 BRN_
2695,BRN_,27.7778,0.05938703,2695 BRN_
2695,BRN_,32.2222,0.05938951,2695 BRN_
2695,BRN_,36.6667,0.05939199,2695 BRN_
2695,BRN_,41.1111,0.05939447,2695 BRN_
2695,BRN_,45.5556,0.05939696,2695 BRN_
2695,BRN_,50.0,0.05939944,2695 BRN_
2695,CRAN,0.0,0.03407268,2695 CRAN
2695,CRAN,0.0,0.03407268,2695 CRAN
2695,CRAN,0.0,0.03407268,2695 CRAN
2695,CRAN,0.0,0.03407268,2695 CRAN
2695,CRAN,0.0001,0.0588137,2695 CRAN
2695,CRAN,0.0001,0.0588137,2695 CRAN
2695,CRAN,0.0001,0.0588137,2695 CRAN
2695,CRAN,0.0001,0.0588137,2695 CRAN
2695,CRAN,0.0001,0.0588137,2695 CRAN
2695,CRAN,0.0001,0.0588137,2695 CRAN
2695,CRAN,0.0002,0.06066658,2695 CRAN
2695,CRAN,0.0002,0.06066658,2695 CRAN
2695,CRAN,0.0003,0.06177143,2695 CRAN
2695,CRAN,0.0004,0.06256482,2695 CRAN
2695,CRAN,0.0004,0.06256482,2695 CRAN
2695,CRAN,0.0005,0.06318567,2695 CRAN
2695,CRAN,0.0005,0.06318567,2695 CRAN
2695,CRAN,0.0006,0.06369649,2695 CRAN
2695,CRAN,0.0006,0.06369649,2695 CRAN
2695,CRAN,0.0009,0.06484404,2695 CRAN
2695,CRAN,0.0012,0.06566792,2695 CRAN
2695,CRAN,0.0015,0.06631254,2695 CRAN
2695,CRAN,0.0018,0.06684287,2695 CRAN
2695,CRAN,0.0021,0.06729381,2695 CRAN
2695,CRAN,0.0023,0.06756103,2695 CRAN
2695,CRAN,0.0026,0.06792246,2695 CRAN
2695,CRAN,0.0029,0.06824564,2695 CRAN
2695,CRAN,0.0032,0.06853799,2695 CRAN
2695,CRAN,0.0046,0.06962411,2695 CRAN
2695,CRAN,0.006,0.07042768,2695 CRAN
2695,CRAN,0.0075,0.07110804,2695 CRAN
2695,CRAN,0.0089,0.07163327,2695 CRAN
2695,CRAN,0.0103,0.07208396,2695 CRAN
2695,CRAN,0.0117,0.0724789,2695 CRAN
2695,CRAN,0.0132,0.07285424,2695 CRAN
2695,CRAN,0.0146,0.07316904,2695 CRAN
2695,CRAN,0.016,0.07345589,2695 CRAN
2695,CRAN,0.0231,0.07461499,2695 CRAN
2695,CRAN,0.0302,0.07546967,2695 CRAN
2695,CRAN,0.0373,0.07614826,2695 CRAN
2695,CRAN,0.0444,0.07671174,2695 CRAN
2695,CRAN,0.0516,0.07720027,2695 CRAN
2695,CRAN,0.0587,0.07762123,2695 CRAN
2695,CRAN,0.0658,0.07799552,2695 CRAN
2695,CRAN,0.0729,0.07833258,2695 CRAN
2695,CRAN,0.08,0.07863925,2695 CRAN
2695,CRAN,0.1156,0.07986284,2695 CRAN
2695,CRAN,0.1511,0.08076203,2695 CRAN
2695,CRAN,0.1867,0.08147776,2695 CRAN
2695,CRAN,0.2222,0.08207026,2695 CRAN
2695,CRAN,0.2578,0.08257863,2695 CRAN
2695,CRAN,0.2933,0.08302188,2695 CRAN
2695,CRAN,0.3289,0.08341698,2695 CRAN
2695,CRAN,0.3644,0.08377168,2695 CRAN
2695,CRAN,0.4,0.08409523,2695 CRAN
2695,CRAN,0.5778,0.08538092,2695 CRAN
2695,CRAN,0.7556,0.08632809,2695 CRAN
2695,CRAN,0.9333,0.08707929,2695 CRAN
2695,CRAN,1.1111,0.08770315,2695 CRAN
2695,CRAN,1.2889,0.08823683,2695 CRAN
2695,CRAN,1.4667,0.0887034,2695 CRAN
2695,CRAN,1.6444,0.08911783,2695 CRAN
2695,CRAN,1.8222,0.08949112,2695 CRAN
2695,CRAN,2.0,0.08983063,2695 CRAN
2695,CRAN,2.8889,0.09118096,2695 CRAN
2695,CRAN,3.7778,0.09217551,2695 CRAN
2695,CRAN,4.6667,0.09296454,2695 CRAN
2695,CRAN,5.5556,0.09361934,2695 CRAN
2695,CRAN,6.4444,0.09417935,2695 CRAN
2695,CRAN,7.3333,0.09466896,2695 CRAN
2695,CRAN,8.2222,0.09510405,2695 CRAN
2695,CRAN,9.1111,0.09549568,2695 CRAN
2695,CRAN,10.0,0.09585184,2695 CRAN
2695,CRAN,14.4444,0.0972683,2695 CRAN
2695,CRAN,18.8889,0.09831131,2695 CRAN
2695,CRAN,23.3333,0.09913861,2695 CRAN
2695,CRAN,27.7778,0.09982507,2695 CRAN
2695,CRAN,32.2222,0.10041214,2695 CRAN
2695,CRAN,36.6667,0.10092529,2695 CRAN
2695,CRAN,41.1111,0.10138124,2695 CRAN
2695,CRAN,45.5556,0.10179163,2695 CRAN
2695,CRAN,50.0,0.10216482,2695 CRAN
2695,EDEM,0.0,0.0486214,2695 EDEM
2695,EDEM,0.0,0.0486214,2695 EDEM
2695,EDEM,0.0,0.0486214,2695 EDEM
2695,EDEM,0.0,0.0486214,2695 EDEM
2695,EDEM,0.0001,0.04986395,2695 EDEM
2695,EDEM,0.0001,0.04986395,2695 EDEM
2695,EDEM,0.0001,0.04986395,2695 EDEM
2695,EDEM,0.0001,0.04986395,2695 EDEM
2695,EDEM,0.0001,0.04986395,2695 EDEM
2695,EDEM,0.0001,0.04986395,2695 EDEM
2695,EDEM,0.0002,0.05041461,2695 EDEM
2695,EDEM,0.0002,0.05041461,2695 EDEM
2695,EDEM,0.0003,0.05083158,2695 EDEM
2695,EDEM,0.0004,0.05117868,2695 EDEM
2695,EDEM,0.0004,0.05117868,2695 EDEM
2695,EDEM,0.0005,0.05148101,2695 EDEM
2695,EDEM,0.0005,0.05148101,2695 EDEM
2695,EDEM,0.0006,0.05175154,2695 EDEM
2695,EDEM,0.0006,0.05175154,2695 EDEM
2695,EDEM,0.0009,0.05243727,2695 EDEM
2695,EDEM,0.0012,0.05300239,2695 EDEM
2695,EDEM,0.0015,0.05349096,2695 EDEM
2695,EDEM,0.0018,0.05392555,2695 EDEM
2695,EDEM,0.0021,0.05431952,2695 EDEM
2695,EDEM,0.0023,0.05456399,2695 EDEM
2695,EDEM,0.0026,0.05490815,2695 EDEM
2695,EDEM,0.0029,0.0552294,2695 EDEM
2695,EDEM,0.0032,0.05553133,2695 EDEM
2695,EDEM,0.0046,0.05675205,2695 EDEM
2695,EDEM,0.006,0.05776203,2695 EDEM
2695,EDEM,0.0075,0.05869328,2695 EDEM
2695,EDEM,0.0089,0.05946253,2695 EDEM
2695,EDEM,0.0103,0.06015905,2695 EDEM
2695,EDEM,0.0117,0.06079801,2695 EDEM
2695,EDEM,0.0132,0.06143076,2695 EDEM
2695,EDEM,0.0146,0.06198112,2695 EDEM
2695,EDEM,0.016,0.06249858,2695 EDEM
2695,EDEM,0.0231,0.06475084,2695 EDEM
2695,EDEM,0.0302,0.06658555,2695 EDEM
2695,EDEM,0.0373,0.0681534,2695 EDEM
2695,EDEM,0.0444,0.06953311,2695 EDEM
2695,EDEM,0.0516,0.07078831,2695 EDEM
2695,EDEM,0.0587,0.07191504,2695 EDEM
2695,EDEM,0.0658,0.07295273,2695 EDEM
2695,EDEM,0.0729,0.07391668,2695 EDEM
2695,EDEM,0.08,0.07481836,2695 EDEM
2695,EDEM,0.1156,0.07865694,2695 EDEM
2695,EDEM,0.1511,0.08173249,2695 EDEM
2695,EDEM,0.1867,0.08434097,2695 EDEM
2695,EDEM,0.2222,0.086611,2695 EDEM
2695,EDEM,0.2578,0.08864044,2695 EDEM
2695,EDEM,0.2933,0.09047265,2695 EDEM
2695,EDEM,0.3289,0.09215574,2695 EDEM
2695,EDEM,0.3644,0.09370738,2695 EDEM
2695,EDEM,0.4,0.09515662,2695 EDEM
2695,EDEM,0.5778,0.10124097,2695 EDEM
2695,EDEM,0.7556,0.10606335,2695 EDEM
2695,EDEM,0.9333,0.11009786,2695 EDEM
2695,EDEM,1.1111,0.11359179,2695 EDEM
2695,EDEM,1.2889,0.11668504,2695 EDEM
2695,EDEM,1.4667,0.11946885,2695 EDEM
2695,EDEM,1.6444,0.12200419,2695 EDEM
2695,EDEM,1.8222,0.12433854,2695 EDEM
2695,EDEM,2.0,0.12650357,2695 EDEM
2695,EDEM,2.8889,0.13551214,2695 EDEM
2695,EDEM,3.7778,0.14255597,2695 EDEM
2695,EDEM,4.6667,0.14839189,2695 EDEM
2695,EDEM,5.5556,0.15340134,2695 EDEM
2695,EDEM,6.4444,0.15780532,2695 EDEM
2695,EDEM,7.3333,0.16174572,2695 EDEM
2695,EDEM,8.2222,0.16531768,2695 EDEM
2695,EDEM,9.1111,0.1685893,2695 EDEM
2695,EDEM,10.0,0.17161093,2695 EDEM
2695,EDEM,14.4444,0.18406011,2695 EDEM
2695,EDEM,18.8889,0.1936629,2695 EDEM
2695,EDEM,23.3333,0.20153748,2695 EDEM
2695,EDEM,27.7778,0.20824139,2695 EDEM
2695,EDEM,32.2222,0.21409487,2695 EDEM
2695,EDEM,36.6667,0.21930062,2695 EDEM
2695,EDEM,41.1111,0.2239949,2695 EDEM
2695,EDEM,45.5556,0.22827461,2695 EDEM
2695,EDEM,50.0,0.23221064,2695 EDEM
2695,LTRK,0.0,0.03588221,2695 LTRK
2695,LTRK,0.0,0.03588221,2695 LTRK
2695,LTRK,0.0,0.03588221,2695 LTRK
2695,LTRK,0.0,0.03588221,2695 LTRK
2695,LTRK,0.0001,0.05289372,2695 LTRK
2695,LTRK,0.0001,0.05289372,2695 LTRK
2695,LTRK,0.0001,0.05289372,2695 LTRK
2695,LTRK,0.0001,0.05289372,2695 LTRK
2695,LTRK,0.0001,0.05289372,2695 LTRK
2695,LTRK,0.0001,0.05289372,2695 LTRK
2695,LTRK,0.0002,0.05569923,2695 LTRK
2695,LTRK,0.0002,0.05569923,2695 LTRK
2695,LTRK,0.0003,0.05755019,2695 LTRK
2695,LTRK,0.0004,0.0589674,2695 LTRK
2695,LTRK,0.0004,0.0589674,2695 LTRK
2695,LTRK,0.0005,0.06013021,2695 LTRK
2695,LTRK,0.0005,0.06013021,2695 LTRK
2695,LTRK,0.0006,0.06112363,2695 LTRK
2695,LTRK,0.0006,0.06112363,2695 LTRK
2695,LTRK,0.0009,0.06348125,2695 LTRK
2695,LTRK,0.0012,0.06528639,2695 LTRK
2695,LTRK,0.0015,0.06676748,2695 LTRK
2695,LTRK,0.0018,0.06803283,2695 LTRK
2695,LTRK,0.0021,0.06914303,2695 LTRK
2695,LTRK,0.0023,0.06981611,2695 LTRK
2695,LTRK,0.0026,0.07074482,2695 LTRK
2695,LTRK,0.0029,0.07159339,2695 LTRK
2695,LTRK,0.0032,0.07237603,2695 LTRK
2695,LTRK,0.0046,0.07541241,2695 LTRK
2695,LTRK,0.006,0.07779455,2695 LTRK
2695,LTRK,0.0075,0.07990568,2695 LTRK
2695,LTRK,0.0089,0.08159666,2695 LTRK
2695,LTRK,0.0103,0.08309138,2695 LTRK
2695,LTRK,0.0117,0.08443517,2695 LTRK
2695,LTRK,0.0132,0.0857423,2695 LTRK
2695,LTRK,0.0146,0.08686157,2695 LTRK
2695,LTRK,0.016,0.08790004,2695 LTRK
2695,LTRK,0.0231,0.09228191,2695 LTRK
2695,LTRK,0.0302,0.095711,2695 LTRK
2695,LTRK,0.0373,0.09855882,2695 LTRK
2695,LTRK,0.0444,0.10101071,2695 LTRK
2695,LTRK,0.0516,0.10320228,2695 LTRK
2695,LTRK,0.0587,0.10514098,2695 LTRK
2695,LTRK,0.0658,0.10690461,2695 LTRK
2695,LTRK,0.0729,0.10852555,2695 LTRK
2695,LTRK,0.08,0.1100277,2695 LTRK
2695,LTRK,0.1156,0.11628886,2695 LTRK
2695,LTRK,0.1511,0.12117371,2695 LTRK
2695,LTRK,0.1867,0.12524157,2695 LTRK
2695,LTRK,0.2222,0.12873374,2695 LTRK
2695,LTRK,0.2578,0.13182275,2695 LTRK
2695,LTRK,0.2933,0.13458766,2695 LTRK
2695,LTRK,0.3289,0.13710952,2695 LTRK
2695,LTRK,0.3644,0.13942046,2695 LTRK
2695,LTRK,0.4,0.14156781,2695 LTRK
2695,LTRK,0.5778,0.1504834,2695 LTRK
2695,LTRK,0.7556,0.15745822,2695 LTRK
2695,LTRK,0.9333,0.16324667,2695 LTRK
2695,LTRK,1.1111,0.1682327,2695 LTRK
2695,LTRK,1.2889,0.17263046,2695 LTRK
2695,LTRK,1.4667,0.17657779,2695 LTRK
2695,LTRK,1.6444,0.18016593,2695 LTRK
2695,LTRK,1.8222,0.18346509,2695 LTRK
2695,LTRK,2.0,0.18652199,2695 LTRK
2695,LTRK,2.8889,0.19922713,2695 LTRK
2695,LTRK,3.7778,0.20916627,2695 LTRK
2695,LTRK,4.6667,0.21741877,2695 LTRK
2695,LTRK,5.5556,0.22452274,2695 LTRK
2695,LTRK,6.4444,0.23078767,2695 LTRK
2695,LTRK,7.3333,0.23641136,2695 LTRK
2695,LTRK,8.2222,0.24152586,2695 LTRK
2695,LTRK,9.1111,0.2462255,2695 LTRK
2695,LTRK,10.0,0.25057985,2695 LTRK
2695,LTRK,14.4444,0.26867656,2695 LTRK
2695,LTRK,18.8889,0.28283016,2695 LTRK
2695,LTRK,23.3333,0.29457868,2695 LTRK
2695,LTRK,27.7778,0.30468972,2695 LTRK
2695,LTRK,32.2222,0.31360503,2695 LTRK
2695,LTRK,36.6667,0.321605,2695 LTRK
2695,LTRK,41.1111,0.3288786,2695 LTRK
2695,LTRK,45.5556,0.33556064,2695 LTRK
2695,LTRK,50.0,0.34175002,2695 LTRK
2695,MO24,0.0,0.01037463,2695 MO24
2695,MO24,0.0,0.01037463,2695 MO24
2695,MO24,0.0,0.01037463,2695 MO24
2695,MO24,0.0,0.01037463,2695 MO24
2695,MO24,0.0001,0.01037488,2695 MO24
2695,MO24,0.0001,0.01037488,2695 MO24
2695,MO24,0.0001,0.01037488,2695 MO24
2695,MO24,0.0001,0.01037488,2695 MO24
2695,MO24,0.0001,0.01037488,2695 MO24
2695,MO24,0.0001,0.01037488,2695 MO24
2695,MO24,0.0002,0.01037513,2695 MO24
2695,MO24,0.0002,0.01037513,2695 MO24
2695,MO24,0.0003,0.01037538,2695 MO24
2695,MO24,0.0004,0.01037563,2695 MO24
2695,MO24,0.0004,0.01037563,2695 MO24
2695,MO24,0.0005,0.01037588,2695 MO24
2695,MO24,0.0005,0.01037588,2695 MO24
2695,MO24,0.0006,0.01037612,2695 MO24
2695,MO24,0.0006,0.01037612,2695 MO24
2695,MO24,0.0009,0.01037687,2695 MO24
2695,MO24,0.0012,0.01037762,2695 MO24
2695,MO24,0.0015,0.01037836,2695 MO24
2695,MO24,0.0018,0.01037911,2695 MO24
2695,MO24,0.0021,0.01037986,2695 MO24
2695,MO24,0.0023,0.01038035,2695 MO24
2695,MO24,0.0026,0.0103811,2695 MO24
2695,MO24,0.0029,0.01038185,2695 MO24
2695,MO24,0.0032,0.01038259,2695 MO24
2695,MO24,0.0046,0.01038607,2695 MO24
2695,MO24,0.006,0.01038956,2695 MO24
2695,MO24,0.0075,0.01039329,2695 MO24
2695,MO24,0.0089,0.01039677,2695 MO24
2695,MO24,0.0103,0.01040025,2695 MO24
2695,MO24,0.0117,0.01040373,2695 MO24
2695,MO24,0.0132,0.01040747,2695 MO24
2695,MO24,0.0146,0.01041095,2695 MO24
2695,MO24,0.016,0.01041443,2695 MO24
2695,MO24,0.0231,0.01043209,2695 MO24
2695,MO24,0.0302,0.01044975,2695 MO24
2695,MO24,0.0373,0.01046741,2695 MO24
2695,MO24,0.0444,0.01048507,2695 MO24
2695,MO24,0.0516,0.01050297,2695 MO24
2695,MO24,0.0587,0.01052063,2695 MO24
2695,MO24,0.0658,0.01053829,2695 MO24
2695,MO24,0.0729,0.01055595,2695 MO24
2695,MO24,0.08,0.0105736,2695 MO24
2695,MO24,0.1156,0.01066213,2695 MO24
2695,MO24,0.1511,0.0107504,2695 MO24
2695,MO24,0.1867,0.01083892,2695 MO24
2695,MO24,0.2222,0.01092718,2695 MO24
2695,MO24,0.2578,0.01101567,2695 MO24
2695,MO24,0.2933,0.01110391,2695 MO24
2695,MO24,0.3289,0.0111924,2695 MO24
2695,MO24,0.3644,0.01128062,2695 MO24
2695,MO24,0.4,0.01136909,2695 MO24
2695,MO24,0.5778,0.0118108,2695 MO24
2695,MO24,0.7556,0.01225232,2695 MO24
2695,MO24,0.9333,0.01269339,2695 MO24
2695,MO24,1.1111,0.01313451,2695 MO24
2695,MO24,1.2889,0.01357544,2695 MO24
2695,MO24,1.4667,0.01401617,2695 MO24
2695,MO24,1.6444,0.01445645,2695 MO24
2695,MO24,1.8222,0.01489678,2695 MO24
2695,MO24,2.0,0.01533692,2695 MO24
2695,MO24,2.8889,0.01753442,2695 MO24
2695,MO24,3.7778,0.01972701,2695 MO24
2695,MO24,4.6667,0.02191471,2695 MO24
2695,MO24,5.5556,0.02409752,2695 MO24
2695,MO24,6.4444,0.02627522,2695 MO24
2695,MO24,7.3333,0.02844831,2695 MO24
2695,MO24,8.2222,0.03061654,2695 MO24
2695,MO24,9.1111,0.03277994,2695 MO24
2695,MO24,10.0,0.03493851,2695 MO24
2695,MO24,14.4444,0.04565906,2695 MO24
2695,MO24,18.8889,0.05626076,2695 MO24
2695,MO24,23.3333,0.06674445,2695 MO24
2695,MO24,27.7778,0.07711191,2695 MO24
2695,MO24,32.2222,0.08736398,2695 MO24
2695,MO24,36.6667,0.09750238,2695 MO24
2695,MO24,41.1111,0.10752793,2695 MO24
2695,MO24,45.5556,0.11744233,2695 MO24
2695,MO24,50.0,0.12724638,2695 MO24
2695,NC24,,,2695 NC24
2695,TOT_MORT,0.0,0.03402188,2695 TOT_MORT
2695,TOT_MORT,0.0,0.03402188,2695 TOT_MORT
2695,TOT_MORT,0.0,0.03402188,2695 TOT_MORT
2695,TOT_MORT,0.0,0.03402188,2695 TOT_MORT
2695,TOT_MORT,0.0001,0.03445459,2695 TOT_MORT
2695,TOT_MORT,0.0001,0.03445459,2695 TOT_MORT
2695,TOT_MORT,0.0001,0.03445459,2695 TOT_MORT
2695,TOT_MORT,0.0001,0.03445459,2695 TOT_MORT
2695,TOT_MORT,0.0001,0.03445459,2695 TOT_MORT
2695,TOT_MORT,0.0001,0.03445459,2695 TOT_MORT
2695,TOT_MORT,0.0002,0.03467439,2695 TOT_MORT
2695,TOT_MORT,0.0002,0.03467439,2695 TOT_MORT
2695,TOT_MORT,0.0003,0.03485151,2695 TOT_MORT
2695,TOT_MORT,0.0004,0.03500558,2695 TOT_MORT
2695,TOT_MORT,0.0004,0.03500558,2695 TOT_MORT
2695,TOT_MORT,0.0005,0.03514451,2695 TOT_MORT
2695,TOT_MORT,0.0005,0.03514451,2695 TOT_MORT
2695,TOT_MORT,0.0006,0.03527243,2695 TOT_MORT
2695,TOT_MORT,0.0006,0.03527243,2695 TOT_MORT
2695,TOT_MORT,0.0009,0.03561151,2695 TOT_MORT
2695,TOT_MORT,0.0012,0.03590637,2695 TOT_MORT
2695,TOT_MORT,0.0015,0.03617216,2695 TOT_MORT
2695,TOT_MORT,0.0018,0.03641685,2695 TOT_MORT
2695,TOT_MORT,0.0021,0.03664527,2695 TOT_MORT
2695,TOT_MORT,0.0023,0.03679013,2695 TOT_MORT
2695,TOT_MORT,0.0026,0.03699805,2695 TOT_MORT
2695,TOT_MORT,0.0029,0.03719631,2695 TOT_MORT
2695,TOT_MORT,0.0032,0.0373863,2695 TOT_MORT
2695,TOT_MORT,0.0046,0.03818983,2695 TOT_MORT
2695,TOT_MORT,0.006,0.03889679,2695 TOT_MORT
2695,TOT_MORT,0.0075,0.03958181,2695 TOT_MORT
2695,TOT_MORT,0.0089,0.04017134,2695 TOT_MORT
2695,TOT_MORT,0.0103,0.04072342,2695 TOT_MORT
2695,TOT_MORT,0.0117,0.04124505,2695 TOT_MORT
2695,TOT_MORT,0.0132,0.04177583,2695 TOT_MORT
2695,TOT_MORT,0.0146,0.04224892,2695 TOT_MORT
2695,TOT_MORT,0.016,0.0427034,2695 TOT_MORT
2695,TOT_MORT,0.0231,0.04478981,2695 TOT_MORT
2695,TOT_MORT,0.0302,0.04661846,2695 TOT_MORT
2695,TOT_MORT,0.0373,0.04827214,2695 TOT_MORT
2695,TOT_MORT,0.0444,0.04979639,2695 TOT_MORT
2695,TOT_MORT,0.0516,0.05123897,2695 TOT_MORT
2695,TOT_MORT,0.0587,0.0525791,2695 TOT_MORT
2695,TOT_MORT,0.0658,0.05385107,2695 TOT_MORT
2695,TOT_MORT,0.0729,0.05506498,2695 TOT_MORT
2695,TOT_MORT,0.08,0.05622863,2695 TOT_MORT
2695,TOT_MORT,0.1156,0.06148582,2695 TOT_MORT
2695,TOT_MORT,0.1511,0.06605091,2695 TOT_MORT
2695,TOT_MORT,0.1867,0.07016734,2695 TOT_MORT
2695,TOT_MORT,0.2222,0.07393138,2695 TOT_MORT
2695,TOT_MORT,0.2578,0.07743891,2695 TOT_MORT
2695,TOT_MORT,0.2933,0.08072042,2695 TOT_MORT
2695,TOT_MORT,0.3289,0.08383041,2695 TOT_MORT
2695,TOT_MORT,0.3644,0.08677812,2695 TOT_MORT
2695,TOT_MORT,0.4,0.08960078,2695 TOT_MORT
2695,TOT_MORT,0.5778,0.10217469,2695 TOT_MORT
2695,TOT_MORT,0.7556,0.11295489,2695 TOT_MORT
2695,TOT_MORT,0.9333,0.12251164,2695 TOT_MORT
2695,TOT_MORT,1.1111,0.13117285,2695 TOT_MORT
2695,TOT_MORT,1.2889,0.13913076,2695 TOT_MORT
2695,TOT_MORT,1.4667,0.14651906,2695 TOT_MORT
2695,TOT_MORT,1.6444,0.15342954,2695 TOT_MORT
2695,TOT_MORT,1.8222,0.15994114,2695 TOT_MORT
2695,TOT_MORT,2.0,0.16610468,2695 TOT_MORT
2695,TOT_MORT,2.8889,0.1929619,2695 TOT_MORT
2695,TOT_MORT,3.7778,0.21520288,2695 TOT_MORT
2695,TOT_MORT,4.6667,0.23435249,2695 TOT_MORT
2695,TOT_MORT,5.5556,0.25124799,2695 TOT_MORT
2695,TOT_MORT,6.4444,0.26640725,2695 TOT_MORT
2695,TOT_MORT,7.3333,0.28018254,2695 TOT_MORT
2695,TOT_MORT,8.2222,0.29281982,2695 TOT_MORT
2695,TOT_MORT,9.1111,0.30450252,2695 TOT_MORT
2695,TOT_MORT,10.0,0.31537088,2695 TOT_MORT
2695,TOT_MORT,14.4444,0.36068867,2695 TOT_MORT
2695,TOT_MORT,18.8889,0.39587678,2695 TOT_MORT
2695,TOT_MORT,23.3333,0.42461776,2695 TOT_MORT
2695,TOT_MORT,27.7778,0.44886566,2695 TOT_MORT
2695,TOT_MORT,32.2222,0.46979149,2695 TOT_MORT
2695,TOT_MORT,36.6667,0.48815933,2695 TOT_MORT
2695,TOT_MORT,41.1111,0.50449467,2695 TOT_MORT
2695,TOT_MORT,45.5556,0.51917734,2695 TOT_MORT
2695,TOT_MORT,50.0,0.53248907,2695 TOT_MORT
2696,ALL_BUT_MORT,0.0,0.03842229,2696 ALL_BUT_MORT
2696,ALL_BUT_MORT,0.0,0.03842229,2696 ALL_BUT_MORT
2696,ALL_BUT_MORT,0.0,0.03842229,2696 ALL_BUT_MORT
2696,ALL_BUT_MORT,0.0,0.03842229,2696 ALL_BUT_MORT
2696,ALL_BUT_MORT,0.0001,0.03864246,2696 ALL_BUT_MORT
2696,ALL_BUT_MORT,0.0001,0.03864246,2696 ALL_BUT_MORT
2696,ALL_BUT_MORT,0.0001,0.03864246,2696 ALL_BUT_MORT
2696,ALL_BUT_MORT,0.0001,0.03864246,2696 ALL_BUT_MORT
2696,ALL_BUT_MORT,0.0001,0.03864246,2696 ALL_BUT_MORT
2696,ALL_BUT_MORT,0.0001,0.03864246,2696 ALL_BUT_MORT
2696,ALL_BUT_MORT,0.0002,0.03876467,2696 ALL_BUT_MORT
2696,ALL_BUT_MORT,0.0002,0.03876467,2696 ALL_BUT_MORT
2696,ALL_BUT_MORT,0.0003,0.03886553,2696 ALL_BUT_MORT
2696,ALL_BUT_MORT,0.0004,0.03895463,2696 ALL_BUT_MORT
2696,ALL_BUT_MORT,0.0004,0.03895463,2696 ALL_BUT_MORT
2696,ALL_BUT_MORT,0.0005,0.03903589,2696 ALL_BUT_MORT
2696,ALL_BUT_MORT,0.0005,0.03903589,2696 ALL_BUT_MORT
2696,ALL_BUT_MORT,0.0006,0.0391114,2696 ALL_BUT_MORT
2696,ALL_BUT_MORT,0.0006,0.0391114,2696 ALL_BUT_MORT
2696,ALL_BUT_MORT,0.0009,0.03931428,2696 ALL_BUT_MORT
2696,ALL_BUT_MORT,0.0012,0.03949345,2696 ALL_BUT_MORT
2696,ALL_BUT_MORT,0.0015,0.03965683,2696 ALL_BUT_MORT
2696,ALL_BUT_MORT,0.0018,0.03980862,2696 ALL_BUT_MORT
2696,ALL_BUT_MORT,0.0021,0.03995141,2696 ALL_BUT_MORT
2696,ALL_BUT_MORT,0.0023,0.04004247,2696 ALL_BUT_MORT
2696,ALL_BUT_MORT,0.0026,0.04017381,2696 ALL_BUT_MORT
2696,ALL_BUT_MORT,0.0029,0.04029972,2696 ALL_BUT_MORT
2696,ALL_BUT_MORT,0.0032,0.04042094,2696 ALL_BUT_MORT
2696,ALL_BUT_MORT,0.0046,0.04093926,2696 ALL_BUT_MORT
2696,ALL_BUT_MORT,0.006,0.0414019,2696 ALL_BUT_MORT
2696,ALL_BUT_MORT,0.0075,0.04185528,2696 ALL_BUT_MORT
2696,ALL_BUT_MORT,0.0089,0.04224904,2696 ALL_BUT_MORT
2696,ALL_BUT_MORT,0.0103,0.04262055,2696 ALL_BUT_MORT
2696,ALL_BUT_MORT,0.0117,0.04297382,2696 ALL_BUT_MORT
2696,ALL_BUT_MORT,0.0132,0.04333541,2696 ALL_BUT_MORT
2696,ALL_BUT_MORT,0.0146,0.04365939,2696 ALL_BUT_MORT
2696,ALL_BUT_MORT,0.016,0.04397206,2696 ALL_BUT_MORT
2696,ALL_BUT_MORT,0.0231,0.04542373,2696 ALL_BUT_MORT
2696,ALL_BUT_MORT,0.0302,0.04671554,2696 ALL_BUT_MORT
2696,ALL_BUT_MORT,0.0373,0.04789744,2696 ALL_BUT_MORT
2696,ALL_BUT_MORT,0.0444,0.0489972,2696 ALL_BUT_MORT
2696,ALL_BUT_MORT,0.0516,0.05004646,2696 ALL_BUT_MORT
2696,ALL_BUT_MORT,0.0587,0.05102804,2696 ALL_BUT_MORT
2696,ALL_BUT_MORT,0.0658,0.05196542,2696 ALL_BUT_MORT
2696,ALL_BUT_MORT,0.0729,0.05286495,2696 ALL_BUT_MORT
2696,ALL_BUT_MORT,0.08,0.05373155,2696 ALL_BUT_MORT
2696,ALL_BUT_MORT,0.1156,0.05769495,2696 ALL_BUT_MORT
2696,ALL_BUT_MORT,0.1511,0.06119394,2696 ALL_BUT_MORT
2696,ALL_BUT_MORT,0.1867,0.06438956,2696 ALL_BUT_MORT
2696,ALL_BUT_MORT,0.2222,0.06734229,2696 ALL_BUT_MORT
2696,ALL_BUT_MORT,0.2578,0.0701183,2696 ALL_BUT_MORT
2696,ALL_BUT_MORT,0.2933,0.07273554,2696 ALL_BUT_MORT
2696,ALL_BUT_MORT,0.3289,0.07523302,2696 ALL_BUT_MORT
2696,ALL_BUT_MORT,0.3644,0.07761479,2696 ALL_BUT_MORT
2696,ALL_BUT_MORT,0.4,0.07990832,2696 ALL_BUT_MORT
2696,ALL_BUT_MORT,0.5778,0.09026635,2696 ALL_BUT_MORT
2696,ALL_BUT_MORT,0.7556,0.09931408,2696 ALL_BUT_MORT
2696,ALL_BUT_MORT,0.9333,0.10745162,2696 ALL_BUT_MORT
2696,ALL_BUT_MORT,1.1111,0.11491429,2696 ALL_BUT_MORT
2696,ALL_BUT_MORT,1.2889,0.12184006,2696 ALL_BUT_MORT
2696,ALL_BUT_MORT,1.4667,0.12832637,2696 ALL_BUT_MORT
2696,ALL_BUT_MORT,1.6444,0.1344401,2696 ALL_BUT_MORT
2696,ALL_BUT_MORT,1.8222,0.14024088,2696 ALL_BUT_MORT
2696,ALL_BUT_MORT,2.0,0.14576607,2696 ALL_BUT_MORT
2696,ALL_BUT_MORT,2.8889,0.17020936,2696 ALL_BUT_MORT
2696,ALL_BUT_MORT,3.7778,0.19086914,2696 ALL_BUT_MORT
2696,ALL_BUT_MORT,4.6667,0.20893437,2696 ALL_BUT_MORT
2696,ALL_BUT_MORT,5.5556,0.22507148,2696 ALL_BUT_MORT
2696,ALL_BUT_MORT,6.4444,0.23969955,2696 ALL_BUT_MORT
2696,ALL_BUT_MORT,7.3333,0.25310853,2696 ALL_BUT_MORT
2696,ALL_BUT_MORT,8.2222,0.26550297,2696 ALL_BUT_MORT
2696,ALL_BUT_MORT,9.1111,0.27703736,2696 ALL_BUT_MORT
2696,ALL_BUT_MORT,10.0,0.28783107,2696 ALL_BUT_MORT
2696,ALL_BUT_MORT,14.4444,0.33345041,2696 ALL_BUT_MORT
2696,ALL_BUT_MORT,18.8889,0.36949096,2696 ALL_BUT_MORT
2696,ALL_BUT_MORT,23.3333,0.39928254,2696 ALL_BUT_MORT
2696,ALL_BUT_MORT,27.7778,0.42463919,2696 ALL_BUT_MORT
2696,ALL_BUT_MORT,32.2222,0.44667007,2696 ALL_BUT_MORT
2696,ALL_BUT_MORT,36.6667,0.46611094,2696 ALL_BUT_MORT
2696,ALL_BUT_MORT,41.1111,0.48347455,2696 ALL_BUT_MORT
2696,ALL_BUT_MORT,45.5556,0.49913587,2696 ALL_BUT_MORT
2696,ALL_BUT_MORT,50.0,0.51337568,2696 ALL_BUT_MORT
2696,ANY120,0.0,0.08490521,2696 ANY120
2696,ANY120,0.0,0.08490521,2696 ANY120
2696,ANY120,0.0,0.08490521,2696 ANY120
2696,ANY120,0.0,0.08490521,2696 ANY120
2696,ANY120,0.0001,0.08490592,2696 ANY120
2696,ANY120,0.0001,0.08490592,2696 ANY120
2696,ANY120,0.0001,0.08490592,2696 ANY120
2696,ANY120,0.0001,0.08490592,2696 ANY120
2696,ANY120,0.0001,0.08490592,2696 ANY120
2696,ANY120,0.0001,0.08490592,2696 ANY120
2696,ANY120,0.0002,0.08490688,2696 ANY120
2696,ANY120,0.0002,0.08490688,2696 ANY120
2696,ANY120,0.0003,0.08490795,2696 ANY120
2696,ANY120,0.0004,0.08490911,2696 ANY120
2696,ANY120,0.0004,0.08490911,2696 ANY120
2696,ANY120,0.0005,0.08491034,2696 ANY120
2696,ANY120,0.0005,0.08491034,2696 ANY120
2696,ANY120,0.0006,0.08491162,2696 ANY120
2696,ANY120,0.0006,0.08491162,2696 ANY120
2696,ANY120,0.0009,0.08491575,2696 ANY120
2696,ANY120,0.0012,0.08492021,2696 ANY120
2696,ANY120,0.0015,0.08492494,2696 ANY120
2696,ANY120,0.0018,0.08492989,2696 ANY120
2696,ANY120,0.0021,0.08493502,2696 ANY120
2696,ANY120,0.0023,0.08493854,2696 ANY120
2696,ANY120,0.0026,0.08494396,2696 ANY120
2696,ANY120,0.0029,0.08494951,2696 ANY120
2696,ANY120,0.0032,0.0849552,2696 ANY120
2696,ANY120,0.0046,0.08498324,2696 ANY120
2696,ANY120,0.006,0.08501331,2696 ANY120
2696,ANY120,0.0075,0.08504736,2696 ANY120
2696,ANY120,0.0089,0.08508056,2696 ANY120
2696,ANY120,0.0103,0.08511498,2696 ANY120
2696,ANY120,0.0117,0.08515047,2696 ANY120
2696,ANY120,0.0132,0.08518958,2696 ANY120
2696,ANY120,0.0146,0.08522701,2696 ANY120
2696,ANY120,0.016,0.08526525,2696 ANY120
2696,ANY120,0.0231,0.08547001,2696 ANY120
2696,ANY120,0.0302,0.08568963,2696 ANY120
2696,ANY120,0.0373,0.08592123,2696 ANY120
2696,ANY120,0.0444,0.08616292,2696 ANY120
2696,ANY120,0.0516,0.08641697,2696 ANY120
2696,ANY120,0.0587,0.08667533,2696 ANY120
2696,ANY120,0.0658,0.08694069,2696 ANY120
2696,ANY120,0.0729,0.08721243,2696 ANY120
2696,ANY120,0.08,0.08749003,2696 ANY120
2696,ANY120,0.1156,0.08895709,2696 ANY120
2696,ANY120,0.1511,0.09052117,2696 ANY120
2696,ANY120,0.1867,0.09216978,2696 ANY120
2696,ANY120,0.2222,0.09387988,2696 ANY120
2696,ANY120,0.2578,0.09565128,2696 ANY120
2696,ANY120,0.2933,0.09746668,2696 ANY120
2696,ANY120,0.3289,0.0993305,2696 ANY120
2696,ANY120,0.3644,0.10122762,2696 ANY120
2696,ANY120,0.4,0.10316486,2696 ANY120
2696,ANY120,0.5778,0.11326166,2696 ANY120
2696,ANY120,0.7556,0.12388163,2696 ANY120
2696,ANY120,0.9333,0.13485687,2696 ANY120
2696,ANY120,1.1111,0.1460945,2696 ANY120
2696,ANY120,1.2889,0.15751387,2696 ANY120
2696,ANY120,1.4667,0.16905921,2696 ANY120
2696,ANY120,1.6444,0.18068074,2696 ANY120
2696,ANY120,1.8222,0.19235707,2696 ANY120
2696,ANY120,2.0,0.20405366,2696 ANY120
2696,ANY120,2.8889,0.26214225,2696 ANY120
2696,ANY120,3.7778,0.31844385,2696 ANY120
2696,ANY120,4.6667,0.37208799,2696 ANY120
2696,ANY120,5.5556,0.42266941,2696 ANY120
2696,ANY120,6.4444,0.470023,2696 ANY120
2696,ANY120,7.3333,0.51414008,2696 ANY120
2696,ANY120,8.2222,0.55507967,2696 ANY120
2696,ANY120,9.1111,0.59295674,2696 ANY120
2696,ANY120,10.0,0.62791592,2696 ANY120
2696,ANY120,14.4444,0.7647212,2696 ANY120
2696,ANY120,18.8889,0.8528272,2696 ANY120
2696,ANY120,23.3333,0.9085867,2696 ANY120
2696,ANY120,27.7778,0.94350494,2696 ANY120
2696,ANY120,32.2222,0.96521543,2696 ANY120
2696,ANY120,36.6667,0.9786455,2696 ANY120
2696,ANY120,41.1111,0.98692083,2696 ANY120
2696,ANY120,45.5556,0.99200475,2696 ANY120
2696,ANY120,50.0,0.99512032,2696 ANY120
2696,ANY24,0.0,0.04828628,2696 ANY24
2696,ANY24,0.0,0.04828628,2696 ANY24
2696,ANY24,0.0,0.04828628,2696 ANY24
2696,ANY24,0.0,0.04828628,2696 ANY24
2696,ANY24,0.0001,0.04828663,2696 ANY24
2696,ANY24,0.0001,0.04828663,2696 ANY24
2696,ANY24,0.0001,0.04828663,2696 ANY24
2696,ANY24,0.0001,0.04828663,2696 ANY24
2696,ANY24,0.0001,0.04828663,2696 ANY24
2696,ANY24,0.0001,0.04828663,2696 ANY24
2696,ANY24,0.0002,0.04828698,2696 ANY24
2696,ANY24,0.0002,0.04828698,2696 ANY24
2696,ANY24,0.0003,0.04828734,2696 ANY24
2696,ANY24,0.0004,0.04828769,2696 ANY24
2696,ANY24,0.0004,0.04828769,2696 ANY24
2696,ANY24,0.0005,0.04828805,2696 ANY24
2696,ANY24,0.0005,0.04828805,2696 ANY24
2696,ANY24,0.0006,0.0482884,2696 ANY24
2696,ANY24,0.0006,0.0482884,2696 ANY24
2696,ANY24,0.0009,0.04828946,2696 ANY24
2696,ANY24,0.0012,0.04829053,2696 ANY24
2696,ANY24,0.0015,0.04829159,2696 ANY24
2696,ANY24,0.0018,0.04829265,2696 ANY24
2696,ANY24,0.0021,0.04829371,2696 ANY24
2696,ANY24,0.0023,0.04829442,2696 ANY24
2696,ANY24,0.0026,0.04829548,2696 ANY24
2696,ANY24,0.0029,0.04829654,2696 ANY24
2696,ANY24,0.0032,0.04829761,2696 ANY24
2696,ANY24,0.0046,0.04830256,2696 ANY24
2696,ANY24,0.006,0.04830752,2696 ANY24
2696,ANY24,0.0075,0.04831283,2696 ANY24
2696,ANY24,0.0089,0.04831779,2696 ANY24
2696,ANY24,0.0103,0.04832275,2696 ANY24
2696,ANY24,0.0117,0.0483277,2696 ANY24
2696,ANY24,0.0132,0.04833302,2696 ANY24
2696,ANY24,0.0146,0.04833797,2696 ANY24
2696,ANY24,0.016,0.04834293,2696 ANY24
2696,ANY24,0.0231,0.04836807,2696 ANY24
2696,ANY24,0.0302,0.04839321,2696 ANY24
2696,ANY24,0.0373,0.04841834,2696 ANY24
2696,ANY24,0.0444,0.04844348,2696 ANY24
2696,ANY24,0.0516,0.04846897,2696 ANY24
2696,ANY24,0.0587,0.04849411,2696 ANY24
2696,ANY24,0.0658,0.04851924,2696 ANY24
2696,ANY24,0.0729,0.04854437,2696 ANY24
2696,ANY24,0.08,0.04856951,2696 ANY24
2696,ANY24,0.1156,0.04869552,2696 ANY24
2696,ANY24,0.1511,0.04882116,2696 ANY24
2696,ANY24,0.1867,0.04894714,2696 ANY24
2696,ANY24,0.2222,0.04907274,2696 ANY24
2696,ANY24,0.2578,0.04919869,2696 ANY24
2696,ANY24,0.2933,0.04932426,2696 ANY24
2696,ANY24,0.3289,0.04945017,2696 ANY24
2696,ANY24,0.3644,0.04957572,2696 ANY24
2696,ANY24,0.4,0.04970159,2696 ANY24
2696,ANY24,0.5778,0.05033003,2696 ANY24
2696,ANY24,0.7556,0.05095804,2696 ANY24
2696,ANY24,0.9333,0.05158529,2696 ANY24
2696,ANY24,1.1111,0.05221248,2696 ANY24
2696,ANY24,1.2889,0.05283925,2696 ANY24
2696,ANY24,1.4667,0.05346561,2696 ANY24
2696,ANY24,1.6444,0.0540912,2696 ANY24
2696,ANY24,1.8222,0.05471673,2696 ANY24
2696,ANY24,2.0,0.05534185,2696 ANY24
2696,ANY24,2.8889,0.05846088,2696 ANY24
2696,ANY24,3.7778,0.06156962,2696 ANY24
2696,ANY24,4.6667,0.06466809,2696 ANY24
2696,ANY24,5.5556,0.06775634,2696 ANY24
2696,ANY24,6.4444,0.07083404,2696 ANY24
2696,ANY24,7.3333,0.07390192,2696 ANY24
2696,ANY24,8.2222,0.07695968,2696 ANY24
2696,ANY24,9.1111,0.08000733,2696 ANY24
2696,ANY24,10.0,0.08304493,2696 ANY24
2696,ANY24,14.4444,0.0980828,2696 ANY24
2696,ANY24,18.8889,0.11287437,2696 ANY24
2696,ANY24,23.3333,0.12742304,2696 ANY24
2696,ANY24,27.7778,0.14173343,2696 ANY24
2696,ANY24,32.2222,0.15580882,2696 ANY24
2696,ANY24,36.6667,0.16965368,2696 ANY24
2696,ANY24,41.1111,0.18327118,2696 ANY24
2696,ANY24,45.5556,0.19666565,2696 ANY24
2696,ANY24,50.0,0.20984016,2696 ANY24
2696,AXIS,0.0,0.04381058,2696 AXIS
2696,AXIS,0.0,0.04381058,2696 AXIS
2696,AXIS,0.0,0.04381058,2696 AXIS
2696,AXIS,0.0,0.04381058,2696 AXIS
2696,AXIS,0.0001,0.0438116,2696 AXIS
2696,AXIS,0.0001,0.0438116,2696 AXIS
2696,AXIS,0.0001,0.0438116,2696 AXIS
2696,AXIS,0.0001,0.0438116,2696 AXIS
2696,AXIS,0.0001,0.0438116,2696 AXIS
2696,AXIS,0.0001,0.0438116,2696 AXIS
2696,AXIS,0.0002,0.04381263,2696 AXIS
2696,AXIS,0.0002,0.04381263,2696 AXIS
2696,AXIS,0.0003,0.04381365,2696 AXIS
2696,AXIS,0.0004,0.04381468,2696 AXIS
2696,AXIS,0.0004,0.04381468,2696 AXIS
2696,AXIS,0.0005,0.0438157,2696 AXIS
2696,AXIS,0.0005,0.0438157,2696 AXIS
2696,AXIS,0.0006,0.04381672,2696 AXIS
2696,AXIS,0.0006,0.04381672,2696 AXIS
2696,AXIS,0.0009,0.0438198,2696 AXIS
2696,AXIS,0.0012,0.04382287,2696 AXIS
2696,AXIS,0.0015,0.04382595,2696 AXIS
2696,AXIS,0.0018,0.04382902,2696 AXIS
2696,AXIS,0.0021,0.0438321,2696 AXIS
2696,AXIS,0.0023,0.04383414,2696 AXIS
2696,AXIS,0.0026,0.04383722,2696 AXIS
2696,AXIS,0.0029,0.04384029,2696 AXIS
2696,AXIS,0.0032,0.04384337,2696 AXIS
2696,AXIS,0.0046,0.04385771,2696 AXIS
2696,AXIS,0.006,0.04387206,2696 AXIS
2696,AXIS,0.0075,0.04388743,2696 AXIS
2696,AXIS,0.0089,0.04390177,2696 AXIS
2696,AXIS,0.0103,0.04391612,2696 AXIS
2696,AXIS,0.0117,0.04393046,2696 AXIS
2696,AXIS,0.0132,0.04394583,2696 AXIS
2696,AXIS,0.0146,0.04396017,2696 AXIS
2696,AXIS,0.016,0.04397452,2696 AXIS
2696,AXIS,0.0231,0.04404725,2696 AXIS
2696,AXIS,0.0302,0.04411999,2696 AXIS
2696,AXIS,0.0373,0.04419272,2696 AXIS
2696,AXIS,0.0444,0.04426544,2696 AXIS
2696,AXIS,0.0516,0.04433918,2696 AXIS
2696,AXIS,0.0587,0.04441189,2696 AXIS
2696,AXIS,0.0658,0.0444846,2696 AXIS
2696,AXIS,0.0729,0.0445573,2696 AXIS
2696,AXIS,0.08,0.04462999,2696 AXIS
2696,AXIS,0.1156,0.0449944,2696 AXIS
2696,AXIS,0.1511,0.04535766,2696 AXIS
2696,AXIS,0.1867,0.04572179,2696 AXIS
2696,AXIS,0.2222,0.04608477,2696 AXIS
2696,AXIS,0.2578,0.04644863,2696 AXIS
2696,AXIS,0.2933,0.04681132,2696 AXIS
2696,AXIS,0.3289,0.04717491,2696 AXIS
2696,AXIS,0.3644,0.04753733,2696 AXIS
2696,AXIS,0.4,0.04790063,2696 AXIS
2696,AXIS,0.5778,0.04971304,2696 AXIS
2696,AXIS,0.7556,0.051522,2696 AXIS
2696,AXIS,0.9333,0.0533265,2696 AXIS
2696,AXIS,1.1111,0.05512858,2696 AXIS
2696,AXIS,1.2889,0.05692723,2696 AXIS
2696,AXIS,1.4667,0.05872246,2696 AXIS
2696,AXIS,1.6444,0.06051326,2696 AXIS
2696,AXIS,1.8222,0.06230166,2696 AXIS
2696,AXIS,2.0,0.06408666,2696 AXIS
2696,AXIS,2.8889,0.0729598,2696 AXIS
2696,AXIS,3.7778,0.08174882,2696 AXIS
2696,AXIS,4.6667,0.09045452,2696 AXIS
2696,AXIS,5.5556,0.09907768,2696 AXIS
2696,AXIS,6.4444,0.10761813,2696 AXIS
2696,AXIS,7.3333,0.11607856,2696 AXIS
2696,AXIS,8.2222,0.12445879,2696 AXIS
2696,AXIS,9.1111,0.13275956,2696 AXIS
2696,AXIS,10.0,0.14098163,2696 AXIS
2696,AXIS,14.4444,0.18093654,2696 AXIS
2696,AXIS,18.8889,0.21903389,2696 AXIS
2696,AXIS,23.3333,0.25535841,2696 AXIS
2696,AXIS,27.7778,0.28999415,2696 AXIS
2696,AXIS,32.2222,0.32301815,2696 AXIS
2696,AXIS,36.6667,0.35450681,2696 AXIS
2696,AXIS,41.1111,0.38453018,2696 AXIS
2696,AXIS,45.5556,0.41315771,2696 AXIS
2696,AXIS,50.0,0.44045309,2696 AXIS
2696,BRN_,0.0,0.04471678,2696 BRN_
2696,BRN_,0.0,0.04471678,2696 BRN_
2696,BRN_,0.0,0.04471678,2696 BRN_
2696,BRN_,0.0,0.04471678,2696 BRN_
2696,BRN_,0.0001,0.04471726,2696 BRN_
2696,BRN_,0.0001,0.04471726,2696 BRN_
2696,BRN_,0.0001,0.04471726,2696 BRN_
2696,BRN_,0.0001,0.04471726,2696 BRN_
2696,BRN_,0.0001,0.04471726,2696 BRN_
2696,BRN_,0.0001,0.04471726,2696 BRN_
2696,BRN_,0.0002,0.04471774,2696 BRN_
2696,BRN_,0.0002,0.04471774,2696 BRN_
2696,BRN_,0.0003,0.04471822,2696 BRN_
2696,BRN_,0.0004,0.0447187,2696 BRN_
2696,BRN_,0.0004,0.0447187,2696 BRN_
2696,BRN_,0.0005,0.04471918,2696 BRN_
2696,BRN_,0.0005,0.04471918,2696 BRN_
2696,BRN_,0.0006,0.04471966,2696 BRN_
2696,BRN_,0.0006,0.04471966,2696 BRN_
2696,BRN_,0.0009,0.0447211,2696 BRN_
2696,BRN_,0.0012,0.04472254,2696 BRN_
2696,BRN_,0.0015,0.04472398,2696 BRN_
2696,BRN_,0.0018,0.04472542,2696 BRN_
2696,BRN_,0.0021,0.04472686,2696 BRN_
2696,BRN_,0.0023,0.04472782,2696 BRN_
2696,BRN_,0.0026,0.04472926,2696 BRN_
2696,BRN_,0.0029,0.0447307,2696 BRN_
2696,BRN_,0.0032,0.04473214,2696 BRN_
2696,BRN_,0.0046,0.04473886,2696 BRN_
2696,BRN_,0.006,0.04474557,2696 BRN_
2696,BRN_,0.0075,0.04475277,2696 BRN_
2696,BRN_,0.0089,0.04475949,2696 BRN_
2696,BRN_,0.0103,0.0447662,2696 BRN_
2696,BRN_,0.0117,0.04477292,2696 BRN_
2696,BRN_,0.0132,0.04478012,2696 BRN_
2696,BRN_,0.0146,0.04478684,2696 BRN_
2696,BRN_,0.016,0.04479355,2696 BRN_
2696,BRN_,0.0231,0.04482762,2696 BRN_
2696,BRN_,0.0302,0.04486168,2696 BRN_
2696,BRN_,0.0373,0.04489574,2696 BRN_
2696,BRN_,0.0444,0.0449298,2696 BRN_
2696,BRN_,0.0516,0.04496434,2696 BRN_
2696,BRN_,0.0587,0.0449984,2696 BRN_
2696,BRN_,0.0658,0.04503246,2696 BRN_
2696,BRN_,0.0729,0.04506651,2696 BRN_
2696,BRN_,0.08,0.04510057,2696 BRN_
2696,BRN_,0.1156,0.0452713,2696 BRN_
2696,BRN_,0.1511,0.04544153,2696 BRN_
2696,BRN_,0.1867,0.0456122,2696 BRN_
2696,BRN_,0.2222,0.04578236,2696 BRN_
2696,BRN_,0.2578,0.04595298,2696 BRN_
2696,BRN_,0.2933,0.04612308,2696 BRN_
2696,BRN_,0.3289,0.04629363,2696 BRN_
2696,BRN_,0.3644,0.04646367,2696 BRN_
2696,BRN_,0.4,0.04663416,2696 BRN_
2696,BRN_,0.5778,0.0474852,2696 BRN_
2696,BRN_,0.7556,0.04833548,2696 BRN_
2696,BRN_,0.9333,0.04918453,2696 BRN_
2696,BRN_,1.1111,0.05003329,2696 BRN_
2696,BRN_,1.2889,0.0508813,2696 BRN_
2696,BRN_,1.4667,0.05172854,2696 BRN_
2696,BRN_,1.6444,0.05257456,2696 BRN_
2696,BRN_,1.8222,0.0534203,2696 BRN_
2696,BRN_,2.0,0.05426528,2696 BRN_
2696,BRN_,2.8889,0.05847842,2696 BRN_
2696,BRN_,3.7778,0.06267278,2696 BRN_
2696,BRN_,4.6667,0.06684846,2696 BRN_
2696,BRN_,5.5556,0.07100554,2696 BRN_
2696,BRN_,6.4444,0.07514364,2696 BRN_
2696,BRN_,7.3333,0.07926377,2696 BRN_
2696,BRN_,8.2222,0.08336554,2696 BRN_
2696,BRN_,9.1111,0.08744903,2696 BRN_
2696,BRN_,10.0,0.09151434,2696 BRN_
2696,BRN_,14.4444,0.11157038,2696 BRN_
2696,BRN_,18.8889,0.13118409,2696 BRN_
2696,BRN_,23.3333,0.15036436,2696 BRN_
2696,BRN_,27.7778,0.16912162,2696 BRN_
2696,BRN_,32.2222,0.18746438,2696 BRN_
2696,BRN_,36.6667,0.20540259,2696 BRN_
2696,BRN_,41.1111,0.22294439,2696 BRN_
2696,BRN_,45.5556,0.24009931,2696 BRN_
2696,BRN_,50.0,0.25687514,2696 BRN_
2696,CRAN,0.0,0.0410921,2696 CRAN
2696,CRAN,0.0,0.0410921,2696 CRAN
2696,CRAN,0.0,0.0410921,2696 CRAN
2696,CRAN,0.0,0.0410921,2696 CRAN
2696,CRAN,0.0001,0.04110424,2696 CRAN
2696,CRAN,0.0001,0.04110424,2696 CRAN
2696,CRAN,0.0001,0.04110424,2696 CRAN
2696,CRAN,0.0001,0.04110424,2696 CRAN
2696,CRAN,0.0001,0.04110424,2696 CRAN
2696,CRAN,0.0001,0.04110424,2696 CRAN
2696,CRAN,0.0002,0.04111327,2696 CRAN
2696,CRAN,0.0002,0.04111327,2696 CRAN
2696,CRAN,0.0003,0.04112141,2696 CRAN
2696,CRAN,0.0004,0.04112902,2696 CRAN
2696,CRAN,0.0004,0.04112902,2696 CRAN
2696,CRAN,0.0005,0.04113626,2696 CRAN
2696,CRAN,0.0005,0.04113626,2696 CRAN
2696,CRAN,0.0006,0.04114321,2696 CRAN
2696,CRAN,0.0006,0.04114321,2696 CRAN
2696,CRAN,0.0009,0.04116286,2696 CRAN
2696,CRAN,0.0012,0.04118123,2696 CRAN
2696,CRAN,0.0015,0.0411987,2696 CRAN
2696,CRAN,0.0018,0.04121549,2696 CRAN
2696,CRAN,0.0021,0.04123173,2696 CRAN
2696,CRAN,0.0023,0.0412423,2696 CRAN
2696,CRAN,0.0026,0.04125782,2696 CRAN
2696,CRAN,0.0029,0.04127299,2696 CRAN
2696,CRAN,0.0032,0.04128785,2696 CRAN
2696,CRAN,0.0046,0.04135399,2696 CRAN
2696,CRAN,0.006,0.0414162,2696 CRAN
2696,CRAN,0.0075,0.04147971,2696 CRAN
2696,CRAN,0.0089,0.04153673,2696 CRAN
2696,CRAN,0.0103,0.04159199,2696 CRAN
2696,CRAN,0.0117,0.04164577,2696 CRAN
2696,CRAN,0.0132,0.041702,2696 CRAN
2696,CRAN,0.0146,0.04175334,2696 CRAN
2696,CRAN,0.016,0.0418037,2696 CRAN
2696,CRAN,0.0231,0.04204728,2696 CRAN
2696,CRAN,0.0302,0.04227612,2696 CRAN
2696,CRAN,0.0373,0.04249437,2696 CRAN
2696,CRAN,0.0444,0.0427044,2696 CRAN
2696,CRAN,0.0516,0.0429106,2696 CRAN
2696,CRAN,0.0587,0.04310834,2696 CRAN
2696,CRAN,0.0658,0.04330131,2696 CRAN
2696,CRAN,0.0729,0.04349012,2696 CRAN
2696,CRAN,0.08,0.04367526,2696 CRAN
2696,CRAN,0.1156,0.04455952,2696 CRAN
2696,CRAN,0.1511,0.04538686,2696 CRAN
2696,CRAN,0.1867,0.04617711,2696 CRAN
2696,CRAN,0.2222,0.04693459,2696 CRAN
2696,CRAN,0.2578,0.0476693,2696 CRAN
2696,CRAN,0.2933,0.04838108,2696 CRAN
2696,CRAN,0.3289,0.04907689,2696 CRAN
2696,CRAN,0.3644,0.04975505,2696 CRAN
2696,CRAN,0.4,0.05042118,2696 CRAN
2696,CRAN,0.5778,0.05358109,2696 CRAN
2696,CRAN,0.7556,0.05653209,2696 CRAN
2696,CRAN,0.9333,0.05932893,2696 CRAN
2696,CRAN,1.1111,0.0620076,2696 CRAN
2696,CRAN,1.2889,0.06458794,2696 CRAN
2696,CRAN,1.4667,0.06708502,2696 CRAN
2696,CRAN,1.6444,0.06950863,2696 CRAN
2696,CRAN,1.8222,0.07187004,2696 CRAN
2696,CRAN,2.0,0.07417463,2696 CRAN
2696,CRAN,2.8889,0.08500699,2696 CRAN
2696,CRAN,3.7778,0.09496015,2696 CRAN
2696,CRAN,4.6667,0.10425647,2696 CRAN
2696,CRAN,5.5556,0.11302822,2696 CRAN
2696,CRAN,6.4444,0.12136233,2696 CRAN
2696,CRAN,7.3333,0.12932336,2696 CRAN
2696,CRAN,8.2222,0.1369574,2696 CRAN
2696,CRAN,9.1111,0.14430109,2696 CRAN
2696,CRAN,10.0,0.15138383,2696 CRAN
2696,CRAN,14.4444,0.18360494,2696 CRAN
2696,CRAN,18.8889,0.2117375,2696 CRAN
2696,CRAN,23.3333,0.23682782,2696 CRAN
2696,CRAN,27.7778,0.25952076,2696 CRAN
2696,CRAN,32.2222,0.2802524,2696 CRAN
2696,CRAN,36.6667,0.29934001,2696 CRAN
2696,CRAN,41.1111,0.31702201,2696 CRAN
2696,CRAN,45.5556,0.33348616,2696 CRAN
2696,CRAN,50.0,0.34888153,2696 CRAN
2696,EDEM,0.0,0.04009761,2696 EDEM
2696,EDEM,0.0,0.04009761,2696 EDEM
2696,EDEM,0.0,0.04009761,2696 EDEM
2696,EDEM,0.0,0.04009761,2696 EDEM
2696,EDEM,0.0001,0.04015006,2696 EDEM
2696,EDEM,0.0001,0.04015006,2696 EDEM
2696,EDEM,0.0001,0.04015006,2696 EDEM
2696,EDEM,0.0001,0.04015006,2696 EDEM
2696,EDEM,0.0001,0.04015006,2696 EDEM
2696,EDEM,0.0001,0.04015006,2696 EDEM
2696,EDEM,0.0002,0.04018145,2696 EDEM
2696,EDEM,0.0002,0.04018145,2696 EDEM
2696,EDEM,0.0003,0.04020792,2696 EDEM
2696,EDEM,0.0004,0.04023163,2696 EDEM
2696,EDEM,0.0004,0.04023163,2696 EDEM
2696,EDEM,0.0005,0.04025348,2696 EDEM
2696,EDEM,0.0005,0.04025348,2696 EDEM
2696,EDEM,0.0006,0.04027395,2696 EDEM
2696,EDEM,0.0006,0.04027395,2696 EDEM
2696,EDEM,0.0009,0.04032962,2696 EDEM
2696,EDEM,0.0012,0.04037948,2696 EDEM
2696,EDEM,0.0015,0.04042542,2696 EDEM
2696,EDEM,0.0018,0.04046847,2696 EDEM
2696,EDEM,0.0021,0.04050925,2696 EDEM
2696,EDEM,0.0023,0.04053538,2696 EDEM
2696,EDEM,0.0026,0.04057325,2696 EDEM
2696,EDEM,0.0029,0.04060973,2696 EDEM
2696,EDEM,0.0032,0.04064501,2696 EDEM
2696,EDEM,0.0046,0.04079738,2696 EDEM
2696,EDEM,0.006,0.04093522,2696 EDEM
2696,EDEM,0.0075,0.04107174,2696 EDEM
2696,EDEM,0.0089,0.04119135,2696 EDEM
2696,EDEM,0.0103,0.041305,2696 EDEM
2696,EDEM,0.0117,0.04141375,2696 EDEM
2696,EDEM,0.0132,0.04152569,2696 EDEM
2696,EDEM,0.0146,0.0416265,2696 EDEM
2696,EDEM,0.016,0.04172423,2696 EDEM
2696,EDEM,0.0231,0.0421831,2696 EDEM
2696,EDEM,0.0302,0.04259777,2696 EDEM
2696,EDEM,0.0373,0.04298175,2696 EDEM
2696,EDEM,0.0444,0.04334265,2696 EDEM
2696,EDEM,0.0516,0.04368997,2696 EDEM
2696,EDEM,0.0587,0.04401739,2696 EDEM
2696,EDEM,0.0658,0.04433221,2696 EDEM
2696,EDEM,0.0729,0.0446362,2696 EDEM
2696,EDEM,0.08,0.04493075,2696 EDEM
2696,EDEM,0.1156,0.04629751,2696 EDEM
2696,EDEM,0.1511,0.04752886,2696 EDEM
2696,EDEM,0.1867,0.04867213,2696 EDEM
2696,EDEM,0.2222,0.04974347,2696 EDEM
2696,EDEM,0.2578,0.05076326,2696 EDEM
2696,EDEM,0.2933,0.05173553,2696 EDEM
2696,EDEM,0.3289,0.05267282,2696 EDEM
2696,EDEM,0.3644,0.05357517,2696 EDEM
2696,EDEM,0.4,0.05445178,2696 EDEM
2696,EDEM,0.5778,0.05850209,2696 EDEM
2696,EDEM,0.7556,0.06215905,2696 EDEM
2696,EDEM,0.9333,0.06554083,2696 EDEM
2696,EDEM,1.1111,0.06871861,2696 EDEM
2696,EDEM,1.2889,0.07173306,2696 EDEM
2696,EDEM,1.4667,0.07461333,2696 EDEM
2696,EDEM,1.6444,0.07737893,2696 EDEM
2696,EDEM,1.8222,0.08004878,2696 EDEM
2696,EDEM,2.0,0.08263358,2696 EDEM
2696,EDEM,2.8889,0.09456712,2696 EDEM
2696,EDEM,3.7778,0.10530855,2696 EDEM
2696,EDEM,4.6667,0.11521656,2696 EDEM
2696,EDEM,5.5556,0.12449292,2696 EDEM
2696,EDEM,6.4444,0.13326451,2696 EDEM
2696,EDEM,7.3333,0.14162085,2696 EDEM
2696,EDEM,8.2222,0.14962427,2696 EDEM
2696,EDEM,9.1111,0.15732247,2696 EDEM
2696,EDEM,10.0,0.16475253,2696 EDEM
2696,EDEM,14.4444,0.19874876,2696 EDEM
2696,EDEM,18.8889,0.22888073,2696 EDEM
2696,EDEM,23.3333,0.25624879,2696 EDEM
2696,EDEM,27.7778,0.28148065,2696 EDEM
2696,EDEM,32.2222,0.30497672,2696 EDEM
2696,EDEM,36.6667,0.3270162,2696 EDEM
2696,EDEM,41.1111,0.34780167,2696 EDEM
2696,EDEM,45.5556,0.36748926,2696 EDEM
2696,EDEM,50.0,0.38620023,2696 EDEM
2696,LTRK,0.0,0.0347744,2696 LTRK
2696,LTRK,0.0,0.0347744,2696 LTRK
2696,LTRK,0.0,0.0347744,2696 LTRK
2696,LTRK,0.0,0.0347744,2696 LTRK
2696,LTRK,0.0001,0.03477746,2696 LTRK
2696,LTRK,0.0001,0.03477746,2696 LTRK
2696,LTRK,0.0001,0.03477746,2696 LTRK
2696,LTRK,0.0001,0.03477746,2696 LTRK
2696,LTRK,0.0001,0.03477746,2696 LTRK
2696,LTRK,0.0001,0.03477746,2696 LTRK
2696,LTRK,0.0002,0.03478299,2696 LTRK
2696,LTRK,0.0002,0.03478299,2696 LTRK
2696,LTRK,0.0003,0.03478975,2696 LTRK
2696,LTRK,0.0004,0.03479735,2696 LTRK
2696,LTRK,0.0004,0.03479735,2696 LTRK
2696,LTRK,0.0005,0.03480557,2696 LTRK
2696,LTRK,0.0005,0.03480557,2696 LTRK
2696,LTRK,0.0006,0.03481428,2696 LTRK
2696,LTRK,0.0006,0.03481428,2696 LTRK
2696,LTRK,0.0009,0.03484259,2696 LTRK
2696,LTRK,0.0012,0.0348732,2696 LTRK
2696,LTRK,0.0015,0.03490539,2696 LTRK
2696,LTRK,0.0018,0.03493872,2696 LTRK
2696,LTRK,0.0021,0.03497294,2696 LTRK
2696,LTRK,0.0023,0.03499615,2696 LTRK
2696,LTRK,0.0026,0.03503144,2696 LTRK
2696,LTRK,0.0029,0.03506722,2696 LTRK
2696,LTRK,0.0032,0.03510338,2696 LTRK
2696,LTRK,0.0046,0.03527569,2696 LTRK
2696,LTRK,0.006,0.03545123,2696 LTRK
2696,LTRK,0.0075,0.03564072,2696 LTRK
2696,LTRK,0.0089,0.03581786,2696 LTRK
2696,LTRK,0.0103,0.03599471,2696 LTRK
2696,LTRK,0.0117,0.03617094,2696 LTRK
2696,LTRK,0.0132,0.03635884,2696 LTRK
2696,LTRK,0.0146,0.03653323,2696 LTRK
2696,LTRK,0.016,0.03670657,2696 LTRK
2696,LTRK,0.0231,0.03756855,2696 LTRK
2696,LTRK,0.0302,0.03840203,2696 LTRK
2696,LTRK,0.0373,0.03920891,2696 LTRK
2696,LTRK,0.0444,0.03999158,2696 LTRK
2696,LTRK,0.0516,0.04076282,2696 LTRK
2696,LTRK,0.0587,0.04150317,2696 LTRK
2696,LTRK,0.0658,0.0422252,2696 LTRK
2696,LTRK,0.0729,0.04293034,2696 LTRK
2696,LTRK,0.08,0.04361987,2696 LTRK
2696,LTRK,0.1156,0.04687667,2696 LTRK
2696,LTRK,0.1511,0.04985634,2696 LTRK
2696,LTRK,0.1867,0.0526361,2696 LTRK
2696,LTRK,0.2222,0.05523983,2696 LTRK
2696,LTRK,0.2578,0.05771007,2696 LTRK
2696,LTRK,0.2933,0.06005347,2696 LTRK
2696,LTRK,0.3289,0.06229902,2696 LTRK
2696,LTRK,0.3644,0.06444655,2696 LTRK
2696,LTRK,0.4,0.06651821,2696 LTRK
2696,LTRK,0.5778,0.07588521,2696 LTRK
2696,LTRK,0.7556,0.08403864,2696 LTRK
2696,LTRK,0.9333,0.09132311,2696 LTRK
2696,LTRK,1.1111,0.09795285,2696 LTRK
2696,LTRK,1.2889,0.10405821,2696 LTRK
2696,LTRK,1.4667,0.10973319,2696 LTRK
2696,LTRK,1.6444,0.11504372,2696 LTRK
2696,LTRK,1.8222,0.120048,2696 LTRK
2696,LTRK,2.0,0.12478376,2696 LTRK
2696,LTRK,2.8889,0.14539021,2696 LTRK
2696,LTRK,3.7778,0.16240554,2696 LTRK
2696,LTRK,4.6667,0.17702022,2696 LTRK
2696,LTRK,5.5556,0.18989274,2696 LTRK
2696,LTRK,6.4444,0.20143074,2696 LTRK
2696,LTRK,7.3333,0.21191081,2696 LTRK
2696,LTRK,8.2222,0.22152546,2696 LTRK
2696,LTRK,9.1111,0.23041763,2696 LTRK
2696,LTRK,10.0,0.23869611,2696 LTRK
2696,LTRK,14.4444,0.27333898,2696 LTRK
2696,LTRK,18.8889,0.30047146,2696 LTRK
2696,LTRK,23.3333,0.32286162,2696 LTRK
2696,LTRK,27.7778,0.34195814,2696 LTRK
2696,LTRK,32.2222,0.35862079,2696 LTRK
2696,LTRK,36.6667,0.37340701,2696 LTRK
2696,LTRK,41.1111,0.38669839,2696 LTRK
2696,LTRK,45.5556,0.39877016,2696 LTRK
2696,LTRK,50.0,0.40982606,2696 LTRK
2696,MO24,0.0,0.03574051,2696 MO24
2696,MO24,0.0,0.03574051,2696 MO24
2696,MO24,0.0,0.03574051,2696 MO24
2696,MO24,0.0,0.03574051,2696 MO24
2696,MO24,0.0001,0.03577015,2696 MO24
2696,MO24,0.0001,0.03577015,2696 MO24
2696,MO24,0.0001,0.03577015,2696 MO24
2696,MO24,0.0001,0.03577015,2696 MO24
2696,MO24,0.0001,0.03577015,2696 MO24
2696,MO24,0.0001,0.03577015,2696 MO24
2696,MO24,0.0002,0.03578594,2696 MO24
2696,MO24,0.0002,0.03578594,2696 MO24
2696,MO24,0.0003,0.03579883,2696 MO24
2696,MO24,0.0004,0.03581015,2696 MO24
2696,MO24,0.0004,0.03581015,2696 MO24
2696,MO24,0.0005,0.03582041,2696 MO24
2696,MO24,0.0005,0.03582041,2696 MO24
2696,MO24,0.0006,0.03582991,2696 MO24
2696,MO24,0.0006,0.03582991,2696 MO24
2696,MO24,0.0009,0.03585527,2696 MO24
2696,MO24,0.0012,0.03587753,2696 MO24
2696,MO24,0.0015,0.03589772,2696 MO24
2696,MO24,0.0018,0.0359164,2696 MO24
2696,MO24,0.0021,0.03593392,2696 MO24
2696,MO24,0.0023,0.03594507,2696 MO24
2696,MO24,0.0026,0.03596111,2696 MO24
2696,MO24,0.0029,0.03597646,2696 MO24
2696,MO24,0.0032,0.03599121,2696 MO24
2696,MO24,0.0046,0.03605399,2696 MO24
2696,MO24,0.006,0.03610972,2696 MO24
2696,MO24,0.0075,0.0361641,2696 MO24
2696,MO24,0.0089,0.03621118,2696 MO24
2696,MO24,0.0103,0.03625548,2696 MO24
2696,MO24,0.0117,0.03629751,2696 MO24
2696,MO24,0.0132,0.03634045,2696 MO24
2696,MO24,0.0146,0.03637886,2696 MO24
2696,MO24,0.016,0.03641588,2696 MO24
2696,MO24,0.0231,0.03658718,2696 MO24
2696,MO24,0.0302,0.036739,2696 MO24
2696,MO24,0.0373,0.03687754,2696 MO24
2696,MO24,0.0444,0.03700621,2696 MO24
2696,MO24,0.0516,0.03712879,2696 MO24
2696,MO24,0.0587,0.03724336,2696 MO24
2696,MO24,0.0658,0.03735269,2696 MO24
2696,MO24,0.0729,0.03745754,2696 MO24
2696,MO24,0.08,0.03755852,2696 MO24
2696,MO24,0.1156,0.03802016,2696 MO24
2696,MO24,0.1511,0.03842788,2696 MO24
2696,MO24,0.1867,0.03880077,2696 MO24
2696,MO24,0.2222,0.03914593,2696 MO24
2696,MO24,0.2578,0.03947112,2696 MO24
2696,MO24,0.2933,0.03977841,2696 MO24
2696,MO24,0.3289,0.04007232,2696 MO24
2696,MO24,0.3644,0.04035329,2696 MO24
2696,MO24,0.4,0.04062452,2696 MO24
2696,MO24,0.5778,0.04185843,2696 MO24
2696,MO24,0.7556,0.04294962,2696 MO24
2696,MO24,0.9333,0.04394281,2696 MO24
2696,MO24,1.1111,0.04486414,2696 MO24
2696,MO24,1.2889,0.04572866,2696 MO24
2696,MO24,1.4667,0.04654697,2696 MO24
2696,MO24,1.6444,0.04732622,2696 MO24
2696,MO24,1.8222,0.04807294,2696 MO24
2696,MO24,2.0,0.04879104,2696 MO24
2696,MO24,2.8889,0.05205271,2696 MO24
2696,MO24,3.7778,0.05492552,2696 MO24
2696,MO24,4.6667,0.05753231,2696 MO24
2696,MO24,5.5556,0.05994108,2696 MO24
2696,MO24,6.4444,0.06219414,2696 MO24
2696,MO24,7.3333,0.06432084,2696 MO24
2696,MO24,8.2222,0.06634155,2696 MO24
2696,MO24,9.1111,0.06827173,2696 MO24
2696,MO24,10.0,0.07012326,2696 MO24
2696,MO24,14.4444,0.07847671,2696 MO24
2696,MO24,18.8889,0.08575765,2696 MO24
2696,MO24,23.3333,0.09230295,2696 MO24
2696,MO24,27.7778,0.09830004,2696 MO24
2696,MO24,32.2222,0.10386604,2696 MO24
2696,MO24,36.6667,0.10908084,2696 MO24
2696,MO24,41.1111,0.1140014,2696 MO24
2696,MO24,45.5556,0.11867071,2696 MO24
2696,MO24,50.0,0.12312161,2696 MO24
2696,NC24,,,2696 NC24
2696,TOT_MORT,0.0,0.04202465,2696 TOT_MORT
2696,TOT_MORT,0.0,0.04202465,2696 TOT_MORT
2696,TOT_MORT,0.0,0.04202465,2696 TOT_MORT
2696,TOT_MORT,0.0,0.04202465,2696 TOT_MORT
2696,TOT_MORT,0.0001,0.04205158,2696 TOT_MORT
2696,TOT_MORT,0.0001,0.04205158,2696 TOT_MORT
2696,TOT_MORT,0.0001,0.04205158,2696 TOT_MORT
2696,TOT_MORT,0.0001,0.04205158,2696 TOT_MORT
2696,TOT_MORT,0.0001,0.04205158,2696 TOT_MORT
2696,TOT_MORT,0.0001,0.04205158,2696 TOT_MORT
2696,TOT_MORT,0.0002,0.0420709,2696 TOT_MORT
2696,TOT_MORT,0.0002,0.0420709,2696 TOT_MORT
2696,TOT_MORT,0.0003,0.04208812,2696 TOT_MORT
2696,TOT_MORT,0.0004,0.04210411,2696 TOT_MORT
2696,TOT_MORT,0.0004,0.04210411,2696 TOT_MORT
2696,TOT_MORT,0.0005,0.04211922,2696 TOT_MORT
2696,TOT_MORT,0.0005,0.04211922,2696 TOT_MORT
2696,TOT_MORT,0.0006,0.04213369,2696 TOT_MORT
2696,TOT_MORT,0.0006,0.04213369,2696 TOT_MORT
2696,TOT_MORT,0.0009,0.04217428,2696 TOT_MORT
2696,TOT_MORT,0.0012,0.04221196,2696 TOT_MORT
2696,TOT_MORT,0.0015,0.04224759,2696 TOT_MORT
2696,TOT_MORT,0.0018,0.04228169,2696 TOT_MORT
2696,TOT_MORT,0.0021,0.04231456,2696 TOT_MORT
2696,TOT_MORT,0.0023,0.04233589,2696 TOT_MORT
2696,TOT_MORT,0.0026,0.04236715,2696 TOT_MORT
2696,TOT_MORT,0.0029,0.04239762,2696 TOT_MORT
2696,TOT_MORT,0.0032,0.04242741,2696 TOT_MORT
2696,TOT_MORT,0.0046,0.04255929,2696 TOT_MORT
2696,TOT_MORT,0.006,0.04268251,2696 TOT_MORT
2696,TOT_MORT,0.0075,0.04280767,2696 TOT_MORT
2696,TOT_MORT,0.0089,0.04291958,2696 TOT_MORT
2696,TOT_MORT,0.0103,0.04302767,2696 TOT_MORT
2696,TOT_MORT,0.0117,0.04313257,2696 TOT_MORT
2696,TOT_MORT,0.0132,0.04324195,2696 TOT_MORT
2696,TOT_MORT,0.0146,0.04334159,2696 TOT_MORT
2696,TOT_MORT,0.016,0.04343915,2696 TOT_MORT
2696,TOT_MORT,0.0231,0.04390865,2696 TOT_MORT
2696,TOT_MORT,0.0302,0.04434694,2696 TOT_MORT
2696,TOT_MORT,0.0373,0.04476293,2696 TOT_MORT
2696,TOT_MORT,0.0444,0.04516175,2696 TOT_MORT
2696,TOT_MORT,0.0516,0.04555205,2696 TOT_MORT
2696,TOT_MORT,0.0587,0.04592532,2696 TOT_MORT
2696,TOT_MORT,0.0658,0.04628875,2696 TOT_MORT
2696,TOT_MORT,0.0729,0.04664363,2696 TOT_MORT
2696,TOT_MORT,0.08,0.04699095,2696 TOT_MORT
2696,TOT_MORT,0.1156,0.0486427,2696 TOT_MORT
2696,TOT_MORT,0.1511,0.05017966,2696 TOT_MORT
2696,TOT_MORT,0.1867,0.05164192,2696 TOT_MORT
2696,TOT_MORT,0.2222,0.05303933,2696 TOT_MORT
2696,TOT_MORT,0.2578,0.05439147,2696 TOT_MORT
2696,TOT_MORT,0.2933,0.05569885,2696 TOT_MORT
2696,TOT_MORT,0.3289,0.05697481,2696 TOT_MORT
2696,TOT_MORT,0.3644,0.0582167,2696 TOT_MORT
2696,TOT_MORT,0.4,0.05943509,2696 TOT_MORT
2696,TOT_MORT,0.5778,0.06520003,2696 TOT_MORT
2696,TOT_MORT,0.7556,0.07056909,2696 TOT_MORT
2696,TOT_MORT,0.9333,0.07565026,2696 TOT_MORT
2696,TOT_MORT,1.1111,0.08051322,2696 TOT_MORT
2696,TOT_MORT,1.2889,0.08519642,2696 TOT_MORT
2696,TOT_MORT,1.4667,0.08972869,2696 TOT_MORT
2696,TOT_MORT,1.6444,0.09412873,2696 TOT_MORT
2696,TOT_MORT,1.8222,0.0984176,2696 TOT_MORT
2696,TOT_MORT,2.0,0.10260547,2696 TOT_MORT
2696,TOT_MORT,2.8889,0.12232954,2696 TOT_MORT
2696,TOT_MORT,3.7778,0.14052481,2696 TOT_MORT
2696,TOT_MORT,4.6667,0.15759052,2696 TOT_MORT
2696,TOT_MORT,5.5556,0.17375921,2696 TOT_MORT
2696,TOT_MORT,6.4444,0.18918097,2696 TOT_MORT
2696,TOT_MORT,7.3333,0.20396594,2696 TOT_MORT
2696,TOT_MORT,8.2222,0.21819139,2696 TOT_MORT
2696,TOT_MORT,9.1111,0.23191821,2696 TOT_MORT
2696,TOT_MORT,10.0,0.24519476,2696 TOT_MORT
2696,TOT_MORT,14.4444,0.30599586,2696 TOT_MORT
2696,TOT_MORT,18.8889,0.35947284,2696 TOT_MORT
2696,TOT_MORT,23.3333,0.40729428,2696 TOT_MORT
2696,TOT_MORT,27.7778,0.45049491,2696 TOT_MORT
2696,TOT_MORT,32.2222,0.48978637,2696 TOT_MORT
2696,TOT_MORT,36.6667,0.52569994,2696 TOT_MORT
2696,TOT_MORT,41.1111,0.55864649,2696 TOT_MORT
2696,TOT_MORT,45.5556,0.58896027,2696 TOT_MORT
2696,TOT_MORT,50.0,0.61691549,2696 TOT_MORT
2697,ALL_BUT_MORT,0.0,0.05901078,2697 ALL_BUT_MORT
2697,ALL_BUT_MORT,0.0,0.05901078,2697 ALL_BUT_MORT
2697,ALL_BUT_MORT,0.0,0.05901078,2697 ALL_BUT_MORT
2697,ALL_BUT_MORT,0.0,0.05901078,2697 ALL_BUT_MORT
2697,ALL_BUT_MORT,0.0001,0.06290298,2697 ALL_BUT_MORT
2697,ALL_BUT_MORT,0.0001,0.06290298,2697 ALL_BUT_MORT
2697,ALL_BUT_MORT,0.0001,0.06290298,2697 ALL_BUT_MORT
2697,ALL_BUT_MORT,0.0001,0.06290298,2697 ALL_BUT_MORT
2697,ALL_BUT_MORT,0.0001,0.06290298,2697 ALL_BUT_MORT
2697,ALL_BUT_MORT,0.0001,0.06290298,2697 ALL_BUT_MORT
2697,ALL_BUT_MORT,0.0002,0.06437776,2697 ALL_BUT_MORT
2697,ALL_BUT_MORT,0.0002,0.06437776,2697 ALL_BUT_MORT
2697,ALL_BUT_MORT,0.0003,0.06545374,2697 ALL_BUT_MORT
2697,ALL_BUT_MORT,0.0004,0.06632855,2697 ALL_BUT_MORT
2697,ALL_BUT_MORT,0.0004,0.06632855,2697 ALL_BUT_MORT
2697,ALL_BUT_MORT,0.0005,0.06707742,2697 ALL_BUT_MORT
2697,ALL_BUT_MORT,0.0005,0.06707742,2697 ALL_BUT_MORT
2697,ALL_BUT_MORT,0.0006,0.06773834,2697 ALL_BUT_MORT
2697,ALL_BUT_MORT,0.0006,0.06773834,2697 ALL_BUT_MORT
2697,ALL_BUT_MORT,0.0009,0.06938018,2697 ALL_BUT_MORT
2697,ALL_BUT_MORT,0.0012,0.07070227,2697 ALL_BUT_MORT
2697,ALL_BUT_MORT,0.0015,0.07182598,2697 ALL_BUT_MORT
2697,ALL_BUT_MORT,0.0018,0.07281212,2697 ALL_BUT_MORT
2697,ALL_BUT_MORT,0.0021,0.07369615,2697 ALL_BUT_MORT
2697,ALL_BUT_MORT,0.0023,0.07424032,2697 ALL_BUT_MORT
2697,ALL_BUT_MORT,0.0026,0.07500095,2697 ALL_BUT_MORT
2697,ALL_BUT_MORT,0.0029,0.07570553,2697 ALL_BUT_MORT
2697,ALL_BUT_MORT,0.0032,0.07636323,2697 ALL_BUT_MORT
2697,ALL_BUT_MORT,0.0046,0.07898169,2697 ALL_BUT_MORT
2697,ALL_BUT_MORT,0.006,0.08110426,2697 ALL_BUT_MORT
2697,ALL_BUT_MORT,0.0075,0.08303056,2697 ALL_BUT_MORT
2697,ALL_BUT_MORT,0.0089,0.08460159,2697 ALL_BUT_MORT
2697,ALL_BUT_MORT,0.0103,0.08600959,2697 ALL_BUT_MORT
2697,ALL_BUT_MORT,0.0117,0.08728992,2697 ALL_BUT_MORT
2697,ALL_BUT_MORT,0.0132,0.08854774,2697 ALL_BUT_MORT
2697,ALL_BUT_MORT,0.0146,0.08963402,2697 ALL_BUT_MORT
2697,ALL_BUT_MORT,0.016,0.0906491,2697 ALL_BUT_MORT
2697,ALL_BUT_MORT,0.0231,0.09500209,2697 ALL_BUT_MORT
2697,ALL_BUT_MORT,0.0302,0.0984776,2697 ALL_BUT_MORT
2697,ALL_BUT_MORT,0.0373,0.10140305,2697 ALL_BUT_MORT
2697,ALL_BUT_MORT,0.0444,0.10394645,2697 ALL_BUT_MORT
2697,ALL_BUT_MORT,0.0516,0.10623692,2697 ALL_BUT_MORT
2697,ALL_BUT_MORT,0.0587,0.10827508,2697 ALL_BUT_MORT
2697,ALL_BUT_MORT,0.0658,0.110138,2697 ALL_BUT_MORT
2697,ALL_BUT_MORT,0.0729,0.11185689,2697 ALL_BUT_MORT
2697,ALL_BUT_MORT,0.08,0.11345501,2697 ALL_BUT_MORT
2697,ALL_BUT_MORT,0.1156,0.12016073,2697 ALL_BUT_MORT
2697,ALL_BUT_MORT,0.1511,0.12542963,2697 ALL_BUT_MORT
2697,ALL_BUT_MORT,0.1867,0.1298333,2697 ALL_BUT_MORT
2697,ALL_BUT_MORT,0.2222,0.13362079,2697 ALL_BUT_MORT
2697,ALL_BUT_MORT,0.2578,0.13697379,2697 ALL_BUT_MORT
2697,ALL_BUT_MORT,0.2933,0.13997554,2697 ALL_BUT_MORT
2697,ALL_BUT_MORT,0.3289,0.14271273,2697 ALL_BUT_MORT
2697,ALL_BUT_MORT,0.3644,0.14521966,2697 ALL_BUT_MORT
2697,ALL_BUT_MORT,0.4,0.14754738,2697 ALL_BUT_MORT
2697,ALL_BUT_MORT,0.5778,0.15718397,2697 ALL_BUT_MORT
2697,ALL_BUT_MORT,0.7556,0.16467849,2697 ALL_BUT_MORT
2697,ALL_BUT_MORT,0.9333,0.17085998,2697 ALL_BUT_MORT
2697,ALL_BUT_MORT,1.1111,0.17615255,2697 ALL_BUT_MORT
2697,ALL_BUT_MORT,1.2889,0.18079378,2697 ALL_BUT_MORT
2697,ALL_BUT_MORT,1.4667,0.18493677,2697 ALL_BUT_MORT
2697,ALL_BUT_MORT,1.6444,0.18868311,2697 ALL_BUT_MORT
2697,ALL_BUT_MORT,1.8222,0.19211062,2697 ALL_BUT_MORT
2697,ALL_BUT_MORT,2.0,0.19527139,2697 ALL_BUT_MORT
2697,ALL_BUT_MORT,2.8889,0.20824642,2697 ALL_BUT_MORT
2697,ALL_BUT_MORT,3.7778,0.21820707,2697 ALL_BUT_MORT
2697,ALL_BUT_MORT,4.6667,0.22634664,2697 ALL_BUT_MORT
2697,ALL_BUT_MORT,5.5556,0.23325675,2697 ALL_BUT_MORT
2697,ALL_BUT_MORT,6.4444,0.23927595,2697 ALL_BUT_MORT
2697,ALL_BUT_MORT,7.3333,0.24461917,2697 ALL_BUT_MORT
2697,ALL_BUT_MORT,8.2222,0.24942938,2697 ALL_BUT_MORT
2697,ALL_BUT_MORT,9.1111,0.25380813,2697 ALL_BUT_MORT
2697,ALL_BUT_MORT,10.0,0.25782997,2697 ALL_BUT_MORT
2697,ALL_BUT_MORT,14.4444,0.27418491,2697 ALL_BUT_MORT
2697,ALL_BUT_MORT,18.8889,0.28657818,2697 ALL_BUT_MORT
2697,ALL_BUT_MORT,23.3333,0.29660634,2697 ALL_BUT_MORT
2697,ALL_BUT_MORT,27.7778,0.30505293,2697 ALL_BUT_MORT
2697,ALL_BUT_MORT,32.2222,0.31236258,2697 ALL_BUT_MORT
2697,ALL_BUT_MORT,36.6667,0.31881386,2697 ALL_BUT_MORT
2697,ALL_BUT_MORT,41.1111,0.32459253,2697 ALL_BUT_MORT
2697,ALL_BUT_MORT,45.5556,0.32982962,2697 ALL_BUT_MORT
2697,ALL_BUT_MORT,50.0,0.33462045,2697 ALL_BUT_MORT
2697,ANY120,0.0,0.11419252,2697 ANY120
2697,ANY120,0.0,0.11419252,2697 ANY120
2697,ANY120,0.0,0.11419252,2697 ANY120
2697,ANY120,0.0,0.11419252,2697 ANY120
2697,ANY120,0.0001,0.11419258,2697 ANY120
2697,ANY120,0.0001,0.11419258,2697 ANY120
2697,ANY120,0.0001,0.11419258,2697 ANY120
2697,ANY120,0.0001,0.11419258,2697 ANY120
2697,ANY120,0.0001,0.11419258,2697 ANY120
2697,ANY120,0.0001,0.11419258,2697 ANY120
2697,ANY120,0.0002,0.11419268,2697 ANY120
2697,ANY120,0.0002,0.11419268,2697 ANY120
2697,ANY120,0.0003,0.1141928,2697 ANY120
2697,ANY120,0.0004,0.11419293,2697 ANY120
2697,ANY120,0.0004,0.11419293,2697 ANY120
2697,ANY120,0.0005,0.11419308,2697 ANY120
2697,ANY120,0.0005,0.11419308,2697 ANY120
2697,ANY120,0.0006,0.11419324,2697 ANY120
2697,ANY120,0.0006,0.11419324,2697 ANY120
2697,ANY120,0.0009,0.11419377,2697 ANY120
2697,ANY120,0.0012,0.11419437,2697 ANY120
2697,ANY120,0.0015,0.11419503,2697 ANY120
2697,ANY120,0.0018,0.11419574,2697 ANY120
2697,ANY120,0.0021,0.11419649,2697 ANY120
2697,ANY120,0.0023,0.11419701,2697 ANY120
2697,ANY120,0.0026,0.11419783,2697 ANY120
2697,ANY120,0.0029,0.11419868,2697 ANY120
2697,ANY120,0.0032,0.11419956,2697 ANY120
2697,ANY120,0.0046,0.11420405,2697 ANY120
2697,ANY120,0.006,0.11420907,2697 ANY120
2697,ANY120,0.0075,0.11421493,2697 ANY120
2697,ANY120,0.0089,0.11422081,2697 ANY120
2697,ANY120,0.0103,0.11422702,2697 ANY120
2697,ANY120,0.0117,0.11423355,2697 ANY120
2697,ANY120,0.0132,0.11424086,2697 ANY120
2697,ANY120,0.0146,0.11424795,2697 ANY120
2697,ANY120,0.016,0.1142553,2697 ANY120
2697,ANY120,0.0231,0.11429594,2697 ANY120
2697,ANY120,0.0302,0.11434137,2697 ANY120
2697,ANY120,0.0373,0.11439082,2697 ANY120
2697,ANY120,0.0444,0.11444377,2697 ANY120
2697,ANY120,0.0516,0.11450065,2697 ANY120
2697,ANY120,0.0587,0.11455959,2697 ANY120
2697,ANY120,0.0658,0.11462113,2697 ANY120
2697,ANY120,0.0729,0.11468507,2697 ANY120
2697,ANY120,0.08,0.11475128,2697 ANY120
2697,ANY120,0.1156,0.11511303,2697 ANY120
2697,ANY120,0.1511,0.11551567,2697 ANY120
2697,ANY120,0.1867,0.11595438,2697 ANY120
2697,ANY120,0.2222,0.11642197,2697 ANY120
2697,ANY120,0.2578,0.11691764,2697 ANY120
2697,ANY120,0.2933,0.11743594,2697 ANY120
2697,ANY120,0.3289,0.11797768,2697 ANY120
2697,ANY120,0.3644,0.11853808,2697 ANY120
2697,ANY120,0.4,0.11911883,2697 ANY120
2697,ANY120,0.5778,0.1222623,2697 ANY120
2697,ANY120,0.7556,0.12573932,2697 ANY120
2697,ANY120,0.9333,0.12948109,2697 ANY120
2697,ANY120,1.1111,0.13344657,2697 ANY120
2697,ANY120,1.2889,0.13760047,2697 ANY120
2697,ANY120,1.4667,0.14191698,2697 ANY120
2697,ANY120,1.6444,0.14637284,2697 ANY120
2697,ANY120,1.8222,0.15095595,2697 ANY120
2697,ANY120,2.0,0.1556494,2697 ANY120
2697,ANY120,2.8889,0.18038665,2697 ANY120
2697,ANY120,3.7778,0.20653696,2697 ANY120
2697,ANY120,4.6667,0.23344623,2697 ANY120
2697,ANY120,5.5556,0.26068432,2697 ANY120
2697,ANY120,6.4444,0.28794723,2697 ANY120
2697,ANY120,7.3333,0.31502303,2697 ANY120
2697,ANY120,8.2222,0.34174743,2697 ANY120
2697,ANY120,9.1111,0.36800015,2697 ANY120
2697,ANY120,10.0,0.39369131,2697 ANY120
2697,ANY120,14.4444,0.51194551,2697 ANY120
2697,ANY120,18.8889,0.61162554,2697 ANY120
2697,ANY120,23.3333,0.69338845,2697 ANY120
2697,ANY120,27.7778,0.7593537,2697 ANY120
2697,ANY120,32.2222,0.81197867,2697 ANY120
2697,ANY120,36.6667,0.85362567,2697 ANY120
2697,ANY120,41.1111,0.88638309,2697 ANY120
2697,ANY120,45.5556,0.91202709,2697 ANY120
2697,ANY120,50.0,0.93202475,2697 ANY120
2697,ANY24,,,2697 ANY24
2697,AXIS,0.0,0.00795385,2697 AXIS
2697,AXIS,0.0,0.00795385,2697 AXIS
2697,AXIS,0.0,0.00795385,2697 AXIS
2697,AXIS,0.0,0.00795385,2697 AXIS
2697,AXIS,0.0001,0.00795385,2697 AXIS
2697,AXIS,0.0001,0.00795385,2697 AXIS
2697,AXIS,0.0001,0.00795385,2697 AXIS
2697,AXIS,0.0001,0.00795385,2697 AXIS
2697,AXIS,0.0001,0.00795385,2697 AXIS
2697,AXIS,0.0001,0.00795385,2697 AXIS
2697,AXIS,0.0002,0.00795386,2697 AXIS
2697,AXIS,0.0002,0.00795386,2697 AXIS
2697,AXIS,0.0003,0.00795387,2697 AXIS
2697,AXIS,0.0004,0.00795388,2697 AXIS
2697,AXIS,0.0004,0.00795388,2697 AXIS
2697,AXIS,0.0005,0.00795389,2697 AXIS
2697,AXIS,0.0005,0.00795389,2697 AXIS
2697,AXIS,0.0006,0.00795391,2697 AXIS
2697,AXIS,0.0006,0.00795391,2697 AXIS
2697,AXIS,0.0009,0.00795395,2697 AXIS
2697,AXIS,0.0012,0.007954,2697 AXIS
2697,AXIS,0.0015,0.00795405,2697 AXIS
2697,AXIS,0.0018,0.00795411,2697 AXIS
2697,AXIS,0.0021,0.00795417,2697 AXIS
2697,AXIS,0.0023,0.00795421,2697 AXIS
2697,AXIS,0.0026,0.00795427,2697 AXIS
2697,AXIS,0.0029,0.00795434,2697 AXIS
2697,AXIS,0.0032,0.00795441,2697 AXIS
2697,AXIS,0.0046,0.00795475,2697 AXIS
2697,AXIS,0.006,0.00795513,2697 AXIS
2697,AXIS,0.0075,0.00795557,2697 AXIS
2697,AXIS,0.0089,0.007956,2697 AXIS
2697,AXIS,0.0103,0.00795646,2697 AXIS
2697,AXIS,0.0117,0.00795694,2697 AXIS
2697,AXIS,0.0132,0.00795748,2697 AXIS
2697,AXIS,0.0146,0.00795799,2697 AXIS
2697,AXIS,0.016,0.00795852,2697 AXIS
2697,AXIS,0.0231,0.00796144,2697 AXIS
2697,AXIS,0.0302,0.00796467,2697 AXIS
2697,AXIS,0.0373,0.00796815,2697 AXIS
2697,AXIS,0.0444,0.00797184,2697 AXIS
2697,AXIS,0.0516,0.00797579,2697 AXIS
2697,AXIS,0.0587,0.00797986,2697 AXIS
2697,AXIS,0.0658,0.0079841,2697 AXIS
2697,AXIS,0.0729,0.00798848,2697 AXIS
2697,AXIS,0.08,0.007993,2697 AXIS
2697,AXIS,0.1156,0.00801749,2697 AXIS
2697,AXIS,0.1511,0.00804446,2697 AXIS
2697,AXIS,0.1867,0.00807364,2697 AXIS
2697,AXIS,0.2222,0.00810457,2697 AXIS
2697,AXIS,0.2578,0.00813722,2697 AXIS
2697,AXIS,0.2933,0.00817124,2697 AXIS
2697,AXIS,0.3289,0.0082067,2697 AXIS
2697,AXIS,0.3644,0.0082433,2697 AXIS
2697,AXIS,0.4,0.00828116,2697 AXIS
2697,AXIS,0.5778,0.00848537,2697 AXIS
2697,AXIS,0.7556,0.00871076,2697 AXIS
2697,AXIS,0.9333,0.00895351,2697 AXIS
2697,AXIS,1.1111,0.00921145,2697 AXIS
2697,AXIS,1.2889,0.00948268,2697 AXIS
2697,AXIS,1.4667,0.00976586,2697 AXIS
2697,AXIS,1.6444,0.01005976,2697 AXIS
2697,AXIS,1.8222,0.01036385,2697 AXIS
2697,AXIS,2.0,0.01067723,2697 AXIS
2697,AXIS,2.8889,0.0123645,2697 AXIS
2697,AXIS,3.7778,0.01421817,2697 AXIS
2697,AXIS,4.6667,0.01620646,2697 AXIS
2697,AXIS,5.5556,0.01830819,2697 AXIS
2697,AXIS,6.4444,0.0205077,2697 AXIS
2697,AXIS,7.3333,0.02279371,2697 AXIS
2697,AXIS,8.2222,0.02515659,2697 AXIS
2697,AXIS,9.1111,0.02758863,2697 AXIS
2697,AXIS,10.0,0.03008338,2697 AXIS
2697,AXIS,14.4444,0.04332787,2697 AXIS
2697,AXIS,18.8889,0.05754499,2697 AXIS
2697,AXIS,23.3333,0.07244411,2697 AXIS
2697,AXIS,27.7778,0.08783166,2697 AXIS
2697,AXIS,32.2222,0.10356648,2697 AXIS
2697,AXIS,36.6667,0.1195427,2697 AXIS
2697,AXIS,41.1111,0.13567604,2697 AXIS
2697,AXIS,45.5556,0.15190016,2697 AXIS
2697,AXIS,50.0,0.16815956,2697 AXIS
2697,BRN_,0.0,0.00340114,2697 BRN_
2697,BRN_,0.0,0.00340114,2697 BRN_
2697,BRN_,0.0,0.00340114,2697 BRN_
2697,BRN_,0.0,0.00340114,2697 BRN_
2697,BRN_,0.0001,0.00340135,2697 BRN_
2697,BRN_,0.0001,0.00340135,2697 BRN_
2697,BRN_,0.0001,0.00340135,2697 BRN_
2697,BRN_,0.0001,0.00340135,2697 BRN_
2697,BRN_,0.0001,0.00340135,2697 BRN_
2697,BRN_,0.0001,0.00340135,2697 BRN_
2697,BRN_,0.0002,0.00340155,2697 BRN_
2697,BRN_,0.0002,0.00340155,2697 BRN_
2697,BRN_,0.0003,0.00340176,2697 BRN_
2697,BRN_,0.0004,0.00340196,2697 BRN_
2697,BRN_,0.0004,0.00340196,2697 BRN_
2697,BRN_,0.0005,0.00340217,2697 BRN_
2697,BRN_,0.0005,0.00340217,2697 BRN_
2697,BRN_,0.0006,0.00340237,2697 BRN_
2697,BRN_,0.0006,0.00340237,2697 BRN_
2697,BRN_,0.0009,0.00340299,2697 BRN_
2697,BRN_,0.0012,0.00340361,2697 BRN_
2697,BRN_,0.0015,0.00340423,2697 BRN_
2697,BRN_,0.0018,0.00340484,2697 BRN_
2697,BRN_,0.0021,0.00340546,2697 BRN_
2697,BRN_,0.0023,0.00340587,2697 BRN_
2697,BRN_,0.0026,0.00340649,2697 BRN_
2697,BRN_,0.0029,0.00340711,2697 BRN_
2697,BRN_,0.0032,0.00340772,2697 BRN_
2697,BRN_,0.0046,0.0034106,2697 BRN_
2697,BRN_,0.006,0.00341348,2697 BRN_
2697,BRN_,0.0075,0.00341657,2697 BRN_
2697,BRN_,0.0089,0.00341945,2697 BRN_
2697,BRN_,0.0103,0.00342233,2697 BRN_
2697,BRN_,0.0117,0.00342521,2697 BRN_
2697,BRN_,0.0132,0.0034283,2697 BRN_
2697,BRN_,0.0146,0.00343118,2697 BRN_
2697,BRN_,0.016,0.00343406,2697 BRN_
2697,BRN_,0.0231,0.00344866,2697 BRN_
2697,BRN_,0.0302,0.00346327,2697 BRN_
2697,BRN_,0.0373,0.00347787,2697 BRN_
2697,BRN_,0.0444,0.00349248,2697 BRN_
2697,BRN_,0.0516,0.00350729,2697 BRN_
2697,BRN_,0.0587,0.00352189,2697 BRN_
2697,BRN_,0.0658,0.0035365,2697 BRN_
2697,BRN_,0.0729,0.0035511,2697 BRN_
2697,BRN_,0.08,0.00356571,2697 BRN_
2697,BRN_,0.1156,0.00363893,2697 BRN_
2697,BRN_,0.1511,0.00371195,2697 BRN_
2697,BRN_,0.1867,0.00378516,2697 BRN_
2697,BRN_,0.2222,0.00385816,2697 BRN_
2697,BRN_,0.2578,0.00393136,2697 BRN_
2697,BRN_,0.2933,0.00400436,2697 BRN_
2697,BRN_,0.3289,0.00407755,2697 BRN_
2697,BRN_,0.3644,0.00415053,2697 BRN_
2697,BRN_,0.4,0.00422371,2697 BRN_
2697,BRN_,0.5778,0.00458913,2697 BRN_
2697,BRN_,0.7556,0.00495441,2697 BRN_
2697,BRN_,0.9333,0.00531935,2697 BRN_
2697,BRN_,1.1111,0.00568436,2697 BRN_
2697,BRN_,1.2889,0.00604924,2697 BRN_
2697,BRN_,1.4667,0.00641399,2697 BRN_
2697,BRN_,1.6444,0.00677839,2697 BRN_
2697,BRN_,1.8222,0.00714287,2697 BRN_
2697,BRN_,2.0,0.00750721,2697 BRN_
2697,BRN_,2.8889,0.00932673,2697 BRN_
2697,BRN_,3.7778,0.0111429,2697 BRN_
2697,BRN_,4.6667,0.01295575,2697 BRN_
2697,BRN_,5.5556,0.01476527,2697 BRN_
2697,BRN_,6.4444,0.01657127,2697 BRN_
2697,BRN_,7.3333,0.01837416,2697 BRN_
2697,BRN_,8.2222,0.02017375,2697 BRN_
2697,BRN_,9.1111,0.02197004,2697 BRN_
2697,BRN_,10.0,0.02376304,2697 BRN_
2697,BRN_,14.4444,0.03267863,2697 BRN_
2697,BRN_,18.8889,0.04151301,2697 BRN_
2697,BRN_,23.3333,0.0502665,2697 BRN_
2697,BRN_,27.7778,0.05894024,2697 BRN_
2697,BRN_,32.2222,0.06753458,2697 BRN_
2697,BRN_,36.6667,0.07605062,2697 BRN_
2697,BRN_,41.1111,0.08448869,2697 BRN_
2697,BRN_,45.5556,0.09284989,2697 BRN_
2697,BRN_,50.0,0.10113455,2697 BRN_
2697,CRAN,0.0,0.00805553,2697 CRAN
2697,CRAN,0.0,0.00805553,2697 CRAN
2697,CRAN,0.0,0.00805553,2697 CRAN
2697,CRAN,0.0,0.00805553,2697 CRAN
2697,CRAN,0.0001,0.00805553,2697 CRAN
2697,CRAN,0.0001,0.00805553,2697 CRAN
2697,CRAN,0.0001,0.00805553,2697 CRAN
2697,CRAN,0.0001,0.00805553,2697 CRAN
2697,CRAN,0.0001,0.00805553,2697 CRAN
2697,CRAN,0.0001,0.00805553,2697 CRAN
2697,CRAN,0.0002,0.00805554,2697 CRAN
2697,CRAN,0.0002,0.00805554,2697 CRAN
2697,CRAN,0.0003,0.00805555,2697 CRAN
2697,CRAN,0.0004,0.00805556,2697 CRAN
2697,CRAN,0.0004,0.00805556,2697 CRAN
2697,CRAN,0.0005,0.00805557,2697 CRAN
2697,CRAN,0.0005,0.00805557,2697 CRAN
2697,CRAN,0.0006,0.00805558,2697 CRAN
2697,CRAN,0.0006,0.00805558,2697 CRAN
2697,CRAN,0.0009,0.00805562,2697 CRAN
2697,CRAN,0.0012,0.00805566,2697 CRAN
2697,CRAN,0.0015,0.0080557,2697 CRAN
2697,CRAN,0.0018,0.00805575,2697 CRAN
2697,CRAN,0.0021,0.0080558,2697 CRAN
2697,CRAN,0.0023,0.00805583,2697 CRAN
2697,CRAN,0.0026,0.00805589,2697 CRAN
2697,CRAN,0.0029,0.00805594,2697 CRAN
2697,CRAN,0.0032,0.008056,2697 CRAN
2697,CRAN,0.0046,0.00805629,2697 CRAN
2697,CRAN,0.006,0.0080566,2697 CRAN
2697,CRAN,0.0075,0.00805696,2697 CRAN
2697,CRAN,0.0089,0.00805732,2697 CRAN
2697,CRAN,0.0103,0.00805769,2697 CRAN
2697,CRAN,0.0117,0.00805808,2697 CRAN
2697,CRAN,0.0132,0.00805852,2697 CRAN
2697,CRAN,0.0146,0.00805894,2697 CRAN
2697,CRAN,0.016,0.00805937,2697 CRAN
2697,CRAN,0.0231,0.00806173,2697 CRAN
2697,CRAN,0.0302,0.00806432,2697 CRAN
2697,CRAN,0.0373,0.00806709,2697 CRAN
2697,CRAN,0.0444,0.00807004,2697 CRAN
2697,CRAN,0.0516,0.00807317,2697 CRAN
2697,CRAN,0.0587,0.0080764,2697 CRAN
2697,CRAN,0.0658,0.00807974,2697 CRAN
2697,CRAN,0.0729,0.00808319,2697 CRAN
2697,CRAN,0.08,0.00808675,2697 CRAN
2697,CRAN,0.1156,0.00810594,2697 CRAN
2697,CRAN,0.1511,0.00812695,2697 CRAN
2697,CRAN,0.1867,0.00814959,2697 CRAN
2697,CRAN,0.2222,0.0081735,2697 CRAN
2697,CRAN,0.2578,0.00819866,2697 CRAN
2697,CRAN,0.2933,0.00822482,2697 CRAN
2697,CRAN,0.3289,0.00825203,2697 CRAN
2697,CRAN,0.3644,0.00828006,2697 CRAN
2697,CRAN,0.4,0.00830901,2697 CRAN
2697,CRAN,0.5778,0.00846453,2697 CRAN
2697,CRAN,0.7556,0.00863531,2697 CRAN
2697,CRAN,0.9333,0.00881858,2697 CRAN
2697,CRAN,1.1111,0.00901276,2697 CRAN
2697,CRAN,1.2889,0.00921649,2697 CRAN
2697,CRAN,1.4667,0.00942879,2697 CRAN
2697,CRAN,1.6444,0.00964879,2697 CRAN
2697,CRAN,1.8222,0.00987611,2697 CRAN
2697,CRAN,2.0,0.01011011,2697 CRAN
2697,CRAN,2.8889,0.01136678,2697 CRAN
2697,CRAN,3.7778,0.01274361,2697 CRAN
2697,CRAN,4.6667,0.01421816,2697 CRAN
2697,CRAN,5.5556,0.01577548,2697 CRAN
2697,CRAN,6.4444,0.01740452,2697 CRAN
2697,CRAN,7.3333,0.01909734,2697 CRAN
2697,CRAN,8.2222,0.0208471,2697 CRAN
2697,CRAN,9.1111,0.02264835,2697 CRAN
2697,CRAN,10.0,0.0244965,2697 CRAN
2697,CRAN,14.4444,0.03431871,2697 CRAN
2697,CRAN,18.8889,0.04488361,2697 CRAN
2697,CRAN,23.3333,0.05597633,2697 CRAN
2697,CRAN,27.7778,0.06745038,2697 CRAN
2697,CRAN,32.2222,0.07919674,2697 CRAN
2697,CRAN,36.6667,0.09113218,2697 CRAN
2697,CRAN,41.1111,0.10318964,2697 CRAN
2697,CRAN,45.5556,0.11531578,2697 CRAN
2697,CRAN,50.0,0.12746581,2697 CRAN
2697,EDEM,0.0,0.00397761,2697 EDEM
2697,EDEM,0.0,0.00397761,2697 EDEM
2697,EDEM,0.0,0.00397761,2697 EDEM
2697,EDEM,0.0,0.00397761,2697 EDEM
2697,EDEM,0.0001,0.00397761,2697 EDEM
2697,EDEM,0.0001,0.00397761,2697 EDEM
2697,EDEM,0.0001,0.00397761,2697 EDEM
2697,EDEM,0.0001,0.00397761,2697 EDEM
2697,EDEM,0.0001,0.00397761,2697 EDEM
2697,EDEM,0.0001,0.00397761,2697 EDEM
2697,EDEM,0.0002,0.00397761,2697 EDEM
2697,EDEM,0.0002,0.00397761,2697 EDEM
2697,EDEM,0.0003,0.00397761,2697 EDEM
2697,EDEM,0.0004,0.00397761,2697 EDEM
2697,EDEM,0.0004,0.00397761,2697 EDEM
2697,EDEM,0.0005,0.00397761,2697 EDEM
2697,EDEM,0.0005,0.00397761,2697 EDEM
2697,EDEM,0.0006,0.00397761,2697 EDEM
2697,EDEM,0.0006,0.00397761,2697 EDEM
2697,EDEM,0.0009,0.00397761,2697 EDEM
2697,EDEM,0.0012,0.00397761,2697 EDEM
2697,EDEM,0.0015,0.00397762,2697 EDEM
2697,EDEM,0.0018,0.00397762,2697 EDEM
2697,EDEM,0.0021,0.00397762,2697 EDEM
2697,EDEM,0.0023,0.00397763,2697 EDEM
2697,EDEM,0.0026,0.00397763,2697 EDEM
2697,EDEM,0.0029,0.00397763,2697 EDEM
2697,EDEM,0.0032,0.00397764,2697 EDEM
2697,EDEM,0.0046,0.00397766,2697 EDEM
2697,EDEM,0.006,0.00397769,2697 EDEM
2697,EDEM,0.0075,0.00397773,2697 EDEM
2697,EDEM,0.0089,0.00397777,2697 EDEM
2697,EDEM,0.0103,0.00397782,2697 EDEM
2697,EDEM,0.0117,0.00397786,2697 EDEM
2697,EDEM,0.0132,0.00397792,2697 EDEM
2697,EDEM,0.0146,0.00397798,2697 EDEM
2697,EDEM,0.016,0.00397804,2697 EDEM
2697,EDEM,0.0231,0.00397842,2697 EDEM
2697,EDEM,0.0302,0.00397889,2697 EDEM
2697,EDEM,0.0373,0.00397945,2697 EDEM
2697,EDEM,0.0444,0.00398009,2697 EDEM
2697,EDEM,0.0516,0.00398081,2697 EDEM
2697,EDEM,0.0587,0.00398159,2697 EDEM
2697,EDEM,0.0658,0.00398245,2697 EDEM
2697,EDEM,0.0729,0.00398337,2697 EDEM
2697,EDEM,0.08,0.00398435,2697 EDEM
2697,EDEM,0.1156,0.00399023,2697 EDEM
2697,EDEM,0.1511,0.00399752,2697 EDEM
2697,EDEM,0.1867,0.00400614,2697 EDEM
2697,EDEM,0.2222,0.00401597,2697 EDEM
2697,EDEM,0.2578,0.004027,2697 EDEM
2697,EDEM,0.2933,0.00403911,2697 EDEM
2697,EDEM,0.3289,0.00405234,2697 EDEM
2697,EDEM,0.3644,0.00406656,2697 EDEM
2697,EDEM,0.4,0.00408182,2697 EDEM
2697,EDEM,0.5778,0.00417222,2697 EDEM
2697,EDEM,0.7556,0.00428441,2697 EDEM
2697,EDEM,0.9333,0.00441648,2697 EDEM
2697,EDEM,1.1111,0.00456723,2697 EDEM
2697,EDEM,1.2889,0.00473553,2697 EDEM
2697,EDEM,1.4667,0.00492052,2697 EDEM
2697,EDEM,1.6444,0.00512133,2697 EDEM
2697,EDEM,1.8222,0.00533757,2697 EDEM
2697,EDEM,2.0,0.00556856,2697 EDEM
2697,EDEM,2.8889,0.00692879,2697 EDEM
2697,EDEM,3.7778,0.00859912,2697 EDEM
2697,EDEM,4.6667,0.01054597,2697 EDEM
2697,EDEM,5.5556,0.01274366,2697 EDEM
2697,EDEM,6.4444,0.01517112,2697 EDEM
2697,EDEM,7.3333,0.01781138,2697 EDEM
2697,EDEM,8.2222,0.02064905,2697 EDEM
2697,EDEM,9.1111,0.02367079,2697 EDEM
2697,EDEM,10.0,0.02686471,2697 EDEM
2697,EDEM,14.4444,0.0450698,2697 EDEM
2697,EDEM,18.8889,0.06627931,2697 EDEM
2697,EDEM,23.3333,0.08972872,2697 EDEM
2697,EDEM,27.7778,0.11483797,2697 EDEM
2697,EDEM,32.2222,0.14114675,2697 EDEM
2697,EDEM,36.6667,0.16828556,2697 EDEM
2697,EDEM,41.1111,0.19595004,2697 EDEM
2697,EDEM,45.5556,0.22389167,2697 EDEM
2697,EDEM,50.0,0.25190257,2697 EDEM
2697,LTRK,0.0,1.018e-05,2697 LTRK
2697,LTRK,0.0,1.018e-05,2697 LTRK
2697,LTRK,0.0,1.018e-05,2697 LTRK
2697,LTRK,0.0,1.018e-05,2697 LTRK
2697,LTRK,0.0001,0.00016653,2697 LTRK
2697,LTRK,0.0001,0.00016653,2697 LTRK
2697,LTRK,0.0001,0.00016653,2697 LTRK
2697,LTRK,0.0001,0.00016653,2697 LTRK
2697,LTRK,0.0001,0.00016653,2697 LTRK
2697,LTRK,0.0001,0.00016653,2697 LTRK
2697,LTRK,0.0002,0.00024547,2697 LTRK
2697,LTRK,0.0002,0.00024547,2697 LTRK
2697,LTRK,0.0003,0.000309,2697 LTRK
2697,LTRK,0.0004,0.00036421,2697 LTRK
2697,LTRK,0.0004,0.00036421,2697 LTRK
2697,LTRK,0.0005,0.00041396,2697 LTRK
2697,LTRK,0.0005,0.00041396,2697 LTRK
2697,LTRK,0.0006,0.00045976,2697 LTRK
2697,LTRK,0.0006,0.00045976,2697 LTRK
2697,LTRK,0.0009,0.00058106,2697 LTRK
2697,LTRK,0.0012,0.00068648,2697 LTRK
2697,LTRK,0.0015,0.00078147,2697 LTRK
2697,LTRK,0.0018,0.00086888,2697 LTRK
2697,LTRK,0.0021,0.00095047,2697 LTRK
2697,LTRK,0.0023,0.00100221,2697 LTRK
2697,LTRK,0.0026,0.00107646,2697 LTRK
2697,LTRK,0.0029,0.00114725,2697 LTRK
2697,LTRK,0.0032,0.00121509,2697 LTRK
2697,LTRK,0.0046,0.00150197,2697 LTRK
2697,LTRK,0.006,0.00175439,2697 LTRK
2697,LTRK,0.0075,0.00199902,2697 LTRK
2697,LTRK,0.0089,0.0022096,2697 LTRK
2697,LTRK,0.0103,0.00240686,2697 LTRK
2697,LTRK,0.0117,0.0025933,2697 LTRK
2697,LTRK,0.0132,0.00278307,2697 LTRK
2697,LTRK,0.0146,0.00295227,2697 LTRK
2697,LTRK,0.016,0.00311487,2697 LTRK
2697,LTRK,0.0231,0.00386208,2697 LTRK
2697,LTRK,0.0302,0.00451809,2697 LTRK
2697,LTRK,0.0373,0.0051123,2697 LTRK
2697,LTRK,0.0444,0.00566088,2697 LTRK
2697,LTRK,0.0516,0.00618086,2697 LTRK
2697,LTRK,0.0587,0.00666463,2697 LTRK
2697,LTRK,0.0658,0.00712445,2697 LTRK
2697,LTRK,0.0729,0.00756389,2697 LTRK
2697,LTRK,0.08,0.0079857,2697 LTRK
2697,LTRK,0.1156,0.00989847,2697 LTRK
2697,LTRK,0.1511,0.01156917,2697 LTRK
2697,LTRK,0.1867,0.01308371,2697 LTRK
2697,LTRK,0.2222,0.01447544,2697 LTRK
2697,LTRK,0.2578,0.01577831,2697 LTRK
2697,LTRK,0.2933,0.01700255,2697 LTRK
2697,LTRK,0.3289,0.0181676,2697 LTRK
2697,LTRK,0.3644,0.01927624,2697 LTRK
2697,LTRK,0.4,0.02034189,2697 LTRK
2697,LTRK,0.5778,0.02513791,2697 LTRK
2697,LTRK,0.7556,0.02931521,2697 LTRK
2697,LTRK,0.9333,0.03307061,2697 LTRK
2697,LTRK,1.1111,0.03651759,2697 LTRK
2697,LTRK,1.2889,0.03972198,2697 LTRK
2697,LTRK,1.4667,0.04272966,2697 LTRK
2697,LTRK,1.6444,0.04557183,2697 LTRK
2697,LTRK,1.8222,0.04827604,2697 LTRK
2697,LTRK,2.0,0.05085942,2697 LTRK
2697,LTRK,2.8889,0.06239451,2697 LTRK
2697,LTRK,3.7778,0.07230536,2697 LTRK
2697,LTRK,4.6667,0.08111378,2697 LTRK
2697,LTRK,5.5556,0.0891071,2697 LTRK
2697,LTRK,6.4444,0.09646362,2697 LTRK
2697,LTRK,7.3333,0.10330585,2697 LTRK
2697,LTRK,8.2222,0.10971928,2697 LTRK
2697,LTRK,9.1111,0.11576824,2697 LTRK
2697,LTRK,10.0,0.12150221,2697 LTRK
2697,LTRK,14.4444,0.14658715,2697 LTRK
2697,LTRK,18.8889,0.16748448,2697 LTRK
2697,LTRK,23.3333,0.18556959,2697 LTRK
2697,LTRK,27.7778,0.20159935,2697 LTRK
2697,LTRK,32.2222,0.21604256,2697 LTRK
2697,LTRK,36.6667,0.22921555,2697 LTRK
2697,LTRK,41.1111,0.24134218,2697 LTRK
2697,LTRK,45.5556,0.25258938,2697 LTRK
2697,LTRK,50.0,0.26308405,2697 LTRK
2697,MO24,0.0,0.01306641,2697 MO24
2697,MO24,0.0,0.01306641,2697 MO24
2697,MO24,0.0,0.01306641,2697 MO24
2697,MO24,0.0,0.01306641,2697 MO24
2697,MO24,0.0001,0.01310404,2697 MO24
2697,MO24,0.0001,0.01310404,2697 MO24
2697,MO24,0.0001,0.01310404,2697 MO24
2697,MO24,0.0001,0.01310404,2697 MO24
2697,MO24,0.0001,0.01310404,2697 MO24
2697,MO24,0.0001,0.01310404,2697 MO24
2697,MO24,0.0002,0.01312084,2697 MO24
2697,MO24,0.0002,0.01312084,2697 MO24
2697,MO24,0.0003,0.01313397,2697 MO24
2697,MO24,0.0004,0.01314516,2697 MO24
2697,MO24,0.0004,0.01314516,2697 MO24
2697,MO24,0.0005,0.0131551,2697 MO24
2697,MO24,0.0005,0.0131551,2697 MO24
2697,MO24,0.0006,0.01316415,2697 MO24
2697,MO24,0.0006,0.01316415,2697 MO24
2697,MO24,0.0009,0.01318772,2697 MO24
2697,MO24,0.0012,0.01320782,2697 MO24
2697,MO24,0.0015,0.01322567,2697 MO24
2697,MO24,0.0018,0.01324192,2697 MO24
2697,MO24,0.0021,0.01325694,2697 MO24
2697,MO24,0.0023,0.0132664,2697 MO24
2697,MO24,0.0026,0.0132799,2697 MO24
2697,MO24,0.0029,0.01329269,2697 MO24
2697,MO24,0.0032,0.01330488,2697 MO24
2697,MO24,0.0046,0.01335574,2697 MO24
2697,MO24,0.006,0.01339975,2697 MO24
2697,MO24,0.0075,0.01344183,2697 MO24
2697,MO24,0.0089,0.01347767,2697 MO24
2697,MO24,0.0103,0.01351096,2697 MO24
2697,MO24,0.0117,0.0135422,2697 MO24
2697,MO24,0.0132,0.01357378,2697 MO24
2697,MO24,0.0146,0.01360177,2697 MO24
2697,MO24,0.016,0.01362854,2697 MO24
2697,MO24,0.0231,0.01375003,2697 MO24
2697,MO24,0.0302,0.01385496,2697 MO24
2697,MO24,0.0373,0.01394886,2697 MO24
2697,MO24,0.0444,0.0140347,2697 MO24
2697,MO24,0.0516,0.01411542,2697 MO24
2697,MO24,0.0587,0.01419001,2697 MO24
2697,MO24,0.0658,0.01426049,2697 MO24
2697,MO24,0.0729,0.01432749,2697 MO24
2697,MO24,0.08,0.01439151,2697 MO24
2697,MO24,0.1156,0.01467863,2697 MO24
2697,MO24,0.1511,0.0149259,2697 MO24
2697,MO24,0.1867,0.01514776,2697 MO24
2697,MO24,0.2222,0.01535004,2697 MO24
2697,MO24,0.2578,0.0155382,2697 MO24
2697,MO24,0.2933,0.01571408,2697 MO24
2697,MO24,0.3289,0.01588071,2697 MO24
2697,MO24,0.3644,0.01603868,2697 MO24
2697,MO24,0.4,0.01619002,2697 MO24
2697,MO24,0.5778,0.01686614,2697 MO24
2697,MO24,0.7556,0.01745,2697 MO24
2697,MO24,0.9333,0.01797213,2697 MO24
2697,MO24,1.1111,0.01844974,2697 MO24
2697,MO24,1.2889,0.01889278,2697 MO24
2697,MO24,1.4667,0.01930805,2697 MO24
2697,MO24,1.6444,0.01970017,2697 MO24
2697,MO24,1.8222,0.02007314,2697 MO24
2697,MO24,2.0,0.02042945,2697 MO24
2697,MO24,2.8889,0.02202297,2697 MO24
2697,MO24,3.7778,0.02339902,2697 MO24
2697,MO24,4.6667,0.0246302,2697 MO24
2697,MO24,5.5556,0.02575575,2697 MO24
2697,MO24,6.4444,0.02679966,2697 MO24
2697,MO24,7.3333,0.02777824,2697 MO24
2697,MO24,8.2222,0.02870276,2697 MO24
2697,MO24,9.1111,0.0295816,2697 MO24
2697,MO24,10.0,0.03042118,2697 MO24
2697,MO24,14.4444,0.03417597,2697 MO24
2697,MO24,18.8889,0.03741798,2697 MO24
2697,MO24,23.3333,0.04031815,2697 MO24
2697,MO24,27.7778,0.04296918,2697 MO24
2697,MO24,32.2222,0.04542779,2697 MO24
2697,MO24,36.6667,0.047732,2697 MO24
2697,MO24,41.1111,0.04990854,2697 MO24
2697,MO24,45.5556,0.05197729,2697 MO24
2697,MO24,50.0,0.05395328,2697 MO24
2697,NC24,0.0,0.00020156,2697 NC24
2697,NC24,0.0,0.00020156,2697 NC24
2697,NC24,0.0,0.00020156,2697 NC24
2697,NC24,0.0,0.00020156,2697 NC24
2697,NC24,0.0001,0.00393506,2697 NC24
2697,NC24,0.0001,0.00393506,2697 NC24
2697,NC24,0.0001,0.00393506,2697 NC24
2697,NC24,0.0001,0.00393506,2697 NC24
2697,NC24,0.0001,0.00393506,2697 NC24
2697,NC24,0.0001,0.00393506,2697 NC24
2697,NC24,0.0002,0.00471507,2697 NC24
2697,NC24,0.0002,0.00471507,2697 NC24
2697,NC24,0.0003,0.00524099,2697 NC24
2697,NC24,0.0004,0.00564921,2697 NC24
2697,NC24,0.0004,0.00564921,2697 NC24
2697,NC24,0.0005,0.00598754,2697 NC24
2697,NC24,0.0005,0.00598754,2697 NC24
2697,NC24,0.0006,0.00627889,2697 NC24
2697,NC24,0.0006,0.00627889,2697 NC24
2697,NC24,0.0009,0.00697838,2697 NC24
2697,NC24,0.0012,0.00752116,2697 NC24
2697,NC24,0.0015,0.00797089,2697 NC24
2697,NC24,0.0018,0.0083581,2697 NC24
2697,NC24,0.0021,0.00870001,2697 NC24
2697,NC24,0.0023,0.00890826,2697 NC24
2697,NC24,0.0026,0.00919677,2697 NC24
2697,NC24,0.0029,0.00946153,2697 NC24
2697,NC24,0.0032,0.00970667,2697 NC24
2697,NC24,0.0046,0.010666,2697 NC24
2697,NC24,0.006,0.01142736,2697 NC24
2697,NC24,0.0075,0.01210813,2697 NC24
2697,NC24,0.0089,0.0126573,2697 NC24
2697,NC24,0.0103,0.01314549,2697 NC24
2697,NC24,0.0117,0.01358652,2697 NC24
2697,NC24,0.0132,0.0140174,2697 NC24
2697,NC24,0.0146,0.01438779,2697 NC24
2697,NC24,0.016,0.01473259,2697 NC24
2697,NC24,0.0231,0.01619918,2697 NC24
2697,NC24,0.0302,0.01735928,2697 NC24
2697,NC24,0.0373,0.01833043,2697 NC24
2697,NC24,0.0444,0.01917186,2697 NC24
2697,NC24,0.0516,0.01992792,2697 NC24
2697,NC24,0.0587,0.02059972,2697 NC24
2697,NC24,0.0658,0.02121321,2697 NC24
2697,NC24,0.0729,0.02177898,2697 NC24
2697,NC24,0.08,0.02230487,2697 NC24
2697,NC24,0.1156,0.02451245,2697 NC24
2697,NC24,0.1511,0.02625101,2697 NC24
2697,NC24,0.1867,0.02770877,2697 NC24
2697,NC24,0.2222,0.02896696,2697 NC24
2697,NC24,0.2578,0.03008479,2697 NC24
2697,NC24,0.2933,0.03108905,2697 NC24
2697,NC24,0.3289,0.03200794,2697 NC24
2697,NC24,0.3644,0.03285233,2697 NC24
2697,NC24,0.4,0.03363888,2697 NC24
2697,NC24,0.5778,0.03692311,2697 NC24
2697,NC24,0.7556,0.03951138,2697 NC24
2697,NC24,0.9333,0.04167063,2697 NC24
2697,NC24,1.1111,0.04353797,2697 NC24
2697,NC24,1.2889,0.04519022,2697 NC24
2697,NC24,1.4667,0.04667711,2697 NC24
2697,NC24,1.6444,0.04803167,2697 NC24
2697,NC24,1.8222,0.04927948,2697 NC24
2697,NC24,2.0,0.05043755,2697 NC24
2697,NC24,2.8889,0.05526808,2697 NC24
2697,NC24,3.7778,0.05906352,2697 NC24
2697,NC24,4.6667,0.06222378,2697 NC24
2697,NC24,5.5556,0.06494954,2697 NC24
2697,NC24,6.4444,0.06735675,2697 NC24
2697,NC24,7.3333,0.06951984,2697 NC24
2697,NC24,8.2222,0.07148863,2697 NC24
2697,NC24,9.1111,0.07329879,2697 NC24
2697,NC24,10.0,0.07497671,2697 NC24
2697,NC24,14.4444,0.08195489,2697 NC24
2697,NC24,18.8889,0.08741378,2697 NC24
2697,NC24,23.3333,0.09194291,2697 NC24
2697,NC24,27.7778,0.09583772,2697 NC24
2697,NC24,32.2222,0.09926869,2697 NC24
2697,NC24,36.6667,0.10234426,2697 NC24
2697,NC24,41.1111,0.10513764,2697 NC24
2697,NC24,45.5556,0.10770111,2697 NC24
2697,NC24,50.0,0.11007306,2697 NC24
2697,TOT_MORT,0.0,0.02748228,2697 TOT_MORT
2697,TOT_MORT,0.0,0.02748228,2697 TOT_MORT
2697,TOT_MORT,0.0,0.02748228,2697 TOT_MORT
2697,TOT_MORT,0.0,0.02748228,2697 TOT_MORT
2697,TOT_MORT,0.0001,0.02748228,2697 TOT_MORT
2697,TOT_MORT,0.0001,0.02748228,2697 TOT_MORT
2697,TOT_MORT,0.0001,0.02748228,2697 TOT_MORT
2697,TOT_MORT,0.0001,0.02748228,2697 TOT_MORT
2697,TOT_MORT,0.0001,0.02748228,2697 TOT_MORT
2697,TOT_MORT,0.0001,0.02748228,2697 TOT_MORT
2697,TOT_MORT,0.0002,0.02748228,2697 TOT_MORT
2697,TOT_MORT,0.0002,0.02748228,2697 TOT_MORT
2697,TOT_MORT,0.0003,0.02748228,2697 TOT_MORT
2697,TOT_MORT,0.0004,0.02748228,2697 TOT_MORT
2697,TOT_MORT,0.0004,0.02748228,2697 TOT_MORT
2697,TOT_MORT,0.0005,0.02748228,2697 TOT_MORT
2697,TOT_MORT,0.0005,0.02748228,2697 TOT_MORT
2697,TOT_MORT,0.0006,0.02748228,2697 TOT_MORT
2697,TOT_MORT,0.0006,0.02748228,2697 TOT_MORT
2697,TOT_MORT,0.0009,0.02748228,2697 TOT_MORT
2697,TOT_MORT,0.0012,0.02748228,2697 TOT_MORT
2697,TOT_MORT,0.0015,0.02748228,2697 TOT_MORT
2697,TOT_MORT,0.0018,0.02748228,2697 TOT_MORT
2697,TOT_MORT,0.0021,0.02748228,2697 TOT_MORT
2697,TOT_MORT,0.0023,0.02748228,2697 TOT_MORT
2697,TOT_MORT,0.0026,0.02748228,2697 TOT_MORT
2697,TOT_MORT,0.0029,0.02748228,2697 TOT_MORT
2697,TOT_MORT,0.0032,0.02748228,2697 TOT_MORT
2697,TOT_MORT,0.0046,0.02748228,2697 TOT_MORT
2697,TOT_MORT,0.006,0.02748228,2697 TOT_MORT
2697,TOT_MORT,0.0075,0.02748228,2697 TOT_MORT
2697,TOT_MORT,0.0089,0.02748228,2697 TOT_MORT
2697,TOT_MORT,0.0103,0.02748228,2697 TOT_MORT
2697,TOT_MORT,0.0117,0.02748228,2697 TOT_MORT
2697,TOT_MORT,0.0132,0.02748228,2697 TOT_MORT
2697,TOT_MORT,0.0146,0.02748229,2697 TOT_MORT
2697,TOT_MORT,0.016,0.02748229,2697 TOT_MORT
2697,TOT_MORT,0.0231,0.0274823,2697 TOT_MORT
2697,TOT_MORT,0.0302,0.02748231,2697 TOT_MORT
2697,TOT_MORT,0.0373,0.02748233,2697 TOT_MORT
2697,TOT_MORT,0.0444,0.02748236,2697 TOT_MORT
2697,TOT_MORT,0.0516,0.0274824,2697 TOT_MORT
2697,TOT_MORT,0.0587,0.02748244,2697 TOT_MORT
2697,TOT_MORT,0.0658,0.02748249,2697 TOT_MORT
2697,TOT_MORT,0.0729,0.02748255,2697 TOT_MORT
2697,TOT_MORT,0.08,0.02748262,2697 TOT_MORT
2697,TOT_MORT,0.1156,0.02748309,2697 TOT_MORT
2697,TOT_MORT,0.1511,0.02748382,2697 TOT_MORT
2697,TOT_MORT,0.1867,0.02748483,2697 TOT_MORT
2697,TOT_MORT,0.2222,0.02748614,2697 TOT_MORT
2697,TOT_MORT,0.2578,0.02748778,2697 TOT_MORT
2697,TOT_MORT,0.2933,0.02748976,2697 TOT_MORT
2697,TOT_MORT,0.3289,0.02749211,2697 TOT_MORT
2697,TOT_MORT,0.3644,0.02749482,2697 TOT_MORT
2697,TOT_MORT,0.4,0.02749794,2697 TOT_MORT
2697,TOT_MORT,0.5778,0.0275199,2697 TOT_MORT
2697,TOT_MORT,0.7556,0.02755358,2697 TOT_MORT
2697,TOT_MORT,0.9333,0.02760022,2697 TOT_MORT
2697,TOT_MORT,1.1111,0.02766097,2697 TOT_MORT
2697,TOT_MORT,1.2889,0.02773677,2697 TOT_MORT
2697,TOT_MORT,1.4667,0.02782851,2697 TOT_MORT
2697,TOT_MORT,1.6444,0.02793692,2697 TOT_MORT
2697,TOT_MORT,1.8222,0.02806285,2697 TOT_MORT
2697,TOT_MORT,2.0,0.02820695,2697 TOT_MORT
2697,TOT_MORT,2.8889,0.02922103,2697 TOT_MORT
2697,TOT_MORT,3.7778,0.03077203,2697 TOT_MORT
2697,TOT_MORT,4.6667,0.03291329,2697 TOT_MORT
2697,TOT_MORT,5.5556,0.03568706,2697 TOT_MORT
2697,TOT_MORT,6.4444,0.03912609,2697 TOT_MORT
2697,TOT_MORT,7.3333,0.04325634,2697 TOT_MORT
2697,TOT_MORT,8.2222,0.04809535,2697 TOT_MORT
2697,TOT_MORT,9.1111,0.05365411,2697 TOT_MORT
2697,TOT_MORT,10.0,0.05993705,2697 TOT_MORT
2697,TOT_MORT,14.4444,0.10194953,2697 TOT_MORT
2697,TOT_MORT,18.8889,0.15955028,2697 TOT_MORT
2697,TOT_MORT,23.3333,0.22815584,2697 TOT_MORT
2697,TOT_MORT,27.7778,0.30230879,2697 TOT_MORT
2697,TOT_MORT,32.2222,0.37700392,2697 TOT_MORT
2697,TOT_MORT,36.6667,0.44847388,2697 TOT_MORT
2697,TOT_MORT,41.1111,0.51436008,2697 TOT_MORT
2697,TOT_MORT,45.5556,0.57352897,2697 TOT_MORT
2697,TOT_MORT,50.0,0.62571907,2697 TOT_MORT
2698,ALL_BUT_MORT,0.0,0.06137611,2698 ALL_BUT_MORT
2698,ALL_BUT_MORT,0.0,0.06137611,2698 ALL_BUT_MORT
2698,ALL_BUT_MORT,0.0,0.06137611,2698 ALL_BUT_MORT
2698,ALL_BUT_MORT,0.0,0.06137611,2698 ALL_BUT_MORT
2698,ALL_BUT_MORT,0.0001,0.06137677,2698 ALL_BUT_MORT
2698,ALL_BUT_MORT,0.0001,0.06137677,2698 ALL_BUT_MORT
2698,ALL_BUT_MORT,0.0001,0.06137677,2698 ALL_BUT_MORT
2698,ALL_BUT_MORT,0.0001,0.06137677,2698 ALL_BUT_MORT
2698,ALL_BUT_MORT,0.0001,0.06137677,2698 ALL_BUT_MORT
2698,ALL_BUT_MORT,0.0001,0.06137677,2698 ALL_BUT_MORT
2698,ALL_BUT_MORT,0.0002,0.06137743,2698 ALL_BUT_MORT
2698,ALL_BUT_MORT,0.0002,0.06137743,2698 ALL_BUT_MORT
2698,ALL_BUT_MORT,0.0003,0.06137809,2698 ALL_BUT_MORT
2698,ALL_BUT_MORT,0.0004,0.06137875,2698 ALL_BUT_MORT
2698,ALL_BUT_MORT,0.0004,0.06137875,2698 ALL_BUT_MORT
2698,ALL_BUT_MORT,0.0005,0.06137941,2698 ALL_BUT_MORT
2698,ALL_BUT_MORT,0.0005,0.06137941,2698 ALL_BUT_MORT
2698,ALL_BUT_MORT,0.0006,0.06138008,2698 ALL_BUT_MORT
2698,ALL_BUT_MORT,0.0006,0.06138008,2698 ALL_BUT_MORT
2698,ALL_BUT_MORT,0.0009,0.06138206,2698 ALL_BUT_MORT
2698,ALL_BUT_MORT,0.0012,0.06138405,2698 ALL_BUT_MORT
2698,ALL_BUT_MORT,0.0015,0.06138603,2698 ALL_BUT_MORT
2698,ALL_BUT_MORT,0.0018,0.06138802,2698 ALL_BUT_MORT
2698,ALL_BUT_MORT,0.0021,0.06139,2698 ALL_BUT_MORT
2698,ALL_BUT_MORT,0.0023,0.06139132,2698 ALL_BUT_MORT
2698,ALL_BUT_MORT,0.0026,0.06139331,2698 ALL_BUT_MORT
2698,ALL_BUT_MORT,0.0029,0.06139529,2698 ALL_BUT_MORT
2698,ALL_BUT_MORT,0.0032,0.06139728,2698 ALL_BUT_MORT
2698,ALL_BUT_MORT,0.0046,0.06140654,2698 ALL_BUT_MORT
2698,ALL_BUT_MORT,0.006,0.06141581,2698 ALL_BUT_MORT
2698,ALL_BUT_MORT,0.0075,0.06142573,2698 ALL_BUT_MORT
2698,ALL_BUT_MORT,0.0089,0.06143499,2698 ALL_BUT_MORT
2698,ALL_BUT_MORT,0.0103,0.06144426,2698 ALL_BUT_MORT
2698,ALL_BUT_MORT,0.0117,0.06145352,2698 ALL_BUT_MORT
2698,ALL_BUT_MORT,0.0132,0.06146344,2698 ALL_BUT_MORT
2698,ALL_BUT_MORT,0.0146,0.06147271,2698 ALL_BUT_MORT
2698,ALL_BUT_MORT,0.016,0.06148197,2698 ALL_BUT_MORT
2698,ALL_BUT_MORT,0.0231,0.06152894,2698 ALL_BUT_MORT
2698,ALL_BUT_MORT,0.0302,0.06157592,2698 ALL_BUT_MORT
2698,ALL_BUT_MORT,0.0373,0.06162288,2698 ALL_BUT_MORT
2698,ALL_BUT_MORT,0.0444,0.06166985,2698 ALL_BUT_MORT
2698,ALL_BUT_MORT,0.0516,0.06171748,2698 ALL_BUT_MORT
2698,ALL_BUT_MORT,0.0587,0.06176444,2698 ALL_BUT_MORT
2698,ALL_BUT_MORT,0.0658,0.0618114,2698 ALL_BUT_MORT
2698,ALL_BUT_MORT,0.0729,0.06185835,2698 ALL_BUT_MORT
2698,ALL_BUT_MORT,0.08,0.06190531,2698 ALL_BUT_MORT
2698,ALL_BUT_MORT,0.1156,0.06214071,2698 ALL_BUT_MORT
2698,ALL_BUT_MORT,0.1511,0.06237539,2698 ALL_BUT_MORT
2698,ALL_BUT_MORT,0.1867,0.06261067,2698 ALL_BUT_MORT
2698,ALL_BUT_MORT,0.2222,0.06284523,2698 ALL_BUT_MORT
2698,ALL_BUT_MORT,0.2578,0.0630804,2698 ALL_BUT_MORT
2698,ALL_BUT_MORT,0.2933,0.06331484,2698 ALL_BUT_MORT
2698,ALL_BUT_MORT,0.3289,0.06354989,2698 ALL_BUT_MORT
2698,ALL_BUT_MORT,0.3644,0.06378421,2698 ALL_BUT_MORT
2698,ALL_BUT_MORT,0.4,0.06401914,2698 ALL_BUT_MORT
2698,ALL_BUT_MORT,0.5778,0.06519158,2698 ALL_BUT_MORT
2698,ALL_BUT_MORT,0.7556,0.06636255,2698 ALL_BUT_MORT
2698,ALL_BUT_MORT,0.9333,0.0675314,2698 ALL_BUT_MORT
2698,ALL_BUT_MORT,1.1111,0.06869944,2698 ALL_BUT_MORT
2698,ALL_BUT_MORT,1.2889,0.06986601,2698 ALL_BUT_MORT
2698,ALL_BUT_MORT,1.4667,0.07103113,2698 ALL_BUT_MORT
2698,ALL_BUT_MORT,1.6444,0.07219413,2698 ALL_BUT_MORT
2698,ALL_BUT_MORT,1.8222,0.07335633,2698 ALL_BUT_MORT
2698,ALL_BUT_MORT,2.0,0.07451707,2698 ALL_BUT_MORT
2698,ALL_BUT_MORT,2.8889,0.08029836,2698 ALL_BUT_MORT
2698,ALL_BUT_MORT,3.7778,0.08604354,2698 ALL_BUT_MORT
2698,ALL_BUT_MORT,4.6667,0.09175283,2698 ALL_BUT_MORT
2698,ALL_BUT_MORT,5.5556,0.09742646,2698 ALL_BUT_MORT
2698,ALL_BUT_MORT,6.4444,0.10306401,2698 ALL_BUT_MORT
2698,ALL_BUT_MORT,7.3333,0.10866697,2698 ALL_BUT_MORT
2698,ALL_BUT_MORT,8.2222,0.11423494,2698 ALL_BUT_MORT
2698,ALL_BUT_MORT,9.1111,0.11976812,2698 ALL_BUT_MORT
2698,ALL_BUT_MORT,10.0,0.12526674,2698 ALL_BUT_MORT
2698,ALL_BUT_MORT,14.4444,0.15224828,2698 ALL_BUT_MORT
2698,ALL_BUT_MORT,18.8889,0.17839814,2698 ALL_BUT_MORT
2698,ALL_BUT_MORT,23.3333,0.20374082,2698 ALL_BUT_MORT
2698,ALL_BUT_MORT,27.7778,0.22830233,2698 ALL_BUT_MORT
2698,ALL_BUT_MORT,32.2222,0.25210569,2698 ALL_BUT_MORT
2698,ALL_BUT_MORT,36.6667,0.27517534,2698 ALL_BUT_MORT
2698,ALL_BUT_MORT,41.1111,0.29753288,2698 ALL_BUT_MORT
2698,ALL_BUT_MORT,45.5556,0.31920127,2698 ALL_BUT_MORT
2698,ALL_BUT_MORT,50.0,0.34020082,2698 ALL_BUT_MORT
2698,ANY120,0.0,0.09746199,2698 ANY120
2698,ANY120,0.0,0.09746199,2698 ANY120
2698,ANY120,0.0,0.09746199,2698 ANY120
2698,ANY120,0.0,0.09746199,2698 ANY120
2698,ANY120,0.0001,0.09746199,2698 ANY120
2698,ANY120,0.0001,0.09746199,2698 ANY120
2698,ANY120,0.0001,0.09746199,2698 ANY120
2698,ANY120,0.0001,0.09746199,2698 ANY120
2698,ANY120,0.0001,0.09746199,2698 ANY120
2698,ANY120,0.0001,0.09746199,2698 ANY120
2698,ANY120,0.0002,0.09746199,2698 ANY120
2698,ANY120,0.0002,0.09746199,2698 ANY120
2698,ANY120,0.0003,0.09746199,2698 ANY120
2698,ANY120,0.0004,0.09746199,2698 ANY120
2698,ANY120,0.0004,0.09746199,2698 ANY120
2698,ANY120,0.0005,0.09746199,2698 ANY120
2698,ANY120,0.0005,0.09746199,2698 ANY120
2698,ANY120,0.0006,0.09746199,2698 ANY120
2698,ANY120,0.0006,0.09746199,2698 ANY120
2698,ANY120,0.0009,0.097462,2698 ANY120
2698,ANY120,0.0012,0.097462,2698 ANY120
2698,ANY120,0.0015,0.09746201,2698 ANY120
2698,ANY120,0.0018,0.09746202,2698 ANY120
2698,ANY120,0.0021,0.09746203,2698 ANY120
2698,ANY120,0.0023,0.09746203,2698 ANY120
2698,ANY120,0.0026,0.09746205,2698 ANY120
2698,ANY120,0.0029,0.09746206,2698 ANY120
2698,ANY120,0.0032,0.09746207,2698 ANY120
2698,ANY120,0.0046,0.09746215,2698 ANY120
2698,ANY120,0.006,0.09746225,2698 ANY120
2698,ANY120,0.0075,0.09746237,2698 ANY120
2698,ANY120,0.0089,0.09746251,2698 ANY120
2698,ANY120,0.0103,0.09746266,2698 ANY120
2698,ANY120,0.0117,0.09746283,2698 ANY120
2698,ANY120,0.0132,0.09746304,2698 ANY120
2698,ANY120,0.0146,0.09746324,2698 ANY120
2698,ANY120,0.016,0.09746346,2698 ANY120
2698,ANY120,0.0231,0.09746479,2698 ANY120
2698,ANY120,0.0302,0.09746648,2698 ANY120
2698,ANY120,0.0373,0.0974685,2698 ANY120
2698,ANY120,0.0444,0.09747084,2698 ANY120
2698,ANY120,0.0516,0.09747352,2698 ANY120
2698,ANY120,0.0587,0.09747645,2698 ANY120
2698,ANY120,0.0658,0.09747966,2698 ANY120
2698,ANY120,0.0729,0.09748315,2698 ANY120
2698,ANY120,0.08,0.09748691,2698 ANY120
2698,ANY120,0.1156,0.0975096,2698 ANY120
2698,ANY120,0.1511,0.09753823,2698 ANY120
2698,ANY120,0.1867,0.09757258,2698 ANY120
2698,ANY120,0.2222,0.09761217,2698 ANY120
2698,ANY120,0.2578,0.09765701,2698 ANY120
2698,ANY120,0.2933,0.09770666,2698 ANY120
2698,ANY120,0.3289,0.09776124,2698 ANY120
2698,ANY120,0.3644,0.09782033,2698 ANY120
2698,ANY120,0.4,0.09788412,2698 ANY120
2698,ANY120,0.5778,0.09826769,2698 ANY120
2698,ANY120,0.7556,0.09875295,2698 ANY120
2698,ANY120,0.9333,0.09933289,2698 ANY120
2698,ANY120,1.1111,0.10000319,2698 ANY120
2698,ANY120,1.2889,0.10075961,2698 ANY120
2698,ANY120,1.4667,0.10159886,2698 ANY120
2698,ANY120,1.6444,0.10251759,2698 ANY120
2698,ANY120,1.8222,0.10351438,2698 ANY120
2698,ANY120,2.0,0.10458655,2698 ANY120
2698,ANY120,2.8889,0.11101339,2698 ANY120
2698,ANY120,3.7778,0.11908178,2698 ANY120
2698,ANY120,4.6667,0.12863976,2698 ANY120
2698,ANY120,5.5556,0.13955961,2698 ANY120
2698,ANY120,6.4444,0.15172597,2698 ANY120
2698,ANY120,7.3333,0.16503631,2698 ANY120
2698,ANY120,8.2222,0.17939003,2698 ANY120
2698,ANY120,9.1111,0.19469223,2698 ANY120
2698,ANY120,10.0,0.21085154,2698 ANY120
2698,ANY120,14.4444,0.30150398,2698 ANY120
2698,ANY120,18.8889,0.40146883,2698 ANY120
2698,ANY120,23.3333,0.50245989,2698 ANY120
2698,ANY120,27.7778,0.5981656,2698 ANY120
2698,ANY120,32.2222,0.68430469,2698 ANY120
2698,ANY120,36.6667,0.75850318,2698 ANY120
2698,ANY120,41.1111,0.81997223,2698 ANY120
2698,ANY120,45.5556,0.86912595,2698 ANY120
2698,ANY120,50.0,0.90716155,2698 ANY120
2698,ANY24,0.0,0.03173319,2698 ANY24
2698,ANY24,0.0,0.03173319,2698 ANY24
2698,ANY24,0.0,0.03173319,2698 ANY24
2698,ANY24,0.0,0.03173319,2698 ANY24
2698,ANY24,0.0001,0.03174847,2698 ANY24
2698,ANY24,0.0001,0.03174847,2698 ANY24
2698,ANY24,0.0001,0.03174847,2698 ANY24
2698,ANY24,0.0001,0.03174847,2698 ANY24
2698,ANY24,0.0001,0.03174847,2698 ANY24
2698,ANY24,0.0001,0.03174847,2698 ANY24
2698,ANY24,0.0002,0.03175751,2698 ANY24
2698,ANY24,0.0002,0.03175751,2698 ANY24
2698,ANY24,0.0003,0.0317651,2698 ANY24
2698,ANY24,0.0004,0.03177188,2698 ANY24
2698,ANY24,0.0004,0.03177188,2698 ANY24
2698,ANY24,0.0005,0.03177813,2698 ANY24
2698,ANY24,0.0005,0.03177813,2698 ANY24
2698,ANY24,0.0006,0.03178396,2698 ANY24
2698,ANY24,0.0006,0.03178396,2698 ANY24
2698,ANY24,0.0009,0.03179982,2698 ANY24
2698,ANY24,0.0012,0.03181398,2698 ANY24
2698,ANY24,0.0015,0.03182701,2698 ANY24
2698,ANY24,0.0018,0.0318392,2698 ANY24
2698,ANY24,0.0021,0.03185074,2698 ANY24
2698,ANY24,0.0023,0.03185813,2698 ANY24
2698,ANY24,0.0026,0.03186882,2698 ANY24
2698,ANY24,0.0029,0.03187912,2698 ANY24
2698,ANY24,0.0032,0.03188907,2698 ANY24
2698,ANY24,0.0046,0.03193198,2698 ANY24
2698,ANY24,0.006,0.03197072,2698 ANY24
2698,ANY24,0.0075,0.03200903,2698 ANY24
2698,ANY24,0.0089,0.03204255,2698 ANY24
2698,ANY24,0.0103,0.03207437,2698 ANY24
2698,ANY24,0.0117,0.03210478,2698 ANY24
2698,ANY24,0.0132,0.03213607,2698 ANY24
2698,ANY24,0.0146,0.03216422,2698 ANY24
2698,ANY24,0.016,0.03219149,2698 ANY24
2698,ANY24,0.0231,0.03231936,2698 ANY24
2698,ANY24,0.0302,0.03243467,2698 ANY24
2698,ANY24,0.0373,0.03254128,2698 ANY24
2698,ANY24,0.0444,0.03264136,2698 ANY24
2698,ANY24,0.0516,0.03273758,2698 ANY24
2698,ANY24,0.0587,0.0328282,2698 ANY24
2698,ANY24,0.0658,0.03291526,2698 ANY24
2698,ANY24,0.0729,0.03299927,2698 ANY24
2698,ANY24,0.08,0.03308062,2698 ANY24
2698,ANY24,0.1156,0.03345755,2698 ANY24
2698,ANY24,0.1511,0.03379647,2698 ANY24
2698,ANY24,0.1867,0.03411069,2698 ANY24
2698,ANY24,0.2222,0.03440481,2698 ANY24
2698,ANY24,0.2578,0.03468451,2698 ANY24
2698,ANY24,0.2933,0.03495097,2698 ANY24
2698,ANY24,0.3289,0.03520767,2698 ANY24
2698,ANY24,0.3644,0.03545466,2698 ANY24
2698,ANY24,0.4,0.03569448,2698 ANY24
2698,ANY24,0.5778,0.03680124,2698 ANY24
2698,ANY24,0.7556,0.03779909,2698 ANY24
2698,ANY24,0.9333,0.03872103,2698 ANY24
2698,ANY24,1.1111,0.03958682,2698 ANY24
2698,ANY24,1.2889,0.04040779,2698 ANY24
2698,ANY24,1.4667,0.04119201,2698 ANY24
2698,ANY24,1.6444,0.04194491,2698 ANY24
2698,ANY24,1.8222,0.04267171,2698 ANY24
2698,ANY24,2.0,0.04337536,2698 ANY24
2698,ANY24,2.8889,0.04662528,2698 ANY24
2698,ANY24,3.7778,0.04955421,2698 ANY24
2698,ANY24,4.6667,0.05226065,2698 ANY24
2698,ANY24,5.5556,0.05479976,2698 ANY24
2698,ANY24,6.4444,0.05720616,2698 ANY24
2698,ANY24,7.3333,0.05950418,2698 ANY24
2698,ANY24,8.2222,0.06171071,2698 ANY24
2698,ANY24,9.1111,0.06383863,2698 ANY24
2698,ANY24,10.0,0.06589796,2698 ANY24
2698,ANY24,14.4444,0.07539841,2698 ANY24
2698,ANY24,18.8889,0.08394286,2698 ANY24
2698,ANY24,23.3333,0.09182157,2698 ANY24
2698,ANY24,27.7778,0.09919797,2698 ANY24
2698,ANY24,32.2222,0.10617485,2698 ANY24
2698,ANY24,36.6667,0.11282301,2698 ANY24
2698,ANY24,41.1111,0.11919305,2698 ANY24
2698,ANY24,45.5556,0.12532352,2698 ANY24
2698,ANY24,50.0,0.13124388,2698 ANY24
2698,AXIS,0.0,0.0206925,2698 AXIS
2698,AXIS,0.0,0.0206925,2698 AXIS
2698,AXIS,0.0,0.0206925,2698 AXIS
2698,AXIS,0.0,0.0206925,2698 AXIS
2698,AXIS,0.0001,0.02069251,2698 AXIS
2698,AXIS,0.0001,0.02069251,2698 AXIS
2698,AXIS,0.0001,0.02069251,2698 AXIS
2698,AXIS,0.0001,0.02069251,2698 AXIS
2698,AXIS,0.0001,0.02069251,2698 AXIS
2698,AXIS,0.0001,0.02069251,2698 AXIS
2698,AXIS,0.0002,0.02069252,2698 AXIS
2698,AXIS,0.0002,0.02069252,2698 AXIS
2698,AXIS,0.0003,0.02069253,2698 AXIS
2698,AXIS,0.0004,0.02069255,2698 AXIS
2698,AXIS,0.0004,0.02069255,2698 AXIS
2698,AXIS,0.0005,0.02069256,2698 AXIS
2698,AXIS,0.0005,0.02069256,2698 AXIS
2698,AXIS,0.0006,0.02069258,2698 AXIS
2698,AXIS,0.0006,0.02069258,2698 AXIS
2698,AXIS,0.0009,0.02069264,2698 AXIS
2698,AXIS,0.0012,0.02069271,2698 AXIS
2698,AXIS,0.0015,0.02069278,2698 AXIS
2698,AXIS,0.0018,0.02069286,2698 AXIS
2698,AXIS,0.0021,0.02069294,2698 AXIS
2698,AXIS,0.0023,0.020693,2698 AXIS
2698,AXIS,0.0026,0.02069309,2698 AXIS
2698,AXIS,0.0029,0.02069318,2698 AXIS
2698,AXIS,0.0032,0.02069328,2698 AXIS
2698,AXIS,0.0046,0.02069377,2698 AXIS
2698,AXIS,0.006,0.02069431,2698 AXIS
2698,AXIS,0.0075,0.02069495,2698 AXIS
2698,AXIS,0.0089,0.02069558,2698 AXIS
2698,AXIS,0.0103,0.02069625,2698 AXIS
2698,AXIS,0.0117,0.02069695,2698 AXIS
2698,AXIS,0.0132,0.02069774,2698 AXIS
2698,AXIS,0.0146,0.0206985,2698 AXIS
2698,AXIS,0.016,0.02069929,2698 AXIS
2698,AXIS,0.0231,0.02070363,2698 AXIS
2698,AXIS,0.0302,0.02070847,2698 AXIS
2698,AXIS,0.0373,0.02071373,2698 AXIS
2698,AXIS,0.0444,0.02071934,2698 AXIS
2698,AXIS,0.0516,0.02072536,2698 AXIS
2698,AXIS,0.0587,0.02073159,2698 AXIS
2698,AXIS,0.0658,0.02073809,2698 AXIS
2698,AXIS,0.0729,0.02074483,2698 AXIS
2698,AXIS,0.08,0.02075181,2698 AXIS
2698,AXIS,0.1156,0.02078987,2698 AXIS
2698,AXIS,0.1511,0.02083215,2698 AXIS
2698,AXIS,0.1867,0.02087818,2698 AXIS
2698,AXIS,0.2222,0.02092723,2698 AXIS
2698,AXIS,0.2578,0.02097922,2698 AXIS
2698,AXIS,0.2933,0.02103361,2698 AXIS
2698,AXIS,0.3289,0.02109049,2698 AXIS
2698,AXIS,0.3644,0.02114938,2698 AXIS
2698,AXIS,0.4,0.02121045,2698 AXIS
2698,AXIS,0.5778,0.02154217,2698 AXIS
2698,AXIS,0.7556,0.0219115,2698 AXIS
2698,AXIS,0.9333,0.02231195,2698 AXIS
2698,AXIS,1.1111,0.02273975,2698 AXIS
2698,AXIS,1.2889,0.02319165,2698 AXIS
2698,AXIS,1.4667,0.0236653,2698 AXIS
2698,AXIS,1.6444,0.02415856,2698 AXIS
2698,AXIS,1.8222,0.02467045,2698 AXIS
2698,AXIS,2.0,0.02519942,2698 AXIS
2698,AXIS,2.8889,0.02806621,2698 AXIS
2698,AXIS,3.7778,0.0312406,2698 AXIS
2698,AXIS,4.6667,0.03466367,2698 AXIS
2698,AXIS,5.5556,0.03829507,2698 AXIS
2698,AXIS,6.4444,0.04210438,2698 AXIS
2698,AXIS,7.3333,0.04606896,2698 AXIS
2698,AXIS,8.2222,0.05016929,2698 AXIS
2698,AXIS,9.1111,0.05438939,2698 AXIS
2698,AXIS,10.0,0.05871562,2698 AXIS
2698,AXIS,14.4444,0.08156962,2698 AXIS
2698,AXIS,18.8889,0.1057615,2698 AXIS
2698,AXIS,23.3333,0.13062339,2698 AXIS
2698,AXIS,27.7778,0.15570845,2698 AXIS
2698,AXIS,32.2222,0.18070168,2698 AXIS
2698,AXIS,36.6667,0.20538066,2698 AXIS
2698,AXIS,41.1111,0.22958496,2698 AXIS
2698,AXIS,45.5556,0.25320353,2698 AXIS
2698,AXIS,50.0,0.27615842,2698 AXIS
2698,BRN_,0.0,0.02056988,2698 BRN_
2698,BRN_,0.0,0.02056988,2698 BRN_
2698,BRN_,0.0,0.02056988,2698 BRN_
2698,BRN_,0.0,0.02056988,2698 BRN_
2698,BRN_,0.0001,0.02057,2698 BRN_
2698,BRN_,0.0001,0.02057,2698 BRN_
2698,BRN_,0.0001,0.02057,2698 BRN_
2698,BRN_,0.0001,0.02057,2698 BRN_
2698,BRN_,0.0001,0.02057,2698 BRN_
2698,BRN_,0.0001,0.02057,2698 BRN_
2698,BRN_,0.0002,0.02057012,2698 BRN_
2698,BRN_,0.0002,0.02057012,2698 BRN_
2698,BRN_,0.0003,0.02057024,2698 BRN_
2698,BRN_,0.0004,0.02057037,2698 BRN_
2698,BRN_,0.0004,0.02057037,2698 BRN_
2698,BRN_,0.0005,0.0205705,2698 BRN_
2698,BRN_,0.0005,0.0205705,2698 BRN_
2698,BRN_,0.0006,0.02057063,2698 BRN_
2698,BRN_,0.0006,0.02057063,2698 BRN_
2698,BRN_,0.0009,0.02057103,2698 BRN_
2698,BRN_,0.0012,0.02057144,2698 BRN_
2698,BRN_,0.0015,0.02057186,2698 BRN_
2698,BRN_,0.0018,0.02057228,2698 BRN_
2698,BRN_,0.0021,0.02057271,2698 BRN_
2698,BRN_,0.0023,0.02057299,2698 BRN_
2698,BRN_,0.0026,0.02057342,2698 BRN_
2698,BRN_,0.0029,0.02057386,2698 BRN_
2698,BRN_,0.0032,0.0205743,2698 BRN_
2698,BRN_,0.0046,0.02057637,2698 BRN_
2698,BRN_,0.006,0.02057849,2698 BRN_
2698,BRN_,0.0075,0.02058078,2698 BRN_
2698,BRN_,0.0089,0.02058296,2698 BRN_
2698,BRN_,0.0103,0.02058515,2698 BRN_
2698,BRN_,0.0117,0.02058736,2698 BRN_
2698,BRN_,0.0132,0.02058975,2698 BRN_
2698,BRN_,0.0146,0.02059199,2698 BRN_
2698,BRN_,0.016,0.02059425,2698 BRN_
2698,BRN_,0.0231,0.02060587,2698 BRN_
2698,BRN_,0.0302,0.02061771,2698 BRN_
2698,BRN_,0.0373,0.02062973,2698 BRN_
2698,BRN_,0.0444,0.02064189,2698 BRN_
2698,BRN_,0.0516,0.02065435,2698 BRN_
2698,BRN_,0.0587,0.02066674,2698 BRN_
2698,BRN_,0.0658,0.02067922,2698 BRN_
2698,BRN_,0.0729,0.02069178,2698 BRN_
2698,BRN_,0.08,0.02070442,2698 BRN_
2698,BRN_,0.1156,0.02076874,2698 BRN_
2698,BRN_,0.1511,0.02083411,2698 BRN_
2698,BRN_,0.1867,0.02090063,2698 BRN_
2698,BRN_,0.2222,0.02096775,2698 BRN_
2698,BRN_,0.2578,0.02103571,2698 BRN_
2698,BRN_,0.2933,0.02110405,2698 BRN_
2698,BRN_,0.3289,0.02117309,2698 BRN_
2698,BRN_,0.3644,0.02124238,2698 BRN_
2698,BRN_,0.4,0.02131229,2698 BRN_
2698,BRN_,0.5778,0.02166649,2698 BRN_
2698,BRN_,0.7556,0.02202732,2698 BRN_
2698,BRN_,0.9333,0.022393,2698 BRN_
2698,BRN_,1.1111,0.02276295,2698 BRN_
2698,BRN_,1.2889,0.0231363,2698 BRN_
2698,BRN_,1.4667,0.02351257,2698 BRN_
2698,BRN_,1.6444,0.02389115,2698 BRN_
2698,BRN_,1.8222,0.02427219,2698 BRN_
2698,BRN_,2.0,0.02465524,2698 BRN_
2698,BRN_,2.8889,0.02659433,2698 BRN_
2698,BRN_,3.7778,0.02856323,2698 BRN_
2698,BRN_,4.6667,0.03055306,2698 BRN_
2698,BRN_,5.5556,0.03255826,2698 BRN_
2698,BRN_,6.4444,0.0345748,2698 BRN_
2698,BRN_,7.3333,0.03660034,2698 BRN_
2698,BRN_,8.2222,0.03863255,2698 BRN_
2698,BRN_,9.1111,0.04066973,2698 BRN_
2698,BRN_,10.0,0.04271053,2698 BRN_
2698,BRN_,14.4444,0.05293484,2698 BRN_
2698,BRN_,18.8889,0.06313599,2698 BRN_
2698,BRN_,23.3333,0.07326517,2698 BRN_
2698,BRN_,27.7778,0.08329444,2698 BRN_
2698,BRN_,32.2222,0.09320541,2698 BRN_
2698,BRN_,36.6667,0.1029868,2698 BRN_
2698,BRN_,41.1111,0.11263043,2698 BRN_
2698,BRN_,45.5556,0.1221317,2698 BRN_
2698,BRN_,50.0,0.13148706,2698 BRN_
2698,CRAN,0.0,0.01584055,2698 CRAN
2698,CRAN,0.0,0.01584055,2698 CRAN
2698,CRAN,0.0,0.01584055,2698 CRAN
2698,CRAN,0.0,0.01584055,2698 CRAN
2698,CRAN,0.0001,0.01584055,2698 CRAN
2698,CRAN,0.0001,0.01584055,2698 CRAN
2698,CRAN,0.0001,0.01584055,2698 CRAN
2698,CRAN,0.0001,0.01584055,2698 CRAN
2698,CRAN,0.0001,0.01584055,2698 CRAN
2698,CRAN,0.0001,0.01584055,2698 CRAN
2698,CRAN,0.0002,0.01584056,2698 CRAN
2698,CRAN,0.0002,0.01584056,2698 CRAN
2698,CRAN,0.0003,0.01584056,2698 CRAN
2698,CRAN,0.0004,0.01584056,2698 CRAN
2698,CRAN,0.0004,0.01584056,2698 CRAN
2698,CRAN,0.0005,0.01584057,2698 CRAN
2698,CRAN,0.0005,0.01584057,2698 CRAN
2698,CRAN,0.0006,0.01584057,2698 CRAN
2698,CRAN,0.0006,0.01584057,2698 CRAN
2698,CRAN,0.0009,0.01584059,2698 CRAN
2698,CRAN,0.0012,0.01584061,2698 CRAN
2698,CRAN,0.0015,0.01584063,2698 CRAN
2698,CRAN,0.0018,0.01584066,2698 CRAN
2698,CRAN,0.0021,0.01584069,2698 CRAN
2698,CRAN,0.0023,0.01584071,2698 CRAN
2698,CRAN,0.0026,0.01584074,2698 CRAN
2698,CRAN,0.0029,0.01584077,2698 CRAN
2698,CRAN,0.0032,0.01584081,2698 CRAN
2698,CRAN,0.0046,0.01584099,2698 CRAN
2698,CRAN,0.006,0.0158412,2698 CRAN
2698,CRAN,0.0075,0.01584145,2698 CRAN
2698,CRAN,0.0089,0.01584171,2698 CRAN
2698,CRAN,0.0103,0.01584199,2698 CRAN
2698,CRAN,0.0117,0.01584229,2698 CRAN
2698,CRAN,0.0132,0.01584263,2698 CRAN
2698,CRAN,0.0146,0.01584297,2698 CRAN
2698,CRAN,0.016,0.01584332,2698 CRAN
2698,CRAN,0.0231,0.01584532,2698 CRAN
2698,CRAN,0.0302,0.01584766,2698 CRAN
2698,CRAN,0.0373,0.01585028,2698 CRAN
2698,CRAN,0.0444,0.01585315,2698 CRAN
2698,CRAN,0.0516,0.0158563,2698 CRAN
2698,CRAN,0.0587,0.01585963,2698 CRAN
2698,CRAN,0.0658,0.01586316,2698 CRAN
2698,CRAN,0.0729,0.01586688,2698 CRAN
2698,CRAN,0.08,0.01587077,2698 CRAN
2698,CRAN,0.1156,0.01589277,2698 CRAN
2698,CRAN,0.1511,0.01591829,2698 CRAN
2698,CRAN,0.1867,0.015947,2698 CRAN
2698,CRAN,0.2222,0.01597841,2698 CRAN
2698,CRAN,0.2578,0.01601247,2698 CRAN
2698,CRAN,0.2933,0.01604878,2698 CRAN
2698,CRAN,0.3289,0.01608741,2698 CRAN
2698,CRAN,0.3644,0.01612801,2698 CRAN
2698,CRAN,0.4,0.01617069,2698 CRAN
2698,CRAN,0.5778,0.01641059,2698 CRAN
2698,CRAN,0.7556,0.01668953,2698 CRAN
2698,CRAN,0.9333,0.01700213,2698 CRAN
2698,CRAN,1.1111,0.01734515,2698 CRAN
2698,CRAN,1.2889,0.01771572,2698 CRAN
2698,CRAN,1.4667,0.01811174,2698 CRAN
2698,CRAN,1.6444,0.01853123,2698 CRAN
2698,CRAN,1.8222,0.01897323,2698 CRAN
2698,CRAN,2.0,0.01943628,2698 CRAN
2698,CRAN,2.8889,0.02203384,2698 CRAN
2698,CRAN,3.7778,0.0250385,2698 CRAN
2698,CRAN,4.6667,0.02838784,2698 CRAN
2698,CRAN,5.5556,0.03203709,2698 CRAN
2698,CRAN,6.4444,0.03595114,2698 CRAN
2698,CRAN,7.3333,0.0401027,2698 CRAN
2698,CRAN,8.2222,0.04446764,2698 CRAN
2698,CRAN,9.1111,0.04902556,2698 CRAN
2698,CRAN,10.0,0.0537585,2698 CRAN
2698,CRAN,14.4444,0.07953919,2698 CRAN
2698,CRAN,18.8889,0.10781871,2698 CRAN
2698,CRAN,23.3333,0.13754818,2698 CRAN
2698,CRAN,27.7778,0.16797479,2698 CRAN
2698,CRAN,32.2222,0.19854206,2698 CRAN
2698,CRAN,36.6667,0.22884218,2698 CRAN
2698,CRAN,41.1111,0.25857541,2698 CRAN
2698,CRAN,45.5556,0.28753002,2698 CRAN
2698,CRAN,50.0,0.31555764,2698 CRAN
2698,EDEM,0.0,0.02361691,2698 EDEM
2698,EDEM,0.0,0.02361691,2698 EDEM
2698,EDEM,0.0,0.02361691,2698 EDEM
2698,EDEM,0.0,0.02361691,2698 EDEM
2698,EDEM,0.0001,0.02361691,2698 EDEM
2698,EDEM,0.0001,0.02361691,2698 EDEM
2698,EDEM,0.0001,0.02361691,2698 EDEM
2698,EDEM,0.0001,0.02361691,2698 EDEM
2698,EDEM,0.0001,0.02361691,2698 EDEM
2698,EDEM,0.0001,0.02361691,2698 EDEM
2698,EDEM,0.0002,0.02361691,2698 EDEM
2698,EDEM,0.0002,0.02361691,2698 EDEM
2698,EDEM,0.0003,0.02361691,2698 EDEM
2698,EDEM,0.0004,0.02361691,2698 EDEM
2698,EDEM,0.0004,0.02361691,2698 EDEM
2698,EDEM,0.0005,0.02361691,2698 EDEM
2698,EDEM,0.0005,0.02361691,2698 EDEM
2698,EDEM,0.0006,0.02361691,2698 EDEM
2698,EDEM,0.0006,0.02361691,2698 EDEM
2698,EDEM,0.0009,0.02361691,2698 EDEM
2698,EDEM,0.0012,0.02361691,2698 EDEM
2698,EDEM,0.0015,0.02361691,2698 EDEM
2698,EDEM,0.0018,0.02361691,2698 EDEM
2698,EDEM,0.0021,0.02361691,2698 EDEM
2698,EDEM,0.0023,0.02361691,2698 EDEM
2698,EDEM,0.0026,0.02361691,2698 EDEM
2698,EDEM,0.0029,0.02361691,2698 EDEM
2698,EDEM,0.0032,0.02361691,2698 EDEM
2698,EDEM,0.0046,0.02361691,2698 EDEM
2698,EDEM,0.006,0.02361691,2698 EDEM
2698,EDEM,0.0075,0.02361691,2698 EDEM
2698,EDEM,0.0089,0.02361691,2698 EDEM
2698,EDEM,0.0103,0.02361691,2698 EDEM
2698,EDEM,0.0117,0.02361691,2698 EDEM
2698,EDEM,0.0132,0.02361691,2698 EDEM
2698,EDEM,0.0146,0.02361691,2698 EDEM
2698,EDEM,0.016,0.02361691,2698 EDEM
2698,EDEM,0.0231,0.02361691,2698 EDEM
2698,EDEM,0.0302,0.02361691,2698 EDEM
2698,EDEM,0.0373,0.02361691,2698 EDEM
2698,EDEM,0.0444,0.02361691,2698 EDEM
2698,EDEM,0.0516,0.02361691,2698 EDEM
2698,EDEM,0.0587,0.02361691,2698 EDEM
2698,EDEM,0.0658,0.02361691,2698 EDEM
2698,EDEM,0.0729,0.02361691,2698 EDEM
2698,EDEM,0.08,0.02361692,2698 EDEM
2698,EDEM,0.1156,0.02361693,2698 EDEM
2698,EDEM,0.1511,0.02361696,2698 EDEM
2698,EDEM,0.1867,0.02361703,2698 EDEM
2698,EDEM,0.2222,0.02361717,2698 EDEM
2698,EDEM,0.2578,0.0236174,2698 EDEM
2698,EDEM,0.2933,0.02361776,2698 EDEM
2698,EDEM,0.3289,0.02361827,2698 EDEM
2698,EDEM,0.3644,0.02361898,2698 EDEM
2698,EDEM,0.4,0.02361992,2698 EDEM
2698,EDEM,0.5778,0.02362938,2698 EDEM
2698,EDEM,0.7556,0.02365009,2698 EDEM
2698,EDEM,0.9333,0.02368619,2698 EDEM
2698,EDEM,1.1111,0.02374126,2698 EDEM
2698,EDEM,1.2889,0.02381822,2698 EDEM
2698,EDEM,1.4667,0.02391943,2698 EDEM
2698,EDEM,1.6444,0.02404667,2698 EDEM
2698,EDEM,1.8222,0.02420153,2698 EDEM
2698,EDEM,2.0,0.02438501,2698 EDEM
2698,EDEM,2.8889,0.02575073,2698 EDEM
2698,EDEM,3.7778,0.027867,2698 EDEM
2698,EDEM,4.6667,0.03069157,2698 EDEM
2698,EDEM,5.5556,0.03415667,2698 EDEM
2698,EDEM,6.4444,0.03818796,2698 EDEM
2698,EDEM,7.3333,0.04271457,2698 EDEM
2698,EDEM,8.2222,0.04766974,2698 EDEM
2698,EDEM,9.1111,0.05299367,2698 EDEM
2698,EDEM,10.0,0.05863315,2698 EDEM
2698,EDEM,14.4444,0.09010363,2698 EDEM
2698,EDEM,18.8889,0.12439333,2698 EDEM
2698,EDEM,23.3333,0.15931819,2698 EDEM
2698,EDEM,27.7778,0.19373506,2698 EDEM
2698,EDEM,32.2222,0.22704698,2698 EDEM
2698,EDEM,36.6667,0.25896039,2698 EDEM
2698,EDEM,41.1111,0.28934724,2698 EDEM
2698,EDEM,45.5556,0.31817807,2698 EDEM
2698,EDEM,50.0,0.34547514,2698 EDEM
2698,LTRK,0.0,0.02056988,2698 LTRK
2698,LTRK,0.0,0.02056988,2698 LTRK
2698,LTRK,0.0,0.02056988,2698 LTRK
2698,LTRK,0.0,0.02056988,2698 LTRK
2698,LTRK,0.0001,0.02057,2698 LTRK
2698,LTRK,0.0001,0.02057,2698 LTRK
2698,LTRK,0.0001,0.02057,2698 LTRK
2698,LTRK,0.0001,0.02057,2698 LTRK
2698,LTRK,0.0001,0.02057,2698 LTRK
2698,LTRK,0.0001,0.02057,2698 LTRK
2698,LTRK,0.0002,0.02057012,2698 LTRK
2698,LTRK,0.0002,0.02057012,2698 LTRK
2698,LTRK,0.0003,0.02057024,2698 LTRK
2698,LTRK,0.0004,0.02057037,2698 LTRK
2698,LTRK,0.0004,0.02057037,2698 LTRK
2698,LTRK,0.0005,0.0205705,2698 LTRK
2698,LTRK,0.0005,0.0205705,2698 LTRK
2698,LTRK,0.0006,0.02057063,2698 LTRK
2698,LTRK,0.0006,0.02057063,2698 LTRK
2698,LTRK,0.0009,0.02057103,2698 LTRK
2698,LTRK,0.0012,0.02057144,2698 LTRK
2698,LTRK,0.0015,0.02057186,2698 LTRK
2698,LTRK,0.0018,0.02057228,2698 LTRK
2698,LTRK,0.0021,0.02057271,2698 LTRK
2698,LTRK,0.0023,0.02057299,2698 LTRK
2698,LTRK,0.0026,0.02057342,2698 LTRK
2698,LTRK,0.0029,0.02057386,2698 LTRK
2698,LTRK,0.0032,0.0205743,2698 LTRK
2698,LTRK,0.0046,0.02057637,2698 LTRK
2698,LTRK,0.006,0.02057849,2698 LTRK
2698,LTRK,0.0075,0.02058078,2698 LTRK
2698,LTRK,0.0089,0.02058296,2698 LTRK
2698,LTRK,0.0103,0.02058515,2698 LTRK
2698,LTRK,0.0117,0.02058736,2698 LTRK
2698,LTRK,0.0132,0.02058975,2698 LTRK
2698,LTRK,0.0146,0.02059199,2698 LTRK
2698,LTRK,0.016,0.02059425,2698 LTRK
2698,LTRK,0.0231,0.02060587,2698 LTRK
2698,LTRK,0.0302,0.02061771,2698 LTRK
2698,LTRK,0.0373,0.02062973,2698 LTRK
2698,LTRK,0.0444,0.02064189,2698 LTRK
2698,LTRK,0.0516,0.02065435,2698 LTRK
2698,LTRK,0.0587,0.02066674,2698 LTRK
2698,LTRK,0.0658,0.02067922,2698 LTRK
2698,LTRK,0.0729,0.02069178,2698 LTRK
2698,LTRK,0.08,0.02070442,2698 LTRK
2698,LTRK,0.1156,0.02076874,2698 LTRK
2698,LTRK,0.1511,0.02083411,2698 LTRK
2698,LTRK,0.1867,0.02090063,2698 LTRK
2698,LTRK,0.2222,0.02096775,2698 LTRK
2698,LTRK,0.2578,0.02103571,2698 LTRK
2698,LTRK,0.2933,0.02110405,2698 LTRK
2698,LTRK,0.3289,0.02117309,2698 LTRK
2698,LTRK,0.3644,0.02124238,2698 LTRK
2698,LTRK,0.4,0.02131229,2698 LTRK
2698,LTRK,0.5778,0.02166649,2698 LTRK
2698,LTRK,0.7556,0.02202732,2698 LTRK
2698,LTRK,0.9333,0.022393,2698 LTRK
2698,LTRK,1.1111,0.02276295,2698 LTRK
2698,LTRK,1.2889,0.0231363,2698 LTRK
2698,LTRK,1.4667,0.02351257,2698 LTRK
2698,LTRK,1.6444,0.02389115,2698 LTRK
2698,LTRK,1.8222,0.02427219,2698 LTRK
2698,LTRK,2.0,0.02465524,2698 LTRK
2698,LTRK,2.8889,0.02659433,2698 LTRK
2698,LTRK,3.7778,0.02856323,2698 LTRK
2698,LTRK,4.6667,0.03055306,2698 LTRK
2698,LTRK,5.5556,0.03255826,2698 LTRK
2698,LTRK,6.4444,0.0345748,2698 LTRK
2698,LTRK,7.3333,0.03660034,2698 LTRK
2698,LTRK,8.2222,0.03863255,2698 LTRK
2698,LTRK,9.1111,0.04066973,2698 LTRK
2698,LTRK,10.0,0.04271053,2698 LTRK
2698,LTRK,14.4444,0.05293484,2698 LTRK
2698,LTRK,18.8889,0.06313599,2698 LTRK
2698,LTRK,23.3333,0.07326517,2698 LTRK
2698,LTRK,27.7778,0.08329444,2698 LTRK
2698,LTRK,32.2222,0.09320541,2698 LTRK
2698,LTRK,36.6667,0.1029868,2698 LTRK
2698,LTRK,41.1111,0.11263043,2698 LTRK
2698,LTRK,45.5556,0.1221317,2698 LTRK
2698,LTRK,50.0,0.13148706,2698 LTRK
2698,MO24,0.0,0.0223781,2698 MO24
2698,MO24,0.0,0.0223781,2698 MO24
2698,MO24,0.0,0.0223781,2698 MO24
2698,MO24,0.0,0.0223781,2698 MO24
2698,MO24,0.0001,0.0224381,2698 MO24
2698,MO24,0.0001,0.0224381,2698 MO24
2698,MO24,0.0001,0.0224381,2698 MO24
2698,MO24,0.0001,0.0224381,2698 MO24
2698,MO24,0.0001,0.0224381,2698 MO24
2698,MO24,0.0001,0.0224381,2698 MO24
2698,MO24,0.0002,0.02246781,2698 MO24
2698,MO24,0.0002,0.02246781,2698 MO24
2698,MO24,0.0003,0.02249159,2698 MO24
2698,MO24,0.0004,0.0225122,2698 MO24
2698,MO24,0.0004,0.0225122,2698 MO24
2698,MO24,0.0005,0.02253072,2698 MO24
2698,MO24,0.0005,0.02253072,2698 MO24
2698,MO24,0.0006,0.02254774,2698 MO24
2698,MO24,0.0006,0.02254774,2698 MO24
2698,MO24,0.0009,0.02259269,2698 MO24
2698,MO24,0.0012,0.02263163,2698 MO24
2698,MO24,0.0015,0.02266664,2698 MO24
2698,MO24,0.0018,0.0226988,2698 MO24
2698,MO24,0.0021,0.02272876,2698 MO24
2698,MO24,0.0023,0.02274775,2698 MO24
2698,MO24,0.0026,0.02277497,2698 MO24
2698,MO24,0.0029,0.02280089,2698 MO24
2698,MO24,0.0032,0.02282571,2698 MO24
2698,MO24,0.0046,0.02293046,2698 MO24
2698,MO24,0.006,0.02302238,2698 MO24
2698,MO24,0.0075,0.02311128,2698 MO24
2698,MO24,0.0089,0.02318768,2698 MO24
2698,MO24,0.0103,0.02325917,2698 MO24
2698,MO24,0.0117,0.02332665,2698 MO24
2698,MO24,0.0132,0.02339528,2698 MO24
2698,MO24,0.0146,0.02345642,2698 MO24
2698,MO24,0.016,0.02351513,2698 MO24
2698,MO24,0.0231,0.02378448,2698 MO24
2698,MO24,0.0302,0.02402045,2698 MO24
2698,MO24,0.0373,0.02423388,2698 MO24
2698,MO24,0.0444,0.02443069,2698 MO24
2698,MO24,0.0516,0.02461708,2698 MO24
2698,MO24,0.0587,0.02479037,2698 MO24
2698,MO24,0.0658,0.02495498,2698 MO24
2698,MO24,0.0729,0.02511223,2698 MO24
2698,MO24,0.08,0.02526311,2698 MO24
2698,MO24,0.1156,0.02594677,2698 MO24
2698,MO24,0.1511,0.02654348,2698 MO24
2698,MO24,0.1867,0.02708429,2698 MO24
2698,MO24,0.2222,0.02758126,2698 MO24
2698,MO24,0.2578,0.02804659,2698 MO24
2698,MO24,0.2933,0.02848397,2698 MO24
2698,MO24,0.3289,0.02890037,2698 MO24
2698,MO24,0.3644,0.02929677,2698 MO24
2698,MO24,0.4,0.02967799,2698 MO24
2698,MO24,0.5778,0.03139634,2698 MO24
2698,MO24,0.7556,0.03289729,2698 MO24
2698,MO24,0.9333,0.0342506,2698 MO24
2698,MO24,1.1111,0.03549639,2698 MO24
2698,MO24,1.2889,0.03665782,2698 MO24
2698,MO24,1.4667,0.037751,2698 MO24
2698,MO24,1.6444,0.03878685,2698 MO24
2698,MO24,1.8222,0.03977505,2698 MO24
2698,MO24,2.0,0.04072155,2698 MO24
2698,MO24,2.8889,0.04497848,2698 MO24
2698,MO24,3.7778,0.04867829,2698 MO24
2698,MO24,4.6667,0.05200125,2698 MO24
2698,MO24,5.5556,0.05504615,2698 MO24
2698,MO24,6.4444,0.05787404,2698 MO24
2698,MO24,7.3333,0.06052685,2698 MO24
2698,MO24,8.2222,0.06303368,2698 MO24
2698,MO24,9.1111,0.06541641,2698 MO24
2698,MO24,10.0,0.06769185,2698 MO24
2698,MO24,14.4444,0.07784558,2698 MO24
2698,MO24,18.8889,0.08656435,2698 MO24
2698,MO24,23.3333,0.09431201,2698 MO24
2698,MO24,27.7778,0.10134373,2698 MO24
2698,MO24,32.2222,0.10781758,2698 MO24
2698,MO24,36.6667,0.11384055,2698 MO24
2698,MO24,41.1111,0.11948844,2698 MO24
2698,MO24,45.5556,0.12481809,2698 MO24
2698,MO24,50.0,0.12987274,2698 MO24
2698,NC24,,,2698 NC24
2698,TOT_MORT,0.0,0.0311159,2698 TOT_MORT
2698,TOT_MORT,0.0,0.0311159,2698 TOT_MORT
2698,TOT_MORT,0.0,0.0311159,2698 TOT_MORT
2698,TOT_MORT,0.0,0.0311159,2698 TOT_MORT
2698,TOT_MORT,0.0001,0.03111596,2698 TOT_MORT
2698,TOT_MORT,0.0001,0.03111596,2698 TOT_MORT
2698,TOT_MORT,0.0001,0.03111596,2698 TOT_MORT
2698,TOT_MORT,0.0001,0.03111596,2698 TOT_MORT
2698,TOT_MORT,0.0001,0.03111596,2698 TOT_MORT
2698,TOT_MORT,0.0001,0.03111596,2698 TOT_MORT
2698,TOT_MORT,0.0002,0.03111605,2698 TOT_MORT
2698,TOT_MORT,0.0002,0.03111605,2698 TOT_MORT
2698,TOT_MORT,0.0003,0.03111615,2698 TOT_MORT
2698,TOT_MORT,0.0004,0.03111625,2698 TOT_MORT
2698,TOT_MORT,0.0004,0.03111625,2698 TOT_MORT
2698,TOT_MORT,0.0005,0.03111637,2698 TOT_MORT
2698,TOT_MORT,0.0005,0.03111637,2698 TOT_MORT
2698,TOT_MORT,0.0006,0.03111649,2698 TOT_MORT
2698,TOT_MORT,0.0006,0.03111649,2698 TOT_MORT
2698,TOT_MORT,0.0009,0.03111688,2698 TOT_MORT
2698,TOT_MORT,0.0012,0.03111731,2698 TOT_MORT
2698,TOT_MORT,0.0015,0.03111777,2698 TOT_MORT
2698,TOT_MORT,0.0018,0.03111824,2698 TOT_MORT
2698,TOT_MORT,0.0021,0.03111874,2698 TOT_MORT
2698,TOT_MORT,0.0023,0.03111909,2698 TOT_MORT
2698,TOT_MORT,0.0026,0.03111962,2698 TOT_MORT
2698,TOT_MORT,0.0029,0.03112016,2698 TOT_MORT
2698,TOT_MORT,0.0032,0.03112072,2698 TOT_MORT
2698,TOT_MORT,0.0046,0.03112349,2698 TOT_MORT
2698,TOT_MORT,0.006,0.03112648,2698 TOT_MORT
2698,TOT_MORT,0.0075,0.03112989,2698 TOT_MORT
2698,TOT_MORT,0.0089,0.03113322,2698 TOT_MORT
2698,TOT_MORT,0.0103,0.0311367,2698 TOT_MORT
2698,TOT_MORT,0.0117,0.03114029,2698 TOT_MORT
2698,TOT_MORT,0.0132,0.03114426,2698 TOT_MORT
2698,TOT_MORT,0.0146,0.03114807,2698 TOT_MORT
2698,TOT_MORT,0.016,0.03115197,2698 TOT_MORT
2698,TOT_MORT,0.0231,0.031173,2698 TOT_MORT
2698,TOT_MORT,0.0302,0.03119572,2698 TOT_MORT
2698,TOT_MORT,0.0373,0.03121984,2698 TOT_MORT
2698,TOT_MORT,0.0444,0.03124513,2698 TOT_MORT
2698,TOT_MORT,0.0516,0.03127184,2698 TOT_MORT
2698,TOT_MORT,0.0587,0.0312991,2698 TOT_MORT
2698,TOT_MORT,0.0658,0.0313272,2698 TOT_MORT
2698,TOT_MORT,0.0729,0.03135607,2698 TOT_MORT
2698,TOT_MORT,0.08,0.03138565,2698 TOT_MORT
2698,TOT_MORT,0.1156,0.03154317,2698 TOT_MORT
2698,TOT_MORT,0.1511,0.03171289,2698 TOT_MORT
2698,TOT_MORT,0.1867,0.03189339,2698 TOT_MORT
2698,TOT_MORT,0.2222,0.03208208,2698 TOT_MORT
2698,TOT_MORT,0.2578,0.03227893,2698 TOT_MORT
2698,TOT_MORT,0.2933,0.03248201,2698 TOT_MORT
2698,TOT_MORT,0.3289,0.03269179,2698 TOT_MORT
2698,TOT_MORT,0.3644,0.03290659,2698 TOT_MORT
2698,TOT_MORT,0.4,0.03312718,2698 TOT_MORT
2698,TOT_MORT,0.5778,0.03429529,2698 TOT_MORT
2698,TOT_MORT,0.7556,0.03555395,2698 TOT_MORT
2698,TOT_MORT,0.9333,0.0368842,2698 TOT_MORT
2698,TOT_MORT,1.1111,0.03827567,2698 TOT_MORT
2698,TOT_MORT,1.2889,0.03971917,2698 TOT_MORT
2698,TOT_MORT,1.4667,0.0412083,2698 TOT_MORT
2698,TOT_MORT,1.6444,0.04273716,2698 TOT_MORT
2698,TOT_MORT,1.8222,0.0443034,2698 TOT_MORT
2698,TOT_MORT,2.0,0.0459028,2698 TOT_MORT
2698,TOT_MORT,2.8889,0.05430868,2698 TOT_MORT
2698,TOT_MORT,3.7778,0.06323944,2698 TOT_MORT
2698,TOT_MORT,4.6667,0.07255148,2698 TOT_MORT
2698,TOT_MORT,5.5556,0.08215041,2698 TOT_MORT
2698,TOT_MORT,6.4444,0.09196765,2698 TOT_MORT
2698,TOT_MORT,7.3333,0.10195449,2698 TOT_MORT
2698,TOT_MORT,8.2222,0.11206996,2698 TOT_MORT
2698,TOT_MORT,9.1111,0.12228192,2698 TOT_MORT
2698,TOT_MORT,10.0,0.13256398,2698 TOT_MORT
2698,TOT_MORT,14.4444,0.1843572,2698 TOT_MORT
2698,TOT_MORT,18.8889,0.23564549,2698 TOT_MORT
2698,TOT_MORT,23.3333,0.28548433,2698 TOT_MORT
2698,TOT_MORT,27.7778,0.33336349,2698 TOT_MORT
2698,TOT_MORT,32.2222,0.37900251,2698 TOT_MORT
2698,TOT_MORT,36.6667,0.42226544,2698 TOT_MORT
2698,TOT_MORT,41.1111,0.46310118,2698 TOT_MORT
2698,TOT_MORT,45.5556,0.50152038,2698 TOT_MORT
2698,TOT_MORT,50.0,0.53756848,2698 TOT_MORT
2699,ALL_BUT_MORT,,,2699 ALL_BUT_MORT
2699,ANY120,0.0,0.10159945,2699 ANY120
2699,ANY120,0.0,0.10159945,2699 ANY120
2699,ANY120,0.0,0.10159945,2699 ANY120
2699,ANY120,0.0,0.10159945,2699 ANY120
2699,ANY120,0.0001,0.10159945,2699 ANY120
2699,ANY120,0.0001,0.10159945,2699 ANY120
2699,ANY120,0.0001,0.10159945,2699 ANY120
2699,ANY120,0.0001,0.10159945,2699 ANY120
2699,ANY120,0.0001,0.10159945,2699 ANY120
2699,ANY120,0.0001,0.10159945,2699 ANY120
2699,ANY120,0.0002,0.10159945,2699 ANY120
2699,ANY120,0.0002,0.10159945,2699 ANY120
2699,ANY120,0.0003,0.10159945,2699 ANY120
2699,ANY120,0.0004,0.10159945,2699 ANY120
2699,ANY120,0.0004,0.10159945,2699 ANY120
2699,ANY120,0.0005,0.10159945,2699 ANY120
2699,ANY120,0.0005,0.10159945,2699 ANY120
2699,ANY120,0.0006,0.10159945,2699 ANY120
2699,ANY120,0.0006,0.10159945,2699 ANY120
2699,ANY120,0.0009,0.10159945,2699 ANY120
2699,ANY120,0.0012,0.10159945,2699 ANY120
2699,ANY120,0.0015,0.10159945,2699 ANY120
2699,ANY120,0.0018,0.10159945,2699 ANY120
2699,ANY120,0.0021,0.10159945,2699 ANY120
2699,ANY120,0.0023,0.10159945,2699 ANY120
2699,ANY120,0.0026,0.10159945,2699 ANY120
2699,ANY120,0.0029,0.10159945,2699 ANY120
2699,ANY120,0.0032,0.10159945,2699 ANY120
2699,ANY120,0.0046,0.10159945,2699 ANY120
2699,ANY120,0.006,0.10159945,2699 ANY120
2699,ANY120,0.0075,0.10159945,2699 ANY120
2699,ANY120,0.0089,0.10159945,2699 ANY120
2699,ANY120,0.0103,0.10159945,2699 ANY120
2699,ANY120,0.0117,0.10159945,2699 ANY120
2699,ANY120,0.0132,0.10159945,2699 ANY120
2699,ANY120,0.0146,0.10159945,2699 ANY120
2699,ANY120,0.016,0.10159945,2699 ANY120
2699,ANY120,0.0231,0.10159945,2699 ANY120
2699,ANY120,0.0302,0.10159945,2699 ANY120
2699,ANY120,0.0373,0.10159945,2699 ANY120
2699,ANY120,0.0444,0.10159945,2699 ANY120
2699,ANY120,0.0516,0.10159945,2699 ANY120
2699,ANY120,0.0587,0.10159945,2699 ANY120
2699,ANY120,0.0658,0.10159945,2699 ANY120
2699,ANY120,0.0729,0.10159945,2699 ANY120
2699,ANY120,0.08,0.10159945,2699 ANY120
2699,ANY120,0.1156,0.10159945,2699 ANY120
2699,ANY120,0.1511,0.10159946,2699 ANY120
2699,ANY120,0.1867,0.10159946,2699 ANY120
2699,ANY120,0.2222,0.10159947,2699 ANY120
2699,ANY120,0.2578,0.10159948,2699 ANY120
2699,ANY120,0.2933,0.1015995,2699 ANY120
2699,ANY120,0.3289,0.10159952,2699 ANY120
2699,ANY120,0.3644,0.10159956,2699 ANY120
2699,ANY120,0.4,0.1015996,2699 ANY120
2699,ANY120,0.5778,0.10160008,2699 ANY120
2699,ANY120,0.7556,0.10160124,2699 ANY120
2699,ANY120,0.9333,0.10160353,2699 ANY120
2699,ANY120,1.1111,0.10160747,2699 ANY120
2699,ANY120,1.2889,0.10161367,2699 ANY120
2699,ANY120,1.4667,0.10162282,2699 ANY120
2699,ANY120,1.6444,0.10163567,2699 ANY120
2699,ANY120,1.8222,0.10165304,2699 ANY120
2699,ANY120,2.0,0.10167578,2699 ANY120
2699,ANY120,2.8889,0.10190339,2699 ANY120
2699,ANY120,3.7778,0.10241558,2699 ANY120
2699,ANY120,4.6667,0.10334848,2699 ANY120
2699,ANY120,5.5556,0.10483784,2699 ANY120
2699,ANY120,6.4444,0.1070109,2699 ANY120
2699,ANY120,7.3333,0.10998205,2699 ANY120
2699,ANY120,8.2222,0.11384802,2699 ANY120
2699,ANY120,9.1111,0.11868691,2699 ANY120
2699,ANY120,10.0,0.12455735,2699 ANY120
2699,ANY120,14.4444,0.17013632,2699 ANY120
2699,ANY120,18.8889,0.24064589,2699 ANY120
2699,ANY120,23.3333,0.32860525,2699 ANY120
2699,ANY120,27.7778,0.42461631,2699 ANY120
2699,ANY120,32.2222,0.52030485,2699 ANY120
2699,ANY120,36.6667,0.60959974,2699 ANY120
2699,ANY120,41.1111,0.68887136,2699 ANY120
2699,ANY120,45.5556,0.75655129,2699 ANY120
2699,ANY120,50.0,0.81254369,2699 ANY120
2699,ANY24,,,2699 ANY24
2699,AXIS,,,2699 AXIS
2699,BRN_,,,2699 BRN_
2699,CRAN,,,2699 CRAN
2699,EDEM,0.0,0.02224786,2699 EDEM
2699,EDEM,0.0,0.02224786,2699 EDEM
2699,EDEM,0.0,0.02224786,2699 EDEM
2699,EDEM,0.0,0.02224786,2699 EDEM
2699,EDEM,0.0001,0.02224892,2699 EDEM
2699,EDEM,0.0001,0.02224892,2699 EDEM
2699,EDEM,0.0001,0.02224892,2699 EDEM
2699,EDEM,0.0001,0.02224892,2699 EDEM
2699,EDEM,0.0001,0.02224892,2699 EDEM
2699,EDEM,0.0001,0.02224892,2699 EDEM
2699,EDEM,0.0002,0.02224999,2699 EDEM
2699,EDEM,0.0002,0.02224999,2699 EDEM
2699,EDEM,0.0003,0.02225105,2699 EDEM
2699,EDEM,0.0004,0.02225211,2699 EDEM
2699,EDEM,0.0004,0.02225211,2699 EDEM
2699,EDEM,0.0005,0.02225317,2699 EDEM
2699,EDEM,0.0005,0.02225317,2699 EDEM
2699,EDEM,0.0006,0.02225423,2699 EDEM
2699,EDEM,0.0006,0.02225423,2699 EDEM
2699,EDEM,0.0009,0.02225741,2699 EDEM
2699,EDEM,0.0012,0.0222606,2699 EDEM
2699,EDEM,0.0015,0.02226378,2699 EDEM
2699,EDEM,0.0018,0.02226696,2699 EDEM
2699,EDEM,0.0021,0.02227015,2699 EDEM
2699,EDEM,0.0023,0.02227227,2699 EDEM
2699,EDEM,0.0026,0.02227545,2699 EDEM
2699,EDEM,0.0029,0.02227864,2699 EDEM
2699,EDEM,0.0032,0.02228182,2699 EDEM
2699,EDEM,0.0046,0.02229668,2699 EDEM
2699,EDEM,0.006,0.02231153,2699 EDEM
2699,EDEM,0.0075,0.02232745,2699 EDEM
2699,EDEM,0.0089,0.02234231,2699 EDEM
2699,EDEM,0.0103,0.02235716,2699 EDEM
2699,EDEM,0.0117,0.02237202,2699 EDEM
2699,EDEM,0.0132,0.02238794,2699 EDEM
2699,EDEM,0.0146,0.02240279,2699 EDEM
2699,EDEM,0.016,0.02241765,2699 EDEM
2699,EDEM,0.0231,0.02249298,2699 EDEM
2699,EDEM,0.0302,0.0225683,2699 EDEM
2699,EDEM,0.0373,0.02264362,2699 EDEM
2699,EDEM,0.0444,0.02271894,2699 EDEM
2699,EDEM,0.0516,0.02279531,2699 EDEM
2699,EDEM,0.0587,0.02287061,2699 EDEM
2699,EDEM,0.0658,0.02294591,2699 EDEM
2699,EDEM,0.0729,0.0230212,2699 EDEM
2699,EDEM,0.08,0.02309648,2699 EDEM
2699,EDEM,0.1156,0.02347388,2699 EDEM
2699,EDEM,0.1511,0.02385007,2699 EDEM
2699,EDEM,0.1867,0.02422718,2699 EDEM
2699,EDEM,0.2222,0.02460308,2699 EDEM
2699,EDEM,0.2578,0.0249799,2699 EDEM
2699,EDEM,0.2933,0.02535551,2699 EDEM
2699,EDEM,0.3289,0.02573204,2699 EDEM
2699,EDEM,0.3644,0.02610736,2699 EDEM
2699,EDEM,0.4,0.0264836,2699 EDEM
2699,EDEM,0.5778,0.02836049,2699 EDEM
2699,EDEM,0.7556,0.03023376,2699 EDEM
2699,EDEM,0.9333,0.03210236,2699 EDEM
2699,EDEM,1.1111,0.03396842,2699 EDEM
2699,EDEM,1.2889,0.03583088,2699 EDEM
2699,EDEM,1.4667,0.03768974,2699 EDEM
2699,EDEM,1.6444,0.03954399,2699 EDEM
2699,EDEM,1.8222,0.04139569,2699 EDEM
2699,EDEM,2.0,0.04324383,2699 EDEM
2699,EDEM,2.8889,0.05243019,2699 EDEM
2699,EDEM,3.7778,0.06152834,2699 EDEM
2699,EDEM,4.6667,0.07053913,2699 EDEM
2699,EDEM,5.5556,0.07946341,2699 EDEM
2699,EDEM,6.4444,0.08830101,2699 EDEM
2699,EDEM,7.3333,0.09705475,2699 EDEM
2699,EDEM,8.2222,0.10572443,2699 EDEM
2699,EDEM,9.1111,0.11431088,2699 EDEM
2699,EDEM,10.0,0.12281488,2699 EDEM
2699,EDEM,14.4444,0.16412476,2699 EDEM
2699,EDEM,18.8889,0.20349008,2699 EDEM
2699,EDEM,23.3333,0.24100067,2699 EDEM
2699,EDEM,27.7778,0.27674554,2699 EDEM
2699,EDEM,32.2222,0.31080626,2699 EDEM
2699,EDEM,36.6667,0.34326365,2699 EDEM
2699,EDEM,41.1111,0.37419179,2699 EDEM
2699,EDEM,45.5556,0.40366406,2699 EDEM
2699,EDEM,50.0,0.43174772,2699 EDEM
2699,LTRK,0.0,0.03819139,2699 LTRK
2699,LTRK,0.0,0.03819139,2699 LTRK
2699,LTRK,0.0,0.03819139,2699 LTRK
2699,LTRK,0.0,0.03819139,2699 LTRK
2699,LTRK,0.0001,0.03819139,2699 LTRK
2699,LTRK,0.0001,0.03819139,2699 LTRK
2699,LTRK,0.0001,0.03819139,2699 LTRK
2699,LTRK,0.0001,0.03819139,2699 LTRK
2699,LTRK,0.0001,0.03819139,2699 LTRK
2699,LTRK,0.0001,0.03819139,2699 LTRK
2699,LTRK,0.0002,0.03819139,2699 LTRK
2699,LTRK,0.0002,0.03819139,2699 LTRK
2699,LTRK,0.0003,0.03819139,2699 LTRK
2699,LTRK,0.0004,0.03819139,2699 LTRK
2699,LTRK,0.0004,0.03819139,2699 LTRK
2699,LTRK,0.0005,0.03819139,2699 LTRK
2699,LTRK,0.0005,0.03819139,2699 LTRK
2699,LTRK,0.0006,0.03819139,2699 LTRK
2699,LTRK,0.0006,0.03819139,2699 LTRK
2699,LTRK,0.0009,0.03819139,2699 LTRK
2699,LTRK,0.0012,0.03819139,2699 LTRK
2699,LTRK,0.0015,0.03819139,2699 LTRK
2699,LTRK,0.0018,0.03819139,2699 LTRK
2699,LTRK,0.0021,0.03819139,2699 LTRK
2699,LTRK,0.0023,0.03819139,2699 LTRK
2699,LTRK,0.0026,0.03819139,2699 LTRK
2699,LTRK,0.0029,0.03819139,2699 LTRK
2699,LTRK,0.0032,0.03819139,2699 LTRK
2699,LTRK,0.0046,0.03819139,2699 LTRK
2699,LTRK,0.006,0.03819139,2699 LTRK
2699,LTRK,0.0075,0.03819139,2699 LTRK
2699,LTRK,0.0089,0.03819139,2699 LTRK
2699,LTRK,0.0103,0.03819139,2699 LTRK
2699,LTRK,0.0117,0.03819139,2699 LTRK
2699,LTRK,0.0132,0.03819139,2699 LTRK
2699,LTRK,0.0146,0.03819139,2699 LTRK
2699,LTRK,0.016,0.03819139,2699 LTRK
2699,LTRK,0.0231,0.03819139,2699 LTRK
2699,LTRK,0.0302,0.03819139,2699 LTRK
2699,LTRK,0.0373,0.03819139,2699 LTRK
2699,LTRK,0.0444,0.03819139,2699 LTRK
2699,LTRK,0.0516,0.03819139,2699 LTRK
2699,LTRK,0.0587,0.03819139,2699 LTRK
2699,LTRK,0.0658,0.03819139,2699 LTRK
2699,LTRK,0.0729,0.03819139,2699 LTRK
2699,LTRK,0.08,0.03819139,2699 LTRK
2699,LTRK,0.1156,0.03819139,2699 LTRK
2699,LTRK,0.1511,0.03819139,2699 LTRK
2699,LTRK,0.1867,0.03819139,2699 LTRK
2699,LTRK,0.2222,0.03819139,2699 LTRK
2699,LTRK,0.2578,0.03819139,2699 LTRK
2699,LTRK,0.2933,0.03819139,2699 LTRK
2699,LTRK,0.3289,0.03819139,2699 LTRK
2699,LTRK,0.3644,0.03819139,2699 LTRK
2699,LTRK,0.4,0.03819139,2699 LTRK
2699,LTRK,0.5778,0.03819139,2699 LTRK
2699,LTRK,0.7556,0.03819139,2699 LTRK
2699,LTRK,0.9333,0.03819139,2699 LTRK
2699,LTRK,1.1111,0.03819139,2699 LTRK
2699,LTRK,1.2889,0.03819139,2699 LTRK
2699,LTRK,1.4667,0.03819139,2699 LTRK
2699,LTRK,1.6444,0.03819139,2699 LTRK
2699,LTRK,1.8222,0.03819139,2699 LTRK
2699,LTRK,2.0,0.03819139,2699 LTRK
2699,LTRK,2.8889,0.03819139,2699 LTRK
2699,LTRK,3.7778,0.03819139,2699 LTRK
2699,LTRK,4.6667,0.0381914,2699 LTRK
2699,LTRK,5.5556,0.0381914,2699 LTRK
2699,LTRK,6.4444,0.0381914,2699 LTRK
2699,LTRK,7.3333,0.03819141,2699 LTRK
2699,LTRK,8.2222,0.03819147,2699 LTRK
2699,LTRK,9.1111,0.03819167,2699 LTRK
2699,LTRK,10.0,0.03819222,2699 LTRK
2699,LTRK,14.4444,0.03824115,2699 LTRK
2699,LTRK,18.8889,0.03893199,2699 LTRK
2699,LTRK,23.3333,0.04314978,2699 LTRK
2699,LTRK,27.7778,0.0580572,2699 LTRK
2699,LTRK,32.2222,0.09398476,2699 LTRK
2699,LTRK,36.6667,0.15928777,2699 LTRK
2699,LTRK,41.1111,0.25490989,2699 LTRK
2699,LTRK,45.5556,0.37297072,2699 LTRK
2699,LTRK,50.0,0.49994163,2699 LTRK
2699,MO24,0.0,0.00885525,2699 MO24
2699,MO24,0.0,0.00885525,2699 MO24
2699,MO24,0.0,0.00885525,2699 MO24
2699,MO24,0.0,0.00885525,2699 MO24
2699,MO24,0.0001,0.00885531,2699 MO24
2699,MO24,0.0001,0.00885531,2699 MO24
2699,MO24,0.0001,0.00885531,2699 MO24
2699,MO24,0.0001,0.00885531,2699 MO24
2699,MO24,0.0001,0.00885531,2699 MO24
2699,MO24,0.0001,0.00885531,2699 MO24
2699,MO24,0.0002,0.00885537,2699 MO24
2699,MO24,0.0002,0.00885537,2699 MO24
2699,MO24,0.0003,0.00885543,2699 MO24
2699,MO24,0.0004,0.00885549,2699 MO24
2699,MO24,0.0004,0.00885549,2699 MO24
2699,MO24,0.0005,0.00885554,2699 MO24
2699,MO24,0.0005,0.00885554,2699 MO24
2699,MO24,0.0006,0.0088556,2699 MO24
2699,MO24,0.0006,0.0088556,2699 MO24
2699,MO24,0.0009,0.00885578,2699 MO24
2699,MO24,0.0012,0.00885596,2699 MO24
2699,MO24,0.0015,0.00885613,2699 MO24
2699,MO24,0.0018,0.00885631,2699 MO24
2699,MO24,0.0021,0.00885649,2699 MO24
2699,MO24,0.0023,0.00885661,2699 MO24
2699,MO24,0.0026,0.00885678,2699 MO24
2699,MO24,0.0029,0.00885696,2699 MO24
2699,MO24,0.0032,0.00885714,2699 MO24
2699,MO24,0.0046,0.00885796,2699 MO24
2699,MO24,0.006,0.00885879,2699 MO24
2699,MO24,0.0075,0.00885967,2699 MO24
2699,MO24,0.0089,0.0088605,2699 MO24
2699,MO24,0.0103,0.00886132,2699 MO24
2699,MO24,0.0117,0.00886215,2699 MO24
2699,MO24,0.0132,0.00886303,2699 MO24
2699,MO24,0.0146,0.00886386,2699 MO24
2699,MO24,0.016,0.00886468,2699 MO24
2699,MO24,0.0231,0.00886887,2699 MO24
2699,MO24,0.0302,0.00887305,2699 MO24
2699,MO24,0.0373,0.00887724,2699 MO24
2699,MO24,0.0444,0.00888142,2699 MO24
2699,MO24,0.0516,0.00888567,2699 MO24
2699,MO24,0.0587,0.00888985,2699 MO24
2699,MO24,0.0658,0.00889404,2699 MO24
2699,MO24,0.0729,0.00889822,2699 MO24
2699,MO24,0.08,0.00890241,2699 MO24
2699,MO24,0.1156,0.00892339,2699 MO24
2699,MO24,0.1511,0.00894432,2699 MO24
2699,MO24,0.1867,0.0089653,2699 MO24
2699,MO24,0.2222,0.00898622,2699 MO24
2699,MO24,0.2578,0.00900721,2699 MO24
2699,MO24,0.2933,0.00902813,2699 MO24
2699,MO24,0.3289,0.00904911,2699 MO24
2699,MO24,0.3644,0.00907003,2699 MO24
2699,MO24,0.4,0.00909101,2699 MO24
2699,MO24,0.5778,0.00919579,2699 MO24
2699,MO24,0.7556,0.00930056,2699 MO24
2699,MO24,0.9333,0.00940526,2699 MO24
2699,MO24,1.1111,0.00951,2699 MO24
2699,MO24,1.2889,0.00961474,2699 MO24
2699,MO24,1.4667,0.00971946,2699 MO24
2699,MO24,1.6444,0.00982411,2699 MO24
2699,MO24,1.8222,0.00992882,2699 MO24
2699,MO24,2.0,0.01003351,2699 MO24
2699,MO24,2.8889,0.01055673,2699 MO24
2699,MO24,3.7778,0.01107968,2699 MO24
2699,MO24,4.6667,0.01160236,2699 MO24
2699,MO24,5.5556,0.01212475,2699 MO24
2699,MO24,6.4444,0.01264682,2699 MO24
2699,MO24,7.3333,0.01316866,2699 MO24
2699,MO24,8.2222,0.01369023,2699 MO24
2699,MO24,9.1111,0.01421152,2699 MO24
2699,MO24,10.0,0.01473254,2699 MO24
2699,MO24,14.4444,0.01733345,2699 MO24
2699,MO24,18.8889,0.01992754,2699 MO24
2699,MO24,23.3333,0.02251473,2699 MO24
2699,MO24,27.7778,0.02509515,2699 MO24
2699,MO24,32.2222,0.0276687,2699 MO24
2699,MO24,36.6667,0.03023551,2699 MO24
2699,MO24,41.1111,0.03279549,2699 MO24
2699,MO24,45.5556,0.03534877,2699 MO24
2699,MO24,50.0,0.03789525,2699 MO24
2699,NC24,,,2699 NC24
2699,TOT_MORT,0.0,0.03271506,2699 TOT_MORT
2699,TOT_MORT,0.0,0.03271506,2699 TOT_MORT
2699,TOT_MORT,0.0,0.03271506,2699 TOT_MORT
2699,TOT_MORT,0.0,0.03271506,2699 TOT_MORT
2699,TOT_MORT,0.0001,0.03271541,2699 TOT_MORT
2699,TOT_MORT,0.0001,0.03271541,2699 TOT_MORT
2699,TOT_MORT,0.0001,0.03271541,2699 TOT_MORT
2699,TOT_MORT,0.0001,0.03271541,2699 TOT_MORT
2699,TOT_MORT,0.0001,0.03271541,2699 TOT_MORT
2699,TOT_MORT,0.0001,0.03271541,2699 TOT_MORT
2699,TOT_MORT,0.0002,0.03271576,2699 TOT_MORT
2699,TOT_MORT,0.0002,0.03271576,2699 TOT_MORT
2699,TOT_MORT,0.0003,0.03271612,2699 TOT_MORT
2699,TOT_MORT,0.0004,0.03271647,2699 TOT_MORT
2699,TOT_MORT,0.0004,0.03271647,2699 TOT_MORT
2699,TOT_MORT,0.0005,0.03271683,2699 TOT_MORT
2699,TOT_MORT,0.0005,0.03271683,2699 TOT_MORT
2699,TOT_MORT,0.0006,0.03271718,2699 TOT_MORT
2699,TOT_MORT,0.0006,0.03271718,2699 TOT_MORT
2699,TOT_MORT,0.0009,0.03271825,2699 TOT_MORT
2699,TOT_MORT,0.0012,0.03271931,2699 TOT_MORT
2699,TOT_MORT,0.0015,0.03272037,2699 TOT_MORT
2699,TOT_MORT,0.0018,0.03272144,2699 TOT_MORT
2699,TOT_MORT,0.0021,0.0327225,2699 TOT_MORT
2699,TOT_MORT,0.0023,0.03272321,2699 TOT_MORT
2699,TOT_MORT,0.0026,0.03272427,2699 TOT_MORT
2699,TOT_MORT,0.0029,0.03272534,2699 TOT_MORT
2699,TOT_MORT,0.0032,0.0327264,2699 TOT_MORT
2699,TOT_MORT,0.0046,0.03273136,2699 TOT_MORT
2699,TOT_MORT,0.006,0.03273633,2699 TOT_MORT
2699,TOT_MORT,0.0075,0.03274165,2699 TOT_MORT
2699,TOT_MORT,0.0089,0.03274661,2699 TOT_MORT
2699,TOT_MORT,0.0103,0.03275157,2699 TOT_MORT
2699,TOT_MORT,0.0117,0.03275654,2699 TOT_MORT
2699,TOT_MORT,0.0132,0.03276186,2699 TOT_MORT
2699,TOT_MORT,0.0146,0.03276682,2699 TOT_MORT
2699,TOT_MORT,0.016,0.03277178,2699 TOT_MORT
2699,TOT_MORT,0.0231,0.03279696,2699 TOT_MORT
2699,TOT_MORT,0.0302,0.03282213,2699 TOT_MORT
2699,TOT_MORT,0.0373,0.0328473,2699 TOT_MORT
2699,TOT_MORT,0.0444,0.03287247,2699 TOT_MORT
2699,TOT_MORT,0.0516,0.03289799,2699 TOT_MORT
2699,TOT_MORT,0.0587,0.03292316,2699 TOT_MORT
2699,TOT_MORT,0.0658,0.03294833,2699 TOT_MORT
2699,TOT_MORT,0.0729,0.0329735,2699 TOT_MORT
2699,TOT_MORT,0.08,0.03299867,2699 TOT_MORT
2699,TOT_MORT,0.1156,0.03312485,2699 TOT_MORT
2699,TOT_MORT,0.1511,0.03325066,2699 TOT_MORT
2699,TOT_MORT,0.1867,0.0333768,2699 TOT_MORT
2699,TOT_MORT,0.2222,0.03350258,2699 TOT_MORT
2699,TOT_MORT,0.2578,0.0336287,2699 TOT_MORT
2699,TOT_MORT,0.2933,0.03375444,2699 TOT_MORT
2699,TOT_MORT,0.3289,0.03388052,2699 TOT_MORT
2699,TOT_MORT,0.3644,0.03400623,2699 TOT_MORT
2699,TOT_MORT,0.4,0.03413228,2699 TOT_MORT
2699,TOT_MORT,0.5778,0.03476157,2699 TOT_MORT
2699,TOT_MORT,0.7556,0.03539045,2699 TOT_MORT
2699,TOT_MORT,0.9333,0.03601857,2699 TOT_MORT
2699,TOT_MORT,1.1111,0.03664663,2699 TOT_MORT
2699,TOT_MORT,1.2889,0.03727429,2699 TOT_MORT
2699,TOT_MORT,1.4667,0.03790153,2699 TOT_MORT
2699,TOT_MORT,1.6444,0.03852801,2699 TOT_MORT
2699,TOT_MORT,1.8222,0.03915444,2699 TOT_MORT
2699,TOT_MORT,2.0,0.03978046,2699 TOT_MORT
2699,TOT_MORT,2.8889,0.04290409,2699 TOT_MORT
2699,TOT_MORT,3.7778,0.04601755,2699 TOT_MORT
2699,TOT_MORT,4.6667,0.04912089,2699 TOT_MORT
2699,TOT_MORT,5.5556,0.05221414,2699 TOT_MORT
2699,TOT_MORT,6.4444,0.05529697,2699 TOT_MORT
2699,TOT_MORT,7.3333,0.05837013,2699 TOT_MORT
2699,TOT_MORT,8.2222,0.06143328,2699 TOT_MORT
2699,TOT_MORT,9.1111,0.06448648,2699 TOT_MORT
2699,TOT_MORT,10.0,0.06752974,2699 TOT_MORT
2699,TOT_MORT,14.4444,0.08259784,2699 TOT_MORT
2699,TOT_MORT,18.8889,0.09742279,2699 TOT_MORT
2699,TOT_MORT,23.3333,0.11200785,2699 TOT_MORT
2699,TOT_MORT,27.7778,0.12635754,2699 TOT_MORT
2699,TOT_MORT,32.2222,0.14047503,2699 TOT_MORT
2699,TOT_MORT,36.6667,0.1543647,2699 TOT_MORT
2699,TOT_MORT,41.1111,0.16802961,2699 TOT_MORT
2699,TOT_MORT,45.5556,0.181474,2699 TOT_MORT
2699,TOT_MORT,50.0,0.19470085,2699 TOT_MORT
2700,ALL_BUT_MORT,0.0,0.0439793,2700 ALL_BUT_MORT
2700,ALL_BUT_MORT,0.0,0.0439793,2700 ALL_BUT_MORT
2700,ALL_BUT_MORT,0.0,0.0439793,2700 ALL_BUT_MORT
2700,ALL_BUT_MORT,0.0,0.0439793,2700 ALL_BUT_MORT
2700,ALL_BUT_MORT,0.0001,0.0439793,2700 ALL_BUT_MORT
2700,ALL_BUT_MORT,0.0001,0.0439793,2700 ALL_BUT_MORT
2700,ALL_BUT_MORT,0.0001,0.0439793,2700 ALL_BUT_MORT
2700,ALL_BUT_MORT,0.0001,0.0439793,2700 ALL_BUT_MORT
2700,ALL_BUT_MORT,0.0001,0.0439793,2700 ALL_BUT_MORT
2700,ALL_BUT_MORT,0.0001,0.0439793,2700 ALL_BUT_MORT
2700,ALL_BUT_MORT,0.0002,0.04397931,2700 ALL_BUT_MORT
2700,ALL_BUT_MORT,0.0002,0.04397931,2700 ALL_BUT_MORT
2700,ALL_BUT_MORT,0.0003,0.04397931,2700 ALL_BUT_MORT
2700,ALL_BUT_MORT,0.0004,0.04397931,2700 ALL_BUT_MORT
2700,ALL_BUT_MORT,0.0004,0.04397931,2700 ALL_BUT_MORT
2700,ALL_BUT_MORT,0.0005,0.04397932,2700 ALL_BUT_MORT
2700,ALL_BUT_MORT,0.0005,0.04397932,2700 ALL_BUT_MORT
2700,ALL_BUT_MORT,0.0006,0.04397932,2700 ALL_BUT_MORT
2700,ALL_BUT_MORT,0.0006,0.04397932,2700 ALL_BUT_MORT
2700,ALL_BUT_MORT,0.0009,0.04397934,2700 ALL_BUT_MORT
2700,ALL_BUT_MORT,0.0012,0.04397936,2700 ALL_BUT_MORT
2700,ALL_BUT_MORT,0.0015,0.04397938,2700 ALL_BUT_MORT
2700,ALL_BUT_MORT,0.0018,0.04397941,2700 ALL_BUT_MORT
2700,ALL_BUT_MORT,0.0021,0.04397943,2700 ALL_BUT_MORT
2700,ALL_BUT_MORT,0.0023,0.04397945,2700 ALL_BUT_MORT
2700,ALL_BUT_MORT,0.0026,0.04397948,2700 ALL_BUT_MORT
2700,ALL_BUT_MORT,0.0029,0.04397951,2700 ALL_BUT_MORT
2700,ALL_BUT_MORT,0.0032,0.04397954,2700 ALL_BUT_MORT
2700,ALL_BUT_MORT,0.0046,0.04397971,2700 ALL_BUT_MORT
2700,ALL_BUT_MORT,0.006,0.04397991,2700 ALL_BUT_MORT
2700,ALL_BUT_MORT,0.0075,0.04398015,2700 ALL_BUT_MORT
2700,ALL_BUT_MORT,0.0089,0.04398039,2700 ALL_BUT_MORT
2700,ALL_BUT_MORT,0.0103,0.04398065,2700 ALL_BUT_MORT
2700,ALL_BUT_MORT,0.0117,0.04398093,2700 ALL_BUT_MORT
2700,ALL_BUT_MORT,0.0132,0.04398125,2700 ALL_BUT_MORT
2700,ALL_BUT_MORT,0.0146,0.04398157,2700 ALL_BUT_MORT
2700,ALL_BUT_MORT,0.016,0.04398189,2700 ALL_BUT_MORT
2700,ALL_BUT_MORT,0.0231,0.04398376,2700 ALL_BUT_MORT
2700,ALL_BUT_MORT,0.0302,0.04398593,2700 ALL_BUT_MORT
2700,ALL_BUT_MORT,0.0373,0.04398836,2700 ALL_BUT_MORT
2700,ALL_BUT_MORT,0.0444,0.04399102,2700 ALL_BUT_MORT
2700,ALL_BUT_MORT,0.0516,0.04399394,2700 ALL_BUT_MORT
2700,ALL_BUT_MORT,0.0587,0.04399701,2700 ALL_BUT_MORT
2700,ALL_BUT_MORT,0.0658,0.04400027,2700 ALL_BUT_MORT
2700,ALL_BUT_MORT,0.0729,0.0440037,2700 ALL_BUT_MORT
2700,ALL_BUT_MORT,0.08,0.04400729,2700 ALL_BUT_MORT
2700,ALL_BUT_MORT,0.1156,0.04402753,2700 ALL_BUT_MORT
2700,ALL_BUT_MORT,0.1511,0.04405097,2700 ALL_BUT_MORT
2700,ALL_BUT_MORT,0.1867,0.04407729,2700 ALL_BUT_MORT
2700,ALL_BUT_MORT,0.2222,0.04410605,2700 ALL_BUT_MORT
2700,ALL_BUT_MORT,0.2578,0.04413719,2700 ALL_BUT_MORT
2700,ALL_BUT_MORT,0.2933,0.04417037,2700 ALL_BUT_MORT
2700,ALL_BUT_MORT,0.3289,0.04420563,2700 ALL_BUT_MORT
2700,ALL_BUT_MORT,0.3644,0.04424266,2700 ALL_BUT_MORT
2700,ALL_BUT_MORT,0.4,0.04428157,2700 ALL_BUT_MORT
2700,ALL_BUT_MORT,0.5778,0.04449986,2700 ALL_BUT_MORT
2700,ALL_BUT_MORT,0.7556,0.04475314,2700 ALL_BUT_MORT
2700,ALL_BUT_MORT,0.9333,0.04503651,2700 ALL_BUT_MORT
2700,ALL_BUT_MORT,1.1111,0.04534705,2700 ALL_BUT_MORT
2700,ALL_BUT_MORT,1.2889,0.04568217,2700 ALL_BUT_MORT
2700,ALL_BUT_MORT,1.4667,0.04603996,2700 ALL_BUT_MORT
2700,ALL_BUT_MORT,1.6444,0.04641866,2700 ALL_BUT_MORT
2700,ALL_BUT_MORT,1.8222,0.0468174,2700 ALL_BUT_MORT
2700,ALL_BUT_MORT,2.0,0.04723488,2700 ALL_BUT_MORT
2700,ALL_BUT_MORT,2.8889,0.04957321,2700 ALL_BUT_MORT
2700,ALL_BUT_MORT,3.7778,0.05227322,2700 ALL_BUT_MORT
2700,ALL_BUT_MORT,4.6667,0.05527942,2700 ALL_BUT_MORT
2700,ALL_BUT_MORT,5.5556,0.0585522,2700 ALL_BUT_MORT
2700,ALL_BUT_MORT,6.4444,0.06206061,2700 ALL_BUT_MORT
2700,ALL_BUT_MORT,7.3333,0.06578073,2700 ALL_BUT_MORT
2700,ALL_BUT_MORT,8.2222,0.06969145,2700 ALL_BUT_MORT
2700,ALL_BUT_MORT,9.1111,0.07377497,2700 ALL_BUT_MORT
2700,ALL_BUT_MORT,10.0,0.07801568,2700 ALL_BUT_MORT
2700,ALL_BUT_MORT,14.4444,0.10113561,2700 ALL_BUT_MORT
2700,ALL_BUT_MORT,18.8889,0.12656096,2700 ALL_BUT_MORT
2700,ALL_BUT_MORT,23.3333,0.15338456,2700 ALL_BUT_MORT
2700,ALL_BUT_MORT,27.7778,0.18095151,2700 ALL_BUT_MORT
2700,ALL_BUT_MORT,32.2222,0.20877219,2700 ALL_BUT_MORT
2700,ALL_BUT_MORT,36.6667,0.23648198,2700 ALL_BUT_MORT
2700,ALL_BUT_MORT,41.1111,0.26380704,2700 ALL_BUT_MORT
2700,ALL_BUT_MORT,45.5556,0.29054842,2700 ALL_BUT_MORT
2700,ALL_BUT_MORT,50.0,0.31656138,2700 ALL_BUT_MORT
2700,ANY120,,,2700 ANY120
2700,ANY24,0.0,0.03309928,2700 ANY24
2700,ANY24,0.0,0.03309928,2700 ANY24
2700,ANY24,0.0,0.03309928,2700 ANY24
2700,ANY24,0.0,0.03309928,2700 ANY24
2700,ANY24,0.0001,0.03309941,2700 ANY24
2700,ANY24,0.0001,0.03309941,2700 ANY24
2700,ANY24,0.0001,0.03309941,2700 ANY24
2700,ANY24,0.0001,0.03309941,2700 ANY24
2700,ANY24,0.0001,0.03309941,2700 ANY24
2700,ANY24,0.0001,0.03309941,2700 ANY24
2700,ANY24,0.0002,0.03309955,2700 ANY24
2700,ANY24,0.0002,0.03309955,2700 ANY24
2700,ANY24,0.0003,0.03309968,2700 ANY24
2700,ANY24,0.0004,0.03309981,2700 ANY24
2700,ANY24,0.0004,0.03309981,2700 ANY24
2700,ANY24,0.0005,0.03309994,2700 ANY24
2700,ANY24,0.0005,0.03309994,2700 ANY24
2700,ANY24,0.0006,0.03310008,2700 ANY24
2700,ANY24,0.0006,0.03310008,2700 ANY24
2700,ANY24,0.0009,0.03310047,2700 ANY24
2700,ANY24,0.0012,0.03310087,2700 ANY24
2700,ANY24,0.0015,0.03310127,2700 ANY24
2700,ANY24,0.0018,0.03310167,2700 ANY24
2700,ANY24,0.0021,0.03310207,2700 ANY24
2700,ANY24,0.0023,0.03310233,2700 ANY24
2700,ANY24,0.0026,0.03310273,2700 ANY24
2700,ANY24,0.0029,0.03310313,2700 ANY24
2700,ANY24,0.0032,0.03310352,2700 ANY24
2700,ANY24,0.0046,0.03310538,2700 ANY24
2700,ANY24,0.006,0.03310724,2700 ANY24
2700,ANY24,0.0075,0.03310923,2700 ANY24
2700,ANY24,0.0089,0.03311109,2700 ANY24
2700,ANY24,0.0103,0.03311294,2700 ANY24
2700,ANY24,0.0117,0.0331148,2700 ANY24
2700,ANY24,0.0132,0.03311679,2700 ANY24
2700,ANY24,0.0146,0.03311865,2700 ANY24
2700,ANY24,0.016,0.03312051,2700 ANY24
2700,ANY24,0.0231,0.03312993,2700 ANY24
2700,ANY24,0.0302,0.03313936,2700 ANY24
2700,ANY24,0.0373,0.03314879,2700 ANY24
2700,ANY24,0.0444,0.03315822,2700 ANY24
2700,ANY24,0.0516,0.03316779,2700 ANY24
2700,ANY24,0.0587,0.03317723,2700 ANY24
2700,ANY24,0.0658,0.03318667,2700 ANY24
2700,ANY24,0.0729,0.03319611,2700 ANY24
2700,ANY24,0.08,0.03320556,2700 ANY24
2700,ANY24,0.1156,0.03325295,2700 ANY24
2700,ANY24,0.1511,0.03330028,2700 ANY24
2700,ANY24,0.1867,0.03334781,2700 ANY24
2700,ANY24,0.2222,0.03339527,2700 ANY24
2700,ANY24,0.2578,0.03344293,2700 ANY24
2700,ANY24,0.2933,0.03349052,2700 ANY24
2700,ANY24,0.3289,0.03353832,2700 ANY24
2700,ANY24,0.3644,0.03358604,2700 ANY24
2700,ANY24,0.4,0.03363396,2700 ANY24
2700,ANY24,0.5778,0.03387429,2700 ANY24
2700,ANY24,0.7556,0.03411629,2700 ANY24
2700,ANY24,0.9333,0.03435981,2700 ANY24
2700,ANY24,1.1111,0.03460514,2700 ANY24
2700,ANY24,1.2889,0.03485216,2700 ANY24
2700,ANY24,1.4667,0.03510088,2700 ANY24
2700,ANY24,1.6444,0.03535118,2700 ANY24
2700,ANY24,1.8222,0.03560333,2700 ANY24
2700,ANY24,2.0,0.03585721,2700 ANY24
2700,ANY24,2.8889,0.03715284,2700 ANY24
2700,ANY24,3.7778,0.03849342,2700 ANY24
2700,ANY24,4.6667,0.03988036,2700 ANY24
2700,ANY24,5.5556,0.04131513,2700 ANY24
2700,ANY24,6.4444,0.04279905,2700 ANY24
2700,ANY24,7.3333,0.04433398,2700 ANY24
2700,ANY24,8.2222,0.04592131,2700 ANY24
2700,ANY24,9.1111,0.04756265,2700 ANY24
2700,ANY24,10.0,0.04925962,2700 ANY24
2700,ANY24,14.4444,0.05863832,2700 ANY24
2700,ANY24,18.8889,0.06967207,2700 ANY24
2700,ANY24,23.3333,0.08259952,2700 ANY24
2700,ANY24,27.7778,0.09767414,2700 ANY24
2700,ANY24,32.2222,0.11515417,2700 ANY24
2700,ANY24,36.6667,0.13529391,2700 ANY24
2700,ANY24,41.1111,0.15832516,2700 ANY24
2700,ANY24,45.5556,0.1844414,2700 ANY24
2700,ANY24,50.0,0.21377076,2700 ANY24
2700,AXIS,,,2700 AXIS
2700,BRN_,,,2700 BRN_
2700,CRAN,,,2700 CRAN
2700,EDEM,,,2700 EDEM
2700,LTRK,,,2700 LTRK
2700,MO24,,,2700 MO24
2700,NC24,0.0,1e-05,2700 NC24
2700,NC24,0.0,1e-05,2700 NC24
2700,NC24,0.0,1e-05,2700 NC24
2700,NC24,0.0,1e-05,2700 NC24
2700,NC24,0.0001,1.009e-05,2700 NC24
2700,NC24,0.0001,1.009e-05,2700 NC24
2700,NC24,0.0001,1.009e-05,2700 NC24
2700,NC24,0.0001,1.009e-05,2700 NC24
2700,NC24,0.0001,1.009e-05,2700 NC24
2700,NC24,0.0001,1.009e-05,2700 NC24
2700,NC24,0.0002,1.018e-05,2700 NC24
2700,NC24,0.0002,1.018e-05,2700 NC24
2700,NC24,0.0003,1.027e-05,2700 NC24
2700,NC24,0.0004,1.036e-05,2700 NC24
2700,NC24,0.0004,1.036e-05,2700 NC24
2700,NC24,0.0005,1.045e-05,2700 NC24
2700,NC24,0.0005,1.045e-05,2700 NC24
2700,NC24,0.0006,1.054e-05,2700 NC24
2700,NC24,0.0006,1.054e-05,2700 NC24
2700,NC24,0.0009,1.082e-05,2700 NC24
2700,NC24,0.0012,1.109e-05,2700 NC24
2700,NC24,0.0015,1.136e-05,2700 NC24
2700,NC24,0.0018,1.163e-05,2700 NC24
2700,NC24,0.0021,1.19e-05,2700 NC24
2700,NC24,0.0023,1.208e-05,2700 NC24
2700,NC24,0.0026,1.235e-05,2700 NC24
2700,NC24,0.0029,1.263e-05,2700 NC24
2700,NC24,0.0032,1.29e-05,2700 NC24
2700,NC24,0.0046,1.417e-05,2700 NC24
2700,NC24,0.006,1.543e-05,2700 NC24
2700,NC24,0.0075,1.679e-05,2700 NC24
2700,NC24,0.0089,1.806e-05,2700 NC24
2700,NC24,0.0103,1.933e-05,2700 NC24
2700,NC24,0.0117,2.06e-05,2700 NC24
2700,NC24,0.0132,2.196e-05,2700 NC24
2700,NC24,0.0146,2.322e-05,2700 NC24
2700,NC24,0.016,2.449e-05,2700 NC24
2700,NC24,0.0231,3.092e-05,2700 NC24
2700,NC24,0.0302,3.735e-05,2700 NC24
2700,NC24,0.0373,4.378e-05,2700 NC24
2700,NC24,0.0444,5.021e-05,2700 NC24
2700,NC24,0.0516,5.674e-05,2700 NC24
2700,NC24,0.0587,6.317e-05,2700 NC24
2700,NC24,0.0658,6.96e-05,2700 NC24
2700,NC24,0.0729,7.603e-05,2700 NC24
2700,NC24,0.08,8.246e-05,2700 NC24
2700,NC24,0.1156,0.0001147,2700 NC24
2700,NC24,0.1511,0.00014685,2700 NC24
2700,NC24,0.1867,0.00017909,2700 NC24
2700,NC24,0.2222,0.00021124,2700 NC24
2700,NC24,0.2578,0.00024348,2700 NC24
2700,NC24,0.2933,0.00027562,2700 NC24
2700,NC24,0.3289,0.00030786,2700 NC24
2700,NC24,0.3644,0.00034,2700 NC24
2700,NC24,0.4,0.00037224,2700 NC24
2700,NC24,0.5778,0.00053321,2700 NC24
2700,NC24,0.7556,0.00069415,2700 NC24
2700,NC24,0.9333,0.00085498,2700 NC24
2700,NC24,1.1111,0.00101588,2700 NC24
2700,NC24,1.2889,0.00117675,2700 NC24
2700,NC24,1.4667,0.00133759,2700 NC24
2700,NC24,1.6444,0.00149831,2700 NC24
2700,NC24,1.8222,0.0016591,2700 NC24
2700,NC24,2.0,0.00181987,2700 NC24
2700,NC24,2.8889,0.00262321,2700 NC24
2700,NC24,3.7778,0.00342591,2700 NC24
2700,NC24,4.6667,0.00422796,2700 NC24
2700,NC24,5.5556,0.00502937,2700 NC24
2700,NC24,6.4444,0.00583004,2700 NC24
2700,NC24,7.3333,0.00663016,2700 NC24
2700,NC24,8.2222,0.00742963,2700 NC24
2700,NC24,9.1111,0.00822846,2700 NC24
2700,NC24,10.0,0.00902665,2700 NC24
2700,NC24,14.4444,0.01300786,2700 NC24
2700,NC24,18.8889,0.01697318,2700 NC24
2700,NC24,23.3333,0.02092247,2700 NC24
2700,NC24,27.7778,0.02485598,2700 NC24
2700,NC24,32.2222,0.02877361,2700 NC24
2700,NC24,36.6667,0.03267558,2700 NC24
2700,NC24,41.1111,0.03656179,2700 NC24
2700,NC24,45.5556,0.04043247,2700 NC24
2700,NC24,50.0,0.04428752,2700 NC24
2700,TOT_MORT,0.0,0.04298547,2700 TOT_MORT
2700,TOT_MORT,0.0,0.04298547,2700 TOT_MORT
2700,TOT_MORT,0.0,0.04298547,2700 TOT_MORT
2700,TOT_MORT,0.0,0.04298547,2700 TOT_MORT
2700,TOT_MORT,0.0001,0.04298547,2700 TOT_MORT
2700,TOT_MORT,0.0001,0.04298547,2700 TOT_MORT
2700,TOT_MORT,0.0001,0.04298547,2700 TOT_MORT
2700,TOT_MORT,0.0001,0.04298547,2700 TOT_MORT
2700,TOT_MORT,0.0001,0.04298547,2700 TOT_MORT
2700,TOT_MORT,0.0001,0.04298547,2700 TOT_MORT
2700,TOT_MORT,0.0002,0.04298547,2700 TOT_MORT
2700,TOT_MORT,0.0002,0.04298547,2700 TOT_MORT
2700,TOT_MORT,0.0003,0.04298547,2700 TOT_MORT
2700,TOT_MORT,0.0004,0.04298547,2700 TOT_MORT
2700,TOT_MORT,0.0004,0.04298547,2700 TOT_MORT
2700,TOT_MORT,0.0005,0.04298547,2700 TOT_MORT
2700,TOT_MORT,0.0005,0.04298547,2700 TOT_MORT
2700,TOT_MORT,0.0006,0.04298547,2700 TOT_MORT
2700,TOT_MORT,0.0006,0.04298547,2700 TOT_MORT
2700,TOT_MORT,0.0009,0.04298547,2700 TOT_MORT
2700,TOT_MORT,0.0012,0.04298547,2700 TOT_MORT
2700,TOT_MORT,0.0015,0.04298547,2700 TOT_MORT
2700,TOT_MORT,0.0018,0.04298547,2700 TOT_MORT
2700,TOT_MORT,0.0021,0.04298547,2700 TOT_MORT
2700,TOT_MORT,0.0023,0.04298547,2700 TOT_MORT
2700,TOT_MORT,0.0026,0.04298547,2700 TOT_MORT
2700,TOT_MORT,0.0029,0.04298547,2700 TOT_MORT
2700,TOT_MORT,0.0032,0.04298547,2700 TOT_MORT
2700,TOT_MORT,0.0046,0.04298547,2700 TOT_MORT
2700,TOT_MORT,0.006,0.04298547,2700 TOT_MORT
2700,TOT_MORT,0.0075,0.04298547,2700 TOT_MORT
2700,TOT_MORT,0.0089,0.04298547,2700 TOT_MORT
2700,TOT_MORT,0.0103,0.04298547,2700 TOT_MORT
2700,TOT_MORT,0.0117,0.04298547,2700 TOT_MORT
2700,TOT_MORT,0.0132,0.04298547,2700 TOT_MORT
2700,TOT_MORT,0.0146,0.04298547,2700 TOT_MORT
2700,TOT_MORT,0.016,0.04298547,2700 TOT_MORT
2700,TOT_MORT,0.0231,0.04298547,2700 TOT_MORT
2700,TOT_MORT,0.0302,0.04298547,2700 TOT_MORT
2700,TOT_MORT,0.0373,0.04298547,2700 TOT_MORT
2700,TOT_MORT,0.0444,0.04298547,2700 TOT_MORT
2700,TOT_MORT,0.0516,0.04298547,2700 TOT_MORT
2700,TOT_MORT,0.0587,0.04298547,2700 TOT_MORT
2700,TOT_MORT,0.0658,0.04298547,2700 TOT_MORT
2700,TOT_MORT,0.0729,0.04298547,2700 TOT_MORT
2700,TOT_MORT,0.08,0.04298547,2700 TOT_MORT
2700,TOT_MORT,0.1156,0.04298547,2700 TOT_MORT
2700,TOT_MORT,0.1511,0.04298547,2700 TOT_MORT
2700,TOT_MORT,0.1867,0.04298547,2700 TOT_MORT
2700,TOT_MORT,0.2222,0.04298547,2700 TOT_MORT
2700,TOT_MORT,0.2578,0.04298547,2700 TOT_MORT
2700,TOT_MORT,0.2933,0.04298547,2700 TOT_MORT
2700,TOT_MORT,0.3289,0.04298547,2700 TOT_MORT
2700,TOT_MORT,0.3644,0.04298547,2700 TOT_MORT
2700,TOT_MORT,0.4,0.04298547,2700 TOT_MORT
2700,TOT_MORT,0.5778,0.04298547,2700 TOT_MORT
2700,TOT_MORT,0.7556,0.0429855,2700 TOT_MORT
2700,TOT_MORT,0.9333,0.04298562,2700 TOT_MORT
2700,TOT_MORT,1.1111,0.04298596,2700 TOT_MORT
2700,TOT_MORT,1.2889,0.04298676,2700 TOT_MORT
2700,TOT_MORT,1.4667,0.04298835,2700 TOT_MORT
2700,TOT_MORT,1.6444,0.04299119,2700 TOT_MORT
2700,TOT_MORT,1.8222,0.04299589,2700 TOT_MORT
2700,TOT_MORT,2.0,0.04300315,2700 TOT_MORT
2700,TOT_MORT,2.8889,0.04311024,2700 TOT_MORT
2700,TOT_MORT,3.7778,0.04343917,2700 TOT_MORT
2700,TOT_MORT,4.6667,0.04414433,2700 TOT_MORT
2700,TOT_MORT,5.5556,0.04537028,2700 TOT_MORT
2700,TOT_MORT,6.4444,0.04723416,2700 TOT_MORT
2700,TOT_MORT,7.3333,0.04982072,2700 TOT_MORT
2700,TOT_MORT,8.2222,0.05318185,2700 TOT_MORT
2700,TOT_MORT,9.1111,0.0573413,2700 TOT_MORT
2700,TOT_MORT,10.0,0.06229957,2700 TOT_MORT
2700,TOT_MORT,14.4444,0.09805283,2700 TOT_MORT
2700,TOT_MORT,18.8889,0.14767467,2700 TOT_MORT
2700,TOT_MORT,23.3333,0.20493288,2700 TOT_MORT
2700,TOT_MORT,27.7778,0.26498303,2700 TOT_MORT
2700,TOT_MORT,32.2222,0.32460329,2700 TOT_MORT
2700,TOT_MORT,36.6667,0.3818503,2700 TOT_MORT
2700,TOT_MORT,41.1111,0.43565369,2700 TOT_MORT
2700,TOT_MORT,45.5556,0.48551861,2700 TOT_MORT
2700,TOT_MORT,50.0,0.53130162,2700 TOT_MORT
2806-2,ALL_BUT_MORT,,,2806-2 ALL_BUT_MORT
2806-2,ANY120,,,2806-2 ANY120
2806-2,ANY24,,,2806-2 ANY24
2806-2,AXIS,0.0,1e-05,2806-2 AXIS
2806-2,AXIS,0.0889,0.00054458,2806-2 AXIS
2806-2,AXIS,0.1778,0.00096072,2806-2 AXIS
2806-2,AXIS,0.2667,0.00134126,2806-2 AXIS
2806-2,AXIS,0.3556,0.00170028,2806-2 AXIS
2806-2,AXIS,0.4444,0.00204368,2806-2 AXIS
2806-2,AXIS,0.5333,0.00237575,2806-2 AXIS
2806-2,AXIS,0.6222,0.00269836,2806-2 AXIS
2806-2,AXIS,0.7111,0.00301305,2806-2 AXIS
2806-2,AXIS,0.8,0.00332095,2806-2 AXIS
2806-2,AXIS,1.1556,0.00449954,2806-2 AXIS
2806-2,AXIS,1.5111,0.00561456,2806-2 AXIS
2806-2,AXIS,1.8667,0.00668369,2806-2 AXIS
2806-2,AXIS,2.2222,0.0077163,2806-2 AXIS
2806-2,AXIS,2.5778,0.00871949,2806-2 AXIS
2806-2,AXIS,2.9333,0.0096973,2806-2 AXIS
2806-2,AXIS,3.2889,0.01065364,2806-2 AXIS
2806-2,AXIS,3.6444,0.01159061,2806-2 AXIS
2806-2,AXIS,4.0,0.01251077,2806-2 AXIS
2806-2,AXIS,5.7778,0.01690469,2806-2 AXIS
2806-2,AXIS,7.5556,0.0210364,2806-2 AXIS
2806-2,AXIS,9.3333,0.02497286,2806-2 AXIS
2806-2,AXIS,11.1111,0.02875413,2806-2 AXIS
2806-2,AXIS,12.8889,0.03240615,2806-2 AXIS
2806-2,AXIS,14.6667,0.03594742,2806-2 AXIS
2806-2,AXIS,16.4444,0.03939156,2806-2 AXIS
2806-2,AXIS,18.2222,0.04274963,2806-2 AXIS
2806-2,AXIS,20.0,0.04602993,2806-2 AXIS
2806-2,AXIS,20.5556,0.04704028,2806-2 AXIS
2806-2,AXIS,21.1111,0.04804373,2806-2 AXIS
2806-2,AXIS,21.6667,0.04904081,2806-2 AXIS
2806-2,AXIS,22.2222,0.05003134,2806-2 AXIS
2806-2,AXIS,22.7778,0.05101582,2806-2 AXIS
2806-2,AXIS,23.3333,0.05199406,2806-2 AXIS
2806-2,AXIS,23.8889,0.05296654,2806-2 AXIS
2806-2,AXIS,24.4444,0.05393306,2806-2 AXIS
2806-2,AXIS,25.0,0.05489409,2806-2 AXIS
2806-2,AXIS,27.7778,0.05961815,2806-2 AXIS
2806-2,AXIS,30.5556,0.06421719,2806-2 AXIS
2806-2,AXIS,33.3333,0.0687022,2806-2 AXIS
2806-2,AXIS,36.1111,0.07308275,2806-2 AXIS
2806-2,AXIS,38.8889,0.07736651,2806-2 AXIS
2806-2,AXIS,41.6667,0.08156018,2806-2 AXIS
2806-2,AXIS,44.4444,0.08566944,2806-2 AXIS
2806-2,AXIS,47.2222,0.08969966,2806-2 AXIS
2806-2,AXIS,50.0,0.09365518,2806-2 AXIS
2806-2,AXIS,52.7778,0.09754003,2806-2 AXIS
2806-2,AXIS,55.5556,0.10135778,2806-2 AXIS
2806-2,AXIS,58.3333,0.10511153,2806-2 AXIS
2806-2,AXIS,61.1111,0.10880451,2806-2 AXIS
2806-2,AXIS,63.8889,0.11243925,2806-2 AXIS
2806-2,AXIS,66.6667,0.11601819,2806-2 AXIS
2806-2,AXIS,69.4444,0.11954348,2806-2 AXIS
2806-2,AXIS,72.2222,0.12301745,2806-2 AXIS
2806-2,AXIS,75.0,0.12644188,2806-2 AXIS
2806-2,AXIS,77.7778,0.12981859,2806-2 AXIS
2806-2,AXIS,80.5556,0.13314922,2806-2 AXIS
2806-2,AXIS,83.3333,0.13643523,2806-2 AXIS
2806-2,AXIS,86.1111,0.13967831,2806-2 AXIS
2806-2,AXIS,88.8889,0.1428797,2806-2 AXIS
2806-2,AXIS,91.6667,0.1460407,2806-2 AXIS
2806-2,AXIS,94.4444,0.14916241,2806-2 AXIS
2806-2,AXIS,97.2222,0.1522462,2806-2 AXIS
2806-2,AXIS,100.0,0.15529304,2806-2 AXIS
2806-2,BRN_,0.0,0.02037125,2806-2 BRN_
2806-2,BRN_,0.0889,0.02044453,2806-2 BRN_
2806-2,BRN_,0.1778,0.02051804,2806-2 BRN_
2806-2,BRN_,0.2667,0.02059177,2806-2 BRN_
2806-2,BRN_,0.3556,0.02066573,2806-2 BRN_
2806-2,BRN_,0.4444,0.02073983,2806-2 BRN_
2806-2,BRN_,0.5333,0.02081423,2806-2 BRN_
2806-2,BRN_,0.6222,0.02088887,2806-2 BRN_
2806-2,BRN_,0.7111,0.02096373,2806-2 BRN_
2806-2,BRN_,0.8,0.02103881,2806-2 BRN_
2806-2,BRN_,1.1556,0.02134144,2806-2 BRN_
2806-2,BRN_,1.5111,0.02164765,2806-2 BRN_
2806-2,BRN_,1.8667,0.02195765,2806-2 BRN_
2806-2,BRN_,2.2222,0.0222713,2806-2 BRN_
2806-2,BRN_,2.5778,0.02258881,2806-2 BRN_
2806-2,BRN_,2.9333,0.02291005,2806-2 BRN_
2806-2,BRN_,3.2889,0.02323521,2806-2 BRN_
2806-2,BRN_,3.6444,0.02356415,2806-2 BRN_
2806-2,BRN_,4.0,0.0238971,2806-2 BRN_
2806-2,BRN_,5.7778,0.02562151,2806-2 BRN_
2806-2,BRN_,7.5556,0.0274489,2806-2 BRN_
2806-2,BRN_,9.3333,0.02938359,2806-2 BRN_
2806-2,BRN_,11.1111,0.03143029,2806-2 BRN_
2806-2,BRN_,12.8889,0.03359346,2806-2 BRN_
2806-2,BRN_,14.6667,0.03587771,2806-2 BRN_
2806-2,BRN_,16.4444,0.03828753,2806-2 BRN_
2806-2,BRN_,18.2222,0.04082786,2806-2 BRN_
2806-2,BRN_,20.0,0.04350327,2806-2 BRN_
2806-2,BRN_,20.5556,0.04436783,2806-2 BRN_
2806-2,BRN_,21.1111,0.04524602,2806-2 BRN_
2806-2,BRN_,21.6667,0.04613831,2806-2 BRN_
2806-2,BRN_,22.2222,0.04704452,2806-2 BRN_
2806-2,BRN_,22.7778,0.0479651,2806-2 BRN_
2806-2,BRN_,23.3333,0.04889988,2806-2 BRN_
2806-2,BRN_,23.8889,0.04984933,2806-2 BRN_
2806-2,BRN_,24.4444,0.05081326,2806-2 BRN_
2806-2,BRN_,25.0,0.05179214,2806-2 BRN_
2806-2,BRN_,27.7778,0.05691292,2806-2 BRN_
2806-2,BRN_,30.5556,0.06242426,2806-2 BRN_
2806-2,BRN_,33.3333,0.06834291,2806-2 BRN_
2806-2,BRN_,36.1111,0.07468573,2806-2 BRN_
2806-2,BRN_,38.8889,0.08146819,2806-2 BRN_
2806-2,BRN_,41.6667,0.08870512,2806-2 BRN_
2806-2,BRN_,44.4444,0.09641,2806-2 BRN_
2806-2,BRN_,47.2222,0.10459599,2806-2 BRN_
2806-2,BRN_,50.0,0.11327404,2806-2 BRN_
2806-2,BRN_,52.7778,0.12245388,2806-2 BRN_
2806-2,BRN_,55.5556,0.13214354,2806-2 BRN_
2806-2,BRN_,58.3333,0.14234891,2806-2 BRN_
2806-2,BRN_,61.1111,0.15307498,2806-2 BRN_
2806-2,BRN_,63.8889,0.16432359,2806-2 BRN_
2806-2,BRN_,66.6667,0.17609475,2806-2 BRN_
2806-2,BRN_,69.4444,0.18838567,2806-2 BRN_
2806-2,BRN_,72.2222,0.20119253,2806-2 BRN_
2806-2,BRN_,75.0,0.2145077,2806-2 BRN_
2806-2,BRN_,77.7778,0.22832149,2806-2 BRN_
2806-2,BRN_,80.5556,0.24262162,2806-2 BRN_
2806-2,BRN_,83.3333,0.25739272,2806-2 BRN_
2806-2,BRN_,86.1111,0.27261845,2806-2 BRN_
2806-2,BRN_,88.8889,0.28827839,2806-2 BRN_
2806-2,BRN_,91.6667,0.30435013,2806-2 BRN_
2806-2,BRN_,94.4444,0.32080831,2806-2 BRN_
2806-2,BRN_,97.2222,0.33762704,2806-2 BRN_
2806-2,BRN_,100.0,0.35477651,2806-2 BRN_
2806-2,CRAN,0.0,0.03125,2806-2 CRAN
2806-2,CRAN,0.0889,0.03136148,2806-2 CRAN
2806-2,CRAN,0.1778,0.03147329,2806-2 CRAN
2806-2,CRAN,0.2667,0.03158543,2806-2 CRAN
2806-2,CRAN,0.3556,0.03169789,2806-2 CRAN
2806-2,CRAN,0.4444,0.03181057,2806-2 CRAN
2806-2,CRAN,0.5333,0.03192369,2806-2 CRAN
2806-2,CRAN,0.6222,0.03203716,2806-2 CRAN
2806-2,CRAN,0.7111,0.03215095,2806-2 CRAN
2806-2,CRAN,0.8,0.03226508,2806-2 CRAN
2806-2,CRAN,1.1556,0.03272494,2806-2 CRAN
2806-2,CRAN,1.5111,0.03319006,2806-2 CRAN
2806-2,CRAN,1.8667,0.03366074,2806-2 CRAN
2806-2,CRAN,2.2222,0.03413677,2806-2 CRAN
2806-2,CRAN,2.5778,0.03461845,2806-2 CRAN
2806-2,CRAN,2.9333,0.03510557,2806-2 CRAN
2806-2,CRAN,3.2889,0.03559844,2806-2 CRAN
2806-2,CRAN,3.6444,0.03609682,2806-2 CRAN
2806-2,CRAN,4.0,0.03660104,2806-2 CRAN
2806-2,CRAN,5.7778,0.03920898,2806-2 CRAN
2806-2,CRAN,7.5556,0.04196618,2806-2 CRAN
2806-2,CRAN,9.3333,0.04487812,2806-2 CRAN
2806-2,CRAN,11.1111,0.04795074,2806-2 CRAN
2806-2,CRAN,12.8889,0.05118951,2806-2 CRAN
2806-2,CRAN,14.6667,0.05459997,2806-2 CRAN
2806-2,CRAN,16.4444,0.05818746,2806-2 CRAN
2806-2,CRAN,18.2222,0.06195779,2806-2 CRAN
2806-2,CRAN,20.0,0.06591612,2806-2 CRAN
2806-2,CRAN,20.5556,0.06719256,2806-2 CRAN
2806-2,CRAN,21.1111,0.0684878,2806-2 CRAN
2806-2,CRAN,21.6667,0.06980245,2806-2 CRAN
2806-2,CRAN,22.2222,0.0711362,2806-2 CRAN
2806-2,CRAN,22.7778,0.07248968,2806-2 CRAN
2806-2,CRAN,23.3333,0.07386255,2806-2 CRAN
2806-2,CRAN,23.8889,0.07525545,2806-2 CRAN
2806-2,CRAN,24.4444,0.07666804,2806-2 CRAN
2806-2,CRAN,25.0,0.07810095,2806-2 CRAN
2806-2,CRAN,27.7778,0.08557116,2806-2 CRAN
2806-2,CRAN,30.5556,0.09356395,2806-2 CRAN
2806-2,CRAN,33.3333,0.10209473,2806-2 CRAN
2806-2,CRAN,36.1111,0.11117815,2806-2 CRAN
2806-2,CRAN,38.8889,0.12082609,2806-2 CRAN
2806-2,CRAN,41.6667,0.13104863,2806-2 CRAN
2806-2,CRAN,44.4444,0.14185319,2806-2 CRAN
2806-2,CRAN,47.2222,0.15324588,2806-2 CRAN
2806-2,CRAN,50.0,0.16522899,2806-2 CRAN
2806-2,CRAN,52.7778,0.17780238,2806-2 CRAN
2806-2,CRAN,55.5556,0.19096296,2806-2 CRAN
2806-2,CRAN,58.3333,0.20470404,2806-2 CRAN
2806-2,CRAN,61.1111,0.21901728,2806-2 CRAN
2806-2,CRAN,63.8889,0.23388961,2806-2 CRAN
2806-2,CRAN,66.6667,0.24930519,2806-2 CRAN
2806-2,CRAN,69.4444,0.2652443,2806-2 CRAN
2806-2,CRAN,72.2222,0.28168572,2806-2 CRAN
2806-2,CRAN,75.0,0.29860332,2806-2 CRAN
2806-2,CRAN,77.7778,0.31596843,2806-2 CRAN
2806-2,CRAN,80.5556,0.33374943,2806-2 CRAN
2806-2,CRAN,83.3333,0.35191122,2806-2 CRAN
2806-2,CRAN,86.1111,0.37041803,2806-2 CRAN
2806-2,CRAN,88.8889,0.38922976,2806-2 CRAN
2806-2,CRAN,91.6667,0.40830481,2806-2 CRAN
2806-2,CRAN,94.4444,0.42759898,2806-2 CRAN
2806-2,CRAN,97.2222,0.44706861,2806-2 CRAN
2806-2,CRAN,100.0,0.46666667,2806-2 CRAN
2806-2,EDEM,0.0,0.02046393,2806-2 EDEM
2806-2,EDEM,0.0889,0.02054724,2806-2 EDEM
2806-2,EDEM,0.1778,0.02063084,2806-2 EDEM
2806-2,EDEM,0.2667,0.02071473,2806-2 EDEM
2806-2,EDEM,0.3556,0.02079891,2806-2 EDEM
2806-2,EDEM,0.4444,0.02088329,2806-2 EDEM
2806-2,EDEM,0.5333,0.02096804,2806-2 EDEM
2806-2,EDEM,0.6222,0.02105309,2806-2 EDEM
2806-2,EDEM,0.7111,0.02113843,2806-2 EDEM
2806-2,EDEM,0.8,0.02122407,2806-2 EDEM
2806-2,EDEM,1.1556,0.02156954,2806-2 EDEM
2806-2,EDEM,1.5111,0.02191965,2806-2 EDEM
2806-2,EDEM,1.8667,0.02227465,2806-2 EDEM
2806-2,EDEM,2.2222,0.02263439,2806-2 EDEM
2806-2,EDEM,2.5778,0.02299912,2806-2 EDEM
2806-2,EDEM,2.9333,0.02336867,2806-2 EDEM
2806-2,EDEM,3.2889,0.02374332,2806-2 EDEM
2806-2,EDEM,3.6444,0.0241229,2806-2 EDEM
2806-2,EDEM,4.0,0.02450767,2806-2 EDEM
2806-2,EDEM,5.7778,0.02650939,2806-2 EDEM
2806-2,EDEM,7.5556,0.02864592,2806-2 EDEM
2806-2,EDEM,9.3333,0.03092361,2806-2 EDEM
2806-2,EDEM,11.1111,0.03334933,2806-2 EDEM
2806-2,EDEM,12.8889,0.03592961,2806-2 EDEM
2806-2,EDEM,14.6667,0.03867119,2806-2 EDEM
2806-2,EDEM,16.4444,0.04158068,2806-2 EDEM
2806-2,EDEM,18.2222,0.04466521,2806-2 EDEM
2806-2,EDEM,20.0,0.04793143,2806-2 EDEM
2806-2,EDEM,20.5556,0.04899053,2806-2 EDEM
2806-2,EDEM,21.1111,0.05006805,2806-2 EDEM
2806-2,EDEM,21.6667,0.05116457,2806-2 EDEM
2806-2,EDEM,22.2222,0.05227992,2806-2 EDEM
2806-2,EDEM,22.7778,0.0534147,2806-2 EDEM
2806-2,EDEM,23.3333,0.05456869,2806-2 EDEM
2806-2,EDEM,23.8889,0.05574253,2806-2 EDEM
2806-2,EDEM,24.4444,0.05693599,2806-2 EDEM
2806-2,EDEM,25.0,0.05814969,2806-2 EDEM
2806-2,EDEM,27.7778,0.06452524,2806-2 EDEM
2806-2,EDEM,30.5556,0.07143097,2806-2 EDEM
2806-2,EDEM,33.3333,0.07889001,2806-2 EDEM
2806-2,EDEM,36.1111,0.08692498,2806-2 EDEM
2806-2,EDEM,38.8889,0.0955561,2806-2 EDEM
2806-2,EDEM,41.6667,0.10480196,2806-2 EDEM
2806-2,EDEM,44.4444,0.11467857,2806-2 EDEM
2806-2,EDEM,47.2222,0.12520053,2806-2 EDEM
2806-2,EDEM,50.0,0.1363786,2806-2 EDEM
2806-2,EDEM,52.7778,0.14822086,2806-2 EDEM
2806-2,EDEM,55.5556,0.16073204,2806-2 EDEM
2806-2,EDEM,58.3333,0.17391289,2806-2 EDEM
2806-2,EDEM,61.1111,0.18776183,2806-2 EDEM
2806-2,EDEM,63.8889,0.20227196,2806-2 EDEM
2806-2,EDEM,66.6667,0.21743277,2806-2 EDEM
2806-2,EDEM,69.4444,0.23322906,2806-2 EDEM
2806-2,EDEM,72.2222,0.2496431,2806-2 EDEM
2806-2,EDEM,75.0,0.26665127,2806-2 EDEM
2806-2,EDEM,77.7778,0.28422631,2806-2 EDEM
2806-2,EDEM,80.5556,0.30233687,2806-2 EDEM
2806-2,EDEM,83.3333,0.32094697,2806-2 EDEM
2806-2,EDEM,86.1111,0.34001885,2806-2 EDEM
2806-2,EDEM,88.8889,0.3595092,2806-2 EDEM
2806-2,EDEM,91.6667,0.3793721,2806-2 EDEM
2806-2,EDEM,94.4444,0.39955794,2806-2 EDEM
2806-2,EDEM,97.2222,0.42001669,2806-2 EDEM
2806-2,EDEM,100.0,0.44069393,2806-2 EDEM
2806-2,LTRK,0.0,0.01099891,2806-2 LTRK
2806-2,LTRK,0.0889,0.01109199,2806-2 LTRK
2806-2,LTRK,0.1778,0.01118506,2806-2 LTRK
2806-2,LTRK,0.2667,0.01127812,2806-2 LTRK
2806-2,LTRK,0.3556,0.01137117,2806-2 LTRK
2806-2,LTRK,0.4444,0.01146411,2806-2 LTRK
2806-2,LTRK,0.5333,0.01155715,2806-2 LTRK
2806-2,LTRK,0.6222,0.01165018,2806-2 LTRK
2806-2,LTRK,0.7111,0.01174319,2806-2 LTRK
2806-2,LTRK,0.8,0.0118362,2806-2 LTRK
2806-2,LTRK,1.1556,0.01220815,2806-2 LTRK
2806-2,LTRK,1.5111,0.01257986,2806-2 LTRK
2806-2,LTRK,1.8667,0.01295153,2806-2 LTRK
2806-2,LTRK,2.2222,0.01332295,2806-2 LTRK
2806-2,LTRK,2.5778,0.01369434,2806-2 LTRK
2806-2,LTRK,2.9333,0.01406549,2806-2 LTRK
2806-2,LTRK,3.2889,0.0144366,2806-2 LTRK
2806-2,LTRK,3.6444,0.01480746,2806-2 LTRK
2806-2,LTRK,4.0,0.0151783,2806-2 LTRK
2806-2,LTRK,5.7778,0.01703015,2806-2 LTRK
2806-2,LTRK,7.5556,0.01887852,2806-2 LTRK
2806-2,LTRK,9.3333,0.02072331,2806-2 LTRK
2806-2,LTRK,11.1111,0.02256474,2806-2 LTRK
2806-2,LTRK,12.8889,0.02440271,2806-2 LTRK
2806-2,LTRK,14.6667,0.02623722,2806-2 LTRK
2806-2,LTRK,16.4444,0.02806817,2806-2 LTRK
2806-2,LTRK,18.2222,0.02989579,2806-2 LTRK
2806-2,LTRK,20.0,0.03171997,2806-2 LTRK
2806-2,LTRK,20.5556,0.03228936,2806-2 LTRK
2806-2,LTRK,21.1111,0.03285831,2806-2 LTRK
2806-2,LTRK,21.6667,0.03342703,2806-2 LTRK
2806-2,LTRK,22.2222,0.03399532,2806-2 LTRK
2806-2,LTRK,22.7778,0.03456337,2806-2 LTRK
2806-2,LTRK,23.3333,0.03513099,2806-2 LTRK
2806-2,LTRK,23.8889,0.03569837,2806-2 LTRK
2806-2,LTRK,24.4444,0.03626532,2806-2 LTRK
2806-2,LTRK,25.0,0.03683204,2806-2 LTRK
2806-2,LTRK,27.7778,0.03966043,2806-2 LTRK
2806-2,LTRK,30.5556,0.04248052,2806-2 LTRK
2806-2,LTRK,33.3333,0.04529222,2806-2 LTRK
2806-2,LTRK,36.1111,0.04809577,2806-2 LTRK
2806-2,LTRK,38.8889,0.05089108,2806-2 LTRK
2806-2,LTRK,41.6667,0.05367819,2806-2 LTRK
2806-2,LTRK,44.4444,0.05645701,2806-2 LTRK
2806-2,LTRK,47.2222,0.05922777,2806-2 LTRK
2806-2,LTRK,50.0,0.0619904,2806-2 LTRK
2806-2,LTRK,52.7778,0.06474491,2806-2 LTRK
2806-2,LTRK,55.5556,0.06749134,2806-2 LTRK
2806-2,LTRK,58.3333,0.0702296,2806-2 LTRK
2806-2,LTRK,61.1111,0.07295991,2806-2 LTRK
2806-2,LTRK,63.8889,0.07568221,2806-2 LTRK
2806-2,LTRK,66.6667,0.07839652,2806-2 LTRK
2806-2,LTRK,69.4444,0.08110276,2806-2 LTRK
2806-2,LTRK,72.2222,0.08380115,2806-2 LTRK
2806-2,LTRK,75.0,0.08649161,2806-2 LTRK
2806-2,LTRK,77.7778,0.08917417,2806-2 LTRK
2806-2,LTRK,80.5556,0.09184886,2806-2 LTRK
2806-2,LTRK,83.3333,0.0945156,2806-2 LTRK
2806-2,LTRK,86.1111,0.0971746,2806-2 LTRK
2806-2,LTRK,88.8889,0.09982579,2806-2 LTRK
2806-2,LTRK,91.6667,0.1024692,2806-2 LTRK
2806-2,LTRK,94.4444,0.10510475,2806-2 LTRK
2806-2,LTRK,97.2222,0.10773265,2806-2 LTRK
2806-2,LTRK,100.0,0.11035284,2806-2 LTRK
2806-2,MO24,,,2806-2 MO24
2806-2,NC24,,,2806-2 NC24
2806-2,TOT_MORT,,,2806-2 TOT_MORT
3322,ALL_BUT_MORT,,,3322 ALL_BUT_MORT
3322,ANY120,0.0,0.1098016,3322 ANY120
3322,ANY120,111.1111,0.11079016,3322 ANY120
3322,ANY120,222.2222,0.11177762,3322 ANY120
3322,ANY120,333.3333,0.11276399,3322 ANY120
3322,ANY120,444.4444,0.11374926,3322 ANY120
3322,ANY120,555.5556,0.11473344,3322 ANY120
3322,ANY120,666.6667,0.11571652,3322 ANY120
3322,ANY120,777.7778,0.11669851,3322 ANY120
3322,ANY120,888.8889,0.11767941,3322 ANY120
3322,ANY120,1000.0,0.11865922,3322 ANY120
3322,ANY120,1166.6667,0.1201269,3322 ANY120
3322,ANY120,1333.3333,0.12159213,3322 ANY120
3322,ANY120,1500.0,0.12305493,3322 ANY120
3322,ANY120,1666.6667,0.12451529,3322 ANY120
3322,ANY120,1833.3333,0.12597321,3322 ANY120
3322,ANY120,2000.0,0.12742871,3322 ANY120
3322,ANY120,2166.6667,0.12888178,3322 ANY120
3322,ANY120,2333.3333,0.13033244,3322 ANY120
3322,ANY120,2500.0,0.13178068,3322 ANY120
3322,ANY120,2777.7778,0.13418905,3322 ANY120
3322,ANY120,3055.5556,0.13659074,3322 ANY120
3322,ANY120,3333.3333,0.13898578,3322 ANY120
3322,ANY120,3611.1111,0.14137416,3322 ANY120
3322,ANY120,3888.8889,0.14375593,3322 ANY120
3322,ANY120,4166.6667,0.14613108,3322 ANY120
3322,ANY120,4444.4444,0.14849965,3322 ANY120
3322,ANY120,4722.2222,0.15086164,3322 ANY120
3322,ANY120,5000.0,0.15321709,3322 ANY120
3322,ANY120,5277.7778,0.155566,3322 ANY120
3322,ANY120,5555.5556,0.1579084,3322 ANY120
3322,ANY120,5833.3333,0.16024429,3322 ANY120
3322,ANY120,6111.1111,0.16257371,3322 ANY120
3322,ANY120,6388.8889,0.16489667,3322 ANY120
3322,ANY120,6666.6667,0.16721318,3322 ANY120
3322,ANY120,6944.4444,0.16952327,3322 ANY120
3322,ANY120,7222.2222,0.17182694,3322 ANY120
3322,ANY120,7500.0,0.17412423,3322 ANY120
3322,ANY24,0.0,1e-05,3322 ANY24
3322,ANY24,111.1111,0.09374687,3322 ANY24
3322,ANY24,222.2222,0.09374749,3322 ANY24
3322,ANY24,333.3333,0.09374785,3322 ANY24
3322,ANY24,444.4444,0.0937481,3322 ANY24
3322,ANY24,555.5556,0.0937483,3322 ANY24
3322,ANY24,666.6667,0.09374847,3322 ANY24
3322,ANY24,777.7778,0.0937486,3322 ANY24
3322,ANY24,888.8889,0.09374872,3322 ANY24
3322,ANY24,1000.0,0.09374883,3322 ANY24
3322,ANY24,1166.6667,0.09374897,3322 ANY24
3322,ANY24,1333.3333,0.09374908,3322 ANY24
3322,ANY24,1500.0,0.09374919,3322 ANY24
3322,ANY24,1666.6667,0.09374928,3322 ANY24
3322,ANY24,1833.3333,0.09374937,3322 ANY24
3322,ANY24,2000.0,0.09374945,3322 ANY24
3322,ANY24,2166.6667,0.09374952,3322 ANY24
3322,ANY24,2333.3333,0.09374958,3322 ANY24
3322,ANY24,2500.0,0.09374965,3322 ANY24
3322,ANY24,2777.7778,0.09374974,3322 ANY24
3322,ANY24,3055.5556,0.09374982,3322 ANY24
3322,ANY24,3333.3333,0.0937499,3322 ANY24
3322,ANY24,3611.1111,0.09374997,3322 ANY24
3322,ANY24,3888.8889,0.09375004,3322 ANY24
3322,ANY24,4166.6667,0.0937501,3322 ANY24
3322,ANY24,4444.4444,0.09375016,3322 ANY24
3322,ANY24,4722.2222,0.09375021,3322 ANY24
3322,ANY24,5000.0,0.09375026,3322 ANY24
3322,ANY24,5277.7778,0.09375031,3322 ANY24
3322,ANY24,5555.5556,0.09375036,3322 ANY24
3322,ANY24,5833.3333,0.0937504,3322 ANY24
3322,ANY24,6111.1111,0.09375044,3322 ANY24
3322,ANY24,6388.8889,0.09375048,3322 ANY24
3322,ANY24,6666.6667,0.09375052,3322 ANY24
3322,ANY24,6944.4444,0.09375056,3322 ANY24
3322,ANY24,7222.2222,0.09375059,3322 ANY24
3322,ANY24,7500.0,0.09375063,3322 ANY24
3322,AXIS,,,3322 AXIS
3322,BRN_,,,3322 BRN_
3322,CRAN,,,3322 CRAN
3322,EDEM,,,3322 EDEM
3322,LTRK,,,3322 LTRK
3322,MO24,0.0,0.02687394,3322 MO24
3322,MO24,111.1111,0.0279546,3322 MO24
3322,MO24,222.2222,0.02903405,3322 MO24
3322,MO24,333.3333,0.0301123,3322 MO24
3322,MO24,444.4444,0.03118935,3322 MO24
3322,MO24,555.5556,0.03226521,3322 MO24
3322,MO24,666.6667,0.03333987,3322 MO24
3322,MO24,777.7778,0.03441335,3322 MO24
3322,MO24,888.8889,0.03548562,3322 MO24
3322,MO24,1000.0,0.03655671,3322 MO24
3322,MO24,1166.6667,0.03816111,3322 MO24
3322,MO24,1333.3333,0.03976284,3322 MO24
3322,MO24,1500.0,0.0413619,3322 MO24
3322,MO24,1666.6667,0.0429583,3322 MO24
3322,MO24,1833.3333,0.04455204,3322 MO24
3322,MO24,2000.0,0.04614313,3322 MO24
3322,MO24,2166.6667,0.04773157,3322 MO24
3322,MO24,2333.3333,0.04931736,3322 MO24
3322,MO24,2500.0,0.05090051,3322 MO24
3322,MO24,2777.7778,0.05353324,3322 MO24
3322,MO24,3055.5556,0.05615867,3322 MO24
3322,MO24,3333.3333,0.05877681,3322 MO24
3322,MO24,3611.1111,0.06138769,3322 MO24
3322,MO24,3888.8889,0.06399133,3322 MO24
3322,MO24,4166.6667,0.06658775,3322 MO24
3322,MO24,4444.4444,0.06917696,3322 MO24
3322,MO24,4722.2222,0.07175899,3322 MO24
3322,MO24,5000.0,0.07433386,3322 MO24
3322,MO24,5277.7778,0.07690159,3322 MO24
3322,MO24,5555.5556,0.07946219,3322 MO24
3322,MO24,5833.3333,0.08201569,3322 MO24
3322,MO24,6111.1111,0.08456211,3322 MO24
3322,MO24,6388.8889,0.08710147,3322 MO24
3322,MO24,6666.6667,0.08963378,3322 MO24
3322,MO24,6944.4444,0.09215906,3322 MO24
3322,MO24,7222.2222,0.09467734,3322 MO24
3322,MO24,7500.0,0.09718864,3322 MO24
3322,NC24,,,3322 NC24
3322,TOT_MORT,0.0,0.0342947,3322 TOT_MORT
3322,TOT_MORT,111.1111,0.0358994,3322 TOT_MORT
3322,TOT_MORT,222.2222,0.03750144,3322 TOT_MORT
3322,TOT_MORT,333.3333,0.03910081,3322 TOT_MORT
3322,TOT_MORT,444.4444,0.04069753,3322 TOT_MORT
3322,TOT_MORT,555.5556,0.04229159,3322 TOT_MORT
3322,TOT_MORT,666.6667,0.043883,3322 TOT_MORT
3322,TOT_MORT,777.7778,0.04547177,3322 TOT_MORT
3322,TOT_MORT,888.8889,0.0470579,3322 TOT_MORT
3322,TOT_MORT,1000.0,0.04864139,3322 TOT_MORT
3322,TOT_MORT,1166.6667,0.0510117,3322 TOT_MORT
3322,TOT_MORT,1333.3333,0.0533761,3322 TOT_MORT
3322,TOT_MORT,1500.0,0.05573461,3322 TOT_MORT
3322,TOT_MORT,1666.6667,0.05808725,3322 TOT_MORT
3322,TOT_MORT,1833.3333,0.06043402,3322 TOT_MORT
3322,TOT_MORT,2000.0,0.06277495,3322 TOT_MORT
3322,TOT_MORT,2166.6667,0.06511004,3322 TOT_MORT
3322,TOT_MORT,2333.3333,0.06743932,3322 TOT_MORT
3322,TOT_MORT,2500.0,0.06976279,3322 TOT_MORT
3322,TOT_MORT,2777.7778,0.07362239,3322 TOT_MORT
3322,TOT_MORT,3055.5556,0.07746597,3322 TOT_MORT
3322,TOT_MORT,3333.3333,0.08129361,3322 TOT_MORT
3322,TOT_MORT,3611.1111,0.08510536,3322 TOT_MORT
3322,TOT_MORT,3888.8889,0.0889013,3322 TOT_MORT
3322,TOT_MORT,4166.6667,0.0926815,3322 TOT_MORT
3322,TOT_MORT,4444.4444,0.096446,3322 TOT_MORT
3322,TOT_MORT,4722.2222,0.10019489,3322 TOT_MORT
3322,TOT_MORT,5000.0,0.10392822,3322 TOT_MORT
3322,TOT_MORT,5277.7778,0.10764607,3322 TOT_MORT
3322,TOT_MORT,5555.5556,0.11134848,3322 TOT_MORT
3322,TOT_MORT,5833.3333,0.11503554,3322 TOT_MORT
3322,TOT_MORT,6111.1111,0.1187073,3322 TOT_MORT
3322,TOT_MORT,6388.8889,0.12236382,3322 TOT_MORT
3322,TOT_MORT,6666.6667,0.12600518,3322 TOT_MORT
3322,TOT_MORT,6944.4444,0.12963142,3322 TOT_MORT
3322,TOT_MORT,7222.2222,0.13324262,3322 TOT_MORT
3322,TOT_MORT,7500.0,0.13683884,3322 TOT_MORT
3324,ALL_BUT_MORT,0.0,0.03275602,3324 ALL_BUT_MORT
3324,ALL_BUT_MORT,111.1111,0.03275602,3324 ALL_BUT_MORT
3324,ALL_BUT_MORT,222.2222,0.03275602,3324 ALL_BUT_MORT
3324,ALL_BUT_MORT,333.3333,0.03275602,3324 ALL_BUT_MORT
3324,ALL_BUT_MORT,444.4444,0.03275602,3324 ALL_BUT_MORT
3324,ALL_BUT_MORT,555.5556,0.03275602,3324 ALL_BUT_MORT
3324,ALL_BUT_MORT,666.6667,0.03275602,3324 ALL_BUT_MORT
3324,ALL_BUT_MORT,777.7778,0.03275602,3324 ALL_BUT_MORT
3324,ALL_BUT_MORT,888.8889,0.03275602,3324 ALL_BUT_MORT
3324,ALL_BUT_MORT,1000.0,0.03275604,3324 ALL_BUT_MORT
3324,ALL_BUT_MORT,1166.6667,0.03275618,3324 ALL_BUT_MORT
3324,ALL_BUT_MORT,1333.3333,0.0327569,3324 ALL_BUT_MORT
3324,ALL_BUT_MORT,1500.0,0.03275975,3324 ALL_BUT_MORT
3324,ALL_BUT_MORT,1666.6667,0.03276902,3324 ALL_BUT_MORT
3324,ALL_BUT_MORT,1833.3333,0.03279486,3324 ALL_BUT_MORT
3324,ALL_BUT_MORT,2000.0,0.03285821,3324 ALL_BUT_MORT
3324,ALL_BUT_MORT,2166.6667,0.03299772,3324 ALL_BUT_MORT
3324,ALL_BUT_MORT,2333.3333,0.03327823,3324 ALL_BUT_MORT
3324,ALL_BUT_MORT,2500.0,0.03379982,3324 ALL_BUT_MORT
3324,ALL_BUT_MORT,2777.7778,0.03561673,3324 ALL_BUT_MORT
3324,ALL_BUT_MORT,3055.5556,0.03949217,3324 ALL_BUT_MORT
3324,ALL_BUT_MORT,3333.3333,0.04676002,3324 ALL_BUT_MORT
3324,ALL_BUT_MORT,3611.1111,0.05899876,3324 ALL_BUT_MORT
3324,ALL_BUT_MORT,3888.8889,0.07780905,3324 ALL_BUT_MORT
3324,ALL_BUT_MORT,4166.6667,0.1045376,3324 ALL_BUT_MORT
3324,ALL_BUT_MORT,4444.4444,0.14001657,3324 ALL_BUT_MORT
3324,ALL_BUT_MORT,4722.2222,0.18438207,3324 ALL_BUT_MORT
3324,ALL_BUT_MORT,5000.0,0.23701087,3324 ALL_BUT_MORT
3324,ALL_BUT_MORT,5277.7778,0.29658135,3324 ALL_BUT_MORT
3324,ALL_BUT_MORT,5555.5556,0.36123599,3324 ALL_BUT_MORT
3324,ALL_BUT_MORT,5833.3333,0.4288043,3324 ALL_BUT_MORT
3324,ALL_BUT_MORT,6111.1111,0.49704108,3324 ALL_BUT_MORT
3324,ALL_BUT_MORT,6388.8889,0.56384035,3324 ALL_BUT_MORT
3324,ALL_BUT_MORT,6666.6667,0.62739894,3324 ALL_BUT_MORT
3324,ALL_BUT_MORT,6944.4444,0.68631744,3324 ALL_BUT_MORT
3324,ALL_BUT_MORT,7222.2222,0.73963963,3324 ALL_BUT_MORT
3324,ALL_BUT_MORT,7500.0,0.78683964,3324 ALL_BUT_MORT
3324,ANY120,0.0,0.12241182,3324 ANY120
3324,ANY120,111.1111,0.12241182,3324 ANY120
3324,ANY120,222.2222,0.12241182,3324 ANY120
3324,ANY120,333.3333,0.12241182,3324 ANY120
3324,ANY120,444.4444,0.12241182,3324 ANY120
3324,ANY120,555.5556,0.12241182,3324 ANY120
3324,ANY120,666.6667,0.12241182,3324 ANY120
3324,ANY120,777.7778,0.12241182,3324 ANY120
3324,ANY120,888.8889,0.12241182,3324 ANY120
3324,ANY120,1000.0,0.12241183,3324 ANY120
3324,ANY120,1166.6667,0.12241192,3324 ANY120
3324,ANY120,1333.3333,0.12241244,3324 ANY120
3324,ANY120,1500.0,0.12241495,3324 ANY120
3324,ANY120,1666.6667,0.12242446,3324 ANY120
3324,ANY120,1833.3333,0.12245441,3324 ANY120
3324,ANY120,2000.0,0.12253563,3324 ANY120
3324,ANY120,2166.6667,0.12272974,3324 ANY120
3324,ANY120,2333.3333,0.1231465,3324 ANY120
3324,ANY120,2500.0,0.12396254,3324 ANY120
3324,ANY120,2777.7778,0.12695663,3324 ANY120
3324,ANY120,3055.5556,0.13358043,3324 ANY120
3324,ANY120,3333.3333,0.14617371,3324 ANY120
3324,ANY120,3611.1111,0.16726442,3324 ANY120
3324,ANY120,3888.8889,0.19898087,3324 ANY120
3324,ANY120,4166.6667,0.24246168,3324 ANY120
3324,ANY120,4444.4444,0.29746879,3324 ANY120
3324,ANY120,4722.2222,0.36232658,3324 ANY120
3324,ANY120,5000.0,0.43418714,3324 ANY120
3324,ANY120,5277.7778,0.5095195,3324 ANY120
3324,ANY120,5555.5556,0.58467269,3324 ANY120
3324,ANY120,5833.3333,0.65637401,3324 ANY120
3324,ANY120,6111.1111,0.72207281,3324 ANY120
3324,ANY120,6388.8889,0.78009924,3324 ANY120
3324,ANY120,6666.6667,0.82965731,3324 ANY120
3324,ANY120,6944.4444,0.87069981,3324 ANY120
3324,ANY120,7222.2222,0.90374058,3324 ANY120
3324,ANY120,7500.0,0.92965294,3324 ANY120
3324,ANY24,,,3324 ANY24
3324,AXIS,0.0,0.02339967,3324 AXIS
3324,AXIS,111.1111,0.02339967,3324 AXIS
3324,AXIS,222.2222,0.02339967,3324 AXIS
3324,AXIS,333.3333,0.02339967,3324 AXIS
3324,AXIS,444.4444,0.02339967,3324 AXIS
3324,AXIS,555.5556,0.02339967,3324 AXIS
3324,AXIS,666.6667,0.02339967,3324 AXIS
3324,AXIS,777.7778,0.02339967,3324 AXIS
3324,AXIS,888.8889,0.02339968,3324 AXIS
3324,AXIS,1000.0,0.0233997,3324 AXIS
3324,AXIS,1166.6667,0.02339983,3324 AXIS
3324,AXIS,1333.3333,0.02340031,3324 AXIS
3324,AXIS,1500.0,0.02340183,3324 AXIS
3324,AXIS,1666.6667,0.02340592,3324 AXIS
3324,AXIS,1833.3333,0.02341566,3324 AXIS
3324,AXIS,2000.0,0.02343667,3324 AXIS
3324,AXIS,2166.6667,0.02347839,3324 AXIS
3324,AXIS,2333.3333,0.02355559,3324 AXIS
3324,AXIS,2500.0,0.02369001,3324 AXIS
3324,AXIS,2777.7778,0.02412848,3324 AXIS
3324,AXIS,3055.5556,0.02502109,3324 AXIS
3324,AXIS,3333.3333,0.02666565,3324 AXIS
3324,AXIS,3611.1111,0.02945323,3324 AXIS
3324,AXIS,3888.8889,0.03385564,3324 AXIS
3324,AXIS,4166.6667,0.04039881,3324 AXIS
3324,AXIS,4444.4444,0.04962455,3324 AXIS
3324,AXIS,4722.2222,0.06204598,3324 AXIS
3324,AXIS,5000.0,0.07810212,3324 AXIS
3324,AXIS,5277.7778,0.09811758,3324 AXIS
3324,AXIS,5555.5556,0.12227187,3324 AXIS
3324,AXIS,5833.3333,0.15058125,3324 AXIS
3324,AXIS,6111.1111,0.18289433,3324 AXIS
3324,AXIS,6388.8889,0.21890064,3324 AXIS
3324,AXIS,6666.6667,0.25815042,3324 AXIS
3324,AXIS,6944.4444,0.30008253,3324 AXIS
3324,AXIS,7222.2222,0.34405752,3324 AXIS
3324,AXIS,7500.0,0.38939234,3324 AXIS
3324,BRN_,0.0,0.02087962,3324 BRN_
3324,BRN_,111.1111,0.02087962,3324 BRN_
3324,BRN_,222.2222,0.02087962,3324 BRN_
3324,BRN_,333.3333,0.02087962,3324 BRN_
3324,BRN_,444.4444,0.02087962,3324 BRN_
3324,BRN_,555.5556,0.02087962,3324 BRN_
3324,BRN_,666.6667,0.02087962,3324 BRN_
3324,BRN_,777.7778,0.02087962,3324 BRN_
3324,BRN_,888.8889,0.02087962,3324 BRN_
3324,BRN_,1000.0,0.02087962,3324 BRN_
3324,BRN_,1166.6667,0.02087962,3324 BRN_
3324,BRN_,1333.3333,0.02087966,3324 BRN_
3324,BRN_,1500.0,0.02087981,3324 BRN_
3324,BRN_,1666.6667,0.02088039,3324 BRN_
3324,BRN_,1833.3333,0.02088227,3324 BRN_
3324,BRN_,2000.0,0.02088754,3324 BRN_
3324,BRN_,2166.6667,0.02090074,3324 BRN_
3324,BRN_,2333.3333,0.02093073,3324 BRN_
3324,BRN_,2500.0,0.02099336,3324 BRN_
3324,BRN_,2777.7778,0.0212482,3324 BRN_
3324,BRN_,3055.5556,0.02189334,3324 BRN_
3324,BRN_,3333.3333,0.02331577,3324 BRN_
3324,BRN_,3611.1111,0.02610952,3324 BRN_
3324,BRN_,3888.8889,0.03108367,3324 BRN_
3324,BRN_,4166.6667,0.03922368,3324 BRN_
3324,BRN_,4444.4444,0.05160391,3324 BRN_
3324,BRN_,4722.2222,0.06926273,3324 BRN_
3324,BRN_,5000.0,0.09306247,3324 BRN_
3324,BRN_,5277.7778,0.12356064,3324 BRN_
3324,BRN_,5555.5556,0.16091627,3324 BRN_
3324,BRN_,5833.3333,0.20484697,3324 BRN_
3324,BRN_,6111.1111,0.25464177,3324 BRN_
3324,BRN_,6388.8889,0.30922389,3324 BRN_
3324,BRN_,6666.6667,0.36725042,3324 BRN_
3324,BRN_,6944.4444,0.4272317,3324 BRN_
3324,BRN_,7222.2222,0.48765294,3324 BRN_
3324,BRN_,7500.0,0.54708322,3324 BRN_
3324,CRAN,0.0,0.02070618,3324 CRAN
3324,CRAN,111.1111,0.02070618,3324 CRAN
3324,CRAN,222.2222,0.02070618,3324 CRAN
3324,CRAN,333.3333,0.02070618,3324 CRAN
3324,CRAN,444.4444,0.02070618,3324 CRAN
3324,CRAN,555.5556,0.02070618,3324 CRAN
3324,CRAN,666.6667,0.02070618,3324 CRAN
3324,CRAN,777.7778,0.02070618,3324 CRAN
3324,CRAN,888.8889,0.02070618,3324 CRAN
3324,CRAN,1000.0,0.02070618,3324 CRAN
3324,CRAN,1166.6667,0.02070619,3324 CRAN
3324,CRAN,1333.3333,0.02070624,3324 CRAN
3324,CRAN,1500.0,0.02070649,3324 CRAN
3324,CRAN,1666.6667,0.02070752,3324 CRAN
3324,CRAN,1833.3333,0.02071105,3324 CRAN
3324,CRAN,2000.0,0.02072149,3324 CRAN
3324,CRAN,2166.6667,0.02074868,3324 CRAN
3324,CRAN,2333.3333,0.02081231,3324 CRAN
3324,CRAN,2500.0,0.02094813,3324 CRAN
3324,CRAN,2777.7778,0.02151137,3324 CRAN
3324,CRAN,3055.5556,0.02294879,3324 CRAN
3324,CRAN,3333.3333,0.02610235,3324 CRAN
3324,CRAN,3611.1111,0.0321984,3324 CRAN
3324,CRAN,3888.8889,0.04278174,3324 CRAN
3324,CRAN,4166.6667,0.05953447,3324 CRAN
3324,CRAN,4444.4444,0.08400894,3324 CRAN
3324,CRAN,4722.2222,0.11733701,3324 CRAN
3324,CRAN,5000.0,0.15998819,3324 CRAN
3324,CRAN,5277.7778,0.21163547,3324 CRAN
3324,CRAN,5555.5556,0.27115598,3324 CRAN
3324,CRAN,5833.3333,0.33675896,3324 CRAN
3324,CRAN,6111.1111,0.40620571,3324 CRAN
3324,CRAN,6388.8889,0.47707141,3324 CRAN
3324,CRAN,6666.6667,0.54700026,3324 CRAN
3324,CRAN,6944.4444,0.61391487,3324 CRAN
3324,CRAN,7222.2222,0.67615849,3324 CRAN
3324,CRAN,7500.0,0.73256378,3324 CRAN
3324,EDEM,0.0,0.02093508,3324 EDEM
3324,EDEM,111.1111,0.02093508,3324 EDEM
3324,EDEM,222.2222,0.02093508,3324 EDEM
3324,EDEM,333.3333,0.02093508,3324 EDEM
3324,EDEM,444.4444,0.02093508,3324 EDEM
3324,EDEM,555.5556,0.02093508,3324 EDEM
3324,EDEM,666.6667,0.02093508,3324 EDEM
3324,EDEM,777.7778,0.02093508,3324 EDEM
3324,EDEM,888.8889,0.02093508,3324 EDEM
3324,EDEM,1000.0,0.02093509,3324 EDEM
3324,EDEM,1166.6667,0.02093514,3324 EDEM
3324,EDEM,1333.3333,0.02093543,3324 EDEM
3324,EDEM,1500.0,0.02093667,3324 EDEM
3324,EDEM,1666.6667,0.02094093,3324 EDEM
3324,EDEM,1833.3333,0.02095347,3324 EDEM
3324,EDEM,2000.0,0.02098575,3324 EDEM
3324,EDEM,2166.6667,0.02106012,3324 EDEM
3324,EDEM,2333.3333,0.02121607,3324 EDEM
3324,EDEM,2500.0,0.02151767,3324 EDEM
3324,EDEM,2777.7778,0.02262355,3324 EDEM
3324,EDEM,3055.5556,0.02511677,3324 EDEM
3324,EDEM,3333.3333,0.03003716,3324 EDEM
3324,EDEM,3611.1111,0.03872427,3324 EDEM
3324,EDEM,3888.8889,0.0526785,3324 EDEM
3324,EDEM,4166.6667,0.07334542,3324 EDEM
3324,EDEM,4444.4444,0.10187082,3324 EDEM
3324,EDEM,4722.2222,0.13888455,3324 EDEM
3324,EDEM,5000.0,0.18436216,3324 EDEM
3324,EDEM,5277.7778,0.23759128,3324 EDEM
3324,EDEM,5555.5556,0.29724296,3324 EDEM
3324,EDEM,5833.3333,0.36152575,3324 EDEM
3324,EDEM,6111.1111,0.42838735,3324 EDEM
3324,EDEM,6388.8889,0.49572551,3324 EDEM
3324,EDEM,6666.6667,0.56157624,3324 EDEM
3324,EDEM,6944.4444,0.62425732,3324 EDEM
3324,EDEM,7222.2222,0.68245747,3324 EDEM
3324,EDEM,7500.0,0.73527164,3324 EDEM
3324,LTRK,0.0,0.02094674,3324 LTRK
3324,LTRK,111.1111,0.02094674,3324 LTRK
3324,LTRK,222.2222,0.02094674,3324 LTRK
3324,LTRK,333.3333,0.02094674,3324 LTRK
3324,LTRK,444.4444,0.02094674,3324 LTRK
3324,LTRK,555.5556,0.02094674,3324 LTRK
3324,LTRK,666.6667,0.02094674,3324 LTRK
3324,LTRK,777.7778,0.02094675,3324 LTRK
3324,LTRK,888.8889,0.02094675,3324 LTRK
3324,LTRK,1000.0,0.02094676,3324 LTRK
3324,LTRK,1166.6667,0.02094684,3324 LTRK
3324,LTRK,1333.3333,0.0209472,3324 LTRK
3324,LTRK,1500.0,0.02094854,3324 LTRK
3324,LTRK,1666.6667,0.02095265,3324 LTRK
3324,LTRK,1833.3333,0.02096365,3324 LTRK
3324,LTRK,2000.0,0.02098977,3324 LTRK
3324,LTRK,2166.6667,0.02104607,3324 LTRK
3324,LTRK,2333.3333,0.02115773,3324 LTRK
3324,LTRK,2500.0,0.02136396,3324 LTRK
3324,LTRK,2777.7778,0.02208297,3324 LTRK
3324,LTRK,3055.5556,0.02363694,3324 LTRK
3324,LTRK,3333.3333,0.02662369,3324 LTRK
3324,LTRK,3611.1111,0.03182785,3324 LTRK
3324,LTRK,3888.8889,0.04017158,3324 LTRK
3324,LTRK,4166.6667,0.0526261,3324 LTRK
3324,LTRK,4444.4444,0.07009836,3324 LTRK
3324,LTRK,4722.2222,0.09331316,3324 LTRK
3324,LTRK,5000.0,0.12271198,3324 LTRK
3324,LTRK,5277.7778,0.15838549,3324 LTRK
3324,LTRK,5555.5556,0.20004883,3324 LTRK
3324,LTRK,5833.3333,0.2470606,3324 LTRK
3324,LTRK,6111.1111,0.29847937,3324 LTRK
3324,LTRK,6388.8889,0.35314631,3324 LTRK
3324,LTRK,6666.6667,0.40978103,3324 LTRK
3324,LTRK,6944.4444,0.46707773,3324 LTRK
3324,LTRK,7222.2222,0.52379147,3324 LTRK
3324,LTRK,7500.0,0.57880712,3324 LTRK
3324,MO24,,,3324 MO24
3324,NC24,0.0,0.00330868,3324 NC24
3324,NC24,111.1111,0.00335958,3324 NC24
3324,NC24,222.2222,0.00341126,3324 NC24
3324,NC24,333.3333,0.00346374,3324 NC24
3324,NC24,444.4444,0.00351702,3324 NC24
3324,NC24,555.5556,0.00357112,3324 NC24
3324,NC24,666.6667,0.00362605,3324 NC24
3324,NC24,777.7778,0.00368182,3324 NC24
3324,NC24,888.8889,0.00373844,3324 NC24
3324,NC24,1000.0,0.00379593,3324 NC24
3324,NC24,1166.6667,0.00388382,3324 NC24
3324,NC24,1333.3333,0.00397374,3324 NC24
3324,NC24,1500.0,0.00406573,3324 NC24
3324,NC24,1666.6667,0.00415985,3324 NC24
3324,NC24,1833.3333,0.00425613,3324 NC24
3324,NC24,2000.0,0.00435463,3324 NC24
3324,NC24,2166.6667,0.0044554,3324 NC24
3324,NC24,2333.3333,0.00455849,3324 NC24
3324,NC24,2500.0,0.00466396,3324 NC24
3324,NC24,2777.7778,0.00484516,3324 NC24
3324,NC24,3055.5556,0.00503336,3324 NC24
3324,NC24,3333.3333,0.00522884,3324 NC24
3324,NC24,3611.1111,0.00543186,3324 NC24
3324,NC24,3888.8889,0.00564273,3324 NC24
3324,NC24,4166.6667,0.00586173,3324 NC24
3324,NC24,4444.4444,0.00608918,3324 NC24
3324,NC24,4722.2222,0.0063254,3324 NC24
3324,NC24,5000.0,0.00657072,3324 NC24
3324,NC24,5277.7778,0.00682549,3324 NC24
3324,NC24,5555.5556,0.00709007,3324 NC24
3324,NC24,5833.3333,0.00736483,3324 NC24
3324,NC24,6111.1111,0.00765015,3324 NC24
3324,NC24,6388.8889,0.00794644,3324 NC24
3324,NC24,6666.6667,0.00825411,3324 NC24
3324,NC24,6944.4444,0.00857359,3324 NC24
3324,NC24,7222.2222,0.00890533,3324 NC24
3324,NC24,7500.0,0.00924978,3324 NC24
3324,TOT_MORT,0.0,0.09470238,3324 TOT_MORT
3324,TOT_MORT,111.1111,0.09619289,3324 TOT_MORT
3324,TOT_MORT,222.2222,0.09765018,3324 TOT_MORT
3324,TOT_MORT,333.3333,0.09909232,3324 TOT_MORT
3324,TOT_MORT,444.4444,0.10052313,3324 TOT_MORT
3324,TOT_MORT,555.5556,0.10194442,3324 TOT_MORT
3324,TOT_MORT,666.6667,0.1033573,3324 TOT_MORT
3324,TOT_MORT,777.7778,0.10476249,3324 TOT_MORT
3324,TOT_MORT,888.8889,0.1061605,3324 TOT_MORT
3324,TOT_MORT,1000.0,0.10755175,3324 TOT_MORT
3324,TOT_MORT,1166.6667,0.1096266,3324 TOT_MORT
3324,TOT_MORT,1333.3333,0.11168773,3324 TOT_MORT
3324,TOT_MORT,1500.0,0.11373581,3324 TOT_MORT
3324,TOT_MORT,1666.6667,0.11577133,3324 TOT_MORT
3324,TOT_MORT,1833.3333,0.11779472,3324 TOT_MORT
3324,TOT_MORT,2000.0,0.11980634,3324 TOT_MORT
3324,TOT_MORT,2166.6667,0.12180651,3324 TOT_MORT
3324,TOT_MORT,2333.3333,0.12379549,3324 TOT_MORT
3324,TOT_MORT,2500.0,0.12577352,3324 TOT_MORT
3324,TOT_MORT,2777.7778,0.12904652,3324 TOT_MORT
3324,TOT_MORT,3055.5556,0.13229063,3324 TOT_MORT
3324,TOT_MORT,3333.3333,0.13550661,3324 TOT_MORT
3324,TOT_MORT,3611.1111,0.13869518,3324 TOT_MORT
3324,TOT_MORT,3888.8889,0.14185695,3324 TOT_MORT
3324,TOT_MORT,4166.6667,0.14499251,3324 TOT_MORT
3324,TOT_MORT,4444.4444,0.14810237,3324 TOT_MORT
3324,TOT_MORT,4722.2222,0.15118703,3324 TOT_MORT
3324,TOT_MORT,5000.0,0.15424695,3324 TOT_MORT
3324,TOT_MORT,5277.7778,0.15728257,3324 TOT_MORT
3324,TOT_MORT,5555.5556,0.16029428,3324 TOT_MORT
3324,TOT_MORT,5833.3333,0.16328248,3324 TOT_MORT
3324,TOT_MORT,6111.1111,0.16624753,3324 TOT_MORT
3324,TOT_MORT,6388.8889,0.16918981,3324 TOT_MORT
3324,TOT_MORT,6666.6667,0.17210964,3324 TOT_MORT
3324,TOT_MORT,6944.4444,0.17500735,3324 TOT_MORT
3324,TOT_MORT,7222.2222,0.17788326,3324 TOT_MORT
3324,TOT_MORT,7500.0,0.18073768,3324 TOT_MORT
3325,ALL_BUT_MORT,,,3325 ALL_BUT_MORT
3325,ANY120,,,3325 ANY120
3325,ANY24,,,3325 ANY24
3325,AXIS,,,3325 AXIS
3325,BRN_,,,3325 BRN_
3325,CRAN,,,3325 CRAN
3325,EDEM,,,3325 EDEM
3325,LTRK,,,3325 LTRK
3325,MO24,,,3325 MO24
3325,NC24,,,3325 NC24
3325,TOT_MORT,,,3325 TOT_MORT
3326,ALL_BUT_MORT,,,3326 ALL_BUT_MORT
3326,ANY120,,,3326 ANY120
3326,ANY24,,,3326 ANY24
3326,AXIS,,,3326 AXIS
3326,BRN_,,,3326 BRN_
3326,CRAN,,,3326 CRAN
3326,EDEM,,,3326 EDEM
3326,LTRK,,,3326 LTRK
3326,MO24,,,3326 MO24
3326,NC24,,,3326 NC24
3326,TOT_MORT,,,3326 TOT_MORT
3328,ALL_BUT_MORT,0.0,0.01053501,3328 ALL_BUT_MORT
3328,ALL_BUT_MORT,111.1111,0.01053501,3328 ALL_BUT_MORT
3328,ALL_BUT_MORT,222.2222,0.01053501,3328 ALL_BUT_MORT
3328,ALL_BUT_MORT,333.3333,0.01053501,3328 ALL_BUT_MORT
3328,ALL_BUT_MORT,444.4444,0.01053502,3328 ALL_BUT_MORT
3328,ALL_BUT_MORT,555.5556,0.01053502,3328 ALL_BUT_MORT
3328,ALL_BUT_MORT,666.6667,0.01053502,3328 ALL_BUT_MORT
3328,ALL_BUT_MORT,777.7778,0.01053503,3328 ALL_BUT_MORT
3328,ALL_BUT_MORT,888.8889,0.01053506,3328 ALL_BUT_MORT
3328,ALL_BUT_MORT,1000.0,0.01053514,3328 ALL_BUT_MORT
3328,ALL_BUT_MORT,1166.6667,0.01053549,3328 ALL_BUT_MORT
3328,ALL_BUT_MORT,1333.3333,0.01053644,3328 ALL_BUT_MORT
3328,ALL_BUT_MORT,1500.0,0.01053874,3328 ALL_BUT_MORT
3328,ALL_BUT_MORT,1666.6667,0.0105437,3328 ALL_BUT_MORT
3328,ALL_BUT_MORT,1833.3333,0.0105535,3328 ALL_BUT_MORT
3328,ALL_BUT_MORT,2000.0,0.01057146,3328 ALL_BUT_MORT
3328,ALL_BUT_MORT,2166.6667,0.01060245,3328 ALL_BUT_MORT
3328,ALL_BUT_MORT,2333.3333,0.01065318,3328 ALL_BUT_MORT
3328,ALL_BUT_MORT,2500.0,0.01073261,3328 ALL_BUT_MORT
3328,ALL_BUT_MORT,2777.7778,0.01096126,3328 ALL_BUT_MORT
3328,ALL_BUT_MORT,3055.5556,0.01137384,3328 ALL_BUT_MORT
3328,ALL_BUT_MORT,3333.3333,0.01206542,3328 ALL_BUT_MORT
3328,ALL_BUT_MORT,3611.1111,0.01315548,3328 ALL_BUT_MORT
3328,ALL_BUT_MORT,3888.8889,0.01478632,3328 ALL_BUT_MORT
3328,ALL_BUT_MORT,4166.6667,0.01711949,3328 ALL_BUT_MORT
3328,ALL_BUT_MORT,4444.4444,0.02033034,3328 ALL_BUT_MORT
3328,ALL_BUT_MORT,4722.2222,0.02460137,3328 ALL_BUT_MORT
3328,ALL_BUT_MORT,5000.0,0.03011468,3328 ALL_BUT_MORT
3328,ALL_BUT_MORT,5277.7778,0.03704417,3328 ALL_BUT_MORT
3328,ALL_BUT_MORT,5555.5556,0.04554803,3328 ALL_BUT_MORT
3328,ALL_BUT_MORT,5833.3333,0.05576188,3328 ALL_BUT_MORT
3328,ALL_BUT_MORT,6111.1111,0.06779309,3328 ALL_BUT_MORT
3328,ALL_BUT_MORT,6388.8889,0.08171641,3328 ALL_BUT_MORT
3328,ALL_BUT_MORT,6666.6667,0.09757102,3328 ALL_BUT_MORT
3328,ALL_BUT_MORT,6944.4444,0.11535923,3328 ALL_BUT_MORT
3328,ALL_BUT_MORT,7222.2222,0.13504657,3328 ALL_BUT_MORT
3328,ALL_BUT_MORT,7500.0,0.15656319,3328 ALL_BUT_MORT
3328,ANY120,,,3328 ANY120
3328,ANY24,,,3328 ANY24
3328,AXIS,0.0,0.00361747,3328 AXIS
3328,AXIS,111.1111,0.00381259,3328 AXIS
3328,AXIS,222.2222,0.00401818,3328 AXIS
3328,AXIS,333.3333,0.00423482,3328 AXIS
3328,AXIS,444.4444,0.00446308,3328 AXIS
3328,AXIS,555.5556,0.00470359,3328 AXIS
3328,AXIS,666.6667,0.00495699,3328 AXIS
3328,AXIS,777.7778,0.00522397,3328 AXIS
3328,AXIS,888.8889,0.00550526,3328 AXIS
3328,AXIS,1000.0,0.0058016,3328 AXIS
3328,AXIS,1166.6667,0.00627609,3328 AXIS
3328,AXIS,1333.3333,0.00678913,3328 AXIS
3328,AXIS,1500.0,0.0073438,3328 AXIS
3328,AXIS,1666.6667,0.00794342,3328 AXIS
3328,AXIS,1833.3333,0.00859158,3328 AXIS
3328,AXIS,2000.0,0.00929213,3328 AXIS
3328,AXIS,2166.6667,0.01004922,3328 AXIS
3328,AXIS,2333.3333,0.01086732,3328 AXIS
3328,AXIS,2500.0,0.01175123,3328 AXIS
3328,AXIS,2777.7778,0.01338485,3328 AXIS
3328,AXIS,3055.5556,0.01524207,3328 AXIS
3328,AXIS,3333.3333,0.01735245,3328 AXIS
3328,AXIS,3611.1111,0.01974918,3328 AXIS
3328,AXIS,3888.8889,0.02246937,3328 AXIS
3328,AXIS,4166.6667,0.02555446,3328 AXIS
3328,AXIS,4444.4444,0.02905055,3328 AXIS
3328,AXIS,4722.2222,0.03300874,3328 AXIS
3328,AXIS,5000.0,0.03748542,3328 AXIS
3328,AXIS,5277.7778,0.04254252,3328 AXIS
3328,AXIS,5555.5556,0.04824766,3328 AXIS
3328,AXIS,5833.3333,0.0546742,3328 AXIS
3328,AXIS,6111.1111,0.06190108,3328 AXIS
3328,AXIS,6388.8889,0.07001247,3328 AXIS
3328,AXIS,6666.6667,0.07909713,3328 AXIS
3328,AXIS,6944.4444,0.08924747,3328 AXIS
3328,AXIS,7222.2222,0.10055815,3328 AXIS
3328,AXIS,7500.0,0.11312422,3328 AXIS
3328,BRN_,0.0,0.0,3328 BRN_
3328,BRN_,111.1111,0.0,3328 BRN_
3328,BRN_,222.2222,0.0,3328 BRN_
3328,BRN_,333.3333,0.0,3328 BRN_
3328,BRN_,444.4444,0.0,3328 BRN_
3328,BRN_,555.5556,0.0,3328 BRN_
3328,BRN_,666.6667,0.0,3328 BRN_
3328,BRN_,777.7778,0.0,3328 BRN_
3328,BRN_,888.8889,0.0,3328 BRN_
3328,BRN_,1000.0,0.0,3328 BRN_
3328,BRN_,1166.6667,0.0,3328 BRN_
3328,BRN_,1333.3333,0.0,3328 BRN_
3328,BRN_,1500.0,0.0,3328 BRN_
3328,BRN_,1666.6667,0.0,3328 BRN_
3328,BRN_,1833.3333,0.0,3328 BRN_
3328,BRN_,2000.0,0.0,3328 BRN_
3328,BRN_,2166.6667,0.0,3328 BRN_
3328,BRN_,2333.3333,0.0,3328 BRN_
3328,BRN_,2500.0,0.0,3328 BRN_
3328,BRN_,2777.7778,0.0,3328 BRN_
3328,BRN_,3055.5556,0.0,3328 BRN_
3328,BRN_,3333.3333,0.0,3328 BRN_
3328,BRN_,3611.1111,0.0,3328 BRN_
3328,BRN_,3888.8889,0.0,3328 BRN_
3328,BRN_,4166.6667,0.0,3328 BRN_
3328,BRN_,4444.4444,1e-08,3328 BRN_
3328,BRN_,4722.2222,2e-08,3328 BRN_
3328,BRN_,5000.0,8e-08,3328 BRN_
3328,BRN_,5277.7778,3e-07,3328 BRN_
3328,BRN_,5555.5556,1.16e-06,3328 BRN_
3328,BRN_,5833.3333,4.53e-06,3328 BRN_
3328,BRN_,6111.1111,1.766e-05,3328 BRN_
3328,BRN_,6388.8889,6.882e-05,3328 BRN_
3328,BRN_,6666.6667,0.00026814,3328 BRN_
3328,BRN_,6944.4444,0.00104411,3328 BRN_
3328,BRN_,7222.2222,0.00405662,3328 BRN_
3328,BRN_,7500.0,0.01562496,3328 BRN_
3328,CRAN,0.0,0.0,3328 CRAN
3328,CRAN,111.1111,0.0,3328 CRAN
3328,CRAN,222.2222,0.0,3328 CRAN
3328,CRAN,333.3333,0.0,3328 CRAN
3328,CRAN,444.4444,0.0,3328 CRAN
3328,CRAN,555.5556,0.0,3328 CRAN
3328,CRAN,666.6667,0.0,3328 CRAN
3328,CRAN,777.7778,0.0,3328 CRAN
3328,CRAN,888.8889,0.0,3328 CRAN
3328,CRAN,1000.0,0.0,3328 CRAN
3328,CRAN,1166.6667,0.0,3328 CRAN
3328,CRAN,1333.3333,0.0,3328 CRAN
3328,CRAN,1500.0,0.0,3328 CRAN
3328,CRAN,1666.6667,0.0,3328 CRAN
3328,CRAN,1833.3333,0.0,3328 CRAN
3328,CRAN,2000.0,0.0,3328 CRAN
3328,CRAN,2166.6667,0.0,3328 CRAN
3328,CRAN,2333.3333,0.0,3328 CRAN
3328,CRAN,2500.0,0.0,3328 CRAN
3328,CRAN,2777.7778,0.0,3328 CRAN
3328,CRAN,3055.5556,0.0,3328 CRAN
3328,CRAN,3333.3333,0.0,3328 CRAN
3328,CRAN,3611.1111,0.0,3328 CRAN
3328,CRAN,3888.8889,0.0,3328 CRAN
3328,CRAN,4166.6667,0.0,3328 CRAN
3328,CRAN,4444.4444,1e-08,3328 CRAN
3328,CRAN,4722.2222,2e-08,3328 CRAN
3328,CRAN,5000.0,8e-08,3328 CRAN
3328,CRAN,5277.7778,3e-07,3328 CRAN
3328,CRAN,5555.5556,1.16e-06,3328 CRAN
3328,CRAN,5833.3333,4.53e-06,3328 CRAN
3328,CRAN,6111.1111,1.766e-05,3328 CRAN
3328,CRAN,6388.8889,6.882e-05,3328 CRAN
3328,CRAN,6666.6667,0.00026814,3328 CRAN
3328,CRAN,6944.4444,0.00104411,3328 CRAN
3328,CRAN,7222.2222,0.00405662,3328 CRAN
3328,CRAN,7500.0,0.01562496,3328 CRAN
3328,EDEM,0.0,0.0,3328 EDEM
3328,EDEM,111.1111,0.0,3328 EDEM
3328,EDEM,222.2222,0.0,3328 EDEM
3328,EDEM,333.3333,0.0,3328 EDEM
3328,EDEM,444.4444,0.0,3328 EDEM
3328,EDEM,555.5556,0.0,3328 EDEM
3328,EDEM,666.6667,0.0,3328 EDEM
3328,EDEM,777.7778,0.0,3328 EDEM
3328,EDEM,888.8889,0.0,3328 EDEM
3328,EDEM,1000.0,0.0,3328 EDEM
3328,EDEM,1166.6667,0.0,3328 EDEM
3328,EDEM,1333.3333,0.0,3328 EDEM
3328,EDEM,1500.0,0.0,3328 EDEM
3328,EDEM,1666.6667,0.0,3328 EDEM
3328,EDEM,1833.3333,0.0,3328 EDEM
3328,EDEM,2000.0,0.0,3328 EDEM
3328,EDEM,2166.6667,0.0,3328 EDEM
3328,EDEM,2333.3333,0.0,3328 EDEM
3328,EDEM,2500.0,0.0,3328 EDEM
3328,EDEM,2777.7778,0.0,3328 EDEM
3328,EDEM,3055.5556,0.0,3328 EDEM
3328,EDEM,3333.3333,0.0,3328 EDEM
3328,EDEM,3611.1111,0.0,3328 EDEM
3328,EDEM,3888.8889,0.0,3328 EDEM
3328,EDEM,4166.6667,0.0,3328 EDEM
3328,EDEM,4444.4444,1e-08,3328 EDEM
3328,EDEM,4722.2222,2e-08,3328 EDEM
3328,EDEM,5000.0,8e-08,3328 EDEM
3328,EDEM,5277.7778,3e-07,3328 EDEM
3328,EDEM,5555.5556,1.16e-06,3328 EDEM
3328,EDEM,5833.3333,4.53e-06,3328 EDEM
3328,EDEM,6111.1111,1.766e-05,3328 EDEM
3328,EDEM,6388.8889,6.882e-05,3328 EDEM
3328,EDEM,6666.6667,0.00026814,3328 EDEM
3328,EDEM,6944.4444,0.00104411,3328 EDEM
3328,EDEM,7222.2222,0.00405662,3328 EDEM
3328,EDEM,7500.0,0.01562496,3328 EDEM
3328,LTRK,0.0,0.0,3328 LTRK
3328,LTRK,111.1111,0.0,3328 LTRK
3328,LTRK,222.2222,0.0,3328 LTRK
3328,LTRK,333.3333,0.0,3328 LTRK
3328,LTRK,444.4444,0.0,3328 LTRK
3328,LTRK,555.5556,0.0,3328 LTRK
3328,LTRK,666.6667,0.0,3328 LTRK
3328,LTRK,777.7778,0.0,3328 LTRK
3328,LTRK,888.8889,0.0,3328 LTRK
3328,LTRK,1000.0,0.0,3328 LTRK
3328,LTRK,1166.6667,0.0,3328 LTRK
3328,LTRK,1333.3333,0.0,3328 LTRK
3328,LTRK,1500.0,0.0,3328 LTRK
3328,LTRK,1666.6667,0.0,3328 LTRK
3328,LTRK,1833.3333,0.0,3328 LTRK
3328,LTRK,2000.0,0.0,3328 LTRK
3328,LTRK,2166.6667,0.0,3328 LTRK
3328,LTRK,2333.3333,0.0,3328 LTRK
3328,LTRK,2500.0,0.0,3328 LTRK
3328,LTRK,2777.7778,0.0,3328 LTRK
3328,LTRK,3055.5556,0.0,3328 LTRK
3328,LTRK,3333.3333,0.0,3328 LTRK
3328,LTRK,3611.1111,0.0,3328 LTRK
3328,LTRK,3888.8889,0.0,3328 LTRK
3328,LTRK,4166.6667,0.0,3328 LTRK
3328,LTRK,4444.4444,1e-08,3328 LTRK
3328,LTRK,4722.2222,4e-08,3328 LTRK
3328,LTRK,5000.0,1.5e-07,3328 LTRK
3328,LTRK,5277.7778,5.7e-07,3328 LTRK
3328,LTRK,5555.5556,2.25e-06,3328 LTRK
3328,LTRK,5833.3333,8.84e-06,3328 LTRK
3328,LTRK,6111.1111,3.467e-05,3328 LTRK
3328,LTRK,6388.8889,0.00013605,3328 LTRK
3328,LTRK,6666.6667,0.00053362,3328 LTRK
3328,LTRK,6944.4444,0.00209065,3328 LTRK
3328,LTRK,7222.2222,0.00815376,3328 LTRK
3328,LTRK,7500.0,0.03124993,3328 LTRK
3328,MO24,,,3328 MO24
3328,NC24,0.0,0.0,3328 NC24
3328,NC24,111.1111,0.0,3328 NC24
3328,NC24,222.2222,0.0,3328 NC24
3328,NC24,333.3333,0.0,3328 NC24
3328,NC24,444.4444,0.0,3328 NC24
3328,NC24,555.5556,0.0,3328 NC24
3328,NC24,666.6667,0.0,3328 NC24
3328,NC24,777.7778,0.0,3328 NC24
3328,NC24,888.8889,0.0,3328 NC24
3328,NC24,1000.0,0.0,3328 NC24
3328,NC24,1166.6667,0.0,3328 NC24
3328,NC24,1333.3333,0.0,3328 NC24
3328,NC24,1500.0,0.0,3328 NC24
3328,NC24,1666.6667,0.0,3328 NC24
3328,NC24,1833.3333,0.0,3328 NC24
3328,NC24,2000.0,0.0,3328 NC24
3328,NC24,2166.6667,0.0,3328 NC24
3328,NC24,2333.3333,0.0,3328 NC24
3328,NC24,2500.0,0.0,3328 NC24
3328,NC24,2777.7778,0.0,3328 NC24
3328,NC24,3055.5556,0.0,3328 NC24
3328,NC24,3333.3333,0.0,3328 NC24
3328,NC24,3611.1111,0.0,3328 NC24
3328,NC24,3888.8889,0.0,3328 NC24
3328,NC24,4166.6667,0.0,3328 NC24
3328,NC24,4444.4444,1e-08,3328 NC24
3328,NC24,4722.2222,2e-08,3328 NC24
3328,NC24,5000.0,8e-08,3328 NC24
3328,NC24,5277.7778,3.1e-07,3328 NC24
3328,NC24,5555.5556,1.23e-06,3328 NC24
3328,NC24,5833.3333,4.85e-06,3328 NC24
3328,NC24,6111.1111,1.917e-05,3328 NC24
3328,NC24,6388.8889,7.578e-05,3328 NC24
3328,NC24,6666.6667,0.00029954,3328 NC24
3328,NC24,6944.4444,0.00118324,3328 NC24
3328,NC24,7222.2222,0.00466194,3328 NC24
3328,NC24,7500.0,0.01818178,3328 NC24
3328,TOT_MORT,,,3328 TOT_MORT
3329,ALL_BUT_MORT,,,3329 ALL_BUT_MORT
3329,ANY120,,,3329 ANY120
3329,ANY24,0.0,0.0242724,3329 ANY24
3329,ANY24,111.1111,0.02427345,3329 ANY24
3329,ANY24,222.2222,0.02427845,3329 ANY24
3329,ANY24,333.3333,0.02428929,3329 ANY24
3329,ANY24,444.4444,0.02430739,3329 ANY24
3329,ANY24,555.5556,0.02433395,3329 ANY24
3329,ANY24,666.6667,0.02437004,3329 ANY24
3329,ANY24,777.7778,0.02441664,3329 ANY24
3329,ANY24,888.8889,0.02447464,3329 ANY24
3329,ANY24,1000.0,0.02454488,3329 ANY24
3329,ANY24,1166.6667,0.02467489,3329 ANY24
3329,ANY24,1333.3333,0.02483667,3329 ANY24
3329,ANY24,1500.0,0.02503254,3329 ANY24
3329,ANY24,1666.6667,0.02526467,3329 ANY24
3329,ANY24,1833.3333,0.02553508,3329 ANY24
3329,ANY24,2000.0,0.02584573,3329 ANY24
3329,ANY24,2166.6667,0.02619843,3329 ANY24
3329,ANY24,2333.3333,0.02659494,3329 ANY24
3329,ANY24,2500.0,0.02703692,3329 ANY24
3329,ANY24,2777.7778,0.02787885,3329 ANY24
3329,ANY24,3055.5556,0.02885835,3329 ANY24
3329,ANY24,3333.3333,0.02998178,3329 ANY24
3329,ANY24,3611.1111,0.03125505,3329 ANY24
3329,ANY24,3888.8889,0.03268357,3329 ANY24
3329,ANY24,4166.6667,0.03427229,3329 ANY24
3329,ANY24,4444.4444,0.03602575,3329 ANY24
3329,ANY24,4722.2222,0.03794804,3329 ANY24
3329,ANY24,5000.0,0.0400428,3329 ANY24
3329,ANY24,5277.7778,0.04231327,3329 ANY24
3329,ANY24,5555.5556,0.04476226,3329 ANY24
3329,ANY24,5833.3333,0.04739215,3329 ANY24
3329,ANY24,6111.1111,0.05020491,3329 ANY24
3329,ANY24,6388.8889,0.05320208,3329 ANY24
3329,ANY24,6666.6667,0.0563848,3329 ANY24
3329,ANY24,6944.4444,0.05975378,3329 ANY24
3329,ANY24,7222.2222,0.06330932,3329 ANY24
3329,ANY24,7500.0,0.06705135,3329 ANY24
3329,AXIS,,,3329 AXIS
3329,BRN_,0.0,0.0,3329 BRN_
3329,BRN_,111.1111,0.0,3329 BRN_
3329,BRN_,222.2222,0.0,3329 BRN_
3329,BRN_,333.3333,0.0,3329 BRN_
3329,BRN_,444.4444,0.0,3329 BRN_
3329,BRN_,555.5556,0.0,3329 BRN_
3329,BRN_,666.6667,0.0,3329 BRN_
3329,BRN_,777.7778,0.0,3329 BRN_
3329,BRN_,888.8889,0.0,3329 BRN_
3329,BRN_,1000.0,0.0,3329 BRN_
3329,BRN_,1166.6667,0.0,3329 BRN_
3329,BRN_,1333.3333,0.0,3329 BRN_
3329,BRN_,1500.0,0.0,3329 BRN_
3329,BRN_,1666.6667,0.0,3329 BRN_
3329,BRN_,1833.3333,0.0,3329 BRN_
3329,BRN_,2000.0,0.0,3329 BRN_
3329,BRN_,2166.6667,0.0,3329 BRN_
3329,BRN_,2333.3333,0.0,3329 BRN_
3329,BRN_,2500.0,0.0,3329 BRN_
3329,BRN_,2777.7778,0.0,3329 BRN_
3329,BRN_,3055.5556,0.0,3329 BRN_
3329,BRN_,3333.3333,0.0,3329 BRN_
3329,BRN_,3611.1111,0.0,3329 BRN_
3329,BRN_,3888.8889,0.0,3329 BRN_
3329,BRN_,4166.6667,0.0,3329 BRN_
3329,BRN_,4444.4444,1e-08,3329 BRN_
3329,BRN_,4722.2222,4e-08,3329 BRN_
3329,BRN_,5000.0,1.5e-07,3329 BRN_
3329,BRN_,5277.7778,5.7e-07,3329 BRN_
3329,BRN_,5555.5556,2.25e-06,3329 BRN_
3329,BRN_,5833.3333,8.84e-06,3329 BRN_
3329,BRN_,6111.1111,3.467e-05,3329 BRN_
3329,BRN_,6388.8889,0.00013605,3329 BRN_
3329,BRN_,6666.6667,0.00053362,3329 BRN_
3329,BRN_,6944.4444,0.00209065,3329 BRN_
3329,BRN_,7222.2222,0.00815376,3329 BRN_
3329,BRN_,7500.0,0.03124993,3329 BRN_
3329,CRAN,0.0,0.0,3329 CRAN
3329,CRAN,111.1111,0.0,3329 CRAN
3329,CRAN,222.2222,0.0,3329 CRAN
3329,CRAN,333.3333,0.0,3329 CRAN
3329,CRAN,444.4444,0.0,3329 CRAN
3329,CRAN,555.5556,0.0,3329 CRAN
3329,CRAN,666.6667,0.0,3329 CRAN
3329,CRAN,777.7778,0.0,3329 CRAN
3329,CRAN,888.8889,0.0,3329 CRAN
3329,CRAN,1000.0,0.0,3329 CRAN
3329,CRAN,1166.6667,0.0,3329 CRAN
3329,CRAN,1333.3333,0.0,3329 CRAN
3329,CRAN,1500.0,0.0,3329 CRAN
3329,CRAN,1666.6667,0.0,3329 CRAN
3329,CRAN,1833.3333,0.0,3329 CRAN
3329,CRAN,2000.0,0.0,3329 CRAN
3329,CRAN,2166.6667,0.0,3329 CRAN
3329,CRAN,2333.3333,0.0,3329 CRAN
3329,CRAN,2500.0,0.0,3329 CRAN
3329,CRAN,2777.7778,0.0,3329 CRAN
3329,CRAN,3055.5556,0.0,3329 CRAN
3329,CRAN,3333.3333,0.0,3329 CRAN
3329,CRAN,3611.1111,0.0,3329 CRAN
3329,CRAN,3888.8889,0.0,3329 CRAN
3329,CRAN,4166.6667,0.0,3329 CRAN
3329,CRAN,4444.4444,1e-08,3329 CRAN
3329,CRAN,4722.2222,4e-08,3329 CRAN
3329,CRAN,5000.0,1.5e-07,3329 CRAN
3329,CRAN,5277.7778,5.7e-07,3329 CRAN
3329,CRAN,5555.5556,2.25e-06,3329 CRAN
3329,CRAN,5833.3333,8.84e-06,3329 CRAN
3329,CRAN,6111.1111,3.467e-05,3329 CRAN
3329,CRAN,6388.8889,0.00013605,3329 CRAN
3329,CRAN,6666.6667,0.00053362,3329 CRAN
3329,CRAN,6944.4444,0.00209065,3329 CRAN
3329,CRAN,7222.2222,0.00815376,3329 CRAN
3329,CRAN,7500.0,0.03124993,3329 CRAN
3329,EDEM,,,3329 EDEM
3329,LTRK,0.0,0.00781354,3329 LTRK
3329,LTRK,111.1111,0.00781354,3329 LTRK
3329,LTRK,222.2222,0.00781354,3329 LTRK
3329,LTRK,333.3333,0.00781354,3329 LTRK
3329,LTRK,444.4444,0.00781354,3329 LTRK
3329,LTRK,555.5556,0.00781354,3329 LTRK
3329,LTRK,666.6667,0.00781354,3329 LTRK
3329,LTRK,777.7778,0.00781354,3329 LTRK
3329,LTRK,888.8889,0.00781354,3329 LTRK
3329,LTRK,1000.0,0.00781354,3329 LTRK
3329,LTRK,1166.6667,0.00781354,3329 LTRK
3329,LTRK,1333.3333,0.00781354,3329 LTRK
3329,LTRK,1500.0,0.00781354,3329 LTRK
3329,LTRK,1666.6667,0.00781354,3329 LTRK
3329,LTRK,1833.3333,0.00781354,3329 LTRK
3329,LTRK,2000.0,0.00781354,3329 LTRK
3329,LTRK,2166.6667,0.00781354,3329 LTRK
3329,LTRK,2333.3333,0.00781354,3329 LTRK
3329,LTRK,2500.0,0.00781354,3329 LTRK
3329,LTRK,2777.7778,0.00781354,3329 LTRK
3329,LTRK,3055.5556,0.00781354,3329 LTRK
3329,LTRK,3333.3333,0.00781354,3329 LTRK
3329,LTRK,3611.1111,0.00781354,3329 LTRK
3329,LTRK,3888.8889,0.00781354,3329 LTRK
3329,LTRK,4166.6667,0.00781354,3329 LTRK
3329,LTRK,4444.4444,0.00781354,3329 LTRK
3329,LTRK,4722.2222,0.00781354,3329 LTRK
3329,LTRK,5000.0,0.00781354,3329 LTRK
3329,LTRK,5277.7778,0.00781354,3329 LTRK
3329,LTRK,5555.5556,0.00781355,3329 LTRK
3329,LTRK,5833.3333,0.00781356,3329 LTRK
3329,LTRK,6111.1111,0.0078138,3329 LTRK
3329,LTRK,6388.8889,0.00781697,3329 LTRK
3329,LTRK,6666.6667,0.00785486,3329 LTRK
3329,LTRK,6944.4444,0.00826363,3329 LTRK
3329,LTRK,7222.2222,0.0122619,3329 LTRK
3329,LTRK,7500.0,0.04687449,3329 LTRK
3329,MO24,,,3329 MO24
3329,NC24,,,3329 NC24
3329,TOT_MORT,0.0,0.0242724,3329 TOT_MORT
3329,TOT_MORT,111.1111,0.02427345,3329 TOT_MORT
3329,TOT_MORT,222.2222,0.02427845,3329 TOT_MORT
3329,TOT_MORT,333.3333,0.02428929,3329 TOT_MORT
3329,TOT_MORT,444.4444,0.02430739,3329 TOT_MORT
3329,TOT_MORT,555.5556,0.02433395,3329 TOT_MORT
3329,TOT_MORT,666.6667,0.02437004,3329 TOT_MORT
3329,TOT_MORT,777.7778,0.02441664,3329 TOT_MORT
3329,TOT_MORT,888.8889,0.02447464,3329 TOT_MORT
3329,TOT_MORT,1000.0,0.02454488,3329 TOT_MORT
3329,TOT_MORT,1166.6667,0.02467489,3329 TOT_MORT
3329,TOT_MORT,1333.3333,0.02483667,3329 TOT_MORT
3329,TOT_MORT,1500.0,0.02503254,3329 TOT_MORT
3329,TOT_MORT,1666.6667,0.02526467,3329 TOT_MORT
3329,TOT_MORT,1833.3333,0.02553508,3329 TOT_MORT
3329,TOT_MORT,2000.0,0.02584573,3329 TOT_MORT
3329,TOT_MORT,2166.6667,0.02619843,3329 TOT_MORT
3329,TOT_MORT,2333.3333,0.02659494,3329 TOT_MORT
3329,TOT_MORT,2500.0,0.02703692,3329 TOT_MORT
3329,TOT_MORT,2777.7778,0.02787885,3329 TOT_MORT
3329,TOT_MORT,3055.5556,0.02885835,3329 TOT_MORT
3329,TOT_MORT,3333.3333,0.02998178,3329 TOT_MORT
3329,TOT_MORT,3611.1111,0.03125505,3329 TOT_MORT
3329,TOT_MORT,3888.8889,0.03268357,3329 TOT_MORT
3329,TOT_MORT,4166.6667,0.03427229,3329 TOT_MORT
3329,TOT_MORT,4444.4444,0.03602575,3329 TOT_MORT
3329,TOT_MORT,4722.2222,0.03794804,3329 TOT_MORT
3329,TOT_MORT,5000.0,0.0400428,3329 TOT_MORT
3329,TOT_MORT,5277.7778,0.04231327,3329 TOT_MORT
3329,TOT_MORT,5555.5556,0.04476226,3329 TOT_MORT
3329,TOT_MORT,5833.3333,0.04739215,3329 TOT_MORT
3329,TOT_MORT,6111.1111,0.05020491,3329 TOT_MORT
3329,TOT_MORT,6388.8889,0.05320208,3329 TOT_MORT
3329,TOT_MORT,6666.6667,0.0563848,3329 TOT_MORT
3329,TOT_MORT,6944.4444,0.05975378,3329 TOT_MORT
3329,TOT_MORT,7222.2222,0.06330932,3329 TOT_MORT
3329,TOT_MORT,7500.0,0.06705135,3329 TOT_MORT
3330,ALL_BUT_MORT,0.0,1e-05,3330 ALL_BUT_MORT
3330,ALL_BUT_MORT,111.1111,0.03749871,3330 ALL_BUT_MORT
3330,ALL_BUT_MORT,222.2222,0.03749896,3330 ALL_BUT_MORT
3330,ALL_BUT_MORT,333.3333,0.03749911,3330 ALL_BUT_MORT
3330,ALL_BUT_MORT,444.4444,0.03749922,3330 ALL_BUT_MORT
3330,ALL_BUT_MORT,555.5556,0.0374993,3330 ALL_BUT_MORT
3330,ALL_BUT_MORT,666.6667,0.03749937,3330 ALL_BUT_MORT
3330,ALL_BUT_MORT,777.7778,0.03749942,3330 ALL_BUT_MORT
3330,ALL_BUT_MORT,888.8889,0.03749947,3330 ALL_BUT_MORT
3330,ALL_BUT_MORT,1000.0,0.03749952,3330 ALL_BUT_MORT
3330,ALL_BUT_MORT,1166.6667,0.03749957,3330 ALL_BUT_MORT
3330,ALL_BUT_MORT,1333.3333,0.03749962,3330 ALL_BUT_MORT
3330,ALL_BUT_MORT,1500.0,0.03749967,3330 ALL_BUT_MORT
3330,ALL_BUT_MORT,1666.6667,0.0374997,3330 ALL_BUT_MORT
3330,ALL_BUT_MORT,1833.3333,0.03749974,3330 ALL_BUT_MORT
3330,ALL_BUT_MORT,2000.0,0.03749977,3330 ALL_BUT_MORT
3330,ALL_BUT_MORT,2166.6667,0.0374998,3330 ALL_BUT_MORT
3330,ALL_BUT_MORT,2333.3333,0.03749983,3330 ALL_BUT_MORT
3330,ALL_BUT_MORT,2500.0,0.03749985,3330 ALL_BUT_MORT
3330,ALL_BUT_MORT,2777.7778,0.03749989,3330 ALL_BUT_MORT
3330,ALL_BUT_MORT,3055.5556,0.03749993,3330 ALL_BUT_MORT
3330,ALL_BUT_MORT,3333.3333,0.03749996,3330 ALL_BUT_MORT
3330,ALL_BUT_MORT,3611.1111,0.03749999,3330 ALL_BUT_MORT
3330,ALL_BUT_MORT,3888.8889,0.03750002,3330 ALL_BUT_MORT
3330,ALL_BUT_MORT,4166.6667,0.03750004,3330 ALL_BUT_MORT
3330,ALL_BUT_MORT,4444.4444,0.03750007,3330 ALL_BUT_MORT
3330,ALL_BUT_MORT,4722.2222,0.03750009,3330 ALL_BUT_MORT
3330,ALL_BUT_MORT,5000.0,0.03750011,3330 ALL_BUT_MORT
3330,ALL_BUT_MORT,5277.7778,0.03750013,3330 ALL_BUT_MORT
3330,ALL_BUT_MORT,5555.5556,0.03750015,3330 ALL_BUT_MORT
3330,ALL_BUT_MORT,5833.3333,0.03750017,3330 ALL_BUT_MORT
3330,ALL_BUT_MORT,6111.1111,0.03750018,3330 ALL_BUT_MORT
3330,ALL_BUT_MORT,6388.8889,0.0375002,3330 ALL_BUT_MORT
3330,ALL_BUT_MORT,6666.6667,0.03750021,3330 ALL_BUT_MORT
3330,ALL_BUT_MORT,6944.4444,0.03750023,3330 ALL_BUT_MORT
3330,ALL_BUT_MORT,7222.2222,0.03750024,3330 ALL_BUT_MORT
3330,ALL_BUT_MORT,7500.0,0.03750026,3330 ALL_BUT_MORT
3330,ANY120,0.0,0.04106448,3330 ANY120
3330,ANY120,111.1111,0.04212937,3330 ANY120
3330,ANY120,222.2222,0.04319308,3330 ANY120
3330,ANY120,333.3333,0.04425561,3330 ANY120
3330,ANY120,444.4444,0.04531696,3330 ANY120
3330,ANY120,555.5556,0.04637713,3330 ANY120
3330,ANY120,666.6667,0.04743612,3330 ANY120
3330,ANY120,777.7778,0.04849394,3330 ANY120
3330,ANY120,888.8889,0.04955058,3330 ANY120
3330,ANY120,1000.0,0.05060605,3330 ANY120
3330,ANY120,1166.6667,0.05218705,3330 ANY120
3330,ANY120,1333.3333,0.05376543,3330 ANY120
3330,ANY120,1500.0,0.05534117,3330 ANY120
3330,ANY120,1666.6667,0.05691429,3330 ANY120
3330,ANY120,1833.3333,0.05848479,3330 ANY120
3330,ANY120,2000.0,0.06005268,3330 ANY120
3330,ANY120,2166.6667,0.06161795,3330 ANY120
3330,ANY120,2333.3333,0.06318062,3330 ANY120
3330,ANY120,2500.0,0.06474068,3330 ANY120
3330,ANY120,2777.7778,0.06733502,3330 ANY120
3330,ANY120,3055.5556,0.06992216,3330 ANY120
3330,ANY120,3333.3333,0.07250213,3330 ANY120
3330,ANY120,3611.1111,0.07507493,3330 ANY120
3330,ANY120,3888.8889,0.0776406,3330 ANY120
3330,ANY120,4166.6667,0.08019916,3330 ANY120
3330,ANY120,4444.4444,0.08275062,3330 ANY120
3330,ANY120,4722.2222,0.085295,3330 ANY120
3330,ANY120,5000.0,0.08783232,3330 ANY120
3330,ANY120,5277.7778,0.0903626,3330 ANY120
3330,ANY120,5555.5556,0.09288586,3330 ANY120
3330,ANY120,5833.3333,0.09540213,3330 ANY120
3330,ANY120,6111.1111,0.09791141,3330 ANY120
3330,ANY120,6388.8889,0.10041374,3330 ANY120
3330,ANY120,6666.6667,0.10290912,3330 ANY120
3330,ANY120,6944.4444,0.10539758,3330 ANY120
3330,ANY120,7222.2222,0.10787914,3330 ANY120
3330,ANY120,7500.0,0.11035382,3330 ANY120
3330,ANY24,0.0,0.01256746,3330 ANY24
3330,ANY24,111.1111,0.01256954,3330 ANY24
3330,ANY24,222.2222,0.01257939,3330 ANY24
3330,ANY24,333.3333,0.01260051,3330 ANY24
3330,ANY24,444.4444,0.01263546,3330 ANY24
3330,ANY24,555.5556,0.01268626,3330 ANY24
3330,ANY24,666.6667,0.01275465,3330 ANY24
3330,ANY24,777.7778,0.01284212,3330 ANY24
3330,ANY24,888.8889,0.01294998,3330 ANY24
3330,ANY24,1000.0,0.01307939,3330 ANY24
3330,ANY24,1166.6667,0.01331612,3330 ANY24
3330,ANY24,1333.3333,0.01360667,3330 ANY24
3330,ANY24,1500.0,0.01395364,3330 ANY24
3330,ANY24,1666.6667,0.01435925,3330 ANY24
3330,ANY24,1833.3333,0.01482542,3330 ANY24
3330,ANY24,2000.0,0.01535376,3330 ANY24
3330,ANY24,2166.6667,0.01594566,3330 ANY24
3330,ANY24,2333.3333,0.01660228,3330 ANY24
3330,ANY24,2500.0,0.0173246,3330 ANY24
3330,ANY24,2777.7778,0.01867657,3330 ANY24
3330,ANY24,3055.5556,0.02021595,3330 ANY24
3330,ANY24,3333.3333,0.02194448,3330 ANY24
3330,ANY24,3611.1111,0.02386299,3330 ANY24
3330,ANY24,3888.8889,0.02597155,3330 ANY24
3330,ANY24,4166.6667,0.02826957,3330 ANY24
3330,ANY24,4444.4444,0.03075586,3330 ANY24
3330,ANY24,4722.2222,0.03342875,3330 ANY24
3330,ANY24,5000.0,0.0362861,3330 ANY24
3330,ANY24,5277.7778,0.0393254,3330 ANY24
3330,ANY24,5555.5556,0.04254379,3330 ANY24
3330,ANY24,5833.3333,0.04593811,3330 ANY24
3330,ANY24,6111.1111,0.04950496,3330 ANY24
3330,ANY24,6388.8889,0.0532407,3330 ANY24
3330,ANY24,6666.6667,0.05714151,3330 ANY24
3330,ANY24,6944.4444,0.06120341,3330 ANY24
3330,ANY24,7222.2222,0.06542227,3330 ANY24
3330,ANY24,7500.0,0.06979384,3330 ANY24
3330,AXIS,,,3330 AXIS
3330,BRN_,0.0,0.02004086,3330 BRN_
3330,BRN_,111.1111,0.0200627,3330 BRN_
3330,BRN_,222.2222,0.02008455,3330 BRN_
3330,BRN_,333.3333,0.02010643,3330 BRN_
3330,BRN_,444.4444,0.02012833,3330 BRN_
3330,BRN_,555.5556,0.02015026,3330 BRN_
3330,BRN_,666.6667,0.02017221,3330 BRN_
3330,BRN_,777.7778,0.02019418,3330 BRN_
3330,BRN_,888.8889,0.02021618,3330 BRN_
3330,BRN_,1000.0,0.0202382,3330 BRN_
3330,BRN_,1166.6667,0.02027127,3330 BRN_
3330,BRN_,1333.3333,0.0203044,3330 BRN_
3330,BRN_,1500.0,0.02033758,3330 BRN_
3330,BRN_,1666.6667,0.02037082,3330 BRN_
3330,BRN_,1833.3333,0.0204041,3330 BRN_
3330,BRN_,2000.0,0.02043744,3330 BRN_
3330,BRN_,2166.6667,0.02047083,3330 BRN_
3330,BRN_,2333.3333,0.02050428,3330 BRN_
3330,BRN_,2500.0,0.02053778,3330 BRN_
3330,BRN_,2777.7778,0.02059373,3330 BRN_
3330,BRN_,3055.5556,0.02064983,3330 BRN_
3330,BRN_,3333.3333,0.02070608,3330 BRN_
3330,BRN_,3611.1111,0.02076249,3330 BRN_
3330,BRN_,3888.8889,0.02081904,3330 BRN_
3330,BRN_,4166.6667,0.02087574,3330 BRN_
3330,BRN_,4444.4444,0.02093259,3330 BRN_
3330,BRN_,4722.2222,0.0209896,3330 BRN_
3330,BRN_,5000.0,0.02104675,3330 BRN_
3330,BRN_,5277.7778,0.02110406,3330 BRN_
3330,BRN_,5555.5556,0.02116152,3330 BRN_
3330,BRN_,5833.3333,0.02121914,3330 BRN_
3330,BRN_,6111.1111,0.02127691,3330 BRN_
3330,BRN_,6388.8889,0.02133483,3330 BRN_
3330,BRN_,6666.6667,0.02139291,3330 BRN_
3330,BRN_,6944.4444,0.02145114,3330 BRN_
3330,BRN_,7222.2222,0.02150952,3330 BRN_
3330,BRN_,7500.0,0.02156806,3330 BRN_
3330,CRAN,0.0,0.01178838,3330 CRAN
3330,CRAN,111.1111,0.01187663,3330 CRAN
3330,CRAN,222.2222,0.01196554,3330 CRAN
3330,CRAN,333.3333,0.0120551,3330 CRAN
3330,CRAN,444.4444,0.01214533,3330 CRAN
3330,CRAN,555.5556,0.01223623,3330 CRAN
3330,CRAN,666.6667,0.01232779,3330 CRAN
3330,CRAN,777.7778,0.01242003,3330 CRAN
3330,CRAN,888.8889,0.01251296,3330 CRAN
3330,CRAN,1000.0,0.01260657,3330 CRAN
3330,CRAN,1166.6667,0.01274828,3330 CRAN
3330,CRAN,1333.3333,0.01289156,3330 CRAN
3330,CRAN,1500.0,0.01303644,3330 CRAN
3330,CRAN,1666.6667,0.01318292,3330 CRAN
3330,CRAN,1833.3333,0.01333102,3330 CRAN
3330,CRAN,2000.0,0.01348077,3330 CRAN
3330,CRAN,2166.6667,0.01363217,3330 CRAN
3330,CRAN,2333.3333,0.01378525,3330 CRAN
3330,CRAN,2500.0,0.01394003,3330 CRAN
3330,CRAN,2777.7778,0.0142018,3330 CRAN
3330,CRAN,3055.5556,0.01446842,3330 CRAN
3330,CRAN,3333.3333,0.01473997,3330 CRAN
3330,CRAN,3611.1111,0.01501654,3330 CRAN
3330,CRAN,3888.8889,0.01529821,3330 CRAN
3330,CRAN,4166.6667,0.01558509,3330 CRAN
3330,CRAN,4444.4444,0.01587726,3330 CRAN
3330,CRAN,4722.2222,0.01617481,3330 CRAN
3330,CRAN,5000.0,0.01647785,3330 CRAN
3330,CRAN,5277.7778,0.01678647,3330 CRAN
3330,CRAN,5555.5556,0.01710077,3330 CRAN
3330,CRAN,5833.3333,0.01742085,3330 CRAN
3330,CRAN,6111.1111,0.01774682,3330 CRAN
3330,CRAN,6388.8889,0.01807877,3330 CRAN
3330,CRAN,6666.6667,0.01841681,3330 CRAN
3330,CRAN,6944.4444,0.01876105,3330 CRAN
3330,CRAN,7222.2222,0.01911161,3330 CRAN
3330,CRAN,7500.0,0.01946858,3330 CRAN
3330,EDEM,0.0,0.01178838,3330 EDEM
3330,EDEM,111.1111,0.01187663,3330 EDEM
3330,EDEM,222.2222,0.01196554,3330 EDEM
3330,EDEM,333.3333,0.0120551,3330 EDEM
3330,EDEM,444.4444,0.01214533,3330 EDEM
3330,EDEM,555.5556,0.01223623,3330 EDEM
3330,EDEM,666.6667,0.01232779,3330 EDEM
3330,EDEM,777.7778,0.01242003,3330 EDEM
3330,EDEM,888.8889,0.01251296,3330 EDEM
3330,EDEM,1000.0,0.01260657,3330 EDEM
3330,EDEM,1166.6667,0.01274828,3330 EDEM
3330,EDEM,1333.3333,0.01289156,3330 EDEM
3330,EDEM,1500.0,0.01303644,3330 EDEM
3330,EDEM,1666.6667,0.01318292,3330 EDEM
3330,EDEM,1833.3333,0.01333102,3330 EDEM
3330,EDEM,2000.0,0.01348077,3330 EDEM
3330,EDEM,2166.6667,0.01363217,3330 EDEM
3330,EDEM,2333.3333,0.01378525,3330 EDEM
3330,EDEM,2500.0,0.01394003,3330 EDEM
3330,EDEM,2777.7778,0.0142018,3330 EDEM
3330,EDEM,3055.5556,0.01446842,3330 EDEM
3330,EDEM,3333.3333,0.01473997,3330 EDEM
3330,EDEM,3611.1111,0.01501654,3330 EDEM
3330,EDEM,3888.8889,0.01529821,3330 EDEM
3330,EDEM,4166.6667,0.01558509,3330 EDEM
3330,EDEM,4444.4444,0.01587726,3330 EDEM
3330,EDEM,4722.2222,0.01617481,3330 EDEM
3330,EDEM,5000.0,0.01647785,3330 EDEM
3330,EDEM,5277.7778,0.01678647,3330 EDEM
3330,EDEM,5555.5556,0.01710077,3330 EDEM
3330,EDEM,5833.3333,0.01742085,3330 EDEM
3330,EDEM,6111.1111,0.01774682,3330 EDEM
3330,EDEM,6388.8889,0.01807877,3330 EDEM
3330,EDEM,6666.6667,0.01841681,3330 EDEM
3330,EDEM,6944.4444,0.01876105,3330 EDEM
3330,EDEM,7222.2222,0.01911161,3330 EDEM
3330,EDEM,7500.0,0.01946858,3330 EDEM
3330,LTRK,0.0,1e-05,3330 LTRK
3330,LTRK,111.1111,0.03749871,3330 LTRK
3330,LTRK,222.2222,0.03749896,3330 LTRK
3330,LTRK,333.3333,0.03749911,3330 LTRK
3330,LTRK,444.4444,0.03749922,3330 LTRK
3330,LTRK,555.5556,0.0374993,3330 LTRK
3330,LTRK,666.6667,0.03749937,3330 LTRK
3330,LTRK,777.7778,0.03749942,3330 LTRK
3330,LTRK,888.8889,0.03749947,3330 LTRK
3330,LTRK,1000.0,0.03749952,3330 LTRK
3330,LTRK,1166.6667,0.03749957,3330 LTRK
3330,LTRK,1333.3333,0.03749962,3330 LTRK
3330,LTRK,1500.0,0.03749967,3330 LTRK
3330,LTRK,1666.6667,0.0374997,3330 LTRK
3330,LTRK,1833.3333,0.03749974,3330 LTRK
3330,LTRK,2000.0,0.03749977,3330 LTRK
3330,LTRK,2166.6667,0.0374998,3330 LTRK
3330,LTRK,2333.3333,0.03749983,3330 LTRK
3330,LTRK,2500.0,0.03749985,3330 LTRK
3330,LTRK,2777.7778,0.03749989,3330 LTRK
3330,LTRK,3055.5556,0.03749993,3330 LTRK
3330,LTRK,3333.3333,0.03749996,3330 LTRK
3330,LTRK,3611.1111,0.03749999,3330 LTRK
3330,LTRK,3888.8889,0.03750002,3330 LTRK
3330,LTRK,4166.6667,0.03750004,3330 LTRK
3330,LTRK,4444.4444,0.03750007,3330 LTRK
3330,LTRK,4722.2222,0.03750009,3330 LTRK
3330,LTRK,5000.0,0.03750011,3330 LTRK
3330,LTRK,5277.7778,0.03750013,3330 LTRK
3330,LTRK,5555.5556,0.03750015,3330 LTRK
3330,LTRK,5833.3333,0.03750017,3330 LTRK
3330,LTRK,6111.1111,0.03750018,3330 LTRK
3330,LTRK,6388.8889,0.0375002,3330 LTRK
3330,LTRK,6666.6667,0.03750021,3330 LTRK
3330,LTRK,6944.4444,0.03750023,3330 LTRK
3330,LTRK,7222.2222,0.03750024,3330 LTRK
3330,LTRK,7500.0,0.03750026,3330 LTRK
3330,MO24,0.0,0.01308746,3330 MO24
3330,MO24,111.1111,0.01310966,3330 MO24
3330,MO24,222.2222,0.01316451,3330 MO24
3330,MO24,333.3333,0.013247,3330 MO24
3330,MO24,444.4444,0.01335484,3330 MO24
3330,MO24,555.5556,0.01348654,3330 MO24
3330,MO24,666.6667,0.01364101,3330 MO24
3330,MO24,777.7778,0.01381738,3330 MO24
3330,MO24,888.8889,0.01401494,3330 MO24
3330,MO24,1000.0,0.0142331,3330 MO24
3330,MO24,1166.6667,0.01459782,3330 MO24
3330,MO24,1333.3333,0.01500621,3330 MO24
3330,MO24,1500.0,0.01545697,3330 MO24
3330,MO24,1666.6667,0.01594896,3330 MO24
3330,MO24,1833.3333,0.01648117,3330 MO24
3330,MO24,2000.0,0.01705269,3330 MO24
3330,MO24,2166.6667,0.01766266,3330 MO24
3330,MO24,2333.3333,0.01831031,3330 MO24
3330,MO24,2500.0,0.01899491,3330 MO24
3330,MO24,2777.7778,0.02021617,3330 MO24
3330,MO24,3055.5556,0.02153523,3330 MO24
3330,MO24,3333.3333,0.02294932,3330 MO24
3330,MO24,3611.1111,0.02445588,3330 MO24
3330,MO24,3888.8889,0.02605247,3330 MO24
3330,MO24,4166.6667,0.02773675,3330 MO24
3330,MO24,4444.4444,0.0295065,3330 MO24
3330,MO24,4722.2222,0.03135956,3330 MO24
3330,MO24,5000.0,0.03329383,3330 MO24
3330,MO24,5277.7778,0.03530727,3330 MO24
3330,MO24,5555.5556,0.03739791,3330 MO24
3330,MO24,5833.3333,0.03956378,3330 MO24
3330,MO24,6111.1111,0.04180299,3330 MO24
3330,MO24,6388.8889,0.04411365,3330 MO24
3330,MO24,6666.6667,0.04649393,3330 MO24
3330,MO24,6944.4444,0.04894199,3330 MO24
3330,MO24,7222.2222,0.05145606,3330 MO24
3330,MO24,7500.0,0.05403436,3330 MO24
3330,NC24,,,3330 NC24
3330,TOT_MORT,0.0,0.01596899,3330 TOT_MORT
3330,TOT_MORT,111.1111,0.01706175,3330 TOT_MORT
3330,TOT_MORT,222.2222,0.01815329,3330 TOT_MORT
3330,TOT_MORT,333.3333,0.01924363,3330 TOT_MORT
3330,TOT_MORT,444.4444,0.02033275,3330 TOT_MORT
3330,TOT_MORT,555.5556,0.02142067,3330 TOT_MORT
3330,TOT_MORT,666.6667,0.02250738,3330 TOT_MORT
3330,TOT_MORT,777.7778,0.02359288,3330 TOT_MORT
3330,TOT_MORT,888.8889,0.02467717,3330 TOT_MORT
3330,TOT_MORT,1000.0,0.02576026,3330 TOT_MORT
3330,TOT_MORT,1166.6667,0.02738264,3330 TOT_MORT
3330,TOT_MORT,1333.3333,0.02900232,3330 TOT_MORT
3330,TOT_MORT,1500.0,0.0306193,3330 TOT_MORT
3330,TOT_MORT,1666.6667,0.03223359,3330 TOT_MORT
3330,TOT_MORT,1833.3333,0.03384519,3330 TOT_MORT
3330,TOT_MORT,2000.0,0.03545411,3330 TOT_MORT
3330,TOT_MORT,2166.6667,0.03706034,3330 TOT_MORT
3330,TOT_MORT,2333.3333,0.03866391,3330 TOT_MORT
3330,TOT_MORT,2500.0,0.0402648,3330 TOT_MORT
3330,TOT_MORT,2777.7778,0.04292703,3330 TOT_MORT
3330,TOT_MORT,3055.5556,0.04558188,3330 TOT_MORT
3330,TOT_MORT,3333.3333,0.04822936,3330 TOT_MORT
3330,TOT_MORT,3611.1111,0.0508695,3330 TOT_MORT
3330,TOT_MORT,3888.8889,0.05350232,3330 TOT_MORT
3330,TOT_MORT,4166.6667,0.05612783,3330 TOT_MORT
3330,TOT_MORT,4444.4444,0.05874606,3330 TOT_MORT
3330,TOT_MORT,4722.2222,0.06135702,3330 TOT_MORT
3330,TOT_MORT,5000.0,0.06396075,3330 TOT_MORT
3330,TOT_MORT,5277.7778,0.06655725,3330 TOT_MORT
3330,TOT_MORT,5555.5556,0.06914655,3330 TOT_MORT
3330,TOT_MORT,5833.3333,0.07172866,3330 TOT_MORT
3330,TOT_MORT,6111.1111,0.07430362,3330 TOT_MORT
3330,TOT_MORT,6388.8889,0.07687143,3330 TOT_MORT
3330,TOT_MORT,6666.6667,0.07943211,3330 TOT_MORT
3330,TOT_MORT,6944.4444,0.0819857,3330 TOT_MORT
3330,TOT_MORT,7222.2222,0.0845322,3330 TOT_MORT
3330,TOT_MORT,7500.0,0.08707164,3330 TOT_MORT
3331,ALL_BUT_MORT,,,3331 ALL_BUT_MORT
3331,ANY120,,,3331 ANY120
3331,ANY24,,,3331 ANY24
3331,AXIS,,,3331 AXIS
3331,BRN_,,,3331 BRN_
3331,CRAN,,,3331 CRAN
3331,EDEM,0.0,0.0,3331 EDEM
3331,EDEM,111.1111,0.0,3331 EDEM
3331,EDEM,222.2222,0.0,3331 EDEM
3331,EDEM,333.3333,0.0,3331 EDEM
3331,EDEM,444.4444,0.0,3331 EDEM
3331,EDEM,555.5556,0.0,3331 EDEM
3331,EDEM,666.6667,0.0,3331 EDEM
3331,EDEM,777.7778,0.0,3331 EDEM
3331,EDEM,888.8889,0.0,3331 EDEM
3331,EDEM,1000.0,0.0,3331 EDEM
3331,EDEM,1166.6667,0.0,3331 EDEM
3331,EDEM,1333.3333,0.0,3331 EDEM
3331,EDEM,1500.0,0.0,3331 EDEM
3331,EDEM,1666.6667,0.0,3331 EDEM
3331,EDEM,1833.3333,0.0,3331 EDEM
3331,EDEM,2000.0,0.0,3331 EDEM
3331,EDEM,2166.6667,0.0,3331 EDEM
3331,EDEM,2333.3333,0.0,3331 EDEM
3331,EDEM,2500.0,0.0,3331 EDEM
3331,EDEM,2777.7778,0.0,3331 EDEM
3331,EDEM,3055.5556,0.0,3331 EDEM
3331,EDEM,3333.3333,0.0,3331 EDEM
3331,EDEM,3611.1111,0.0,3331 EDEM
3331,EDEM,3888.8889,0.0,3331 EDEM
3331,EDEM,4166.6667,0.0,3331 EDEM
3331,EDEM,4444.4444,1e-08,3331 EDEM
3331,EDEM,4722.2222,2e-08,3331 EDEM
3331,EDEM,5000.0,8e-08,3331 EDEM
3331,EDEM,5277.7778,3e-07,3331 EDEM
3331,EDEM,5555.5556,1.16e-06,3331 EDEM
3331,EDEM,5833.3333,4.53e-06,3331 EDEM
3331,EDEM,6111.1111,1.766e-05,3331 EDEM
3331,EDEM,6388.8889,6.882e-05,3331 EDEM
3331,EDEM,6666.6667,0.00026814,3331 EDEM
3331,EDEM,6944.4444,0.00104411,3331 EDEM
3331,EDEM,7222.2222,0.00405662,3331 EDEM
3331,EDEM,7500.0,0.01562496,3331 EDEM
3331,LTRK,,,3331 LTRK
3331,MO24,,,3331 MO24
3331,NC24,,,3331 NC24
3331,TOT_MORT,,,3331 TOT_MORT
3332,ALL_BUT_MORT,0.0,0.00781354,3332 ALL_BUT_MORT
3332,ALL_BUT_MORT,111.1111,0.00781354,3332 ALL_BUT_MORT
3332,ALL_BUT_MORT,222.2222,0.00781354,3332 ALL_BUT_MORT
3332,ALL_BUT_MORT,333.3333,0.00781354,3332 ALL_BUT_MORT
3332,ALL_BUT_MORT,444.4444,0.00781354,3332 ALL_BUT_MORT
3332,ALL_BUT_MORT,555.5556,0.00781354,3332 ALL_BUT_MORT
3332,ALL_BUT_MORT,666.6667,0.00781354,3332 ALL_BUT_MORT
3332,ALL_BUT_MORT,777.7778,0.00781354,3332 ALL_BUT_MORT
3332,ALL_BUT_MORT,888.8889,0.00781354,3332 ALL_BUT_MORT
3332,ALL_BUT_MORT,1000.0,0.00781354,3332 ALL_BUT_MORT
3332,ALL_BUT_MORT,1166.6667,0.00781354,3332 ALL_BUT_MORT
3332,ALL_BUT_MORT,1333.3333,0.00781354,3332 ALL_BUT_MORT
3332,ALL_BUT_MORT,1500.0,0.00781354,3332 ALL_BUT_MORT
3332,ALL_BUT_MORT,1666.6667,0.00781354,3332 ALL_BUT_MORT
3332,ALL_BUT_MORT,1833.3333,0.00781354,3332 ALL_BUT_MORT
3332,ALL_BUT_MORT,2000.0,0.00781354,3332 ALL_BUT_MORT
3332,ALL_BUT_MORT,2166.6667,0.00781354,3332 ALL_BUT_MORT
3332,ALL_BUT_MORT,2333.3333,0.00781354,3332 ALL_BUT_MORT
3332,ALL_BUT_MORT,2500.0,0.00781354,3332 ALL_BUT_MORT
3332,ALL_BUT_MORT,2777.7778,0.00781354,3332 ALL_BUT_MORT
3332,ALL_BUT_MORT,3055.5556,0.00781354,3332 ALL_BUT_MORT
3332,ALL_BUT_MORT,3333.3333,0.00781354,3332 ALL_BUT_MORT
3332,ALL_BUT_MORT,3611.1111,0.00781354,3332 ALL_BUT_MORT
3332,ALL_BUT_MORT,3888.8889,0.00781354,3332 ALL_BUT_MORT
3332,ALL_BUT_MORT,4166.6667,0.00781354,3332 ALL_BUT_MORT
3332,ALL_BUT_MORT,4444.4444,0.00781354,3332 ALL_BUT_MORT
3332,ALL_BUT_MORT,4722.2222,0.00781354,3332 ALL_BUT_MORT
3332,ALL_BUT_MORT,5000.0,0.00781354,3332 ALL_BUT_MORT
3332,ALL_BUT_MORT,5277.7778,0.00781354,3332 ALL_BUT_MORT
3332,ALL_BUT_MORT,5555.5556,0.00781355,3332 ALL_BUT_MORT
3332,ALL_BUT_MORT,5833.3333,0.00781356,3332 ALL_BUT_MORT
3332,ALL_BUT_MORT,6111.1111,0.0078138,3332 ALL_BUT_MORT
3332,ALL_BUT_MORT,6388.8889,0.00781697,3332 ALL_BUT_MORT
3332,ALL_BUT_MORT,6666.6667,0.00785486,3332 ALL_BUT_MORT
3332,ALL_BUT_MORT,6944.4444,0.00826363,3332 ALL_BUT_MORT
3332,ALL_BUT_MORT,7222.2222,0.0122619,3332 ALL_BUT_MORT
3332,ALL_BUT_MORT,7500.0,0.04687449,3332 ALL_BUT_MORT
3332,ANY120,,,3332 ANY120
3332,ANY24,,,3332 ANY24
3332,AXIS,,,3332 AXIS
3332,BRN_,,,3332 BRN_
3332,CRAN,0.0,0.0,3332 CRAN
3332,CRAN,111.1111,0.0,3332 CRAN
3332,CRAN,222.2222,0.0,3332 CRAN
3332,CRAN,333.3333,0.0,3332 CRAN
3332,CRAN,444.4444,0.0,3332 CRAN
3332,CRAN,555.5556,0.0,3332 CRAN
3332,CRAN,666.6667,0.0,3332 CRAN
3332,CRAN,777.7778,0.0,3332 CRAN
3332,CRAN,888.8889,0.0,3332 CRAN
3332,CRAN,1000.0,0.0,3332 CRAN
3332,CRAN,1166.6667,0.0,3332 CRAN
3332,CRAN,1333.3333,0.0,3332 CRAN
3332,CRAN,1500.0,0.0,3332 CRAN
3332,CRAN,1666.6667,0.0,3332 CRAN
3332,CRAN,1833.3333,0.0,3332 CRAN
3332,CRAN,2000.0,0.0,3332 CRAN
3332,CRAN,2166.6667,0.0,3332 CRAN
3332,CRAN,2333.3333,0.0,3332 CRAN
3332,CRAN,2500.0,0.0,3332 CRAN
3332,CRAN,2777.7778,0.0,3332 CRAN
3332,CRAN,3055.5556,0.0,3332 CRAN
3332,CRAN,3333.3333,0.0,3332 CRAN
3332,CRAN,3611.1111,0.0,3332 CRAN
3332,CRAN,3888.8889,0.0,3332 CRAN
3332,CRAN,4166.6667,0.0,3332 CRAN
3332,CRAN,4444.4444,1e-08,3332 CRAN
3332,CRAN,4722.2222,4e-08,3332 CRAN
3332,CRAN,5000.0,1.5e-07,3332 CRAN
3332,CRAN,5277.7778,5.7e-07,3332 CRAN
3332,CRAN,5555.5556,2.25e-06,3332 CRAN
3332,CRAN,5833.3333,8.84e-06,3332 CRAN
3332,CRAN,6111.1111,3.467e-05,3332 CRAN
3332,CRAN,6388.8889,0.00013605,3332 CRAN
3332,CRAN,6666.6667,0.00053362,3332 CRAN
3332,CRAN,6944.4444,0.00209065,3332 CRAN
3332,CRAN,7222.2222,0.00815376,3332 CRAN
3332,CRAN,7500.0,0.03124993,3332 CRAN
3332,EDEM,0.0,0.0,3332 EDEM
3332,EDEM,111.1111,0.0,3332 EDEM
3332,EDEM,222.2222,0.0,3332 EDEM
3332,EDEM,333.3333,0.0,3332 EDEM
3332,EDEM,444.4444,0.0,3332 EDEM
3332,EDEM,555.5556,0.0,3332 EDEM
3332,EDEM,666.6667,0.0,3332 EDEM
3332,EDEM,777.7778,0.0,3332 EDEM
3332,EDEM,888.8889,0.0,3332 EDEM
3332,EDEM,1000.0,0.0,3332 EDEM
3332,EDEM,1166.6667,0.0,3332 EDEM
3332,EDEM,1333.3333,0.0,3332 EDEM
3332,EDEM,1500.0,0.0,3332 EDEM
3332,EDEM,1666.6667,0.0,3332 EDEM
3332,EDEM,1833.3333,0.0,3332 EDEM
3332,EDEM,2000.0,0.0,3332 EDEM
3332,EDEM,2166.6667,0.0,3332 EDEM
3332,EDEM,2333.3333,0.0,3332 EDEM
3332,EDEM,2500.0,0.0,3332 EDEM
3332,EDEM,2777.7778,0.0,3332 EDEM
3332,EDEM,3055.5556,0.0,3332 EDEM
3332,EDEM,3333.3333,0.0,3332 EDEM
3332,EDEM,3611.1111,0.0,3332 EDEM
3332,EDEM,3888.8889,0.0,3332 EDEM
3332,EDEM,4166.6667,0.0,3332 EDEM
3332,EDEM,4444.4444,1e-08,3332 EDEM
3332,EDEM,4722.2222,4e-08,3332 EDEM
3332,EDEM,5000.0,1.5e-07,3332 EDEM
3332,EDEM,5277.7778,5.7e-07,3332 EDEM
3332,EDEM,5555.5556,2.25e-06,3332 EDEM
3332,EDEM,5833.3333,8.84e-06,3332 EDEM
3332,EDEM,6111.1111,3.467e-05,3332 EDEM
3332,EDEM,6388.8889,0.00013605,3332 EDEM
3332,EDEM,6666.6667,0.00053362,3332 EDEM
3332,EDEM,6944.4444,0.00209065,3332 EDEM
3332,EDEM,7222.2222,0.00815376,3332 EDEM
3332,EDEM,7500.0,0.03124993,3332 EDEM
3332,LTRK,,,3332 LTRK
3332,MO24,,,3332 MO24
3332,NC24,,,3332 NC24
3332,TOT_MORT,,,3332 TOT_MORT
3334,ALL_BUT_MORT,,,3334 ALL_BUT_MORT
3334,ANY120,,,3334 ANY120
3334,ANY24,,,3334 ANY24
3334,AXIS,,,3334 AXIS
3334,BRN_,,,3334 BRN_
3334,CRAN,,,3334 CRAN
3334,EDEM,,,3334 EDEM
3334,LTRK,,,3334 LTRK
3334,MO24,,,3334 MO24
3334,NC24,,,3334 NC24
3334,TOT_MORT,,,3334 TOT_MORT
669,ALL_BUT_MORT,,,669 ALL_BUT_MORT
669,ANY120,0.0,0.0624721,669 ANY120
669,ANY120,0.0889,0.0624721,669 ANY120
669,ANY120,0.1778,0.0624721,669 ANY120
669,ANY120,0.2667,0.0624721,669 ANY120
669,ANY120,0.3556,0.0624721,669 ANY120
669,ANY120,0.4444,0.0624721,669 ANY120
669,ANY120,0.5333,0.0624721,669 ANY120
669,ANY120,0.6222,0.0624721,669 ANY120
669,ANY120,0.7111,0.0624721,669 ANY120
669,ANY120,0.8,0.0624721,669 ANY120
669,ANY120,1.1556,0.0624721,669 ANY120
669,ANY120,1.5111,0.0624721,669 ANY120
669,ANY120,1.8667,0.0624721,669 ANY120
669,ANY120,2.2222,0.0624721,669 ANY120
669,ANY120,2.5778,0.0624721,669 ANY120
669,ANY120,2.9333,0.0624721,669 ANY120
669,ANY120,3.2889,0.0624721,669 ANY120
669,ANY120,3.6444,0.0624721,669 ANY120
669,ANY120,4.0,0.0624721,669 ANY120
669,ANY120,5.7778,0.0624721,669 ANY120
669,ANY120,7.5556,0.0624721,669 ANY120
669,ANY120,9.3333,0.06247225,669 ANY120
669,ANY120,11.1111,0.06247835,669 ANY120
669,ANY120,12.8889,0.06262123,669 ANY120
669,ANY120,14.6667,0.06482682,669 ANY120
669,ANY120,16.4444,0.08892852,669 ANY120
669,ANY120,18.2222,0.25623905,669 ANY120
669,ANY120,20.0,0.67729253,669 ANY120
669,ANY120,20.5556,0.78798608,669 ANY120
669,ANY120,21.1111,0.86702794,669 ANY120
669,ANY120,21.6667,0.91877265,669 ANY120
669,ANY120,22.2222,0.95093899,669 ANY120
669,ANY120,22.7778,0.97042405,669 ANY120
669,ANY120,23.3333,0.98210083,669 ANY120
669,ANY120,23.8889,0.98909336,669 ANY120
669,ANY120,24.4444,0.99329676,669 ANY120
669,ANY120,25.0,0.99584226,669 ANY120
669,ANY120,27.7778,0.99956086,669 ANY120
669,ANY120,30.5556,0.99994271,669 ANY120
669,ANY120,33.3333,0.99999108,669 ANY120
669,ANY120,36.1111,0.99999839,669 ANY120
669,ANY120,38.8889,0.99999967,669 ANY120
669,ANY120,41.6667,0.99999992,669 ANY120
669,ANY120,44.4444,0.99999998,669 ANY120
669,ANY120,47.2222,0.99999999,669 ANY120
669,ANY120,50.0,1.0,669 ANY120
669,ANY120,52.7778,1.0,669 ANY120
669,ANY120,55.5556,1.0,669 ANY120
669,ANY120,58.3333,1.0,669 ANY120
669,ANY120,61.1111,1.0,669 ANY120
669,ANY120,63.8889,1.0,669 ANY120
669,ANY120,66.6667,1.0,669 ANY120
669,ANY120,69.4444,1.0,669 ANY120
669,ANY120,72.2222,1.0,669 ANY120
669,ANY120,75.0,1.0,669 ANY120
669,ANY120,77.7778,1.0,669 ANY120
669,ANY120,80.5556,1.0,669 ANY120
669,ANY120,83.3333,1.0,669 ANY120
669,ANY120,86.1111,1.0,669 ANY120
669,ANY120,88.8889,1.0,669 ANY120
669,ANY120,91.6667,1.0,669 ANY120
669,ANY120,94.4444,1.0,669 ANY120
669,ANY120,97.2222,1.0,669 ANY120
669,ANY120,100.0,1.0,669 ANY120
669,ANY24,,,669 ANY24
669,AXIS,,,669 AXIS
669,BRN_,,,669 BRN_
669,CRAN,,,669 CRAN
669,EDEM,,,669 EDEM
669,LTRK,,,669 LTRK
669,MO24,,,669 MO24
669,NC24,0.0,1e-05,669 NC24
669,NC24,0.0889,3.548e-05,669 NC24
669,NC24,0.1778,7.284e-05,669 NC24
669,NC24,0.2667,0.00011655,669 NC24
669,NC24,0.3556,0.00016497,669 NC24
669,NC24,0.4444,0.00021716,669 NC24
669,NC24,0.5333,0.00027268,669 NC24
669,NC24,0.6222,0.00033108,669 NC24
669,NC24,0.7111,0.00039205,669 NC24
669,NC24,0.8,0.00045538,669 NC24
669,NC24,1.1556,0.00072883,669 NC24
669,NC24,1.5111,0.00102909,669 NC24
669,NC24,1.8667,0.00135156,669 NC24
669,NC24,2.2222,0.00169292,669 NC24
669,NC24,2.5778,0.00205113,669 NC24
669,NC24,2.9333,0.00242425,669 NC24
669,NC24,3.2889,0.00281115,669 NC24
669,NC24,3.6444,0.00321051,669 NC24
669,NC24,4.0,0.00362162,669 NC24
669,NC24,5.7778,0.00582753,669 NC24
669,NC24,7.5556,0.00824044,669 NC24
669,NC24,9.3333,0.01081962,669 NC24
669,NC24,11.1111,0.0135381,669 NC24
669,NC24,12.8889,0.01637583,669 NC24
669,NC24,14.6667,0.01931743,669 NC24
669,NC24,16.4444,0.02235038,669 NC24
669,NC24,18.2222,0.02546484,669 NC24
669,NC24,20.0,0.028652,669 NC24
669,NC24,20.5556,0.02966177,669 NC24
669,NC24,21.1111,0.03067752,669 NC24
669,NC24,21.6667,0.03169942,669 NC24
669,NC24,22.2222,0.03272692,669 NC24
669,NC24,22.7778,0.0337602,669 NC24
669,NC24,23.3333,0.03479871,669 NC24
669,NC24,23.8889,0.03584266,669 NC24
669,NC24,24.4444,0.0368915,669 NC24
669,NC24,25.0,0.03794547,669 NC24
669,NC24,27.7778,0.04328378,669 NC24
669,NC24,30.5556,0.04872457,669 NC24
669,NC24,33.3333,0.05425288,669 NC24
669,NC24,36.1111,0.05985628,669 NC24
669,NC24,38.8889,0.06552332,669 NC24
669,NC24,41.6667,0.07124406,669 NC24
669,NC24,44.4444,0.07700942,669 NC24
669,NC24,47.2222,0.08281188,669 NC24
669,NC24,50.0,0.08864408,669 NC24
669,NC24,52.7778,0.09449956,669 NC24
669,NC24,55.5556,0.10037246,669 NC24
669,NC24,58.3333,0.10625723,669 NC24
669,NC24,61.1111,0.11214945,669 NC24
669,NC24,63.8889,0.11804446,669 NC24
669,NC24,66.6667,0.12393821,669 NC24
669,NC24,69.4444,0.12982677,669 NC24
669,NC24,72.2222,0.13570714,669 NC24
669,NC24,75.0,0.14157601,669 NC24
669,NC24,77.7778,0.14743048,669 NC24
669,NC24,80.5556,0.15326794,669 NC24
669,NC24,83.3333,0.15908575,669 NC24
669,NC24,86.1111,0.16488212,669 NC24
669,NC24,88.8889,0.17065479,669 NC24
669,NC24,91.6667,0.1764019,669 NC24
669,NC24,94.4444,0.18212152,669 NC24
669,NC24,97.2222,0.18781251,669 NC24
669,NC24,100.0,0.19347321,669 NC24
669,TOT_MORT,0.0,0.02689227,669 TOT_MORT
669,TOT_MORT,0.0889,0.02719775,669 TOT_MORT
669,TOT_MORT,0.1778,0.02750313,669 TOT_MORT
669,TOT_MORT,0.2667,0.02780841,669 TOT_MORT
669,TOT_MORT,0.3556,0.0281136,669 TOT_MORT
669,TOT_MORT,0.4444,0.02841835,669 TOT_MORT
669,TOT_MORT,0.5333,0.02872335,669 TOT_MORT
669,TOT_MORT,0.6222,0.02902825,669 TOT_MORT
669,TOT_MORT,0.7111,0.02933306,669 TOT_MORT
669,TOT_MORT,0.8,0.02963777,669 TOT_MORT
669,TOT_MORT,1.1556,0.03085566,669 TOT_MORT
669,TOT_MORT,1.5111,0.03207168,669 TOT_MORT
669,TOT_MORT,1.8667,0.03328651,669 TOT_MORT
669,TOT_MORT,2.2222,0.03449948,669 TOT_MORT
669,TOT_MORT,2.5778,0.03571126,669 TOT_MORT
669,TOT_MORT,2.9333,0.03692119,669 TOT_MORT
669,TOT_MORT,3.2889,0.03812993,669 TOT_MORT
669,TOT_MORT,3.6444,0.03933682,669 TOT_MORT
669,TOT_MORT,4.0,0.04054254,669 TOT_MORT
669,TOT_MORT,5.7778,0.04654778,669 TOT_MORT
669,TOT_MORT,7.5556,0.05251543,669 TOT_MORT
669,TOT_MORT,9.3333,0.0584454,669 TOT_MORT
669,TOT_MORT,11.1111,0.06433858,669 TOT_MORT
669,TOT_MORT,12.8889,0.07019488,669 TOT_MORT
669,TOT_MORT,14.6667,0.07601453,669 TOT_MORT
669,TOT_MORT,16.4444,0.08179742,669 TOT_MORT
669,TOT_MORT,18.2222,0.08754445,669 TOT_MORT
669,TOT_MORT,20.0,0.0932555,669 TOT_MORT
669,TOT_MORT,20.5556,0.09503298,669 TOT_MORT
669,TOT_MORT,21.1111,0.09680666,669 TOT_MORT
669,TOT_MORT,21.6667,0.09857718,669 TOT_MORT
669,TOT_MORT,22.2222,0.10034392,669 TOT_MORT
669,TOT_MORT,22.7778,0.10210751,669 TOT_MORT
669,TOT_MORT,23.3333,0.10386732,669 TOT_MORT
669,TOT_MORT,23.8889,0.105624,669 TOT_MORT
669,TOT_MORT,24.4444,0.10737692,669 TOT_MORT
669,TOT_MORT,25.0,0.10912672,669 TOT_MORT
669,TOT_MORT,27.7778,0.11782379,669 TOT_MORT
669,TOT_MORT,30.5556,0.12643595,669 TOT_MORT
669,TOT_MORT,33.3333,0.13496373,669 TOT_MORT
669,TOT_MORT,36.1111,0.14340856,669 TOT_MORT
669,TOT_MORT,38.8889,0.15177095,669 TOT_MORT
669,TOT_MORT,41.6667,0.16005171,669 TOT_MORT
669,TOT_MORT,44.4444,0.16825133,669 TOT_MORT
669,TOT_MORT,47.2222,0.17637119,669 TOT_MORT
669,TOT_MORT,50.0,0.18441179,669 TOT_MORT
669,TOT_MORT,52.7778,0.19237389,669 TOT_MORT
669,TOT_MORT,55.5556,0.20025826,669 TOT_MORT
669,TOT_MORT,58.3333,0.20806538,669 TOT_MORT
669,TOT_MORT,61.1111,0.21579657,669 TOT_MORT
669,TOT_MORT,63.8889,0.22345228,669 TOT_MORT
669,TOT_MORT,66.6667,0.23103325,669 TOT_MORT
669,TOT_MORT,69.4444,0.23853994,669 TOT_MORT
669,TOT_MORT,72.2222,0.24597363,669 TOT_MORT
669,TOT_MORT,75.0,0.25333473,669 TOT_MORT
669,TOT_MORT,77.7778,0.26062398,669 TOT_MORT
669,TOT_MORT,80.5556,0.26784207,669 TOT_MORT
669,TOT_MORT,83.3333,0.27498943,669 TOT_MORT
669,TOT_MORT,86.1111,0.28206728,669 TOT_MORT
669,TOT_MORT,88.8889,0.28907603,669 TOT_MORT
669,TOT_MORT,91.6667,0.29601635,669 TOT_MORT
669,TOT_MORT,94.4444,0.30288868,669 TOT_MORT
669,TOT_MORT,97.2222,0.30969416,669 TOT_MORT
669,TOT_MORT,100.0,0.31643321,669 TOT_MORT
792,ALL_BUT_MORT,,,792 ALL_BUT_MORT
792,ANY120,,,792 ANY120
792,ANY24,,,792 ANY24
792,AXIS,,,792 AXIS
792,BRN_,,,792 BRN_
792,CRAN,,,792 CRAN
792,EDEM,,,792 EDEM
792,LTRK,,,792 LTRK
792,MO24,,,792 MO24
792,NC24,,,792 NC24
792,TOT_MORT,,,792 TOT_MORT
793,ALL_BUT_MORT,,,793 ALL_BUT_MORT
793,ANY120,,,793 ANY120
793,ANY24,,,793 ANY24
793,AXIS,0.0,0.0064387,793 AXIS
793,AXIS,0.0111,0.00666491,793 AXIS
793,AXIS,0.0222,0.006899,793 AXIS
793,AXIS,0.0333,0.00714125,793 AXIS
793,AXIS,0.0444,0.00739195,793 AXIS
793,AXIS,0.0556,0.00765376,793 AXIS
793,AXIS,0.0667,0.00792231,793 AXIS
793,AXIS,0.0778,0.0082002,793 AXIS
793,AXIS,0.0889,0.00848776,793 AXIS
793,AXIS,0.1,0.00878531,793 AXIS
793,AXIS,0.1444,0.01008244,793 AXIS
793,AXIS,0.1889,0.01157245,793 AXIS
793,AXIS,0.2333,0.01327559,793 AXIS
793,AXIS,0.2778,0.01523022,793 AXIS
793,AXIS,0.3222,0.01746217,793 AXIS
793,AXIS,0.3667,0.0200207,793 AXIS
793,AXIS,0.4111,0.02293833,793 AXIS
793,AXIS,0.4556,0.02627777,793 AXIS
793,AXIS,0.5,0.03007926,793 AXIS
793,AXIS,0.5556,0.03559574,793 AXIS
793,AXIS,0.6111,0.0420674,793 AXIS
793,AXIS,0.6667,0.04966988,793 AXIS
793,AXIS,0.7222,0.05854504,793 AXIS
793,AXIS,0.7778,0.06891116,793 AXIS
793,AXIS,0.8333,0.08093161,793 AXIS
793,AXIS,0.8889,0.09486216,793 AXIS
793,AXIS,0.9444,0.11087032,793 AXIS
793,AXIS,1.0,0.12922953,793 AXIS
793,AXIS,1.1111,0.17365897,793 AXIS
793,AXIS,1.2222,0.22934029,793 AXIS
793,AXIS,1.3333,0.2964697,793 AXIS
793,AXIS,1.4444,0.37371974,793 AXIS
793,AXIS,1.5556,0.45807254,793 AXIS
793,AXIS,1.6667,0.54482174,793 AXIS
793,AXIS,1.7778,0.62893336,793 AXIS
793,AXIS,1.8889,0.70589253,793 AXIS
793,AXIS,2.0,0.7726599,793 AXIS
793,AXIS,2.8889,0.98213171,793 AXIS
793,AXIS,3.7778,0.9988763,793 AXIS
793,AXIS,4.6667,0.99993044,793 AXIS
793,AXIS,5.5556,0.9999957,793 AXIS
793,AXIS,6.4444,0.99999973,793 AXIS
793,AXIS,7.3333,0.99999998,793 AXIS
793,AXIS,8.2222,1.0,793 AXIS
793,AXIS,9.1111,1.0,793 AXIS
793,AXIS,10.0,1.0,793 AXIS
793,BRN_,,,793 BRN_
793,CRAN,,,793 CRAN
793,EDEM,,,793 EDEM
793,LTRK,,,793 LTRK
793,MO24,,,793 MO24
793,NC24,0.0,1.685e-05,793 NC24
793,NC24,0.0111,1.777e-05,793 NC24
793,NC24,0.0222,1.873e-05,793 NC24
793,NC24,0.0333,1.975e-05,793 NC24
793,NC24,0.0444,2.082e-05,793 NC24
793,NC24,0.0556,2.195e-05,793 NC24
793,NC24,0.0667,2.314e-05,793 NC24
793,NC24,0.0778,2.44e-05,793 NC24
793,NC24,0.0889,2.572e-05,793 NC24
793,NC24,0.1,2.712e-05,793 NC24
793,NC24,0.1444,3.349e-05,793 NC24
793,NC24,0.1889,4.138e-05,793 NC24
793,NC24,0.2333,5.111e-05,793 NC24
793,NC24,0.2778,6.316e-05,793 NC24
793,NC24,0.3222,7.8e-05,793 NC24
793,NC24,0.3667,9.639e-05,793 NC24
793,NC24,0.4111,0.00011904,793 NC24
793,NC24,0.4556,0.00014709,793 NC24
793,NC24,0.5,0.00018167,793 NC24
793,NC24,0.5556,0.00023664,793 NC24
793,NC24,0.6111,0.00030809,793 NC24
793,NC24,0.6667,0.00040129,793 NC24
793,NC24,0.7222,0.00052244,793 NC24
793,NC24,0.7778,0.00068045,793 NC24
793,NC24,0.8333,0.00088578,793 NC24
793,NC24,0.8889,0.00115356,793 NC24
793,NC24,0.9444,0.00150146,793 NC24
793,NC24,1.0,0.00195499,793 NC24
793,NC24,1.1111,0.00331136,793 NC24
793,NC24,1.2222,0.00560351,793 NC24
793,NC24,1.3333,0.00946721,793 NC24
793,NC24,1.4444,0.01595226,793 NC24
793,NC24,1.5556,0.02677195,793 NC24
793,NC24,1.6667,0.04457731,793 NC24
793,NC24,1.7778,0.07333227,793 NC24
793,NC24,1.8889,0.11833844,793 NC24
793,NC24,2.0,0.18543877,793 NC24
793,NC24,2.8889,0.93975662,793 NC24
793,NC24,3.7778,0.99906533,793 NC24
793,NC24,4.6667,0.99998635,793 NC24
793,NC24,5.5556,0.9999998,793 NC24
793,NC24,6.4444,1.0,793 NC24
793,NC24,7.3333,1.0,793 NC24
793,NC24,8.2222,1.0,793 NC24
793,NC24,9.1111,1.0,793 NC24
793,NC24,10.0,1.0,793 NC24
793,TOT_MORT,0.0,0.12001316,793 TOT_MORT
793,TOT_MORT,0.0111,0.12111445,793 TOT_MORT
793,TOT_MORT,0.0222,0.12222445,793 TOT_MORT
793,TOT_MORT,0.0333,0.12334319,793 TOT_MORT
793,TOT_MORT,0.0444,0.12447072,793 TOT_MORT
793,TOT_MORT,0.0556,0.12561736,793 TOT_MORT
793,TOT_MORT,0.0667,0.12676267,793 TOT_MORT
793,TOT_MORT,0.0778,0.1279169,793 TOT_MORT
793,TOT_MORT,0.0889,0.12908009,793 TOT_MORT
793,TOT_MORT,0.1,0.13025227,793 TOT_MORT
793,TOT_MORT,0.1444,0.13503178,793 TOT_MORT
793,TOT_MORT,0.1889,0.13996971,793 TOT_MORT
793,TOT_MORT,0.2333,0.14504634,793 TOT_MORT
793,TOT_MORT,0.2778,0.15028686,793 TOT_MORT
793,TOT_MORT,0.3222,0.15566995,793 TOT_MORT
793,TOT_MORT,0.3667,0.16122192,793 TOT_MORT
793,TOT_MORT,0.4111,0.16691975,793 TOT_MORT
793,TOT_MORT,0.4556,0.17279083,793 TOT_MORT
793,TOT_MORT,0.5,0.17881036,793 TOT_MORT
793,TOT_MORT,0.5556,0.18657805,793 TOT_MORT
793,TOT_MORT,0.6111,0.19458855,793 TOT_MORT
793,TOT_MORT,0.6667,0.20287233,793 TOT_MORT
793,TOT_MORT,0.7222,0.21140059,793 TOT_MORT
793,TOT_MORT,0.7778,0.2202044,793 TOT_MORT
793,TOT_MORT,0.8333,0.22925172,793 TOT_MORT
793,TOT_MORT,0.8889,0.23857403,793 TOT_MORT
793,TOT_MORT,0.9444,0.24813592,793 TOT_MORT
793,TOT_MORT,1.0,0.25796912,793 TOT_MORT
793,TOT_MORT,1.1111,0.27836453,793 TOT_MORT
793,TOT_MORT,1.2222,0.29972111,793 TOT_MORT
793,TOT_MORT,1.3333,0.32198511,793 TOT_MORT
793,TOT_MORT,1.4444,0.34508796,793 TOT_MORT
793,TOT_MORT,1.5556,0.36896823,793 TOT_MORT
793,TOT_MORT,1.6667,0.39348576,793 TOT_MORT
793,TOT_MORT,1.7778,0.41855186,793 TOT_MORT
793,TOT_MORT,1.8889,0.44404569,793 TOT_MORT
793,TOT_MORT,2.0,0.46983759,793 TOT_MORT
793,TOT_MORT,2.8889,0.6706212,793 TOT_MORT
793,TOT_MORT,3.7778,0.82386969,793 TOT_MORT
793,TOT_MORT,4.6667,0.91486829,793 TOT_MORT
793,TOT_MORT,5.5556,0.9610734,793 TOT_MORT
793,TOT_MORT,6.4444,0.98267404,793 TOT_MORT
793,TOT_MORT,7.3333,0.99238404,793 TOT_MORT
793,TOT_MORT,8.2222,0.99667069,793 TOT_MORT
793,TOT_MORT,9.1111,0.99854813,793 TOT_MORT
793,TOT_MORT,10.0,0.99936753,793 TOT_MORT
794,ALL_BUT_MORT,,,794 ALL_BUT_MORT
794,ANY120,0.0,0.1618459,794 ANY120
794,ANY120,0.0111,0.16756471,794 ANY120
794,ANY120,0.0222,0.17344378,794 ANY120
794,ANY120,0.0333,0.17948464,794 ANY120
794,ANY120,0.0444,0.18568862,794 ANY120
794,ANY120,0.0556,0.19211499,794 ANY120
794,ANY120,0.0667,0.19864985,794 ANY120
794,ANY120,0.0778,0.20535051,794 ANY120
794,ANY120,0.0889,0.21221732,794 ANY120
794,ANY120,0.1,0.21925041,794 ANY120
794,ANY120,0.1444,0.24903712,794 ANY120
794,ANY120,0.1889,0.2814877,794 ANY120
794,ANY120,0.2333,0.31630426,794 ANY120
794,ANY120,0.2778,0.35339523,794 ANY120
794,ANY120,0.3222,0.39225042,794 ANY120
794,ANY120,0.3667,0.43261197,794 ANY120
794,ANY120,0.4111,0.47379489,794 ANY120
794,ANY120,0.4556,0.51543101,794 ANY120
794,ANY120,0.5,0.55676159,794 ANY120
794,ANY120,0.5556,0.60736774,794 ANY120
794,ANY120,0.6111,0.65568377,794 ANY120
794,ANY120,0.6667,0.70105982,794 ANY120
794,ANY120,0.7222,0.74273007,794 ANY120
794,ANY120,0.7778,0.78047532,794 ANY120
794,ANY120,0.8333,0.8140124,794 ANY120
794,ANY120,0.8889,0.84350308,794 ANY120
794,ANY120,0.9444,0.86902715,794 ANY120
794,ANY120,1.0,0.89096303,794 ANY120
794,ANY120,1.1111,0.92530462,794 ANY120
794,ANY120,1.2222,0.94944393,794 ANY120
794,ANY120,1.3333,0.96606821,794 ANY120
794,ANY120,1.4444,0.97735633,794 ANY120
794,ANY120,1.5556,0.98495328,794 ANY120
794,ANY120,1.6667,0.99002376,794 ANY120
794,ANY120,1.7778,0.99339704,794 ANY120
794,ANY120,1.8889,0.99563473,794 ANY120
794,ANY120,2.0,0.99711629,794 ANY120
794,ANY120,2.8889,0.9998964,794 ANY120
794,ANY120,3.7778,0.99999629,794 ANY120
794,ANY120,4.6667,0.99999987,794 ANY120
794,ANY120,5.5556,1.0,794 ANY120
794,ANY120,6.4444,1.0,794 ANY120
794,ANY120,7.3333,1.0,794 ANY120
794,ANY120,8.2222,1.0,794 ANY120
794,ANY120,9.1111,1.0,794 ANY120
794,ANY120,10.0,1.0,794 ANY120
794,ANY24,,,794 ANY24
794,AXIS,,,794 AXIS
794,BRN_,,,794 BRN_
794,CRAN,,,794 CRAN
794,EDEM,0.0,1e-05,794 EDEM
794,EDEM,0.0111,6.221e-05,794 EDEM
794,EDEM,0.0222,0.00011441,794 EDEM
794,EDEM,0.0333,0.00016661,794 EDEM
794,EDEM,0.0444,0.00021881,794 EDEM
794,EDEM,0.0556,0.00027148,794 EDEM
794,EDEM,0.0667,0.00032367,794 EDEM
794,EDEM,0.0778,0.00037586,794 EDEM
794,EDEM,0.0889,0.00042805,794 EDEM
794,EDEM,0.1,0.00048024,794 EDEM
794,EDEM,0.1444,0.00068895,794 EDEM
794,EDEM,0.1889,0.00089809,794 EDEM
794,EDEM,0.2333,0.00110672,794 EDEM
794,EDEM,0.2778,0.00131578,794 EDEM
794,EDEM,0.3222,0.00152432,794 EDEM
794,EDEM,0.3667,0.00173328,794 EDEM
794,EDEM,0.4111,0.00194174,794 EDEM
794,EDEM,0.4556,0.00215062,794 EDEM
794,EDEM,0.5,0.00235898,794 EDEM
794,EDEM,0.5556,0.00261985,794 EDEM
794,EDEM,0.6111,0.00288018,794 EDEM
794,EDEM,0.6667,0.0031409,794 EDEM
794,EDEM,0.7222,0.0034011,794 EDEM
794,EDEM,0.7778,0.00366169,794 EDEM
794,EDEM,0.8333,0.00392175,794 EDEM
794,EDEM,0.8889,0.0041822,794 EDEM
794,EDEM,0.9444,0.00444212,794 EDEM
794,EDEM,1.0,0.00470245,794 EDEM
794,EDEM,1.1111,0.00522241,794 EDEM
794,EDEM,1.2222,0.00574211,794 EDEM
794,EDEM,1.3333,0.00626154,794 EDEM
794,EDEM,1.4444,0.00678069,794 EDEM
794,EDEM,1.5556,0.00730005,794 EDEM
794,EDEM,1.6667,0.00781866,794 EDEM
794,EDEM,1.7778,0.008337,794 EDEM
794,EDEM,1.8889,0.00885507,794 EDEM
794,EDEM,2.0,0.00937287,794 EDEM
794,EDEM,2.8889,0.01350601,794 EDEM
794,EDEM,3.7778,0.01762191,794 EDEM
794,EDEM,4.6667,0.02172063,794 EDEM
794,EDEM,5.5556,0.02580225,794 EDEM
794,EDEM,6.4444,0.02986639,794 EDEM
794,EDEM,7.3333,0.03391402,794 EDEM
794,EDEM,8.2222,0.03794477,794 EDEM
794,EDEM,9.1111,0.0419587,794 EDEM
794,EDEM,10.0,0.04595588,794 EDEM
794,LTRK,,,794 LTRK
794,MO24,,,794 MO24
794,NC24,,,794 NC24
794,TOT_MORT,0.0,0.1911272,794 TOT_MORT
794,TOT_MORT,0.0111,0.19121962,794 TOT_MORT
794,TOT_MORT,0.0222,0.19144584,794 TOT_MORT
794,TOT_MORT,0.0333,0.19178432,794 TOT_MORT
794,TOT_MORT,0.0444,0.1922251,794 TOT_MORT
794,TOT_MORT,0.0556,0.1927669,794 TOT_MORT
794,TOT_MORT,0.0667,0.19339509,794 TOT_MORT
794,TOT_MORT,0.0778,0.19411016,794 TOT_MORT
794,TOT_MORT,0.0889,0.19490878,794 TOT_MORT
794,TOT_MORT,0.1,0.19578808,794 TOT_MORT
794,TOT_MORT,0.1444,0.2000636,794 TOT_MORT
794,TOT_MORT,0.1889,0.20546882,794 TOT_MORT
794,TOT_MORT,0.2333,0.21186891,794 TOT_MORT
794,TOT_MORT,0.2778,0.21919509,794 TOT_MORT
794,TOT_MORT,0.3222,0.22732481,794 TOT_MORT
794,TOT_MORT,0.3667,0.23621012,794 TOT_MORT
794,TOT_MORT,0.4111,0.24573096,794 TOT_MORT
794,TOT_MORT,0.4556,0.2558536,794 TOT_MORT
794,TOT_MORT,0.5,0.26645978,794 TOT_MORT
794,TOT_MORT,0.5556,0.28034926,794 TOT_MORT
794,TOT_MORT,0.6111,0.29476985,794 TOT_MORT
794,TOT_MORT,0.6667,0.30965555,794 TOT_MORT
794,TOT_MORT,0.7222,0.32484453,794 TOT_MORT
794,TOT_MORT,0.7778,0.34029252,794 TOT_MORT
794,TOT_MORT,0.8333,0.3558546,794 TOT_MORT
794,TOT_MORT,0.8889,0.37150654,794 TOT_MORT
794,TOT_MORT,0.9444,0.38712085,794 TOT_MORT
794,TOT_MORT,1.0,0.40269095,794 TOT_MORT
794,TOT_MORT,1.1111,0.43337493,794 TOT_MORT
794,TOT_MORT,1.2222,0.46320762,794 TOT_MORT
794,TOT_MORT,1.3333,0.49194009,794 TOT_MORT
794,TOT_MORT,1.4444,0.51940722,794 TOT_MORT
794,TOT_MORT,1.5556,0.54553359,794 TOT_MORT
794,TOT_MORT,1.6667,0.57022577,794 TOT_MORT
794,TOT_MORT,1.7778,0.59350059,794 TOT_MORT
794,TOT_MORT,1.8889,0.61537938,794 TOT_MORT
794,TOT_MORT,2.0,0.63590366,794 TOT_MORT
794,TOT_MORT,2.8889,0.75897793,794 TOT_MORT
794,TOT_MORT,3.7778,0.83163568,794 TOT_MORT
794,TOT_MORT,4.6667,0.8764834,794 TOT_MORT
794,TOT_MORT,5.5556,0.90568179,794 TOT_MORT
794,TOT_MORT,6.4444,0.9256244,794 TOT_MORT
794,TOT_MORT,7.3333,0.93981246,794 TOT_MORT
794,TOT_MORT,8.2222,0.95025266,794 TOT_MORT
794,TOT_MORT,9.1111,0.95815569,794 TOT_MORT
794,TOT_MORT,10.0,0.96428264,794 TOT_MORT
795,ALL_BUT_MORT,,,795 ALL_BUT_MORT
795,ANY120,0.0,0.12909848,795 ANY120
795,ANY120,0.0111,0.12909848,795 ANY120
795,ANY120,0.0222,0.12909852,795 ANY120
795,ANY120,0.0333,0.12909872,795 ANY120
795,ANY120,0.0444,0.12909932,795 ANY120
795,ANY120,0.0556,0.12910068,795 ANY120
795,ANY120,0.0667,0.12910327,795 ANY120
795,ANY120,0.0778,0.12910768,795 ANY120
795,ANY120,0.0889,0.12911465,795 ANY120
795,ANY120,0.1,0.12912501,795 ANY120
795,ANY120,0.1444,0.12922074,795 ANY120
795,ANY120,0.1889,0.12946393,795 ANY120
795,ANY120,0.2333,0.12994781,795 ANY120
795,ANY120,0.2778,0.13078048,795 ANY120
795,ANY120,0.3222,0.13206814,795 ANY120
795,ANY120,0.3667,0.13392526,795 ANY120
795,ANY120,0.4111,0.13644548,795 ANY120
795,ANY120,0.4556,0.13973243,795 ANY120
795,ANY120,0.5,0.14385078,795 ANY120
795,ANY120,0.5556,0.15028762,795 ANY120
795,ANY120,0.6111,0.15821793,795 ANY120
795,ANY120,0.6667,0.16772695,795 ANY120
795,ANY120,0.7222,0.17880083,795 ANY120
795,ANY120,0.7778,0.19146617,795 ANY120
795,ANY120,0.8333,0.205634,795 ANY120
795,ANY120,0.8889,0.22128564,795 ANY120
795,ANY120,0.9444,0.2382733,795 ANY120
795,ANY120,1.0,0.25654884,795 ANY120
795,ANY120,1.1111,0.29633583,795 ANY120
795,ANY120,1.2222,0.33957036,795 ANY120
795,ANY120,1.3333,0.3851274,795 ANY120
795,ANY120,1.4444,0.43191607,795 ANY120
795,ANY120,1.5556,0.47898001,795 ANY120
795,ANY120,1.6667,0.52536399,795 ANY120
795,ANY120,1.7778,0.57038714,795 ANY120
795,ANY120,1.8889,0.61347711,795 ANY120
795,ANY120,2.0,0.65420665,795 ANY120
795,ANY120,2.8889,0.87986146,795 ANY120
795,ANY120,3.7778,0.96629593,795 ANY120
795,ANY120,4.6667,0.99178199,795 ANY120
795,ANY120,5.5556,0.99818339,795 ANY120
795,ANY120,6.4444,0.9996263,795 ANY120
795,ANY120,7.3333,0.99992726,795 ANY120
795,ANY120,8.2222,0.99998645,795 ANY120
795,ANY120,9.1111,0.99999756,795 ANY120
795,ANY120,10.0,0.99999957,795 ANY120
795,ANY24,,,795 ANY24
795,AXIS,,,795 AXIS
795,BRN_,,,795 BRN_
795,CRAN,,,795 CRAN
795,EDEM,,,795 EDEM
795,LTRK,,,795 LTRK
795,MO24,,,795 MO24
795,NC24,,,795 NC24
795,TOT_MORT,0.0,0.05017648,795 TOT_MORT
795,TOT_MORT,0.0111,0.0511123,795 TOT_MORT
795,TOT_MORT,0.0222,0.05206462,795 TOT_MORT
795,TOT_MORT,0.0333,0.05303369,795 TOT_MORT
795,TOT_MORT,0.0444,0.05401977,795 TOT_MORT
795,TOT_MORT,0.0556,0.05503224,795 TOT_MORT
795,TOT_MORT,0.0667,0.05605328,795 TOT_MORT
795,TOT_MORT,0.0778,0.05709212,795 TOT_MORT
795,TOT_MORT,0.0889,0.05814903,795 TOT_MORT
795,TOT_MORT,0.1,0.05922427,795 TOT_MORT
795,TOT_MORT,0.1444,0.0637141,795 TOT_MORT
795,TOT_MORT,0.1889,0.06853071,795 TOT_MORT
795,TOT_MORT,0.2333,0.07367081,795 TOT_MORT
795,TOT_MORT,0.2778,0.07917646,795 TOT_MORT
795,TOT_MORT,0.3222,0.08504215,795 TOT_MORT
795,TOT_MORT,0.3667,0.09131385,795 TOT_MORT
795,TOT_MORT,0.4111,0.09798303,795 TOT_MORT
795,TOT_MORT,0.4556,0.10509947,795 TOT_MORT
795,TOT_MORT,0.5,0.11265068,795 TOT_MORT
795,TOT_MORT,0.5556,0.12277083,795 TOT_MORT
795,TOT_MORT,0.6111,0.13364289,795 TOT_MORT
795,TOT_MORT,0.6667,0.14534003,795 TOT_MORT
795,TOT_MORT,0.7222,0.15785108,795 TOT_MORT
795,TOT_MORT,0.7778,0.17124823,795 TOT_MORT
795,TOT_MORT,0.8333,0.18550542,795 TOT_MORT
795,TOT_MORT,0.8889,0.20069032,795 TOT_MORT
795,TOT_MORT,0.9444,0.2167576,795 TOT_MORT
795,TOT_MORT,1.0,0.23376649,795 TOT_MORT
795,TOT_MORT,1.1111,0.27044951,795 TOT_MORT
795,TOT_MORT,1.2222,0.31055583,795 TOT_MORT
795,TOT_MORT,1.3333,0.35372602,795 TOT_MORT
795,TOT_MORT,1.4444,0.39942063,795 TOT_MORT
795,TOT_MORT,1.5556,0.44697927,795 TOT_MORT
795,TOT_MORT,1.6667,0.49548459,795 TOT_MORT
795,TOT_MORT,1.7778,0.54407506,795 TOT_MORT
795,TOT_MORT,1.8889,0.59184074,795 TOT_MORT
795,TOT_MORT,2.0,0.63793238,795 TOT_MORT
795,TOT_MORT,2.8889,0.89332329,795 TOT_MORT
795,TOT_MORT,3.7778,0.97549075,795 TOT_MORT
795,TOT_MORT,4.6667,0.99474149,795 TOT_MORT
795,TOT_MORT,5.5556,0.998889,795 TOT_MORT
795,TOT_MORT,6.4444,0.999766,795 TOT_MORT
795,TOT_MORT,7.3333,0.99995076,795 TOT_MORT
795,TOT_MORT,8.2222,0.99998964,795 TOT_MORT
795,TOT_MORT,9.1111,0.99999782,795 TOT_MORT
795,TOT_MORT,10.0,0.99999954,795 TOT_MORT
796,ALL_BUT_MORT,,,796 ALL_BUT_MORT
796,ANY120,0.0,0.09374035,796 ANY120
796,ANY120,0.0111,0.09374035,796 ANY120
796,ANY120,0.0222,0.09374035,796 ANY120
796,ANY120,0.0333,0.09374035,796 ANY120
796,ANY120,0.0444,0.09374035,796 ANY120
796,ANY120,0.0556,0.09374035,796 ANY120
796,ANY120,0.0667,0.09374035,796 ANY120
796,ANY120,0.0778,0.09374035,796 ANY120
796,ANY120,0.0889,0.09374035,796 ANY120
796,ANY120,0.1,0.09374035,796 ANY120
796,ANY120,0.1444,0.09374035,796 ANY120
796,ANY120,0.1889,0.09374035,796 ANY120
796,ANY120,0.2333,0.09374036,796 ANY120
796,ANY120,0.2778,0.09374037,796 ANY120
796,ANY120,0.3222,0.09374046,796 ANY120
796,ANY120,0.3667,0.09374108,796 ANY120
796,ANY120,0.4111,0.09374434,796 ANY120
796,ANY120,0.4556,0.0937589,796 ANY120
796,ANY120,0.5,0.0938149,796 ANY120
796,ANY120,0.5556,0.09410121,796 ANY120
796,ANY120,0.6111,0.09523799,796 ANY120
796,ANY120,0.6667,0.09922649,796 ANY120
796,ANY120,0.7222,0.11163719,796 ANY120
796,ANY120,0.7778,0.14592785,796 ANY120
796,ANY120,0.8333,0.226314,796 ANY120
796,ANY120,0.8889,0.3751479,796 ANY120
796,ANY120,0.9444,0.57140019,796 ANY120
796,ANY120,1.0,0.74983786,796 ANY120
796,ANY120,1.1111,0.93376984,796 ANY120
796,ANY120,1.2222,0.98314774,796 ANY120
796,ANY120,1.3333,0.99535181,796 ANY120
796,ANY120,1.4444,0.9985913,796 ANY120
796,ANY120,1.5556,0.99953507,796 ANY120
796,ANY120,1.6667,0.9998343,796 ANY120
796,ANY120,1.7778,0.99993689,796 ANY120
796,ANY120,1.8889,0.99997452,796 ANY120
796,ANY120,2.0,0.99998916,796 ANY120
796,ANY120,2.8889,0.99999996,796 ANY120
796,ANY120,3.7778,1.0,796 ANY120
796,ANY120,4.6667,1.0,796 ANY120
796,ANY120,5.5556,1.0,796 ANY120
796,ANY120,6.4444,1.0,796 ANY120
796,ANY120,7.3333,1.0,796 ANY120
796,ANY120,8.2222,1.0,796 ANY120
796,ANY120,9.1111,1.0,796 ANY120
796,ANY120,10.0,1.0,796 ANY120
796,ANY24,,,796 ANY24
796,AXIS,,,796 AXIS
796,BRN_,,,796 BRN_
796,CRAN,,,796 CRAN
796,EDEM,,,796 EDEM
796,LTRK,,,796 LTRK
796,MO24,,,796 MO24
796,NC24,0.0,1e-05,796 NC24
796,NC24,0.0111,0.00059381,796 NC24
796,NC24,0.0222,0.00117728,796 NC24
796,NC24,0.0333,0.00176041,796 NC24
796,NC24,0.0444,0.0023432,796 NC24
796,NC24,0.0556,0.00293089,796 NC24
796,NC24,0.0667,0.003513,796 NC24
796,NC24,0.0778,0.00409477,796 NC24
796,NC24,0.0889,0.00467619,796 NC24
796,NC24,0.1,0.00525728,796 NC24
796,NC24,0.1444,0.00757824,796 NC24
796,NC24,0.1889,0.00989899,796 NC24
796,NC24,0.2333,0.01220911,796 NC24
796,NC24,0.2778,0.01451904,796 NC24
796,NC24,0.3222,0.01681838,796 NC24
796,NC24,0.3667,0.01911753,796 NC24
796,NC24,0.4111,0.02140614,796 NC24
796,NC24,0.4556,0.02369456,796 NC24
796,NC24,0.5,0.0259725,796 NC24
796,NC24,0.5556,0.02881756,796 NC24
796,NC24,0.6111,0.03164921,796 NC24
796,NC24,0.6667,0.03447769,796 NC24
796,NC24,0.7222,0.03729284,796 NC24
796,NC24,0.7778,0.04010484,796 NC24
796,NC24,0.8333,0.04290358,796 NC24
796,NC24,0.8889,0.04569919,796 NC24
796,NC24,0.9444,0.04848162,796 NC24
796,NC24,1.0,0.05126094,796 NC24
796,NC24,1.1111,0.05679027,796 NC24
796,NC24,1.2222,0.06228737,796 NC24
796,NC24,1.3333,0.06775244,796 NC24
796,NC24,1.4444,0.07318566,796 NC24
796,NC24,1.5556,0.07859206,796 NC24
796,NC24,1.6667,0.08396211,796 NC24
796,NC24,1.7778,0.08930085,796 NC24
796,NC24,1.8889,0.09460849,796 NC24
796,NC24,2.0,0.09988519,796 NC24
796,NC24,2.8889,0.14101111,796 NC24
796,NC24,3.7778,0.18025801,796 NC24
796,NC24,4.6667,0.21771173,796 NC24
796,NC24,5.5556,0.2534542,796 NC24
796,NC24,6.4444,0.28755987,796 NC24
796,NC24,7.3333,0.32011101,796 NC24
796,NC24,8.2222,0.35117489,796 NC24
796,NC24,9.1111,0.38081948,796 NC24
796,NC24,10.0,0.40910962,796 NC24
796,TOT_MORT,0.0,0.04740123,796 TOT_MORT
796,TOT_MORT,0.0111,0.04746037,796 TOT_MORT
796,TOT_MORT,0.0222,0.04758237,796 TOT_MORT
796,TOT_MORT,0.0333,0.04774988,796 TOT_MORT
796,TOT_MORT,0.0444,0.04795601,796 TOT_MORT
796,TOT_MORT,0.0556,0.04819894,796 TOT_MORT
796,TOT_MORT,0.0667,0.0484714,796 TOT_MORT
796,TOT_MORT,0.0778,0.04877323,796 TOT_MORT
796,TOT_MORT,0.0889,0.04910271,796 TOT_MORT
796,TOT_MORT,0.1,0.0494584,796 TOT_MORT
796,TOT_MORT,0.1444,0.0511217,796 TOT_MORT
796,TOT_MORT,0.1889,0.05313651,796 TOT_MORT
796,TOT_MORT,0.2333,0.05545675,796 TOT_MORT
796,TOT_MORT,0.2778,0.05806576,796 TOT_MORT
796,TOT_MORT,0.3222,0.06093066,796 TOT_MORT
796,TOT_MORT,0.3667,0.06404689,796 TOT_MORT
796,TOT_MORT,0.4111,0.06738569,796 TOT_MORT
796,TOT_MORT,0.4556,0.0709492,796 TOT_MORT
796,TOT_MORT,0.5,0.07471,796 TOT_MORT
796,TOT_MORT,0.5556,0.079693,796 TOT_MORT
796,TOT_MORT,0.6111,0.08495355,796 TOT_MORT
796,TOT_MORT,0.6667,0.09049408,796 TOT_MORT
796,TOT_MORT,0.7222,0.09627956,796 TOT_MORT
796,TOT_MORT,0.7778,0.1023168,796 TOT_MORT
796,TOT_MORT,0.8333,0.10857101,796 TOT_MORT
796,TOT_MORT,0.8889,0.11505236,796 TOT_MORT
796,TOT_MORT,0.9444,0.12172589,796 TOT_MORT
796,TOT_MORT,1.0,0.12860456,796 TOT_MORT
796,TOT_MORT,1.1111,0.14288654,796 TOT_MORT
796,TOT_MORT,1.2222,0.15781874,796 TOT_MORT
796,TOT_MORT,1.3333,0.17332745,796 TOT_MORT
796,TOT_MORT,1.4444,0.18934393,796 TOT_MORT
796,TOT_MORT,1.5556,0.20581872,796 TOT_MORT
796,TOT_MORT,1.6667,0.22266148,796 TOT_MORT
796,TOT_MORT,1.7778,0.23982964,796 TOT_MORT
796,TOT_MORT,1.8889,0.25726918,796 TOT_MORT
796,TOT_MORT,2.0,0.27492904,796 TOT_MORT
796,TOT_MORT,2.8889,0.41890171,796 TOT_MORT
796,TOT_MORT,3.7778,0.55552812,796 TOT_MORT
796,TOT_MORT,4.6667,0.67402294,796 TOT_MORT
796,TOT_MORT,5.5556,0.77000501,796 TOT_MORT
796,TOT_MORT,6.4444,0.84348467,796 TOT_MORT
796,TOT_MORT,7.3333,0.89707003,796 TOT_MORT
796,TOT_MORT,8.2222,0.93447397,796 TOT_MORT
796,TOT_MORT,9.1111,0.95956263,796 TOT_MORT
796,TOT_MORT,10.0,0.97578005,796 TOT_MORT
