Chemical_ID,End_Point,Dose,bmdrc.Endpoint.ID,num.affected,num.nonna,CI_Lo,CI_Hi,Response
101,ALL_BUT_MORT,0.0,101 ALL_BUT_MORT,1.0,32,0.00553786,0.15744264,0.03125
101,ALL_BUT_MORT,0.0001,101 ALL_BUT_MORT,3.0,32,0.03240155,0.24218155,0.09375
101,ALL_BUT_MORT,0.001,101 ALL_BUT_MORT,0.0,32,0.0,0.1071792,0.0
101,ALL_BUT_MORT,0.0025,101 ALL_BUT_MORT,0.0,32,0.0,0.1071792,0.0
101,ALL_BUT_MORT,0.005,101 ALL_BUT_MORT,0.0,32,0.0,0.1071792,0.0
101,ALL_BUT_MORT,0.01,101 ALL_BUT_MORT,1.0,32,0.00553786,0.15744264,0.03125
101,ANY120,0.0,101 ANY120,3.0,32,0.03240155,0.24218155,0.09375
101,ANY120,0.0001,101 ANY120,3.0,32,0.03240155,0.24218155,0.09375
101,ANY120,0.001,101 ANY120,1.0,32,0.00553786,0.15744264,0.03125
101,ANY120,0.0025,101 ANY120,2.0,32,0.01731057,0.20147123,0.0625
101,ANY120,0.005,101 ANY120,2.0,32,0.01731057,0.20147123,0.0625
101,ANY120,0.01,101 ANY120,4.0,32,0.04970134,0.28068305,0.125
101,ANY24,0.0,101 ANY24,1.0,32,0.00553786,0.15744264,0.03125
101,ANY24,0.0001,101 ANY24,2.0,32,0.01731057,0.20147123,0.0625
101,ANY24,0.001,101 ANY24,1.0,32,0.00553786,0.15744264,0.03125
101,ANY24,0.0025,101 ANY24,1.0,32,0.00553786,0.15744264,0.03125
101,ANY24,0.005,101 ANY24,2.0,32,0.01731057,0.20147123,0.0625
101,ANY24,0.01,101 ANY24,4.0,32,0.04970134,0.28068305,0.125
101,AXIS,0.0,101 AXIS,0.0,30,0.0,0.11351339,0.0
101,AXIS,0.0001,101 AXIS,2.0,31,0.01787478,0.20718637,0.06451613
101,AXIS,0.001,101 AXIS,0.0,31,0.0,0.1102554,0.0
101,AXIS,0.0025,101 AXIS,0.0,30,0.0,0.11351339,0.0
101,AXIS,0.005,101 AXIS,0.0,30,0.0,0.11351339,0.0
101,AXIS,0.01,101 AXIS,0.0,29,0.0,0.1169698,0.0
101,BRN_,0.0,101 BRN_,1.0,32,0.00553786,0.15744264,0.03125
101,BRN_,0.0001,101 BRN_,2.0,32,0.01731057,0.20147123,0.0625
101,BRN_,0.001,101 BRN_,0.0,32,0.0,0.1071792,0.0
101,BRN_,0.0025,101 BRN_,0.0,32,0.0,0.1071792,0.0
101,BRN_,0.005,101 BRN_,0.0,32,0.0,0.1071792,0.0
101,BRN_,0.01,101 BRN_,1.0,32,0.00553786,0.15744264,0.03125
101,CRAN,0.0,101 CRAN,1.0,32,0.00553786,0.15744264,0.03125
101,CRAN,0.0001,101 CRAN,2.0,32,0.01731057,0.20147123,0.0625
101,CRAN,0.001,101 CRAN,0.0,32,0.0,0.1071792,0.0
101,CRAN,0.0025,101 CRAN,0.0,32,0.0,0.1071792,0.0
101,CRAN,0.005,101 CRAN,0.0,32,0.0,0.1071792,0.0
101,CRAN,0.01,101 CRAN,0.0,32,0.0,0.1071792,0.0
101,EDEM,0.0,101 EDEM,1.0,32,0.00553786,0.15744264,0.03125
101,EDEM,0.0001,101 EDEM,2.0,32,0.01731057,0.20147123,0.0625
101,EDEM,0.001,101 EDEM,0.0,32,0.0,0.1071792,0.0
101,EDEM,0.0025,101 EDEM,0.0,32,0.0,0.1071792,0.0
101,EDEM,0.005,101 EDEM,0.0,32,0.0,0.1071792,0.0
101,EDEM,0.01,101 EDEM,1.0,32,0.00553786,0.15744264,0.03125
101,LTRK,0.0,101 LTRK,0.0,32,0.0,0.1071792,0.0
101,LTRK,0.0001,101 LTRK,1.0,32,0.00553786,0.15744264,0.03125
101,LTRK,0.001,101 LTRK,0.0,32,0.0,0.1071792,0.0
101,LTRK,0.0025,101 LTRK,0.0,32,0.0,0.1071792,0.0
101,LTRK,0.005,101 LTRK,0.0,32,0.0,0.1071792,0.0
101,LTRK,0.01,101 LTRK,1.0,32,0.00553786,0.15744264,0.03125
101,MO24,0.0,101 MO24,1.0,32,0.00553786,0.15744264,0.03125
101,MO24,0.0001,101 MO24,0.0,32,0.0,0.1071792,0.0
101,MO24,0.001,101 MO24,1.0,32,0.00553786,0.15744264,0.03125
101,MO24,0.0025,101 MO24,1.0,32,0.00553786,0.15744264,0.03125
101,MO24,0.005,101 MO24,2.0,32,0.01731057,0.20147123,0.0625
101,MO24,0.01,101 MO24,3.0,32,0.03240155,0.24218155,0.09375
101,NC24,0.0,101 NC24,0.0,30,0.0,0.11351339,0.0
101,NC24,0.0001,101 NC24,0.0,31,0.0,0.1102554,0.0
101,NC24,0.001,101 NC24,0.0,31,0.0,0.1102554,0.0
101,NC24,0.0025,101 NC24,0.0,30,0.0,0.11351339,0.0
101,NC24,0.005,101 NC24,0.0,30,0.0,0.11351339,0.0
101,NC24,0.01,101 NC24,0.0,29,0.0,0.1169698,0.0
101,TOT_MORT,0.0,101 TOT_MORT,2.0,32,0.01731057,0.20147123,0.0625
101,TOT_MORT,0.0001,101 TOT_MORT,1.0,32,0.00553786,0.15744264,0.03125
101,TOT_MORT,0.001,101 TOT_MORT,1.0,32,0.00553786,0.15744264,0.03125
101,TOT_MORT,0.0025,101 TOT_MORT,2.0,32,0.01731057,0.20147123,0.0625
101,TOT_MORT,0.005,101 TOT_MORT,2.0,32,0.01731057,0.20147123,0.0625
101,TOT_MORT,0.01,101 TOT_MORT,3.0,32,0.03240155,0.24218155,0.09375
102,ALL_BUT_MORT,0.0,102 ALL_BUT_MORT,1.0,32,0.00553786,0.15744264,0.03125
102,ALL_BUT_MORT,0.0001,102 ALL_BUT_MORT,3.0,32,0.03240155,0.24218155,0.09375
102,ALL_BUT_MORT,0.001,102 ALL_BUT_MORT,19.0,32,0.42260025,0.74480365,0.59375
102,ALL_BUT_MORT,0.0025,102 ALL_BUT_MORT,8.0,32,0.13252401,0.42106559,0.25
102,ALL_BUT_MORT,0.005,102 ALL_BUT_MORT,9.0,32,0.1556458,0.45374509,0.28125
102,ALL_BUT_MORT,0.01,102 ALL_BUT_MORT,24.0,32,0.57893441,0.86747599,0.75
102,ANY120,0.0,102 ANY120,3.0,32,0.03240155,0.24218155,0.09375
102,ANY120,0.0001,102 ANY120,4.0,32,0.04970134,0.28068305,0.125
102,ANY120,0.001,102 ANY120,32.0,32,0.8928208,1.0,1.0
102,ANY120,0.0025,102 ANY120,32.0,32,0.8928208,1.0,1.0
102,ANY120,0.005,102 ANY120,32.0,32,0.8928208,1.0,1.0
102,ANY120,0.01,102 ANY120,32.0,32,0.8928208,1.0,1.0
102,ANY24,0.0,102 ANY24,3.0,32,0.03240155,0.24218155,0.09375
102,ANY24,0.0001,102 ANY24,1.0,32,0.00553786,0.15744264,0.03125
102,ANY24,0.001,102 ANY24,5.0,32,0.0686442,0.3175415,0.15625
102,ANY24,0.0025,102 ANY24,12.0,32,0.22933887,0.54745593,0.375
102,ANY24,0.005,102 ANY24,13.0,32,0.25519635,0.57739975,0.40625
102,ANY24,0.01,102 ANY24,30.0,32,0.79852877,0.98268943,0.9375
102,AXIS,0.0,102 AXIS,0.0,30,0.0,0.11351339,0.0
102,AXIS,0.0001,102 AXIS,0.0,31,0.0,0.1102554,0.0
102,AXIS,0.001,102 AXIS,14.0,17,0.58970541,0.93808873,0.82352941
102,AXIS,0.0025,102 AXIS,0.0,0,,,
102,AXIS,0.005,102 AXIS,0.0,0,,,
102,AXIS,0.01,102 AXIS,0.0,0,,,
102,BRN_,0.0,102 BRN_,0.0,32,0.0,0.1071792,0.0
102,BRN_,0.0001,102 BRN_,0.0,32,0.0,0.1071792,0.0
102,BRN_,0.001,102 BRN_,17.0,32,0.36449517,0.69130613,0.53125
102,BRN_,0.0025,102 BRN_,0.0,32,0.0,0.1071792,0.0
102,BRN_,0.005,102 BRN_,0.0,32,0.0,0.1071792,0.0
102,BRN_,0.01,102 BRN_,0.0,32,0.0,0.1071792,0.0
102,CRAN,0.0,102 CRAN,0.0,32,0.0,0.1071792,0.0
102,CRAN,0.0001,102 CRAN,0.0,32,0.0,0.1071792,0.0
102,CRAN,0.001,102 CRAN,17.0,32,0.36449517,0.69130613,0.53125
102,CRAN,0.0025,102 CRAN,0.0,32,0.0,0.1071792,0.0
102,CRAN,0.005,102 CRAN,0.0,32,0.0,0.1071792,0.0
102,CRAN,0.01,102 CRAN,0.0,32,0.0,0.1071792,0.0
102,EDEM,0.0,102 EDEM,1.0,32,0.00553786,0.15744264,0.03125
102,EDEM,0.0001,102 EDEM,0.0,32,0.0,0.1071792,0.0
102,EDEM,0.001,102 EDEM,17.0,32,0.36449517,0.69130613,0.53125
102,EDEM,0.0025,102 EDEM,0.0,32,0.0,0.1071792,0.0
102,EDEM,0.005,102 EDEM,0.0,32,0.0,0.1071792,0.0
102,EDEM,0.01,102 EDEM,0.0,32,0.0,0.1071792,0.0
102,LTRK,0.0,102 LTRK,1.0,32,0.00553786,0.15744264,0.03125
102,LTRK,0.0001,102 LTRK,3.0,32,0.03240155,0.24218155,0.09375
102,LTRK,0.001,102 LTRK,4.0,32,0.04970134,0.28068305,0.125
102,LTRK,0.0025,102 LTRK,0.0,32,0.0,0.1071792,0.0
102,LTRK,0.005,102 LTRK,0.0,32,0.0,0.1071792,0.0
102,LTRK,0.01,102 LTRK,0.0,32,0.0,0.1071792,0.0
102,MO24,0.0,102 MO24,2.0,32,0.01731057,0.20147123,0.0625
102,MO24,0.0001,102 MO24,1.0,32,0.00553786,0.15744264,0.03125
102,MO24,0.001,102 MO24,1.0,32,0.00553786,0.15744264,0.03125
102,MO24,0.0025,102 MO24,4.0,32,0.04970134,0.28068305,0.125
102,MO24,0.005,102 MO24,4.0,32,0.04970134,0.28068305,0.125
102,MO24,0.01,102 MO24,6.0,32,0.08889545,0.35309155,0.1875
102,NC24,0.0,102 NC24,0.0,30,0.0,0.11351339,0.0
102,NC24,0.0001,102 NC24,0.0,31,0.0,0.1102554,0.0
102,NC24,0.001,102 NC24,0.0,17,0.0,0.18431814,0.0
102,NC24,0.0025,102 NC24,0.0,0,,,
102,NC24,0.005,102 NC24,0.0,0,,,
102,NC24,0.01,102 NC24,0.0,0,,,
102,TOT_MORT,0.0,102 TOT_MORT,2.0,32,0.01731057,0.20147123,0.0625
102,TOT_MORT,0.0001,102 TOT_MORT,1.0,32,0.00553786,0.15744264,0.03125
102,TOT_MORT,0.001,102 TOT_MORT,15.0,32,0.30869387,0.63550483,0.46875
102,TOT_MORT,0.0025,102 TOT_MORT,32.0,32,0.8928208,1.0,1.0
102,TOT_MORT,0.005,102 TOT_MORT,32.0,32,0.8928208,1.0,1.0
102,TOT_MORT,0.01,102 TOT_MORT,32.0,32,0.8928208,1.0,1.0
103,ALL_BUT_MORT,0.0,103 ALL_BUT_MORT,0.0,32,0.0,0.1071792,0.0
103,ALL_BUT_MORT,0.0001,103 ALL_BUT_MORT,0.0,32,0.0,0.1071792,0.0
103,ALL_BUT_MORT,0.001,103 ALL_BUT_MORT,1.0,32,0.00553786,0.15744264,0.03125
103,ALL_BUT_MORT,0.0025,103 ALL_BUT_MORT,15.0,32,0.30869387,0.63550483,0.46875
103,ALL_BUT_MORT,0.005,103 ALL_BUT_MORT,31.0,32,0.84255736,0.99446214,0.96875
103,ALL_BUT_MORT,0.01,103 ALL_BUT_MORT,10.0,32,0.17952542,0.48566678,0.3125
103,ANY120,0.0,103 ANY120,2.0,32,0.01731057,0.20147123,0.0625
103,ANY120,0.0001,103 ANY120,2.0,32,0.01731057,0.20147123,0.0625
103,ANY120,0.001,103 ANY120,1.0,32,0.00553786,0.15744264,0.03125
103,ANY120,0.0025,103 ANY120,17.0,32,0.36449517,0.69130613,0.53125
103,ANY120,0.005,103 ANY120,32.0,32,0.8928208,1.0,1.0
103,ANY120,0.01,103 ANY120,32.0,32,0.8928208,1.0,1.0
103,ANY24,0.0,103 ANY24,2.0,32,0.01731057,0.20147123,0.0625
103,ANY24,0.0001,103 ANY24,0.0,32,0.0,0.1071792,0.0
103,ANY24,0.001,103 ANY24,0.0,32,0.0,0.1071792,0.0
103,ANY24,0.0025,103 ANY24,2.0,32,0.01731057,0.20147123,0.0625
103,ANY24,0.005,103 ANY24,1.0,32,0.00553786,0.15744264,0.03125
103,ANY24,0.01,103 ANY24,5.0,32,0.0686442,0.3175415,0.15625
103,AXIS,0.0,103 AXIS,0.0,30,0.0,0.11351339,0.0
103,AXIS,0.0001,103 AXIS,0.0,30,0.0,0.11351339,0.0
103,AXIS,0.001,103 AXIS,0.0,32,0.0,0.1071792,0.0
103,AXIS,0.0025,103 AXIS,0.0,30,0.0,0.11351339,0.0
103,AXIS,0.005,103 AXIS,5.0,30,0.07336542,0.33564351,0.16666667
103,AXIS,0.01,103 AXIS,6.0,8,0.40927543,0.92852079,0.75
103,BRN_,0.0,103 BRN_,0.0,32,0.0,0.1071792,0.0
103,BRN_,0.0001,103 BRN_,0.0,32,0.0,0.1071792,0.0
103,BRN_,0.001,103 BRN_,1.0,32,0.00553786,0.15744264,0.03125
103,BRN_,0.0025,103 BRN_,4.0,32,0.04970134,0.28068305,0.125
103,BRN_,0.005,103 BRN_,30.0,32,0.79852877,0.98268943,0.9375
103,BRN_,0.01,103 BRN_,8.0,32,0.13252401,0.42106559,0.25
103,CRAN,0.0,103 CRAN,0.0,32,0.0,0.1071792,0.0
103,CRAN,0.0001,103 CRAN,0.0,32,0.0,0.1071792,0.0
103,CRAN,0.001,103 CRAN,1.0,32,0.00553786,0.15744264,0.03125
103,CRAN,0.0025,103 CRAN,6.0,32,0.08889545,0.35309155,0.1875
103,CRAN,0.005,103 CRAN,30.0,32,0.79852877,0.98268943,0.9375
103,CRAN,0.01,103 CRAN,8.0,32,0.13252401,0.42106559,0.25
103,EDEM,0.0,103 EDEM,0.0,32,0.0,0.1071792,0.0
103,EDEM,0.0001,103 EDEM,0.0,32,0.0,0.1071792,0.0
103,EDEM,0.001,103 EDEM,1.0,32,0.00553786,0.15744264,0.03125
103,EDEM,0.0025,103 EDEM,8.0,32,0.13252401,0.42106559,0.25
103,EDEM,0.005,103 EDEM,30.0,32,0.79852877,0.98268943,0.9375
103,EDEM,0.01,103 EDEM,8.0,32,0.13252401,0.42106559,0.25
103,LTRK,0.0,103 LTRK,0.0,32,0.0,0.1071792,0.0
103,LTRK,0.0001,103 LTRK,0.0,32,0.0,0.1071792,0.0
103,LTRK,0.001,103 LTRK,0.0,32,0.0,0.1071792,0.0
103,LTRK,0.0025,103 LTRK,7.0,32,0.11023836,0.38754994,0.21875
103,LTRK,0.005,103 LTRK,18.0,32,0.39325591,0.71834669,0.5625
103,LTRK,0.01,103 LTRK,4.0,32,0.04970134,0.28068305,0.125
103,MO24,0.0,103 MO24,2.0,32,0.01731057,0.20147123,0.0625
103,MO24,0.0001,103 MO24,0.0,32,0.0,0.1071792,0.0
103,MO24,0.001,103 MO24,0.0,32,0.0,0.1071792,0.0
103,MO24,0.0025,103 MO24,2.0,32,0.01731057,0.20147123,0.0625
103,MO24,0.005,103 MO24,0.0,32,0.0,0.1071792,0.0
103,MO24,0.01,103 MO24,2.0,32,0.01731057,0.20147123,0.0625
103,NC24,0.0,103 NC24,0.0,30,0.0,0.11351339,0.0
103,NC24,0.0001,103 NC24,0.0,30,0.0,0.11351339,0.0
103,NC24,0.001,103 NC24,0.0,32,0.0,0.1071792,0.0
103,NC24,0.0025,103 NC24,0.0,30,0.0,0.11351339,0.0
103,NC24,0.005,103 NC24,0.0,30,0.0,0.11351339,0.0
103,NC24,0.01,103 NC24,0.0,8,0.0,0.32440756,0.0
103,TOT_MORT,0.0,103 TOT_MORT,2.0,32,0.01731057,0.20147123,0.0625
103,TOT_MORT,0.0001,103 TOT_MORT,2.0,32,0.01731057,0.20147123,0.0625
103,TOT_MORT,0.001,103 TOT_MORT,0.0,32,0.0,0.1071792,0.0
103,TOT_MORT,0.0025,103 TOT_MORT,2.0,32,0.01731057,0.20147123,0.0625
103,TOT_MORT,0.005,103 TOT_MORT,2.0,32,0.01731057,0.20147123,0.0625
103,TOT_MORT,0.01,103 TOT_MORT,24.0,32,0.57893441,0.86747599,0.75
1035,ALL_BUT_MORT,0.0,1035 ALL_BUT_MORT,1.0,32,0.00553786,0.15744264,0.03125
1035,ALL_BUT_MORT,0.0001,1035 ALL_BUT_MORT,0.0,32,0.0,0.1071792,0.0
1035,ALL_BUT_MORT,0.001,1035 ALL_BUT_MORT,0.0,32,0.0,0.1071792,0.0
1035,ALL_BUT_MORT,0.0025,1035 ALL_BUT_MORT,2.0,32,0.01731057,0.20147123,0.0625
1035,ALL_BUT_MORT,0.005,1035 ALL_BUT_MORT,0.0,32,0.0,0.1071792,0.0
1035,ALL_BUT_MORT,0.01,1035 ALL_BUT_MORT,1.0,32,0.00553786,0.15744264,0.03125
1035,ANY120,0.0,1035 ANY120,3.0,32,0.03240155,0.24218155,0.09375
1035,ANY120,0.0001,1035 ANY120,0.0,32,0.0,0.1071792,0.0
1035,ANY120,0.001,1035 ANY120,0.0,32,0.0,0.1071792,0.0
1035,ANY120,0.0025,1035 ANY120,3.0,32,0.03240155,0.24218155,0.09375
1035,ANY120,0.005,1035 ANY120,2.0,32,0.01731057,0.20147123,0.0625
1035,ANY120,0.01,1035 ANY120,1.0,32,0.00553786,0.15744264,0.03125
1035,ANY24,0.0,1035 ANY24,3.0,32,0.03240155,0.24218155,0.09375
1035,ANY24,0.0001,1035 ANY24,0.0,32,0.0,0.1071792,0.0
1035,ANY24,0.001,1035 ANY24,0.0,32,0.0,0.1071792,0.0
1035,ANY24,0.0025,1035 ANY24,0.0,32,0.0,0.1071792,0.0
1035,ANY24,0.005,1035 ANY24,2.0,32,0.01731057,0.20147123,0.0625
1035,ANY24,0.01,1035 ANY24,0.0,32,0.0,0.1071792,0.0
1035,AXIS,0.0,1035 AXIS,1.0,30,0.00590859,0.16670391,0.03333333
1035,AXIS,0.0001,1035 AXIS,0.0,32,0.0,0.1071792,0.0
1035,AXIS,0.001,1035 AXIS,0.0,32,0.0,0.1071792,0.0
1035,AXIS,0.0025,1035 AXIS,0.0,31,0.0,0.1102554,0.0
1035,AXIS,0.005,1035 AXIS,0.0,30,0.0,0.11351339,0.0
1035,AXIS,0.01,1035 AXIS,1.0,32,0.00553786,0.15744264,0.03125
1035,BRN_,0.0,1035 BRN_,1.0,32,0.00553786,0.15744264,0.03125
1035,BRN_,0.0001,1035 BRN_,0.0,32,0.0,0.1071792,0.0
1035,BRN_,0.001,1035 BRN_,0.0,32,0.0,0.1071792,0.0
1035,BRN_,0.0025,1035 BRN_,2.0,32,0.01731057,0.20147123,0.0625
1035,BRN_,0.005,1035 BRN_,0.0,32,0.0,0.1071792,0.0
1035,BRN_,0.01,1035 BRN_,0.0,32,0.0,0.1071792,0.0
1035,CRAN,0.0,1035 CRAN,1.0,32,0.00553786,0.15744264,0.03125
1035,CRAN,0.0001,1035 CRAN,0.0,32,0.0,0.1071792,0.0
1035,CRAN,0.001,1035 CRAN,0.0,32,0.0,0.1071792,0.0
1035,CRAN,0.0025,1035 CRAN,2.0,32,0.01731057,0.20147123,0.0625
1035,CRAN,0.005,1035 CRAN,0.0,32,0.0,0.1071792,0.0
1035,CRAN,0.01,1035 CRAN,0.0,32,0.0,0.1071792,0.0
1035,EDEM,0.0,1035 EDEM,1.0,32,0.00553786,0.15744264,0.03125
1035,EDEM,0.0001,1035 EDEM,0.0,32,0.0,0.1071792,0.0
1035,EDEM,0.001,1035 EDEM,0.0,32,0.0,0.1071792,0.0
1035,EDEM,0.0025,1035 EDEM,2.0,32,0.01731057,0.20147123,0.0625
1035,EDEM,0.005,1035 EDEM,0.0,32,0.0,0.1071792,0.0
1035,EDEM,0.01,1035 EDEM,0.0,32,0.0,0.1071792,0.0
1035,LTRK,0.0,1035 LTRK,1.0,32,0.00553786,0.15744264,0.03125
1035,LTRK,0.0001,1035 LTRK,0.0,32,0.0,0.1071792,0.0
1035,LTRK,0.001,1035 LTRK,0.0,32,0.0,0.1071792,0.0
1035,LTRK,0.0025,1035 LTRK,0.0,32,0.0,0.1071792,0.0
1035,LTRK,0.005,1035 LTRK,0.0,32,0.0,0.1071792,0.0
1035,LTRK,0.01,1035 LTRK,0.0,32,0.0,0.1071792,0.0
1035,MO24,0.0,1035 MO24,2.0,32,0.01731057,0.20147123,0.0625
1035,MO24,0.0001,1035 MO24,0.0,32,0.0,0.1071792,0.0
1035,MO24,0.001,1035 MO24,0.0,32,0.0,0.1071792,0.0
1035,MO24,0.0025,1035 MO24,0.0,32,0.0,0.1071792,0.0
1035,MO24,0.005,1035 MO24,2.0,32,0.01731057,0.20147123,0.0625
1035,MO24,0.01,1035 MO24,0.0,32,0.0,0.1071792,0.0
1035,NC24,0.0,1035 NC24,0.0,30,0.0,0.11351339,0.0
1035,NC24,0.0001,1035 NC24,0.0,32,0.0,0.1071792,0.0
1035,NC24,0.001,1035 NC24,0.0,32,0.0,0.1071792,0.0
1035,NC24,0.0025,1035 NC24,0.0,31,0.0,0.1102554,0.0
1035,NC24,0.005,1035 NC24,0.0,30,0.0,0.11351339,0.0
1035,NC24,0.01,1035 NC24,0.0,32,0.0,0.1071792,0.0
1035,TOT_MORT,0.0,1035 TOT_MORT,2.0,32,0.01731057,0.20147123,0.0625
1035,TOT_MORT,0.0001,1035 TOT_MORT,0.0,32,0.0,0.1071792,0.0
1035,TOT_MORT,0.001,1035 TOT_MORT,0.0,32,0.0,0.1071792,0.0
1035,TOT_MORT,0.0025,1035 TOT_MORT,1.0,32,0.00553786,0.15744264,0.03125
1035,TOT_MORT,0.005,1035 TOT_MORT,2.0,32,0.01731057,0.20147123,0.0625
1035,TOT_MORT,0.01,1035 TOT_MORT,0.0,32,0.0,0.1071792,0.0
1036,ALL_BUT_MORT,0.0,1036 ALL_BUT_MORT,1.0,32,0.00553786,0.15744264,0.03125
1036,ALL_BUT_MORT,0.0001,1036 ALL_BUT_MORT,3.0,32,0.03240155,0.24218155,0.09375
1036,ALL_BUT_MORT,0.001,1036 ALL_BUT_MORT,1.0,32,0.00553786,0.15744264,0.03125
1036,ALL_BUT_MORT,0.0025,1036 ALL_BUT_MORT,3.0,32,0.03240155,0.24218155,0.09375
1036,ALL_BUT_MORT,0.005,1036 ALL_BUT_MORT,6.0,32,0.08889545,0.35309155,0.1875
1036,ALL_BUT_MORT,0.01,1036 ALL_BUT_MORT,2.0,32,0.01731057,0.20147123,0.0625
1036,ANY120,0.0,1036 ANY120,2.0,32,0.01731057,0.20147123,0.0625
1036,ANY120,0.0001,1036 ANY120,3.0,32,0.03240155,0.24218155,0.09375
1036,ANY120,0.001,1036 ANY120,4.0,32,0.04970134,0.28068305,0.125
1036,ANY120,0.0025,1036 ANY120,5.0,32,0.0686442,0.3175415,0.15625
1036,ANY120,0.005,1036 ANY120,8.0,32,0.13252401,0.42106559,0.25
1036,ANY120,0.01,1036 ANY120,3.0,32,0.03240155,0.24218155,0.09375
1036,ANY24,0.0,1036 ANY24,2.0,32,0.01731057,0.20147123,0.0625
1036,ANY24,0.0001,1036 ANY24,1.0,32,0.00553786,0.15744264,0.03125
1036,ANY24,0.001,1036 ANY24,4.0,32,0.04970134,0.28068305,0.125
1036,ANY24,0.0025,1036 ANY24,4.0,32,0.04970134,0.28068305,0.125
1036,ANY24,0.005,1036 ANY24,8.0,32,0.13252401,0.42106559,0.25
1036,ANY24,0.01,1036 ANY24,3.0,32,0.03240155,0.24218155,0.09375
1036,AXIS,0.0,1036 AXIS,0.0,31,0.0,0.1102554,0.0
1036,AXIS,0.0001,1036 AXIS,0.0,32,0.0,0.1071792,0.0
1036,AXIS,0.001,1036 AXIS,0.0,29,0.0,0.1169698,0.0
1036,AXIS,0.0025,1036 AXIS,0.0,29,0.0,0.1169698,0.0
1036,AXIS,0.005,1036 AXIS,4.0,30,0.05309655,0.29681327,0.13333333
1036,AXIS,0.01,1036 AXIS,1.0,30,0.00590859,0.16670391,0.03333333
1036,BRN_,0.0,1036 BRN_,0.0,32,0.0,0.1071792,0.0
1036,BRN_,0.0001,1036 BRN_,2.0,32,0.01731057,0.20147123,0.0625
1036,BRN_,0.001,1036 BRN_,0.0,32,0.0,0.1071792,0.0
1036,BRN_,0.0025,1036 BRN_,0.0,32,0.0,0.1071792,0.0
1036,BRN_,0.005,1036 BRN_,4.0,32,0.04970134,0.28068305,0.125
1036,BRN_,0.01,1036 BRN_,1.0,32,0.00553786,0.15744264,0.03125
1036,CRAN,0.0,1036 CRAN,0.0,32,0.0,0.1071792,0.0
1036,CRAN,0.0001,1036 CRAN,2.0,32,0.01731057,0.20147123,0.0625
1036,CRAN,0.001,1036 CRAN,0.0,32,0.0,0.1071792,0.0
1036,CRAN,0.0025,1036 CRAN,0.0,32,0.0,0.1071792,0.0
1036,CRAN,0.005,1036 CRAN,4.0,32,0.04970134,0.28068305,0.125
1036,CRAN,0.01,1036 CRAN,1.0,32,0.00553786,0.15744264,0.03125
1036,EDEM,0.0,1036 EDEM,0.0,32,0.0,0.1071792,0.0
1036,EDEM,0.0001,1036 EDEM,2.0,32,0.01731057,0.20147123,0.0625
1036,EDEM,0.001,1036 EDEM,1.0,32,0.00553786,0.15744264,0.03125
1036,EDEM,0.0025,1036 EDEM,1.0,32,0.00553786,0.15744264,0.03125
1036,EDEM,0.005,1036 EDEM,4.0,32,0.04970134,0.28068305,0.125
1036,EDEM,0.01,1036 EDEM,1.0,32,0.00553786,0.15744264,0.03125
1036,LTRK,0.0,1036 LTRK,0.0,32,0.0,0.1071792,0.0
1036,LTRK,0.0001,1036 LTRK,0.0,32,0.0,0.1071792,0.0
1036,LTRK,0.001,1036 LTRK,1.0,32,0.00553786,0.15744264,0.03125
1036,LTRK,0.0025,1036 LTRK,1.0,32,0.00553786,0.15744264,0.03125
1036,LTRK,0.005,1036 LTRK,4.0,32,0.04970134,0.28068305,0.125
1036,LTRK,0.01,1036 LTRK,1.0,32,0.00553786,0.15744264,0.03125
1036,MO24,0.0,1036 MO24,1.0,32,0.00553786,0.15744264,0.03125
1036,MO24,0.0001,1036 MO24,0.0,32,0.0,0.1071792,0.0
1036,MO24,0.001,1036 MO24,3.0,32,0.03240155,0.24218155,0.09375
1036,MO24,0.0025,1036 MO24,2.0,32,0.01731057,0.20147123,0.0625
1036,MO24,0.005,1036 MO24,2.0,32,0.01731057,0.20147123,0.0625
1036,MO24,0.01,1036 MO24,1.0,32,0.00553786,0.15744264,0.03125
1036,NC24,0.0,1036 NC24,0.0,31,0.0,0.1102554,0.0
1036,NC24,0.0001,1036 NC24,0.0,32,0.0,0.1071792,0.0
1036,NC24,0.001,1036 NC24,0.0,29,0.0,0.1169698,0.0
1036,NC24,0.0025,1036 NC24,0.0,29,0.0,0.1169698,0.0
1036,NC24,0.005,1036 NC24,0.0,30,0.0,0.11351339,0.0
1036,NC24,0.01,1036 NC24,0.0,30,0.0,0.11351339,0.0
1036,TOT_MORT,0.0,1036 TOT_MORT,1.0,32,0.00553786,0.15744264,0.03125
1036,TOT_MORT,0.0001,1036 TOT_MORT,0.0,32,0.0,0.1071792,0.0
1036,TOT_MORT,0.001,1036 TOT_MORT,3.0,32,0.03240155,0.24218155,0.09375
1036,TOT_MORT,0.0025,1036 TOT_MORT,3.0,32,0.03240155,0.24218155,0.09375
1036,TOT_MORT,0.005,1036 TOT_MORT,2.0,32,0.01731057,0.20147123,0.0625
1036,TOT_MORT,0.01,1036 TOT_MORT,2.0,32,0.01731057,0.20147123,0.0625
1037,ALL_BUT_MORT,0.0,1037 ALL_BUT_MORT,3.0,32,0.03240155,0.24218155,0.09375
1037,ALL_BUT_MORT,0.0001,1037 ALL_BUT_MORT,2.0,32,0.01731057,0.20147123,0.0625
1037,ALL_BUT_MORT,0.001,1037 ALL_BUT_MORT,0.0,32,0.0,0.1071792,0.0
1037,ALL_BUT_MORT,0.0025,1037 ALL_BUT_MORT,5.0,32,0.0686442,0.3175415,0.15625
1037,ALL_BUT_MORT,0.005,1037 ALL_BUT_MORT,15.0,32,0.30869387,0.63550483,0.46875
1037,ALL_BUT_MORT,0.01,1037 ALL_BUT_MORT,31.0,32,0.84255736,0.99446214,0.96875
1037,ANY120,0.0,1037 ANY120,4.0,32,0.04970134,0.28068305,0.125
1037,ANY120,0.0001,1037 ANY120,6.0,32,0.08889545,0.35309155,0.1875
1037,ANY120,0.001,1037 ANY120,1.0,32,0.00553786,0.15744264,0.03125
1037,ANY120,0.0025,1037 ANY120,5.0,32,0.0686442,0.3175415,0.15625
1037,ANY120,0.005,1037 ANY120,21.0,32,0.48311088,0.79589562,0.65625
1037,ANY120,0.01,1037 ANY120,31.0,32,0.84255736,0.99446214,0.96875
1037,ANY24,0.0,1037 ANY24,3.0,32,0.03240155,0.24218155,0.09375
1037,ANY24,0.0001,1037 ANY24,4.0,32,0.04970134,0.28068305,0.125
1037,ANY24,0.001,1037 ANY24,1.0,32,0.00553786,0.15744264,0.03125
1037,ANY24,0.0025,1037 ANY24,5.0,32,0.0686442,0.3175415,0.15625
1037,ANY24,0.005,1037 ANY24,11.0,32,0.20410438,0.51688912,0.34375
1037,ANY24,0.01,1037 ANY24,10.0,32,0.17952542,0.48566678,0.3125
1037,AXIS,0.0,1037 AXIS,0.0,30,0.0,0.11351339,0.0
1037,AXIS,0.0001,1037 AXIS,0.0,28,0.0,0.1206433,0.0
1037,AXIS,0.001,1037 AXIS,0.0,31,0.0,0.1102554,0.0
1037,AXIS,0.0025,1037 AXIS,1.0,31,0.00571722,0.16194105,0.03225806
1037,AXIS,0.005,1037 AXIS,1.0,24,0.00739346,0.20241806,0.04166667
1037,AXIS,0.01,1037 AXIS,5.0,30,0.07336542,0.33564351,0.16666667
1037,BRN_,0.0,1037 BRN_,2.0,32,0.01731057,0.20147123,0.0625
1037,BRN_,0.0001,1037 BRN_,1.0,32,0.00553786,0.15744264,0.03125
1037,BRN_,0.001,1037 BRN_,0.0,32,0.0,0.1071792,0.0
1037,BRN_,0.0025,1037 BRN_,1.0,32,0.00553786,0.15744264,0.03125
1037,BRN_,0.005,1037 BRN_,3.0,32,0.03240155,0.24218155,0.09375
1037,BRN_,0.01,1037 BRN_,25.0,32,0.61245006,0.88976164,0.78125
1037,CRAN,0.0,1037 CRAN,0.0,32,0.0,0.1071792,0.0
1037,CRAN,0.0001,1037 CRAN,1.0,32,0.00553786,0.15744264,0.03125
1037,CRAN,0.001,1037 CRAN,0.0,32,0.0,0.1071792,0.0
1037,CRAN,0.0025,1037 CRAN,1.0,32,0.00553786,0.15744264,0.03125
1037,CRAN,0.005,1037 CRAN,3.0,32,0.03240155,0.24218155,0.09375
1037,CRAN,0.01,1037 CRAN,23.0,32,0.54625491,0.8443542,0.71875
1037,EDEM,0.0,1037 EDEM,1.0,32,0.00553786,0.15744264,0.03125
1037,EDEM,0.0001,1037 EDEM,1.0,32,0.00553786,0.15744264,0.03125
1037,EDEM,0.001,1037 EDEM,0.0,32,0.0,0.1071792,0.0
1037,EDEM,0.0025,1037 EDEM,1.0,32,0.00553786,0.15744264,0.03125
1037,EDEM,0.005,1037 EDEM,4.0,32,0.04970134,0.28068305,0.125
1037,EDEM,0.01,1037 EDEM,28.0,32,0.71931695,0.95029866,0.875
1037,LTRK,0.0,1037 LTRK,0.0,32,0.0,0.1071792,0.0
1037,LTRK,0.0001,1037 LTRK,1.0,32,0.00553786,0.15744264,0.03125
1037,LTRK,0.001,1037 LTRK,0.0,32,0.0,0.1071792,0.0
1037,LTRK,0.0025,1037 LTRK,2.0,32,0.01731057,0.20147123,0.0625
1037,LTRK,0.005,1037 LTRK,6.0,32,0.08889545,0.35309155,0.1875
1037,LTRK,0.01,1037 LTRK,18.0,32,0.39325591,0.71834669,0.5625
1037,MO24,0.0,1037 MO24,1.0,32,0.00553786,0.15744264,0.03125
1037,MO24,0.0001,1037 MO24,3.0,32,0.03240155,0.24218155,0.09375
1037,MO24,0.001,1037 MO24,1.0,32,0.00553786,0.15744264,0.03125
1037,MO24,0.0025,1037 MO24,0.0,32,0.0,0.1071792,0.0
1037,MO24,0.005,1037 MO24,6.0,32,0.08889545,0.35309155,0.1875
1037,MO24,0.01,1037 MO24,0.0,32,0.0,0.1071792,0.0
1037,NC24,0.0,1037 NC24,0.0,30,0.0,0.11351339,0.0
1037,NC24,0.0001,1037 NC24,0.0,28,0.0,0.1206433,0.0
1037,NC24,0.001,1037 NC24,0.0,31,0.0,0.1102554,0.0
1037,NC24,0.0025,1037 NC24,0.0,31,0.0,0.1102554,0.0
1037,NC24,0.005,1037 NC24,0.0,24,0.0,0.1379762,0.0
1037,NC24,0.01,1037 NC24,0.0,30,0.0,0.11351339,0.0
1037,TOT_MORT,0.0,1037 TOT_MORT,2.0,32,0.01731057,0.20147123,0.0625
1037,TOT_MORT,0.0001,1037 TOT_MORT,4.0,32,0.04970134,0.28068305,0.125
1037,TOT_MORT,0.001,1037 TOT_MORT,1.0,32,0.00553786,0.15744264,0.03125
1037,TOT_MORT,0.0025,1037 TOT_MORT,1.0,32,0.00553786,0.15744264,0.03125
1037,TOT_MORT,0.005,1037 TOT_MORT,8.0,32,0.13252401,0.42106559,0.25
1037,TOT_MORT,0.01,1037 TOT_MORT,2.0,32,0.01731057,0.20147123,0.0625
1038,ALL_BUT_MORT,0.0,1038 ALL_BUT_MORT,2.0,32,0.01731057,0.20147123,0.0625
1038,ALL_BUT_MORT,0.0001,1038 ALL_BUT_MORT,0.0,32,0.0,0.1071792,0.0
1038,ALL_BUT_MORT,0.001,1038 ALL_BUT_MORT,2.0,32,0.01731057,0.20147123,0.0625
1038,ALL_BUT_MORT,0.0025,1038 ALL_BUT_MORT,4.0,32,0.04970134,0.28068305,0.125
1038,ALL_BUT_MORT,0.005,1038 ALL_BUT_MORT,1.0,32,0.00553786,0.15744264,0.03125
1038,ALL_BUT_MORT,0.01,1038 ALL_BUT_MORT,8.0,32,0.13252401,0.42106559,0.25
1038,ANY120,0.0,1038 ANY120,2.0,32,0.01731057,0.20147123,0.0625
1038,ANY120,0.0001,1038 ANY120,2.0,32,0.01731057,0.20147123,0.0625
1038,ANY120,0.001,1038 ANY120,4.0,32,0.04970134,0.28068305,0.125
1038,ANY120,0.0025,1038 ANY120,5.0,32,0.0686442,0.3175415,0.15625
1038,ANY120,0.005,1038 ANY120,1.0,32,0.00553786,0.15744264,0.03125
1038,ANY120,0.01,1038 ANY120,20.0,32,0.45254407,0.77066113,0.625
1038,ANY24,0.0,1038 ANY24,2.0,32,0.01731057,0.20147123,0.0625
1038,ANY24,0.0001,1038 ANY24,2.0,32,0.01731057,0.20147123,0.0625
1038,ANY24,0.001,1038 ANY24,4.0,32,0.04970134,0.28068305,0.125
1038,ANY24,0.0025,1038 ANY24,5.0,32,0.0686442,0.3175415,0.15625
1038,ANY24,0.005,1038 ANY24,1.0,32,0.00553786,0.15744264,0.03125
1038,ANY24,0.01,1038 ANY24,18.0,32,0.39325591,0.71834669,0.5625
1038,AXIS,0.0,1038 AXIS,0.0,31,0.0,0.1102554,0.0
1038,AXIS,0.0001,1038 AXIS,0.0,30,0.0,0.11351339,0.0
1038,AXIS,0.001,1038 AXIS,1.0,29,0.00611321,0.17175522,0.03448276
1038,AXIS,0.0025,1038 AXIS,1.0,31,0.00571722,0.16194105,0.03225806
1038,AXIS,0.005,1038 AXIS,0.0,32,0.0,0.1071792,0.0
1038,AXIS,0.01,1038 AXIS,2.0,20,0.02786648,0.30103365,0.1
1038,BRN_,0.0,1038 BRN_,0.0,32,0.0,0.1071792,0.0
1038,BRN_,0.0001,1038 BRN_,0.0,32,0.0,0.1071792,0.0
1038,BRN_,0.001,1038 BRN_,0.0,32,0.0,0.1071792,0.0
1038,BRN_,0.0025,1038 BRN_,1.0,32,0.00553786,0.15744264,0.03125
1038,BRN_,0.005,1038 BRN_,1.0,32,0.00553786,0.15744264,0.03125
1038,BRN_,0.01,1038 BRN_,3.0,32,0.03240155,0.24218155,0.09375
1038,CRAN,0.0,1038 CRAN,0.0,32,0.0,0.1071792,0.0
1038,CRAN,0.0001,1038 CRAN,0.0,32,0.0,0.1071792,0.0
1038,CRAN,0.001,1038 CRAN,1.0,32,0.00553786,0.15744264,0.03125
1038,CRAN,0.0025,1038 CRAN,2.0,32,0.01731057,0.20147123,0.0625
1038,CRAN,0.005,1038 CRAN,0.0,32,0.0,0.1071792,0.0
1038,CRAN,0.01,1038 CRAN,3.0,32,0.03240155,0.24218155,0.09375
1038,EDEM,0.0,1038 EDEM,0.0,32,0.0,0.1071792,0.0
1038,EDEM,0.0001,1038 EDEM,0.0,32,0.0,0.1071792,0.0
1038,EDEM,0.001,1038 EDEM,1.0,32,0.00553786,0.15744264,0.03125
1038,EDEM,0.0025,1038 EDEM,2.0,32,0.01731057,0.20147123,0.0625
1038,EDEM,0.005,1038 EDEM,0.0,32,0.0,0.1071792,0.0
1038,EDEM,0.01,1038 EDEM,6.0,32,0.08889545,0.35309155,0.1875
1038,LTRK,0.0,1038 LTRK,0.0,32,0.0,0.1071792,0.0
1038,LTRK,0.0001,1038 LTRK,0.0,32,0.0,0.1071792,0.0
1038,LTRK,0.001,1038 LTRK,0.0,32,0.0,0.1071792,0.0
1038,LTRK,0.0025,1038 LTRK,1.0,32,0.00553786,0.15744264,0.03125
1038,LTRK,0.005,1038 LTRK,0.0,32,0.0,0.1071792,0.0
1038,LTRK,0.01,1038 LTRK,2.0,32,0.01731057,0.20147123,0.0625
1038,MO24,0.0,1038 MO24,0.0,32,0.0,0.1071792,0.0
1038,MO24,0.0001,1038 MO24,2.0,32,0.01731057,0.20147123,0.0625
1038,MO24,0.001,1038 MO24,2.0,32,0.01731057,0.20147123,0.0625
1038,MO24,0.0025,1038 MO24,1.0,32,0.00553786,0.15744264,0.03125
1038,MO24,0.005,1038 MO24,0.0,32,0.0,0.1071792,0.0
1038,MO24,0.01,1038 MO24,12.0,32,0.22933887,0.54745593,0.375
1038,NC24,0.0,1038 NC24,0.0,31,0.0,0.1102554,0.0
1038,NC24,0.0001,1038 NC24,0.0,30,0.0,0.11351339,0.0
1038,NC24,0.001,1038 NC24,0.0,29,0.0,0.1169698,0.0
1038,NC24,0.0025,1038 NC24,0.0,31,0.0,0.1102554,0.0
1038,NC24,0.005,1038 NC24,0.0,32,0.0,0.1071792,0.0
1038,NC24,0.01,1038 NC24,0.0,20,0.0,0.16112516,0.0
1038,TOT_MORT,0.0,1038 TOT_MORT,1.0,32,0.00553786,0.15744264,0.03125
1038,TOT_MORT,0.0001,1038 TOT_MORT,2.0,32,0.01731057,0.20147123,0.0625
1038,TOT_MORT,0.001,1038 TOT_MORT,3.0,32,0.03240155,0.24218155,0.09375
1038,TOT_MORT,0.0025,1038 TOT_MORT,1.0,32,0.00553786,0.15744264,0.03125
1038,TOT_MORT,0.005,1038 TOT_MORT,0.0,32,0.0,0.1071792,0.0
1038,TOT_MORT,0.01,1038 TOT_MORT,12.0,32,0.22933887,0.54745593,0.375
1514,ALL_BUT_MORT,0.0,1514 ALL_BUT_MORT,1.0,32,0.00553786,0.15744264,0.03125
1514,ALL_BUT_MORT,0.0001,1514 ALL_BUT_MORT,2.0,32,0.01731057,0.20147123,0.0625
1514,ALL_BUT_MORT,0.001,1514 ALL_BUT_MORT,0.0,32,0.0,0.1071792,0.0
1514,ALL_BUT_MORT,0.0025,1514 ALL_BUT_MORT,2.0,32,0.01731057,0.20147123,0.0625
1514,ALL_BUT_MORT,0.005,1514 ALL_BUT_MORT,0.0,32,0.0,0.1071792,0.0
1514,ALL_BUT_MORT,0.01,1514 ALL_BUT_MORT,1.0,32,0.00553786,0.15744264,0.03125
1514,ANY120,0.0,1514 ANY120,3.0,32,0.03240155,0.24218155,0.09375
1514,ANY120,0.0001,1514 ANY120,4.0,32,0.04970134,0.28068305,0.125
1514,ANY120,0.001,1514 ANY120,2.0,32,0.01731057,0.20147123,0.0625
1514,ANY120,0.0025,1514 ANY120,3.0,32,0.03240155,0.24218155,0.09375
1514,ANY120,0.005,1514 ANY120,3.0,32,0.03240155,0.24218155,0.09375
1514,ANY120,0.01,1514 ANY120,2.0,32,0.01731057,0.20147123,0.0625
1514,ANY24,0.0,1514 ANY24,1.0,32,0.00553786,0.15744264,0.03125
1514,ANY24,0.0001,1514 ANY24,2.0,32,0.01731057,0.20147123,0.0625
1514,ANY24,0.001,1514 ANY24,2.0,32,0.01731057,0.20147123,0.0625
1514,ANY24,0.0025,1514 ANY24,2.0,32,0.01731057,0.20147123,0.0625
1514,ANY24,0.005,1514 ANY24,2.0,32,0.01731057,0.20147123,0.0625
1514,ANY24,0.01,1514 ANY24,2.0,32,0.01731057,0.20147123,0.0625
1514,AXIS,0.0,1514 AXIS,0.0,30,0.0,0.11351339,0.0
1514,AXIS,0.0001,1514 AXIS,1.0,30,0.00590859,0.16670391,0.03333333
1514,AXIS,0.001,1514 AXIS,0.0,30,0.0,0.11351339,0.0
1514,AXIS,0.0025,1514 AXIS,2.0,31,0.01787478,0.20718637,0.06451613
1514,AXIS,0.005,1514 AXIS,0.0,29,0.0,0.1169698,0.0
1514,AXIS,0.01,1514 AXIS,0.0,31,0.0,0.1102554,0.0
1514,BRN_,0.0,1514 BRN_,1.0,32,0.00553786,0.15744264,0.03125
1514,BRN_,0.0001,1514 BRN_,2.0,32,0.01731057,0.20147123,0.0625
1514,BRN_,0.001,1514 BRN_,0.0,32,0.0,0.1071792,0.0
1514,BRN_,0.0025,1514 BRN_,2.0,32,0.01731057,0.20147123,0.0625
1514,BRN_,0.005,1514 BRN_,0.0,32,0.0,0.1071792,0.0
1514,BRN_,0.01,1514 BRN_,0.0,32,0.0,0.1071792,0.0
1514,CRAN,0.0,1514 CRAN,0.0,32,0.0,0.1071792,0.0
1514,CRAN,0.0001,1514 CRAN,2.0,32,0.01731057,0.20147123,0.0625
1514,CRAN,0.001,1514 CRAN,0.0,32,0.0,0.1071792,0.0
1514,CRAN,0.0025,1514 CRAN,2.0,32,0.01731057,0.20147123,0.0625
1514,CRAN,0.005,1514 CRAN,0.0,32,0.0,0.1071792,0.0
1514,CRAN,0.01,1514 CRAN,0.0,32,0.0,0.1071792,0.0
1514,EDEM,0.0,1514 EDEM,1.0,32,0.00553786,0.15744264,0.03125
1514,EDEM,0.0001,1514 EDEM,2.0,32,0.01731057,0.20147123,0.0625
1514,EDEM,0.001,1514 EDEM,0.0,32,0.0,0.1071792,0.0
1514,EDEM,0.0025,1514 EDEM,2.0,32,0.01731057,0.20147123,0.0625
1514,EDEM,0.005,1514 EDEM,0.0,32,0.0,0.1071792,0.0
1514,EDEM,0.01,1514 EDEM,0.0,32,0.0,0.1071792,0.0
1514,LTRK,0.0,1514 LTRK,0.0,32,0.0,0.1071792,0.0
1514,LTRK,0.0001,1514 LTRK,1.0,32,0.00553786,0.15744264,0.03125
1514,LTRK,0.001,1514 LTRK,0.0,32,0.0,0.1071792,0.0
1514,LTRK,0.0025,1514 LTRK,1.0,32,0.00553786,0.15744264,0.03125
1514,LTRK,0.005,1514 LTRK,0.0,32,0.0,0.1071792,0.0
1514,LTRK,0.01,1514 LTRK,0.0,32,0.0,0.1071792,0.0
1514,MO24,0.0,1514 MO24,1.0,32,0.00553786,0.15744264,0.03125
1514,MO24,0.0001,1514 MO24,1.0,32,0.00553786,0.15744264,0.03125
1514,MO24,0.001,1514 MO24,2.0,32,0.01731057,0.20147123,0.0625
1514,MO24,0.0025,1514 MO24,1.0,32,0.00553786,0.15744264,0.03125
1514,MO24,0.005,1514 MO24,2.0,32,0.01731057,0.20147123,0.0625
1514,MO24,0.01,1514 MO24,1.0,32,0.00553786,0.15744264,0.03125
1514,NC24,0.0,1514 NC24,0.0,30,0.0,0.11351339,0.0
1514,NC24,0.0001,1514 NC24,0.0,30,0.0,0.11351339,0.0
1514,NC24,0.001,1514 NC24,0.0,30,0.0,0.11351339,0.0
1514,NC24,0.0025,1514 NC24,0.0,31,0.0,0.1102554,0.0
1514,NC24,0.005,1514 NC24,0.0,29,0.0,0.1169698,0.0
1514,NC24,0.01,1514 NC24,0.0,31,0.0,0.1102554,0.0
1514,TOT_MORT,0.0,1514 TOT_MORT,2.0,32,0.01731057,0.20147123,0.0625
1514,TOT_MORT,0.0001,1514 TOT_MORT,2.0,32,0.01731057,0.20147123,0.0625
1514,TOT_MORT,0.001,1514 TOT_MORT,2.0,32,0.01731057,0.20147123,0.0625
1514,TOT_MORT,0.0025,1514 TOT_MORT,1.0,32,0.00553786,0.15744264,0.03125
1514,TOT_MORT,0.005,1514 TOT_MORT,3.0,32,0.03240155,0.24218155,0.09375
1514,TOT_MORT,0.01,1514 TOT_MORT,1.0,32,0.00553786,0.15744264,0.03125
1515,ALL_BUT_MORT,0.0,1515 ALL_BUT_MORT,1.0,32,0.00553786,0.15744264,0.03125
1515,ALL_BUT_MORT,0.0001,1515 ALL_BUT_MORT,7.0,32,0.11023836,0.38754994,0.21875
1515,ALL_BUT_MORT,0.001,1515 ALL_BUT_MORT,8.0,32,0.13252401,0.42106559,0.25
1515,ALL_BUT_MORT,0.0025,1515 ALL_BUT_MORT,7.0,32,0.11023836,0.38754994,0.21875
1515,ALL_BUT_MORT,0.005,1515 ALL_BUT_MORT,17.0,32,0.36449517,0.69130613,0.53125
1515,ALL_BUT_MORT,0.01,1515 ALL_BUT_MORT,16.0,32,0.33630883,0.66369117,0.5
1515,ANY120,0.0,1515 ANY120,2.0,32,0.01731057,0.20147123,0.0625
1515,ANY120,0.0001,1515 ANY120,8.0,32,0.13252401,0.42106559,0.25
1515,ANY120,0.001,1515 ANY120,32.0,32,0.8928208,1.0,1.0
1515,ANY120,0.0025,1515 ANY120,32.0,32,0.8928208,1.0,1.0
1515,ANY120,0.005,1515 ANY120,32.0,32,0.8928208,1.0,1.0
1515,ANY120,0.01,1515 ANY120,32.0,32,0.8928208,1.0,1.0
1515,ANY24,0.0,1515 ANY24,2.0,32,0.01731057,0.20147123,0.0625
1515,ANY24,0.0001,1515 ANY24,0.0,32,0.0,0.1071792,0.0
1515,ANY24,0.001,1515 ANY24,10.0,32,0.17952542,0.48566678,0.3125
1515,ANY24,0.0025,1515 ANY24,12.0,32,0.22933887,0.54745593,0.375
1515,ANY24,0.005,1515 ANY24,22.0,32,0.51433322,0.82047458,0.6875
1515,ANY24,0.01,1515 ANY24,31.0,32,0.84255736,0.99446214,0.96875
1515,AXIS,0.0,1515 AXIS,0.0,30,0.0,0.11351339,0.0
1515,AXIS,0.0001,1515 AXIS,1.0,31,0.00571722,0.16194105,0.03225806
1515,AXIS,0.001,1515 AXIS,1.0,1,0.20654931,1.0,1.0
1515,AXIS,0.0025,1515 AXIS,0.0,0,,,
1515,AXIS,0.005,1515 AXIS,0.0,0,,,
1515,AXIS,0.01,1515 AXIS,0.0,0,,,
1515,BRN_,0.0,1515 BRN_,0.0,32,0.0,0.1071792,0.0
1515,BRN_,0.0001,1515 BRN_,3.0,32,0.03240155,0.24218155,0.09375
1515,BRN_,0.001,1515 BRN_,1.0,32,0.00553786,0.15744264,0.03125
1515,BRN_,0.0025,1515 BRN_,0.0,32,0.0,0.1071792,0.0
1515,BRN_,0.005,1515 BRN_,0.0,32,0.0,0.1071792,0.0
1515,BRN_,0.01,1515 BRN_,0.0,32,0.0,0.1071792,0.0
1515,CRAN,0.0,1515 CRAN,0.0,32,0.0,0.1071792,0.0
1515,CRAN,0.0001,1515 CRAN,3.0,32,0.03240155,0.24218155,0.09375
1515,CRAN,0.001,1515 CRAN,1.0,32,0.00553786,0.15744264,0.03125
1515,CRAN,0.0025,1515 CRAN,0.0,32,0.0,0.1071792,0.0
1515,CRAN,0.005,1515 CRAN,0.0,32,0.0,0.1071792,0.0
1515,CRAN,0.01,1515 CRAN,0.0,32,0.0,0.1071792,0.0
1515,EDEM,0.0,1515 EDEM,0.0,32,0.0,0.1071792,0.0
1515,EDEM,0.0001,1515 EDEM,3.0,32,0.03240155,0.24218155,0.09375
1515,EDEM,0.001,1515 EDEM,1.0,32,0.00553786,0.15744264,0.03125
1515,EDEM,0.0025,1515 EDEM,0.0,32,0.0,0.1071792,0.0
1515,EDEM,0.005,1515 EDEM,0.0,32,0.0,0.1071792,0.0
1515,EDEM,0.01,1515 EDEM,0.0,32,0.0,0.1071792,0.0
1515,LTRK,0.0,1515 LTRK,0.0,32,0.0,0.1071792,0.0
1515,LTRK,0.0001,1515 LTRK,5.0,32,0.0686442,0.3175415,0.15625
1515,LTRK,0.001,1515 LTRK,1.0,32,0.00553786,0.15744264,0.03125
1515,LTRK,0.0025,1515 LTRK,0.0,32,0.0,0.1071792,0.0
1515,LTRK,0.005,1515 LTRK,0.0,32,0.0,0.1071792,0.0
1515,LTRK,0.01,1515 LTRK,0.0,32,0.0,0.1071792,0.0
1515,MO24,0.0,1515 MO24,1.0,32,0.00553786,0.15744264,0.03125
1515,MO24,0.0001,1515 MO24,0.0,32,0.0,0.1071792,0.0
1515,MO24,0.001,1515 MO24,3.0,32,0.03240155,0.24218155,0.09375
1515,MO24,0.0025,1515 MO24,5.0,32,0.0686442,0.3175415,0.15625
1515,MO24,0.005,1515 MO24,5.0,32,0.0686442,0.3175415,0.15625
1515,MO24,0.01,1515 MO24,15.0,32,0.30869387,0.63550483,0.46875
1515,NC24,0.0,1515 NC24,0.0,30,0.0,0.11351339,0.0
1515,NC24,0.0001,1515 NC24,0.0,31,0.0,0.1102554,0.0
1515,NC24,0.001,1515 NC24,0.0,1,0.0,0.79345069,0.0
1515,NC24,0.0025,1515 NC24,0.0,0,,,
1515,NC24,0.005,1515 NC24,0.0,0,,,
1515,NC24,0.01,1515 NC24,0.0,0,,,
1515,TOT_MORT,0.0,1515 TOT_MORT,2.0,32,0.01731057,0.20147123,0.0625
1515,TOT_MORT,0.0001,1515 TOT_MORT,1.0,32,0.00553786,0.15744264,0.03125
1515,TOT_MORT,0.001,1515 TOT_MORT,31.0,32,0.84255736,0.99446214,0.96875
1515,TOT_MORT,0.0025,1515 TOT_MORT,32.0,32,0.8928208,1.0,1.0
1515,TOT_MORT,0.005,1515 TOT_MORT,32.0,32,0.8928208,1.0,1.0
1515,TOT_MORT,0.01,1515 TOT_MORT,32.0,32,0.8928208,1.0,1.0
1516,ALL_BUT_MORT,0.0,1516 ALL_BUT_MORT,0.0,32,0.0,0.1071792,0.0
1516,ALL_BUT_MORT,0.0001,1516 ALL_BUT_MORT,0.0,32,0.0,0.1071792,0.0
1516,ALL_BUT_MORT,0.001,1516 ALL_BUT_MORT,3.0,32,0.03240155,0.24218155,0.09375
1516,ALL_BUT_MORT,0.0025,1516 ALL_BUT_MORT,22.0,32,0.51433322,0.82047458,0.6875
1516,ALL_BUT_MORT,0.005,1516 ALL_BUT_MORT,6.0,32,0.08889545,0.35309155,0.1875
1516,ALL_BUT_MORT,0.01,1516 ALL_BUT_MORT,9.0,32,0.1556458,0.45374509,0.28125
1516,ANY120,0.0,1516 ANY120,4.0,32,0.04970134,0.28068305,0.125
1516,ANY120,0.0001,1516 ANY120,0.0,32,0.0,0.1071792,0.0
1516,ANY120,0.001,1516 ANY120,3.0,32,0.03240155,0.24218155,0.09375
1516,ANY120,0.0025,1516 ANY120,32.0,32,0.8928208,1.0,1.0
1516,ANY120,0.005,1516 ANY120,32.0,32,0.8928208,1.0,1.0
1516,ANY120,0.01,1516 ANY120,32.0,32,0.8928208,1.0,1.0
1516,ANY24,0.0,1516 ANY24,4.0,32,0.04970134,0.28068305,0.125
1516,ANY24,0.0001,1516 ANY24,0.0,32,0.0,0.1071792,0.0
1516,ANY24,0.001,1516 ANY24,0.0,32,0.0,0.1071792,0.0
1516,ANY24,0.0025,1516 ANY24,2.0,32,0.01731057,0.20147123,0.0625
1516,ANY24,0.005,1516 ANY24,2.0,32,0.01731057,0.20147123,0.0625
1516,ANY24,0.01,1516 ANY24,14.0,32,0.28165331,0.60674409,0.4375
1516,AXIS,0.0,1516 AXIS,0.0,28,0.0,0.1206433,0.0
1516,AXIS,0.0001,1516 AXIS,0.0,32,0.0,0.1071792,0.0
1516,AXIS,0.001,1516 AXIS,0.0,32,0.0,0.1071792,0.0
1516,AXIS,0.0025,1516 AXIS,5.0,21,0.10628013,0.45091174,0.23809524
1516,AXIS,0.005,1516 AXIS,2.0,4,0.15003899,0.84996101,0.5
1516,AXIS,0.01,1516 AXIS,0.0,0,,,
1516,BRN_,0.0,1516 BRN_,0.0,32,0.0,0.1071792,0.0
1516,BRN_,0.0001,1516 BRN_,0.0,32,0.0,0.1071792,0.0
1516,BRN_,0.001,1516 BRN_,2.0,32,0.01731057,0.20147123,0.0625
1516,BRN_,0.0025,1516 BRN_,21.0,32,0.48311088,0.79589562,0.65625
1516,BRN_,0.005,1516 BRN_,4.0,32,0.04970134,0.28068305,0.125
1516,BRN_,0.01,1516 BRN_,0.0,32,0.0,0.1071792,0.0
1516,CRAN,0.0,1516 CRAN,0.0,32,0.0,0.1071792,0.0
1516,CRAN,0.0001,1516 CRAN,0.0,32,0.0,0.1071792,0.0
1516,CRAN,0.001,1516 CRAN,1.0,32,0.00553786,0.15744264,0.03125
1516,CRAN,0.0025,1516 CRAN,21.0,32,0.48311088,0.79589562,0.65625
1516,CRAN,0.005,1516 CRAN,4.0,32,0.04970134,0.28068305,0.125
1516,CRAN,0.01,1516 CRAN,0.0,32,0.0,0.1071792,0.0
1516,EDEM,0.0,1516 EDEM,0.0,32,0.0,0.1071792,0.0
1516,EDEM,0.0001,1516 EDEM,0.0,32,0.0,0.1071792,0.0
1516,EDEM,0.001,1516 EDEM,2.0,32,0.01731057,0.20147123,0.0625
1516,EDEM,0.0025,1516 EDEM,21.0,32,0.48311088,0.79589562,0.65625
1516,EDEM,0.005,1516 EDEM,4.0,32,0.04970134,0.28068305,0.125
1516,EDEM,0.01,1516 EDEM,0.0,32,0.0,0.1071792,0.0
1516,LTRK,0.0,1516 LTRK,0.0,32,0.0,0.1071792,0.0
1516,LTRK,0.0001,1516 LTRK,0.0,32,0.0,0.1071792,0.0
1516,LTRK,0.001,1516 LTRK,0.0,32,0.0,0.1071792,0.0
1516,LTRK,0.0025,1516 LTRK,9.0,32,0.1556458,0.45374509,0.28125
1516,LTRK,0.005,1516 LTRK,3.0,32,0.03240155,0.24218155,0.09375
1516,LTRK,0.01,1516 LTRK,0.0,32,0.0,0.1071792,0.0
1516,MO24,0.0,1516 MO24,4.0,32,0.04970134,0.28068305,0.125
1516,MO24,0.0001,1516 MO24,0.0,32,0.0,0.1071792,0.0
1516,MO24,0.001,1516 MO24,0.0,32,0.0,0.1071792,0.0
1516,MO24,0.0025,1516 MO24,1.0,32,0.00553786,0.15744264,0.03125
1516,MO24,0.005,1516 MO24,0.0,32,0.0,0.1071792,0.0
1516,MO24,0.01,1516 MO24,5.0,32,0.0686442,0.3175415,0.15625
1516,NC24,0.0,1516 NC24,0.0,28,0.0,0.1206433,0.0
1516,NC24,0.0001,1516 NC24,0.0,32,0.0,0.1071792,0.0
1516,NC24,0.001,1516 NC24,0.0,32,0.0,0.1071792,0.0
1516,NC24,0.0025,1516 NC24,0.0,21,0.0,0.15463902,0.0
1516,NC24,0.005,1516 NC24,0.0,4,0.0,0.48989084,0.0
1516,NC24,0.01,1516 NC24,0.0,0,,,
1516,TOT_MORT,0.0,1516 TOT_MORT,4.0,32,0.04970134,0.28068305,0.125
1516,TOT_MORT,0.0001,1516 TOT_MORT,0.0,32,0.0,0.1071792,0.0
1516,TOT_MORT,0.001,1516 TOT_MORT,0.0,32,0.0,0.1071792,0.0
1516,TOT_MORT,0.0025,1516 TOT_MORT,11.0,32,0.20410438,0.51688912,0.34375
1516,TOT_MORT,0.005,1516 TOT_MORT,28.0,32,0.71931695,0.95029866,0.875
1516,TOT_MORT,0.01,1516 TOT_MORT,32.0,32,0.8928208,1.0,1.0
1517,ALL_BUT_MORT,0.0,1517 ALL_BUT_MORT,1.0,32,0.00553786,0.15744264,0.03125
1517,ALL_BUT_MORT,0.0001,1517 ALL_BUT_MORT,0.0,32,0.0,0.1071792,0.0
1517,ALL_BUT_MORT,0.001,1517 ALL_BUT_MORT,3.0,32,0.03240155,0.24218155,0.09375
1517,ALL_BUT_MORT,0.0025,1517 ALL_BUT_MORT,9.0,32,0.1556458,0.45374509,0.28125
1517,ALL_BUT_MORT,0.005,1517 ALL_BUT_MORT,32.0,32,0.8928208,1.0,1.0
1517,ALL_BUT_MORT,0.01,1517 ALL_BUT_MORT,20.0,32,0.45254407,0.77066113,0.625
1517,ANY120,0.0,1517 ANY120,1.0,32,0.00553786,0.15744264,0.03125
1517,ANY120,0.0001,1517 ANY120,4.0,32,0.04970134,0.28068305,0.125
1517,ANY120,0.001,1517 ANY120,5.0,32,0.0686442,0.3175415,0.15625
1517,ANY120,0.0025,1517 ANY120,9.0,32,0.1556458,0.45374509,0.28125
1517,ANY120,0.005,1517 ANY120,32.0,32,0.8928208,1.0,1.0
1517,ANY120,0.01,1517 ANY120,32.0,32,0.8928208,1.0,1.0
1517,ANY24,0.0,1517 ANY24,0.0,32,0.0,0.1071792,0.0
1517,ANY24,0.0001,1517 ANY24,3.0,32,0.03240155,0.24218155,0.09375
1517,ANY24,0.001,1517 ANY24,5.0,32,0.0686442,0.3175415,0.15625
1517,ANY24,0.0025,1517 ANY24,0.0,32,0.0,0.1071792,0.0
1517,ANY24,0.005,1517 ANY24,2.0,32,0.01731057,0.20147123,0.0625
1517,ANY24,0.01,1517 ANY24,12.0,32,0.22933887,0.54745593,0.375
1517,AXIS,0.0,1517 AXIS,0.0,32,0.0,0.1071792,0.0
1517,AXIS,0.0001,1517 AXIS,0.0,28,0.0,0.1206433,0.0
1517,AXIS,0.001,1517 AXIS,0.0,30,0.0,0.11351339,0.0
1517,AXIS,0.0025,1517 AXIS,1.0,32,0.00553786,0.15744264,0.03125
1517,AXIS,0.005,1517 AXIS,1.0,32,0.00553786,0.15744264,0.03125
1517,AXIS,0.01,1517 AXIS,7.0,16,0.23098652,0.66821444,0.4375
1517,BRN_,0.0,1517 BRN_,1.0,32,0.00553786,0.15744264,0.03125
1517,BRN_,0.0001,1517 BRN_,0.0,32,0.0,0.1071792,0.0
1517,BRN_,0.001,1517 BRN_,1.0,32,0.00553786,0.15744264,0.03125
1517,BRN_,0.0025,1517 BRN_,4.0,32,0.04970134,0.28068305,0.125
1517,BRN_,0.005,1517 BRN_,29.0,32,0.75781845,0.96759845,0.90625
1517,BRN_,0.01,1517 BRN_,16.0,32,0.33630883,0.66369117,0.5
1517,CRAN,0.0,1517 CRAN,1.0,32,0.00553786,0.15744264,0.03125
1517,CRAN,0.0001,1517 CRAN,0.0,32,0.0,0.1071792,0.0
1517,CRAN,0.001,1517 CRAN,1.0,32,0.00553786,0.15744264,0.03125
1517,CRAN,0.0025,1517 CRAN,1.0,32,0.00553786,0.15744264,0.03125
1517,CRAN,0.005,1517 CRAN,30.0,32,0.79852877,0.98268943,0.9375
1517,CRAN,0.01,1517 CRAN,16.0,32,0.33630883,0.66369117,0.5
1517,EDEM,0.0,1517 EDEM,1.0,32,0.00553786,0.15744264,0.03125
1517,EDEM,0.0001,1517 EDEM,0.0,32,0.0,0.1071792,0.0
1517,EDEM,0.001,1517 EDEM,1.0,32,0.00553786,0.15744264,0.03125
1517,EDEM,0.0025,1517 EDEM,4.0,32,0.04970134,0.28068305,0.125
1517,EDEM,0.005,1517 EDEM,29.0,32,0.75781845,0.96759845,0.90625
1517,EDEM,0.01,1517 EDEM,16.0,32,0.33630883,0.66369117,0.5
1517,LTRK,0.0,1517 LTRK,0.0,32,0.0,0.1071792,0.0
1517,LTRK,0.0001,1517 LTRK,0.0,32,0.0,0.1071792,0.0
1517,LTRK,0.001,1517 LTRK,1.0,32,0.00553786,0.15744264,0.03125
1517,LTRK,0.0025,1517 LTRK,5.0,32,0.0686442,0.3175415,0.15625
1517,LTRK,0.005,1517 LTRK,17.0,32,0.36449517,0.69130613,0.53125
1517,LTRK,0.01,1517 LTRK,12.0,32,0.22933887,0.54745593,0.375
1517,MO24,0.0,1517 MO24,0.0,32,0.0,0.1071792,0.0
1517,MO24,0.0001,1517 MO24,3.0,32,0.03240155,0.24218155,0.09375
1517,MO24,0.001,1517 MO24,2.0,32,0.01731057,0.20147123,0.0625
1517,MO24,0.0025,1517 MO24,0.0,32,0.0,0.1071792,0.0
1517,MO24,0.005,1517 MO24,0.0,32,0.0,0.1071792,0.0
1517,MO24,0.01,1517 MO24,3.0,32,0.03240155,0.24218155,0.09375
1517,NC24,0.0,1517 NC24,0.0,32,0.0,0.1071792,0.0
1517,NC24,0.0001,1517 NC24,0.0,28,0.0,0.1206433,0.0
1517,NC24,0.001,1517 NC24,0.0,30,0.0,0.11351339,0.0
1517,NC24,0.0025,1517 NC24,0.0,32,0.0,0.1071792,0.0
1517,NC24,0.005,1517 NC24,0.0,32,0.0,0.1071792,0.0
1517,NC24,0.01,1517 NC24,0.0,16,0.0,0.19360768,0.0
1517,TOT_MORT,0.0,1517 TOT_MORT,0.0,32,0.0,0.1071792,0.0
1517,TOT_MORT,0.0001,1517 TOT_MORT,4.0,32,0.04970134,0.28068305,0.125
1517,TOT_MORT,0.001,1517 TOT_MORT,2.0,32,0.01731057,0.20147123,0.0625
1517,TOT_MORT,0.0025,1517 TOT_MORT,0.0,32,0.0,0.1071792,0.0
1517,TOT_MORT,0.005,1517 TOT_MORT,0.0,32,0.0,0.1071792,0.0
1517,TOT_MORT,0.01,1517 TOT_MORT,16.0,32,0.33630883,0.66369117,0.5
1518,ALL_BUT_MORT,0.0,1518 ALL_BUT_MORT,2.0,32,0.01731057,0.20147123,0.0625
1518,ALL_BUT_MORT,0.0001,1518 ALL_BUT_MORT,0.0,32,0.0,0.1071792,0.0
1518,ALL_BUT_MORT,0.001,1518 ALL_BUT_MORT,2.0,32,0.01731057,0.20147123,0.0625
1518,ALL_BUT_MORT,0.0025,1518 ALL_BUT_MORT,1.0,32,0.00553786,0.15744264,0.03125
1518,ALL_BUT_MORT,0.005,1518 ALL_BUT_MORT,0.0,32,0.0,0.1071792,0.0
1518,ALL_BUT_MORT,0.01,1518 ALL_BUT_MORT,1.0,32,0.00553786,0.15744264,0.03125
1518,ANY120,0.0,1518 ANY120,7.0,32,0.11023836,0.38754994,0.21875
1518,ANY120,0.0001,1518 ANY120,1.0,32,0.00553786,0.15744264,0.03125
1518,ANY120,0.001,1518 ANY120,2.0,32,0.01731057,0.20147123,0.0625
1518,ANY120,0.0025,1518 ANY120,2.0,32,0.01731057,0.20147123,0.0625
1518,ANY120,0.005,1518 ANY120,1.0,32,0.00553786,0.15744264,0.03125
1518,ANY120,0.01,1518 ANY120,2.0,32,0.01731057,0.20147123,0.0625
1518,ANY24,0.0,1518 ANY24,6.0,32,0.08889545,0.35309155,0.1875
1518,ANY24,0.0001,1518 ANY24,1.0,32,0.00553786,0.15744264,0.03125
1518,ANY24,0.001,1518 ANY24,1.0,32,0.00553786,0.15744264,0.03125
1518,ANY24,0.0025,1518 ANY24,0.0,32,0.0,0.1071792,0.0
1518,ANY24,0.005,1518 ANY24,1.0,32,0.00553786,0.15744264,0.03125
1518,ANY24,0.01,1518 ANY24,1.0,32,0.00553786,0.15744264,0.03125
1518,AXIS,0.0,1518 AXIS,1.0,26,0.00682198,0.18892779,0.03846154
1518,AXIS,0.0001,1518 AXIS,0.0,31,0.0,0.1102554,0.0
1518,AXIS,0.001,1518 AXIS,0.0,31,0.0,0.1102554,0.0
1518,AXIS,0.0025,1518 AXIS,1.0,31,0.00571722,0.16194105,0.03225806
1518,AXIS,0.005,1518 AXIS,0.0,31,0.0,0.1102554,0.0
1518,AXIS,0.01,1518 AXIS,0.0,31,0.0,0.1102554,0.0
1518,BRN_,0.0,1518 BRN_,1.0,32,0.00553786,0.15744264,0.03125
1518,BRN_,0.0001,1518 BRN_,0.0,32,0.0,0.1071792,0.0
1518,BRN_,0.001,1518 BRN_,1.0,32,0.00553786,0.15744264,0.03125
1518,BRN_,0.0025,1518 BRN_,0.0,32,0.0,0.1071792,0.0
1518,BRN_,0.005,1518 BRN_,0.0,32,0.0,0.1071792,0.0
1518,BRN_,0.01,1518 BRN_,1.0,32,0.00553786,0.15744264,0.03125
1518,CRAN,0.0,1518 CRAN,1.0,32,0.00553786,0.15744264,0.03125
1518,CRAN,0.0001,1518 CRAN,0.0,32,0.0,0.1071792,0.0
1518,CRAN,0.001,1518 CRAN,1.0,32,0.00553786,0.15744264,0.03125
1518,CRAN,0.0025,1518 CRAN,0.0,32,0.0,0.1071792,0.0
1518,CRAN,0.005,1518 CRAN,0.0,32,0.0,0.1071792,0.0
1518,CRAN,0.01,1518 CRAN,1.0,32,0.00553786,0.15744264,0.03125
1518,EDEM,0.0,1518 EDEM,1.0,32,0.00553786,0.15744264,0.03125
1518,EDEM,0.0001,1518 EDEM,0.0,32,0.0,0.1071792,0.0
1518,EDEM,0.001,1518 EDEM,1.0,32,0.00553786,0.15744264,0.03125
1518,EDEM,0.0025,1518 EDEM,0.0,32,0.0,0.1071792,0.0
1518,EDEM,0.005,1518 EDEM,0.0,32,0.0,0.1071792,0.0
1518,EDEM,0.01,1518 EDEM,1.0,32,0.00553786,0.15744264,0.03125
1518,LTRK,0.0,1518 LTRK,0.0,32,0.0,0.1071792,0.0
1518,LTRK,0.0001,1518 LTRK,0.0,32,0.0,0.1071792,0.0
1518,LTRK,0.001,1518 LTRK,0.0,32,0.0,0.1071792,0.0
1518,LTRK,0.0025,1518 LTRK,0.0,32,0.0,0.1071792,0.0
1518,LTRK,0.005,1518 LTRK,0.0,32,0.0,0.1071792,0.0
1518,LTRK,0.01,1518 LTRK,0.0,32,0.0,0.1071792,0.0
1518,MO24,0.0,1518 MO24,5.0,32,0.0686442,0.3175415,0.15625
1518,MO24,0.0001,1518 MO24,1.0,32,0.00553786,0.15744264,0.03125
1518,MO24,0.001,1518 MO24,0.0,32,0.0,0.1071792,0.0
1518,MO24,0.0025,1518 MO24,0.0,32,0.0,0.1071792,0.0
1518,MO24,0.005,1518 MO24,1.0,32,0.00553786,0.15744264,0.03125
1518,MO24,0.01,1518 MO24,1.0,32,0.00553786,0.15744264,0.03125
1518,NC24,0.0,1518 NC24,0.0,26,0.0,0.12872892,0.0
1518,NC24,0.0001,1518 NC24,0.0,31,0.0,0.1102554,0.0
1518,NC24,0.001,1518 NC24,0.0,31,0.0,0.1102554,0.0
1518,NC24,0.0025,1518 NC24,0.0,31,0.0,0.1102554,0.0
1518,NC24,0.005,1518 NC24,0.0,31,0.0,0.1102554,0.0
1518,NC24,0.01,1518 NC24,0.0,31,0.0,0.1102554,0.0
1518,TOT_MORT,0.0,1518 TOT_MORT,6.0,32,0.08889545,0.35309155,0.1875
1518,TOT_MORT,0.0001,1518 TOT_MORT,1.0,32,0.00553786,0.15744264,0.03125
1518,TOT_MORT,0.001,1518 TOT_MORT,1.0,32,0.00553786,0.15744264,0.03125
1518,TOT_MORT,0.0025,1518 TOT_MORT,1.0,32,0.00553786,0.15744264,0.03125
1518,TOT_MORT,0.005,1518 TOT_MORT,1.0,32,0.00553786,0.15744264,0.03125
1518,TOT_MORT,0.01,1518 TOT_MORT,1.0,32,0.00553786,0.15744264,0.03125
1519,ALL_BUT_MORT,0.0,1519 ALL_BUT_MORT,0.0,32,0.0,0.1071792,0.0
1519,ALL_BUT_MORT,0.0001,1519 ALL_BUT_MORT,20.0,32,0.45254407,0.77066113,0.625
1519,ALL_BUT_MORT,0.001,1519 ALL_BUT_MORT,7.0,32,0.11023836,0.38754994,0.21875
1519,ALL_BUT_MORT,0.0025,1519 ALL_BUT_MORT,18.0,32,0.39325591,0.71834669,0.5625
1519,ALL_BUT_MORT,0.005,1519 ALL_BUT_MORT,28.0,32,0.71931695,0.95029866,0.875
1519,ALL_BUT_MORT,0.01,1519 ALL_BUT_MORT,10.0,32,0.17952542,0.48566678,0.3125
1519,ANY120,0.0,1519 ANY120,2.0,32,0.01731057,0.20147123,0.0625
1519,ANY120,0.0001,1519 ANY120,20.0,32,0.45254407,0.77066113,0.625
1519,ANY120,0.001,1519 ANY120,32.0,32,0.8928208,1.0,1.0
1519,ANY120,0.0025,1519 ANY120,32.0,32,0.8928208,1.0,1.0
1519,ANY120,0.005,1519 ANY120,32.0,32,0.8928208,1.0,1.0
1519,ANY120,0.01,1519 ANY120,32.0,32,0.8928208,1.0,1.0
1519,ANY24,0.0,1519 ANY24,2.0,32,0.01731057,0.20147123,0.0625
1519,ANY24,0.0001,1519 ANY24,0.0,32,0.0,0.1071792,0.0
1519,ANY24,0.001,1519 ANY24,11.0,32,0.20410438,0.51688912,0.34375
1519,ANY24,0.0025,1519 ANY24,23.0,32,0.54625491,0.8443542,0.71875
1519,ANY24,0.005,1519 ANY24,32.0,32,0.8928208,1.0,1.0
1519,ANY24,0.01,1519 ANY24,32.0,32,0.8928208,1.0,1.0
1519,AXIS,0.0,1519 AXIS,0.0,30,0.0,0.11351339,0.0
1519,AXIS,0.0001,1519 AXIS,0.0,32,0.0,0.1071792,0.0
1519,AXIS,0.001,1519 AXIS,0.0,0,,,
1519,AXIS,0.0025,1519 AXIS,0.0,0,,,
1519,AXIS,0.005,1519 AXIS,0.0,0,,,
1519,AXIS,0.01,1519 AXIS,0.0,0,,,
1519,BRN_,0.0,1519 BRN_,0.0,32,0.0,0.1071792,0.0
1519,BRN_,0.0001,1519 BRN_,3.0,32,0.03240155,0.24218155,0.09375
1519,BRN_,0.001,1519 BRN_,0.0,32,0.0,0.1071792,0.0
1519,BRN_,0.0025,1519 BRN_,0.0,32,0.0,0.1071792,0.0
1519,BRN_,0.005,1519 BRN_,0.0,32,0.0,0.1071792,0.0
1519,BRN_,0.01,1519 BRN_,0.0,32,0.0,0.1071792,0.0
1519,CRAN,0.0,1519 CRAN,0.0,32,0.0,0.1071792,0.0
1519,CRAN,0.0001,1519 CRAN,1.0,32,0.00553786,0.15744264,0.03125
1519,CRAN,0.001,1519 CRAN,0.0,32,0.0,0.1071792,0.0
1519,CRAN,0.0025,1519 CRAN,0.0,32,0.0,0.1071792,0.0
1519,CRAN,0.005,1519 CRAN,0.0,32,0.0,0.1071792,0.0
1519,CRAN,0.01,1519 CRAN,0.0,32,0.0,0.1071792,0.0
1519,EDEM,0.0,1519 EDEM,0.0,32,0.0,0.1071792,0.0
1519,EDEM,0.0001,1519 EDEM,2.0,32,0.01731057,0.20147123,0.0625
1519,EDEM,0.001,1519 EDEM,0.0,32,0.0,0.1071792,0.0
1519,EDEM,0.0025,1519 EDEM,0.0,32,0.0,0.1071792,0.0
1519,EDEM,0.005,1519 EDEM,0.0,32,0.0,0.1071792,0.0
1519,EDEM,0.01,1519 EDEM,0.0,32,0.0,0.1071792,0.0
1519,LTRK,0.0,1519 LTRK,0.0,32,0.0,0.1071792,0.0
1519,LTRK,0.0001,1519 LTRK,19.0,32,0.42260025,0.74480365,0.59375
1519,LTRK,0.001,1519 LTRK,0.0,32,0.0,0.1071792,0.0
1519,LTRK,0.0025,1519 LTRK,0.0,32,0.0,0.1071792,0.0
1519,LTRK,0.005,1519 LTRK,0.0,32,0.0,0.1071792,0.0
1519,LTRK,0.01,1519 LTRK,0.0,32,0.0,0.1071792,0.0
1519,MO24,0.0,1519 MO24,2.0,32,0.01731057,0.20147123,0.0625
1519,MO24,0.0001,1519 MO24,0.0,32,0.0,0.1071792,0.0
1519,MO24,0.001,1519 MO24,4.0,32,0.04970134,0.28068305,0.125
1519,MO24,0.0025,1519 MO24,5.0,32,0.0686442,0.3175415,0.15625
1519,MO24,0.005,1519 MO24,4.0,32,0.04970134,0.28068305,0.125
1519,MO24,0.01,1519 MO24,22.0,32,0.51433322,0.82047458,0.6875
1519,NC24,0.0,1519 NC24,0.0,30,0.0,0.11351339,0.0
1519,NC24,0.0001,1519 NC24,0.0,32,0.0,0.1071792,0.0
1519,NC24,0.001,1519 NC24,0.0,0,,,
1519,NC24,0.0025,1519 NC24,0.0,0,,,
1519,NC24,0.005,1519 NC24,0.0,0,,,
1519,NC24,0.01,1519 NC24,0.0,0,,,
1519,TOT_MORT,0.0,1519 TOT_MORT,2.0,32,0.01731057,0.20147123,0.0625
1519,TOT_MORT,0.0001,1519 TOT_MORT,0.0,32,0.0,0.1071792,0.0
1519,TOT_MORT,0.001,1519 TOT_MORT,32.0,32,0.8928208,1.0,1.0
1519,TOT_MORT,0.0025,1519 TOT_MORT,32.0,32,0.8928208,1.0,1.0
1519,TOT_MORT,0.005,1519 TOT_MORT,32.0,32,0.8928208,1.0,1.0
1519,TOT_MORT,0.01,1519 TOT_MORT,32.0,32,0.8928208,1.0,1.0
1520,ALL_BUT_MORT,0.0,1520 ALL_BUT_MORT,0.0,32,0.0,0.1071792,0.0
1520,ALL_BUT_MORT,0.0001,1520 ALL_BUT_MORT,1.0,32,0.00553786,0.15744264,0.03125
1520,ALL_BUT_MORT,0.001,1520 ALL_BUT_MORT,30.0,32,0.79852877,0.98268943,0.9375
1520,ALL_BUT_MORT,0.0025,1520 ALL_BUT_MORT,10.0,32,0.17952542,0.48566678,0.3125
1520,ALL_BUT_MORT,0.005,1520 ALL_BUT_MORT,12.0,32,0.22933887,0.54745593,0.375
1520,ALL_BUT_MORT,0.01,1520 ALL_BUT_MORT,25.0,32,0.61245006,0.88976164,0.78125
1520,ANY120,0.0,1520 ANY120,2.0,32,0.01731057,0.20147123,0.0625
1520,ANY120,0.0001,1520 ANY120,1.0,32,0.00553786,0.15744264,0.03125
1520,ANY120,0.001,1520 ANY120,32.0,32,0.8928208,1.0,1.0
1520,ANY120,0.0025,1520 ANY120,32.0,32,0.8928208,1.0,1.0
1520,ANY120,0.005,1520 ANY120,32.0,32,0.8928208,1.0,1.0
1520,ANY120,0.01,1520 ANY120,32.0,32,0.8928208,1.0,1.0
1520,ANY24,0.0,1520 ANY24,1.0,32,0.00553786,0.15744264,0.03125
1520,ANY24,0.0001,1520 ANY24,0.0,32,0.0,0.1071792,0.0
1520,ANY24,0.001,1520 ANY24,1.0,32,0.00553786,0.15744264,0.03125
1520,ANY24,0.0025,1520 ANY24,6.0,32,0.08889545,0.35309155,0.1875
1520,ANY24,0.005,1520 ANY24,13.0,32,0.25519635,0.57739975,0.40625
1520,ANY24,0.01,1520 ANY24,31.0,32,0.84255736,0.99446214,0.96875
1520,AXIS,0.0,1520 AXIS,0.0,30,0.0,0.11351339,0.0
1520,AXIS,0.0001,1520 AXIS,0.0,32,0.0,0.1071792,0.0
1520,AXIS,0.001,1520 AXIS,9.0,30,0.16664748,0.47875787,0.3
1520,AXIS,0.0025,1520 AXIS,7.0,7,0.64566956,1.0,1.0
1520,AXIS,0.005,1520 AXIS,0.0,0,,,
1520,AXIS,0.01,1520 AXIS,0.0,0,,,
1520,BRN_,0.0,1520 BRN_,0.0,32,0.0,0.1071792,0.0
1520,BRN_,0.0001,1520 BRN_,0.0,32,0.0,0.1071792,0.0
1520,BRN_,0.001,1520 BRN_,20.0,32,0.45254407,0.77066113,0.625
1520,BRN_,0.0025,1520 BRN_,7.0,32,0.11023836,0.38754994,0.21875
1520,BRN_,0.005,1520 BRN_,0.0,32,0.0,0.1071792,0.0
1520,BRN_,0.01,1520 BRN_,0.0,32,0.0,0.1071792,0.0
1520,CRAN,0.0,1520 CRAN,0.0,32,0.0,0.1071792,0.0
1520,CRAN,0.0001,1520 CRAN,0.0,32,0.0,0.1071792,0.0
1520,CRAN,0.001,1520 CRAN,30.0,32,0.79852877,0.98268943,0.9375
1520,CRAN,0.0025,1520 CRAN,7.0,32,0.11023836,0.38754994,0.21875
1520,CRAN,0.005,1520 CRAN,0.0,32,0.0,0.1071792,0.0
1520,CRAN,0.01,1520 CRAN,0.0,32,0.0,0.1071792,0.0
1520,EDEM,0.0,1520 EDEM,0.0,32,0.0,0.1071792,0.0
1520,EDEM,0.0001,1520 EDEM,1.0,32,0.00553786,0.15744264,0.03125
1520,EDEM,0.001,1520 EDEM,30.0,32,0.79852877,0.98268943,0.9375
1520,EDEM,0.0025,1520 EDEM,7.0,32,0.11023836,0.38754994,0.21875
1520,EDEM,0.005,1520 EDEM,0.0,32,0.0,0.1071792,0.0
1520,EDEM,0.01,1520 EDEM,0.0,32,0.0,0.1071792,0.0
1520,LTRK,0.0,1520 LTRK,0.0,32,0.0,0.1071792,0.0
1520,LTRK,0.0001,1520 LTRK,0.0,32,0.0,0.1071792,0.0
1520,LTRK,0.001,1520 LTRK,6.0,32,0.08889545,0.35309155,0.1875
1520,LTRK,0.0025,1520 LTRK,0.0,32,0.0,0.1071792,0.0
1520,LTRK,0.005,1520 LTRK,0.0,32,0.0,0.1071792,0.0
1520,LTRK,0.01,1520 LTRK,0.0,32,0.0,0.1071792,0.0
1520,MO24,0.0,1520 MO24,1.0,32,0.00553786,0.15744264,0.03125
1520,MO24,0.0001,1520 MO24,0.0,32,0.0,0.1071792,0.0
1520,MO24,0.001,1520 MO24,1.0,32,0.00553786,0.15744264,0.03125
1520,MO24,0.0025,1520 MO24,2.0,32,0.01731057,0.20147123,0.0625
1520,MO24,0.005,1520 MO24,1.0,32,0.00553786,0.15744264,0.03125
1520,MO24,0.01,1520 MO24,6.0,32,0.08889545,0.35309155,0.1875
1520,NC24,0.0,1520 NC24,0.0,30,0.0,0.11351339,0.0
1520,NC24,0.0001,1520 NC24,0.0,32,0.0,0.1071792,0.0
1520,NC24,0.001,1520 NC24,0.0,30,0.0,0.11351339,0.0
1520,NC24,0.0025,1520 NC24,0.0,7,0.0,0.35433044,0.0
1520,NC24,0.005,1520 NC24,0.0,0,,,
1520,NC24,0.01,1520 NC24,0.0,0,,,
1520,TOT_MORT,0.0,1520 TOT_MORT,2.0,32,0.01731057,0.20147123,0.0625
1520,TOT_MORT,0.0001,1520 TOT_MORT,0.0,32,0.0,0.1071792,0.0
1520,TOT_MORT,0.001,1520 TOT_MORT,2.0,32,0.01731057,0.20147123,0.0625
1520,TOT_MORT,0.0025,1520 TOT_MORT,25.0,32,0.61245006,0.88976164,0.78125
1520,TOT_MORT,0.005,1520 TOT_MORT,32.0,32,0.8928208,1.0,1.0
1520,TOT_MORT,0.01,1520 TOT_MORT,32.0,32,0.8928208,1.0,1.0
1521,ALL_BUT_MORT,0.0,1521 ALL_BUT_MORT,0.0,32,0.0,0.1071792,0.0
1521,ALL_BUT_MORT,0.0001,1521 ALL_BUT_MORT,1.0,32,0.00553786,0.15744264,0.03125
1521,ALL_BUT_MORT,0.001,1521 ALL_BUT_MORT,0.0,32,0.0,0.1071792,0.0
1521,ALL_BUT_MORT,0.0025,1521 ALL_BUT_MORT,21.0,32,0.48311088,0.79589562,0.65625
1521,ALL_BUT_MORT,0.005,1521 ALL_BUT_MORT,25.0,32,0.61245006,0.88976164,0.78125
1521,ALL_BUT_MORT,0.01,1521 ALL_BUT_MORT,11.0,32,0.20410438,0.51688912,0.34375
1521,ANY120,0.0,1521 ANY120,1.0,32,0.00553786,0.15744264,0.03125
1521,ANY120,0.0001,1521 ANY120,2.0,32,0.01731057,0.20147123,0.0625
1521,ANY120,0.001,1521 ANY120,2.0,32,0.01731057,0.20147123,0.0625
1521,ANY120,0.0025,1521 ANY120,23.0,32,0.54625491,0.8443542,0.71875
1521,ANY120,0.005,1521 ANY120,32.0,32,0.8928208,1.0,1.0
1521,ANY120,0.01,1521 ANY120,32.0,32,0.8928208,1.0,1.0
1521,ANY24,0.0,1521 ANY24,0.0,32,0.0,0.1071792,0.0
1521,ANY24,0.0001,1521 ANY24,2.0,32,0.01731057,0.20147123,0.0625
1521,ANY24,0.001,1521 ANY24,1.0,32,0.00553786,0.15744264,0.03125
1521,ANY24,0.0025,1521 ANY24,2.0,32,0.01731057,0.20147123,0.0625
1521,ANY24,0.005,1521 ANY24,7.0,32,0.11023836,0.38754994,0.21875
1521,ANY24,0.01,1521 ANY24,21.0,32,0.48311088,0.79589562,0.65625
1521,AXIS,0.0,1521 AXIS,0.0,31,0.0,0.1102554,0.0
1521,AXIS,0.0001,1521 AXIS,0.0,30,0.0,0.11351339,0.0
1521,AXIS,0.001,1521 AXIS,0.0,30,0.0,0.11351339,0.0
1521,AXIS,0.0025,1521 AXIS,3.0,30,0.03459989,0.25621083,0.1
1521,AXIS,0.005,1521 AXIS,10.0,25,0.23403302,0.59260543,0.4
1521,AXIS,0.01,1521 AXIS,0.0,0,,,
1521,BRN_,0.0,1521 BRN_,0.0,32,0.0,0.1071792,0.0
1521,BRN_,0.0001,1521 BRN_,0.0,32,0.0,0.1071792,0.0
1521,BRN_,0.001,1521 BRN_,0.0,32,0.0,0.1071792,0.0
1521,BRN_,0.0025,1521 BRN_,5.0,32,0.0686442,0.3175415,0.15625
1521,BRN_,0.005,1521 BRN_,24.0,32,0.57893441,0.86747599,0.75
1521,BRN_,0.01,1521 BRN_,0.0,32,0.0,0.1071792,0.0
1521,CRAN,0.0,1521 CRAN,0.0,32,0.0,0.1071792,0.0
1521,CRAN,0.0001,1521 CRAN,0.0,32,0.0,0.1071792,0.0
1521,CRAN,0.001,1521 CRAN,0.0,32,0.0,0.1071792,0.0
1521,CRAN,0.0025,1521 CRAN,8.0,32,0.13252401,0.42106559,0.25
1521,CRAN,0.005,1521 CRAN,25.0,32,0.61245006,0.88976164,0.78125
1521,CRAN,0.01,1521 CRAN,0.0,32,0.0,0.1071792,0.0
1521,EDEM,0.0,1521 EDEM,0.0,32,0.0,0.1071792,0.0
1521,EDEM,0.0001,1521 EDEM,0.0,32,0.0,0.1071792,0.0
1521,EDEM,0.001,1521 EDEM,0.0,32,0.0,0.1071792,0.0
1521,EDEM,0.0025,1521 EDEM,20.0,32,0.45254407,0.77066113,0.625
1521,EDEM,0.005,1521 EDEM,25.0,32,0.61245006,0.88976164,0.78125
1521,EDEM,0.01,1521 EDEM,0.0,32,0.0,0.1071792,0.0
1521,LTRK,0.0,1521 LTRK,0.0,32,0.0,0.1071792,0.0
1521,LTRK,0.0001,1521 LTRK,0.0,32,0.0,0.1071792,0.0
1521,LTRK,0.001,1521 LTRK,0.0,32,0.0,0.1071792,0.0
1521,LTRK,0.0025,1521 LTRK,1.0,32,0.00553786,0.15744264,0.03125
1521,LTRK,0.005,1521 LTRK,10.0,32,0.17952542,0.48566678,0.3125
1521,LTRK,0.01,1521 LTRK,0.0,32,0.0,0.1071792,0.0
1521,MO24,0.0,1521 MO24,0.0,32,0.0,0.1071792,0.0
1521,MO24,0.0001,1521 MO24,1.0,32,0.00553786,0.15744264,0.03125
1521,MO24,0.001,1521 MO24,1.0,32,0.00553786,0.15744264,0.03125
1521,MO24,0.0025,1521 MO24,2.0,32,0.01731057,0.20147123,0.0625
1521,MO24,0.005,1521 MO24,5.0,32,0.0686442,0.3175415,0.15625
1521,MO24,0.01,1521 MO24,10.0,32,0.17952542,0.48566678,0.3125
1521,NC24,0.0,1521 NC24,0.0,31,0.0,0.1102554,0.0
1521,NC24,0.0001,1521 NC24,0.0,30,0.0,0.11351339,0.0
1521,NC24,0.001,1521 NC24,0.0,30,0.0,0.11351339,0.0
1521,NC24,0.0025,1521 NC24,0.0,30,0.0,0.11351339,0.0
1521,NC24,0.005,1521 NC24,0.0,25,0.0,0.13319225,0.0
1521,NC24,0.01,1521 NC24,0.0,0,,,
1521,TOT_MORT,0.0,1521 TOT_MORT,1.0,32,0.00553786,0.15744264,0.03125
1521,TOT_MORT,0.0001,1521 TOT_MORT,2.0,32,0.01731057,0.20147123,0.0625
1521,TOT_MORT,0.001,1521 TOT_MORT,2.0,32,0.01731057,0.20147123,0.0625
1521,TOT_MORT,0.0025,1521 TOT_MORT,2.0,32,0.01731057,0.20147123,0.0625
1521,TOT_MORT,0.005,1521 TOT_MORT,7.0,32,0.11023836,0.38754994,0.21875
1521,TOT_MORT,0.01,1521 TOT_MORT,32.0,32,0.8928208,1.0,1.0
2677,ALL_BUT_MORT,0.0,2677 ALL_BUT_MORT,2.0,32,0.01731057,0.20147123,0.0625
2677,ALL_BUT_MORT,0.000128,2677 ALL_BUT_MORT,4.0,32,0.04970134,0.28068305,0.125
2677,ALL_BUT_MORT,0.00064,2677 ALL_BUT_MORT,5.0,32,0.0686442,0.3175415,0.15625
2677,ALL_BUT_MORT,0.0032,2677 ALL_BUT_MORT,3.0,32,0.03240155,0.24218155,0.09375
2677,ALL_BUT_MORT,0.016,2677 ALL_BUT_MORT,3.0,32,0.03240155,0.24218155,0.09375
2677,ALL_BUT_MORT,0.08,2677 ALL_BUT_MORT,1.0,32,0.00553786,0.15744264,0.03125
2677,ALL_BUT_MORT,0.4,2677 ALL_BUT_MORT,2.0,32,0.01731057,0.20147123,0.0625
2677,ALL_BUT_MORT,2.0,2677 ALL_BUT_MORT,2.0,32,0.01731057,0.20147123,0.0625
2677,ALL_BUT_MORT,10.0,2677 ALL_BUT_MORT,25.0,32,0.61245006,0.88976164,0.78125
2677,ALL_BUT_MORT,50.0,2677 ALL_BUT_MORT,8.0,32,0.13252401,0.42106559,0.25
2677,ANY120,0.0,2677 ANY120,2.0,32,0.01731057,0.20147123,0.0625
2677,ANY120,0.000128,2677 ANY120,4.0,32,0.04970134,0.28068305,0.125
2677,ANY120,0.00064,2677 ANY120,5.0,32,0.0686442,0.3175415,0.15625
2677,ANY120,0.0032,2677 ANY120,4.0,32,0.04970134,0.28068305,0.125
2677,ANY120,0.016,2677 ANY120,3.0,32,0.03240155,0.24218155,0.09375
2677,ANY120,0.08,2677 ANY120,1.0,32,0.00553786,0.15744264,0.03125
2677,ANY120,0.4,2677 ANY120,2.0,32,0.01731057,0.20147123,0.0625
2677,ANY120,2.0,2677 ANY120,3.0,32,0.03240155,0.24218155,0.09375
2677,ANY120,10.0,2677 ANY120,27.0,32,0.6824585,0.9313558,0.84375
2677,ANY120,50.0,2677 ANY120,32.0,32,0.8928208,1.0,1.0
2677,ANY24,0.0,2677 ANY24,1.0,32,0.00553786,0.15744264,0.03125
2677,ANY24,0.000128,2677 ANY24,1.0,32,0.00553786,0.15744264,0.03125
2677,ANY24,0.00064,2677 ANY24,3.0,32,0.03240155,0.24218155,0.09375
2677,ANY24,0.0032,2677 ANY24,2.0,32,0.01731057,0.20147123,0.0625
2677,ANY24,0.016,2677 ANY24,0.0,32,0.0,0.1071792,0.0
2677,ANY24,0.08,2677 ANY24,0.0,32,0.0,0.1071792,0.0
2677,ANY24,0.4,2677 ANY24,1.0,32,0.00553786,0.15744264,0.03125
2677,ANY24,2.0,2677 ANY24,1.0,32,0.00553786,0.15744264,0.03125
2677,ANY24,10.0,2677 ANY24,1.0,32,0.00553786,0.15744264,0.03125
2677,ANY24,50.0,2677 ANY24,8.0,32,0.13252401,0.42106559,0.25
2677,AXIS,0.0,2677 AXIS,1.0,32,0.00553786,0.15744264,0.03125
2677,AXIS,0.000128,2677 AXIS,0.0,32,0.0,0.1071792,0.0
2677,AXIS,0.00064,2677 AXIS,3.0,32,0.03240155,0.24218155,0.09375
2677,AXIS,0.0032,2677 AXIS,2.0,31,0.01787478,0.20718637,0.06451613
2677,AXIS,0.016,2677 AXIS,3.0,32,0.03240155,0.24218155,0.09375
2677,AXIS,0.08,2677 AXIS,0.0,32,0.0,0.1071792,0.0
2677,AXIS,0.4,2677 AXIS,0.0,32,0.0,0.1071792,0.0
2677,AXIS,2.0,2677 AXIS,0.0,30,0.0,0.11351339,0.0
2677,AXIS,10.0,2677 AXIS,0.0,30,0.0,0.11351339,0.0
2677,AXIS,50.0,2677 AXIS,3.0,4,0.30064184,0.95441274,0.75
2677,BRN_,0.0,2677 BRN_,1.0,32,0.00553786,0.15744264,0.03125
2677,BRN_,0.000128,2677 BRN_,1.0,32,0.00553786,0.15744264,0.03125
2677,BRN_,0.00064,2677 BRN_,2.0,32,0.01731057,0.20147123,0.0625
2677,BRN_,0.0032,2677 BRN_,2.0,32,0.01731057,0.20147123,0.0625
2677,BRN_,0.016,2677 BRN_,3.0,32,0.03240155,0.24218155,0.09375
2677,BRN_,0.08,2677 BRN_,0.0,32,0.0,0.1071792,0.0
2677,BRN_,0.4,2677 BRN_,0.0,32,0.0,0.1071792,0.0
2677,BRN_,2.0,2677 BRN_,0.0,32,0.0,0.1071792,0.0
2677,BRN_,10.0,2677 BRN_,2.0,32,0.01731057,0.20147123,0.0625
2677,BRN_,50.0,2677 BRN_,4.0,32,0.04970134,0.28068305,0.125
2677,CRAN,0.0,2677 CRAN,1.0,32,0.00553786,0.15744264,0.03125
2677,CRAN,0.000128,2677 CRAN,1.0,32,0.00553786,0.15744264,0.03125
2677,CRAN,0.00064,2677 CRAN,2.0,32,0.01731057,0.20147123,0.0625
2677,CRAN,0.0032,2677 CRAN,2.0,32,0.01731057,0.20147123,0.0625
2677,CRAN,0.016,2677 CRAN,3.0,32,0.03240155,0.24218155,0.09375
2677,CRAN,0.08,2677 CRAN,0.0,32,0.0,0.1071792,0.0
2677,CRAN,0.4,2677 CRAN,1.0,32,0.00553786,0.15744264,0.03125
2677,CRAN,2.0,2677 CRAN,1.0,32,0.00553786,0.15744264,0.03125
2677,CRAN,10.0,2677 CRAN,4.0,32,0.04970134,0.28068305,0.125
2677,CRAN,50.0,2677 CRAN,4.0,32,0.04970134,0.28068305,0.125
2677,EDEM,0.0,2677 EDEM,1.0,32,0.00553786,0.15744264,0.03125
2677,EDEM,0.000128,2677 EDEM,2.0,32,0.01731057,0.20147123,0.0625
2677,EDEM,0.00064,2677 EDEM,3.0,32,0.03240155,0.24218155,0.09375
2677,EDEM,0.0032,2677 EDEM,3.0,32,0.03240155,0.24218155,0.09375
2677,EDEM,0.016,2677 EDEM,3.0,32,0.03240155,0.24218155,0.09375
2677,EDEM,0.08,2677 EDEM,1.0,32,0.00553786,0.15744264,0.03125
2677,EDEM,0.4,2677 EDEM,0.0,32,0.0,0.1071792,0.0
2677,EDEM,2.0,2677 EDEM,1.0,32,0.00553786,0.15744264,0.03125
2677,EDEM,10.0,2677 EDEM,5.0,32,0.0686442,0.3175415,0.15625
2677,EDEM,50.0,2677 EDEM,4.0,32,0.04970134,0.28068305,0.125
2677,LTRK,0.0,2677 LTRK,2.0,32,0.01731057,0.20147123,0.0625
2677,LTRK,0.000128,2677 LTRK,2.0,32,0.01731057,0.20147123,0.0625
2677,LTRK,0.00064,2677 LTRK,2.0,32,0.01731057,0.20147123,0.0625
2677,LTRK,0.0032,2677 LTRK,2.0,32,0.01731057,0.20147123,0.0625
2677,LTRK,0.016,2677 LTRK,3.0,32,0.03240155,0.24218155,0.09375
2677,LTRK,0.08,2677 LTRK,0.0,32,0.0,0.1071792,0.0
2677,LTRK,0.4,2677 LTRK,0.0,32,0.0,0.1071792,0.0
2677,LTRK,2.0,2677 LTRK,0.0,32,0.0,0.1071792,0.0
2677,LTRK,10.0,2677 LTRK,25.0,32,0.61245006,0.88976164,0.78125
2677,LTRK,50.0,2677 LTRK,4.0,32,0.04970134,0.28068305,0.125
2677,MO24,0.0,2677 MO24,0.0,32,0.0,0.1071792,0.0
2677,MO24,0.000128,2677 MO24,0.0,32,0.0,0.1071792,0.0
2677,MO24,0.00064,2677 MO24,0.0,32,0.0,0.1071792,0.0
2677,MO24,0.0032,2677 MO24,1.0,32,0.00553786,0.15744264,0.03125
2677,MO24,0.016,2677 MO24,0.0,32,0.0,0.1071792,0.0
2677,MO24,0.08,2677 MO24,0.0,32,0.0,0.1071792,0.0
2677,MO24,0.4,2677 MO24,0.0,32,0.0,0.1071792,0.0
2677,MO24,2.0,2677 MO24,0.0,32,0.0,0.1071792,0.0
2677,MO24,10.0,2677 MO24,0.0,32,0.0,0.1071792,0.0
2677,MO24,50.0,2677 MO24,1.0,32,0.00553786,0.15744264,0.03125
2677,NC24,0.0,2677 NC24,1.0,32,0.00553786,0.15744264,0.03125
2677,NC24,0.000128,2677 NC24,0.0,32,0.0,0.1071792,0.0
2677,NC24,0.00064,2677 NC24,2.0,32,0.01731057,0.20147123,0.0625
2677,NC24,0.0032,2677 NC24,1.0,31,0.00571722,0.16194105,0.03225806
2677,NC24,0.016,2677 NC24,0.0,32,0.0,0.1071792,0.0
2677,NC24,0.08,2677 NC24,0.0,32,0.0,0.1071792,0.0
2677,NC24,0.4,2677 NC24,1.0,32,0.00553786,0.15744264,0.03125
2677,NC24,2.0,2677 NC24,0.0,30,0.0,0.11351339,0.0
2677,NC24,10.0,2677 NC24,1.0,30,0.00590859,0.16670391,0.03333333
2677,NC24,50.0,2677 NC24,3.0,4,0.30064184,0.95441274,0.75
2677,TOT_MORT,0.0,2677 TOT_MORT,0.0,32,0.0,0.1071792,0.0
2677,TOT_MORT,0.000128,2677 TOT_MORT,0.0,32,0.0,0.1071792,0.0
2677,TOT_MORT,0.00064,2677 TOT_MORT,0.0,32,0.0,0.1071792,0.0
2677,TOT_MORT,0.0032,2677 TOT_MORT,1.0,32,0.00553786,0.15744264,0.03125
2677,TOT_MORT,0.016,2677 TOT_MORT,0.0,32,0.0,0.1071792,0.0
2677,TOT_MORT,0.08,2677 TOT_MORT,0.0,32,0.0,0.1071792,0.0
2677,TOT_MORT,0.4,2677 TOT_MORT,0.0,32,0.0,0.1071792,0.0
2677,TOT_MORT,2.0,2677 TOT_MORT,2.0,32,0.01731057,0.20147123,0.0625
2677,TOT_MORT,10.0,2677 TOT_MORT,2.0,32,0.01731057,0.20147123,0.0625
2677,TOT_MORT,50.0,2677 TOT_MORT,28.0,32,0.71931695,0.95029866,0.875
2678,ALL_BUT_MORT,0.0,2678 ALL_BUT_MORT,4.0,32,0.04970134,0.28068305,0.125
2678,ALL_BUT_MORT,0.000128,2678 ALL_BUT_MORT,1.0,32,0.00553786,0.15744264,0.03125
2678,ALL_BUT_MORT,0.00064,2678 ALL_BUT_MORT,5.0,32,0.0686442,0.3175415,0.15625
2678,ALL_BUT_MORT,0.0032,2678 ALL_BUT_MORT,5.0,32,0.0686442,0.3175415,0.15625
2678,ALL_BUT_MORT,0.016,2678 ALL_BUT_MORT,2.0,32,0.01731057,0.20147123,0.0625
2678,ALL_BUT_MORT,0.08,2678 ALL_BUT_MORT,3.0,32,0.03240155,0.24218155,0.09375
2678,ALL_BUT_MORT,0.4,2678 ALL_BUT_MORT,3.0,32,0.03240155,0.24218155,0.09375
2678,ALL_BUT_MORT,2.0,2678 ALL_BUT_MORT,7.0,32,0.11023836,0.38754994,0.21875
2678,ALL_BUT_MORT,10.0,2678 ALL_BUT_MORT,12.0,32,0.22933887,0.54745593,0.375
2678,ALL_BUT_MORT,50.0,2678 ALL_BUT_MORT,20.0,32,0.45254407,0.77066113,0.625
2678,ANY120,0.0,2678 ANY120,6.0,32,0.08889545,0.35309155,0.1875
2678,ANY120,0.000128,2678 ANY120,1.0,32,0.00553786,0.15744264,0.03125
2678,ANY120,0.00064,2678 ANY120,8.0,32,0.13252401,0.42106559,0.25
2678,ANY120,0.0032,2678 ANY120,5.0,32,0.0686442,0.3175415,0.15625
2678,ANY120,0.016,2678 ANY120,3.0,32,0.03240155,0.24218155,0.09375
2678,ANY120,0.08,2678 ANY120,3.0,32,0.03240155,0.24218155,0.09375
2678,ANY120,0.4,2678 ANY120,4.0,32,0.04970134,0.28068305,0.125
2678,ANY120,2.0,2678 ANY120,11.0,32,0.20410438,0.51688912,0.34375
2678,ANY120,10.0,2678 ANY120,17.0,32,0.36449517,0.69130613,0.53125
2678,ANY120,50.0,2678 ANY120,30.0,32,0.79852877,0.98268943,0.9375
2678,ANY24,0.0,2678 ANY24,2.0,32,0.01731057,0.20147123,0.0625
2678,ANY24,0.000128,2678 ANY24,1.0,32,0.00553786,0.15744264,0.03125
2678,ANY24,0.00064,2678 ANY24,2.0,32,0.01731057,0.20147123,0.0625
2678,ANY24,0.0032,2678 ANY24,1.0,32,0.00553786,0.15744264,0.03125
2678,ANY24,0.016,2678 ANY24,0.0,32,0.0,0.1071792,0.0
2678,ANY24,0.08,2678 ANY24,0.0,32,0.0,0.1071792,0.0
2678,ANY24,0.4,2678 ANY24,0.0,32,0.0,0.1071792,0.0
2678,ANY24,2.0,2678 ANY24,2.0,32,0.01731057,0.20147123,0.0625
2678,ANY24,10.0,2678 ANY24,1.0,32,0.00553786,0.15744264,0.03125
2678,ANY24,50.0,2678 ANY24,5.0,32,0.0686442,0.3175415,0.15625
2678,AXIS,0.0,2678 AXIS,3.0,30,0.03459989,0.25621083,0.1
2678,AXIS,0.000128,2678 AXIS,0.0,32,0.0,0.1071792,0.0
2678,AXIS,0.00064,2678 AXIS,4.0,29,0.0549744,0.30558994,0.13793103
2678,AXIS,0.0032,2678 AXIS,3.0,31,0.03346464,0.24899938,0.09677419
2678,AXIS,0.016,2678 AXIS,1.0,31,0.00571722,0.16194105,0.03225806
2678,AXIS,0.08,2678 AXIS,2.0,32,0.01731057,0.20147123,0.0625
2678,AXIS,0.4,2678 AXIS,2.0,31,0.01787478,0.20718637,0.06451613
2678,AXIS,2.0,2678 AXIS,1.0,28,0.00633252,0.17712198,0.03571429
2678,AXIS,10.0,2678 AXIS,3.0,27,0.03852035,0.28057801,0.11111111
2678,AXIS,50.0,2678 AXIS,3.0,20,0.05236875,0.36041886,0.15
2678,BRN_,0.0,2678 BRN_,3.0,32,0.03240155,0.24218155,0.09375
2678,BRN_,0.000128,2678 BRN_,1.0,32,0.00553786,0.15744264,0.03125
2678,BRN_,0.00064,2678 BRN_,2.0,32,0.01731057,0.20147123,0.0625
2678,BRN_,0.0032,2678 BRN_,2.0,32,0.01731057,0.20147123,0.0625
2678,BRN_,0.016,2678 BRN_,1.0,32,0.00553786,0.15744264,0.03125
2678,BRN_,0.08,2678 BRN_,2.0,32,0.01731057,0.20147123,0.0625
2678,BRN_,0.4,2678 BRN_,1.0,32,0.00553786,0.15744264,0.03125
2678,BRN_,2.0,2678 BRN_,0.0,32,0.0,0.1071792,0.0
2678,BRN_,10.0,2678 BRN_,0.0,32,0.0,0.1071792,0.0
2678,BRN_,50.0,2678 BRN_,1.0,32,0.00553786,0.15744264,0.03125
2678,CRAN,0.0,2678 CRAN,3.0,32,0.03240155,0.24218155,0.09375
2678,CRAN,0.000128,2678 CRAN,1.0,32,0.00553786,0.15744264,0.03125
2678,CRAN,0.00064,2678 CRAN,2.0,32,0.01731057,0.20147123,0.0625
2678,CRAN,0.0032,2678 CRAN,2.0,32,0.01731057,0.20147123,0.0625
2678,CRAN,0.016,2678 CRAN,1.0,32,0.00553786,0.15744264,0.03125
2678,CRAN,0.08,2678 CRAN,2.0,32,0.01731057,0.20147123,0.0625
2678,CRAN,0.4,2678 CRAN,3.0,32,0.03240155,0.24218155,0.09375
2678,CRAN,2.0,2678 CRAN,0.0,32,0.0,0.1071792,0.0
2678,CRAN,10.0,2678 CRAN,1.0,32,0.00553786,0.15744264,0.03125
2678,CRAN,50.0,2678 CRAN,2.0,32,0.01731057,0.20147123,0.0625
2678,EDEM,0.0,2678 EDEM,3.0,32,0.03240155,0.24218155,0.09375
2678,EDEM,0.000128,2678 EDEM,1.0,32,0.00553786,0.15744264,0.03125
2678,EDEM,0.00064,2678 EDEM,5.0,32,0.0686442,0.3175415,0.15625
2678,EDEM,0.0032,2678 EDEM,4.0,32,0.04970134,0.28068305,0.125
2678,EDEM,0.016,2678 EDEM,2.0,32,0.01731057,0.20147123,0.0625
2678,EDEM,0.08,2678 EDEM,2.0,32,0.01731057,0.20147123,0.0625
2678,EDEM,0.4,2678 EDEM,3.0,32,0.03240155,0.24218155,0.09375
2678,EDEM,2.0,2678 EDEM,2.0,32,0.01731057,0.20147123,0.0625
2678,EDEM,10.0,2678 EDEM,3.0,32,0.03240155,0.24218155,0.09375
2678,EDEM,50.0,2678 EDEM,6.0,32,0.08889545,0.35309155,0.1875
2678,LTRK,0.0,2678 LTRK,4.0,32,0.04970134,0.28068305,0.125
2678,LTRK,0.000128,2678 LTRK,1.0,32,0.00553786,0.15744264,0.03125
2678,LTRK,0.00064,2678 LTRK,3.0,32,0.03240155,0.24218155,0.09375
2678,LTRK,0.0032,2678 LTRK,2.0,32,0.01731057,0.20147123,0.0625
2678,LTRK,0.016,2678 LTRK,1.0,32,0.00553786,0.15744264,0.03125
2678,LTRK,0.08,2678 LTRK,3.0,32,0.03240155,0.24218155,0.09375
2678,LTRK,0.4,2678 LTRK,3.0,32,0.03240155,0.24218155,0.09375
2678,LTRK,2.0,2678 LTRK,6.0,32,0.08889545,0.35309155,0.1875
2678,LTRK,10.0,2678 LTRK,12.0,32,0.22933887,0.54745593,0.375
2678,LTRK,50.0,2678 LTRK,16.0,32,0.33630883,0.66369117,0.5
2678,MO24,0.0,2678 MO24,1.0,32,0.00553786,0.15744264,0.03125
2678,MO24,0.000128,2678 MO24,0.0,32,0.0,0.1071792,0.0
2678,MO24,0.00064,2678 MO24,2.0,32,0.01731057,0.20147123,0.0625
2678,MO24,0.0032,2678 MO24,0.0,32,0.0,0.1071792,0.0
2678,MO24,0.016,2678 MO24,0.0,32,0.0,0.1071792,0.0
2678,MO24,0.08,2678 MO24,0.0,32,0.0,0.1071792,0.0
2678,MO24,0.4,2678 MO24,0.0,32,0.0,0.1071792,0.0
2678,MO24,2.0,2678 MO24,2.0,32,0.01731057,0.20147123,0.0625
2678,MO24,10.0,2678 MO24,1.0,32,0.00553786,0.15744264,0.03125
2678,MO24,50.0,2678 MO24,2.0,32,0.01731057,0.20147123,0.0625
2678,NC24,0.0,2678 NC24,1.0,30,0.00590859,0.16670391,0.03333333
2678,NC24,0.000128,2678 NC24,1.0,32,0.00553786,0.15744264,0.03125
2678,NC24,0.00064,2678 NC24,0.0,29,0.0,0.1169698,0.0
2678,NC24,0.0032,2678 NC24,0.0,31,0.0,0.1102554,0.0
2678,NC24,0.016,2678 NC24,0.0,31,0.0,0.1102554,0.0
2678,NC24,0.08,2678 NC24,0.0,32,0.0,0.1071792,0.0
2678,NC24,0.4,2678 NC24,0.0,31,0.0,0.1102554,0.0
2678,NC24,2.0,2678 NC24,0.0,28,0.0,0.1206433,0.0
2678,NC24,10.0,2678 NC24,0.0,27,0.0,0.12455503,0.0
2678,NC24,50.0,2678 NC24,1.0,20,0.00888145,0.23613119,0.05
2678,TOT_MORT,0.0,2678 TOT_MORT,2.0,32,0.01731057,0.20147123,0.0625
2678,TOT_MORT,0.000128,2678 TOT_MORT,0.0,32,0.0,0.1071792,0.0
2678,TOT_MORT,0.00064,2678 TOT_MORT,3.0,32,0.03240155,0.24218155,0.09375
2678,TOT_MORT,0.0032,2678 TOT_MORT,1.0,32,0.00553786,0.15744264,0.03125
2678,TOT_MORT,0.016,2678 TOT_MORT,1.0,32,0.00553786,0.15744264,0.03125
2678,TOT_MORT,0.08,2678 TOT_MORT,0.0,32,0.0,0.1071792,0.0
2678,TOT_MORT,0.4,2678 TOT_MORT,1.0,32,0.00553786,0.15744264,0.03125
2678,TOT_MORT,2.0,2678 TOT_MORT,4.0,32,0.04970134,0.28068305,0.125
2678,TOT_MORT,10.0,2678 TOT_MORT,5.0,32,0.0686442,0.3175415,0.15625
2678,TOT_MORT,50.0,2678 TOT_MORT,12.0,32,0.22933887,0.54745593,0.375
2679,ALL_BUT_MORT,0.0,2679 ALL_BUT_MORT,2.0,24,0.02315882,0.25848802,0.08333333
2679,ALL_BUT_MORT,0.000128,2679 ALL_BUT_MORT,3.0,24,0.04344334,0.31003881,0.125
2679,ALL_BUT_MORT,0.00064,2679 ALL_BUT_MORT,1.0,24,0.00739346,0.20241806,0.04166667
2679,ALL_BUT_MORT,0.0032,2679 ALL_BUT_MORT,3.0,24,0.04344334,0.31003881,0.125
2679,ALL_BUT_MORT,0.016,2679 ALL_BUT_MORT,1.0,24,0.00739346,0.20241806,0.04166667
2679,ALL_BUT_MORT,0.08,2679 ALL_BUT_MORT,4.0,24,0.06678676,0.35853071,0.16666667
2679,ALL_BUT_MORT,0.4,2679 ALL_BUT_MORT,3.0,24,0.04344334,0.31003881,0.125
2679,ALL_BUT_MORT,2.0,2679 ALL_BUT_MORT,4.0,24,0.06678676,0.35853071,0.16666667
2679,ALL_BUT_MORT,10.0,2679 ALL_BUT_MORT,18.0,24,0.55100556,0.88000634,0.75
2679,ALL_BUT_MORT,50.0,2679 ALL_BUT_MORT,23.0,24,0.79758194,0.99260654,0.95833333
2679,ANY120,0.0,2679 ANY120,2.0,24,0.02315882,0.25848802,0.08333333
2679,ANY120,0.000128,2679 ANY120,3.0,24,0.04344334,0.31003881,0.125
2679,ANY120,0.00064,2679 ANY120,1.0,24,0.00739346,0.20241806,0.04166667
2679,ANY120,0.0032,2679 ANY120,3.0,24,0.04344334,0.31003881,0.125
2679,ANY120,0.016,2679 ANY120,1.0,24,0.00739346,0.20241806,0.04166667
2679,ANY120,0.08,2679 ANY120,4.0,24,0.06678676,0.35853071,0.16666667
2679,ANY120,0.4,2679 ANY120,3.0,24,0.04344334,0.31003881,0.125
2679,ANY120,2.0,2679 ANY120,4.0,24,0.06678676,0.35853071,0.16666667
2679,ANY120,10.0,2679 ANY120,18.0,24,0.55100556,0.88000634,0.75
2679,ANY120,50.0,2679 ANY120,24.0,24,0.8620238,1.0,1.0
2679,ANY24,0.0,2679 ANY24,1.0,24,0.00739346,0.20241806,0.04166667
2679,ANY24,0.000128,2679 ANY24,2.0,24,0.02315882,0.25848802,0.08333333
2679,ANY24,0.00064,2679 ANY24,0.0,24,0.0,0.1379762,0.0
2679,ANY24,0.0032,2679 ANY24,1.0,24,0.00739346,0.20241806,0.04166667
2679,ANY24,0.016,2679 ANY24,0.0,24,0.0,0.1379762,0.0
2679,ANY24,0.08,2679 ANY24,1.0,24,0.00739346,0.20241806,0.04166667
2679,ANY24,0.4,2679 ANY24,2.0,24,0.02315882,0.25848802,0.08333333
2679,ANY24,2.0,2679 ANY24,4.0,24,0.06678676,0.35853071,0.16666667
2679,ANY24,10.0,2679 ANY24,1.0,24,0.00739346,0.20241806,0.04166667
2679,ANY24,50.0,2679 ANY24,0.0,24,0.0,0.1379762,0.0
2679,AXIS,0.0,2679 AXIS,0.0,24,0.0,0.1379762,0.0
2679,AXIS,0.000128,2679 AXIS,0.0,24,0.0,0.1379762,0.0
2679,AXIS,0.00064,2679 AXIS,0.0,24,0.0,0.1379762,0.0
2679,AXIS,0.0032,2679 AXIS,1.0,23,0.00771667,0.20991155,0.04347826
2679,AXIS,0.016,2679 AXIS,0.0,24,0.0,0.1379762,0.0
2679,AXIS,0.08,2679 AXIS,0.0,23,0.0,0.14311662,0.0
2679,AXIS,0.4,2679 AXIS,0.0,23,0.0,0.14311662,0.0
2679,AXIS,2.0,2679 AXIS,1.0,23,0.00771667,0.20991155,0.04347826
2679,AXIS,10.0,2679 AXIS,0.0,23,0.0,0.14311662,0.0
2679,AXIS,50.0,2679 AXIS,23.0,23,0.85688338,1.0,1.0
2679,BRN_,0.0,2679 BRN_,0.0,24,0.0,0.1379762,0.0
2679,BRN_,0.000128,2679 BRN_,0.0,24,0.0,0.1379762,0.0
2679,BRN_,0.00064,2679 BRN_,0.0,24,0.0,0.1379762,0.0
2679,BRN_,0.0032,2679 BRN_,0.0,24,0.0,0.1379762,0.0
2679,BRN_,0.016,2679 BRN_,0.0,24,0.0,0.1379762,0.0
2679,BRN_,0.08,2679 BRN_,0.0,24,0.0,0.1379762,0.0
2679,BRN_,0.4,2679 BRN_,0.0,24,0.0,0.1379762,0.0
2679,BRN_,2.0,2679 BRN_,1.0,24,0.00739346,0.20241806,0.04166667
2679,BRN_,10.0,2679 BRN_,0.0,24,0.0,0.1379762,0.0
2679,BRN_,50.0,2679 BRN_,23.0,24,0.79758194,0.99260654,0.95833333
2679,CRAN,0.0,2679 CRAN,0.0,24,0.0,0.1379762,0.0
2679,CRAN,0.000128,2679 CRAN,0.0,24,0.0,0.1379762,0.0
2679,CRAN,0.00064,2679 CRAN,0.0,24,0.0,0.1379762,0.0
2679,CRAN,0.0032,2679 CRAN,0.0,24,0.0,0.1379762,0.0
2679,CRAN,0.016,2679 CRAN,0.0,24,0.0,0.1379762,0.0
2679,CRAN,0.08,2679 CRAN,0.0,24,0.0,0.1379762,0.0
2679,CRAN,0.4,2679 CRAN,0.0,24,0.0,0.1379762,0.0
2679,CRAN,2.0,2679 CRAN,1.0,24,0.00739346,0.20241806,0.04166667
2679,CRAN,10.0,2679 CRAN,1.0,24,0.00739346,0.20241806,0.04166667
2679,CRAN,50.0,2679 CRAN,23.0,24,0.79758194,0.99260654,0.95833333
2679,EDEM,0.0,2679 EDEM,0.0,24,0.0,0.1379762,0.0
2679,EDEM,0.000128,2679 EDEM,0.0,24,0.0,0.1379762,0.0
2679,EDEM,0.00064,2679 EDEM,0.0,24,0.0,0.1379762,0.0
2679,EDEM,0.0032,2679 EDEM,0.0,24,0.0,0.1379762,0.0
2679,EDEM,0.016,2679 EDEM,0.0,24,0.0,0.1379762,0.0
2679,EDEM,0.08,2679 EDEM,0.0,24,0.0,0.1379762,0.0
2679,EDEM,0.4,2679 EDEM,0.0,24,0.0,0.1379762,0.0
2679,EDEM,2.0,2679 EDEM,1.0,24,0.00739346,0.20241806,0.04166667
2679,EDEM,10.0,2679 EDEM,2.0,24,0.02315882,0.25848802,0.08333333
2679,EDEM,50.0,2679 EDEM,23.0,24,0.79758194,0.99260654,0.95833333
2679,LTRK,0.0,2679 LTRK,1.0,24,0.00739346,0.20241806,0.04166667
2679,LTRK,0.000128,2679 LTRK,0.0,24,0.0,0.1379762,0.0
2679,LTRK,0.00064,2679 LTRK,0.0,24,0.0,0.1379762,0.0
2679,LTRK,0.0032,2679 LTRK,0.0,24,0.0,0.1379762,0.0
2679,LTRK,0.016,2679 LTRK,0.0,24,0.0,0.1379762,0.0
2679,LTRK,0.08,2679 LTRK,0.0,24,0.0,0.1379762,0.0
2679,LTRK,0.4,2679 LTRK,1.0,24,0.00739346,0.20241806,0.04166667
2679,LTRK,2.0,2679 LTRK,1.0,24,0.00739346,0.20241806,0.04166667
2679,LTRK,10.0,2679 LTRK,16.0,24,0.46706317,0.8202781,0.66666667
2679,LTRK,50.0,2679 LTRK,23.0,24,0.79758194,0.99260654,0.95833333
2679,MO24,0.0,2679 MO24,0.0,24,0.0,0.1379762,0.0
2679,MO24,0.000128,2679 MO24,0.0,24,0.0,0.1379762,0.0
2679,MO24,0.00064,2679 MO24,0.0,24,0.0,0.1379762,0.0
2679,MO24,0.0032,2679 MO24,0.0,24,0.0,0.1379762,0.0
2679,MO24,0.016,2679 MO24,0.0,24,0.0,0.1379762,0.0
2679,MO24,0.08,2679 MO24,0.0,24,0.0,0.1379762,0.0
2679,MO24,0.4,2679 MO24,0.0,24,0.0,0.1379762,0.0
2679,MO24,2.0,2679 MO24,0.0,24,0.0,0.1379762,0.0
2679,MO24,10.0,2679 MO24,0.0,24,0.0,0.1379762,0.0
2679,MO24,50.0,2679 MO24,0.0,24,0.0,0.1379762,0.0
2679,NC24,0.0,2679 NC24,1.0,24,0.00739346,0.20241806,0.04166667
2679,NC24,0.000128,2679 NC24,1.0,24,0.00739346,0.20241806,0.04166667
2679,NC24,0.00064,2679 NC24,0.0,24,0.0,0.1379762,0.0
2679,NC24,0.0032,2679 NC24,0.0,23,0.0,0.14311662,0.0
2679,NC24,0.016,2679 NC24,0.0,24,0.0,0.1379762,0.0
2679,NC24,0.08,2679 NC24,0.0,23,0.0,0.14311662,0.0
2679,NC24,0.4,2679 NC24,1.0,23,0.00771667,0.20991155,0.04347826
2679,NC24,2.0,2679 NC24,3.0,23,0.04537659,0.32127482,0.13043478
2679,NC24,10.0,2679 NC24,0.0,23,0.0,0.14311662,0.0
2679,NC24,50.0,2679 NC24,0.0,23,0.0,0.14311662,0.0
2679,TOT_MORT,0.0,2679 TOT_MORT,0.0,24,0.0,0.1379762,0.0
2679,TOT_MORT,0.000128,2679 TOT_MORT,0.0,24,0.0,0.1379762,0.0
2679,TOT_MORT,0.00064,2679 TOT_MORT,0.0,24,0.0,0.1379762,0.0
2679,TOT_MORT,0.0032,2679 TOT_MORT,1.0,24,0.00739346,0.20241806,0.04166667
2679,TOT_MORT,0.016,2679 TOT_MORT,0.0,24,0.0,0.1379762,0.0
2679,TOT_MORT,0.08,2679 TOT_MORT,1.0,24,0.00739346,0.20241806,0.04166667
2679,TOT_MORT,0.4,2679 TOT_MORT,1.0,24,0.00739346,0.20241806,0.04166667
2679,TOT_MORT,2.0,2679 TOT_MORT,1.0,24,0.00739346,0.20241806,0.04166667
2679,TOT_MORT,10.0,2679 TOT_MORT,1.0,24,0.00739346,0.20241806,0.04166667
2679,TOT_MORT,50.0,2679 TOT_MORT,1.0,24,0.00739346,0.20241806,0.04166667
2680,ALL_BUT_MORT,0.0,2680 ALL_BUT_MORT,0.0,32,0.0,0.1071792,0.0
2680,ALL_BUT_MORT,0.000128,2680 ALL_BUT_MORT,3.0,32,0.03240155,0.24218155,0.09375
2680,ALL_BUT_MORT,0.00064,2680 ALL_BUT_MORT,2.0,32,0.01731057,0.20147123,0.0625
2680,ALL_BUT_MORT,0.0032,2680 ALL_BUT_MORT,2.0,32,0.01731057,0.20147123,0.0625
2680,ALL_BUT_MORT,0.016,2680 ALL_BUT_MORT,1.0,32,0.00553786,0.15744264,0.03125
2680,ALL_BUT_MORT,0.08,2680 ALL_BUT_MORT,6.0,32,0.08889545,0.35309155,0.1875
2680,ALL_BUT_MORT,0.4,2680 ALL_BUT_MORT,0.0,32,0.0,0.1071792,0.0
2680,ALL_BUT_MORT,2.0,2680 ALL_BUT_MORT,2.0,32,0.01731057,0.20147123,0.0625
2680,ALL_BUT_MORT,10.0,2680 ALL_BUT_MORT,5.0,32,0.0686442,0.3175415,0.15625
2680,ALL_BUT_MORT,50.0,2680 ALL_BUT_MORT,16.0,32,0.33630883,0.66369117,0.5
2680,ANY120,0.0,2680 ANY120,0.0,32,0.0,0.1071792,0.0
2680,ANY120,0.000128,2680 ANY120,3.0,32,0.03240155,0.24218155,0.09375
2680,ANY120,0.00064,2680 ANY120,3.0,32,0.03240155,0.24218155,0.09375
2680,ANY120,0.0032,2680 ANY120,2.0,32,0.01731057,0.20147123,0.0625
2680,ANY120,0.016,2680 ANY120,1.0,32,0.00553786,0.15744264,0.03125
2680,ANY120,0.08,2680 ANY120,7.0,32,0.11023836,0.38754994,0.21875
2680,ANY120,0.4,2680 ANY120,2.0,32,0.01731057,0.20147123,0.0625
2680,ANY120,2.0,2680 ANY120,2.0,32,0.01731057,0.20147123,0.0625
2680,ANY120,10.0,2680 ANY120,6.0,32,0.08889545,0.35309155,0.1875
2680,ANY120,50.0,2680 ANY120,26.0,32,0.64690845,0.91110455,0.8125
2680,ANY24,0.0,2680 ANY24,0.0,32,0.0,0.1071792,0.0
2680,ANY24,0.000128,2680 ANY24,0.0,32,0.0,0.1071792,0.0
2680,ANY24,0.00064,2680 ANY24,0.0,32,0.0,0.1071792,0.0
2680,ANY24,0.0032,2680 ANY24,1.0,32,0.00553786,0.15744264,0.03125
2680,ANY24,0.016,2680 ANY24,1.0,32,0.00553786,0.15744264,0.03125
2680,ANY24,0.08,2680 ANY24,3.0,32,0.03240155,0.24218155,0.09375
2680,ANY24,0.4,2680 ANY24,0.0,32,0.0,0.1071792,0.0
2680,ANY24,2.0,2680 ANY24,0.0,32,0.0,0.1071792,0.0
2680,ANY24,10.0,2680 ANY24,0.0,32,0.0,0.1071792,0.0
2680,ANY24,50.0,2680 ANY24,3.0,32,0.03240155,0.24218155,0.09375
2680,AXIS,0.0,2680 AXIS,0.0,32,0.0,0.1071792,0.0
2680,AXIS,0.000128,2680 AXIS,1.0,32,0.00553786,0.15744264,0.03125
2680,AXIS,0.00064,2680 AXIS,2.0,31,0.01787478,0.20718637,0.06451613
2680,AXIS,0.0032,2680 AXIS,2.0,32,0.01731057,0.20147123,0.0625
2680,AXIS,0.016,2680 AXIS,0.0,31,0.0,0.1102554,0.0
2680,AXIS,0.08,2680 AXIS,2.0,30,0.01847702,0.21323458,0.06666667
2680,AXIS,0.4,2680 AXIS,0.0,30,0.0,0.11351339,0.0
2680,AXIS,2.0,2680 AXIS,2.0,32,0.01731057,0.20147123,0.0625
2680,AXIS,10.0,2680 AXIS,1.0,31,0.00571722,0.16194105,0.03225806
2680,AXIS,50.0,2680 AXIS,5.0,20,0.1118617,0.46870088,0.25
2680,BRN_,0.0,2680 BRN_,0.0,32,0.0,0.1071792,0.0
2680,BRN_,0.000128,2680 BRN_,0.0,32,0.0,0.1071792,0.0
2680,BRN_,0.00064,2680 BRN_,1.0,32,0.00553786,0.15744264,0.03125
2680,BRN_,0.0032,2680 BRN_,1.0,32,0.00553786,0.15744264,0.03125
2680,BRN_,0.016,2680 BRN_,0.0,32,0.0,0.1071792,0.0
2680,BRN_,0.08,2680 BRN_,1.0,32,0.00553786,0.15744264,0.03125
2680,BRN_,0.4,2680 BRN_,0.0,32,0.0,0.1071792,0.0
2680,BRN_,2.0,2680 BRN_,2.0,32,0.01731057,0.20147123,0.0625
2680,BRN_,10.0,2680 BRN_,2.0,32,0.01731057,0.20147123,0.0625
2680,BRN_,50.0,2680 BRN_,6.0,32,0.08889545,0.35309155,0.1875
2680,CRAN,0.0,2680 CRAN,0.0,32,0.0,0.1071792,0.0
2680,CRAN,0.000128,2680 CRAN,0.0,32,0.0,0.1071792,0.0
2680,CRAN,0.00064,2680 CRAN,1.0,32,0.00553786,0.15744264,0.03125
2680,CRAN,0.0032,2680 CRAN,1.0,32,0.00553786,0.15744264,0.03125
2680,CRAN,0.016,2680 CRAN,0.0,32,0.0,0.1071792,0.0
2680,CRAN,0.08,2680 CRAN,1.0,32,0.00553786,0.15744264,0.03125
2680,CRAN,0.4,2680 CRAN,0.0,32,0.0,0.1071792,0.0
2680,CRAN,2.0,2680 CRAN,2.0,32,0.01731057,0.20147123,0.0625
2680,CRAN,10.0,2680 CRAN,3.0,32,0.03240155,0.24218155,0.09375
2680,CRAN,50.0,2680 CRAN,11.0,32,0.20410438,0.51688912,0.34375
2680,EDEM,0.0,2680 EDEM,0.0,32,0.0,0.1071792,0.0
2680,EDEM,0.000128,2680 EDEM,1.0,32,0.00553786,0.15744264,0.03125
2680,EDEM,0.00064,2680 EDEM,1.0,32,0.00553786,0.15744264,0.03125
2680,EDEM,0.0032,2680 EDEM,1.0,32,0.00553786,0.15744264,0.03125
2680,EDEM,0.016,2680 EDEM,0.0,32,0.0,0.1071792,0.0
2680,EDEM,0.08,2680 EDEM,1.0,32,0.00553786,0.15744264,0.03125
2680,EDEM,0.4,2680 EDEM,0.0,32,0.0,0.1071792,0.0
2680,EDEM,2.0,2680 EDEM,2.0,32,0.01731057,0.20147123,0.0625
2680,EDEM,10.0,2680 EDEM,2.0,32,0.01731057,0.20147123,0.0625
2680,EDEM,50.0,2680 EDEM,11.0,32,0.20410438,0.51688912,0.34375
2680,LTRK,0.0,2680 LTRK,0.0,32,0.0,0.1071792,0.0
2680,LTRK,0.000128,2680 LTRK,0.0,32,0.0,0.1071792,0.0
2680,LTRK,0.00064,2680 LTRK,2.0,32,0.01731057,0.20147123,0.0625
2680,LTRK,0.0032,2680 LTRK,2.0,32,0.01731057,0.20147123,0.0625
2680,LTRK,0.016,2680 LTRK,0.0,32,0.0,0.1071792,0.0
2680,LTRK,0.08,2680 LTRK,1.0,32,0.00553786,0.15744264,0.03125
2680,LTRK,0.4,2680 LTRK,0.0,32,0.0,0.1071792,0.0
2680,LTRK,2.0,2680 LTRK,2.0,32,0.01731057,0.20147123,0.0625
2680,LTRK,10.0,2680 LTRK,4.0,32,0.04970134,0.28068305,0.125
2680,LTRK,50.0,2680 LTRK,9.0,32,0.1556458,0.45374509,0.28125
2680,MO24,0.0,2680 MO24,0.0,32,0.0,0.1071792,0.0
2680,MO24,0.000128,2680 MO24,0.0,32,0.0,0.1071792,0.0
2680,MO24,0.00064,2680 MO24,0.0,32,0.0,0.1071792,0.0
2680,MO24,0.0032,2680 MO24,0.0,32,0.0,0.1071792,0.0
2680,MO24,0.016,2680 MO24,0.0,32,0.0,0.1071792,0.0
2680,MO24,0.08,2680 MO24,0.0,32,0.0,0.1071792,0.0
2680,MO24,0.4,2680 MO24,0.0,32,0.0,0.1071792,0.0
2680,MO24,2.0,2680 MO24,0.0,32,0.0,0.1071792,0.0
2680,MO24,10.0,2680 MO24,0.0,32,0.0,0.1071792,0.0
2680,MO24,50.0,2680 MO24,0.0,32,0.0,0.1071792,0.0
2680,NC24,0.0,2680 NC24,0.0,32,0.0,0.1071792,0.0
2680,NC24,0.000128,2680 NC24,0.0,32,0.0,0.1071792,0.0
2680,NC24,0.00064,2680 NC24,0.0,31,0.0,0.1102554,0.0
2680,NC24,0.0032,2680 NC24,0.0,32,0.0,0.1071792,0.0
2680,NC24,0.016,2680 NC24,0.0,31,0.0,0.1102554,0.0
2680,NC24,0.08,2680 NC24,0.0,30,0.0,0.11351339,0.0
2680,NC24,0.4,2680 NC24,0.0,30,0.0,0.11351339,0.0
2680,NC24,2.0,2680 NC24,0.0,32,0.0,0.1071792,0.0
2680,NC24,10.0,2680 NC24,0.0,31,0.0,0.1102554,0.0
2680,NC24,50.0,2680 NC24,0.0,20,0.0,0.16112516,0.0
2680,TOT_MORT,0.0,2680 TOT_MORT,0.0,32,0.0,0.1071792,0.0
2680,TOT_MORT,0.000128,2680 TOT_MORT,0.0,32,0.0,0.1071792,0.0
2680,TOT_MORT,0.00064,2680 TOT_MORT,1.0,32,0.00553786,0.15744264,0.03125
2680,TOT_MORT,0.0032,2680 TOT_MORT,0.0,32,0.0,0.1071792,0.0
2680,TOT_MORT,0.016,2680 TOT_MORT,1.0,32,0.00553786,0.15744264,0.03125
2680,TOT_MORT,0.08,2680 TOT_MORT,2.0,32,0.01731057,0.20147123,0.0625
2680,TOT_MORT,0.4,2680 TOT_MORT,2.0,32,0.01731057,0.20147123,0.0625
2680,TOT_MORT,2.0,2680 TOT_MORT,0.0,32,0.0,0.1071792,0.0
2680,TOT_MORT,10.0,2680 TOT_MORT,1.0,32,0.00553786,0.15744264,0.03125
2680,TOT_MORT,50.0,2680 TOT_MORT,12.0,32,0.22933887,0.54745593,0.375
2681,ALL_BUT_MORT,0.0,2681 ALL_BUT_MORT,1.0,32,0.00553786,0.15744264,0.03125
2681,ALL_BUT_MORT,0.000128,2681 ALL_BUT_MORT,2.0,32,0.01731057,0.20147123,0.0625
2681,ALL_BUT_MORT,0.00064,2681 ALL_BUT_MORT,2.0,32,0.01731057,0.20147123,0.0625
2681,ALL_BUT_MORT,0.0032,2681 ALL_BUT_MORT,6.0,32,0.08889545,0.35309155,0.1875
2681,ALL_BUT_MORT,0.016,2681 ALL_BUT_MORT,1.0,32,0.00553786,0.15744264,0.03125
2681,ALL_BUT_MORT,0.08,2681 ALL_BUT_MORT,2.0,32,0.01731057,0.20147123,0.0625
2681,ALL_BUT_MORT,0.4,2681 ALL_BUT_MORT,2.0,32,0.01731057,0.20147123,0.0625
2681,ALL_BUT_MORT,2.0,2681 ALL_BUT_MORT,1.0,32,0.00553786,0.15744264,0.03125
2681,ALL_BUT_MORT,10.0,2681 ALL_BUT_MORT,1.0,32,0.00553786,0.15744264,0.03125
2681,ALL_BUT_MORT,50.0,2681 ALL_BUT_MORT,11.0,32,0.20410438,0.51688912,0.34375
2681,ANY120,0.0,2681 ANY120,2.0,32,0.01731057,0.20147123,0.0625
2681,ANY120,0.000128,2681 ANY120,3.0,32,0.03240155,0.24218155,0.09375
2681,ANY120,0.00064,2681 ANY120,3.0,32,0.03240155,0.24218155,0.09375
2681,ANY120,0.0032,2681 ANY120,6.0,32,0.08889545,0.35309155,0.1875
2681,ANY120,0.016,2681 ANY120,2.0,32,0.01731057,0.20147123,0.0625
2681,ANY120,0.08,2681 ANY120,3.0,32,0.03240155,0.24218155,0.09375
2681,ANY120,0.4,2681 ANY120,2.0,32,0.01731057,0.20147123,0.0625
2681,ANY120,2.0,2681 ANY120,3.0,32,0.03240155,0.24218155,0.09375
2681,ANY120,10.0,2681 ANY120,2.0,32,0.01731057,0.20147123,0.0625
2681,ANY120,50.0,2681 ANY120,17.0,32,0.36449517,0.69130613,0.53125
2681,ANY24,0.0,2681 ANY24,0.0,32,0.0,0.1071792,0.0
2681,ANY24,0.000128,2681 ANY24,1.0,32,0.00553786,0.15744264,0.03125
2681,ANY24,0.00064,2681 ANY24,2.0,32,0.01731057,0.20147123,0.0625
2681,ANY24,0.0032,2681 ANY24,1.0,32,0.00553786,0.15744264,0.03125
2681,ANY24,0.016,2681 ANY24,1.0,32,0.00553786,0.15744264,0.03125
2681,ANY24,0.08,2681 ANY24,1.0,32,0.00553786,0.15744264,0.03125
2681,ANY24,0.4,2681 ANY24,0.0,32,0.0,0.1071792,0.0
2681,ANY24,2.0,2681 ANY24,3.0,32,0.03240155,0.24218155,0.09375
2681,ANY24,10.0,2681 ANY24,2.0,32,0.01731057,0.20147123,0.0625
2681,ANY24,50.0,2681 ANY24,2.0,32,0.01731057,0.20147123,0.0625
2681,AXIS,0.0,2681 AXIS,0.0,31,0.0,0.1102554,0.0
2681,AXIS,0.000128,2681 AXIS,1.0,31,0.00571722,0.16194105,0.03225806
2681,AXIS,0.00064,2681 AXIS,1.0,31,0.00571722,0.16194105,0.03225806
2681,AXIS,0.0032,2681 AXIS,2.0,32,0.01731057,0.20147123,0.0625
2681,AXIS,0.016,2681 AXIS,0.0,31,0.0,0.1102554,0.0
2681,AXIS,0.08,2681 AXIS,0.0,31,0.0,0.1102554,0.0
2681,AXIS,0.4,2681 AXIS,0.0,32,0.0,0.1071792,0.0
2681,AXIS,2.0,2681 AXIS,1.0,30,0.00590859,0.16670391,0.03333333
2681,AXIS,10.0,2681 AXIS,1.0,31,0.00571722,0.16194105,0.03225806
2681,AXIS,50.0,2681 AXIS,6.0,26,0.11033849,0.42051554,0.23076923
2681,BRN_,0.0,2681 BRN_,0.0,32,0.0,0.1071792,0.0
2681,BRN_,0.000128,2681 BRN_,1.0,32,0.00553786,0.15744264,0.03125
2681,BRN_,0.00064,2681 BRN_,1.0,32,0.00553786,0.15744264,0.03125
2681,BRN_,0.0032,2681 BRN_,4.0,32,0.04970134,0.28068305,0.125
2681,BRN_,0.016,2681 BRN_,1.0,32,0.00553786,0.15744264,0.03125
2681,BRN_,0.08,2681 BRN_,0.0,32,0.0,0.1071792,0.0
2681,BRN_,0.4,2681 BRN_,0.0,32,0.0,0.1071792,0.0
2681,BRN_,2.0,2681 BRN_,1.0,32,0.00553786,0.15744264,0.03125
2681,BRN_,10.0,2681 BRN_,0.0,32,0.0,0.1071792,0.0
2681,BRN_,50.0,2681 BRN_,8.0,32,0.13252401,0.42106559,0.25
2681,CRAN,0.0,2681 CRAN,0.0,32,0.0,0.1071792,0.0
2681,CRAN,0.000128,2681 CRAN,2.0,32,0.01731057,0.20147123,0.0625
2681,CRAN,0.00064,2681 CRAN,1.0,32,0.00553786,0.15744264,0.03125
2681,CRAN,0.0032,2681 CRAN,3.0,32,0.03240155,0.24218155,0.09375
2681,CRAN,0.016,2681 CRAN,1.0,32,0.00553786,0.15744264,0.03125
2681,CRAN,0.08,2681 CRAN,0.0,32,0.0,0.1071792,0.0
2681,CRAN,0.4,2681 CRAN,0.0,32,0.0,0.1071792,0.0
2681,CRAN,2.0,2681 CRAN,1.0,32,0.00553786,0.15744264,0.03125
2681,CRAN,10.0,2681 CRAN,0.0,32,0.0,0.1071792,0.0
2681,CRAN,50.0,2681 CRAN,9.0,32,0.1556458,0.45374509,0.28125
2681,EDEM,0.0,2681 EDEM,0.0,32,0.0,0.1071792,0.0
2681,EDEM,0.000128,2681 EDEM,1.0,32,0.00553786,0.15744264,0.03125
2681,EDEM,0.00064,2681 EDEM,1.0,32,0.00553786,0.15744264,0.03125
2681,EDEM,0.0032,2681 EDEM,3.0,32,0.03240155,0.24218155,0.09375
2681,EDEM,0.016,2681 EDEM,1.0,32,0.00553786,0.15744264,0.03125
2681,EDEM,0.08,2681 EDEM,1.0,32,0.00553786,0.15744264,0.03125
2681,EDEM,0.4,2681 EDEM,1.0,32,0.00553786,0.15744264,0.03125
2681,EDEM,2.0,2681 EDEM,1.0,32,0.00553786,0.15744264,0.03125
2681,EDEM,10.0,2681 EDEM,0.0,32,0.0,0.1071792,0.0
2681,EDEM,50.0,2681 EDEM,9.0,32,0.1556458,0.45374509,0.28125
2681,LTRK,0.0,2681 LTRK,0.0,32,0.0,0.1071792,0.0
2681,LTRK,0.000128,2681 LTRK,2.0,32,0.01731057,0.20147123,0.0625
2681,LTRK,0.00064,2681 LTRK,0.0,32,0.0,0.1071792,0.0
2681,LTRK,0.0032,2681 LTRK,3.0,32,0.03240155,0.24218155,0.09375
2681,LTRK,0.016,2681 LTRK,1.0,32,0.00553786,0.15744264,0.03125
2681,LTRK,0.08,2681 LTRK,0.0,32,0.0,0.1071792,0.0
2681,LTRK,0.4,2681 LTRK,1.0,32,0.00553786,0.15744264,0.03125
2681,LTRK,2.0,2681 LTRK,1.0,32,0.00553786,0.15744264,0.03125
2681,LTRK,10.0,2681 LTRK,1.0,32,0.00553786,0.15744264,0.03125
2681,LTRK,50.0,2681 LTRK,10.0,32,0.17952542,0.48566678,0.3125
2681,MO24,0.0,2681 MO24,0.0,32,0.0,0.1071792,0.0
2681,MO24,0.000128,2681 MO24,0.0,32,0.0,0.1071792,0.0
2681,MO24,0.00064,2681 MO24,1.0,32,0.00553786,0.15744264,0.03125
2681,MO24,0.0032,2681 MO24,0.0,32,0.0,0.1071792,0.0
2681,MO24,0.016,2681 MO24,1.0,32,0.00553786,0.15744264,0.03125
2681,MO24,0.08,2681 MO24,1.0,32,0.00553786,0.15744264,0.03125
2681,MO24,0.4,2681 MO24,0.0,32,0.0,0.1071792,0.0
2681,MO24,2.0,2681 MO24,2.0,32,0.01731057,0.20147123,0.0625
2681,MO24,10.0,2681 MO24,1.0,32,0.00553786,0.15744264,0.03125
2681,MO24,50.0,2681 MO24,2.0,32,0.01731057,0.20147123,0.0625
2681,NC24,0.0,2681 NC24,0.0,31,0.0,0.1102554,0.0
2681,NC24,0.000128,2681 NC24,1.0,31,0.00571722,0.16194105,0.03225806
2681,NC24,0.00064,2681 NC24,1.0,31,0.00571722,0.16194105,0.03225806
2681,NC24,0.0032,2681 NC24,1.0,32,0.00553786,0.15744264,0.03125
2681,NC24,0.016,2681 NC24,0.0,31,0.0,0.1102554,0.0
2681,NC24,0.08,2681 NC24,0.0,31,0.0,0.1102554,0.0
2681,NC24,0.4,2681 NC24,0.0,32,0.0,0.1071792,0.0
2681,NC24,2.0,2681 NC24,0.0,30,0.0,0.11351339,0.0
2681,NC24,10.0,2681 NC24,0.0,31,0.0,0.1102554,0.0
2681,NC24,50.0,2681 NC24,0.0,26,0.0,0.12872892,0.0
2681,TOT_MORT,0.0,2681 TOT_MORT,1.0,32,0.00553786,0.15744264,0.03125
2681,TOT_MORT,0.000128,2681 TOT_MORT,1.0,32,0.00553786,0.15744264,0.03125
2681,TOT_MORT,0.00064,2681 TOT_MORT,1.0,32,0.00553786,0.15744264,0.03125
2681,TOT_MORT,0.0032,2681 TOT_MORT,0.0,32,0.0,0.1071792,0.0
2681,TOT_MORT,0.016,2681 TOT_MORT,1.0,32,0.00553786,0.15744264,0.03125
2681,TOT_MORT,0.08,2681 TOT_MORT,1.0,32,0.00553786,0.15744264,0.03125
2681,TOT_MORT,0.4,2681 TOT_MORT,0.0,32,0.0,0.1071792,0.0
2681,TOT_MORT,2.0,2681 TOT_MORT,2.0,32,0.01731057,0.20147123,0.0625
2681,TOT_MORT,10.0,2681 TOT_MORT,1.0,32,0.00553786,0.15744264,0.03125
2681,TOT_MORT,50.0,2681 TOT_MORT,6.0,32,0.08889545,0.35309155,0.1875
2682,ALL_BUT_MORT,0.0,2682 ALL_BUT_MORT,3.0,32,0.03240155,0.24218155,0.09375
2682,ALL_BUT_MORT,0.000128,2682 ALL_BUT_MORT,0.0,32,0.0,0.1071792,0.0
2682,ALL_BUT_MORT,0.00064,2682 ALL_BUT_MORT,3.0,32,0.03240155,0.24218155,0.09375
2682,ALL_BUT_MORT,0.0032,2682 ALL_BUT_MORT,1.0,32,0.00553786,0.15744264,0.03125
2682,ALL_BUT_MORT,0.016,2682 ALL_BUT_MORT,4.0,32,0.04970134,0.28068305,0.125
2682,ALL_BUT_MORT,0.08,2682 ALL_BUT_MORT,0.0,32,0.0,0.1071792,0.0
2682,ALL_BUT_MORT,0.4,2682 ALL_BUT_MORT,3.0,32,0.03240155,0.24218155,0.09375
2682,ALL_BUT_MORT,2.0,2682 ALL_BUT_MORT,0.0,32,0.0,0.1071792,0.0
2682,ALL_BUT_MORT,10.0,2682 ALL_BUT_MORT,1.0,32,0.00553786,0.15744264,0.03125
2682,ALL_BUT_MORT,50.0,2682 ALL_BUT_MORT,13.0,32,0.25519635,0.57739975,0.40625
2682,ANY120,0.0,2682 ANY120,4.0,32,0.04970134,0.28068305,0.125
2682,ANY120,0.000128,2682 ANY120,1.0,32,0.00553786,0.15744264,0.03125
2682,ANY120,0.00064,2682 ANY120,3.0,32,0.03240155,0.24218155,0.09375
2682,ANY120,0.0032,2682 ANY120,2.0,32,0.01731057,0.20147123,0.0625
2682,ANY120,0.016,2682 ANY120,5.0,32,0.0686442,0.3175415,0.15625
2682,ANY120,0.08,2682 ANY120,1.0,32,0.00553786,0.15744264,0.03125
2682,ANY120,0.4,2682 ANY120,3.0,32,0.03240155,0.24218155,0.09375
2682,ANY120,2.0,2682 ANY120,0.0,32,0.0,0.1071792,0.0
2682,ANY120,10.0,2682 ANY120,3.0,32,0.03240155,0.24218155,0.09375
2682,ANY120,50.0,2682 ANY120,20.0,32,0.45254407,0.77066113,0.625
2682,ANY24,0.0,2682 ANY24,1.0,32,0.00553786,0.15744264,0.03125
2682,ANY24,0.000128,2682 ANY24,1.0,32,0.00553786,0.15744264,0.03125
2682,ANY24,0.00064,2682 ANY24,1.0,32,0.00553786,0.15744264,0.03125
2682,ANY24,0.0032,2682 ANY24,0.0,32,0.0,0.1071792,0.0
2682,ANY24,0.016,2682 ANY24,4.0,32,0.04970134,0.28068305,0.125
2682,ANY24,0.08,2682 ANY24,0.0,32,0.0,0.1071792,0.0
2682,ANY24,0.4,2682 ANY24,1.0,32,0.00553786,0.15744264,0.03125
2682,ANY24,2.0,2682 ANY24,0.0,32,0.0,0.1071792,0.0
2682,ANY24,10.0,2682 ANY24,2.0,32,0.01731057,0.20147123,0.0625
2682,ANY24,50.0,2682 ANY24,13.0,32,0.25519635,0.57739975,0.40625
2682,AXIS,0.0,2682 AXIS,1.0,31,0.00571722,0.16194105,0.03225806
2682,AXIS,0.000128,2682 AXIS,0.0,31,0.0,0.1102554,0.0
2682,AXIS,0.00064,2682 AXIS,1.0,31,0.00571722,0.16194105,0.03225806
2682,AXIS,0.0032,2682 AXIS,1.0,31,0.00571722,0.16194105,0.03225806
2682,AXIS,0.016,2682 AXIS,1.0,28,0.00633252,0.17712198,0.03571429
2682,AXIS,0.08,2682 AXIS,0.0,31,0.0,0.1102554,0.0
2682,AXIS,0.4,2682 AXIS,2.0,32,0.01731057,0.20147123,0.0625
2682,AXIS,2.0,2682 AXIS,0.0,32,0.0,0.1071792,0.0
2682,AXIS,10.0,2682 AXIS,0.0,30,0.0,0.11351339,0.0
2682,AXIS,50.0,2682 AXIS,0.0,16,0.0,0.19360768,0.0
2682,BRN_,0.0,2682 BRN_,1.0,32,0.00553786,0.15744264,0.03125
2682,BRN_,0.000128,2682 BRN_,0.0,32,0.0,0.1071792,0.0
2682,BRN_,0.00064,2682 BRN_,1.0,32,0.00553786,0.15744264,0.03125
2682,BRN_,0.0032,2682 BRN_,1.0,32,0.00553786,0.15744264,0.03125
2682,BRN_,0.016,2682 BRN_,1.0,32,0.00553786,0.15744264,0.03125
2682,BRN_,0.08,2682 BRN_,0.0,32,0.0,0.1071792,0.0
2682,BRN_,0.4,2682 BRN_,2.0,32,0.01731057,0.20147123,0.0625
2682,BRN_,2.0,2682 BRN_,0.0,32,0.0,0.1071792,0.0
2682,BRN_,10.0,2682 BRN_,0.0,32,0.0,0.1071792,0.0
2682,BRN_,50.0,2682 BRN_,0.0,32,0.0,0.1071792,0.0
2682,CRAN,0.0,2682 CRAN,3.0,32,0.03240155,0.24218155,0.09375
2682,CRAN,0.000128,2682 CRAN,0.0,32,0.0,0.1071792,0.0
2682,CRAN,0.00064,2682 CRAN,1.0,32,0.00553786,0.15744264,0.03125
2682,CRAN,0.0032,2682 CRAN,1.0,32,0.00553786,0.15744264,0.03125
2682,CRAN,0.016,2682 CRAN,1.0,32,0.00553786,0.15744264,0.03125
2682,CRAN,0.08,2682 CRAN,0.0,32,0.0,0.1071792,0.0
2682,CRAN,0.4,2682 CRAN,2.0,32,0.01731057,0.20147123,0.0625
2682,CRAN,2.0,2682 CRAN,0.0,32,0.0,0.1071792,0.0
2682,CRAN,10.0,2682 CRAN,0.0,32,0.0,0.1071792,0.0
2682,CRAN,50.0,2682 CRAN,1.0,32,0.00553786,0.15744264,0.03125
2682,EDEM,0.0,2682 EDEM,3.0,32,0.03240155,0.24218155,0.09375
2682,EDEM,0.000128,2682 EDEM,0.0,32,0.0,0.1071792,0.0
2682,EDEM,0.00064,2682 EDEM,1.0,32,0.00553786,0.15744264,0.03125
2682,EDEM,0.0032,2682 EDEM,1.0,32,0.00553786,0.15744264,0.03125
2682,EDEM,0.016,2682 EDEM,1.0,32,0.00553786,0.15744264,0.03125
2682,EDEM,0.08,2682 EDEM,0.0,32,0.0,0.1071792,0.0
2682,EDEM,0.4,2682 EDEM,2.0,32,0.01731057,0.20147123,0.0625
2682,EDEM,2.0,2682 EDEM,0.0,32,0.0,0.1071792,0.0
2682,EDEM,10.0,2682 EDEM,0.0,32,0.0,0.1071792,0.0
2682,EDEM,50.0,2682 EDEM,3.0,32,0.03240155,0.24218155,0.09375
2682,LTRK,0.0,2682 LTRK,1.0,32,0.00553786,0.15744264,0.03125
2682,LTRK,0.000128,2682 LTRK,0.0,32,0.0,0.1071792,0.0
2682,LTRK,0.00064,2682 LTRK,1.0,32,0.00553786,0.15744264,0.03125
2682,LTRK,0.0032,2682 LTRK,1.0,32,0.00553786,0.15744264,0.03125
2682,LTRK,0.016,2682 LTRK,1.0,32,0.00553786,0.15744264,0.03125
2682,LTRK,0.08,2682 LTRK,0.0,32,0.0,0.1071792,0.0
2682,LTRK,0.4,2682 LTRK,2.0,32,0.01731057,0.20147123,0.0625
2682,LTRK,2.0,2682 LTRK,0.0,32,0.0,0.1071792,0.0
2682,LTRK,10.0,2682 LTRK,1.0,32,0.00553786,0.15744264,0.03125
2682,LTRK,50.0,2682 LTRK,0.0,32,0.0,0.1071792,0.0
2682,MO24,0.0,2682 MO24,1.0,32,0.00553786,0.15744264,0.03125
2682,MO24,0.000128,2682 MO24,1.0,32,0.00553786,0.15744264,0.03125
2682,MO24,0.00064,2682 MO24,0.0,32,0.0,0.1071792,0.0
2682,MO24,0.0032,2682 MO24,0.0,32,0.0,0.1071792,0.0
2682,MO24,0.016,2682 MO24,1.0,32,0.00553786,0.15744264,0.03125
2682,MO24,0.08,2682 MO24,0.0,32,0.0,0.1071792,0.0
2682,MO24,0.4,2682 MO24,0.0,32,0.0,0.1071792,0.0
2682,MO24,2.0,2682 MO24,0.0,32,0.0,0.1071792,0.0
2682,MO24,10.0,2682 MO24,1.0,32,0.00553786,0.15744264,0.03125
2682,MO24,50.0,2682 MO24,3.0,32,0.03240155,0.24218155,0.09375
2682,NC24,0.0,2682 NC24,0.0,31,0.0,0.1102554,0.0
2682,NC24,0.000128,2682 NC24,0.0,31,0.0,0.1102554,0.0
2682,NC24,0.00064,2682 NC24,0.0,31,0.0,0.1102554,0.0
2682,NC24,0.0032,2682 NC24,0.0,31,0.0,0.1102554,0.0
2682,NC24,0.016,2682 NC24,0.0,28,0.0,0.1206433,0.0
2682,NC24,0.08,2682 NC24,0.0,31,0.0,0.1102554,0.0
2682,NC24,0.4,2682 NC24,0.0,32,0.0,0.1071792,0.0
2682,NC24,2.0,2682 NC24,0.0,32,0.0,0.1071792,0.0
2682,NC24,10.0,2682 NC24,0.0,30,0.0,0.11351339,0.0
2682,NC24,50.0,2682 NC24,1.0,16,0.01111934,0.28328738,0.0625
2682,TOT_MORT,0.0,2682 TOT_MORT,1.0,32,0.00553786,0.15744264,0.03125
2682,TOT_MORT,0.000128,2682 TOT_MORT,1.0,32,0.00553786,0.15744264,0.03125
2682,TOT_MORT,0.00064,2682 TOT_MORT,1.0,32,0.00553786,0.15744264,0.03125
2682,TOT_MORT,0.0032,2682 TOT_MORT,1.0,32,0.00553786,0.15744264,0.03125
2682,TOT_MORT,0.016,2682 TOT_MORT,4.0,32,0.04970134,0.28068305,0.125
2682,TOT_MORT,0.08,2682 TOT_MORT,1.0,32,0.00553786,0.15744264,0.03125
2682,TOT_MORT,0.4,2682 TOT_MORT,0.0,32,0.0,0.1071792,0.0
2682,TOT_MORT,2.0,2682 TOT_MORT,0.0,32,0.0,0.1071792,0.0
2682,TOT_MORT,10.0,2682 TOT_MORT,2.0,32,0.01731057,0.20147123,0.0625
2682,TOT_MORT,50.0,2682 TOT_MORT,16.0,32,0.33630883,0.66369117,0.5
2695,ALL_BUT_MORT,0.0,2695 ALL_BUT_MORT,2.0,32,0.01731057,0.20147123,0.0625
2695,ALL_BUT_MORT,0.000128,2695 ALL_BUT_MORT,3.0,32,0.03240155,0.24218155,0.09375
2695,ALL_BUT_MORT,0.00064,2695 ALL_BUT_MORT,4.0,32,0.04970134,0.28068305,0.125
2695,ALL_BUT_MORT,0.0032,2695 ALL_BUT_MORT,1.0,32,0.00553786,0.15744264,0.03125
2695,ALL_BUT_MORT,0.016,2695 ALL_BUT_MORT,3.0,32,0.03240155,0.24218155,0.09375
2695,ALL_BUT_MORT,0.08,2695 ALL_BUT_MORT,4.0,32,0.04970134,0.28068305,0.125
2695,ALL_BUT_MORT,0.4,2695 ALL_BUT_MORT,7.0,32,0.11023836,0.38754994,0.21875
2695,ALL_BUT_MORT,2.0,2695 ALL_BUT_MORT,10.0,32,0.17952542,0.48566678,0.3125
2695,ALL_BUT_MORT,10.0,2695 ALL_BUT_MORT,12.0,32,0.22933887,0.54745593,0.375
2695,ALL_BUT_MORT,50.0,2695 ALL_BUT_MORT,16.0,32,0.33630883,0.66369117,0.5
2695,ANY120,0.0,2695 ANY120,2.0,32,0.01731057,0.20147123,0.0625
2695,ANY120,0.000128,2695 ANY120,4.0,32,0.04970134,0.28068305,0.125
2695,ANY120,0.00064,2695 ANY120,7.0,32,0.11023836,0.38754994,0.21875
2695,ANY120,0.0032,2695 ANY120,2.0,32,0.01731057,0.20147123,0.0625
2695,ANY120,0.016,2695 ANY120,3.0,32,0.03240155,0.24218155,0.09375
2695,ANY120,0.08,2695 ANY120,6.0,32,0.08889545,0.35309155,0.1875
2695,ANY120,0.4,2695 ANY120,11.0,32,0.20410438,0.51688912,0.34375
2695,ANY120,2.0,2695 ANY120,14.0,32,0.28165331,0.60674409,0.4375
2695,ANY120,10.0,2695 ANY120,18.0,32,0.39325591,0.71834669,0.5625
2695,ANY120,50.0,2695 ANY120,32.0,32,0.8928208,1.0,1.0
2695,ANY24,0.0,2695 ANY24,1.0,32,0.00553786,0.15744264,0.03125
2695,ANY24,0.000128,2695 ANY24,3.0,32,0.03240155,0.24218155,0.09375
2695,ANY24,0.00064,2695 ANY24,3.0,32,0.03240155,0.24218155,0.09375
2695,ANY24,0.0032,2695 ANY24,0.0,32,0.0,0.1071792,0.0
2695,ANY24,0.016,2695 ANY24,0.0,32,0.0,0.1071792,0.0
2695,ANY24,0.08,2695 ANY24,1.0,32,0.00553786,0.15744264,0.03125
2695,ANY24,0.4,2695 ANY24,3.0,32,0.03240155,0.24218155,0.09375
2695,ANY24,2.0,2695 ANY24,1.0,32,0.00553786,0.15744264,0.03125
2695,ANY24,10.0,2695 ANY24,2.0,32,0.01731057,0.20147123,0.0625
2695,ANY24,50.0,2695 ANY24,8.0,32,0.13252401,0.42106559,0.25
2695,AXIS,0.0,2695 AXIS,0.0,32,0.0,0.1071792,0.0
2695,AXIS,0.000128,2695 AXIS,3.0,31,0.03346464,0.24899938,0.09677419
2695,AXIS,0.00064,2695 AXIS,1.0,29,0.00611321,0.17175522,0.03448276
2695,AXIS,0.0032,2695 AXIS,0.0,31,0.0,0.1102554,0.0
2695,AXIS,0.016,2695 AXIS,3.0,32,0.03240155,0.24218155,0.09375
2695,AXIS,0.08,2695 AXIS,2.0,30,0.01847702,0.21323458,0.06666667
2695,AXIS,0.4,2695 AXIS,4.0,27,0.05915928,0.32478685,0.14814815
2695,AXIS,2.0,2695 AXIS,2.0,27,0.02055465,0.23369593,0.07407407
2695,AXIS,10.0,2695 AXIS,1.0,25,0.00709623,0.19544064,0.04
2695,AXIS,50.0,2695 AXIS,8.0,13,0.35522892,0.82290292,0.61538462
2695,BRN_,0.0,2695 BRN_,1.0,32,0.00553786,0.15744264,0.03125
2695,BRN_,0.000128,2695 BRN_,3.0,32,0.03240155,0.24218155,0.09375
2695,BRN_,0.00064,2695 BRN_,1.0,32,0.00553786,0.15744264,0.03125
2695,BRN_,0.0032,2695 BRN_,0.0,32,0.0,0.1071792,0.0
2695,BRN_,0.016,2695 BRN_,2.0,32,0.01731057,0.20147123,0.0625
2695,BRN_,0.08,2695 BRN_,3.0,32,0.03240155,0.24218155,0.09375
2695,BRN_,0.4,2695 BRN_,3.0,32,0.03240155,0.24218155,0.09375
2695,BRN_,2.0,2695 BRN_,3.0,32,0.03240155,0.24218155,0.09375
2695,BRN_,10.0,2695 BRN_,2.0,32,0.01731057,0.20147123,0.0625
2695,BRN_,50.0,2695 BRN_,1.0,32,0.00553786,0.15744264,0.03125
2695,CRAN,0.0,2695 CRAN,1.0,32,0.00553786,0.15744264,0.03125
2695,CRAN,0.000128,2695 CRAN,3.0,32,0.03240155,0.24218155,0.09375
2695,CRAN,0.00064,2695 CRAN,2.0,32,0.01731057,0.20147123,0.0625
2695,CRAN,0.0032,2695 CRAN,0.0,32,0.0,0.1071792,0.0
2695,CRAN,0.016,2695 CRAN,2.0,32,0.01731057,0.20147123,0.0625
2695,CRAN,0.08,2695 CRAN,3.0,32,0.03240155,0.24218155,0.09375
2695,CRAN,0.4,2695 CRAN,3.0,32,0.03240155,0.24218155,0.09375
2695,CRAN,2.0,2695 CRAN,6.0,32,0.08889545,0.35309155,0.1875
2695,CRAN,10.0,2695 CRAN,2.0,32,0.01731057,0.20147123,0.0625
2695,CRAN,50.0,2695 CRAN,2.0,32,0.01731057,0.20147123,0.0625
2695,EDEM,0.0,2695 EDEM,1.0,32,0.00553786,0.15744264,0.03125
2695,EDEM,0.000128,2695 EDEM,3.0,32,0.03240155,0.24218155,0.09375
2695,EDEM,0.00064,2695 EDEM,2.0,32,0.01731057,0.20147123,0.0625
2695,EDEM,0.0032,2695 EDEM,0.0,32,0.0,0.1071792,0.0
2695,EDEM,0.016,2695 EDEM,2.0,32,0.01731057,0.20147123,0.0625
2695,EDEM,0.08,2695 EDEM,3.0,32,0.03240155,0.24218155,0.09375
2695,EDEM,0.4,2695 EDEM,3.0,32,0.03240155,0.24218155,0.09375
2695,EDEM,2.0,2695 EDEM,5.0,32,0.0686442,0.3175415,0.15625
2695,EDEM,10.0,2695 EDEM,4.0,32,0.04970134,0.28068305,0.125
2695,EDEM,50.0,2695 EDEM,8.0,32,0.13252401,0.42106559,0.25
2695,LTRK,0.0,2695 LTRK,1.0,32,0.00553786,0.15744264,0.03125
2695,LTRK,0.000128,2695 LTRK,3.0,32,0.03240155,0.24218155,0.09375
2695,LTRK,0.00064,2695 LTRK,2.0,32,0.01731057,0.20147123,0.0625
2695,LTRK,0.0032,2695 LTRK,1.0,32,0.00553786,0.15744264,0.03125
2695,LTRK,0.016,2695 LTRK,2.0,32,0.01731057,0.20147123,0.0625
2695,LTRK,0.08,2695 LTRK,4.0,32,0.04970134,0.28068305,0.125
2695,LTRK,0.4,2695 LTRK,4.0,32,0.04970134,0.28068305,0.125
2695,LTRK,2.0,2695 LTRK,7.0,32,0.11023836,0.38754994,0.21875
2695,LTRK,10.0,2695 LTRK,9.0,32,0.1556458,0.45374509,0.28125
2695,LTRK,50.0,2695 LTRK,10.0,32,0.17952542,0.48566678,0.3125
2695,MO24,0.0,2695 MO24,0.0,32,0.0,0.1071792,0.0
2695,MO24,0.000128,2695 MO24,0.0,32,0.0,0.1071792,0.0
2695,MO24,0.00064,2695 MO24,2.0,32,0.01731057,0.20147123,0.0625
2695,MO24,0.0032,2695 MO24,0.0,32,0.0,0.1071792,0.0
2695,MO24,0.016,2695 MO24,0.0,32,0.0,0.1071792,0.0
2695,MO24,0.08,2695 MO24,0.0,32,0.0,0.1071792,0.0
2695,MO24,0.4,2695 MO24,1.0,32,0.00553786,0.15744264,0.03125
2695,MO24,2.0,2695 MO24,0.0,32,0.0,0.1071792,0.0
2695,MO24,10.0,2695 MO24,0.0,32,0.0,0.1071792,0.0
2695,MO24,50.0,2695 MO24,5.0,32,0.0686442,0.3175415,0.15625
2695,NC24,0.0,2695 NC24,1.0,32,0.00553786,0.15744264,0.03125
2695,NC24,0.000128,2695 NC24,2.0,31,0.01787478,0.20718637,0.06451613
2695,NC24,0.00064,2695 NC24,1.0,29,0.00611321,0.17175522,0.03448276
2695,NC24,0.0032,2695 NC24,0.0,31,0.0,0.1102554,0.0
2695,NC24,0.016,2695 NC24,0.0,32,0.0,0.1071792,0.0
2695,NC24,0.08,2695 NC24,1.0,30,0.00590859,0.16670391,0.03333333
2695,NC24,0.4,2695 NC24,0.0,27,0.0,0.12455503,0.0
2695,NC24,2.0,2695 NC24,0.0,27,0.0,0.12455503,0.0
2695,NC24,10.0,2695 NC24,1.0,25,0.00709623,0.19544064,0.04
2695,NC24,50.0,2695 NC24,0.0,13,0.0,0.22809537,0.0
2695,TOT_MORT,0.0,2695 TOT_MORT,0.0,32,0.0,0.1071792,0.0
2695,TOT_MORT,0.000128,2695 TOT_MORT,1.0,32,0.00553786,0.15744264,0.03125
2695,TOT_MORT,0.00064,2695 TOT_MORT,3.0,32,0.03240155,0.24218155,0.09375
2695,TOT_MORT,0.0032,2695 TOT_MORT,1.0,32,0.00553786,0.15744264,0.03125
2695,TOT_MORT,0.016,2695 TOT_MORT,0.0,32,0.0,0.1071792,0.0
2695,TOT_MORT,0.08,2695 TOT_MORT,2.0,32,0.01731057,0.20147123,0.0625
2695,TOT_MORT,0.4,2695 TOT_MORT,5.0,32,0.0686442,0.3175415,0.15625
2695,TOT_MORT,2.0,2695 TOT_MORT,5.0,32,0.0686442,0.3175415,0.15625
2695,TOT_MORT,10.0,2695 TOT_MORT,7.0,32,0.11023836,0.38754994,0.21875
2695,TOT_MORT,50.0,2695 TOT_MORT,19.0,32,0.42260025,0.74480365,0.59375
2696,ALL_BUT_MORT,0.0,2696 ALL_BUT_MORT,0.0,32,0.0,0.1071792,0.0
2696,ALL_BUT_MORT,0.000128,2696 ALL_BUT_MORT,1.0,32,0.00553786,0.15744264,0.03125
2696,ALL_BUT_MORT,0.00064,2696 ALL_BUT_MORT,2.0,32,0.01731057,0.20147123,0.0625
2696,ALL_BUT_MORT,0.0032,2696 ALL_BUT_MORT,2.0,32,0.01731057,0.20147123,0.0625
2696,ALL_BUT_MORT,0.016,2696 ALL_BUT_MORT,2.0,32,0.01731057,0.20147123,0.0625
2696,ALL_BUT_MORT,0.08,2696 ALL_BUT_MORT,2.0,32,0.01731057,0.20147123,0.0625
2696,ALL_BUT_MORT,0.4,2696 ALL_BUT_MORT,1.0,32,0.00553786,0.15744264,0.03125
2696,ALL_BUT_MORT,2.0,2696 ALL_BUT_MORT,4.0,32,0.04970134,0.28068305,0.125
2696,ALL_BUT_MORT,10.0,2696 ALL_BUT_MORT,12.0,32,0.22933887,0.54745593,0.375
2696,ALL_BUT_MORT,50.0,2696 ALL_BUT_MORT,15.0,32,0.30869387,0.63550483,0.46875
2696,ANY120,0.0,2696 ANY120,3.0,32,0.03240155,0.24218155,0.09375
2696,ANY120,0.000128,2696 ANY120,1.0,32,0.00553786,0.15744264,0.03125
2696,ANY120,0.00064,2696 ANY120,2.0,32,0.01731057,0.20147123,0.0625
2696,ANY120,0.0032,2696 ANY120,5.0,32,0.0686442,0.3175415,0.15625
2696,ANY120,0.016,2696 ANY120,3.0,32,0.03240155,0.24218155,0.09375
2696,ANY120,0.08,2696 ANY120,3.0,32,0.03240155,0.24218155,0.09375
2696,ANY120,0.4,2696 ANY120,2.0,32,0.01731057,0.20147123,0.0625
2696,ANY120,2.0,2696 ANY120,8.0,32,0.13252401,0.42106559,0.25
2696,ANY120,10.0,2696 ANY120,19.0,32,0.42260025,0.74480365,0.59375
2696,ANY120,50.0,2696 ANY120,32.0,32,0.8928208,1.0,1.0
2696,ANY24,0.0,2696 ANY24,2.0,32,0.01731057,0.20147123,0.0625
2696,ANY24,0.000128,2696 ANY24,0.0,32,0.0,0.1071792,0.0
2696,ANY24,0.00064,2696 ANY24,0.0,32,0.0,0.1071792,0.0
2696,ANY24,0.0032,2696 ANY24,3.0,32,0.03240155,0.24218155,0.09375
2696,ANY24,0.016,2696 ANY24,3.0,32,0.03240155,0.24218155,0.09375
2696,ANY24,0.08,2696 ANY24,1.0,32,0.00553786,0.15744264,0.03125
2696,ANY24,0.4,2696 ANY24,2.0,32,0.01731057,0.20147123,0.0625
2696,ANY24,2.0,2696 ANY24,2.0,32,0.01731057,0.20147123,0.0625
2696,ANY24,10.0,2696 ANY24,2.0,32,0.01731057,0.20147123,0.0625
2696,ANY24,50.0,2696 ANY24,7.0,32,0.11023836,0.38754994,0.21875
2696,AXIS,0.0,2696 AXIS,0.0,29,0.0,0.1169698,0.0
2696,AXIS,0.000128,2696 AXIS,1.0,32,0.00553786,0.15744264,0.03125
2696,AXIS,0.00064,2696 AXIS,2.0,32,0.01731057,0.20147123,0.0625
2696,AXIS,0.0032,2696 AXIS,2.0,29,0.01912127,0.2196458,0.06896552
2696,AXIS,0.016,2696 AXIS,2.0,31,0.01787478,0.20718637,0.06451613
2696,AXIS,0.08,2696 AXIS,2.0,31,0.01787478,0.20718637,0.06451613
2696,AXIS,0.4,2696 AXIS,0.0,30,0.0,0.11351339,0.0
2696,AXIS,2.0,2696 AXIS,3.0,28,0.03711837,0.27195852,0.10714286
2696,AXIS,10.0,2696 AXIS,2.0,25,0.0222204,0.24966109,0.08
2696,AXIS,50.0,2696 AXIS,6.0,12,0.2537816,0.7462184,0.5
2696,BRN_,0.0,2696 BRN_,0.0,32,0.0,0.1071792,0.0
2696,BRN_,0.000128,2696 BRN_,1.0,32,0.00553786,0.15744264,0.03125
2696,BRN_,0.00064,2696 BRN_,2.0,32,0.01731057,0.20147123,0.0625
2696,BRN_,0.0032,2696 BRN_,2.0,32,0.01731057,0.20147123,0.0625
2696,BRN_,0.016,2696 BRN_,2.0,32,0.01731057,0.20147123,0.0625
2696,BRN_,0.08,2696 BRN_,2.0,32,0.01731057,0.20147123,0.0625
2696,BRN_,0.4,2696 BRN_,0.0,32,0.0,0.1071792,0.0
2696,BRN_,2.0,2696 BRN_,3.0,32,0.03240155,0.24218155,0.09375
2696,BRN_,10.0,2696 BRN_,3.0,32,0.03240155,0.24218155,0.09375
2696,BRN_,50.0,2696 BRN_,8.0,32,0.13252401,0.42106559,0.25
2696,CRAN,0.0,2696 CRAN,0.0,32,0.0,0.1071792,0.0
2696,CRAN,0.000128,2696 CRAN,1.0,32,0.00553786,0.15744264,0.03125
2696,CRAN,0.00064,2696 CRAN,2.0,32,0.01731057,0.20147123,0.0625
2696,CRAN,0.0032,2696 CRAN,2.0,32,0.01731057,0.20147123,0.0625
2696,CRAN,0.016,2696 CRAN,2.0,32,0.01731057,0.20147123,0.0625
2696,CRAN,0.08,2696 CRAN,2.0,32,0.01731057,0.20147123,0.0625
2696,CRAN,0.4,2696 CRAN,0.0,32,0.0,0.1071792,0.0
2696,CRAN,2.0,2696 CRAN,3.0,32,0.03240155,0.24218155,0.09375
2696,CRAN,10.0,2696 CRAN,5.0,32,0.0686442,0.3175415,0.15625
2696,CRAN,50.0,2696 CRAN,11.0,32,0.20410438,0.51688912,0.34375
2696,EDEM,0.0,2696 EDEM,0.0,32,0.0,0.1071792,0.0
2696,EDEM,0.000128,2696 EDEM,1.0,32,0.00553786,0.15744264,0.03125
2696,EDEM,0.00064,2696 EDEM,2.0,32,0.01731057,0.20147123,0.0625
2696,EDEM,0.0032,2696 EDEM,2.0,32,0.01731057,0.20147123,0.0625
2696,EDEM,0.016,2696 EDEM,2.0,32,0.01731057,0.20147123,0.0625
2696,EDEM,0.08,2696 EDEM,2.0,32,0.01731057,0.20147123,0.0625
2696,EDEM,0.4,2696 EDEM,0.0,32,0.0,0.1071792,0.0
2696,EDEM,2.0,2696 EDEM,3.0,32,0.03240155,0.24218155,0.09375
2696,EDEM,10.0,2696 EDEM,6.0,32,0.08889545,0.35309155,0.1875
2696,EDEM,50.0,2696 EDEM,12.0,32,0.22933887,0.54745593,0.375
2696,LTRK,0.0,2696 LTRK,0.0,32,0.0,0.1071792,0.0
2696,LTRK,0.000128,2696 LTRK,1.0,32,0.00553786,0.15744264,0.03125
2696,LTRK,0.00064,2696 LTRK,2.0,32,0.01731057,0.20147123,0.0625
2696,LTRK,0.0032,2696 LTRK,1.0,32,0.00553786,0.15744264,0.03125
2696,LTRK,0.016,2696 LTRK,2.0,32,0.01731057,0.20147123,0.0625
2696,LTRK,0.08,2696 LTRK,2.0,32,0.01731057,0.20147123,0.0625
2696,LTRK,0.4,2696 LTRK,0.0,32,0.0,0.1071792,0.0
2696,LTRK,2.0,2696 LTRK,4.0,32,0.04970134,0.28068305,0.125
2696,LTRK,10.0,2696 LTRK,11.0,32,0.20410438,0.51688912,0.34375
2696,LTRK,50.0,2696 LTRK,11.0,32,0.20410438,0.51688912,0.34375
2696,MO24,0.0,2696 MO24,2.0,32,0.01731057,0.20147123,0.0625
2696,MO24,0.000128,2696 MO24,0.0,32,0.0,0.1071792,0.0
2696,MO24,0.00064,2696 MO24,0.0,32,0.0,0.1071792,0.0
2696,MO24,0.0032,2696 MO24,3.0,32,0.03240155,0.24218155,0.09375
2696,MO24,0.016,2696 MO24,1.0,32,0.00553786,0.15744264,0.03125
2696,MO24,0.08,2696 MO24,1.0,32,0.00553786,0.15744264,0.03125
2696,MO24,0.4,2696 MO24,1.0,32,0.00553786,0.15744264,0.03125
2696,MO24,2.0,2696 MO24,2.0,32,0.01731057,0.20147123,0.0625
2696,MO24,10.0,2696 MO24,2.0,32,0.01731057,0.20147123,0.0625
2696,MO24,50.0,2696 MO24,4.0,32,0.04970134,0.28068305,0.125
2696,NC24,0.0,2696 NC24,0.0,29,0.0,0.1169698,0.0
2696,NC24,0.000128,2696 NC24,0.0,32,0.0,0.1071792,0.0
2696,NC24,0.00064,2696 NC24,0.0,32,0.0,0.1071792,0.0
2696,NC24,0.0032,2696 NC24,0.0,29,0.0,0.1169698,0.0
2696,NC24,0.016,2696 NC24,2.0,31,0.01787478,0.20718637,0.06451613
2696,NC24,0.08,2696 NC24,0.0,31,0.0,0.1102554,0.0
2696,NC24,0.4,2696 NC24,0.0,30,0.0,0.11351339,0.0
2696,NC24,2.0,2696 NC24,0.0,28,0.0,0.1206433,0.0
2696,NC24,10.0,2696 NC24,0.0,25,0.0,0.13319225,0.0
2696,NC24,50.0,2696 NC24,0.0,12,0.0,0.24249401,0.0
2696,TOT_MORT,0.0,2696 TOT_MORT,3.0,32,0.03240155,0.24218155,0.09375
2696,TOT_MORT,0.000128,2696 TOT_MORT,0.0,32,0.0,0.1071792,0.0
2696,TOT_MORT,0.00064,2696 TOT_MORT,0.0,32,0.0,0.1071792,0.0
2696,TOT_MORT,0.0032,2696 TOT_MORT,3.0,32,0.03240155,0.24218155,0.09375
2696,TOT_MORT,0.016,2696 TOT_MORT,1.0,32,0.00553786,0.15744264,0.03125
2696,TOT_MORT,0.08,2696 TOT_MORT,1.0,32,0.00553786,0.15744264,0.03125
2696,TOT_MORT,0.4,2696 TOT_MORT,2.0,32,0.01731057,0.20147123,0.0625
2696,TOT_MORT,2.0,2696 TOT_MORT,4.0,32,0.04970134,0.28068305,0.125
2696,TOT_MORT,10.0,2696 TOT_MORT,7.0,32,0.11023836,0.38754994,0.21875
2696,TOT_MORT,50.0,2696 TOT_MORT,20.0,32,0.45254407,0.77066113,0.625
2697,ALL_BUT_MORT,0.0,2697 ALL_BUT_MORT,2.0,32,0.01731057,0.20147123,0.0625
2697,ALL_BUT_MORT,0.000128,2697 ALL_BUT_MORT,1.0,32,0.00553786,0.15744264,0.03125
2697,ALL_BUT_MORT,0.00064,2697 ALL_BUT_MORT,4.0,32,0.04970134,0.28068305,0.125
2697,ALL_BUT_MORT,0.0032,2697 ALL_BUT_MORT,2.0,32,0.01731057,0.20147123,0.0625
2697,ALL_BUT_MORT,0.016,2697 ALL_BUT_MORT,1.0,32,0.00553786,0.15744264,0.03125
2697,ALL_BUT_MORT,0.08,2697 ALL_BUT_MORT,6.0,32,0.08889545,0.35309155,0.1875
2697,ALL_BUT_MORT,0.4,2697 ALL_BUT_MORT,4.0,32,0.04970134,0.28068305,0.125
2697,ALL_BUT_MORT,2.0,2697 ALL_BUT_MORT,5.0,32,0.0686442,0.3175415,0.15625
2697,ALL_BUT_MORT,10.0,2697 ALL_BUT_MORT,10.0,32,0.17952542,0.48566678,0.3125
2697,ALL_BUT_MORT,50.0,2697 ALL_BUT_MORT,10.0,32,0.17952542,0.48566678,0.3125
2697,ANY120,0.0,2697 ANY120,3.0,32,0.03240155,0.24218155,0.09375
2697,ANY120,0.000128,2697 ANY120,2.0,32,0.01731057,0.20147123,0.0625
2697,ANY120,0.00064,2697 ANY120,5.0,32,0.0686442,0.3175415,0.15625
2697,ANY120,0.0032,2697 ANY120,2.0,32,0.01731057,0.20147123,0.0625
2697,ANY120,0.016,2697 ANY120,1.0,32,0.00553786,0.15744264,0.03125
2697,ANY120,0.08,2697 ANY120,7.0,32,0.11023836,0.38754994,0.21875
2697,ANY120,0.4,2697 ANY120,6.0,32,0.08889545,0.35309155,0.1875
2697,ANY120,2.0,2697 ANY120,5.0,32,0.0686442,0.3175415,0.15625
2697,ANY120,10.0,2697 ANY120,12.0,32,0.22933887,0.54745593,0.375
2697,ANY120,50.0,2697 ANY120,30.0,32,0.79852877,0.98268943,0.9375
2697,ANY24,0.0,2697 ANY24,2.0,32,0.01731057,0.20147123,0.0625
2697,ANY24,0.000128,2697 ANY24,1.0,32,0.00553786,0.15744264,0.03125
2697,ANY24,0.00064,2697 ANY24,1.0,32,0.00553786,0.15744264,0.03125
2697,ANY24,0.0032,2697 ANY24,0.0,32,0.0,0.1071792,0.0
2697,ANY24,0.016,2697 ANY24,0.0,32,0.0,0.1071792,0.0
2697,ANY24,0.08,2697 ANY24,1.0,32,0.00553786,0.15744264,0.03125
2697,ANY24,0.4,2697 ANY24,4.0,32,0.04970134,0.28068305,0.125
2697,ANY24,2.0,2697 ANY24,1.0,32,0.00553786,0.15744264,0.03125
2697,ANY24,10.0,2697 ANY24,5.0,32,0.0686442,0.3175415,0.15625
2697,ANY24,50.0,2697 ANY24,1.0,32,0.00553786,0.15744264,0.03125
2697,AXIS,0.0,2697 AXIS,0.0,30,0.0,0.11351339,0.0
2697,AXIS,0.000128,2697 AXIS,0.0,31,0.0,0.1102554,0.0
2697,AXIS,0.00064,2697 AXIS,0.0,31,0.0,0.1102554,0.0
2697,AXIS,0.0032,2697 AXIS,0.0,32,0.0,0.1071792,0.0
2697,AXIS,0.016,2697 AXIS,0.0,32,0.0,0.1071792,0.0
2697,AXIS,0.08,2697 AXIS,1.0,31,0.00571722,0.16194105,0.03225806
2697,AXIS,0.4,2697 AXIS,1.0,30,0.00590859,0.16670391,0.03333333
2697,AXIS,2.0,2697 AXIS,0.0,32,0.0,0.1071792,0.0
2697,AXIS,10.0,2697 AXIS,1.0,30,0.00590859,0.16670391,0.03333333
2697,AXIS,50.0,2697 AXIS,2.0,12,0.04696514,0.44803086,0.16666667
2697,BRN_,0.0,2697 BRN_,0.0,32,0.0,0.1071792,0.0
2697,BRN_,0.000128,2697 BRN_,0.0,32,0.0,0.1071792,0.0
2697,BRN_,0.00064,2697 BRN_,0.0,32,0.0,0.1071792,0.0
2697,BRN_,0.0032,2697 BRN_,0.0,32,0.0,0.1071792,0.0
2697,BRN_,0.016,2697 BRN_,0.0,32,0.0,0.1071792,0.0
2697,BRN_,0.08,2697 BRN_,1.0,32,0.00553786,0.15744264,0.03125
2697,BRN_,0.4,2697 BRN_,0.0,32,0.0,0.1071792,0.0
2697,BRN_,2.0,2697 BRN_,0.0,32,0.0,0.1071792,0.0
2697,BRN_,10.0,2697 BRN_,0.0,32,0.0,0.1071792,0.0
2697,BRN_,50.0,2697 BRN_,4.0,32,0.04970134,0.28068305,0.125
2697,CRAN,0.0,2697 CRAN,0.0,32,0.0,0.1071792,0.0
2697,CRAN,0.000128,2697 CRAN,0.0,32,0.0,0.1071792,0.0
2697,CRAN,0.00064,2697 CRAN,1.0,32,0.00553786,0.15744264,0.03125
2697,CRAN,0.0032,2697 CRAN,0.0,32,0.0,0.1071792,0.0
2697,CRAN,0.016,2697 CRAN,0.0,32,0.0,0.1071792,0.0
2697,CRAN,0.08,2697 CRAN,1.0,32,0.00553786,0.15744264,0.03125
2697,CRAN,0.4,2697 CRAN,0.0,32,0.0,0.1071792,0.0
2697,CRAN,2.0,2697 CRAN,0.0,32,0.0,0.1071792,0.0
2697,CRAN,10.0,2697 CRAN,1.0,32,0.00553786,0.15744264,0.03125
2697,CRAN,50.0,2697 CRAN,4.0,32,0.04970134,0.28068305,0.125
2697,EDEM,0.0,2697 EDEM,0.0,32,0.0,0.1071792,0.0
2697,EDEM,0.000128,2697 EDEM,0.0,32,0.0,0.1071792,0.0
2697,EDEM,0.00064,2697 EDEM,0.0,32,0.0,0.1071792,0.0
2697,EDEM,0.0032,2697 EDEM,0.0,32,0.0,0.1071792,0.0
2697,EDEM,0.016,2697 EDEM,0.0,32,0.0,0.1071792,0.0
2697,EDEM,0.08,2697 EDEM,1.0,32,0.00553786,0.15744264,0.03125
2697,EDEM,0.4,2697 EDEM,0.0,32,0.0,0.1071792,0.0
2697,EDEM,2.0,2697 EDEM,0.0,32,0.0,0.1071792,0.0
2697,EDEM,10.0,2697 EDEM,1.0,32,0.00553786,0.15744264,0.03125
2697,EDEM,50.0,2697 EDEM,8.0,32,0.13252401,0.42106559,0.25
2697,LTRK,0.0,2697 LTRK,0.0,32,0.0,0.1071792,0.0
2697,LTRK,0.000128,2697 LTRK,0.0,32,0.0,0.1071792,0.0
2697,LTRK,0.00064,2697 LTRK,0.0,32,0.0,0.1071792,0.0
2697,LTRK,0.0032,2697 LTRK,0.0,32,0.0,0.1071792,0.0
2697,LTRK,0.016,2697 LTRK,0.0,32,0.0,0.1071792,0.0
2697,LTRK,0.08,2697 LTRK,1.0,32,0.00553786,0.15744264,0.03125
2697,LTRK,0.4,2697 LTRK,0.0,32,0.0,0.1071792,0.0
2697,LTRK,2.0,2697 LTRK,1.0,32,0.00553786,0.15744264,0.03125
2697,LTRK,10.0,2697 LTRK,5.0,32,0.0686442,0.3175415,0.15625
2697,LTRK,50.0,2697 LTRK,8.0,32,0.13252401,0.42106559,0.25
2697,MO24,0.0,2697 MO24,1.0,32,0.00553786,0.15744264,0.03125
2697,MO24,0.000128,2697 MO24,1.0,32,0.00553786,0.15744264,0.03125
2697,MO24,0.00064,2697 MO24,0.0,32,0.0,0.1071792,0.0
2697,MO24,0.0032,2697 MO24,0.0,32,0.0,0.1071792,0.0
2697,MO24,0.016,2697 MO24,0.0,32,0.0,0.1071792,0.0
2697,MO24,0.08,2697 MO24,0.0,32,0.0,0.1071792,0.0
2697,MO24,0.4,2697 MO24,1.0,32,0.00553786,0.15744264,0.03125
2697,MO24,2.0,2697 MO24,0.0,32,0.0,0.1071792,0.0
2697,MO24,10.0,2697 MO24,2.0,32,0.01731057,0.20147123,0.0625
2697,MO24,50.0,2697 MO24,1.0,32,0.00553786,0.15744264,0.03125
2697,NC24,0.0,2697 NC24,0.0,30,0.0,0.11351339,0.0
2697,NC24,0.000128,2697 NC24,0.0,31,0.0,0.1102554,0.0
2697,NC24,0.00064,2697 NC24,0.0,31,0.0,0.1102554,0.0
2697,NC24,0.0032,2697 NC24,0.0,32,0.0,0.1071792,0.0
2697,NC24,0.016,2697 NC24,0.0,32,0.0,0.1071792,0.0
2697,NC24,0.08,2697 NC24,1.0,31,0.00571722,0.16194105,0.03225806
2697,NC24,0.4,2697 NC24,3.0,30,0.03459989,0.25621083,0.1
2697,NC24,2.0,2697 NC24,1.0,32,0.00553786,0.15744264,0.03125
2697,NC24,10.0,2697 NC24,3.0,30,0.03459989,0.25621083,0.1
2697,NC24,50.0,2697 NC24,0.0,12,0.0,0.24249401,0.0
2697,TOT_MORT,0.0,2697 TOT_MORT,2.0,32,0.01731057,0.20147123,0.0625
2697,TOT_MORT,0.000128,2697 TOT_MORT,1.0,32,0.00553786,0.15744264,0.03125
2697,TOT_MORT,0.00064,2697 TOT_MORT,1.0,32,0.00553786,0.15744264,0.03125
2697,TOT_MORT,0.0032,2697 TOT_MORT,0.0,32,0.0,0.1071792,0.0
2697,TOT_MORT,0.016,2697 TOT_MORT,0.0,32,0.0,0.1071792,0.0
2697,TOT_MORT,0.08,2697 TOT_MORT,1.0,32,0.00553786,0.15744264,0.03125
2697,TOT_MORT,0.4,2697 TOT_MORT,2.0,32,0.01731057,0.20147123,0.0625
2697,TOT_MORT,2.0,2697 TOT_MORT,0.0,32,0.0,0.1071792,0.0
2697,TOT_MORT,10.0,2697 TOT_MORT,2.0,32,0.01731057,0.20147123,0.0625
2697,TOT_MORT,50.0,2697 TOT_MORT,20.0,32,0.45254407,0.77066113,0.625
2698,ALL_BUT_MORT,0.0,2698 ALL_BUT_MORT,1.0,32,0.00553786,0.15744264,0.03125
2698,ALL_BUT_MORT,0.000128,2698 ALL_BUT_MORT,3.0,32,0.03240155,0.24218155,0.09375
2698,ALL_BUT_MORT,0.00064,2698 ALL_BUT_MORT,2.0,32,0.01731057,0.20147123,0.0625
2698,ALL_BUT_MORT,0.0032,2698 ALL_BUT_MORT,2.0,32,0.01731057,0.20147123,0.0625
2698,ALL_BUT_MORT,0.016,2698 ALL_BUT_MORT,1.0,32,0.00553786,0.15744264,0.03125
2698,ALL_BUT_MORT,0.08,2698 ALL_BUT_MORT,3.0,32,0.03240155,0.24218155,0.09375
2698,ALL_BUT_MORT,0.4,2698 ALL_BUT_MORT,3.0,32,0.03240155,0.24218155,0.09375
2698,ALL_BUT_MORT,2.0,2698 ALL_BUT_MORT,2.0,32,0.01731057,0.20147123,0.0625
2698,ALL_BUT_MORT,10.0,2698 ALL_BUT_MORT,2.0,32,0.01731057,0.20147123,0.0625
2698,ALL_BUT_MORT,50.0,2698 ALL_BUT_MORT,12.0,32,0.22933887,0.54745593,0.375
2698,ANY120,0.0,2698 ANY120,2.0,32,0.01731057,0.20147123,0.0625
2698,ANY120,0.000128,2698 ANY120,3.0,32,0.03240155,0.24218155,0.09375
2698,ANY120,0.00064,2698 ANY120,2.0,32,0.01731057,0.20147123,0.0625
2698,ANY120,0.0032,2698 ANY120,3.0,32,0.03240155,0.24218155,0.09375
2698,ANY120,0.016,2698 ANY120,2.0,32,0.01731057,0.20147123,0.0625
2698,ANY120,0.08,2698 ANY120,5.0,32,0.0686442,0.3175415,0.15625
2698,ANY120,0.4,2698 ANY120,6.0,32,0.08889545,0.35309155,0.1875
2698,ANY120,2.0,2698 ANY120,2.0,32,0.01731057,0.20147123,0.0625
2698,ANY120,10.0,2698 ANY120,7.0,32,0.11023836,0.38754994,0.21875
2698,ANY120,50.0,2698 ANY120,29.0,32,0.75781845,0.96759845,0.90625
2698,ANY24,0.0,2698 ANY24,1.0,32,0.00553786,0.15744264,0.03125
2698,ANY24,0.000128,2698 ANY24,0.0,32,0.0,0.1071792,0.0
2698,ANY24,0.00064,2698 ANY24,0.0,32,0.0,0.1071792,0.0
2698,ANY24,0.0032,2698 ANY24,2.0,32,0.01731057,0.20147123,0.0625
2698,ANY24,0.016,2698 ANY24,1.0,32,0.00553786,0.15744264,0.03125
2698,ANY24,0.08,2698 ANY24,3.0,32,0.03240155,0.24218155,0.09375
2698,ANY24,0.4,2698 ANY24,1.0,32,0.00553786,0.15744264,0.03125
2698,ANY24,2.0,2698 ANY24,0.0,32,0.0,0.1071792,0.0
2698,ANY24,10.0,2698 ANY24,3.0,32,0.03240155,0.24218155,0.09375
2698,ANY24,50.0,2698 ANY24,4.0,32,0.04970134,0.28068305,0.125
2698,AXIS,0.0,2698 AXIS,1.0,30,0.00590859,0.16670391,0.03333333
2698,AXIS,0.000128,2698 AXIS,2.0,32,0.01731057,0.20147123,0.0625
2698,AXIS,0.00064,2698 AXIS,1.0,32,0.00553786,0.15744264,0.03125
2698,AXIS,0.0032,2698 AXIS,0.0,31,0.0,0.1102554,0.0
2698,AXIS,0.016,2698 AXIS,0.0,31,0.0,0.1102554,0.0
2698,AXIS,0.08,2698 AXIS,0.0,30,0.0,0.11351339,0.0
2698,AXIS,0.4,2698 AXIS,1.0,29,0.00611321,0.17175522,0.03448276
2698,AXIS,2.0,2698 AXIS,0.0,32,0.0,0.1071792,0.0
2698,AXIS,10.0,2698 AXIS,2.0,27,0.02055465,0.23369593,0.07407407
2698,AXIS,50.0,2698 AXIS,4.0,15,0.10897453,0.51950434,0.26666667
2698,BRN_,0.0,2698 BRN_,0.0,32,0.0,0.1071792,0.0
2698,BRN_,0.000128,2698 BRN_,2.0,32,0.01731057,0.20147123,0.0625
2698,BRN_,0.00064,2698 BRN_,2.0,32,0.01731057,0.20147123,0.0625
2698,BRN_,0.0032,2698 BRN_,0.0,32,0.0,0.1071792,0.0
2698,BRN_,0.016,2698 BRN_,0.0,32,0.0,0.1071792,0.0
2698,BRN_,0.08,2698 BRN_,1.0,32,0.00553786,0.15744264,0.03125
2698,BRN_,0.4,2698 BRN_,0.0,32,0.0,0.1071792,0.0
2698,BRN_,2.0,2698 BRN_,0.0,32,0.0,0.1071792,0.0
2698,BRN_,10.0,2698 BRN_,2.0,32,0.01731057,0.20147123,0.0625
2698,BRN_,50.0,2698 BRN_,4.0,32,0.04970134,0.28068305,0.125
2698,CRAN,0.0,2698 CRAN,0.0,32,0.0,0.1071792,0.0
2698,CRAN,0.000128,2698 CRAN,0.0,32,0.0,0.1071792,0.0
2698,CRAN,0.00064,2698 CRAN,2.0,32,0.01731057,0.20147123,0.0625
2698,CRAN,0.0032,2698 CRAN,0.0,32,0.0,0.1071792,0.0
2698,CRAN,0.016,2698 CRAN,0.0,32,0.0,0.1071792,0.0
2698,CRAN,0.08,2698 CRAN,1.0,32,0.00553786,0.15744264,0.03125
2698,CRAN,0.4,2698 CRAN,1.0,32,0.00553786,0.15744264,0.03125
2698,CRAN,2.0,2698 CRAN,0.0,32,0.0,0.1071792,0.0
2698,CRAN,10.0,2698 CRAN,2.0,32,0.01731057,0.20147123,0.0625
2698,CRAN,50.0,2698 CRAN,10.0,32,0.17952542,0.48566678,0.3125
2698,EDEM,0.0,2698 EDEM,0.0,32,0.0,0.1071792,0.0
2698,EDEM,0.000128,2698 EDEM,1.0,32,0.00553786,0.15744264,0.03125
2698,EDEM,0.00064,2698 EDEM,2.0,32,0.01731057,0.20147123,0.0625
2698,EDEM,0.0032,2698 EDEM,1.0,32,0.00553786,0.15744264,0.03125
2698,EDEM,0.016,2698 EDEM,0.0,32,0.0,0.1071792,0.0
2698,EDEM,0.08,2698 EDEM,1.0,32,0.00553786,0.15744264,0.03125
2698,EDEM,0.4,2698 EDEM,1.0,32,0.00553786,0.15744264,0.03125
2698,EDEM,2.0,2698 EDEM,0.0,32,0.0,0.1071792,0.0
2698,EDEM,10.0,2698 EDEM,2.0,32,0.01731057,0.20147123,0.0625
2698,EDEM,50.0,2698 EDEM,11.0,32,0.20410438,0.51688912,0.34375
2698,LTRK,0.0,2698 LTRK,0.0,32,0.0,0.1071792,0.0
2698,LTRK,0.000128,2698 LTRK,2.0,32,0.01731057,0.20147123,0.0625
2698,LTRK,0.00064,2698 LTRK,2.0,32,0.01731057,0.20147123,0.0625
2698,LTRK,0.0032,2698 LTRK,0.0,32,0.0,0.1071792,0.0
2698,LTRK,0.016,2698 LTRK,0.0,32,0.0,0.1071792,0.0
2698,LTRK,0.08,2698 LTRK,1.0,32,0.00553786,0.15744264,0.03125
2698,LTRK,0.4,2698 LTRK,0.0,32,0.0,0.1071792,0.0
2698,LTRK,2.0,2698 LTRK,0.0,32,0.0,0.1071792,0.0
2698,LTRK,10.0,2698 LTRK,2.0,32,0.01731057,0.20147123,0.0625
2698,LTRK,50.0,2698 LTRK,4.0,32,0.04970134,0.28068305,0.125
2698,MO24,0.0,2698 MO24,1.0,31,0.00571722,0.16194105,0.03225806
2698,MO24,0.000128,2698 MO24,0.0,32,0.0,0.1071792,0.0
2698,MO24,0.00064,2698 MO24,0.0,32,0.0,0.1071792,0.0
2698,MO24,0.0032,2698 MO24,1.0,32,0.00553786,0.15744264,0.03125
2698,MO24,0.016,2698 MO24,1.0,32,0.00553786,0.15744264,0.03125
2698,MO24,0.08,2698 MO24,2.0,32,0.01731057,0.20147123,0.0625
2698,MO24,0.4,2698 MO24,1.0,32,0.00553786,0.15744264,0.03125
2698,MO24,2.0,2698 MO24,0.0,32,0.0,0.1071792,0.0
2698,MO24,10.0,2698 MO24,3.0,32,0.03240155,0.24218155,0.09375
2698,MO24,50.0,2698 MO24,4.0,32,0.04970134,0.28068305,0.125
2698,NC24,0.0,2698 NC24,0.0,30,0.0,0.11351339,0.0
2698,NC24,0.000128,2698 NC24,0.0,32,0.0,0.1071792,0.0
2698,NC24,0.00064,2698 NC24,0.0,32,0.0,0.1071792,0.0
2698,NC24,0.0032,2698 NC24,1.0,31,0.00571722,0.16194105,0.03225806
2698,NC24,0.016,2698 NC24,0.0,31,0.0,0.1102554,0.0
2698,NC24,0.08,2698 NC24,0.0,30,0.0,0.11351339,0.0
2698,NC24,0.4,2698 NC24,0.0,29,0.0,0.1169698,0.0
2698,NC24,2.0,2698 NC24,0.0,32,0.0,0.1071792,0.0
2698,NC24,10.0,2698 NC24,0.0,27,0.0,0.12455503,0.0
2698,NC24,50.0,2698 NC24,0.0,15,0.0,0.2038833,0.0
2698,TOT_MORT,0.0,2698 TOT_MORT,1.0,32,0.00553786,0.15744264,0.03125
2698,TOT_MORT,0.000128,2698 TOT_MORT,0.0,32,0.0,0.1071792,0.0
2698,TOT_MORT,0.00064,2698 TOT_MORT,0.0,32,0.0,0.1071792,0.0
2698,TOT_MORT,0.0032,2698 TOT_MORT,1.0,32,0.00553786,0.15744264,0.03125
2698,TOT_MORT,0.016,2698 TOT_MORT,1.0,32,0.00553786,0.15744264,0.03125
2698,TOT_MORT,0.08,2698 TOT_MORT,2.0,32,0.01731057,0.20147123,0.0625
2698,TOT_MORT,0.4,2698 TOT_MORT,3.0,32,0.03240155,0.24218155,0.09375
2698,TOT_MORT,2.0,2698 TOT_MORT,0.0,32,0.0,0.1071792,0.0
2698,TOT_MORT,10.0,2698 TOT_MORT,5.0,32,0.0686442,0.3175415,0.15625
2698,TOT_MORT,50.0,2698 TOT_MORT,17.0,32,0.36449517,0.69130613,0.53125
2699,ALL_BUT_MORT,0.0,2699 ALL_BUT_MORT,0.0,32,0.0,0.1071792,0.0
2699,ALL_BUT_MORT,0.000128,2699 ALL_BUT_MORT,5.0,32,0.0686442,0.3175415,0.15625
2699,ALL_BUT_MORT,0.00064,2699 ALL_BUT_MORT,4.0,32,0.04970134,0.28068305,0.125
2699,ALL_BUT_MORT,0.0032,2699 ALL_BUT_MORT,3.0,32,0.03240155,0.24218155,0.09375
2699,ALL_BUT_MORT,0.016,2699 ALL_BUT_MORT,3.0,32,0.03240155,0.24218155,0.09375
2699,ALL_BUT_MORT,0.08,2699 ALL_BUT_MORT,3.0,32,0.03240155,0.24218155,0.09375
2699,ALL_BUT_MORT,0.4,2699 ALL_BUT_MORT,2.0,32,0.01731057,0.20147123,0.0625
2699,ALL_BUT_MORT,2.0,2699 ALL_BUT_MORT,2.0,32,0.01731057,0.20147123,0.0625
2699,ALL_BUT_MORT,10.0,2699 ALL_BUT_MORT,3.0,32,0.03240155,0.24218155,0.09375
2699,ALL_BUT_MORT,50.0,2699 ALL_BUT_MORT,21.0,32,0.48311088,0.79589562,0.65625
2699,ANY120,0.0,2699 ANY120,1.0,32,0.00553786,0.15744264,0.03125
2699,ANY120,0.000128,2699 ANY120,5.0,32,0.0686442,0.3175415,0.15625
2699,ANY120,0.00064,2699 ANY120,4.0,32,0.04970134,0.28068305,0.125
2699,ANY120,0.0032,2699 ANY120,3.0,32,0.03240155,0.24218155,0.09375
2699,ANY120,0.016,2699 ANY120,5.0,32,0.0686442,0.3175415,0.15625
2699,ANY120,0.08,2699 ANY120,4.0,32,0.04970134,0.28068305,0.125
2699,ANY120,0.4,2699 ANY120,2.0,32,0.01731057,0.20147123,0.0625
2699,ANY120,2.0,2699 ANY120,2.0,32,0.01731057,0.20147123,0.0625
2699,ANY120,10.0,2699 ANY120,4.0,32,0.04970134,0.28068305,0.125
2699,ANY120,50.0,2699 ANY120,26.0,32,0.64690845,0.91110455,0.8125
2699,ANY24,0.0,2699 ANY24,1.0,32,0.00553786,0.15744264,0.03125
2699,ANY24,0.000128,2699 ANY24,3.0,32,0.03240155,0.24218155,0.09375
2699,ANY24,0.00064,2699 ANY24,3.0,32,0.03240155,0.24218155,0.09375
2699,ANY24,0.0032,2699 ANY24,3.0,32,0.03240155,0.24218155,0.09375
2699,ANY24,0.016,2699 ANY24,3.0,32,0.03240155,0.24218155,0.09375
2699,ANY24,0.08,2699 ANY24,3.0,32,0.03240155,0.24218155,0.09375
2699,ANY24,0.4,2699 ANY24,1.0,32,0.00553786,0.15744264,0.03125
2699,ANY24,2.0,2699 ANY24,1.0,32,0.00553786,0.15744264,0.03125
2699,ANY24,10.0,2699 ANY24,2.0,32,0.01731057,0.20147123,0.0625
2699,ANY24,50.0,2699 ANY24,3.0,32,0.03240155,0.24218155,0.09375
2699,AXIS,0.0,2699 AXIS,0.0,31,0.0,0.1102554,0.0
2699,AXIS,0.000128,2699 AXIS,3.0,31,0.03346464,0.24899938,0.09677419
2699,AXIS,0.00064,2699 AXIS,0.0,31,0.0,0.1102554,0.0
2699,AXIS,0.0032,2699 AXIS,0.0,31,0.0,0.1102554,0.0
2699,AXIS,0.016,2699 AXIS,0.0,29,0.0,0.1169698,0.0
2699,AXIS,0.08,2699 AXIS,1.0,31,0.00571722,0.16194105,0.03225806
2699,AXIS,0.4,2699 AXIS,0.0,32,0.0,0.1071792,0.0
2699,AXIS,2.0,2699 AXIS,0.0,31,0.0,0.1102554,0.0
2699,AXIS,10.0,2699 AXIS,1.0,31,0.00571722,0.16194105,0.03225806
2699,AXIS,50.0,2699 AXIS,11.0,25,0.26665639,0.62932668,0.44
2699,BRN_,0.0,2699 BRN_,0.0,32,0.0,0.1071792,0.0
2699,BRN_,0.000128,2699 BRN_,3.0,32,0.03240155,0.24218155,0.09375
2699,BRN_,0.00064,2699 BRN_,0.0,32,0.0,0.1071792,0.0
2699,BRN_,0.0032,2699 BRN_,0.0,32,0.0,0.1071792,0.0
2699,BRN_,0.016,2699 BRN_,0.0,32,0.0,0.1071792,0.0
2699,BRN_,0.08,2699 BRN_,1.0,32,0.00553786,0.15744264,0.03125
2699,BRN_,0.4,2699 BRN_,0.0,32,0.0,0.1071792,0.0
2699,BRN_,2.0,2699 BRN_,0.0,32,0.0,0.1071792,0.0
2699,BRN_,10.0,2699 BRN_,1.0,32,0.00553786,0.15744264,0.03125
2699,BRN_,50.0,2699 BRN_,10.0,32,0.17952542,0.48566678,0.3125
2699,CRAN,0.0,2699 CRAN,0.0,32,0.0,0.1071792,0.0
2699,CRAN,0.000128,2699 CRAN,3.0,32,0.03240155,0.24218155,0.09375
2699,CRAN,0.00064,2699 CRAN,0.0,32,0.0,0.1071792,0.0
2699,CRAN,0.0032,2699 CRAN,0.0,32,0.0,0.1071792,0.0
2699,CRAN,0.016,2699 CRAN,0.0,32,0.0,0.1071792,0.0
2699,CRAN,0.08,2699 CRAN,1.0,32,0.00553786,0.15744264,0.03125
2699,CRAN,0.4,2699 CRAN,0.0,32,0.0,0.1071792,0.0
2699,CRAN,2.0,2699 CRAN,0.0,32,0.0,0.1071792,0.0
2699,CRAN,10.0,2699 CRAN,2.0,32,0.01731057,0.20147123,0.0625
2699,CRAN,50.0,2699 CRAN,13.0,32,0.25519635,0.57739975,0.40625
2699,EDEM,0.0,2699 EDEM,0.0,32,0.0,0.1071792,0.0
2699,EDEM,0.000128,2699 EDEM,3.0,32,0.03240155,0.24218155,0.09375
2699,EDEM,0.00064,2699 EDEM,1.0,32,0.00553786,0.15744264,0.03125
2699,EDEM,0.0032,2699 EDEM,0.0,32,0.0,0.1071792,0.0
2699,EDEM,0.016,2699 EDEM,0.0,32,0.0,0.1071792,0.0
2699,EDEM,0.08,2699 EDEM,1.0,32,0.00553786,0.15744264,0.03125
2699,EDEM,0.4,2699 EDEM,1.0,32,0.00553786,0.15744264,0.03125
2699,EDEM,2.0,2699 EDEM,0.0,32,0.0,0.1071792,0.0
2699,EDEM,10.0,2699 EDEM,3.0,32,0.03240155,0.24218155,0.09375
2699,EDEM,50.0,2699 EDEM,15.0,32,0.30869387,0.63550483,0.46875
2699,LTRK,0.0,2699 LTRK,0.0,32,0.0,0.1071792,0.0
2699,LTRK,0.000128,2699 LTRK,3.0,32,0.03240155,0.24218155,0.09375
2699,LTRK,0.00064,2699 LTRK,1.0,32,0.00553786,0.15744264,0.03125
2699,LTRK,0.0032,2699 LTRK,1.0,32,0.00553786,0.15744264,0.03125
2699,LTRK,0.016,2699 LTRK,1.0,32,0.00553786,0.15744264,0.03125
2699,LTRK,0.08,2699 LTRK,3.0,32,0.03240155,0.24218155,0.09375
2699,LTRK,0.4,2699 LTRK,1.0,32,0.00553786,0.15744264,0.03125
2699,LTRK,2.0,2699 LTRK,0.0,32,0.0,0.1071792,0.0
2699,LTRK,10.0,2699 LTRK,1.0,32,0.00553786,0.15744264,0.03125
2699,LTRK,50.0,2699 LTRK,16.0,32,0.33630883,0.66369117,0.5
2699,MO24,0.0,2699 MO24,1.0,32,0.00553786,0.15744264,0.03125
2699,MO24,0.000128,2699 MO24,0.0,32,0.0,0.1071792,0.0
2699,MO24,0.00064,2699 MO24,0.0,32,0.0,0.1071792,0.0
2699,MO24,0.0032,2699 MO24,0.0,32,0.0,0.1071792,0.0
2699,MO24,0.016,2699 MO24,1.0,32,0.00553786,0.15744264,0.03125
2699,MO24,0.08,2699 MO24,0.0,32,0.0,0.1071792,0.0
2699,MO24,0.4,2699 MO24,0.0,32,0.0,0.1071792,0.0
2699,MO24,2.0,2699 MO24,0.0,32,0.0,0.1071792,0.0
2699,MO24,10.0,2699 MO24,1.0,32,0.00553786,0.15744264,0.03125
2699,MO24,50.0,2699 MO24,1.0,32,0.00553786,0.15744264,0.03125
2699,NC24,0.0,2699 NC24,0.0,31,0.0,0.1102554,0.0
2699,NC24,0.000128,2699 NC24,0.0,31,0.0,0.1102554,0.0
2699,NC24,0.00064,2699 NC24,1.0,31,0.00571722,0.16194105,0.03225806
2699,NC24,0.0032,2699 NC24,0.0,31,0.0,0.1102554,0.0
2699,NC24,0.016,2699 NC24,1.0,29,0.00611321,0.17175522,0.03448276
2699,NC24,0.08,2699 NC24,3.0,31,0.03346464,0.24899938,0.09677419
2699,NC24,0.4,2699 NC24,1.0,32,0.00553786,0.15744264,0.03125
2699,NC24,2.0,2699 NC24,0.0,31,0.0,0.1102554,0.0
2699,NC24,10.0,2699 NC24,0.0,31,0.0,0.1102554,0.0
2699,NC24,50.0,2699 NC24,0.0,25,0.0,0.13319225,0.0
2699,TOT_MORT,0.0,2699 TOT_MORT,1.0,32,0.00553786,0.15744264,0.03125
2699,TOT_MORT,0.000128,2699 TOT_MORT,1.0,32,0.00553786,0.15744264,0.03125
2699,TOT_MORT,0.00064,2699 TOT_MORT,1.0,32,0.00553786,0.15744264,0.03125
2699,TOT_MORT,0.0032,2699 TOT_MORT,1.0,32,0.00553786,0.15744264,0.03125
2699,TOT_MORT,0.016,2699 TOT_MORT,3.0,32,0.03240155,0.24218155,0.09375
2699,TOT_MORT,0.08,2699 TOT_MORT,1.0,32,0.00553786,0.15744264,0.03125
2699,TOT_MORT,0.4,2699 TOT_MORT,0.0,32,0.0,0.1071792,0.0
2699,TOT_MORT,2.0,2699 TOT_MORT,1.0,32,0.00553786,0.15744264,0.03125
2699,TOT_MORT,10.0,2699 TOT_MORT,1.0,32,0.00553786,0.15744264,0.03125
2699,TOT_MORT,50.0,2699 TOT_MORT,7.0,32,0.11023836,0.38754994,0.21875
2700,ALL_BUT_MORT,0.0,2700 ALL_BUT_MORT,1.0,32,0.00553786,0.15744264,0.03125
2700,ALL_BUT_MORT,0.000128,2700 ALL_BUT_MORT,1.0,32,0.00553786,0.15744264,0.03125
2700,ALL_BUT_MORT,0.00064,2700 ALL_BUT_MORT,1.0,32,0.00553786,0.15744264,0.03125
2700,ALL_BUT_MORT,0.0032,2700 ALL_BUT_MORT,3.0,32,0.03240155,0.24218155,0.09375
2700,ALL_BUT_MORT,0.016,2700 ALL_BUT_MORT,4.0,32,0.04970134,0.28068305,0.125
2700,ALL_BUT_MORT,0.08,2700 ALL_BUT_MORT,0.0,32,0.0,0.1071792,0.0
2700,ALL_BUT_MORT,0.4,2700 ALL_BUT_MORT,1.0,32,0.00553786,0.15744264,0.03125
2700,ALL_BUT_MORT,2.0,2700 ALL_BUT_MORT,0.0,32,0.0,0.1071792,0.0
2700,ALL_BUT_MORT,10.0,2700 ALL_BUT_MORT,3.0,32,0.03240155,0.24218155,0.09375
2700,ALL_BUT_MORT,50.0,2700 ALL_BUT_MORT,10.0,32,0.17952542,0.48566678,0.3125
2700,ANY120,0.0,2700 ANY120,1.0,32,0.00553786,0.15744264,0.03125
2700,ANY120,0.000128,2700 ANY120,2.0,32,0.01731057,0.20147123,0.0625
2700,ANY120,0.00064,2700 ANY120,3.0,32,0.03240155,0.24218155,0.09375
2700,ANY120,0.0032,2700 ANY120,4.0,32,0.04970134,0.28068305,0.125
2700,ANY120,0.016,2700 ANY120,7.0,32,0.11023836,0.38754994,0.21875
2700,ANY120,0.08,2700 ANY120,2.0,32,0.01731057,0.20147123,0.0625
2700,ANY120,0.4,2700 ANY120,3.0,32,0.03240155,0.24218155,0.09375
2700,ANY120,2.0,2700 ANY120,0.0,32,0.0,0.1071792,0.0
2700,ANY120,10.0,2700 ANY120,4.0,32,0.04970134,0.28068305,0.125
2700,ANY120,50.0,2700 ANY120,22.0,32,0.51433322,0.82047458,0.6875
2700,ANY24,0.0,2700 ANY24,0.0,32,0.0,0.1071792,0.0
2700,ANY24,0.000128,2700 ANY24,0.0,32,0.0,0.1071792,0.0
2700,ANY24,0.00064,2700 ANY24,1.0,32,0.00553786,0.15744264,0.03125
2700,ANY24,0.0032,2700 ANY24,1.0,32,0.00553786,0.15744264,0.03125
2700,ANY24,0.016,2700 ANY24,4.0,32,0.04970134,0.28068305,0.125
2700,ANY24,0.08,2700 ANY24,2.0,32,0.01731057,0.20147123,0.0625
2700,ANY24,0.4,2700 ANY24,1.0,32,0.00553786,0.15744264,0.03125
2700,ANY24,2.0,2700 ANY24,0.0,32,0.0,0.1071792,0.0
2700,ANY24,10.0,2700 ANY24,1.0,32,0.00553786,0.15744264,0.03125
2700,ANY24,50.0,2700 ANY24,7.0,32,0.11023836,0.38754994,0.21875
2700,AXIS,0.0,2700 AXIS,1.0,32,0.00553786,0.15744264,0.03125
2700,AXIS,0.000128,2700 AXIS,1.0,31,0.00571722,0.16194105,0.03225806
2700,AXIS,0.00064,2700 AXIS,0.0,30,0.0,0.11351339,0.0
2700,AXIS,0.0032,2700 AXIS,3.0,31,0.03346464,0.24899938,0.09677419
2700,AXIS,0.016,2700 AXIS,3.0,29,0.03581489,0.26385081,0.10344828
2700,AXIS,0.08,2700 AXIS,0.0,30,0.0,0.11351339,0.0
2700,AXIS,0.4,2700 AXIS,0.0,30,0.0,0.11351339,0.0
2700,AXIS,2.0,2700 AXIS,0.0,32,0.0,0.1071792,0.0
2700,AXIS,10.0,2700 AXIS,2.0,30,0.01847702,0.21323458,0.06666667
2700,AXIS,50.0,2700 AXIS,0.0,15,0.0,0.2038833,0.0
2700,BRN_,0.0,2700 BRN_,1.0,32,0.00553786,0.15744264,0.03125
2700,BRN_,0.000128,2700 BRN_,1.0,32,0.00553786,0.15744264,0.03125
2700,BRN_,0.00064,2700 BRN_,1.0,32,0.00553786,0.15744264,0.03125
2700,BRN_,0.0032,2700 BRN_,3.0,32,0.03240155,0.24218155,0.09375
2700,BRN_,0.016,2700 BRN_,3.0,32,0.03240155,0.24218155,0.09375
2700,BRN_,0.08,2700 BRN_,0.0,32,0.0,0.1071792,0.0
2700,BRN_,0.4,2700 BRN_,0.0,32,0.0,0.1071792,0.0
2700,BRN_,2.0,2700 BRN_,0.0,32,0.0,0.1071792,0.0
2700,BRN_,10.0,2700 BRN_,1.0,32,0.00553786,0.15744264,0.03125
2700,BRN_,50.0,2700 BRN_,3.0,32,0.03240155,0.24218155,0.09375
2700,CRAN,0.0,2700 CRAN,1.0,32,0.00553786,0.15744264,0.03125
2700,CRAN,0.000128,2700 CRAN,1.0,32,0.00553786,0.15744264,0.03125
2700,CRAN,0.00064,2700 CRAN,1.0,32,0.00553786,0.15744264,0.03125
2700,CRAN,0.0032,2700 CRAN,3.0,32,0.03240155,0.24218155,0.09375
2700,CRAN,0.016,2700 CRAN,3.0,32,0.03240155,0.24218155,0.09375
2700,CRAN,0.08,2700 CRAN,0.0,32,0.0,0.1071792,0.0
2700,CRAN,0.4,2700 CRAN,1.0,32,0.00553786,0.15744264,0.03125
2700,CRAN,2.0,2700 CRAN,0.0,32,0.0,0.1071792,0.0
2700,CRAN,10.0,2700 CRAN,1.0,32,0.00553786,0.15744264,0.03125
2700,CRAN,50.0,2700 CRAN,4.0,32,0.04970134,0.28068305,0.125
2700,EDEM,0.0,2700 EDEM,1.0,32,0.00553786,0.15744264,0.03125
2700,EDEM,0.000128,2700 EDEM,1.0,32,0.00553786,0.15744264,0.03125
2700,EDEM,0.00064,2700 EDEM,1.0,32,0.00553786,0.15744264,0.03125
2700,EDEM,0.0032,2700 EDEM,3.0,32,0.03240155,0.24218155,0.09375
2700,EDEM,0.016,2700 EDEM,3.0,32,0.03240155,0.24218155,0.09375
2700,EDEM,0.08,2700 EDEM,0.0,32,0.0,0.1071792,0.0
2700,EDEM,0.4,2700 EDEM,1.0,32,0.00553786,0.15744264,0.03125
2700,EDEM,2.0,2700 EDEM,0.0,32,0.0,0.1071792,0.0
2700,EDEM,10.0,2700 EDEM,1.0,32,0.00553786,0.15744264,0.03125
2700,EDEM,50.0,2700 EDEM,5.0,32,0.0686442,0.3175415,0.15625
2700,LTRK,0.0,2700 LTRK,1.0,32,0.00553786,0.15744264,0.03125
2700,LTRK,0.000128,2700 LTRK,1.0,32,0.00553786,0.15744264,0.03125
2700,LTRK,0.00064,2700 LTRK,1.0,32,0.00553786,0.15744264,0.03125
2700,LTRK,0.0032,2700 LTRK,3.0,32,0.03240155,0.24218155,0.09375
2700,LTRK,0.016,2700 LTRK,4.0,32,0.04970134,0.28068305,0.125
2700,LTRK,0.08,2700 LTRK,0.0,32,0.0,0.1071792,0.0
2700,LTRK,0.4,2700 LTRK,0.0,32,0.0,0.1071792,0.0
2700,LTRK,2.0,2700 LTRK,0.0,32,0.0,0.1071792,0.0
2700,LTRK,10.0,2700 LTRK,1.0,32,0.00553786,0.15744264,0.03125
2700,LTRK,50.0,2700 LTRK,3.0,32,0.03240155,0.24218155,0.09375
2700,MO24,0.0,2700 MO24,0.0,32,0.0,0.1071792,0.0
2700,MO24,0.000128,2700 MO24,0.0,32,0.0,0.1071792,0.0
2700,MO24,0.00064,2700 MO24,1.0,32,0.00553786,0.15744264,0.03125
2700,MO24,0.0032,2700 MO24,1.0,32,0.00553786,0.15744264,0.03125
2700,MO24,0.016,2700 MO24,3.0,32,0.03240155,0.24218155,0.09375
2700,MO24,0.08,2700 MO24,2.0,32,0.01731057,0.20147123,0.0625
2700,MO24,0.4,2700 MO24,1.0,32,0.00553786,0.15744264,0.03125
2700,MO24,2.0,2700 MO24,0.0,32,0.0,0.1071792,0.0
2700,MO24,10.0,2700 MO24,0.0,32,0.0,0.1071792,0.0
2700,MO24,50.0,2700 MO24,1.0,32,0.00553786,0.15744264,0.03125
2700,NC24,0.0,2700 NC24,0.0,32,0.0,0.1071792,0.0
2700,NC24,0.000128,2700 NC24,0.0,31,0.0,0.1102554,0.0
2700,NC24,0.00064,2700 NC24,0.0,30,0.0,0.11351339,0.0
2700,NC24,0.0032,2700 NC24,0.0,31,0.0,0.1102554,0.0
2700,NC24,0.016,2700 NC24,0.0,29,0.0,0.1169698,0.0
2700,NC24,0.08,2700 NC24,0.0,30,0.0,0.11351339,0.0
2700,NC24,0.4,2700 NC24,0.0,30,0.0,0.11351339,0.0
2700,NC24,2.0,2700 NC24,0.0,32,0.0,0.1071792,0.0
2700,NC24,10.0,2700 NC24,0.0,30,0.0,0.11351339,0.0
2700,NC24,50.0,2700 NC24,1.0,15,0.0118669,0.2981653,0.06666667
2700,TOT_MORT,0.0,2700 TOT_MORT,0.0,32,0.0,0.1071792,0.0
2700,TOT_MORT,0.000128,2700 TOT_MORT,1.0,32,0.00553786,0.15744264,0.03125
2700,TOT_MORT,0.00064,2700 TOT_MORT,2.0,32,0.01731057,0.20147123,0.0625
2700,TOT_MORT,0.0032,2700 TOT_MORT,1.0,32,0.00553786,0.15744264,0.03125
2700,TOT_MORT,0.016,2700 TOT_MORT,3.0,32,0.03240155,0.24218155,0.09375
2700,TOT_MORT,0.08,2700 TOT_MORT,2.0,32,0.01731057,0.20147123,0.0625
2700,TOT_MORT,0.4,2700 TOT_MORT,2.0,32,0.01731057,0.20147123,0.0625
2700,TOT_MORT,2.0,2700 TOT_MORT,0.0,32,0.0,0.1071792,0.0
2700,TOT_MORT,10.0,2700 TOT_MORT,2.0,32,0.01731057,0.20147123,0.0625
2700,TOT_MORT,50.0,2700 TOT_MORT,17.0,32,0.36449517,0.69130613,0.53125
2806-2,ALL_BUT_MORT,0.0,2806-2 ALL_BUT_MORT,3.0,32,0.03240155,0.24218155,0.09375
2806-2,ALL_BUT_MORT,0.8,2806-2 ALL_BUT_MORT,3.0,40,0.02583603,0.19864234,0.075
2806-2,ALL_BUT_MORT,4.0,2806-2 ALL_BUT_MORT,3.0,40,0.02583603,0.19864234,0.075
2806-2,ALL_BUT_MORT,20.0,2806-2 ALL_BUT_MORT,2.0,40,0.01382067,0.16503877,0.05
2806-2,ALL_BUT_MORT,25.0,2806-2 ALL_BUT_MORT,1.0,20,0.00888145,0.23613119,0.05
2806-2,ALL_BUT_MORT,50.0,2806-2 ALL_BUT_MORT,0.0,20,0.0,0.16112516,0.0
2806-2,ALL_BUT_MORT,75.0,2806-2 ALL_BUT_MORT,10.0,20,0.29929801,0.70070199,0.5
2806-2,ALL_BUT_MORT,100.0,2806-2 ALL_BUT_MORT,40.0,60,0.54056866,0.77270738,0.66666667
2806-2,ANY120,0.0,2806-2 ANY120,3.0,32,0.03240155,0.24218155,0.09375
2806-2,ANY120,0.8,2806-2 ANY120,5.0,40,0.054595,0.2611212,0.125
2806-2,ANY120,4.0,2806-2 ANY120,3.0,40,0.02583603,0.19864234,0.075
2806-2,ANY120,20.0,2806-2 ANY120,2.0,40,0.01382067,0.16503877,0.05
2806-2,ANY120,25.0,2806-2 ANY120,1.0,20,0.00888145,0.23613119,0.05
2806-2,ANY120,50.0,2806-2 ANY120,0.0,20,0.0,0.16112516,0.0
2806-2,ANY120,75.0,2806-2 ANY120,18.0,20,0.69896635,0.97213352,0.9
2806-2,ANY120,100.0,2806-2 ANY120,57.0,60,0.86299484,0.9828505,0.95
2806-2,ANY24,0.0,2806-2 ANY24,2.0,32,0.01731057,0.20147123,0.0625
2806-2,ANY24,0.8,2806-2 ANY24,3.0,40,0.02583603,0.19864234,0.075
2806-2,ANY24,4.0,2806-2 ANY24,1.0,40,0.00442683,0.12881369,0.025
2806-2,ANY24,20.0,2806-2 ANY24,1.0,40,0.00442683,0.12881369,0.025
2806-2,ANY24,25.0,2806-2 ANY24,0.0,20,0.0,0.16112516,0.0
2806-2,ANY24,50.0,2806-2 ANY24,0.0,20,0.0,0.16112516,0.0
2806-2,ANY24,75.0,2806-2 ANY24,0.0,20,0.0,0.16112516,0.0
2806-2,ANY24,100.0,2806-2 ANY24,8.0,60,0.06914109,0.2416516,0.13333333
2806-2,AXIS,0.0,2806-2 AXIS,0.0,30,0.0,0.11351339,0.0
2806-2,AXIS,0.8,2806-2 AXIS,0.0,38,0.0,0.09180987,0.0
2806-2,AXIS,4.0,2806-2 AXIS,1.0,39,0.0045407,0.1318099,0.02564103
2806-2,AXIS,20.0,2806-2 AXIS,2.0,40,0.01382067,0.16503877,0.05
2806-2,AXIS,25.0,2806-2 AXIS,1.0,20,0.00888145,0.23613119,0.05
2806-2,AXIS,50.0,2806-2 AXIS,0.0,20,0.0,0.16112516,0.0
2806-2,AXIS,75.0,2806-2 AXIS,2.0,12,0.04696514,0.44803086,0.16666667
2806-2,AXIS,100.0,2806-2 AXIS,7.0,39,0.08977265,0.32668046,0.17948718
2806-2,BRN_,0.0,2806-2 BRN_,1.0,32,0.00553786,0.15744264,0.03125
2806-2,BRN_,0.8,2806-2 BRN_,1.0,40,0.00442683,0.12881369,0.025
2806-2,BRN_,4.0,2806-2 BRN_,2.0,40,0.01382067,0.16503877,0.05
2806-2,BRN_,20.0,2806-2 BRN_,1.0,40,0.00442683,0.12881369,0.025
2806-2,BRN_,25.0,2806-2 BRN_,1.0,20,0.00888145,0.23613119,0.05
2806-2,BRN_,50.0,2806-2 BRN_,0.0,20,0.0,0.16112516,0.0
2806-2,BRN_,75.0,2806-2 BRN_,4.0,20,0.08065766,0.41601743,0.2
2806-2,BRN_,100.0,2806-2 BRN_,23.0,60,0.27088272,0.50982404,0.38333333
2806-2,CRAN,0.0,2806-2 CRAN,1.0,32,0.00553786,0.15744264,0.03125
2806-2,CRAN,0.8,2806-2 CRAN,1.0,40,0.00442683,0.12881369,0.025
2806-2,CRAN,4.0,2806-2 CRAN,1.0,40,0.00442683,0.12881369,0.025
2806-2,CRAN,20.0,2806-2 CRAN,1.0,40,0.00442683,0.12881369,0.025
2806-2,CRAN,25.0,2806-2 CRAN,1.0,20,0.00888145,0.23613119,0.05
2806-2,CRAN,50.0,2806-2 CRAN,0.0,20,0.0,0.16112516,0.0
2806-2,CRAN,75.0,2806-2 CRAN,10.0,20,0.29929801,0.70070199,0.5
2806-2,CRAN,100.0,2806-2 CRAN,28.0,60,0.34627906,0.59106573,0.46666667
2806-2,EDEM,0.0,2806-2 EDEM,1.0,32,0.00553786,0.15744264,0.03125
2806-2,EDEM,0.8,2806-2 EDEM,2.0,40,0.01382067,0.16503877,0.05
2806-2,EDEM,4.0,2806-2 EDEM,1.0,40,0.00442683,0.12881369,0.025
2806-2,EDEM,20.0,2806-2 EDEM,1.0,40,0.00442683,0.12881369,0.025
2806-2,EDEM,25.0,2806-2 EDEM,1.0,20,0.00888145,0.23613119,0.05
2806-2,EDEM,50.0,2806-2 EDEM,0.0,20,0.0,0.16112516,0.0
2806-2,EDEM,75.0,2806-2 EDEM,7.0,20,0.18119182,0.56714572,0.35
2806-2,EDEM,100.0,2806-2 EDEM,27.0,60,0.33093654,0.57508064,0.45
2806-2,LTRK,0.0,2806-2 LTRK,0.0,32,0.0,0.1071792,0.0
2806-2,LTRK,0.8,2806-2 LTRK,0.0,40,0.0,0.0876216,0.0
2806-2,LTRK,4.0,2806-2 LTRK,2.0,40,0.01382067,0.16503877,0.05
2806-2,LTRK,20.0,2806-2 LTRK,1.0,40,0.00442683,0.12881369,0.025
2806-2,LTRK,25.0,2806-2 LTRK,1.0,20,0.00888145,0.23613119,0.05
2806-2,LTRK,50.0,2806-2 LTRK,0.0,20,0.0,0.16112516,0.0
2806-2,LTRK,75.0,2806-2 LTRK,0.0,20,0.0,0.16112516,0.0
2806-2,LTRK,100.0,2806-2 LTRK,9.0,60,0.08097441,0.26114589,0.15
2806-2,MO24,0.0,2806-2 MO24,0.0,32,0.0,0.1071792,0.0
2806-2,MO24,0.8,2806-2 MO24,2.0,40,0.01382067,0.16503877,0.05
2806-2,MO24,4.0,2806-2 MO24,0.0,40,0.0,0.0876216,0.0
2806-2,MO24,20.0,2806-2 MO24,0.0,40,0.0,0.0876216,0.0
2806-2,MO24,25.0,2806-2 MO24,0.0,20,0.0,0.16112516,0.0
2806-2,MO24,50.0,2806-2 MO24,0.0,20,0.0,0.16112516,0.0
2806-2,MO24,75.0,2806-2 MO24,0.0,20,0.0,0.16112516,0.0
2806-2,MO24,100.0,2806-2 MO24,1.0,60,0.00294816,0.0885513,0.01666667
2806-2,NC24,0.0,2806-2 NC24,0.0,30,0.0,0.11351339,0.0
2806-2,NC24,0.8,2806-2 NC24,0.0,38,0.0,0.09180987,0.0
2806-2,NC24,4.0,2806-2 NC24,0.0,39,0.0,0.08966685,0.0
2806-2,NC24,20.0,2806-2 NC24,0.0,40,0.0,0.0876216,0.0
2806-2,NC24,25.0,2806-2 NC24,0.0,20,0.0,0.16112516,0.0
2806-2,NC24,50.0,2806-2 NC24,0.0,20,0.0,0.16112516,0.0
2806-2,NC24,75.0,2806-2 NC24,0.0,12,0.0,0.24249401,0.0
2806-2,NC24,100.0,2806-2 NC24,0.0,39,0.0,0.08966685,0.0
2806-2,TOT_MORT,0.0,2806-2 TOT_MORT,2.0,32,0.01731057,0.20147123,0.0625
2806-2,TOT_MORT,0.8,2806-2 TOT_MORT,2.0,40,0.01382067,0.16503877,0.05
2806-2,TOT_MORT,4.0,2806-2 TOT_MORT,1.0,40,0.00442683,0.12881369,0.025
2806-2,TOT_MORT,20.0,2806-2 TOT_MORT,0.0,40,0.0,0.0876216,0.0
2806-2,TOT_MORT,25.0,2806-2 TOT_MORT,0.0,20,0.0,0.16112516,0.0
2806-2,TOT_MORT,50.0,2806-2 TOT_MORT,0.0,20,0.0,0.16112516,0.0
2806-2,TOT_MORT,75.0,2806-2 TOT_MORT,8.0,20,0.21880653,0.6134185,0.4
2806-2,TOT_MORT,100.0,2806-2 TOT_MORT,21.0,60,0.24167774,0.47637381,0.35
3322,ALL_BUT_MORT,0.0,3322 ALL_BUT_MORT,3.0,32,0.03240155,0.24218155,0.09375
3322,ALL_BUT_MORT,1000.0,3322 ALL_BUT_MORT,3.0,32,0.03240155,0.24218155,0.09375
3322,ALL_BUT_MORT,2500.0,3322 ALL_BUT_MORT,3.0,32,0.03240155,0.24218155,0.09375
3322,ALL_BUT_MORT,5000.0,3322 ALL_BUT_MORT,0.0,32,0.0,0.1071792,0.0
3322,ALL_BUT_MORT,7500.0,3322 ALL_BUT_MORT,3.0,64,0.01606902,0.12899654,0.046875
3322,ANY120,0.0,3322 ANY120,3.0,32,0.03240155,0.24218155,0.09375
3322,ANY120,1000.0,3322 ANY120,5.0,32,0.0686442,0.3175415,0.15625
3322,ANY120,2500.0,3322 ANY120,6.0,32,0.08889545,0.35309155,0.1875
3322,ANY120,5000.0,3322 ANY120,3.0,32,0.03240155,0.24218155,0.09375
3322,ANY120,7500.0,3322 ANY120,10.0,64,0.08714842,0.26428062,0.15625
3322,ANY24,0.0,3322 ANY24,0.0,32,0.0,0.1071792,0.0
3322,ANY24,1000.0,3322 ANY24,3.0,32,0.03240155,0.24218155,0.09375
3322,ANY24,2500.0,3322 ANY24,4.0,32,0.04970134,0.28068305,0.125
3322,ANY24,5000.0,3322 ANY24,2.0,32,0.01731057,0.20147123,0.0625
3322,ANY24,7500.0,3322 ANY24,6.0,64,0.04367825,0.1898288,0.09375
3322,AXIS,0.0,3322 AXIS,3.0,32,0.03240155,0.24218155,0.09375
3322,AXIS,1000.0,3322 AXIS,1.0,29,0.00611321,0.17175522,0.03448276
3322,AXIS,2500.0,3322 AXIS,0.0,29,0.0,0.1169698,0.0
3322,AXIS,5000.0,3322 AXIS,0.0,29,0.0,0.1169698,0.0
3322,AXIS,7500.0,3322 AXIS,2.0,56,0.00984943,0.1211878,0.03571429
3322,BRN_,0.0,3322 BRN_,2.0,32,0.01731057,0.20147123,0.0625
3322,BRN_,1000.0,3322 BRN_,1.0,32,0.00553786,0.15744264,0.03125
3322,BRN_,2500.0,3322 BRN_,1.0,32,0.00553786,0.15744264,0.03125
3322,BRN_,5000.0,3322 BRN_,0.0,32,0.0,0.1071792,0.0
3322,BRN_,7500.0,3322 BRN_,1.0,64,0.00276354,0.08334102,0.015625
3322,CRAN,0.0,3322 CRAN,0.0,32,0.0,0.1071792,0.0
3322,CRAN,1000.0,3322 CRAN,1.0,32,0.00553786,0.15744264,0.03125
3322,CRAN,2500.0,3322 CRAN,0.0,32,0.0,0.1071792,0.0
3322,CRAN,5000.0,3322 CRAN,0.0,32,0.0,0.1071792,0.0
3322,CRAN,7500.0,3322 CRAN,0.0,64,0.0,0.05662406,0.0
3322,EDEM,0.0,3322 EDEM,2.0,32,0.01731057,0.20147123,0.0625
3322,EDEM,1000.0,3322 EDEM,1.0,32,0.00553786,0.15744264,0.03125
3322,EDEM,2500.0,3322 EDEM,2.0,32,0.01731057,0.20147123,0.0625
3322,EDEM,5000.0,3322 EDEM,0.0,32,0.0,0.1071792,0.0
3322,EDEM,7500.0,3322 EDEM,1.0,64,0.00276354,0.08334102,0.015625
3322,LTRK,0.0,3322 LTRK,0.0,32,0.0,0.1071792,0.0
3322,LTRK,1000.0,3322 LTRK,0.0,32,0.0,0.1071792,0.0
3322,LTRK,2500.0,3322 LTRK,1.0,32,0.00553786,0.15744264,0.03125
3322,LTRK,5000.0,3322 LTRK,0.0,32,0.0,0.1071792,0.0
3322,LTRK,7500.0,3322 LTRK,0.0,64,0.0,0.05662406,0.0
3322,MO24,0.0,3322 MO24,0.0,32,0.0,0.1071792,0.0
3322,MO24,1000.0,3322 MO24,2.0,32,0.01731057,0.20147123,0.0625
3322,MO24,2500.0,3322 MO24,3.0,32,0.03240155,0.24218155,0.09375
3322,MO24,5000.0,3322 MO24,2.0,32,0.01731057,0.20147123,0.0625
3322,MO24,7500.0,3322 MO24,5.0,64,0.03383118,0.17019537,0.078125
3322,NC24,0.0,3322 NC24,0.0,32,0.0,0.1071792,0.0
3322,NC24,1000.0,3322 NC24,0.0,29,0.0,0.1169698,0.0
3322,NC24,2500.0,3322 NC24,0.0,29,0.0,0.1169698,0.0
3322,NC24,5000.0,3322 NC24,0.0,29,0.0,0.1169698,0.0
3322,NC24,7500.0,3322 NC24,0.0,56,0.0,0.06419394,0.0
3322,TOT_MORT,0.0,3322 TOT_MORT,0.0,32,0.0,0.1071792,0.0
3322,TOT_MORT,1000.0,3322 TOT_MORT,3.0,32,0.03240155,0.24218155,0.09375
3322,TOT_MORT,2500.0,3322 TOT_MORT,3.0,32,0.03240155,0.24218155,0.09375
3322,TOT_MORT,5000.0,3322 TOT_MORT,3.0,32,0.03240155,0.24218155,0.09375
3322,TOT_MORT,7500.0,3322 TOT_MORT,8.0,64,0.06472243,0.22774562,0.125
3324,ALL_BUT_MORT,0.0,3324 ALL_BUT_MORT,2.0,32,0.01731057,0.20147123,0.0625
3324,ALL_BUT_MORT,1000.0,3324 ALL_BUT_MORT,0.0,32,0.0,0.1071792,0.0
3324,ALL_BUT_MORT,2500.0,3324 ALL_BUT_MORT,1.0,32,0.00553786,0.15744264,0.03125
3324,ALL_BUT_MORT,5000.0,3324 ALL_BUT_MORT,7.0,32,0.11023836,0.38754994,0.21875
3324,ALL_BUT_MORT,7500.0,3324 ALL_BUT_MORT,52.0,64,0.70025639,0.88935357,0.8125
3324,ANY120,0.0,3324 ANY120,6.0,32,0.08889545,0.35309155,0.1875
3324,ANY120,1000.0,3324 ANY120,1.0,32,0.00553786,0.15744264,0.03125
3324,ANY120,2500.0,3324 ANY120,5.0,32,0.0686442,0.3175415,0.15625
3324,ANY120,5000.0,3324 ANY120,13.0,32,0.25519635,0.57739975,0.40625
3324,ANY120,7500.0,3324 ANY120,60.0,64,0.85002515,0.9754288,0.9375
3324,ANY24,0.0,3324 ANY24,4.0,32,0.04970134,0.28068305,0.125
3324,ANY24,1000.0,3324 ANY24,1.0,32,0.00553786,0.15744264,0.03125
3324,ANY24,2500.0,3324 ANY24,5.0,32,0.0686442,0.3175415,0.15625
3324,ANY24,5000.0,3324 ANY24,9.0,32,0.1556458,0.45374509,0.28125
3324,ANY24,7500.0,3324 ANY24,9.0,64,0.07578573,0.24616282,0.140625
3324,AXIS,0.0,3324 AXIS,2.0,28,0.01981206,0.22645363,0.07142857
3324,AXIS,1000.0,3324 AXIS,0.0,31,0.0,0.1102554,0.0
3324,AXIS,2500.0,3324 AXIS,0.0,27,0.0,0.12455503,0.0
3324,AXIS,5000.0,3324 AXIS,2.0,25,0.0222204,0.24966109,0.08
3324,AXIS,7500.0,3324 AXIS,21.0,54,0.27041934,0.52211701,0.38888889
3324,BRN_,0.0,3324 BRN_,2.0,32,0.01731057,0.20147123,0.0625
3324,BRN_,1000.0,3324 BRN_,0.0,32,0.0,0.1071792,0.0
3324,BRN_,2500.0,3324 BRN_,0.0,32,0.0,0.1071792,0.0
3324,BRN_,5000.0,3324 BRN_,3.0,32,0.03240155,0.24218155,0.09375
3324,BRN_,7500.0,3324 BRN_,35.0,64,0.42573597,0.66270552,0.546875
3324,CRAN,0.0,3324 CRAN,2.0,32,0.01731057,0.20147123,0.0625
3324,CRAN,1000.0,3324 CRAN,0.0,32,0.0,0.1071792,0.0
3324,CRAN,2500.0,3324 CRAN,0.0,32,0.0,0.1071792,0.0
3324,CRAN,5000.0,3324 CRAN,5.0,32,0.0686442,0.3175415,0.15625
3324,CRAN,7500.0,3324 CRAN,47.0,64,0.61517126,0.82703621,0.734375
3324,EDEM,0.0,3324 EDEM,2.0,32,0.01731057,0.20147123,0.0625
3324,EDEM,1000.0,3324 EDEM,0.0,32,0.0,0.1071792,0.0
3324,EDEM,2500.0,3324 EDEM,0.0,32,0.0,0.1071792,0.0
3324,EDEM,5000.0,3324 EDEM,6.0,32,0.08889545,0.35309155,0.1875
3324,EDEM,7500.0,3324 EDEM,47.0,64,0.61517126,0.82703621,0.734375
3324,LTRK,0.0,3324 LTRK,2.0,32,0.01731057,0.20147123,0.0625
3324,LTRK,1000.0,3324 LTRK,0.0,32,0.0,0.1071792,0.0
3324,LTRK,2500.0,3324 LTRK,0.0,32,0.0,0.1071792,0.0
3324,LTRK,5000.0,3324 LTRK,4.0,32,0.04970134,0.28068305,0.125
3324,LTRK,7500.0,3324 LTRK,37.0,64,0.45610032,0.69130218,0.578125
3324,MO24,0.0,3324 MO24,4.0,32,0.04970134,0.28068305,0.125
3324,MO24,1000.0,3324 MO24,1.0,32,0.00553786,0.15744264,0.03125
3324,MO24,2500.0,3324 MO24,4.0,32,0.04970134,0.28068305,0.125
3324,MO24,5000.0,3324 MO24,6.0,32,0.08889545,0.35309155,0.1875
3324,MO24,7500.0,3324 MO24,5.0,64,0.03383118,0.17019537,0.078125
3324,NC24,0.0,3324 NC24,0.0,28,0.0,0.1206433,0.0
3324,NC24,1000.0,3324 NC24,0.0,31,0.0,0.1102554,0.0
3324,NC24,2500.0,3324 NC24,0.0,27,0.0,0.12455503,0.0
3324,NC24,5000.0,3324 NC24,1.0,25,0.00709623,0.19544064,0.04
3324,NC24,7500.0,3324 NC24,0.0,54,0.0,0.06641359,0.0
3324,TOT_MORT,0.0,3324 TOT_MORT,4.0,32,0.04970134,0.28068305,0.125
3324,TOT_MORT,1000.0,3324 TOT_MORT,1.0,32,0.00553786,0.15744264,0.03125
3324,TOT_MORT,2500.0,3324 TOT_MORT,5.0,32,0.0686442,0.3175415,0.15625
3324,TOT_MORT,5000.0,3324 TOT_MORT,7.0,32,0.11023836,0.38754994,0.21875
3324,TOT_MORT,7500.0,3324 TOT_MORT,10.0,64,0.08714842,0.26428062,0.15625
3325,ALL_BUT_MORT,0.0,3325 ALL_BUT_MORT,1.0,32,0.00553786,0.15744264,0.03125
3325,ALL_BUT_MORT,1000.0,3325 ALL_BUT_MORT,0.0,32,0.0,0.1071792,0.0
3325,ALL_BUT_MORT,2500.0,3325 ALL_BUT_MORT,2.0,32,0.01731057,0.20147123,0.0625
3325,ALL_BUT_MORT,5000.0,3325 ALL_BUT_MORT,2.0,32,0.01731057,0.20147123,0.0625
3325,ALL_BUT_MORT,7500.0,3325 ALL_BUT_MORT,1.0,64,0.00276354,0.08334102,0.015625
3325,ANY120,0.0,3325 ANY120,6.0,32,0.08889545,0.35309155,0.1875
3325,ANY120,1000.0,3325 ANY120,3.0,32,0.03240155,0.24218155,0.09375
3325,ANY120,2500.0,3325 ANY120,7.0,32,0.11023836,0.38754994,0.21875
3325,ANY120,5000.0,3325 ANY120,5.0,32,0.0686442,0.3175415,0.15625
3325,ANY120,7500.0,3325 ANY120,11.0,64,0.09877742,0.28213212,0.171875
3325,ANY24,0.0,3325 ANY24,6.0,32,0.08889545,0.35309155,0.1875
3325,ANY24,1000.0,3325 ANY24,3.0,32,0.03240155,0.24218155,0.09375
3325,ANY24,2500.0,3325 ANY24,5.0,32,0.0686442,0.3175415,0.15625
3325,ANY24,5000.0,3325 ANY24,5.0,32,0.0686442,0.3175415,0.15625
3325,ANY24,7500.0,3325 ANY24,8.0,64,0.06472243,0.22774562,0.125
3325,AXIS,0.0,3325 AXIS,0.0,26,0.0,0.12872892,0.0
3325,AXIS,1000.0,3325 AXIS,0.0,29,0.0,0.1169698,0.0
3325,AXIS,2500.0,3325 AXIS,2.0,27,0.02055465,0.23369593,0.07407407
3325,AXIS,5000.0,3325 AXIS,0.0,28,0.0,0.1206433,0.0
3325,AXIS,7500.0,3325 AXIS,1.0,53,0.00333845,0.09942912,0.01886792
3325,BRN_,0.0,3325 BRN_,0.0,32,0.0,0.1071792,0.0
3325,BRN_,1000.0,3325 BRN_,0.0,32,0.0,0.1071792,0.0
3325,BRN_,2500.0,3325 BRN_,0.0,32,0.0,0.1071792,0.0
3325,BRN_,5000.0,3325 BRN_,0.0,32,0.0,0.1071792,0.0
3325,BRN_,7500.0,3325 BRN_,0.0,64,0.0,0.05662406,0.0
3325,CRAN,0.0,3325 CRAN,0.0,32,0.0,0.1071792,0.0
3325,CRAN,1000.0,3325 CRAN,0.0,32,0.0,0.1071792,0.0
3325,CRAN,2500.0,3325 CRAN,0.0,32,0.0,0.1071792,0.0
3325,CRAN,5000.0,3325 CRAN,0.0,32,0.0,0.1071792,0.0
3325,CRAN,7500.0,3325 CRAN,0.0,64,0.0,0.05662406,0.0
3325,EDEM,0.0,3325 EDEM,0.0,32,0.0,0.1071792,0.0
3325,EDEM,1000.0,3325 EDEM,0.0,32,0.0,0.1071792,0.0
3325,EDEM,2500.0,3325 EDEM,0.0,32,0.0,0.1071792,0.0
3325,EDEM,5000.0,3325 EDEM,0.0,32,0.0,0.1071792,0.0
3325,EDEM,7500.0,3325 EDEM,0.0,64,0.0,0.05662406,0.0
3325,LTRK,0.0,3325 LTRK,0.0,32,0.0,0.1071792,0.0
3325,LTRK,1000.0,3325 LTRK,0.0,32,0.0,0.1071792,0.0
3325,LTRK,2500.0,3325 LTRK,0.0,32,0.0,0.1071792,0.0
3325,LTRK,5000.0,3325 LTRK,0.0,32,0.0,0.1071792,0.0
3325,LTRK,7500.0,3325 LTRK,0.0,64,0.0,0.05662406,0.0
3325,MO24,0.0,3325 MO24,5.0,32,0.0686442,0.3175415,0.15625
3325,MO24,1000.0,3325 MO24,3.0,32,0.03240155,0.24218155,0.09375
3325,MO24,2500.0,3325 MO24,5.0,32,0.0686442,0.3175415,0.15625
3325,MO24,5000.0,3325 MO24,3.0,32,0.03240155,0.24218155,0.09375
3325,MO24,7500.0,3325 MO24,8.0,63,0.06577325,0.23107034,0.12698413
3325,NC24,0.0,3325 NC24,0.0,26,0.0,0.12872892,0.0
3325,NC24,1000.0,3325 NC24,0.0,29,0.0,0.1169698,0.0
3325,NC24,2500.0,3325 NC24,0.0,27,0.0,0.12455503,0.0
3325,NC24,5000.0,3325 NC24,0.0,28,0.0,0.1206433,0.0
3325,NC24,7500.0,3325 NC24,0.0,53,0.0,0.06758199,0.0
3325,TOT_MORT,0.0,3325 TOT_MORT,6.0,32,0.08889545,0.35309155,0.1875
3325,TOT_MORT,1000.0,3325 TOT_MORT,3.0,32,0.03240155,0.24218155,0.09375
3325,TOT_MORT,2500.0,3325 TOT_MORT,5.0,32,0.0686442,0.3175415,0.15625
3325,TOT_MORT,5000.0,3325 TOT_MORT,4.0,32,0.04970134,0.28068305,0.125
3325,TOT_MORT,7500.0,3325 TOT_MORT,10.0,64,0.08714842,0.26428062,0.15625
3326,ALL_BUT_MORT,0.0,3326 ALL_BUT_MORT,1.0,32,0.00553786,0.15744264,0.03125
3326,ALL_BUT_MORT,1000.0,3326 ALL_BUT_MORT,0.0,32,0.0,0.1071792,0.0
3326,ALL_BUT_MORT,2500.0,3326 ALL_BUT_MORT,1.0,32,0.00553786,0.15744264,0.03125
3326,ALL_BUT_MORT,5000.0,3326 ALL_BUT_MORT,0.0,32,0.0,0.1071792,0.0
3326,ALL_BUT_MORT,7500.0,3326 ALL_BUT_MORT,1.0,64,0.00276354,0.08334102,0.015625
3326,ANY120,0.0,3326 ANY120,3.0,32,0.03240155,0.24218155,0.09375
3326,ANY120,1000.0,3326 ANY120,2.0,32,0.01731057,0.20147123,0.0625
3326,ANY120,2500.0,3326 ANY120,4.0,32,0.04970134,0.28068305,0.125
3326,ANY120,5000.0,3326 ANY120,1.0,32,0.00553786,0.15744264,0.03125
3326,ANY120,7500.0,3326 ANY120,4.0,64,0.0245712,0.14997485,0.0625
3326,ANY24,0.0,3326 ANY24,1.0,32,0.00553786,0.15744264,0.03125
3326,ANY24,1000.0,3326 ANY24,2.0,32,0.01731057,0.20147123,0.0625
3326,ANY24,2500.0,3326 ANY24,2.0,32,0.01731057,0.20147123,0.0625
3326,ANY24,5000.0,3326 ANY24,1.0,32,0.00553786,0.15744264,0.03125
3326,ANY24,7500.0,3326 ANY24,3.0,64,0.01606902,0.12899654,0.046875
3326,AXIS,0.0,3326 AXIS,1.0,30,0.00590859,0.16670391,0.03333333
3326,AXIS,1000.0,3326 AXIS,0.0,30,0.0,0.11351339,0.0
3326,AXIS,2500.0,3326 AXIS,1.0,29,0.00611321,0.17175522,0.03448276
3326,AXIS,5000.0,3326 AXIS,0.0,31,0.0,0.1102554,0.0
3326,AXIS,7500.0,3326 AXIS,1.0,61,0.00289973,0.0871886,0.01639344
3326,BRN_,0.0,3326 BRN_,1.0,32,0.00553786,0.15744264,0.03125
3326,BRN_,1000.0,3326 BRN_,0.0,32,0.0,0.1071792,0.0
3326,BRN_,2500.0,3326 BRN_,1.0,32,0.00553786,0.15744264,0.03125
3326,BRN_,5000.0,3326 BRN_,0.0,32,0.0,0.1071792,0.0
3326,BRN_,7500.0,3326 BRN_,0.0,64,0.0,0.05662406,0.0
3326,CRAN,0.0,3326 CRAN,1.0,32,0.00553786,0.15744264,0.03125
3326,CRAN,1000.0,3326 CRAN,0.0,32,0.0,0.1071792,0.0
3326,CRAN,2500.0,3326 CRAN,1.0,32,0.00553786,0.15744264,0.03125
3326,CRAN,5000.0,3326 CRAN,0.0,32,0.0,0.1071792,0.0
3326,CRAN,7500.0,3326 CRAN,0.0,64,0.0,0.05662406,0.0
3326,EDEM,0.0,3326 EDEM,1.0,32,0.00553786,0.15744264,0.03125
3326,EDEM,1000.0,3326 EDEM,0.0,32,0.0,0.1071792,0.0
3326,EDEM,2500.0,3326 EDEM,1.0,32,0.00553786,0.15744264,0.03125
3326,EDEM,5000.0,3326 EDEM,0.0,32,0.0,0.1071792,0.0
3326,EDEM,7500.0,3326 EDEM,0.0,64,0.0,0.05662406,0.0
3326,LTRK,0.0,3326 LTRK,1.0,32,0.00553786,0.15744264,0.03125
3326,LTRK,1000.0,3326 LTRK,0.0,32,0.0,0.1071792,0.0
3326,LTRK,2500.0,3326 LTRK,1.0,32,0.00553786,0.15744264,0.03125
3326,LTRK,5000.0,3326 LTRK,0.0,32,0.0,0.1071792,0.0
3326,LTRK,7500.0,3326 LTRK,1.0,64,0.00276354,0.08334102,0.015625
3326,MO24,0.0,3326 MO24,1.0,32,0.00553786,0.15744264,0.03125
3326,MO24,1000.0,3326 MO24,2.0,32,0.01731057,0.20147123,0.0625
3326,MO24,2500.0,3326 MO24,2.0,32,0.01731057,0.20147123,0.0625
3326,MO24,5000.0,3326 MO24,1.0,32,0.00553786,0.15744264,0.03125
3326,MO24,7500.0,3326 MO24,3.0,64,0.01606902,0.12899654,0.046875
3326,NC24,0.0,3326 NC24,0.0,30,0.0,0.11351339,0.0
3326,NC24,1000.0,3326 NC24,0.0,30,0.0,0.11351339,0.0
3326,NC24,2500.0,3326 NC24,0.0,29,0.0,0.1169698,0.0
3326,NC24,5000.0,3326 NC24,0.0,31,0.0,0.1102554,0.0
3326,NC24,7500.0,3326 NC24,0.0,61,0.0,0.05924387,0.0
3326,TOT_MORT,0.0,3326 TOT_MORT,2.0,32,0.01731057,0.20147123,0.0625
3326,TOT_MORT,1000.0,3326 TOT_MORT,2.0,32,0.01731057,0.20147123,0.0625
3326,TOT_MORT,2500.0,3326 TOT_MORT,3.0,32,0.03240155,0.24218155,0.09375
3326,TOT_MORT,5000.0,3326 TOT_MORT,1.0,32,0.00553786,0.15744264,0.03125
3326,TOT_MORT,7500.0,3326 TOT_MORT,3.0,64,0.01606902,0.12899654,0.046875
3328,ALL_BUT_MORT,0.0,3328 ALL_BUT_MORT,0.0,32,0.0,0.1071792,0.0
3328,ALL_BUT_MORT,1000.0,3328 ALL_BUT_MORT,1.0,32,0.00553786,0.15744264,0.03125
3328,ALL_BUT_MORT,2500.0,3328 ALL_BUT_MORT,0.0,32,0.0,0.1071792,0.0
3328,ALL_BUT_MORT,5000.0,3328 ALL_BUT_MORT,1.0,32,0.00553786,0.15744264,0.03125
3328,ALL_BUT_MORT,7500.0,3328 ALL_BUT_MORT,10.0,64,0.08714842,0.26428062,0.15625
3328,ANY120,0.0,3328 ANY120,4.0,32,0.04970134,0.28068305,0.125
3328,ANY120,1000.0,3328 ANY120,3.0,32,0.03240155,0.24218155,0.09375
3328,ANY120,2500.0,3328 ANY120,3.0,32,0.03240155,0.24218155,0.09375
3328,ANY120,5000.0,3328 ANY120,1.0,32,0.00553786,0.15744264,0.03125
3328,ANY120,7500.0,3328 ANY120,18.0,64,0.18593372,0.4013393,0.28125
3328,ANY24,0.0,3328 ANY24,4.0,32,0.04970134,0.28068305,0.125
3328,ANY24,1000.0,3328 ANY24,2.0,32,0.01731057,0.20147123,0.0625
3328,ANY24,2500.0,3328 ANY24,3.0,32,0.03240155,0.24218155,0.09375
3328,ANY24,5000.0,3328 ANY24,1.0,32,0.00553786,0.15744264,0.03125
3328,ANY24,7500.0,3328 ANY24,7.0,64,0.05400113,0.20898641,0.109375
3328,AXIS,0.0,3328 AXIS,0.0,28,0.0,0.1206433,0.0
3328,AXIS,1000.0,3328 AXIS,1.0,30,0.00590859,0.16670391,0.03333333
3328,AXIS,2500.0,3328 AXIS,0.0,29,0.0,0.1169698,0.0
3328,AXIS,5000.0,3328 AXIS,0.0,31,0.0,0.1102554,0.0
3328,AXIS,7500.0,3328 AXIS,7.0,55,0.0630421,0.24017028,0.12727273
3328,BRN_,0.0,3328 BRN_,0.0,32,0.0,0.1071792,0.0
3328,BRN_,1000.0,3328 BRN_,0.0,32,0.0,0.1071792,0.0
3328,BRN_,2500.0,3328 BRN_,0.0,32,0.0,0.1071792,0.0
3328,BRN_,5000.0,3328 BRN_,0.0,32,0.0,0.1071792,0.0
3328,BRN_,7500.0,3328 BRN_,1.0,64,0.00276354,0.08334102,0.015625
3328,CRAN,0.0,3328 CRAN,0.0,32,0.0,0.1071792,0.0
3328,CRAN,1000.0,3328 CRAN,0.0,32,0.0,0.1071792,0.0
3328,CRAN,2500.0,3328 CRAN,0.0,32,0.0,0.1071792,0.0
3328,CRAN,5000.0,3328 CRAN,0.0,32,0.0,0.1071792,0.0
3328,CRAN,7500.0,3328 CRAN,1.0,64,0.00276354,0.08334102,0.015625
3328,EDEM,0.0,3328 EDEM,0.0,32,0.0,0.1071792,0.0
3328,EDEM,1000.0,3328 EDEM,0.0,32,0.0,0.1071792,0.0
3328,EDEM,2500.0,3328 EDEM,0.0,32,0.0,0.1071792,0.0
3328,EDEM,5000.0,3328 EDEM,0.0,32,0.0,0.1071792,0.0
3328,EDEM,7500.0,3328 EDEM,1.0,64,0.00276354,0.08334102,0.015625
3328,LTRK,0.0,3328 LTRK,0.0,32,0.0,0.1071792,0.0
3328,LTRK,1000.0,3328 LTRK,0.0,32,0.0,0.1071792,0.0
3328,LTRK,2500.0,3328 LTRK,0.0,32,0.0,0.1071792,0.0
3328,LTRK,5000.0,3328 LTRK,0.0,32,0.0,0.1071792,0.0
3328,LTRK,7500.0,3328 LTRK,2.0,64,0.00861214,0.10697292,0.03125
3328,MO24,0.0,3328 MO24,4.0,32,0.04970134,0.28068305,0.125
3328,MO24,1000.0,3328 MO24,2.0,32,0.01731057,0.20147123,0.0625
3328,MO24,2500.0,3328 MO24,3.0,32,0.03240155,0.24218155,0.09375
3328,MO24,5000.0,3328 MO24,0.0,32,0.0,0.1071792,0.0
3328,MO24,7500.0,3328 MO24,5.0,64,0.03383118,0.17019537,0.078125
3328,NC24,0.0,3328 NC24,0.0,28,0.0,0.1206433,0.0
3328,NC24,1000.0,3328 NC24,0.0,30,0.0,0.11351339,0.0
3328,NC24,2500.0,3328 NC24,0.0,29,0.0,0.1169698,0.0
3328,NC24,5000.0,3328 NC24,0.0,31,0.0,0.1102554,0.0
3328,NC24,7500.0,3328 NC24,1.0,55,0.00321678,0.09605776,0.01818182
3328,TOT_MORT,0.0,3328 TOT_MORT,4.0,32,0.04970134,0.28068305,0.125
3328,TOT_MORT,1000.0,3328 TOT_MORT,2.0,32,0.01731057,0.20147123,0.0625
3328,TOT_MORT,2500.0,3328 TOT_MORT,3.0,32,0.03240155,0.24218155,0.09375
3328,TOT_MORT,5000.0,3328 TOT_MORT,1.0,32,0.00553786,0.15744264,0.03125
3328,TOT_MORT,7500.0,3328 TOT_MORT,9.0,64,0.07578573,0.24616282,0.140625
3329,ALL_BUT_MORT,0.0,3329 ALL_BUT_MORT,2.0,32,0.01731057,0.20147123,0.0625
3329,ALL_BUT_MORT,1000.0,3329 ALL_BUT_MORT,0.0,32,0.0,0.1071792,0.0
3329,ALL_BUT_MORT,2500.0,3329 ALL_BUT_MORT,0.0,32,0.0,0.1071792,0.0
3329,ALL_BUT_MORT,5000.0,3329 ALL_BUT_MORT,0.0,32,0.0,0.1071792,0.0
3329,ALL_BUT_MORT,7500.0,3329 ALL_BUT_MORT,3.0,64,0.01606902,0.12899654,0.046875
3329,ANY120,0.0,3329 ANY120,4.0,32,0.04970134,0.28068305,0.125
3329,ANY120,1000.0,3329 ANY120,0.0,32,0.0,0.1071792,0.0
3329,ANY120,2500.0,3329 ANY120,0.0,32,0.0,0.1071792,0.0
3329,ANY120,5000.0,3329 ANY120,2.0,32,0.01731057,0.20147123,0.0625
3329,ANY120,7500.0,3329 ANY120,7.0,64,0.05400113,0.20898641,0.109375
3329,ANY24,0.0,3329 ANY24,2.0,32,0.01731057,0.20147123,0.0625
3329,ANY24,1000.0,3329 ANY24,0.0,32,0.0,0.1071792,0.0
3329,ANY24,2500.0,3329 ANY24,0.0,32,0.0,0.1071792,0.0
3329,ANY24,5000.0,3329 ANY24,2.0,32,0.01731057,0.20147123,0.0625
3329,ANY24,7500.0,3329 ANY24,4.0,64,0.0245712,0.14997485,0.0625
3329,AXIS,0.0,3329 AXIS,1.0,30,0.00590859,0.16670391,0.03333333
3329,AXIS,1000.0,3329 AXIS,0.0,32,0.0,0.1071792,0.0
3329,AXIS,2500.0,3329 AXIS,0.0,32,0.0,0.1071792,0.0
3329,AXIS,5000.0,3329 AXIS,0.0,30,0.0,0.11351339,0.0
3329,AXIS,7500.0,3329 AXIS,2.0,60,0.00918932,0.11363774,0.03333333
3329,BRN_,0.0,3329 BRN_,0.0,32,0.0,0.1071792,0.0
3329,BRN_,1000.0,3329 BRN_,0.0,32,0.0,0.1071792,0.0
3329,BRN_,2500.0,3329 BRN_,0.0,32,0.0,0.1071792,0.0
3329,BRN_,5000.0,3329 BRN_,0.0,32,0.0,0.1071792,0.0
3329,BRN_,7500.0,3329 BRN_,2.0,64,0.00861214,0.10697292,0.03125
3329,CRAN,0.0,3329 CRAN,0.0,32,0.0,0.1071792,0.0
3329,CRAN,1000.0,3329 CRAN,0.0,32,0.0,0.1071792,0.0
3329,CRAN,2500.0,3329 CRAN,0.0,32,0.0,0.1071792,0.0
3329,CRAN,5000.0,3329 CRAN,0.0,32,0.0,0.1071792,0.0
3329,CRAN,7500.0,3329 CRAN,2.0,64,0.00861214,0.10697292,0.03125
3329,EDEM,0.0,3329 EDEM,1.0,32,0.00553786,0.15744264,0.03125
3329,EDEM,1000.0,3329 EDEM,0.0,32,0.0,0.1071792,0.0
3329,EDEM,2500.0,3329 EDEM,0.0,32,0.0,0.1071792,0.0
3329,EDEM,5000.0,3329 EDEM,0.0,32,0.0,0.1071792,0.0
3329,EDEM,7500.0,3329 EDEM,2.0,64,0.00861214,0.10697292,0.03125
3329,LTRK,0.0,3329 LTRK,1.0,32,0.00553786,0.15744264,0.03125
3329,LTRK,1000.0,3329 LTRK,0.0,32,0.0,0.1071792,0.0
3329,LTRK,2500.0,3329 LTRK,0.0,32,0.0,0.1071792,0.0
3329,LTRK,5000.0,3329 LTRK,0.0,32,0.0,0.1071792,0.0
3329,LTRK,7500.0,3329 LTRK,3.0,64,0.01606902,0.12899654,0.046875
3329,MO24,0.0,3329 MO24,2.0,32,0.01731057,0.20147123,0.0625
3329,MO24,1000.0,3329 MO24,0.0,32,0.0,0.1071792,0.0
3329,MO24,2500.0,3329 MO24,0.0,32,0.0,0.1071792,0.0
3329,MO24,5000.0,3329 MO24,2.0,32,0.01731057,0.20147123,0.0625
3329,MO24,7500.0,3329 MO24,3.0,64,0.01606902,0.12899654,0.046875
3329,NC24,0.0,3329 NC24,0.0,30,0.0,0.11351339,0.0
3329,NC24,1000.0,3329 NC24,0.0,32,0.0,0.1071792,0.0
3329,NC24,2500.0,3329 NC24,0.0,32,0.0,0.1071792,0.0
3329,NC24,5000.0,3329 NC24,0.0,30,0.0,0.11351339,0.0
3329,NC24,7500.0,3329 NC24,0.0,60,0.0,0.06017185,0.0
3329,TOT_MORT,0.0,3329 TOT_MORT,2.0,32,0.01731057,0.20147123,0.0625
3329,TOT_MORT,1000.0,3329 TOT_MORT,0.0,32,0.0,0.1071792,0.0
3329,TOT_MORT,2500.0,3329 TOT_MORT,0.0,32,0.0,0.1071792,0.0
3329,TOT_MORT,5000.0,3329 TOT_MORT,2.0,32,0.01731057,0.20147123,0.0625
3329,TOT_MORT,7500.0,3329 TOT_MORT,4.0,64,0.0245712,0.14997485,0.0625
3330,ALL_BUT_MORT,0.0,3330 ALL_BUT_MORT,0.0,32,0.0,0.1071792,0.0
3330,ALL_BUT_MORT,1000.0,3330 ALL_BUT_MORT,1.0,32,0.00553786,0.15744264,0.03125
3330,ALL_BUT_MORT,2500.0,3330 ALL_BUT_MORT,2.0,32,0.01731057,0.20147123,0.0625
3330,ALL_BUT_MORT,5000.0,3330 ALL_BUT_MORT,2.0,32,0.01731057,0.20147123,0.0625
3330,ALL_BUT_MORT,7500.0,3330 ALL_BUT_MORT,1.0,64,0.00276354,0.08334102,0.015625
3330,ANY120,0.0,3330 ANY120,1.0,32,0.00553786,0.15744264,0.03125
3330,ANY120,1000.0,3330 ANY120,2.0,32,0.01731057,0.20147123,0.0625
3330,ANY120,2500.0,3330 ANY120,3.0,32,0.03240155,0.24218155,0.09375
3330,ANY120,5000.0,3330 ANY120,4.0,32,0.04970134,0.28068305,0.125
3330,ANY120,7500.0,3330 ANY120,4.0,64,0.0245712,0.14997485,0.0625
3330,ANY24,0.0,3330 ANY24,1.0,32,0.00553786,0.15744264,0.03125
3330,ANY24,1000.0,3330 ANY24,0.0,32,0.0,0.1071792,0.0
3330,ANY24,2500.0,3330 ANY24,0.0,32,0.0,0.1071792,0.0
3330,ANY24,5000.0,3330 ANY24,2.0,32,0.01731057,0.20147123,0.0625
3330,ANY24,7500.0,3330 ANY24,4.0,64,0.0245712,0.14997485,0.0625
3330,AXIS,0.0,3330 AXIS,0.0,31,0.0,0.1102554,0.0
3330,AXIS,1000.0,3330 AXIS,0.0,31,0.0,0.1102554,0.0
3330,AXIS,2500.0,3330 AXIS,2.0,31,0.01787478,0.20718637,0.06451613
3330,AXIS,5000.0,3330 AXIS,1.0,30,0.00590859,0.16670391,0.03333333
3330,AXIS,7500.0,3330 AXIS,0.0,61,0.0,0.05924387,0.0
3330,BRN_,0.0,3330 BRN_,0.0,32,0.0,0.1071792,0.0
3330,BRN_,1000.0,3330 BRN_,1.0,32,0.00553786,0.15744264,0.03125
3330,BRN_,2500.0,3330 BRN_,1.0,32,0.00553786,0.15744264,0.03125
3330,BRN_,5000.0,3330 BRN_,1.0,32,0.00553786,0.15744264,0.03125
3330,BRN_,7500.0,3330 BRN_,1.0,64,0.00276354,0.08334102,0.015625
3330,CRAN,0.0,3330 CRAN,0.0,32,0.0,0.1071792,0.0
3330,CRAN,1000.0,3330 CRAN,1.0,32,0.00553786,0.15744264,0.03125
3330,CRAN,2500.0,3330 CRAN,0.0,32,0.0,0.1071792,0.0
3330,CRAN,5000.0,3330 CRAN,1.0,32,0.00553786,0.15744264,0.03125
3330,CRAN,7500.0,3330 CRAN,1.0,64,0.00276354,0.08334102,0.015625
3330,EDEM,0.0,3330 EDEM,0.0,32,0.0,0.1071792,0.0
3330,EDEM,1000.0,3330 EDEM,1.0,32,0.00553786,0.15744264,0.03125
3330,EDEM,2500.0,3330 EDEM,0.0,32,0.0,0.1071792,0.0
3330,EDEM,5000.0,3330 EDEM,1.0,32,0.00553786,0.15744264,0.03125
3330,EDEM,7500.0,3330 EDEM,1.0,64,0.00276354,0.08334102,0.015625
3330,LTRK,0.0,3330 LTRK,0.0,32,0.0,0.1071792,0.0
3330,LTRK,1000.0,3330 LTRK,1.0,32,0.00553786,0.15744264,0.03125
3330,LTRK,2500.0,3330 LTRK,2.0,32,0.01731057,0.20147123,0.0625
3330,LTRK,5000.0,3330 LTRK,2.0,32,0.01731057,0.20147123,0.0625
3330,LTRK,7500.0,3330 LTRK,1.0,64,0.00276354,0.08334102,0.015625
3330,MO24,0.0,3330 MO24,1.0,32,0.00553786,0.15744264,0.03125
3330,MO24,1000.0,3330 MO24,0.0,32,0.0,0.1071792,0.0
3330,MO24,2500.0,3330 MO24,0.0,32,0.0,0.1071792,0.0
3330,MO24,5000.0,3330 MO24,2.0,32,0.01731057,0.20147123,0.0625
3330,MO24,7500.0,3330 MO24,3.0,64,0.01606902,0.12899654,0.046875
3330,NC24,0.0,3330 NC24,0.0,31,0.0,0.1102554,0.0
3330,NC24,1000.0,3330 NC24,0.0,31,0.0,0.1102554,0.0
3330,NC24,2500.0,3330 NC24,0.0,31,0.0,0.1102554,0.0
3330,NC24,5000.0,3330 NC24,0.0,30,0.0,0.11351339,0.0
3330,NC24,7500.0,3330 NC24,0.0,61,0.0,0.05924387,0.0
3330,TOT_MORT,0.0,3330 TOT_MORT,1.0,32,0.00553786,0.15744264,0.03125
3330,TOT_MORT,1000.0,3330 TOT_MORT,1.0,32,0.00553786,0.15744264,0.03125
3330,TOT_MORT,2500.0,3330 TOT_MORT,1.0,32,0.00553786,0.15744264,0.03125
3330,TOT_MORT,5000.0,3330 TOT_MORT,2.0,32,0.01731057,0.20147123,0.0625
3330,TOT_MORT,7500.0,3330 TOT_MORT,3.0,64,0.01606902,0.12899654,0.046875
3331,ALL_BUT_MORT,0.0,3331 ALL_BUT_MORT,1.0,32,0.00553786,0.15744264,0.03125
3331,ALL_BUT_MORT,1000.0,3331 ALL_BUT_MORT,0.0,32,0.0,0.1071792,0.0
3331,ALL_BUT_MORT,2500.0,3331 ALL_BUT_MORT,0.0,32,0.0,0.1071792,0.0
3331,ALL_BUT_MORT,5000.0,3331 ALL_BUT_MORT,0.0,32,0.0,0.1071792,0.0
3331,ALL_BUT_MORT,7500.0,3331 ALL_BUT_MORT,2.0,64,0.00861214,0.10697292,0.03125
3331,ANY120,0.0,3331 ANY120,4.0,32,0.04970134,0.28068305,0.125
3331,ANY120,1000.0,3331 ANY120,0.0,32,0.0,0.1071792,0.0
3331,ANY120,2500.0,3331 ANY120,1.0,32,0.00553786,0.15744264,0.03125
3331,ANY120,5000.0,3331 ANY120,0.0,32,0.0,0.1071792,0.0
3331,ANY120,7500.0,3331 ANY120,4.0,64,0.0245712,0.14997485,0.0625
3331,ANY24,0.0,3331 ANY24,4.0,32,0.04970134,0.28068305,0.125
3331,ANY24,1000.0,3331 ANY24,0.0,32,0.0,0.1071792,0.0
3331,ANY24,2500.0,3331 ANY24,1.0,32,0.00553786,0.15744264,0.03125
3331,ANY24,5000.0,3331 ANY24,0.0,32,0.0,0.1071792,0.0
3331,ANY24,7500.0,3331 ANY24,3.0,64,0.01606902,0.12899654,0.046875
3331,AXIS,0.0,3331 AXIS,0.0,28,0.0,0.1206433,0.0
3331,AXIS,1000.0,3331 AXIS,0.0,32,0.0,0.1071792,0.0
3331,AXIS,2500.0,3331 AXIS,0.0,31,0.0,0.1102554,0.0
3331,AXIS,5000.0,3331 AXIS,0.0,32,0.0,0.1071792,0.0
3331,AXIS,7500.0,3331 AXIS,0.0,61,0.0,0.05924387,0.0
3331,BRN_,0.0,3331 BRN_,0.0,32,0.0,0.1071792,0.0
3331,BRN_,1000.0,3331 BRN_,0.0,32,0.0,0.1071792,0.0
3331,BRN_,2500.0,3331 BRN_,0.0,32,0.0,0.1071792,0.0
3331,BRN_,5000.0,3331 BRN_,0.0,32,0.0,0.1071792,0.0
3331,BRN_,7500.0,3331 BRN_,0.0,64,0.0,0.05662406,0.0
3331,CRAN,0.0,3331 CRAN,0.0,32,0.0,0.1071792,0.0
3331,CRAN,1000.0,3331 CRAN,0.0,32,0.0,0.1071792,0.0
3331,CRAN,2500.0,3331 CRAN,0.0,32,0.0,0.1071792,0.0
3331,CRAN,5000.0,3331 CRAN,0.0,32,0.0,0.1071792,0.0
3331,CRAN,7500.0,3331 CRAN,0.0,64,0.0,0.05662406,0.0
3331,EDEM,0.0,3331 EDEM,0.0,32,0.0,0.1071792,0.0
3331,EDEM,1000.0,3331 EDEM,0.0,32,0.0,0.1071792,0.0
3331,EDEM,2500.0,3331 EDEM,0.0,32,0.0,0.1071792,0.0
3331,EDEM,5000.0,3331 EDEM,0.0,32,0.0,0.1071792,0.0
3331,EDEM,7500.0,3331 EDEM,1.0,64,0.00276354,0.08334102,0.015625
3331,LTRK,0.0,3331 LTRK,0.0,32,0.0,0.1071792,0.0
3331,LTRK,1000.0,3331 LTRK,0.0,32,0.0,0.1071792,0.0
3331,LTRK,2500.0,3331 LTRK,0.0,32,0.0,0.1071792,0.0
3331,LTRK,5000.0,3331 LTRK,0.0,32,0.0,0.1071792,0.0
3331,LTRK,7500.0,3331 LTRK,0.0,64,0.0,0.05662406,0.0
3331,MO24,0.0,3331 MO24,3.0,32,0.03240155,0.24218155,0.09375
3331,MO24,1000.0,3331 MO24,0.0,32,0.0,0.1071792,0.0
3331,MO24,2500.0,3331 MO24,1.0,32,0.00553786,0.15744264,0.03125
3331,MO24,5000.0,3331 MO24,0.0,32,0.0,0.1071792,0.0
3331,MO24,7500.0,3331 MO24,2.0,64,0.00861214,0.10697292,0.03125
3331,NC24,0.0,3331 NC24,0.0,28,0.0,0.1206433,0.0
3331,NC24,1000.0,3331 NC24,0.0,32,0.0,0.1071792,0.0
3331,NC24,2500.0,3331 NC24,0.0,31,0.0,0.1102554,0.0
3331,NC24,5000.0,3331 NC24,0.0,32,0.0,0.1071792,0.0
3331,NC24,7500.0,3331 NC24,0.0,61,0.0,0.05924387,0.0
3331,TOT_MORT,0.0,3331 TOT_MORT,4.0,32,0.04970134,0.28068305,0.125
3331,TOT_MORT,1000.0,3331 TOT_MORT,0.0,32,0.0,0.1071792,0.0
3331,TOT_MORT,2500.0,3331 TOT_MORT,1.0,32,0.00553786,0.15744264,0.03125
3331,TOT_MORT,5000.0,3331 TOT_MORT,0.0,32,0.0,0.1071792,0.0
3331,TOT_MORT,7500.0,3331 TOT_MORT,3.0,64,0.01606902,0.12899654,0.046875
3332,ALL_BUT_MORT,0.0,3332 ALL_BUT_MORT,1.0,32,0.00553786,0.15744264,0.03125
3332,ALL_BUT_MORT,1000.0,3332 ALL_BUT_MORT,0.0,32,0.0,0.1071792,0.0
3332,ALL_BUT_MORT,2500.0,3332 ALL_BUT_MORT,0.0,32,0.0,0.1071792,0.0
3332,ALL_BUT_MORT,5000.0,3332 ALL_BUT_MORT,0.0,32,0.0,0.1071792,0.0
3332,ALL_BUT_MORT,7500.0,3332 ALL_BUT_MORT,3.0,64,0.01606902,0.12899654,0.046875
3332,ANY120,0.0,3332 ANY120,3.0,32,0.03240155,0.24218155,0.09375
3332,ANY120,1000.0,3332 ANY120,1.0,32,0.00553786,0.15744264,0.03125
3332,ANY120,2500.0,3332 ANY120,1.0,32,0.00553786,0.15744264,0.03125
3332,ANY120,5000.0,3332 ANY120,1.0,32,0.00553786,0.15744264,0.03125
3332,ANY120,7500.0,3332 ANY120,6.0,64,0.04367825,0.1898288,0.09375
3332,ANY24,0.0,3332 ANY24,2.0,32,0.01731057,0.20147123,0.0625
3332,ANY24,1000.0,3332 ANY24,1.0,32,0.00553786,0.15744264,0.03125
3332,ANY24,2500.0,3332 ANY24,0.0,32,0.0,0.1071792,0.0
3332,ANY24,5000.0,3332 ANY24,1.0,32,0.00553786,0.15744264,0.03125
3332,ANY24,7500.0,3332 ANY24,2.0,64,0.00861214,0.10697292,0.03125
3332,AXIS,0.0,3332 AXIS,1.0,30,0.00590859,0.16670391,0.03333333
3332,AXIS,1000.0,3332 AXIS,0.0,31,0.0,0.1102554,0.0
3332,AXIS,2500.0,3332 AXIS,0.0,31,0.0,0.1102554,0.0
3332,AXIS,5000.0,3332 AXIS,0.0,31,0.0,0.1102554,0.0
3332,AXIS,7500.0,3332 AXIS,0.0,61,0.0,0.05924387,0.0
3332,BRN_,0.0,3332 BRN_,0.0,32,0.0,0.1071792,0.0
3332,BRN_,1000.0,3332 BRN_,0.0,32,0.0,0.1071792,0.0
3332,BRN_,2500.0,3332 BRN_,0.0,32,0.0,0.1071792,0.0
3332,BRN_,5000.0,3332 BRN_,0.0,32,0.0,0.1071792,0.0
3332,BRN_,7500.0,3332 BRN_,0.0,64,0.0,0.05662406,0.0
3332,CRAN,0.0,3332 CRAN,0.0,32,0.0,0.1071792,0.0
3332,CRAN,1000.0,3332 CRAN,0.0,32,0.0,0.1071792,0.0
3332,CRAN,2500.0,3332 CRAN,0.0,32,0.0,0.1071792,0.0
3332,CRAN,5000.0,3332 CRAN,0.0,32,0.0,0.1071792,0.0
3332,CRAN,7500.0,3332 CRAN,2.0,64,0.00861214,0.10697292,0.03125
3332,EDEM,0.0,3332 EDEM,0.0,32,0.0,0.1071792,0.0
3332,EDEM,1000.0,3332 EDEM,0.0,32,0.0,0.1071792,0.0
3332,EDEM,2500.0,3332 EDEM,0.0,32,0.0,0.1071792,0.0
3332,EDEM,5000.0,3332 EDEM,0.0,32,0.0,0.1071792,0.0
3332,EDEM,7500.0,3332 EDEM,2.0,64,0.00861214,0.10697292,0.03125
3332,LTRK,0.0,3332 LTRK,1.0,32,0.00553786,0.15744264,0.03125
3332,LTRK,1000.0,3332 LTRK,0.0,32,0.0,0.1071792,0.0
3332,LTRK,2500.0,3332 LTRK,0.0,32,0.0,0.1071792,0.0
3332,LTRK,5000.0,3332 LTRK,0.0,32,0.0,0.1071792,0.0
3332,LTRK,7500.0,3332 LTRK,2.0,64,0.00861214,0.10697292,0.03125
3332,MO24,0.0,3332 MO24,2.0,32,0.01731057,0.20147123,0.0625
3332,MO24,1000.0,3332 MO24,1.0,32,0.00553786,0.15744264,0.03125
3332,MO24,2500.0,3332 MO24,0.0,32,0.0,0.1071792,0.0
3332,MO24,5000.0,3332 MO24,1.0,32,0.00553786,0.15744264,0.03125
3332,MO24,7500.0,3332 MO24,2.0,64,0.00861214,0.10697292,0.03125
3332,NC24,0.0,3332 NC24,0.0,30,0.0,0.11351339,0.0
3332,NC24,1000.0,3332 NC24,0.0,31,0.0,0.1102554,0.0
3332,NC24,2500.0,3332 NC24,0.0,31,0.0,0.1102554,0.0
3332,NC24,5000.0,3332 NC24,0.0,31,0.0,0.1102554,0.0
3332,NC24,7500.0,3332 NC24,0.0,61,0.0,0.05924387,0.0
3332,TOT_MORT,0.0,3332 TOT_MORT,2.0,32,0.01731057,0.20147123,0.0625
3332,TOT_MORT,1000.0,3332 TOT_MORT,1.0,32,0.00553786,0.15744264,0.03125
3332,TOT_MORT,2500.0,3332 TOT_MORT,1.0,32,0.00553786,0.15744264,0.03125
3332,TOT_MORT,5000.0,3332 TOT_MORT,1.0,32,0.00553786,0.15744264,0.03125
3332,TOT_MORT,7500.0,3332 TOT_MORT,3.0,64,0.01606902,0.12899654,0.046875
3334,ALL_BUT_MORT,0.0,3334 ALL_BUT_MORT,0.0,32,0.0,0.1071792,0.0
3334,ALL_BUT_MORT,1000.0,3334 ALL_BUT_MORT,2.0,32,0.01731057,0.20147123,0.0625
3334,ALL_BUT_MORT,2500.0,3334 ALL_BUT_MORT,2.0,32,0.01731057,0.20147123,0.0625
3334,ALL_BUT_MORT,5000.0,3334 ALL_BUT_MORT,0.0,32,0.0,0.1071792,0.0
3334,ALL_BUT_MORT,7500.0,3334 ALL_BUT_MORT,1.0,64,0.00276354,0.08334102,0.015625
3334,ANY120,0.0,3334 ANY120,5.0,32,0.0686442,0.3175415,0.15625
3334,ANY120,1000.0,3334 ANY120,4.0,32,0.04970134,0.28068305,0.125
3334,ANY120,2500.0,3334 ANY120,3.0,32,0.03240155,0.24218155,0.09375
3334,ANY120,5000.0,3334 ANY120,1.0,32,0.00553786,0.15744264,0.03125
3334,ANY120,7500.0,3334 ANY120,5.0,64,0.03383118,0.17019537,0.078125
3334,ANY24,0.0,3334 ANY24,3.0,32,0.03240155,0.24218155,0.09375
3334,ANY24,1000.0,3334 ANY24,2.0,32,0.01731057,0.20147123,0.0625
3334,ANY24,2500.0,3334 ANY24,1.0,32,0.00553786,0.15744264,0.03125
3334,ANY24,5000.0,3334 ANY24,1.0,32,0.00553786,0.15744264,0.03125
3334,ANY24,7500.0,3334 ANY24,3.0,64,0.01606902,0.12899654,0.046875
3334,AXIS,0.0,3334 AXIS,0.0,27,0.0,0.12455503,0.0
3334,AXIS,1000.0,3334 AXIS,2.0,30,0.01847702,0.21323458,0.06666667
3334,AXIS,2500.0,3334 AXIS,1.0,31,0.00571722,0.16194105,0.03225806
3334,AXIS,5000.0,3334 AXIS,0.0,31,0.0,0.1102554,0.0
3334,AXIS,7500.0,3334 AXIS,0.0,59,0.0,0.06112937,0.0
3334,BRN_,0.0,3334 BRN_,0.0,32,0.0,0.1071792,0.0
3334,BRN_,1000.0,3334 BRN_,0.0,32,0.0,0.1071792,0.0
3334,BRN_,2500.0,3334 BRN_,2.0,32,0.01731057,0.20147123,0.0625
3334,BRN_,5000.0,3334 BRN_,0.0,32,0.0,0.1071792,0.0
3334,BRN_,7500.0,3334 BRN_,0.0,64,0.0,0.05662406,0.0
3334,CRAN,0.0,3334 CRAN,0.0,32,0.0,0.1071792,0.0
3334,CRAN,1000.0,3334 CRAN,0.0,32,0.0,0.1071792,0.0
3334,CRAN,2500.0,3334 CRAN,1.0,32,0.00553786,0.15744264,0.03125
3334,CRAN,5000.0,3334 CRAN,0.0,32,0.0,0.1071792,0.0
3334,CRAN,7500.0,3334 CRAN,0.0,64,0.0,0.05662406,0.0
3334,EDEM,0.0,3334 EDEM,0.0,32,0.0,0.1071792,0.0
3334,EDEM,1000.0,3334 EDEM,0.0,32,0.0,0.1071792,0.0
3334,EDEM,2500.0,3334 EDEM,2.0,32,0.01731057,0.20147123,0.0625
3334,EDEM,5000.0,3334 EDEM,0.0,32,0.0,0.1071792,0.0
3334,EDEM,7500.0,3334 EDEM,0.0,64,0.0,0.05662406,0.0
3334,LTRK,0.0,3334 LTRK,0.0,32,0.0,0.1071792,0.0
3334,LTRK,1000.0,3334 LTRK,2.0,32,0.01731057,0.20147123,0.0625
3334,LTRK,2500.0,3334 LTRK,1.0,32,0.00553786,0.15744264,0.03125
3334,LTRK,5000.0,3334 LTRK,0.0,32,0.0,0.1071792,0.0
3334,LTRK,7500.0,3334 LTRK,0.0,64,0.0,0.05662406,0.0
3334,MO24,0.0,3334 MO24,3.0,32,0.03240155,0.24218155,0.09375
3334,MO24,1000.0,3334 MO24,2.0,32,0.01731057,0.20147123,0.0625
3334,MO24,2500.0,3334 MO24,1.0,32,0.00553786,0.15744264,0.03125
3334,MO24,5000.0,3334 MO24,1.0,32,0.00553786,0.15744264,0.03125
3334,MO24,7500.0,3334 MO24,2.0,64,0.00861214,0.10697292,0.03125
3334,NC24,0.0,3334 NC24,0.0,27,0.0,0.12455503,0.0
3334,NC24,1000.0,3334 NC24,0.0,30,0.0,0.11351339,0.0
3334,NC24,2500.0,3334 NC24,0.0,31,0.0,0.1102554,0.0
3334,NC24,5000.0,3334 NC24,0.0,31,0.0,0.1102554,0.0
3334,NC24,7500.0,3334 NC24,0.0,59,0.0,0.06112937,0.0
3334,TOT_MORT,0.0,3334 TOT_MORT,5.0,32,0.0686442,0.3175415,0.15625
3334,TOT_MORT,1000.0,3334 TOT_MORT,2.0,32,0.01731057,0.20147123,0.0625
3334,TOT_MORT,2500.0,3334 TOT_MORT,1.0,32,0.00553786,0.15744264,0.03125
3334,TOT_MORT,5000.0,3334 TOT_MORT,1.0,32,0.00553786,0.15744264,0.03125
3334,TOT_MORT,7500.0,3334 TOT_MORT,5.0,64,0.03383118,0.17019537,0.078125
669,ALL_BUT_MORT,0.0,669 ALL_BUT_MORT,1.0,32,0.00553786,0.15744264,0.03125
669,ALL_BUT_MORT,0.8,669 ALL_BUT_MORT,2.0,40,0.01382067,0.16503877,0.05
669,ALL_BUT_MORT,4.0,669 ALL_BUT_MORT,0.0,40,0.0,0.0876216,0.0
669,ALL_BUT_MORT,20.0,669 ALL_BUT_MORT,27.0,40,0.52017746,0.79915498,0.675
669,ALL_BUT_MORT,25.0,669 ALL_BUT_MORT,20.0,20,0.83887484,1.0,1.0
669,ALL_BUT_MORT,50.0,669 ALL_BUT_MORT,14.0,20,0.48102718,0.85452276,0.7
669,ALL_BUT_MORT,75.0,669 ALL_BUT_MORT,14.0,20,0.48102718,0.85452276,0.7
669,ALL_BUT_MORT,100.0,669 ALL_BUT_MORT,40.0,60,0.54056866,0.77270738,0.66666667
669,ANY120,0.0,669 ANY120,3.0,32,0.03240155,0.24218155,0.09375
669,ANY120,0.8,669 ANY120,4.0,40,0.03957953,0.23051775,0.1
669,ANY120,4.0,669 ANY120,0.0,40,0.0,0.0876216,0.0
669,ANY120,20.0,669 ANY120,27.0,40,0.52017746,0.79915498,0.675
669,ANY120,25.0,669 ANY120,20.0,20,0.83887484,1.0,1.0
669,ANY120,50.0,669 ANY120,20.0,20,0.83887484,1.0,1.0
669,ANY120,75.0,669 ANY120,20.0,20,0.83887484,1.0,1.0
669,ANY120,100.0,669 ANY120,60.0,60,0.93982815,1.0,1.0
669,ANY24,0.0,669 ANY24,1.0,32,0.00553786,0.15744264,0.03125
669,ANY24,0.8,669 ANY24,2.0,40,0.01382067,0.16503877,0.05
669,ANY24,4.0,669 ANY24,0.0,40,0.0,0.0876216,0.0
669,ANY24,20.0,669 ANY24,4.0,40,0.03957953,0.23051775,0.1
669,ANY24,25.0,669 ANY24,0.0,20,0.0,0.16112516,0.0
669,ANY24,50.0,669 ANY24,0.0,20,0.0,0.16112516,0.0
669,ANY24,75.0,669 ANY24,0.0,20,0.0,0.16112516,0.0
669,ANY24,100.0,669 ANY24,20.0,60,0.22729262,0.45943134,0.33333333
669,AXIS,0.0,669 AXIS,0.0,30,0.0,0.11351339,0.0
669,AXIS,0.8,669 AXIS,1.0,38,0.00466059,0.13494876,0.02631579
669,AXIS,4.0,669 AXIS,0.0,40,0.0,0.0876216,0.0
669,AXIS,20.0,669 AXIS,3.0,39,0.0265074,0.20321071,0.07692308
669,AXIS,25.0,669 AXIS,15.0,20,0.53129912,0.8881383,0.75
669,AXIS,50.0,669 AXIS,13.0,14,0.68531296,0.98727778,0.92857143
669,AXIS,75.0,669 AXIS,11.0,14,0.52410769,0.92428613,0.78571429
669,AXIS,100.0,669 AXIS,30.0,40,0.59806039,0.85812881,0.75
669,BRN_,0.0,669 BRN_,0.0,32,0.0,0.1071792,0.0
669,BRN_,0.8,669 BRN_,1.0,40,0.00442683,0.12881369,0.025
669,BRN_,4.0,669 BRN_,0.0,40,0.0,0.0876216,0.0
669,BRN_,20.0,669 BRN_,0.0,40,0.0,0.0876216,0.0
669,BRN_,25.0,669 BRN_,4.0,20,0.08065766,0.41601743,0.2
669,BRN_,50.0,669 BRN_,12.0,20,0.3865815,0.78119347,0.6
669,BRN_,75.0,669 BRN_,10.0,20,0.29929801,0.70070199,0.5
669,BRN_,100.0,669 BRN_,30.0,60,0.37735024,0.62264976,0.5
669,CRAN,0.0,669 CRAN,0.0,32,0.0,0.1071792,0.0
669,CRAN,0.8,669 CRAN,1.0,40,0.00442683,0.12881369,0.025
669,CRAN,4.0,669 CRAN,0.0,40,0.0,0.0876216,0.0
669,CRAN,20.0,669 CRAN,1.0,40,0.00442683,0.12881369,0.025
669,CRAN,25.0,669 CRAN,4.0,20,0.08065766,0.41601743,0.2
669,CRAN,50.0,669 CRAN,13.0,20,0.43285428,0.81880818,0.65
669,CRAN,75.0,669 CRAN,11.0,20,0.34208534,0.74180214,0.55
669,CRAN,100.0,669 CRAN,30.0,60,0.37735024,0.62264976,0.5
669,EDEM,0.0,669 EDEM,0.0,32,0.0,0.1071792,0.0
669,EDEM,0.8,669 EDEM,1.0,40,0.00442683,0.12881369,0.025
669,EDEM,4.0,669 EDEM,0.0,40,0.0,0.0876216,0.0
669,EDEM,20.0,669 EDEM,1.0,40,0.00442683,0.12881369,0.025
669,EDEM,25.0,669 EDEM,4.0,20,0.08065766,0.41601743,0.2
669,EDEM,50.0,669 EDEM,12.0,20,0.3865815,0.78119347,0.6
669,EDEM,75.0,669 EDEM,13.0,20,0.43285428,0.81880818,0.65
669,EDEM,100.0,669 EDEM,30.0,60,0.37735024,0.62264976,0.5
669,LTRK,0.0,669 LTRK,0.0,32,0.0,0.1071792,0.0
669,LTRK,0.8,669 LTRK,1.0,40,0.00442683,0.12881369,0.025
669,LTRK,4.0,669 LTRK,0.0,40,0.0,0.0876216,0.0
669,LTRK,20.0,669 LTRK,1.0,40,0.00442683,0.12881369,0.025
669,LTRK,25.0,669 LTRK,19.0,20,0.76386881,0.99111855,0.95
669,LTRK,50.0,669 LTRK,14.0,20,0.48102718,0.85452276,0.7
669,LTRK,75.0,669 LTRK,12.0,20,0.3865815,0.78119347,0.6
669,LTRK,100.0,669 LTRK,30.0,60,0.37735024,0.62264976,0.5
669,MO24,0.0,669 MO24,1.0,32,0.00553786,0.15744264,0.03125
669,MO24,0.8,669 MO24,2.0,40,0.01382067,0.16503877,0.05
669,MO24,4.0,669 MO24,0.0,40,0.0,0.0876216,0.0
669,MO24,20.0,669 MO24,0.0,40,0.0,0.0876216,0.0
669,MO24,25.0,669 MO24,0.0,20,0.0,0.16112516,0.0
669,MO24,50.0,669 MO24,0.0,20,0.0,0.16112516,0.0
669,MO24,75.0,669 MO24,0.0,20,0.0,0.16112516,0.0
669,MO24,100.0,669 MO24,7.0,60,0.05767721,0.22178788,0.11666667
669,NC24,0.0,669 NC24,0.0,30,0.0,0.11351339,0.0
669,NC24,0.8,669 NC24,0.0,38,0.0,0.09180987,0.0
669,NC24,4.0,669 NC24,0.0,40,0.0,0.0876216,0.0
669,NC24,20.0,669 NC24,3.0,39,0.0265074,0.20321071,0.07692308
669,NC24,25.0,669 NC24,0.0,20,0.0,0.16112516,0.0
669,NC24,50.0,669 NC24,0.0,14,0.0,0.2153108,0.0
669,NC24,75.0,669 NC24,0.0,14,0.0,0.2153108,0.0
669,NC24,100.0,669 NC24,10.0,40,0.14187119,0.40193961,0.25
669,TOT_MORT,0.0,669 TOT_MORT,2.0,32,0.01731057,0.20147123,0.0625
669,TOT_MORT,0.8,669 TOT_MORT,2.0,40,0.01382067,0.16503877,0.05
669,TOT_MORT,4.0,669 TOT_MORT,0.0,40,0.0,0.0876216,0.0
669,TOT_MORT,20.0,669 TOT_MORT,1.0,40,0.00442683,0.12881369,0.025
669,TOT_MORT,25.0,669 TOT_MORT,0.0,20,0.0,0.16112516,0.0
669,TOT_MORT,50.0,669 TOT_MORT,6.0,20,0.14547724,0.51897282,0.3
669,TOT_MORT,75.0,669 TOT_MORT,6.0,20,0.14547724,0.51897282,0.3
669,TOT_MORT,100.0,669 TOT_MORT,20.0,60,0.22729262,0.45943134,0.33333333
792,ALL_BUT_MORT,0.0,792 ALL_BUT_MORT,0.0,32,0.0,0.1071792,0.0
792,ALL_BUT_MORT,0.1,792 ALL_BUT_MORT,3.0,32,0.03240155,0.24218155,0.09375
792,ALL_BUT_MORT,0.5,792 ALL_BUT_MORT,3.0,32,0.03240155,0.24218155,0.09375
792,ALL_BUT_MORT,1.0,792 ALL_BUT_MORT,13.0,32,0.25519635,0.57739975,0.40625
792,ALL_BUT_MORT,2.0,792 ALL_BUT_MORT,16.0,32,0.33630883,0.66369117,0.5
792,ALL_BUT_MORT,10.0,792 ALL_BUT_MORT,0.0,32,0.0,0.1071792,0.0
792,ANY120,0.0,792 ANY120,1.0,32,0.00553786,0.15744264,0.03125
792,ANY120,0.1,792 ANY120,8.0,32,0.13252401,0.42106559,0.25
792,ANY120,0.5,792 ANY120,5.0,32,0.0686442,0.3175415,0.15625
792,ANY120,1.0,792 ANY120,17.0,32,0.36449517,0.69130613,0.53125
792,ANY120,2.0,792 ANY120,31.0,32,0.84255736,0.99446214,0.96875
792,ANY120,10.0,792 ANY120,24.0,32,0.57893441,0.86747599,0.75
792,ANY24,0.0,792 ANY24,1.0,32,0.00553786,0.15744264,0.03125
792,ANY24,0.1,792 ANY24,3.0,32,0.03240155,0.24218155,0.09375
792,ANY24,0.5,792 ANY24,2.0,32,0.01731057,0.20147123,0.0625
792,ANY24,1.0,792 ANY24,7.0,32,0.11023836,0.38754994,0.21875
792,ANY24,2.0,792 ANY24,14.0,32,0.28165331,0.60674409,0.4375
792,ANY24,10.0,792 ANY24,0.0,32,0.0,0.1071792,0.0
792,AXIS,0.0,792 AXIS,0.0,31,0.0,0.1102554,0.0
792,AXIS,0.1,792 AXIS,2.0,26,0.02135509,0.24141554,0.07692308
792,AXIS,0.5,792 AXIS,0.0,28,0.0,0.1206433,0.0
792,AXIS,1.0,792 AXIS,7.0,27,0.13170375,0.44678571,0.25925926
792,AXIS,2.0,792 AXIS,14.0,16,0.63977173,0.96502251,0.875
792,AXIS,10.0,792 AXIS,0.0,8,0.0,0.32440756,0.0
792,BRN_,0.0,792 BRN_,0.0,32,0.0,0.1071792,0.0
792,BRN_,0.1,792 BRN_,0.0,32,0.0,0.1071792,0.0
792,BRN_,0.5,792 BRN_,0.0,32,0.0,0.1071792,0.0
792,BRN_,1.0,792 BRN_,0.0,32,0.0,0.1071792,0.0
792,BRN_,2.0,792 BRN_,0.0,32,0.0,0.1071792,0.0
792,BRN_,10.0,792 BRN_,0.0,32,0.0,0.1071792,0.0
792,CRAN,0.0,792 CRAN,0.0,32,0.0,0.1071792,0.0
792,CRAN,0.1,792 CRAN,0.0,32,0.0,0.1071792,0.0
792,CRAN,0.5,792 CRAN,0.0,32,0.0,0.1071792,0.0
792,CRAN,1.0,792 CRAN,0.0,32,0.0,0.1071792,0.0
792,CRAN,2.0,792 CRAN,0.0,32,0.0,0.1071792,0.0
792,CRAN,10.0,792 CRAN,0.0,32,0.0,0.1071792,0.0
792,EDEM,0.0,792 EDEM,0.0,32,0.0,0.1071792,0.0
792,EDEM,0.1,792 EDEM,1.0,32,0.00553786,0.15744264,0.03125
792,EDEM,0.5,792 EDEM,1.0,32,0.00553786,0.15744264,0.03125
792,EDEM,1.0,792 EDEM,1.0,32,0.00553786,0.15744264,0.03125
792,EDEM,2.0,792 EDEM,0.0,32,0.0,0.1071792,0.0
792,EDEM,10.0,792 EDEM,0.0,32,0.0,0.1071792,0.0
792,LTRK,0.0,792 LTRK,0.0,32,0.0,0.1071792,0.0
792,LTRK,0.1,792 LTRK,1.0,32,0.00553786,0.15744264,0.03125
792,LTRK,0.5,792 LTRK,0.0,32,0.0,0.1071792,0.0
792,LTRK,1.0,792 LTRK,0.0,32,0.0,0.1071792,0.0
792,LTRK,2.0,792 LTRK,3.0,32,0.03240155,0.24218155,0.09375
792,LTRK,10.0,792 LTRK,0.0,32,0.0,0.1071792,0.0
792,MO24,0.0,792 MO24,1.0,32,0.00553786,0.15744264,0.03125
792,MO24,0.1,792 MO24,1.0,32,0.00553786,0.15744264,0.03125
792,MO24,0.5,792 MO24,0.0,32,0.0,0.1071792,0.0
792,MO24,1.0,792 MO24,0.0,32,0.0,0.1071792,0.0
792,MO24,2.0,792 MO24,4.0,32,0.04970134,0.28068305,0.125
792,MO24,10.0,792 MO24,0.0,32,0.0,0.1071792,0.0
792,NC24,0.0,792 NC24,0.0,31,0.0,0.1102554,0.0
792,NC24,0.1,792 NC24,0.0,26,0.0,0.12872892,0.0
792,NC24,0.5,792 NC24,0.0,28,0.0,0.1206433,0.0
792,NC24,1.0,792 NC24,5.0,27,0.08180707,0.36698684,0.18518519
792,NC24,2.0,792 NC24,9.0,16,0.33178556,0.76901348,0.5625
792,NC24,10.0,792 NC24,0.0,8,0.0,0.32440756,0.0
792,TOT_MORT,0.0,792 TOT_MORT,1.0,32,0.00553786,0.15744264,0.03125
792,TOT_MORT,0.1,792 TOT_MORT,6.0,32,0.08889545,0.35309155,0.1875
792,TOT_MORT,0.5,792 TOT_MORT,4.0,32,0.04970134,0.28068305,0.125
792,TOT_MORT,1.0,792 TOT_MORT,5.0,32,0.0686442,0.3175415,0.15625
792,TOT_MORT,2.0,792 TOT_MORT,16.0,32,0.33630883,0.66369117,0.5
792,TOT_MORT,10.0,792 TOT_MORT,24.0,32,0.57893441,0.86747599,0.75
793,ALL_BUT_MORT,0.0,793 ALL_BUT_MORT,0.0,32,0.0,0.1071792,0.0
793,ALL_BUT_MORT,0.1,793 ALL_BUT_MORT,3.0,32,0.03240155,0.24218155,0.09375
793,ALL_BUT_MORT,0.5,793 ALL_BUT_MORT,6.0,32,0.08889545,0.35309155,0.1875
793,ALL_BUT_MORT,1.0,793 ALL_BUT_MORT,7.0,32,0.11023836,0.38754994,0.21875
793,ALL_BUT_MORT,2.0,793 ALL_BUT_MORT,20.0,32,0.45254407,0.77066113,0.625
793,ALL_BUT_MORT,10.0,793 ALL_BUT_MORT,1.0,32,0.00553786,0.15744264,0.03125
793,ANY120,0.0,793 ANY120,4.0,32,0.04970134,0.28068305,0.125
793,ANY120,0.1,793 ANY120,5.0,32,0.0686442,0.3175415,0.15625
793,ANY120,0.5,793 ANY120,12.0,32,0.22933887,0.54745593,0.375
793,ANY120,1.0,793 ANY120,10.0,32,0.17952542,0.48566678,0.3125
793,ANY120,2.0,793 ANY120,31.0,32,0.84255736,0.99446214,0.96875
793,ANY120,10.0,793 ANY120,32.0,32,0.8928208,1.0,1.0
793,ANY24,0.0,793 ANY24,0.0,32,0.0,0.1071792,0.0
793,ANY24,0.1,793 ANY24,2.0,32,0.01731057,0.20147123,0.0625
793,ANY24,0.5,793 ANY24,5.0,32,0.0686442,0.3175415,0.15625
793,ANY24,1.0,793 ANY24,3.0,32,0.03240155,0.24218155,0.09375
793,ANY24,2.0,793 ANY24,14.0,32,0.28165331,0.60674409,0.4375
793,ANY24,10.0,793 ANY24,1.0,32,0.00553786,0.15744264,0.03125
793,AXIS,0.0,793 AXIS,0.0,28,0.0,0.1206433,0.0
793,AXIS,0.1,793 AXIS,1.0,28,0.00633252,0.17712198,0.03571429
793,AXIS,0.5,793 AXIS,1.0,24,0.00739346,0.20241806,0.04166667
793,AXIS,1.0,793 AXIS,2.0,27,0.02055465,0.23369593,0.07407407
793,AXIS,2.0,793 AXIS,13.0,16,0.56991119,0.93408401,0.8125
793,AXIS,10.0,793 AXIS,0.0,0,,,
793,BRN_,0.0,793 BRN_,0.0,32,0.0,0.1071792,0.0
793,BRN_,0.1,793 BRN_,0.0,32,0.0,0.1071792,0.0
793,BRN_,0.5,793 BRN_,0.0,32,0.0,0.1071792,0.0
793,BRN_,1.0,793 BRN_,0.0,32,0.0,0.1071792,0.0
793,BRN_,2.0,793 BRN_,0.0,32,0.0,0.1071792,0.0
793,BRN_,10.0,793 BRN_,0.0,32,0.0,0.1071792,0.0
793,CRAN,0.0,793 CRAN,0.0,32,0.0,0.1071792,0.0
793,CRAN,0.1,793 CRAN,0.0,32,0.0,0.1071792,0.0
793,CRAN,0.5,793 CRAN,0.0,32,0.0,0.1071792,0.0
793,CRAN,1.0,793 CRAN,0.0,32,0.0,0.1071792,0.0
793,CRAN,2.0,793 CRAN,0.0,32,0.0,0.1071792,0.0
793,CRAN,10.0,793 CRAN,0.0,32,0.0,0.1071792,0.0
793,EDEM,0.0,793 EDEM,0.0,32,0.0,0.1071792,0.0
793,EDEM,0.1,793 EDEM,1.0,32,0.00553786,0.15744264,0.03125
793,EDEM,0.5,793 EDEM,3.0,32,0.03240155,0.24218155,0.09375
793,EDEM,1.0,793 EDEM,0.0,32,0.0,0.1071792,0.0
793,EDEM,2.0,793 EDEM,1.0,32,0.00553786,0.15744264,0.03125
793,EDEM,10.0,793 EDEM,0.0,32,0.0,0.1071792,0.0
793,LTRK,0.0,793 LTRK,0.0,32,0.0,0.1071792,0.0
793,LTRK,0.1,793 LTRK,0.0,32,0.0,0.1071792,0.0
793,LTRK,0.5,793 LTRK,1.0,32,0.00553786,0.15744264,0.03125
793,LTRK,1.0,793 LTRK,0.0,32,0.0,0.1071792,0.0
793,LTRK,2.0,793 LTRK,3.0,32,0.03240155,0.24218155,0.09375
793,LTRK,10.0,793 LTRK,0.0,32,0.0,0.1071792,0.0
793,MO24,0.0,793 MO24,0.0,32,0.0,0.1071792,0.0
793,MO24,0.1,793 MO24,0.0,32,0.0,0.1071792,0.0
793,MO24,0.5,793 MO24,1.0,32,0.00553786,0.15744264,0.03125
793,MO24,1.0,793 MO24,0.0,32,0.0,0.1071792,0.0
793,MO24,2.0,793 MO24,5.0,32,0.0686442,0.3175415,0.15625
793,MO24,10.0,793 MO24,0.0,32,0.0,0.1071792,0.0
793,NC24,0.0,793 NC24,0.0,28,0.0,0.1206433,0.0
793,NC24,0.1,793 NC24,0.0,28,0.0,0.1206433,0.0
793,NC24,0.5,793 NC24,0.0,24,0.0,0.1379762,0.0
793,NC24,1.0,793 NC24,0.0,27,0.0,0.12455503,0.0
793,NC24,2.0,793 NC24,3.0,16,0.06591599,0.43008881,0.1875
793,NC24,10.0,793 NC24,0.0,0,,,
793,TOT_MORT,0.0,793 TOT_MORT,4.0,32,0.04970134,0.28068305,0.125
793,TOT_MORT,0.1,793 TOT_MORT,4.0,32,0.04970134,0.28068305,0.125
793,TOT_MORT,0.5,793 TOT_MORT,8.0,32,0.13252401,0.42106559,0.25
793,TOT_MORT,1.0,793 TOT_MORT,5.0,32,0.0686442,0.3175415,0.15625
793,TOT_MORT,2.0,793 TOT_MORT,16.0,32,0.33630883,0.66369117,0.5
793,TOT_MORT,10.0,793 TOT_MORT,32.0,32,0.8928208,1.0,1.0
794,ALL_BUT_MORT,0.0,794 ALL_BUT_MORT,1.0,32,0.00553786,0.15744264,0.03125
794,ALL_BUT_MORT,0.1,794 ALL_BUT_MORT,5.0,32,0.0686442,0.3175415,0.15625
794,ALL_BUT_MORT,0.5,794 ALL_BUT_MORT,7.0,32,0.11023836,0.38754994,0.21875
794,ALL_BUT_MORT,1.0,794 ALL_BUT_MORT,25.0,32,0.61245006,0.88976164,0.78125
794,ALL_BUT_MORT,2.0,794 ALL_BUT_MORT,15.0,32,0.30869387,0.63550483,0.46875
794,ALL_BUT_MORT,10.0,794 ALL_BUT_MORT,2.0,32,0.01731057,0.20147123,0.0625
794,ANY120,0.0,794 ANY120,5.0,32,0.0686442,0.3175415,0.15625
794,ANY120,0.1,794 ANY120,9.0,32,0.1556458,0.45374509,0.28125
794,ANY120,0.5,794 ANY120,14.0,32,0.28165331,0.60674409,0.4375
794,ANY120,1.0,794 ANY120,31.0,32,0.84255736,0.99446214,0.96875
794,ANY120,2.0,794 ANY120,32.0,32,0.8928208,1.0,1.0
794,ANY120,10.0,794 ANY120,32.0,32,0.8928208,1.0,1.0
794,ANY24,0.0,794 ANY24,1.0,32,0.00553786,0.15744264,0.03125
794,ANY24,0.1,794 ANY24,6.0,32,0.08889545,0.35309155,0.1875
794,ANY24,0.5,794 ANY24,8.0,32,0.13252401,0.42106559,0.25
794,ANY24,1.0,794 ANY24,16.0,32,0.33630883,0.66369117,0.5
794,ANY24,2.0,794 ANY24,12.0,32,0.22933887,0.54745593,0.375
794,ANY24,10.0,794 ANY24,0.0,32,0.0,0.1071792,0.0
794,AXIS,0.0,794 AXIS,0.0,27,0.0,0.12455503,0.0
794,AXIS,0.1,794 AXIS,0.0,24,0.0,0.1379762,0.0
794,AXIS,0.5,794 AXIS,1.0,23,0.00771667,0.20991155,0.04347826
794,AXIS,1.0,794 AXIS,19.0,23,0.62862352,0.93021346,0.82608696
794,AXIS,2.0,794 AXIS,7.0,8,0.52911182,0.97758251,0.875
794,AXIS,10.0,794 AXIS,2.0,2,0.34238023,1.0,1.0
794,BRN_,0.0,794 BRN_,0.0,32,0.0,0.1071792,0.0
794,BRN_,0.1,794 BRN_,0.0,32,0.0,0.1071792,0.0
794,BRN_,0.5,794 BRN_,0.0,32,0.0,0.1071792,0.0
794,BRN_,1.0,794 BRN_,0.0,32,0.0,0.1071792,0.0
794,BRN_,2.0,794 BRN_,0.0,32,0.0,0.1071792,0.0
794,BRN_,10.0,794 BRN_,0.0,32,0.0,0.1071792,0.0
794,CRAN,0.0,794 CRAN,0.0,32,0.0,0.1071792,0.0
794,CRAN,0.1,794 CRAN,0.0,32,0.0,0.1071792,0.0
794,CRAN,0.5,794 CRAN,0.0,32,0.0,0.1071792,0.0
794,CRAN,1.0,794 CRAN,0.0,32,0.0,0.1071792,0.0
794,CRAN,2.0,794 CRAN,0.0,32,0.0,0.1071792,0.0
794,CRAN,10.0,794 CRAN,0.0,32,0.0,0.1071792,0.0
794,EDEM,0.0,794 EDEM,0.0,32,0.0,0.1071792,0.0
794,EDEM,0.1,794 EDEM,0.0,32,0.0,0.1071792,0.0
794,EDEM,0.5,794 EDEM,0.0,32,0.0,0.1071792,0.0
794,EDEM,1.0,794 EDEM,0.0,32,0.0,0.1071792,0.0
794,EDEM,2.0,794 EDEM,0.0,32,0.0,0.1071792,0.0
794,EDEM,10.0,794 EDEM,2.0,32,0.01731057,0.20147123,0.0625
794,LTRK,0.0,794 LTRK,0.0,32,0.0,0.1071792,0.0
794,LTRK,0.1,794 LTRK,0.0,32,0.0,0.1071792,0.0
794,LTRK,0.5,794 LTRK,0.0,32,0.0,0.1071792,0.0
794,LTRK,1.0,794 LTRK,3.0,32,0.03240155,0.24218155,0.09375
794,LTRK,2.0,794 LTRK,2.0,32,0.01731057,0.20147123,0.0625
794,LTRK,10.0,794 LTRK,0.0,32,0.0,0.1071792,0.0
794,MO24,0.0,794 MO24,0.0,32,0.0,0.1071792,0.0
794,MO24,0.1,794 MO24,1.0,32,0.00553786,0.15744264,0.03125
794,MO24,0.5,794 MO24,2.0,32,0.01731057,0.20147123,0.0625
794,MO24,1.0,794 MO24,1.0,32,0.00553786,0.15744264,0.03125
794,MO24,2.0,794 MO24,0.0,32,0.0,0.1071792,0.0
794,MO24,10.0,794 MO24,0.0,32,0.0,0.1071792,0.0
794,NC24,0.0,794 NC24,0.0,27,0.0,0.12455503,0.0
794,NC24,0.1,794 NC24,0.0,24,0.0,0.1379762,0.0
794,NC24,0.5,794 NC24,4.0,23,0.06978654,0.37137648,0.17391304
794,NC24,1.0,794 NC24,12.0,23,0.32962737,0.70762843,0.52173913
794,NC24,2.0,794 NC24,5.0,8,0.30574239,0.86315571,0.625
794,NC24,10.0,794 NC24,0.0,2,0.0,0.65761977,0.0
794,TOT_MORT,0.0,794 TOT_MORT,5.0,32,0.0686442,0.3175415,0.15625
794,TOT_MORT,0.1,794 TOT_MORT,8.0,32,0.13252401,0.42106559,0.25
794,TOT_MORT,0.5,794 TOT_MORT,9.0,32,0.1556458,0.45374509,0.28125
794,TOT_MORT,1.0,794 TOT_MORT,9.0,32,0.1556458,0.45374509,0.28125
794,TOT_MORT,2.0,794 TOT_MORT,24.0,32,0.57893441,0.86747599,0.75
794,TOT_MORT,10.0,794 TOT_MORT,30.0,32,0.79852877,0.98268943,0.9375
795,ALL_BUT_MORT,0.0,795 ALL_BUT_MORT,0.0,32,0.0,0.1071792,0.0
795,ALL_BUT_MORT,0.1,795 ALL_BUT_MORT,3.0,32,0.03240155,0.24218155,0.09375
795,ALL_BUT_MORT,0.5,795 ALL_BUT_MORT,4.0,32,0.04970134,0.28068305,0.125
795,ALL_BUT_MORT,1.0,795 ALL_BUT_MORT,2.0,32,0.01731057,0.20147123,0.0625
795,ALL_BUT_MORT,2.0,795 ALL_BUT_MORT,3.0,32,0.03240155,0.24218155,0.09375
795,ALL_BUT_MORT,10.0,795 ALL_BUT_MORT,0.0,32,0.0,0.1071792,0.0
795,ANY120,0.0,795 ANY120,2.0,32,0.01731057,0.20147123,0.0625
795,ANY120,0.1,795 ANY120,6.0,32,0.08889545,0.35309155,0.1875
795,ANY120,0.5,795 ANY120,5.0,32,0.0686442,0.3175415,0.15625
795,ANY120,1.0,795 ANY120,8.0,32,0.13252401,0.42106559,0.25
795,ANY120,2.0,795 ANY120,21.0,32,0.48311088,0.79589562,0.65625
795,ANY120,10.0,795 ANY120,32.0,32,0.8928208,1.0,1.0
795,ANY24,0.0,795 ANY24,0.0,32,0.0,0.1071792,0.0
795,ANY24,0.1,795 ANY24,1.0,32,0.00553786,0.15744264,0.03125
795,ANY24,0.5,795 ANY24,1.0,32,0.00553786,0.15744264,0.03125
795,ANY24,1.0,795 ANY24,2.0,32,0.01731057,0.20147123,0.0625
795,ANY24,2.0,795 ANY24,8.0,32,0.13252401,0.42106559,0.25
795,ANY24,10.0,795 ANY24,0.0,32,0.0,0.1071792,0.0
795,AXIS,0.0,795 AXIS,0.0,30,0.0,0.11351339,0.0
795,AXIS,0.1,795 AXIS,3.0,29,0.03581489,0.26385081,0.10344828
795,AXIS,0.5,795 AXIS,1.0,30,0.00590859,0.16670391,0.03333333
795,AXIS,1.0,795 AXIS,0.0,25,0.0,0.13319225,0.0
795,AXIS,2.0,795 AXIS,0.0,11,0.0,0.25883297,0.0
795,AXIS,10.0,795 AXIS,0.0,0,,,
795,BRN_,0.0,795 BRN_,0.0,32,0.0,0.1071792,0.0
795,BRN_,0.1,795 BRN_,0.0,32,0.0,0.1071792,0.0
795,BRN_,0.5,795 BRN_,0.0,32,0.0,0.1071792,0.0
795,BRN_,1.0,795 BRN_,0.0,32,0.0,0.1071792,0.0
795,BRN_,2.0,795 BRN_,0.0,32,0.0,0.1071792,0.0
795,BRN_,10.0,795 BRN_,0.0,32,0.0,0.1071792,0.0
795,CRAN,0.0,795 CRAN,0.0,32,0.0,0.1071792,0.0
795,CRAN,0.1,795 CRAN,0.0,32,0.0,0.1071792,0.0
795,CRAN,0.5,795 CRAN,0.0,32,0.0,0.1071792,0.0
795,CRAN,1.0,795 CRAN,0.0,32,0.0,0.1071792,0.0
795,CRAN,2.0,795 CRAN,0.0,32,0.0,0.1071792,0.0
795,CRAN,10.0,795 CRAN,0.0,32,0.0,0.1071792,0.0
795,EDEM,0.0,795 EDEM,0.0,32,0.0,0.1071792,0.0
795,EDEM,0.1,795 EDEM,1.0,32,0.00553786,0.15744264,0.03125
795,EDEM,0.5,795 EDEM,1.0,32,0.00553786,0.15744264,0.03125
795,EDEM,1.0,795 EDEM,0.0,32,0.0,0.1071792,0.0
795,EDEM,2.0,795 EDEM,0.0,32,0.0,0.1071792,0.0
795,EDEM,10.0,795 EDEM,0.0,32,0.0,0.1071792,0.0
795,LTRK,0.0,795 LTRK,0.0,32,0.0,0.1071792,0.0
795,LTRK,0.1,795 LTRK,0.0,32,0.0,0.1071792,0.0
795,LTRK,0.5,795 LTRK,2.0,32,0.01731057,0.20147123,0.0625
795,LTRK,1.0,795 LTRK,0.0,32,0.0,0.1071792,0.0
795,LTRK,2.0,795 LTRK,0.0,32,0.0,0.1071792,0.0
795,LTRK,10.0,795 LTRK,0.0,32,0.0,0.1071792,0.0
795,MO24,0.0,795 MO24,0.0,32,0.0,0.1071792,0.0
795,MO24,0.1,795 MO24,1.0,32,0.00553786,0.15744264,0.03125
795,MO24,0.5,795 MO24,0.0,32,0.0,0.1071792,0.0
795,MO24,1.0,795 MO24,0.0,32,0.0,0.1071792,0.0
795,MO24,2.0,795 MO24,5.0,32,0.0686442,0.3175415,0.15625
795,MO24,10.0,795 MO24,0.0,32,0.0,0.1071792,0.0
795,NC24,0.0,795 NC24,0.0,30,0.0,0.11351339,0.0
795,NC24,0.1,795 NC24,0.0,29,0.0,0.1169698,0.0
795,NC24,0.5,795 NC24,0.0,30,0.0,0.11351339,0.0
795,NC24,1.0,795 NC24,0.0,25,0.0,0.13319225,0.0
795,NC24,2.0,795 NC24,0.0,11,0.0,0.25883297,0.0
795,NC24,10.0,795 NC24,0.0,0,,,
795,TOT_MORT,0.0,795 TOT_MORT,2.0,32,0.01731057,0.20147123,0.0625
795,TOT_MORT,0.1,795 TOT_MORT,3.0,32,0.03240155,0.24218155,0.09375
795,TOT_MORT,0.5,795 TOT_MORT,2.0,32,0.01731057,0.20147123,0.0625
795,TOT_MORT,1.0,795 TOT_MORT,7.0,32,0.11023836,0.38754994,0.21875
795,TOT_MORT,2.0,795 TOT_MORT,21.0,32,0.48311088,0.79589562,0.65625
795,TOT_MORT,10.0,795 TOT_MORT,32.0,32,0.8928208,1.0,1.0
796,ALL_BUT_MORT,0.0,796 ALL_BUT_MORT,1.0,32,0.00553786,0.15744264,0.03125
796,ALL_BUT_MORT,0.1,796 ALL_BUT_MORT,2.0,32,0.01731057,0.20147123,0.0625
796,ALL_BUT_MORT,0.5,796 ALL_BUT_MORT,1.0,32,0.00553786,0.15744264,0.03125
796,ALL_BUT_MORT,1.0,796 ALL_BUT_MORT,22.0,32,0.51433322,0.82047458,0.6875
796,ALL_BUT_MORT,2.0,796 ALL_BUT_MORT,23.0,32,0.54625491,0.8443542,0.71875
796,ALL_BUT_MORT,10.0,796 ALL_BUT_MORT,3.0,32,0.03240155,0.24218155,0.09375
796,ANY120,0.0,796 ANY120,4.0,32,0.04970134,0.28068305,0.125
796,ANY120,0.1,796 ANY120,3.0,32,0.03240155,0.24218155,0.09375
796,ANY120,0.5,796 ANY120,2.0,32,0.01731057,0.20147123,0.0625
796,ANY120,1.0,796 ANY120,24.0,32,0.57893441,0.86747599,0.75
796,ANY120,2.0,796 ANY120,32.0,32,0.8928208,1.0,1.0
796,ANY120,10.0,796 ANY120,32.0,32,0.8928208,1.0,1.0
796,ANY24,0.0,796 ANY24,2.0,32,0.01731057,0.20147123,0.0625
796,ANY24,0.1,796 ANY24,1.0,32,0.00553786,0.15744264,0.03125
796,ANY24,0.5,796 ANY24,1.0,32,0.00553786,0.15744264,0.03125
796,ANY24,1.0,796 ANY24,3.0,32,0.03240155,0.24218155,0.09375
796,ANY24,2.0,796 ANY24,9.0,32,0.1556458,0.45374509,0.28125
796,ANY24,10.0,796 ANY24,2.0,32,0.01731057,0.20147123,0.0625
796,AXIS,0.0,796 AXIS,1.0,29,0.00611321,0.17175522,0.03448276
796,AXIS,0.1,796 AXIS,1.0,31,0.00571722,0.16194105,0.03225806
796,AXIS,0.5,796 AXIS,1.0,31,0.00571722,0.16194105,0.03225806
796,AXIS,1.0,796 AXIS,16.0,29,0.37547963,0.71586832,0.55172414
796,AXIS,2.0,796 AXIS,20.0,21,0.7733064,0.99154401,0.95238095
796,AXIS,10.0,796 AXIS,0.0,1,0.0,0.79345069,0.0
796,BRN_,0.0,796 BRN_,0.0,32,0.0,0.1071792,0.0
796,BRN_,0.1,796 BRN_,0.0,32,0.0,0.1071792,0.0
796,BRN_,0.5,796 BRN_,0.0,32,0.0,0.1071792,0.0
796,BRN_,1.0,796 BRN_,0.0,32,0.0,0.1071792,0.0
796,BRN_,2.0,796 BRN_,0.0,32,0.0,0.1071792,0.0
796,BRN_,10.0,796 BRN_,0.0,32,0.0,0.1071792,0.0
796,CRAN,0.0,796 CRAN,0.0,32,0.0,0.1071792,0.0
796,CRAN,0.1,796 CRAN,0.0,32,0.0,0.1071792,0.0
796,CRAN,0.5,796 CRAN,0.0,32,0.0,0.1071792,0.0
796,CRAN,1.0,796 CRAN,0.0,32,0.0,0.1071792,0.0
796,CRAN,2.0,796 CRAN,0.0,32,0.0,0.1071792,0.0
796,CRAN,10.0,796 CRAN,0.0,32,0.0,0.1071792,0.0
796,EDEM,0.0,796 EDEM,1.0,32,0.00553786,0.15744264,0.03125
796,EDEM,0.1,796 EDEM,2.0,32,0.01731057,0.20147123,0.0625
796,EDEM,0.5,796 EDEM,1.0,32,0.00553786,0.15744264,0.03125
796,EDEM,1.0,796 EDEM,0.0,32,0.0,0.1071792,0.0
796,EDEM,2.0,796 EDEM,4.0,32,0.04970134,0.28068305,0.125
796,EDEM,10.0,796 EDEM,1.0,32,0.00553786,0.15744264,0.03125
796,LTRK,0.0,796 LTRK,0.0,32,0.0,0.1071792,0.0
796,LTRK,0.1,796 LTRK,0.0,32,0.0,0.1071792,0.0
796,LTRK,0.5,796 LTRK,0.0,32,0.0,0.1071792,0.0
796,LTRK,1.0,796 LTRK,2.0,32,0.01731057,0.20147123,0.0625
796,LTRK,2.0,796 LTRK,17.0,32,0.36449517,0.69130613,0.53125
796,LTRK,10.0,796 LTRK,0.0,32,0.0,0.1071792,0.0
796,MO24,0.0,796 MO24,2.0,32,0.01731057,0.20147123,0.0625
796,MO24,0.1,796 MO24,1.0,32,0.00553786,0.15744264,0.03125
796,MO24,0.5,796 MO24,1.0,32,0.00553786,0.15744264,0.03125
796,MO24,1.0,796 MO24,0.0,32,0.0,0.1071792,0.0
796,MO24,2.0,796 MO24,2.0,32,0.01731057,0.20147123,0.0625
796,MO24,10.0,796 MO24,0.0,32,0.0,0.1071792,0.0
796,NC24,0.0,796 NC24,0.0,29,0.0,0.1169698,0.0
796,NC24,0.1,796 NC24,0.0,31,0.0,0.1102554,0.0
796,NC24,0.5,796 NC24,0.0,31,0.0,0.1102554,0.0
796,NC24,1.0,796 NC24,1.0,29,0.00611321,0.17175522,0.03448276
796,NC24,2.0,796 NC24,4.0,21,0.07667565,0.40000565,0.19047619
796,NC24,10.0,796 NC24,0.0,1,0.0,0.79345069,0.0
796,TOT_MORT,0.0,796 TOT_MORT,3.0,32,0.03240155,0.24218155,0.09375
796,TOT_MORT,0.1,796 TOT_MORT,1.0,32,0.00553786,0.15744264,0.03125
796,TOT_MORT,0.5,796 TOT_MORT,1.0,32,0.00553786,0.15744264,0.03125
796,TOT_MORT,1.0,796 TOT_MORT,3.0,32,0.03240155,0.24218155,0.09375
796,TOT_MORT,2.0,796 TOT_MORT,11.0,32,0.20410438,0.51688912,0.34375
796,TOT_MORT,10.0,796 TOT_MORT,31.0,32,0.84255736,0.99446214,0.96875
