Chemical_ID,End_Point,Model,BMD10,BMDL,BMD50,AUC,Min_Dose,Max_Dose,AUC_Norm,Modeled_Flag,DataQC_Flag,BMD10_Flag,BMD50_Flag,NumConc,Spearman_Correlation,bmdrc.Endpoint.ID
3978,AUC,Quantal Linear,1.466216432507783,0.5664048489152991,9.645964429255706,5.453706043956044,0.0,11.1,0.4913248688248688,Pass,Good,Pass,Pass,8.0,0.7113032974423645,3978 AUC
4905,AUC,Quantal Linear,2.978176293287921,1.3867133365621882,19.592866341003447,12.006190476190476,0.0,22.0,0.5457359307359307,Pass,Good,Pass,Pass,12.0,0.7350994586800497,4905 AUC
3862,AUC,Gamma,13.175352971408111,3.2745384093978167,66.09206183168342,32.05678571428571,0.0,100.0,0.32056785714285707,Pass,Good,Pass,Pass,12.0,0.831959079755702,3862 AUC
4248,AUC,Gamma,0.0034583094291564106,0.0005817744414453674,10.994878694326957,4.7678988095238095,0.0,11.1,0.4295404332904333,Pass,Good,Pass,Pass,8.0,0.7698812160552652,4248 AUC
4776,AUC,Gamma,10.488285793647567,2.3693385851714095,47.018605607150846,46.93964285714286,0.0,100.0,0.46939642857142855,Pass,Good,Pass,Pass,12.0,0.82483464784172,4776 AUC
4035,AUC,Gamma,0.3867369141916258,0.05456427312288588,8.764613166405018,20.10050659340659,0.0,33.3,0.6036188166188166,Pass,Good,Pass,Pass,9.0,0.7781190959104827,4035 AUC
4148,AUC,Quantal Linear,1.618772523547005,0.7722366970241328,10.649602497282077,3.1274107142857144,0.0,11.1,0.281748712998713,Pass,Good,Pass,Pass,8.0,0.8319621487478577,4148 AUC
3758,AUC,Quantal Linear,6.2384270080825415,4.237134750118562,41.041447688285174,19.740858585858586,0.0,44.8,0.4406441648629149,Pass,Good,Pass,Pass,6.0,0.8571428571428571,3758 AUC
3977,AUC,Quantal Linear,0.17540239168275876,0.1018669944665397,1.1539396186444573,1.796136904761905,0.0,3.7,0.4854424066924067,Pass,Good,Pass,Pass,7.0,0.7380952380952381,3977 AUC
3971,MOV,Quantal Linear,0.04621331869284252,0.02535639951911482,0.3040288039239735,0.8142916666666666,0.0,1.23,0.6620257452574526,Pass,Good,Pass,Pass,6.0,0.9285714285714286,3971 MOV
3971,AUC,Quantal Linear,0.0709366372816505,0.03410535151336776,0.46667890550066027,0.5703535714285715,0.0,1.23,0.4637020905923345,Pass,Good,Pass,Pass,6.0,0.8571428571428571,3971 AUC
3937,AUC,Quantal Linear,0.4982242997147749,0.2850801492288862,3.2777247385092596,1.108978021978022,0.0,3.7,0.2997237897237897,Pass,Good,Pass,Pass,7.0,0.7784570702436183,3937 AUC
3937,MOV,Quantal Linear,0.4258410405231188,0.2627977759234163,2.801528777288094,1.2972142857142857,0.0,3.7,0.35059845559845554,Pass,Good,Pass,Pass,7.0,0.7545045450053531,3937 MOV
4757,AUC,Log Probit,1.3082901106612221,1.2507968929075552,78.10125608646692,47.297619047619044,0.0,100.0,0.47297619047619044,Pass,Good,Pass,Pass,12.0,0.8910421112136306,4757 AUC
3957,AUC,Log Logistic,0.426253905357403,0.065571920352954,5.09055157227437,81.90566071428572,0.0,100.0,0.8190566071428571,Pass,Good,Pass,Pass,10.0,0.8337151470681156,3957 AUC
4235,AUC,Log Logistic,1.8221349740384878,,18.242689620579508,71.23627380952381,0.0,100.0,0.7123627380952381,Pass,Good,Pass,Pass,10.0,0.7272727272727273,4235 AUC
4818,MOV,Quantal Linear,4.721043349934022,2.4036288578985374,31.058863625303175,13.721999999999998,0.0,24.2,0.5670247933884297,Pass,Moderate,Pass,Fail,12.0,0.4481434966506306,4818 MOV
4778,AUC,Weibull,0.0,0.0,inf,45.71928571428571,0.0,100.0,0.4571928571428571,Pass,Moderate,Pass,Fail,12.0,0.24066965560867196,4778 AUC
4777,MOV,Log Probit,4.558978484611121,3.3448833354378276,434.6630795268762,32.131064935064934,0.0,100.0,0.32131064935064935,Pass,Moderate,Pass,Fail,12.0,0.8033019979058651,4777 MOV
4776,MOV,Gamma,0.310671472211744,0.06594942507033968,738.8504023743069,38.69992857142857,0.0,100.0,0.3869992857142857,Pass,Moderate,Pass,Fail,12.0,0.60330807439238,4776 MOV
3952,AUC,Log Logistic,23.68633639533041,2.472723985020333,9846.548398346762,4.142940476190476,0.0,11.1,0.3732378807378807,Pass,Moderate,Fail,Fail,8.0,0.5396407334626633,3952 AUC
4774,MOV,Quantal Linear,92.34787961367319,16.762853635929204,607.5394751558625,38.28031926406926,0.0,100.0,0.3828031926406926,Pass,Moderate,Pass,Fail,12.0,0.24793482509275888,4774 MOV
4820,MOV,Quantal Linear,16.658297064238575,6.587063193382325,109.59182926274228,4.8692640692640685,0.0,24.2,0.20120925906049872,Pass,Moderate,Pass,Fail,12.0,0.3232093527642505,4820 MOV
3992,AUC,Gamma,1.8334756234616858,0.47099195581210596,4.804929200952572,0.682970238095238,0.0,3.7,0.18458655083655082,Pass,Moderate,Pass,Fail,7.0,0.263477777620917,3992 AUC
4773,AUC,Quantal Linear,43.95605816775852,25.344487933299636,289.1787079560253,19.895604166666665,0.0,100.0,0.19895604166666664,Pass,Moderate,Pass,Fail,17.0,0.46432364047515695,4773 AUC
3994,AUC,Quantal Linear,4.5845074019446255,0.7838209310502493,30.160619090307872,0.575275,0.0,3.7,0.1554797297297297,Pass,Moderate,Fail,Fail,7.0,0.21557272714438663,3994 AUC
4142,MOV,Log Logistic,7.119458733486515e-05,,64.03732786569266,12.116457142857142,0.0,33.3,0.36385757185757184,Pass,Moderate,Pass,Fail,9.0,0.46200821319684904,4142 MOV
4770,AUC,Gamma,17.751629094675405,2.356338070989995,1796.686997617832,11.559273923992672,0.0,100.0,0.11559273923992672,Pass,Moderate,Pass,Fail,17.0,0.39314768612039,4770 AUC
4235,MOV,Quantal Linear,21.783106537520812,10.243271851054402,143.30699490267634,30.900423809523808,0.0,100.0,0.3090042380952381,Pass,Moderate,Pass,Fail,10.0,0.37109246890311687,4235 MOV
4823,AUC,Quantal Linear,40.78118784080814,14.391896246066446,268.2918282551321,10.453993506493505,0.0,45.4,0.23026417415183933,Pass,Moderate,Pass,Fail,12.0,0.37964272503770335,4823 AUC
4142,AUC,Quantal Linear,34.64604113225532,6.3498005561484545,227.92984239350415,4.857703463203462,0.0,33.3,0.14587698087698087,Pass,Moderate,Fail,Fail,9.0,0.28659069365997897,4142 AUC
4769,AUC,Gamma,90.97760355871694,24.3702701720274,125.36396454503246,11.493684065934065,0.0,100.0,0.11493684065934065,Pass,Moderate,Pass,Fail,15.0,0.21381842135777793,4769 AUC
4141,MOV,Log Logistic,1.883248108635241,,46434.20681323906,0.5207857142857143,0.0,3.7,0.14075289575289576,Pass,Moderate,Pass,Fail,7.0,0.45661166048865687,4141 MOV
4768,AUC,Gamma,29.378958502877417,5.765333702298063,155.13934974093456,20.21154761904762,0.0,100.0,0.2021154761904762,Pass,Moderate,Pass,Fail,12.0,0.5682807272755662,4768 AUC
3999,AUC,Gamma,0.9879518628991635,0.18215362472203328,35.499353040727556,0.072,0.0,3.7,0.01945945945945946,Pass,Moderate,Pass,Fail,7.0,0.6819309069874763,3999 AUC
3999,MOV,Gamma,0.16773189137320468,0.02215404131662689,6.2557907795705585,0.45304761904761903,0.0,3.7,0.12244530244530244,Pass,Moderate,Pass,Fail,7.0,0.9697815168769667,3999 MOV
4767,MOV,Log Probit,1.5042723123008261,1.3075251725285215,3084.341796891351,35.8872619047619,0.0,100.0,0.358872619047619,Pass,Moderate,Pass,Fail,12.0,0.2998627320949976,4767 MOV
4139,MOV,Quantal Linear,15.306096039903494,5.1964495002660644,100.69595093758234,45.45661904761904,0.0,100.0,0.4545661904761904,Pass,Moderate,Pass,Fail,10.0,0.427442990212055,4139 MOV
4824,MOV,Gamma,0.05057487949356637,0.01807039456514511,160.79089404894796,7.118571428571428,0.0,25.5,0.2791596638655462,Pass,Moderate,Pass,Fail,12.0,0.33149677206589795,4824 MOV
4758,MOV,Weibull,0.0,0.0,inf,28.4672619047619,0.0,100.0,0.28467261904761904,Pass,Moderate,Pass,Fail,12.0,0.26482985348764254,4758 MOV
4136,MOV,Log Probit,2.2102346498278793,1.3605947650899672,570107492.4401281,1.4029166666666666,0.0,11.1,0.12638888888888888,Pass,Moderate,Pass,Fail,8.0,0.3322612729717678,4136 MOV
3984,MOV,Log Logistic,1.9097962409085207,0.5535425042008291,33.54490670683787,0.4047619047619048,0.0,3.7,0.10939510939510941,Pass,Moderate,Pass,Fail,7.0,0.8455943246644705,3984 MOV
4818,AUC,Log Logistic,18.158217101825628,9.987019406004094,18.749695419132447,11.570404761904761,0.0,24.2,0.4781158992522629,Pass,Moderate,Pass,Pass,12.0,0.45304558849006055,4818 AUC
4233,AUC,Quantal Linear,0.08413317274054173,0.03922996743583023,0.5534964508531952,0.11872142857142856,0.0,0.41,0.2895644599303136,Pass,Moderate,Pass,Fail,5.0,0.7714285714285715,4233 AUC
4814,AUC,Quantal Linear,95.08608923657728,17.625515930876787,625.5536455312435,3.702738095238095,0.0,29.3,0.1263733138306517,Pass,Moderate,Fail,Fail,12.0,0.2130064768030775,4814 AUC
4813,AUC,Quantal Linear,40.15532408299131,5.345628500818624,264.1743873292138,14.75322294372294,0.0,27.7,0.5326073264881929,Pass,Moderate,Fail,Fail,12.0,0.2821644238170637,4813 AUC
3957,MOV,Quantal Linear,25.133794659490157,9.968838575148366,165.3505470832814,24.703214285714285,0.0,100.0,0.24703214285714284,Pass,Moderate,Pass,Fail,10.0,0.5964320793656581,3957 MOV
4812,AUC,Probit,10.575897206031886,5.303182439323459,33.28146611589238,0.6766774891774892,0.0,8.5,0.07960911637382226,Pass,Moderate,Fail,Fail,12.0,0.21572774865200245,4812 AUC
4797,MOV,Weibull,0.0,0.0,inf,0.7635714285714286,0.0,1.9,0.40187969924812034,Pass,Moderate,Pass,Fail,12.0,0.44447188182721864,4797 MOV
4796,AUC,Quantal Linear,1.8627864836858792,0.7957318140881793,12.254924827298254,0.22445238095238096,0.0,1.9,0.1181328320802005,Pass,Moderate,Pass,Fail,12.0,0.5041725340933183,4796 AUC
4156,AUC,Weibull,0.0,0.0,inf,33.43511904761904,0.0,100.0,0.3343511904761904,Pass,Moderate,Pass,Fail,10.0,0.2425686450249186,4156 AUC
3964,MOV,Quantal Linear,1.957751820550392,0.6896104313208267,12.879684065496543,0.540873015873016,0.0,3.7,0.1461818961818962,Pass,Moderate,Pass,Fail,7.0,0.4337664234406919,3964 MOV
4794,MOV,Gamma,1.3706759943425846,0.520160831446805,3.235122779608165,0.25046428571428575,0.0,2.1,0.1192687074829932,Pass,Moderate,Pass,Fail,12.0,0.636253112528673,4794 MOV
4794,AUC,Gamma,1.5636893356809163,0.2848693804406981,4.28972633067767,0.23639285714285718,0.0,2.1,0.11256802721088437,Pass,Moderate,Pass,Fail,12.0,0.4993146195964927,4794 AUC
4793,AUC,Quantal Linear,0.23707746669762758,0.07788365214558782,1.5596884334681815,0.26125,0.0,1.0,0.26125,Pass,Moderate,Pass,Fail,9.0,0.41945482513924454,4793 AUC
4791,MOV,Log Probit,0.02378411882791293,,8.553633243173113,0.7047420634920635,0.0,1.9,0.3709168755221387,Pass,Moderate,Pass,Fail,12.0,0.5781604370369247,4791 MOV
4791,AUC,Quantal Linear,1.278194782874165,0.5283163494643459,8.409005066309655,0.3184920634920635,0.0,1.9,0.16762740183792815,Pass,Moderate,Pass,Fail,12.0,0.5523662636733588,4791 AUC
4816,AUC,Quantal Linear,17.88302033347688,8.43287445656997,117.6490552144039,5.4841428571428565,0.0,27.7,0.19798349664775655,Pass,Moderate,Pass,Fail,12.0,0.4490375165568855,4816 AUC
4789,AUC,Quantal Linear,3.4425918037531207,1.4546967514491946,22.648169361090265,0.41880952380952385,0.0,2.6,0.1610805860805861,Pass,Moderate,Fail,Fail,22.0,0.3723678834935231,4789 AUC
4788,AUC,Quantal Linear,1.5662563671974057,0.5159162818903174,10.304108500026132,0.5450811688311687,0.0,1.9,0.28688482570061513,Pass,Moderate,Pass,Fail,12.0,0.3402570993088121,4788 AUC
4297,AUC,Quantal Linear,10.339568931267296,3.3830786820518632,68.02209545166338,57.86957399267399,0.0,100.0,0.57869573992674,Pass,Moderate,Pass,Pass,10.0,0.4,4297 AUC
4233,MOV,Log Logistic,0.2967799720982298,0.09606222827339675,1.3957344895327444,0.043149999999999994,0.0,0.41,0.10524390243902439,Pass,Moderate,Pass,Fail,5.0,0.5768179036829705,4233 MOV
4786,AUC,Quantal Linear,0.879891450256293,0.3655222893514637,5.788641732968277,0.7871428571428571,0.0,1.9,0.4142857142857143,Pass,Moderate,Pass,Fail,12.0,0.2087912087912088,4786 AUC
4136,AUC,Quantal Linear,5.036516567588744,1.191438654337186,33.13430308186113,3.8982714285714284,0.0,11.1,0.35119562419562417,Pass,Moderate,Pass,Fail,8.0,0.6276205565667923,4136 AUC
4785,MOV,Log Probit,1.0814208077137681e-06,,649.9103135453415,0.8759285714285714,0.0,2.6,0.33689560439560434,Pass,Moderate,Pass,Fail,12.0,0.21212201702380482,4785 MOV
3979,AUC,Quantal Linear,2.124827404871095,0.6392119942095125,13.978843171630801,6.496825091575092,0.0,11.1,0.5852995577995579,Pass,Moderate,Pass,Fail,8.0,0.6108840083916778,3979 AUC
4785,AUC,Quantal Linear,1.0141664619262285,0.558905750611835,6.672011989630039,0.5643571428571428,0.0,2.6,0.21706043956043952,Pass,Moderate,Pass,Fail,12.0,0.48201110402328234,4785 AUC
4244,AUC,Quantal Linear,6.687542934967555,2.387988353682506,43.99609760169218,1.819628205128205,0.0,11.1,0.16393046893046892,Pass,Moderate,Pass,Fail,3.0,0.31622776601683794,4244 AUC
3981,MOV,Quantal Linear,2.038299725740202,0.36394299424318766,13.409593709861303,0.11207142857142857,0.0,1.23,0.09111498257839722,Pass,Moderate,Fail,Fail,6.0,0.2522624895547565,3981 MOV
4780,AUC,Quantal Linear,81.48020996995866,27.089782699484793,536.0431036189027,17.805993506493508,0.0,100.0,0.1780599350649351,Pass,Moderate,Pass,Fail,12.0,0.290463377458742,4780 AUC
4779,MOV,Quantal Linear,73.06880591547878,20.584495885222402,480.7060452483067,32.313880952380956,0.0,100.0,0.3231388095238096,Pass,Moderate,Pass,Fail,12.0,0.253444487872598,4779 MOV
4033,MOV,Quantal Linear,2.4955835367687347,0.4036435774192595,16.41797860956628,0.08989761904761905,0.0,1.23,0.07308749516066589,Pass,Moderate,Fail,Fail,6.0,0.727392967453308,4033 MOV
4753,MOV,Log Logistic,37.2978599283922,6.356389434329633,284.68475828038567,17.38340909090909,0.0,100.0,0.1738340909090909,Pass,Moderate,Pass,Fail,12.0,0.20661235424396573,4753 MOV
4825,AUC,Quantal Linear,6.539156801432408,3.4866190176973406,43.01989290630031,6.7038787878787875,0.0,24.2,0.2770197846230904,Pass,Moderate,Pass,Fail,12.0,0.292416296559272,4825 AUC
4052,MOV,Quantal Linear,4.885609385029445,1.4890612197926658,32.14151287516805,2.3177261904761908,0.0,11.1,0.20880416130416135,Pass,Moderate,Pass,Fail,8.0,0.6214172674538865,4052 MOV
4105,MOV,Quantal Linear,172.2982369561837,30.821024955516556,1133.5179636884861,20.209309523809523,0.0,100.0,0.20209309523809524,Pass,Moderate,Fail,Fail,10.0,0.20053213245300738,4105 MOV
4105,AUC,Log Logistic,52.51922407142693,14.218400286329427,280.7241953801021,20.596632783882782,0.0,100.0,0.20596632783882782,Pass,Moderate,Pass,Fail,10.0,0.2558831578595795,4105 AUC
4280,MOV,Weibull,2.392336781991117e-52,,9.776505054576096e+21,16.26432380952381,0.0,33.3,0.4884181324181324,Pass,Moderate,Pass,Fail,8.0,0.6778302010921357,4280 MOV
4104,AUC,Weibull,1.359743371109988e-07,1.6585151079261476e-08,102.67634242785921,46.99327564102564,0.0,100.0,0.4699327564102564,Pass,Moderate,Pass,Fail,10.0,0.6378148666094873,4104 AUC
4282,MOV,Gamma,0.2791396581442974,0.04803164820803242,887.4586681565671,12.507714285714286,0.0,100.0,0.12507714285714286,Pass,Moderate,Pass,Fail,10.0,0.47568087233038964,4282 MOV
4099,MOV,Weibull,5.299693336479902e-25,,1.5672504936126975e+42,8.373214285714283,0.0,33.3,0.2514478764478764,Pass,Moderate,Pass,Fail,9.0,0.32218993815043423,4099 MOV
4316,MOV,Gamma,0.15482716788113482,0.019292916622688283,492.2364422013323,42.15233992673992,0.0,100.0,0.4215233992673992,Pass,Moderate,Pass,Fail,10.0,0.80465085727548,4316 MOV
4316,AUC,Gamma,31.413477539532263,3.403638020518657,149.65901544008457,25.48692857142857,0.0,100.0,0.2548692857142857,Pass,Moderate,Pass,Fail,10.0,0.3211144314951885,4316 AUC
4286,MOV,Log Logistic,0.055411820946005386,,12.203448629305091,4.168416666666666,0.0,33.3,0.12517767767767768,Pass,Moderate,Pass,Pass,6.0,0.4531634835874829,4286 MOV
4097,MOV,Quantal Linear,1.1185773296727262,0.4021252729353245,7.358911613710669,0.9074304029304029,0.0,3.7,0.24525146025146022,Pass,Moderate,Pass,Fail,7.0,0.2823414542806359,4097 MOV
4288,AUC,Quantal Linear,0.6037991461823824,0.15238705257959906,3.97228196148955,0.28835897435897434,0.0,1.23,0.2344381905357515,Pass,Moderate,Pass,Fail,6.0,0.23424374030084533,4288 AUC
4289,MOV,Log Probit,23.396476901348343,3.331827386854611,1912871637266.5144,1.2748214285714283,0.0,11.1,0.11484877734877733,Pass,Moderate,Fail,Fail,8.0,0.2535678135837175,4289 MOV
4066,AUC,Quantal Linear,0.5146686294701983,0.26802725916085945,3.385908916756711,1.7848035714285715,0.0,3.7,0.48237934362934365,Pass,Moderate,Pass,Pass,7.0,0.6099375455928333,4066 AUC
4066,MOV,Quantal Linear,1.911279304512422,0.6849995163633387,12.573950050584733,0.492452380952381,0.0,3.7,0.1330952380952381,Pass,Moderate,Pass,Fail,7.0,0.36514837167011077,4066 MOV
4311,AUC,Log Logistic,1.8287134972686023,0.9644052796508564,2.4672771530229913,0.0799702380952381,0.0,1.23,0.06501645373596593,Pass,Moderate,Fail,Fail,6.0,0.35714285714285715,4311 AUC
4069,AUC,Quantal Linear,29.591927839680586,13.668205146457932,194.67977374011963,28.848595238095236,0.0,100.0,0.28848595238095237,Pass,Moderate,Pass,Fail,10.0,0.40183067317995635,4069 AUC
4086,AUC,Quantal Linear,1.9762548216526925,0.9544982699403131,13.001411858549579,3.3163452380952374,0.0,11.1,0.29876984126984124,Pass,Moderate,Pass,Fail,8.0,0.5272012675161055,4086 AUC
4086,MOV,Quantal Linear,22.31736660355724,4.227549987231462,146.82179222638717,0.08528571428571428,0.0,11.1,0.007683397683397684,Pass,Moderate,Fail,Fail,8.0,0.3286335345030997,4086 MOV
4082,MOV,Weibull,1.579238186217854e-25,,9.638612152739621e+17,0.8017261904761905,0.0,3.7,0.21668275418275418,Pass,Moderate,Pass,Fail,7.0,0.46707424214617105,4082 MOV
4082,AUC,Log Probit,0.028175446025926608,,1.7568730054281658e+17,0.7250732600732601,0.0,3.7,0.19596574596574598,Pass,Moderate,Pass,Fail,7.0,0.37352108685170693,4082 AUC
4296,MOV,Quantal Linear,3.7493812137176206,0.8939564680948802,24.666479666567078,0.04177564102564102,0.0,3.7,0.011290713790713789,Pass,Moderate,Fail,Fail,7.0,0.3703368470731278,4296 MOV
4301,MOV,Log Logistic,35.99186420458212,6.20103968973965,8751.318405658165,5.840714285714285,0.0,100.0,0.05840714285714285,Pass,Moderate,Pass,Fail,10.0,0.5145282351949543,4301 MOV
4052,AUC,Gamma,2.8818314358348562,0.5427355394538594,7.2828259900438885,5.353297619047618,0.0,11.1,0.4822790647790647,Pass,Moderate,Pass,Pass,8.0,0.45188680072809045,4052 AUC
4078,MOV,Quantal Linear,39.782777105672345,12.623455909238853,261.7234702532818,17.85129945054945,0.0,100.0,0.17851299450549452,Pass,Moderate,Pass,Fail,10.0,0.2369026647406667,4078 MOV
4090,MOV,Quantal Linear,9.561938317182467,3.397569586627774,62.906208686069704,11.591738095238092,0.0,33.3,0.34810024310024307,Pass,Moderate,Pass,Fail,9.0,0.4865618401009519,4090 MOV
4291,AUC,Weibull,0.0,0.0,inf,4.058047619047619,0.0,11.1,0.36558987558987555,Pass,Moderate,Pass,Fail,8.0,0.23732222626728364,4291 AUC
4309,AUC,Log Probit,6.594861057348389,2.9062631717692167,15476.60162652181,32.46227380952381,0.0,100.0,0.32462273809523806,Pass,Moderate,Pass,Fail,10.0,0.5287705633524583,4309 AUC
4309,MOV,Log Logistic,75.4766272891879,11.743470354345568,911.043838444179,14.834447619047618,0.0,100.0,0.14834447619047617,Pass,Moderate,Pass,Fail,10.0,0.2636937012348862,4309 MOV
4310,AUC,Log Probit,0.561613056707494,0.07245027811626949,10.96962347838656,5.117458333333332,0.0,11.1,0.46103228228228216,Pass,Moderate,Pass,Pass,8.0,0.6610936529170212,4310 AUC
4310,MOV,Gamma,9.418052462364658,1.9930585630804893,12.977747805954518,1.4910892857142857,0.0,11.1,0.1343323680823681,Pass,Moderate,Pass,Fail,8.0,0.297939785765562,4310 MOV
4090,AUC,Gamma,1.8723837985657492,0.21356877702390575,8.001755823814749,23.51513461538461,0.0,33.3,0.7061601986601985,Pass,Moderate,Pass,Pass,9.0,0.696969696969697,4090 AUC
4107,AUC,Log Probit,1.4929592613679192,1.3093373004559017,28.31324476692666,69.84845238095238,0.0,100.0,0.6984845238095239,Pass,Moderate,Pass,Pass,10.0,0.6742614304157437,4107 AUC
4279,AUC,Quantal Linear,3.409762556720156,1.368899792058258,22.432191868205667,3.550690476190476,0.0,11.1,0.3198820248820249,Pass,Moderate,Pass,Fail,8.0,0.21098736814243055,4279 AUC
4380,MOV,Quantal Linear,26.059002415761277,7.089244724580759,171.43731634107672,0.0,0.0,66.5,0.0,Pass,Moderate,Pass,Fail,8.0,0.5477225575051662,4380 MOV
4027,MOV,Quantal Linear,0.12479273241685014,0.04702882367154538,0.8209881101002952,0.006714285714285715,0.0,0.14,0.04795918367346939,Pass,Moderate,Pass,Fail,4.0,0.8944271909999159,4027 MOV
4027,AUC,Quantal Linear,0.22948708425693143,0.048135700302573886,1.509752723156864,0.01342857142857143,0.0,0.14,0.09591836734693877,Pass,Moderate,Fail,Fail,4.0,0.5642880936468347,4027 AUC
4454,AUC,Quantal Linear,11.806541818425659,4.436388797055404,77.67303645497053,16.03333333333333,0.0,66.5,0.24110275689223054,Pass,Moderate,Pass,Fail,9.0,0.5103493078392206,4454 AUC
4456,AUC,Quantal Linear,15.997678534888658,3.4346578377883508,105.24574317740392,16.9095,0.0,66.5,0.2542781954887218,Pass,Moderate,Pass,Fail,7.0,0.41239304942116123,4456 AUC
447,AUC,Quantal Linear,30.133578356141783,14.269308735247218,198.2431914587005,30.343047619047617,0.0,100.0,0.3034304761904762,Pass,Moderate,Pass,Fail,12.0,0.2967032967032967,447 AUC
4513,AUC,Weibull,0.6974108193763815,0.09425943105633905,2.326027019804117,0.1517738095238095,0.0,1.23,0.1233933410762679,Pass,Moderate,Pass,Fail,6.0,0.5765999761251577,4513 AUC
4453,MOV,Quantal Linear,5.209524150570017,,34.27248770074072,6.5915,0.0,11.1,0.5938288288288288,Pass,Moderate,Pass,Fail,7.0,0.28867513459481287,4453 MOV
4016,MOV,Quantal Linear,64.60655175413616,21.621743443498495,425.0344535092756,15.9265,0.0,100.0,0.15926500000000002,Pass,Moderate,Pass,Fail,10.0,0.6977743119423202,4016 MOV
4579,MOV,Quantal Linear,50.04176580039452,22.46503880707164,329.21544335862427,18.10360606060606,0.0,100.0,0.18103606060606062,Pass,Moderate,Pass,Fail,17.0,0.32554292527958223,4579 MOV
4131,MOV,Gamma,74.01175234274974,11.922107957945869,525.9099763534091,1.9401282051282047,0.0,33.3,0.05826210826210825,Pass,Moderate,Fail,Fail,3.0,0.6,4131 MOV
4132,MOV,Log Logistic,8.529965562236468,2.118122063806326,32.60249585599358,9.241190476190475,0.0,33.3,0.2775132275132275,Pass,Moderate,Pass,Pass,3.0,1.0,4132 MOV
4751,MOV,Log Probit,1.1468247643667095,1.0958602190215312,1112.7019665513765,24.11922619047619,0.0,100.0,0.2411922619047619,Pass,Moderate,Pass,Fail,12.0,0.521108587652889,4751 MOV
4752,AUC,Quantal Linear,48.92526840460837,22.673326290436428,321.87021524200196,15.808333333333334,0.0,100.0,0.15808333333333333,Pass,Moderate,Pass,Fail,12.0,0.5256003973062952,4752 AUC
4752,MOV,Log Logistic,65.40292699276675,12.748461159918206,497.35247151822114,15.917285714285715,0.0,100.0,0.15917285714285714,Pass,Moderate,Pass,Fail,12.0,0.41067220607092564,4752 MOV
4016,AUC,Log Logistic,0.010031179201632864,,224099.15032769914,17.29654761904762,0.0,100.0,0.1729654761904762,Pass,Moderate,Pass,Fail,10.0,0.37774657508589765,4016 AUC
4754,AUC,Quantal Linear,8.147502869475456,4.509770142987,53.600901697575175,18.356571428571428,0.0,51.1,0.35922840369024317,Pass,Moderate,Pass,Fail,10.0,0.7442999969128736,4754 AUC
4451,AUC,Quantal Linear,0.21485713822483282,0.05863984248572769,1.4135050370044278,0.41000000000000003,0.0,1.23,0.33333333333333337,Pass,Moderate,Pass,Fail,5.0,0.3927922024247863,4451 AUC
4031,MOV,Quantal Linear,2.1979097265722918,0.43807946796230934,14.459638134712367,0.009592307692307695,0.0,1.23,0.0077986241400875575,Pass,Moderate,Fail,Fail,6.0,0.29880715233359845,4031 MOV
4048,MOV,Quantal Linear,4.527321820369049,1.703161668214518,29.78440581543627,1.2919047619047617,0.0,11.1,0.11638781638781637,Pass,Moderate,Pass,Fail,8.0,0.5477225575051661,4048 MOV
4048,AUC,Log Probit,0.12287672837507113,,10408.536063404723,3.213702380952381,0.0,11.1,0.289522737022737,Pass,Moderate,Pass,Fail,8.0,0.4537975356806497,4048 AUC
4439,MOV,Quantal Linear,17.86467553717051,6.312388892809295,117.52836822119477,19.884999999999998,0.0,100.0,0.19884999999999997,Pass,Moderate,Pass,Fail,10.0,0.45093485781130827,4439 MOV
4442,MOV,Quantal Linear,4.827601211338692,0.5511786392779636,31.759887920201436,17.037,0.046,33.3,0.5123293438383353,Pass,Moderate,Pass,Pass,5.0,0.28867513459481287,4442 MOV
4443,AUC,Quantal Linear,9.922850544938392,4.018560665025343,65.28058291475207,35.239999999999995,0.0,100.0,0.35239999999999994,Pass,Moderate,Pass,Pass,8.0,0.49507377148833714,4443 AUC
4115,AUC,Gamma,0.6940386235624441,0.0960911385308257,2115.2473471609583,8.569571428571427,0.0,33.3,0.25734448734448734,Pass,Moderate,Pass,Fail,9.0,0.531509589558614,4115 AUC
4031,AUC,Quantal Linear,1.1399388070446022,0.2340965643421795,7.499444788975278,0.300325641025641,0.0,1.23,0.2441671878257244,Pass,Moderate,Pass,Fail,6.0,0.8153742483272113,4031 AUC
4447,AUC,Quantal Linear,36.353704576199,8.77157378726989,239.1642416760491,0.41000000000000003,0.0,100.0,0.0041,Pass,Moderate,Pass,Fail,9.0,0.3027495893961478,4447 AUC
4117,MOV,Log Logistic,0.0061398331057999096,,311.3355985697934,25.073499999999996,0.0,100.0,0.25073499999999993,Pass,Moderate,Pass,Fail,10.0,0.247900273203854,4117 MOV
4270,MOV,Multistage2,1.3395019620297808,0.7149460911595475,4.311675481520616,0.01342857142857143,0.0,1.23,0.01091753774680604,Pass,Moderate,Fail,Fail,6.0,0.4008918628686366,4270 MOV
4121,AUC,Log Logistic,4.98770322819489,0.5042499772449961,75.74543187578286,9.594434065934065,0.0,33.3,0.2881211431211431,Pass,Moderate,Pass,Fail,9.0,0.45592915776004844,4121 AUC
4033,AUC,Weibull,0.0,0.0,inf,0.5238034632034632,0.0,1.23,0.42585647414915706,Pass,Moderate,Pass,Fail,6.0,0.35714285714285715,4033 AUC
4032,MOV,Quantal Linear,0.2341247788006399,0.12496181431004855,1.5402632505323153,0.3220952380952381,0.0,1.23,0.2618660472319009,Pass,Moderate,Pass,Fail,6.0,0.8001322641986387,4032 MOV
4121,MOV,Quantal Linear,85.828275830434,10.987318464767597,564.6482179092061,0.9128923076923077,0.0,33.3,0.027414183414183415,Pass,Moderate,Fail,Fail,9.0,0.22028268268106363,4121 MOV
4272,AUC,Quantal Linear,1.4247859259317381,0.488413554345887,9.373400854153056,1.2643655677655679,0.0,3.7,0.3417204237204237,Pass,Moderate,Pass,Fail,7.0,0.6904761904761905,4272 AUC
4227,AUC,Quantal Linear,15.544044425408552,5.22941728960278,102.26136898343992,8.225339285714284,0.0,33.3,0.24700718575718572,Pass,Moderate,Pass,Fail,9.0,0.5122046439880475,4227 AUC
4787,MOV,Gamma,2.2502606258194198,0.4682915423458187,5.2194292450437745,0.49657792207792206,0.0,2.6,0.19099150849150848,Pass,Moderate,Pass,Fail,12.0,0.40827935746011557,4787 MOV
4167,AUC,Quantal Linear,120.54867576518167,33.139113503807266,793.0672529948264,6.372214285714286,0.0,100.0,0.06372214285714285,Pass,Moderate,Fail,Fail,10.0,0.39190064095390587,4167 AUC
4912,MOV,Quantal Linear,20.4700697782745,10.518647306109193,134.66877097257597,12.180331168831168,0.0,50.0,0.24360662337662337,Pass,Moderate,Pass,Fail,12.0,0.41815720438935444,4912 MOV
3860,AUC,Gamma,13.485971980011218,4.385904119768785,118.15308772074827,34.35777680652681,0.0,100.0,0.3435777680652681,Pass,Moderate,Pass,Fail,20.0,0.7645750840609634,3860 AUC
3860,MOV,Log Probit,17.979152155485004,11.01442541595667,634.9126051373033,33.607644751082255,0.0,100.0,0.33607644751082255,Pass,Moderate,Pass,Fail,20.0,0.4560284779132275,3860 MOV
4185,AUC,Quantal Linear,0.6274189361057604,0.31130456636907644,4.127672153807686,1.0681565934065935,0.0,3.7,0.2886909711909712,Pass,Moderate,Pass,Fail,7.0,0.4191691916696407,4185 AUC
4911,MOV,Quantal Linear,40.14703289301031,11.05415617596119,264.11984113681024,9.542738095238093,0.0,50.8,0.18784917510311208,Pass,Moderate,Pass,Fail,12.0,0.26482985348764254,4911 MOV
4911,AUC,Weibull,9.280649952864684,2.2188819577247028,70.00598261536055,13.338333333333331,0.0,50.8,0.26256561679790025,Pass,Moderate,Pass,Fail,12.0,0.636253112528673,4911 AUC
3902,MOV,Weibull,1.8494350740914468e-43,,5630780358.060703,1.6272928571428573,0.0,3.7,0.4398088803088803,Pass,Moderate,Pass,Fail,7.0,0.5149792926227014,3902 MOV
4910,AUC,Quantal Linear,11.447464929049417,5.601879566354163,75.31073657515888,2.968571428571429,0.0,20.0,0.14842857142857144,Pass,Moderate,Pass,Fail,12.0,0.5308008105678631,4910 AUC
4909,MOV,Quantal Linear,0.5373711962394275,0.29886025025229884,3.5352648690251196,0.8454285714285714,0.0,2.1,0.4025850340136054,Pass,Moderate,Pass,Fail,12.0,0.45179234794680506,4909 MOV
4826,MOV,Gamma,0.40795126445105695,0.10390008766487857,1296.9847718140104,4.1085714285714285,0.0,23.2,0.17709359605911332,Pass,Moderate,Pass,Fail,12.0,0.2559310385369699,4826 MOV
3904,MOV,Weibull,1.1126968629157952e-10,,6361737984.305582,30.662479653679654,0.0,100.0,0.30662479653679653,Pass,Moderate,Pass,Fail,10.0,0.26423758759535904,3904 MOV
3905,MOV,Log Logistic,55.05469382662048,11.203146314572308,4305.328373709067,7.2749999999999995,0.0,100.0,0.07275,Pass,Moderate,Pass,Fail,10.0,0.6590586383396044,3905 MOV
3906,AUC,Weibull,0.0,0.0,inf,0.21132619047619047,0.0,1.23,0.17180991095625242,Pass,Moderate,Pass,Fail,6.0,0.5188745216627708,3906 AUC
4907,MOV,Quantal Linear,78.8241753857719,24.630630389709335,518.5695474958693,31.153186011904765,0.0,100.0,0.31153186011904765,Pass,Moderate,Pass,Fail,17.0,0.24715668167831295,4907 MOV
4182,MOV,Quantal Linear,3.491615188408888,1.7922658529369353,22.970685064847892,2.383319047619047,0.0,11.1,0.21471342771342766,Pass,Moderate,Pass,Fail,8.0,0.5362916143780116,4182 MOV
4182,AUC,Gamma,2.407285650444634,0.314780809174352,18.672783758393933,2.0671428571428567,0.0,11.1,0.1862290862290862,Pass,Moderate,Pass,Fail,8.0,0.6441603284397699,4182 AUC
4217,MOV,Quantal Linear,2152.3365964141135,,14159.821011749316,2.9566190476190473,0.0,100.0,0.02956619047619047,Pass,Moderate,Fail,Fail,10.0,0.3062829708397712,4217 MOV
3922,MOV,Quantal Linear,27.19797217821306,5.125184283631286,178.93038596642305,0.8359285714285714,0.0,11.1,0.0753088803088803,Pass,Moderate,Fail,Fail,8.0,0.3302891295379082,3922 MOV
4898,AUC,Log Probit,6.4772294492343585,3.454311525612191,4319.146864456926,31.964,0.0,100.0,0.31964,Pass,Moderate,Pass,Fail,12.0,0.36914740624921877,4898 AUC
4175,MOV,Log Probit,1.1844882917359323,1.0905982194411659,94113.54560071258,26.670874999999995,0.0,100.0,0.26670874999999994,Pass,Moderate,Pass,Fail,10.0,0.752325239503013,4175 MOV
4176,AUC,Quantal Linear,45.567612714706186,19.24497393436773,299.7808247315648,11.583386446886447,0.0,100.0,0.11583386446886447,Pass,Moderate,Pass,Fail,10.0,0.3467313578382388,4176 AUC
49,AUC,Logistic,29013.591140918896,,139363.78875582892,3.0341666666666667,0.0,11.2,0.2709077380952381,Pass,Moderate,Fail,Fail,3.0,0.4,49 AUC
4220,MOV,Log Logistic,8.8499352874108,2.3453624888877984,58.315106145470395,9.785464285714284,0.0,33.3,0.2938577863577863,Pass,Moderate,Pass,Fail,9.0,0.6012526109667694,4220 MOV
4215,AUC,Quantal Linear,0.09549195236448445,0.027342031673112145,0.6282237433477323,0.022601785714285717,0.0,0.14,0.16144132653061224,Pass,Moderate,Pass,Fail,3.0,0.4,4215 AUC
3918,MOV,Weibull,1.309506176794142e-09,,6.183535179454485e+21,2.8714179487179488,0.0,11.1,0.2586863016863017,Pass,Moderate,Pass,Fail,8.0,0.25941649671427414,3918 MOV
4901,AUC,Gamma,0.760132662768071,0.10373880822445108,2176.685913799142,5.477440476190476,0.0,30.0,0.1825813492063492,Pass,Moderate,Pass,Fail,12.0,0.5151534699149546,4901 AUC
3916,MOV,Weibull,7.099084579422793e-05,,1720678132.475127,2.5808333333333335,0.0,11.1,0.23250750750750754,Pass,Moderate,Pass,Fail,8.0,0.7405931817601112,3916 MOV
3916,AUC,Quantal Linear,6.333733413600165,1.8914606229286433,41.6684507535358,3.9433214285714286,0.0,11.1,0.35525418275418275,Pass,Moderate,Pass,Fail,8.0,0.5618293103007741,3916 AUC
4901,MOV,Gamma,2.792871202190415,0.3197892074773693,74.60597129510342,7.059404761904762,0.0,30.0,0.23531349206349209,Pass,Moderate,Pass,Fail,12.0,0.6964463807851597,4901 MOV
4904,MOV,Quantal Linear,2.0872851222114903,1.1920354877629682,13.731859496438844,3.729060606060606,0.0,10.0,0.37290606060606063,Pass,Moderate,Pass,Fail,12.0,0.4751453732944537,4904 MOV
3912,AUC,Weibull,0.0,0.0,inf,14.570952380952377,0.0,33.3,0.4375661375661375,Pass,Moderate,Pass,Fail,3.0,0.2,3912 AUC
3918,AUC,Log Probit,2.2435241178713032,1.3468265267172237,2695.9794314407395,3.0406637362637365,0.0,11.1,0.27393366993366997,Pass,Moderate,Pass,Fail,8.0,0.5798524067030524,3918 AUC
4175,AUC,Gamma,0.09460468339369911,0.011757449726943977,298.7590594656917,66.42030833333334,0.0,100.0,0.6642030833333333,Pass,Moderate,Pass,Fail,10.0,0.8656058903985899,4175 AUC
3771,MOV,Quantal Linear,17.533601627767418,6.495908317904554,115.35029472348153,50.1,0.0,100.0,0.501,Pass,Moderate,Pass,Fail,6.0,0.7572401854185358,3771 MOV
4914,AUC,Gamma,0.08630335373649783,0.012802226008373066,274.3811462463172,52.14652777777778,0.0,100.0,0.5214652777777777,Pass,Moderate,Pass,Fail,12.0,0.41989591128347076,4914 AUC
1016,MOV,Quantal Linear,22.792596924718453,8.559465964258283,149.94824386885333,24.966666666666665,0.0,100.0,0.24966666666666665,Pass,Moderate,Pass,Fail,9.0,0.5103493078392206,1016 MOV
1376,AUC,Quantal Linear,11.32422964961465,7.094231758034959,74.49999465772996,14.796871461871461,0.0,50.0,0.2959374292374292,Pass,Moderate,Pass,Fail,5.0,1.0,1376 AUC
4203,AUC,Quantal Linear,27.102156259806044,12.60753138120958,178.300030910908,21.03313095238095,0.0,100.0,0.21033130952380952,Pass,Moderate,Pass,Fail,10.0,0.34246932373291733,4203 AUC
4203,MOV,Quantal Linear,85.70557164323571,29.43618119816992,563.8409699485412,6.527142857142857,0.0,100.0,0.06527142857142856,Pass,Moderate,Pass,Fail,10.0,0.3062829708397712,4203 MOV
69,MOV,Gamma,44.81157078402358,4.9537791140151075,561.5895796449895,23.460349816849817,0.0,100.0,0.23460349816849818,Pass,Moderate,Pass,Fail,20.0,0.21354239075640463,69 MOV
250,AUC,Quantal Linear,200.73735226258822,36.525768711256596,1320.6135987959744,2.5113991910866913,0.0,50.0,0.050227983821733824,Pass,Moderate,Fail,Fail,5.0,0.5797710356524485,250 AUC
2532,AUC,Log Logistic,10.42947284161673,3.662282907250328,52.83260014271731,18.633333333333333,0.0,34.0,0.5480392156862745,Pass,Moderate,Pass,Fail,5.0,1.0,2532 AUC
2532,MOV,Logistic,43.310975402550575,32.10045388844313,106.7240343293331,11.266666666666666,0.0,34.0,0.33137254901960783,Pass,Moderate,Fail,Fail,5.0,0.42857142857142855,2532 MOV
2585,AUC,Quantal Linear,11.681004428628848,5.077073287179672,76.84714938286174,29.10608333333333,0.0,100.0,0.2910608333333333,Pass,Moderate,Pass,Pass,8.0,0.49839190945765166,2585 AUC
2585,MOV,Quantal Linear,31.67667572609576,11.902727443855955,208.39494123550233,8.3,0.0,100.0,0.083,Pass,Moderate,Pass,Fail,8.0,0.4107919181288746,2585 MOV
64,MOV,Weibull,25.991575231115846,6.231378632069278,73.3427276180464,11.245092147435898,0.0,50.0,0.22490184294871796,Pass,Moderate,Pass,Fail,8.0,0.65,64 MOV
64,AUC,Quantal Linear,24.61696601177409,15.018693167754602,161.95042780937396,6.844551282051281,0.0,50.0,0.13689102564102562,Pass,Moderate,Pass,Fail,8.0,0.8,64 AUC
2743,AUC,Probit,25.467115143247476,3.4672208885820206,108.82594223343631,3.4085,0.0,11.1,0.3070720720720721,Pass,Moderate,Fail,Fail,8.0,0.4790085098851302,2743 AUC
4192,MOV,Weibull,0.0006800759365027844,,0.8891099645453505,0.038500000000000006,0.0,0.14,0.275,Pass,Moderate,Pass,Fail,4.0,0.9,4192 MOV
4209,AUC,Quantal Linear,213.36089192593997,27.079018473559543,1403.6615116854266,13.278739285714284,0.0,100.0,0.13278739285714283,Pass,Moderate,Fail,Fail,10.0,0.4622534556135241,4209 AUC
295,AUC,Quantal Linear,168.11783819136807,32.14186501163583,1106.0158999470868,1.9047619047619047,0.0,50.0,0.03809523809523809,Pass,Moderate,Fail,Fail,5.0,0.6,295 AUC
5360,MOV,Weibull,0.0,0.0,inf,19.11295238095238,0.0,50.0,0.38225904761904755,Pass,Moderate,Pass,Fail,12.0,0.3540886887116093,5360 MOV
4186,MOV,Quantal Linear,407.1195914729536,57.88731691256059,2678.363855931194,1.9760714285714283,0.0,100.0,0.019760714285714284,Pass,Moderate,Fail,Fail,10.0,0.3417128571881321,4186 MOV
3761,AUC,Quantal Linear,1.22511520423709,0.6261666699390498,8.059804418914519,0.10109848484848484,0.0,1.0,0.10109848484848484,Pass,Moderate,Fail,Fail,7.0,0.7807200583588266,3761 AUC
3759,MOV,Weibull,0.0,0.0,inf,14.12203391053391,0.0,100.0,0.1412203391053391,Pass,Moderate,Pass,Fail,7.0,0.22754898976351923,3759 MOV
3759,AUC,Log Probit,0.8724252838516994,0.12979882030742812,30.960172752263766,53.98570634920635,0.0,100.0,0.5398570634920635,Pass,Moderate,Pass,Pass,7.0,0.6904761904761905,3759 AUC
3756,MOV,Gamma,5.206396780910299,0.6241702000161136,898.9805271454162,22.98761038961039,0.0,100.0,0.22987610389610388,Pass,Moderate,Pass,Fail,7.0,0.9285714285714286,3756 MOV
3756,AUC,Log Probit,13.114763534669988,4.524529382529824,1546.817829252372,18.00561544011544,0.0,100.0,0.1800561544011544,Pass,Moderate,Pass,Fail,7.0,0.8095238095238095,3756 AUC
3771,AUC,Logistic,93.41313947497711,,98.4203896015688,16.75,0.0,100.0,0.1675,Pass,Moderate,Pass,Pass,6.0,0.6123724356957945,3771 AUC
3689,MOV,Quantal Linear,12.115111398581593,6.495604526959237,79.70305816809761,56.520833333333336,0.0,100.0,0.5652083333333333,Pass,Moderate,Pass,Pass,12.0,0.4751453732944537,3689 MOV
3409,AUC,Quantal Linear,2.1359410451600764,1.3038313953158545,14.05195773816427,1.8205102813852816,0.0,13.8,0.13192103488299142,Pass,Moderate,Pass,Fail,4.0,1.0,3409 AUC
4190,AUC,Log Probit,3.529677722436604,1.5108847536006096,102277020.67296222,26.112119047619046,0.0,100.0,0.2611211904761905,Pass,Moderate,Pass,Fail,10.0,0.30853250670279087,4190 AUC
5219,MOV,Gamma,0.6274011359809822,0.1644783544473581,1994.6738497822957,26.017996461153786,0.0,100.0,0.26017996461153786,Pass,Moderate,Pass,Fail,18.0,0.3205975553764961,5219 MOV
4190,MOV,Log Logistic,118.97423716897708,23.112255985194107,3175.57226194866,5.3809523809523805,0.0,100.0,0.05380952380952381,Pass,Moderate,Fail,Fail,10.0,0.494873945292627,4190 MOV
53,MOV,Log Logistic,32.51487131026117,17.197318653942823,198.2806428914001,22.514727678571425,0.0,100.0,0.22514727678571425,Pass,Moderate,Pass,Fail,20.0,0.5106012611081944,53 MOV
4210,AUC,Quantal Linear,3.364787737809419,1.090598681815377,22.1363109233419,5.207457142857142,0.0,11.1,0.46914028314028305,Pass,Moderate,Pass,Fail,8.0,0.24267994853915967,4210 AUC
3689,AUC,Quantal Linear,36.33650203672109,11.929124582221402,239.0510693774595,40.208333333333336,0.0,100.0,0.40208333333333335,Pass,Moderate,Pass,Fail,12.0,0.253444487872598,3689 AUC
4897,AUC,Gamma,29.609843406673917,4.080028227228213,111.33862146624443,41.90834523809524,0.0,100.0,0.41908345238095235,Pass,Moderate,Pass,Fail,12.0,0.47172817652486326,4897 AUC
4216,AUC,Log Probit,3.981170281199622,1.9976318897547662,2013.6773212305795,10.98827976190476,0.0,33.3,0.3299783712283712,Pass,Moderate,Pass,Fail,9.0,0.4498501023232478,4216 AUC
4297,MOV,Gamma,9.689350458891383,2.3911121689080588,176.46107022608436,4.952619047619047,0.0,100.0,0.04952619047619047,Pass,Moderate,Pass,Fail,10.0,0.24271195048676714,4297 MOV
3943,MOV,Gamma,3.5824215595348567,1.132800879860729,4.941918634270777,0.4343452380952381,0.0,3.7,0.11739060489060489,Pass,Moderate,Pass,Fail,7.0,0.3546040716334876,3943 MOV
3930,AUC,Quantal Linear,2.327269256215667,0.8248851333432387,15.310670351962205,0.5356750915750916,0.0,3.7,0.14477705177705177,Pass,Moderate,Pass,Fail,7.0,0.5060608273474739,3930 AUC
3930,MOV,Log Logistic,0.6661358273505107,0.14360301160900904,11.886494879248074,0.7176190476190476,0.0,3.7,0.19395109395109394,Pass,Moderate,Pass,Fail,7.0,0.785645785824378,3930 MOV
3931,AUC,Log Probit,3.2969885080396875,1.2134201571077827,4.502976353482518,0.1487875457875458,0.0,1.23,0.12096548438011853,Pass,Moderate,Fail,Fail,6.0,0.21428571428571427,3931 AUC
4840,MOV,Quantal Linear,21.5447985883685,12.753826449515895,141.73921135464968,33.863095238095234,0.0,100.0,0.3386309523809523,Pass,Moderate,Pass,Fail,12.0,0.7062129426337134,4840 MOV
4840,AUC,Gamma,57.65242902436334,9.21087635584555,347.6250101137756,23.485119047619044,0.0,100.0,0.23485119047619044,Pass,Moderate,Pass,Fail,12.0,0.49724515809884695,4840 AUC
4168,AUC,Log Logistic,0.07710590064571601,,1391.2029230635403,3.8469560439560433,0.0,11.1,0.3465726165726165,Pass,Moderate,Pass,Fail,8.0,0.4184137043778615,4168 AUC
4832,AUC,Log Logistic,0.590554216708668,,13569.592083986816,3.927833333333333,0.0,24.0,0.16365972222222222,Pass,Moderate,Pass,Fail,12.0,0.4564424502923089,4832 AUC
4832,MOV,Gamma,15.812085028489008,6.959479221035153,242.70859888635735,2.1365000000000003,0.0,24.0,0.08902083333333334,Pass,Moderate,Pass,Fail,12.0,0.4995702774497085,4832 MOV
3940,MOV,Quantal Linear,2.257018616716226,0.3283587386965819,14.848504497917682,0.2849642857142857,0.0,1.23,0.23167828106852498,Pass,Moderate,Fail,Fail,6.0,0.35714285714285715,3940 MOV
4833,AUC,Log Probit,1.7833439848679635,1.548039234716135,90.72448186059512,5.981216450216451,0.0,24.0,0.2492173520923521,Pass,Moderate,Pass,Fail,12.0,0.7851269461270698,4833 AUC
4839,AUC,Quantal Linear,18.022803953454158,8.146342587750253,118.56866557764832,11.177380952380954,0.0,40.0,0.2794345238095238,Pass,Moderate,Pass,Fail,12.0,0.5832192587535733,4839 AUC
4833,MOV,Gamma,25.47404660692774,2.7265190508977346,84.58705866328356,2.6099069264069263,0.0,24.0,0.10874612193362193,Pass,Moderate,Fail,Fail,12.0,0.2489686092503503,4833 MOV
4834,AUC,Gamma,8.051797153001415,2.1957659716559035,43.015211956830065,5.527202380952381,0.0,24.2,0.22839679260133805,Pass,Moderate,Pass,Fail,12.0,0.584832593118544,4834 AUC
4838,MOV,Weibull,0.011102631471013437,,7814.528844618954,39.2042251082251,0.0,100.0,0.39204225108225105,Pass,Moderate,Pass,Fail,12.0,0.2943606636161903,4838 MOV
4838,AUC,Gamma,0.3959576459584945,0.04973154564534851,1228.4920180036738,36.106653679653675,0.0,100.0,0.3610665367965368,Pass,Moderate,Pass,Fail,12.0,0.4484185810227945,4838 AUC
4837,MOV,Quantal Linear,31.26749174465571,11.645919288487976,205.70299614302982,3.553928571428571,0.0,45.4,0.0782803650094399,Pass,Moderate,Pass,Fail,12.0,0.4348788562753758,4837 MOV
4896,MOV,Gamma,0.43135860903818496,0.08379688603800875,1275.7587560566958,25.366666666666667,0.0,100.0,0.25366666666666665,Pass,Moderate,Pass,Fail,12.0,0.3757711122672262,4896 MOV
4835,AUC,Probit,9.916603635487053,8.062324650033066,29.56407467073195,4.681547619047619,0.0,24.2,0.19345238095238093,Pass,Moderate,Pass,Fail,12.0,0.7524384635121698,4835 AUC
4830,AUC,Quantal Linear,13.835619920674775,5.391872143158473,91.02196282391078,5.753809523809524,0.0,20.8,0.2766254578754579,Pass,Moderate,Pass,Fail,12.0,0.2562922681289388,4830 AUC
3929,AUC,Log Probit,2.3786413546719363,1.7660947480049543,639.6393772899225,23.372255494505495,0.0,100.0,0.23372255494505495,Pass,Moderate,Pass,Fail,10.0,0.5909090909090909,3929 AUC
4830,MOV,Weibull,0.0,0.0,inf,3.652619047619047,0.0,20.8,0.17560668498168494,Pass,Moderate,Pass,Fail,12.0,0.2928221486582099,4830 MOV
4894,AUC,Quantal Linear,35.44400188555827,16.371217570138597,233.17947735301513,33.087242424242426,0.0,100.0,0.33087242424242425,Pass,Moderate,Pass,Fail,12.0,0.38567639458873604,4894 AUC
4827,MOV,Quantal Linear,11.079169617768828,5.285326521757884,72.88779041706816,5.520880952380953,0.0,24.2,0.22813557654466748,Pass,Moderate,Pass,Fail,12.0,0.2576266245641682,4827 MOV
4896,AUC,Log Probit,2.8177013817862893,2.1264496157980193,322.8449996497298,29.200833333333335,0.0,100.0,0.29200833333333337,Pass,Moderate,Pass,Fail,12.0,0.40730037624399185,4896 AUC
4828,AUC,Gamma,0.0032089010802081623,0.001097536613358795,10.201943707388187,15.499002164502162,0.0,24.2,0.6404546348967836,Pass,Moderate,Pass,Pass,12.0,0.515974387688553,4828 AUC
4894,MOV,Gamma,0.40845428389290905,0.05964768796644131,1298.584003420478,32.795874458874465,0.0,100.0,0.32795874458874463,Pass,Moderate,Pass,Fail,12.0,0.2699734762121152,4894 MOV
4828,MOV,Quantal Linear,10.75108055905109,4.309093982859906,70.72935369527642,9.470458874458874,0.0,24.2,0.39134127580408573,Pass,Moderate,Pass,Fail,12.0,0.45707949519449187,4828 MOV
3926,MOV,Quantal Linear,2.7939574854533546,0.6280947394056271,18.380925164943353,0.7558285714285715,0.0,3.7,0.2042779922779923,Pass,Moderate,Pass,Fail,7.0,0.2754540402400496,3926 MOV
4835,MOV,Weibull,0.0,0.0,inf,4.765607142857142,0.0,24.2,0.19692591499409678,Pass,Moderate,Pass,Fail,12.0,0.3383772114466486,4835 MOV
4206,AUC,,,,,23.636363636363637,0.0,100.0,0.23636363636363636,Fail - other filter,Not Fit,Fail,Fail,,,4206 AUC
4296,AUC,,,,,0.5492946886446887,0.0,3.7,0.14845802395802396,Fail - correlation score filter,Not Fit,Fail,Fail,,,4296 AUC
4280,AUC,,,,,14.91900476190476,0.0,33.3,0.448018161018161,Fail - correlation score filter,Not Fit,Fail,Fail,,,4280 AUC
4279,MOV,,,,,0.39669047619047615,0.0,11.1,0.035737880737880735,Fail - correlation score filter,Not Fit,Fail,Fail,,,4279 MOV
4234,AUC,,,,,6.535252380952381,0.0,11.1,0.5887614757614757,Fail - GOF check,Not Fit,Fail,Fail,8.0,0.2761530448893886,4234 AUC
4234,MOV,,,,,0.21550000000000002,0.0,11.1,0.019414414414414417,Fail - correlation score filter,Not Fit,Fail,Fail,,,4234 MOV
4278,MOV,,,,,3.125,0.0,100.0,0.03125,Fail - other filter,Not Fit,Fail,Fail,,,4278 MOV
4210,MOV,,,,,0.07126071428571429,0.0,11.1,0.00641988416988417,Fail - correlation score filter,Not Fit,Fail,Fail,,,4210 MOV
4228,MOV,,,,,6.916515151515152,0.0,100.0,0.06916515151515151,Fail - correlation score filter,Not Fit,Fail,Fail,,,4228 MOV
4228,AUC,,,,,2.249311688311688,0.0,100.0,0.022493116883116882,Fail - correlation score filter,Not Fit,Fail,Fail,,,4228 AUC
4290,MOV,,,,,8.333333333333332,0.0,100.0,0.08333333333333331,Fail - other filter,Not Fit,Fail,Fail,,,4290 MOV
4278,AUC,,,,,6.666666666666667,0.0,100.0,0.06666666666666667,Fail - other filter,Not Fit,Fail,Fail,,,4278 AUC
4211,AUC,,,,,5.922357142857142,0.0,33.3,0.17784856284856285,Fail - correlation score filter,Not Fit,Fail,Fail,,,4211 AUC
4202,MOV,,,,,34.35897435897436,0.0,100.0,0.3435897435897436,Fail - other filter,Not Fit,Fail,Fail,,,4202 MOV
4202,AUC,,,,,41.53846153846153,0.0,100.0,0.41538461538461535,Fail - other filter,Not Fit,Fail,Fail,,,4202 AUC
4295,MOV,,,,,0.0,0.0,100.0,0.0,Fail - other filter,Not Fit,Fail,Fail,,,4295 MOV
4277,MOV,,,,,3.125,0.0,100.0,0.03125,Fail - other filter,Not Fit,Fail,Fail,,,4277 MOV
4276,MOV,,,,,0.0,0.0,100.0,0.0,Fail - other filter,Not Fit,Fail,Fail,,,4276 MOV
4276,AUC,,,,,9.791666666666666,0.0,100.0,0.09791666666666667,Fail - other filter,Not Fit,Fail,Fail,,,4276 AUC
4275,MOV,,,,,3.571428571428571,0.0,100.0,0.03571428571428571,Fail - other filter,Not Fit,Fail,Fail,,,4275 MOV
4229,AUC,,,,,73.51047032967033,0.0,100.0,0.7351047032967033,Fail - GOF check,Not Fit,Fail,Fail,8.0,0.47699162299076214,4229 AUC
4211,MOV,,,,,2.4955952380952375,0.0,33.3,0.07494279994279993,Fail - correlation score filter,Not Fit,Fail,Fail,,,4211 MOV
4226,AUC,,,,,44.166666666666664,0.0,100.0,0.44166666666666665,Fail - other filter,Not Fit,Fail,Fail,,,4226 AUC
4275,AUC,,,,,0.0,0.0,100.0,0.0,Fail - other filter,Not Fit,Fail,Fail,,,4275 AUC
4274,MOV,,,,,0.0,0.0,100.0,0.0,Fail - other filter,Not Fit,Fail,Fail,,,4274 MOV
4291,MOV,,,,,0.7644226190476191,0.0,11.1,0.06886690261690262,Fail - correlation score filter,Not Fit,Fail,Fail,,,4291 MOV
4274,AUC,,,,,9.375,0.0,100.0,0.09375,Fail - other filter,Not Fit,Fail,Fail,,,4274 AUC
4227,MOV,,,,,5.0696369047619045,0.0,33.3,0.1522413484913485,Fail - correlation score filter,Not Fit,Fail,Fail,,,4227 MOV
4273,MOV,,,,,3.571428571428571,0.0,100.0,0.03571428571428571,Fail - other filter,Not Fit,Fail,Fail,,,4273 MOV
4273,AUC,,,,,7.142857142857142,0.0,100.0,0.07142857142857142,Fail - other filter,Not Fit,Fail,Fail,,,4273 AUC
4272,MOV,,,,,0.25857509157509156,0.0,3.7,0.06988515988515988,Fail - correlation score filter,Not Fit,Fail,Fail,,,4272 MOV
4277,AUC,,,,,9.791666666666666,0.0,100.0,0.09791666666666667,Fail - other filter,Not Fit,Fail,Fail,,,4277 AUC
4204,MOV,,,,,24.358974358974358,0.0,100.0,0.24358974358974358,Fail - other filter,Not Fit,Fail,Fail,,,4204 MOV
4295,AUC,,,,,3.3333333333333335,0.0,100.0,0.03333333333333333,Fail - other filter,Not Fit,Fail,Fail,,,4295 AUC
4294,AUC,,,,,4.166666666666666,0.0,100.0,0.04166666666666666,Fail - other filter,Not Fit,Fail,Fail,,,4294 AUC
4206,MOV,,,,,25.757575757575758,0.0,100.0,0.25757575757575757,Fail - other filter,Not Fit,Fail,Fail,,,4206 MOV
4290,AUC,,,,,19.166666666666664,0.0,100.0,0.19166666666666665,Fail - other filter,Not Fit,Fail,Fail,,,4290 AUC
4207,AUC,,,,,26.969696969696965,0.0,100.0,0.26969696969696966,Fail - other filter,Not Fit,Fail,Fail,,,4207 AUC
4207,MOV,,,,,12.424242424242424,0.0,100.0,0.12424242424242424,Fail - other filter,Not Fit,Fail,Fail,,,4207 MOV
4208,AUC,,,,,19.886363636363637,0.0,100.0,0.19886363636363635,Fail - other filter,Not Fit,Fail,Fail,,,4208 AUC
4289,AUC,,,,,2.6359423076923068,0.0,11.1,0.2374722799722799,Fail - correlation score filter,Not Fit,Fail,Fail,,,4289 AUC
4288,MOV,,,,,0.27360897435897436,0.0,1.23,0.22244632061705233,Fail - correlation score filter,Not Fit,Fail,Fail,,,4288 MOV
4293,MOV,,,,,3.3333333333333335,0.0,100.0,0.03333333333333333,Fail - other filter,Not Fit,Fail,Fail,,,4293 MOV
4230,AUC,,,,,13.80952380952381,0.0,100.0,0.1380952380952381,Fail - other filter,Not Fit,Fail,Fail,,,4230 AUC
4204,AUC,,,,,38.205128205128204,0.0,100.0,0.382051282051282,Fail - other filter,Not Fit,Fail,Fail,,,4204 AUC
4287,MOV,,,,,30.76923076923077,0.0,100.0,0.3076923076923077,Fail - other filter,Not Fit,Fail,Fail,,,4287 MOV
4230,MOV,,,,,24.523809523809526,0.0,100.0,0.24523809523809526,Fail - other filter,Not Fit,Fail,Fail,,,4230 MOV
4287,AUC,,,,,14.358974358974358,0.0,100.0,0.14358974358974358,Fail - other filter,Not Fit,Fail,Fail,,,4287 AUC
4231,AUC,,,,,30.238095238095237,0.0,100.0,0.30238095238095236,Fail - other filter,Not Fit,Fail,Fail,,,4231 AUC
4294,MOV,,,,,4.166666666666666,0.0,100.0,0.04166666666666666,Fail - other filter,Not Fit,Fail,Fail,,,4294 MOV
4208,MOV,,,,,40.34090909090909,0.0,100.0,0.40340909090909094,Fail - other filter,Not Fit,Fail,Fail,,,4208 MOV
4212,AUC,,,,,3.2411071428571425,0.0,11.1,0.29199163449163446,Fail - correlation score filter,Not Fit,Fail,Fail,,,4212 AUC
4286,AUC,,,,,0.06654761904761905,0.0,33.3,0.001998426998426999,Fail - correlation score filter,Not Fit,Fail,Fail,,,4286 AUC
4292,MOV,,,,,0.0,0.0,100.0,0.0,Fail - other filter,Not Fit,Fail,Fail,,,4292 MOV
4226,MOV,,,,,31.666666666666664,0.0,100.0,0.31666666666666665,Fail - other filter,Not Fit,Fail,Fail,,,4226 MOV
4285,MOV,,,,,0.0,0.0,100.0,0.0,Fail - other filter,Not Fit,Fail,Fail,,,4285 MOV
4285,AUC,,,,,14.166666666666666,0.0,100.0,0.14166666666666666,Fail - other filter,Not Fit,Fail,Fail,,,4285 AUC
4284,MOV,,,,,0.0,0.0,100.0,0.0,Fail - other filter,Not Fit,Fail,Fail,,,4284 MOV
4284,AUC,,,,,13.333333333333334,0.0,100.0,0.13333333333333333,Fail - other filter,Not Fit,Fail,Fail,,,4284 AUC
4229,MOV,,,,,0.9077399267399268,0.0,100.0,0.009077399267399268,Fail - correlation score filter,Not Fit,Fail,Fail,,,4229 MOV
4283,MOV,,,,,0.0,0.0,100.0,0.0,Fail - other filter,Not Fit,Fail,Fail,,,4283 MOV
4283,AUC,,,,,10.0,0.0,100.0,0.1,Fail - other filter,Not Fit,Fail,Fail,,,4283 AUC
4231,MOV,,,,,0.0,0.0,100.0,0.0,Fail - other filter,Not Fit,Fail,Fail,,,4231 MOV
4292,AUC,,,,,0.0,0.0,100.0,0.0,Fail - other filter,Not Fit,Fail,Fail,,,4292 AUC
4209,MOV,,,,,13.60070238095238,0.0,100.0,0.1360070238095238,Fail - correlation score filter,Not Fit,Fail,Fail,,,4209 MOV
4293,AUC,,,,,0.0,0.0,100.0,0.0,Fail - other filter,Not Fit,Fail,Fail,,,4293 AUC
4282,AUC,,,,,14.207830952380952,0.0,100.0,0.1420783095238095,Fail - correlation score filter,Not Fit,Fail,Fail,,,4282 AUC
4245,MOV,,,,,10.0,0.0,100.0,0.1,Fail - other filter,Not Fit,Fail,Fail,,,4245 MOV
4271,MOV,,,,,3.8167261904761896,0.0,100.0,0.0381672619047619,Fail - correlation score filter,Not Fit,Fail,Fail,,,4271 MOV
4218,MOV,,,,,6.25,0.0,100.0,0.0625,Fail - other filter,Not Fit,Fail,Fail,,,4218 MOV
4242,MOV,,,,,6.25,0.0,100.0,0.0625,Fail - other filter,Not Fit,Fail,Fail,,,4242 MOV
4251,AUC,,,,,3.125,0.0,100.0,0.03125,Fail - other filter,Not Fit,Fail,Fail,,,4251 AUC
4251,MOV,,,,,0.0,0.0,100.0,0.0,Fail - other filter,Not Fit,Fail,Fail,,,4251 MOV
4252,AUC,,,,,0.9934404761904762,0.0,3.7,0.268497425997426,Fail - correlation score filter,Not Fit,Fail,Fail,,,4252 AUC
4223,MOV,,,,,14.285714285714285,0.0,100.0,0.14285714285714285,Fail - other filter,Not Fit,Fail,Fail,,,4223 MOV
4252,MOV,,,,,1.4941190476190476,0.0,3.7,0.4038159588159588,Fail - GOF check,Not Fit,Fail,Fail,7.0,0.29940656547831473,4252 MOV
4253,AUC,,,,,6.25,0.0,100.0,0.0625,Fail - other filter,Not Fit,Fail,Fail,,,4253 AUC
4253,MOV,,,,,0.0,0.0,100.0,0.0,Fail - other filter,Not Fit,Fail,Fail,,,4253 MOV
4254,AUC,,,,,0.0,0.0,100.0,0.0,Fail - other filter,Not Fit,Fail,Fail,,,4254 AUC
4254,MOV,,,,,0.0,0.0,100.0,0.0,Fail - other filter,Not Fit,Fail,Fail,,,4254 MOV
4218,AUC,,,,,46.875,0.0,100.0,0.46875,Fail - other filter,Not Fit,Fail,Fail,,,4218 AUC
4242,AUC,,,,,40.625,0.0,100.0,0.40625,Fail - other filter,Not Fit,Fail,Fail,,,4242 AUC
4256,AUC,,,,,3.571428571428571,0.0,100.0,0.03571428571428571,Fail - other filter,Not Fit,Fail,Fail,,,4256 AUC
4256,MOV,,,,,18.956043956043956,0.0,100.0,0.18956043956043955,Fail - other filter,Not Fit,Fail,Fail,,,4256 MOV
4257,AUC,,,,,10.238095238095237,0.0,100.0,0.10238095238095238,Fail - other filter,Not Fit,Fail,Fail,,,4257 AUC
4257,MOV,,,,,6.904761904761905,0.0,100.0,0.06904761904761905,Fail - other filter,Not Fit,Fail,Fail,,,4257 MOV
4219,AUC,,,,,0.6737532467532468,0.0,3.7,0.18209547209547208,Fail - correlation score filter,Not Fit,Fail,Fail,,,4219 AUC
4258,AUC,,,,,3.571428571428571,0.0,100.0,0.03571428571428571,Fail - other filter,Not Fit,Fail,Fail,,,4258 AUC
4219,MOV,,,,,0.0,0.0,3.7,0.0,Fail - correlation score filter,Not Fit,Fail,Fail,,,4219 MOV
4223,AUC,,,,,27.38095238095238,0.0,100.0,0.2738095238095238,Fail - other filter,Not Fit,Fail,Fail,,,4223 AUC
4245,AUC,,,,,41.45833333333333,0.0,100.0,0.4145833333333333,Fail - other filter,Not Fit,Fail,Fail,,,4245 AUC
4246,AUC,,,,,6.666666666666667,0.0,100.0,0.06666666666666667,Fail - other filter,Not Fit,Fail,Fail,,,4246 AUC
4244,MOV,,,,,0.082,0.0,11.1,0.007387387387387388,Fail - correlation score filter,Not Fit,Fail,Fail,,,4244 MOV
4246,MOV,,,,,6.25,0.0,100.0,0.0625,Fail - other filter,Not Fit,Fail,Fail,,,4246 MOV
4222,AUC,,,,,30.0,0.0,100.0,0.3,Fail - other filter,Not Fit,Fail,Fail,,,4222 AUC
4221,MOV,,,,,0.058066502463054184,0.0,3.7,0.01569364931433897,Fail - correlation score filter,Not Fit,Fail,Fail,,,4221 MOV
4247,AUC,,,,,0.09059652014652014,0.0,1.23,0.07365570743619523,Fail - correlation score filter,Not Fit,Fail,Fail,,,4247 AUC
4247,MOV,,,,,0.07233992673992673,0.0,1.23,0.05881294856904612,Fail - correlation score filter,Not Fit,Fail,Fail,,,4247 MOV
4243,MOV,,,,,7.6923076923076925,0.0,100.0,0.07692307692307693,Fail - other filter,Not Fit,Fail,Fail,,,4243 MOV
4221,AUC,,,,,0.27076046798029557,0.0,3.7,0.07317850485953933,Fail - correlation score filter,Not Fit,Fail,Fail,,,4221 AUC
4222,MOV,,,,,3.3333333333333335,0.0,100.0,0.03333333333333333,Fail - other filter,Not Fit,Fail,Fail,,,4222 MOV
4248,MOV,,,,,0.2168404761904762,0.0,11.1,0.019535178035178038,Fail - correlation score filter,Not Fit,Fail,Fail,,,4248 MOV
4249,AUC,,,,,9.791666666666666,0.0,100.0,0.09791666666666667,Fail - other filter,Not Fit,Fail,Fail,,,4249 AUC
4249,MOV,,,,,0.0,0.0,100.0,0.0,Fail - other filter,Not Fit,Fail,Fail,,,4249 MOV
4250,AUC,,,,,6.666666666666667,0.0,100.0,0.06666666666666667,Fail - other filter,Not Fit,Fail,Fail,,,4250 AUC
4250,MOV,,,,,3.8461538461538463,0.0,100.0,0.038461538461538464,Fail - other filter,Not Fit,Fail,Fail,,,4250 MOV
4220,AUC,,,,,8.019119047619046,0.0,33.3,0.2408143858143858,Fail - correlation score filter,Not Fit,Fail,Fail,,,4220 AUC
4243,AUC,,,,,47.355769230769226,0.0,100.0,0.4735576923076923,Fail - other filter,Not Fit,Fail,Fail,,,4243 AUC
4236,AUC,,,,,20.0,0.0,100.0,0.2,Fail - other filter,Not Fit,Fail,Fail,,,4236 AUC
4217,AUC,,,,,12.612454212454214,0.0,100.0,0.12612454212454213,Fail - correlation score filter,Not Fit,Fail,Fail,,,4217 AUC
4241,MOV,,,,,0.09982965367965367,0.0,100.0,0.0009982965367965368,Fail - correlation score filter,Not Fit,Fail,Fail,,,4241 MOV
4267,AUC,,,,,12.5,0.0,100.0,0.125,Fail - other filter,Not Fit,Fail,Fail,,,4267 AUC
4267,MOV,,,,,3.125,0.0,100.0,0.03125,Fail - other filter,Not Fit,Fail,Fail,,,4267 MOV
4238,AUC,,,,,7.5,0.0,100.0,0.075,Fail - other filter,Not Fit,Fail,Fail,,,4238 AUC
4237,MOV,,,,,3.8461538461538463,0.0,100.0,0.038461538461538464,Fail - other filter,Not Fit,Fail,Fail,,,4237 MOV
4268,AUC,,,,,0.16376190476190478,0.0,1.23,0.13313975996902827,Fail - correlation score filter,Not Fit,Fail,Fail,,,4268 AUC
4268,MOV,,,,,0.031111904761904757,0.0,1.23,0.025294231513743704,Fail - correlation score filter,Not Fit,Fail,Fail,,,4268 MOV
4269,AUC,,,,,19.791666666666664,0.0,100.0,0.19791666666666663,Fail - other filter,Not Fit,Fail,Fail,,,4269 AUC
4269,MOV,,,,,3.125,0.0,100.0,0.03125,Fail - other filter,Not Fit,Fail,Fail,,,4269 MOV
4224,MOV,,,,,7.142857142857142,0.0,100.0,0.07142857142857142,Fail - other filter,Not Fit,Fail,Fail,,,4224 MOV
4225,AUC,,,,,35.416666666666664,0.0,100.0,0.35416666666666663,Fail - other filter,Not Fit,Fail,Fail,,,4225 AUC
4213,MOV,,,,,0.007215488215488217,0.0,0.41,0.017598751745093212,Fail - correlation score filter,Not Fit,Fail,Fail,,,4213 MOV
4237,AUC,,,,,7.179487179487179,0.0,100.0,0.07179487179487179,Fail - other filter,Not Fit,Fail,Fail,,,4237 AUC
4225,MOV,,,,,0.0,0.0,100.0,0.0,Fail - other filter,Not Fit,Fail,Fail,,,4225 MOV
4270,AUC,,,,,0.18255952380952378,0.0,1.23,0.14842237708091366,Fail - correlation score filter,Not Fit,Fail,Fail,,,4270 AUC
4213,AUC,,,,,0.01687037037037037,0.0,0.41,0.04114724480578139,Fail - correlation score filter,Not Fit,Fail,Fail,,,4213 AUC
4212,MOV,,,,,0.18904761904761902,0.0,11.1,0.01703131703131703,Fail - correlation score filter,Not Fit,Fail,Fail,,,4212 MOV
4271,AUC,,,,,25.758321428571428,0.0,100.0,0.2575832142857143,Fail - GOF check,Not Fit,Fail,Fail,10.0,0.36073435433200624,4271 AUC
4266,MOV,,,,,3.125,0.0,100.0,0.03125,Fail - other filter,Not Fit,Fail,Fail,,,4266 MOV
4258,MOV,,,,,7.417582417582418,0.0,100.0,0.07417582417582418,Fail - other filter,Not Fit,Fail,Fail,,,4258 MOV
4266,AUC,,,,,9.791666666666666,0.0,100.0,0.09791666666666667,Fail - other filter,Not Fit,Fail,Fail,,,4266 AUC
4265,AUC,,,,,19.375,0.0,100.0,0.19375,Fail - other filter,Not Fit,Fail,Fail,,,4265 AUC
4216,MOV,,,,,1.873010714285714,0.0,33.3,0.05624656799656799,Fail - correlation score filter,Not Fit,Fail,Fail,,,4216 MOV
4241,AUC,,,,,11.21773787878788,0.0,100.0,0.1121773787878788,Fail - correlation score filter,Not Fit,Fail,Fail,,,4241 AUC
4259,AUC,,,,,0.5025357142857143,0.0,3.7,0.13582046332046332,Fail - correlation score filter,Not Fit,Fail,Fail,,,4259 AUC
4239,MOV,,,,,3.3333333333333335,0.0,100.0,0.03333333333333333,Fail - other filter,Not Fit,Fail,Fail,,,4239 MOV
4259,MOV,,,,,0.011928571428571429,0.0,3.7,0.003223938223938224,Fail - correlation score filter,Not Fit,Fail,Fail,,,4259 MOV
4224,AUC,,,,,27.38095238095238,0.0,100.0,0.2738095238095238,Fail - other filter,Not Fit,Fail,Fail,,,4224 AUC
4239,AUC,,,,,10.0,0.0,100.0,0.1,Fail - other filter,Not Fit,Fail,Fail,,,4239 AUC
4260,AUC,,,,,6.696428571428571,0.0,100.0,0.06696428571428571,Fail - other filter,Not Fit,Fail,Fail,,,4260 AUC
4260,MOV,,,,,16.07142857142857,0.0,100.0,0.1607142857142857,Fail - other filter,Not Fit,Fail,Fail,,,4260 MOV
4261,AUC,,,,,16.041666666666664,0.0,100.0,0.16041666666666665,Fail - other filter,Not Fit,Fail,Fail,,,4261 AUC
4215,MOV,,,,,0.005401785714285715,0.0,0.14,0.038584183673469385,Fail - correlation score filter,Not Fit,Fail,Fail,,,4215 MOV
4261,MOV,,,,,6.458333333333332,0.0,100.0,0.06458333333333333,Fail - other filter,Not Fit,Fail,Fail,,,4261 MOV
4262,AUC,,,,,9.375,0.0,100.0,0.09375,Fail - other filter,Not Fit,Fail,Fail,,,4262 AUC
4262,MOV,,,,,3.125,0.0,100.0,0.03125,Fail - other filter,Not Fit,Fail,Fail,,,4262 MOV
4238,MOV,,,,,0.0,0.0,100.0,0.0,Fail - other filter,Not Fit,Fail,Fail,,,4238 MOV
4263,AUC,,,,,20.089285714285715,0.0,100.0,0.20089285714285715,Fail - other filter,Not Fit,Fail,Fail,,,4263 AUC
4263,MOV,,,,,10.267857142857142,0.0,100.0,0.10267857142857142,Fail - other filter,Not Fit,Fail,Fail,,,4263 MOV
4265,MOV,,,,,6.458333333333332,0.0,100.0,0.06458333333333333,Fail - other filter,Not Fit,Fail,Fail,,,4265 MOV
4236,MOV,,,,,0.0,0.0,100.0,0.0,Fail - other filter,Not Fit,Fail,Fail,,,4236 MOV
1016,AUC,,,,,40.29066666666667,0.0,100.0,0.4029066666666667,Fail - correlation score filter,Not Fit,Fail,Fail,,,1016 AUC
4298,MOV,,,,,0.956896551724138,0.0,11.1,0.08620689655172414,Fail - other filter,Not Fit,Fail,Fail,,,4298 MOV
4796,MOV,,,,,0.46723809523809534,0.0,1.9,0.2459147869674186,Fail - correlation score filter,Not Fit,Fail,Fail,,,4796 MOV
4797,AUC,,,,,0.24880952380952376,0.0,1.9,0.13095238095238093,Fail - correlation score filter,Not Fit,Fail,Fail,,,4797 AUC
4812,MOV,,,,,1.4995346320346319,0.0,8.5,0.17641583906289787,Fail - correlation score filter,Not Fit,Fail,Fail,,,4812 MOV
4813,MOV,,,,,7.280766233766234,0.0,27.7,0.2628435463453514,Fail - correlation score filter,Not Fit,Fail,Fail,,,4813 MOV
4814,MOV,,,,,3.066547619047619,0.0,29.3,0.10466032829514058,Fail - correlation score filter,Not Fit,Fail,Fail,,,4814 MOV
4815,AUC,,,,,6.242261904761905,0.0,21.3,0.29306393919069973,Fail - correlation score filter,Not Fit,Fail,Fail,,,4815 AUC
4815,MOV,,,,,5.111706349206349,0.0,21.3,0.23998621357776287,Fail - correlation score filter,Not Fit,Fail,Fail,,,4815 MOV
4816,MOV,,,,,5.882309523809524,0.0,27.7,0.21235774454186007,Fail - correlation score filter,Not Fit,Fail,Fail,,,4816 MOV
4817,AUC,,,,,20.969452380952383,0.0,45.2,0.4639259376316899,Fail - other filter,Not Fit,Fail,Fail,,,4817 AUC
4817,MOV,,,,,16.671690476190477,0.0,45.2,0.36884270965023175,Fail - correlation score filter,Not Fit,Fail,Fail,,,4817 MOV
4819,AUC,,,,,3.436525974025974,0.0,29.3,0.11728757590532335,Fail - correlation score filter,Not Fit,Fail,Fail,,,4819 AUC
4819,MOV,,,,,6.508333333333334,0.0,29.3,0.222127417519909,Fail - correlation score filter,Not Fit,Fail,Fail,,,4819 MOV
4820,AUC,,,,,4.15491341991342,0.0,24.2,0.17169063718650496,Fail - correlation score filter,Not Fit,Fail,Fail,,,4820 AUC
4822,AUC,,,,,2.217654761904762,0.0,27.7,0.08005973869692282,Fail - correlation score filter,Not Fit,Fail,Fail,,,4822 AUC
4822,MOV,,,,,3.091983766233766,0.0,27.7,0.11162396267991936,Fail - correlation score filter,Not Fit,Fail,Fail,,,4822 MOV
4823,MOV,,,,,15.990400432900433,0.0,45.4,0.35221146327974523,Fail - correlation score filter,Not Fit,Fail,Fail,,,4823 MOV
4824,AUC,,,,,2.6689285714285713,0.0,25.5,0.10466386554621848,Fail - correlation score filter,Not Fit,Fail,Fail,,,4824 AUC
4825,MOV,,,,,1.6745000000000003,0.0,24.2,0.06919421487603307,Fail - correlation score filter,Not Fit,Fail,Fail,,,4825 MOV
4826,AUC,,,,,0.8964285714285714,0.0,23.2,0.03863916256157635,Fail - correlation score filter,Not Fit,Fail,Fail,,,4826 AUC
4827,AUC,,,,,3.1493333333333333,0.0,24.2,0.13013774104683196,Fail - correlation score filter,Not Fit,Fail,Fail,,,4827 AUC
4831,AUC,,,,,4.963095238095238,0.0,24.2,0.20508658008658007,Fail - correlation score filter,Not Fit,Fail,Fail,,,4831 AUC
4831,MOV,,,,,4.953095238095239,0.0,24.2,0.20467335694608427,Fail - correlation score filter,Not Fit,Fail,Fail,,,4831 MOV
4834,MOV,,,,,3.5981190476190474,0.0,24.2,0.14868260527351437,Fail - correlation score filter,Not Fit,Fail,Fail,,,4834 MOV
4795,MOV,,,,,0.4072214285714285,0.0,2.4,0.16967559523809522,Fail - GOF check,Not Fit,Fail,Fail,12.0,0.40332107268017586,4795 MOV
4836,AUC,,,,,2.1096190476190477,0.0,22.0,0.0958917748917749,Fail - correlation score filter,Not Fit,Fail,Fail,,,4836 AUC
4795,AUC,,,,,0.5409190476190476,0.0,2.4,0.22538293650793653,Fail - correlation score filter,Not Fit,Fail,Fail,,,4795 AUC
4792,MOV,,,,,0.28833333333333333,0.0,1.9,0.15175438596491228,Fail - correlation score filter,Not Fit,Fail,Fail,,,4792 MOV
4771,AUC,,,,,45.57851731601732,0.0,100.0,0.4557851731601732,Fail - correlation score filter,Not Fit,Fail,Fail,,,4771 AUC
4771,MOV,,,,,10.89887445887446,0.0,100.0,0.1089887445887446,Fail - correlation score filter,Not Fit,Fail,Fail,,,4771 MOV
4772,AUC,,,,,26.918690476190477,0.0,100.0,0.26918690476190477,Fail - correlation score filter,Not Fit,Fail,Fail,,,4772 AUC
4772,MOV,,,,,29.343809523809526,0.0,100.0,0.2934380952380953,Fail - correlation score filter,Not Fit,Fail,Fail,,,4772 MOV
4773,MOV,,,,,26.16899358974359,0.0,100.0,0.2616899358974359,Fail - correlation score filter,Not Fit,Fail,Fail,,,4773 MOV
4774,AUC,,,,,38.01347402597402,0.0,100.0,0.3801347402597402,Fail - correlation score filter,Not Fit,Fail,Fail,,,4774 AUC
4775,AUC,,,,,5.1288809523809515,0.0,36.6,0.1401333593546708,Fail - correlation score filter,Not Fit,Fail,Fail,,,4775 AUC
4775,MOV,,,,,4.782968253968253,0.0,36.6,0.13068219273137302,Fail - correlation score filter,Not Fit,Fail,Fail,,,4775 MOV
4777,AUC,,,,,23.28655844155844,0.0,100.0,0.23286558441558441,Fail - correlation score filter,Not Fit,Fail,Fail,,,4777 AUC
4778,MOV,,,,,22.332976190476188,0.0,100.0,0.2233297619047619,Fail - correlation score filter,Not Fit,Fail,Fail,,,4778 MOV
4779,AUC,,,,,17.1575,0.0,100.0,0.17157499999999998,Fail - correlation score filter,Not Fit,Fail,Fail,,,4779 AUC
4780,MOV,,,,,12.63070779220779,0.0,100.0,0.1263070779220779,Fail - correlation score filter,Not Fit,Fail,Fail,,,4780 MOV
4783,AUC,,,,,0.4602182539682539,0.0,1.9,0.24222013366750206,Fail - correlation score filter,Not Fit,Fail,Fail,,,4783 AUC
4783,MOV,,,,,0.3278174603174603,0.0,1.9,0.17253550543024226,Fail - correlation score filter,Not Fit,Fail,Fail,,,4783 MOV
4784,AUC,,,,,0.2980654761904762,0.0,1.9,0.15687656641604011,Fail - correlation score filter,Not Fit,Fail,Fail,,,4784 AUC
4784,MOV,,,,,0.44788690476190474,0.0,1.9,0.2357299498746867,Fail - correlation score filter,Not Fit,Fail,Fail,,,4784 MOV
4786,MOV,,,,,0.46285714285714286,0.0,1.9,0.243609022556391,Fail - correlation score filter,Not Fit,Fail,Fail,,,4786 MOV
4787,AUC,,,,,0.6652402597402598,0.0,2.6,0.2558616383616384,Fail - correlation score filter,Not Fit,Fail,Fail,,,4787 AUC
4788,MOV,,,,,0.1937229437229437,0.0,1.9,0.10195944406470722,Fail - correlation score filter,Not Fit,Fail,Fail,,,4788 MOV
4789,MOV,,,,,0.37329761904761904,0.0,2.6,0.1435760073260073,Fail - correlation score filter,Not Fit,Fail,Fail,,,4789 MOV
4790,AUC,,,,,0.33859307359307356,0.0,1.9,0.17820688083845979,Fail - correlation score filter,Not Fit,Fail,Fail,,,4790 AUC
4790,MOV,,,,,0.3258928571428571,0.0,1.9,0.17152255639097744,Fail - GOF check,Not Fit,Fail,Fail,12.0,0.6782367663050285,4790 MOV
4792,AUC,,,,,0.3430357142857142,0.0,1.9,0.18054511278195487,Fail - correlation score filter,Not Fit,Fail,Fail,,,4792 AUC
4793,MOV,,,,,0.035833333333333335,0.0,1.0,0.035833333333333335,Fail - correlation score filter,Not Fit,Fail,Fail,,,4793 MOV
4770,MOV,,,,,30.18297241300366,0.0,100.0,0.3018297241300366,Fail - correlation score filter,Not Fit,Fail,Fail,,,4770 MOV
4836,MOV,,,,,5.999380952380952,0.0,22.0,0.2726991341991342,Fail - GOF check,Not Fit,Fail,Fail,12.0,0.4325085282173683,4836 MOV
4839,MOV,,,,,8.912554112554112,0.0,40.0,0.2228138528138528,Fail - correlation score filter,Not Fit,Fail,Fail,,,4839 MOV
4915,MOV,,,,,17.188579365079367,0.0,100.0,0.17188579365079368,Fail - correlation score filter,Not Fit,Fail,Fail,,,4915 MOV
4978,AUC,,,,,9.579880952380952,0.0,100.0,0.09579880952380952,Fail - correlation score filter,Not Fit,Fail,Fail,,,4978 AUC
4978,MOV,,,,,18.306261904761904,0.0,100.0,0.18306261904761903,Fail - correlation score filter,Not Fit,Fail,Fail,,,4978 MOV
5115,AUC,,,,,8.857886904761905,0.0,50.0,0.1771577380952381,Fail - GOF check,Not Fit,Fail,Fail,5.0,0.37142857142857144,5115 AUC
5115,MOV,,,,,2.3744419642857144,0.0,50.0,0.04748883928571429,Fail - correlation score filter,Not Fit,Fail,Fail,,,5115 MOV
5219,AUC,,,,,23.760412070568318,0.0,100.0,0.23760412070568318,Fail - GOF check,Not Fit,Fail,Fail,18.0,0.3257244451159381,5219 AUC
53,AUC,,,,,37.53665922619048,0.0,100.0,0.3753665922619048,Fail - GOF check,Not Fit,Fail,Fail,20.0,0.41403984579729625,53 AUC
5360,AUC,,,,,16.047857142857143,0.0,50.0,0.3209571428571429,Fail - correlation score filter,Not Fit,Fail,Fail,,,5360 AUC
5670,AUC,,,,,5.666428571428571,0.0,62.8,0.090229754322111,Fail - correlation score filter,Not Fit,Fail,Fail,,,5670 AUC
5670,MOV,,,,,2.2998809523809522,0.0,62.8,0.03662230815893236,Fail - correlation score filter,Not Fit,Fail,Fail,,,5670 MOV
60,AUC,,,,,1.9210737179487178,0.0,25.0,0.07684294871794871,Fail - correlation score filter,Not Fit,Fail,Fail,,,60 AUC
60,MOV,,,,,2.9146634615384617,0.0,25.0,0.11658653846153846,Fail - correlation score filter,Not Fit,Fail,Fail,,,60 MOV
646,AUC,,,,,9.583333333333332,0.0,100.0,0.09583333333333333,Fail - other filter,Not Fit,Fail,Fail,,,646 AUC
646,MOV,,,,,15.833333333333332,0.0,100.0,0.15833333333333333,Fail - other filter,Not Fit,Fail,Fail,,,646 MOV
66,AUC,,,,,64.97969561688312,0.0,100.0,0.6497969561688312,Fail - correlation score filter,Not Fit,Fail,Fail,,,66 AUC
66,MOV,,,,,42.07254599567099,0.0,100.0,0.4207254599567099,Fail - GOF check,Not Fit,Fail,Fail,20.0,0.4628921945969625,66 MOV
660,AUC,,,,,25.83333333333333,0.0,100.0,0.2583333333333333,Fail - other filter,Not Fit,Fail,Fail,,,660 AUC
660,MOV,,,,,3.3333333333333335,0.0,100.0,0.03333333333333333,Fail - other filter,Not Fit,Fail,Fail,,,660 MOV
69,AUC,,,,,16.90475,0.0,100.0,0.1690475,Fail - GOF check,Not Fit,Fail,Fail,20.0,0.2871103485474831,69 AUC
700,AUC,,,,,15.833333333333332,0.0,100.0,0.15833333333333333,Fail - other filter,Not Fit,Fail,Fail,,,700 AUC
700,MOV,,,,,0.0,0.0,100.0,0.0,Fail - other filter,Not Fit,Fail,Fail,,,700 MOV
702,AUC,,,,,1.9652777777777777,0.0,20.0,0.09826388888888889,Fail - correlation score filter,Not Fit,Fail,Fail,,,702 AUC
702,MOV,,,,,1.0138888888888888,0.0,20.0,0.050694444444444445,Fail - correlation score filter,Not Fit,Fail,Fail,,,702 MOV
4915,AUC,,,,,20.026960317460315,0.0,100.0,0.20026960317460316,Fail - correlation score filter,Not Fit,Fail,Fail,,,4915 AUC
4837,AUC,,,,,1.9153571428571423,0.0,45.4,0.04218848332284455,Fail - correlation score filter,Not Fit,Fail,Fail,,,4837 AUC
4914,MOV,,,,,42.19427777777778,0.0,100.0,0.4219427777777778,Fail - correlation score filter,Not Fit,Fail,Fail,,,4914 MOV
4913,AUC,,,,,17.671833333333336,0.0,36.6,0.4828369763205829,Fail - GOF check,Not Fit,Fail,Fail,9.0,0.3039527718400323,4913 AUC
488,AUC,,,,,13.942307692307693,0.0,100.0,0.13942307692307693,Fail - other filter,Not Fit,Fail,Fail,,,488 AUC
488,MOV,,,,,16.346153846153847,0.0,100.0,0.16346153846153846,Fail - other filter,Not Fit,Fail,Fail,,,488 MOV
4895,AUC,,,,,24.57613095238095,0.0,100.0,0.2457613095238095,Fail - correlation score filter,Not Fit,Fail,Fail,,,4895 AUC
4895,MOV,,,,,21.196369047619047,0.0,100.0,0.21196369047619046,Fail - correlation score filter,Not Fit,Fail,Fail,,,4895 MOV
4897,MOV,,,,,29.21667857142857,0.0,100.0,0.2921667857142857,Fail - correlation score filter,Not Fit,Fail,Fail,,,4897 MOV
4898,MOV,,,,,32.039833333333334,0.0,100.0,0.32039833333333334,Fail - GOF check,Not Fit,Fail,Fail,12.0,0.24209101306752098,4898 MOV
4899,AUC,,,,,24.67892857142857,0.0,100.0,0.2467892857142857,Fail - GOF check,Not Fit,Fail,Fail,12.0,0.21024015892251804,4899 AUC
4899,MOV,,,,,19.507571428571428,0.0,100.0,0.19507571428571427,Fail - correlation score filter,Not Fit,Fail,Fail,,,4899 MOV
49,MOV,,,,,0.40041666666666664,0.0,11.2,0.03575148809523809,Fail - correlation score filter,Not Fit,Fail,Fail,,,49 MOV
4900,AUC,,,,,18.339880952380952,0.0,100.0,0.18339880952380952,Fail - correlation score filter,Not Fit,Fail,Fail,,,4900 AUC
4900,MOV,,,,,15.987770146520145,0.0,100.0,0.15987770146520144,Fail - correlation score filter,Not Fit,Fail,Fail,,,4900 MOV
4902,AUC,,,,,29.56140476190476,0.0,100.0,0.29561404761904764,Fail - correlation score filter,Not Fit,Fail,Fail,,,4902 AUC
4902,MOV,,,,,29.494857142857146,0.0,100.0,0.29494857142857145,Fail - correlation score filter,Not Fit,Fail,Fail,,,4902 MOV
4904,AUC,,,,,3.927822510822511,0.0,10.0,0.39278225108225107,Fail - correlation score filter,Not Fit,Fail,Fail,,,4904 AUC
4905,MOV,,,,,6.257404761904763,0.0,22.0,0.2844274891774892,Fail - correlation score filter,Not Fit,Fail,Fail,,,4905 MOV
4906,AUC,,,,,10.161007936507936,0.0,36.6,0.27762316766415124,Fail - correlation score filter,Not Fit,Fail,Fail,,,4906 AUC
4906,MOV,,,,,3.270452380952381,0.0,36.6,0.08935662243039291,Fail - correlation score filter,Not Fit,Fail,Fail,,,4906 MOV
4907,AUC,,,,,17.670677083333334,0.0,100.0,0.17670677083333333,Fail - GOF check,Not Fit,Fail,Fail,17.0,0.29560759041856627,4907 AUC
4908,AUC,,,,,17.598492063492063,0.0,100.0,0.17598492063492063,Fail - correlation score filter,Not Fit,Fail,Fail,,,4908 AUC
4908,MOV,,,,,26.915337301587304,0.0,100.0,0.26915337301587305,Fail - correlation score filter,Not Fit,Fail,Fail,,,4908 MOV
4909,AUC,,,,,0.5017142857142858,0.0,2.1,0.23891156462585036,Fail - correlation score filter,Not Fit,Fail,Fail,,,4909 AUC
4910,MOV,,,,,1.7573809523809523,0.0,20.0,0.08786904761904761,Fail - correlation score filter,Not Fit,Fail,Fail,,,4910 MOV
4912,AUC,,,,,3.631852813852813,0.0,50.0,0.07263705627705626,Fail - correlation score filter,Not Fit,Fail,Fail,,,4912 AUC
4913,MOV,,,,,22.943563492063493,0.0,36.6,0.6268733194552867,Fail - correlation score filter,Not Fit,Fail,Fail,,,4913 MOV
4298,AUC,,,,,5.932758620689654,0.0,11.1,0.5344827586206896,Fail - other filter,Not Fit,Fail,Fail,,,4298 AUC
4769,MOV,,,,,9.694015567765566,0.0,100.0,0.09694015567765567,Fail - correlation score filter,Not Fit,Fail,Fail,,,4769 MOV
4767,AUC,,,,,17.04904761904762,0.0,100.0,0.1704904761904762,Fail - correlation score filter,Not Fit,Fail,Fail,,,4767 AUC
4317,MOV,,,,,0.7781904761904762,0.0,11.1,0.07010725010725011,Fail - correlation score filter,Not Fit,Fail,Fail,,,4317 MOV
4321,AUC,,,,,22.708333333333332,0.0,100.0,0.22708333333333333,Fail - other filter,Not Fit,Fail,Fail,,,4321 AUC
4321,MOV,,,,,3.3333333333333335,0.0,100.0,0.03333333333333333,Fail - other filter,Not Fit,Fail,Fail,,,4321 MOV
4322,AUC,,,,,25.0,0.0,100.0,0.25,Fail - other filter,Not Fit,Fail,Fail,,,4322 AUC
4322,MOV,,,,,21.875,0.0,100.0,0.21875,Fail - other filter,Not Fit,Fail,Fail,,,4322 MOV
4323,AUC,,,,,22.916666666666664,0.0,100.0,0.22916666666666663,Fail - other filter,Not Fit,Fail,Fail,,,4323 AUC
4323,MOV,,,,,6.458333333333332,0.0,100.0,0.06458333333333333,Fail - other filter,Not Fit,Fail,Fail,,,4323 MOV
4324,AUC,,,,,19.090909090909093,0.0,100.0,0.19090909090909094,Fail - other filter,Not Fit,Fail,Fail,,,4324 AUC
4324,MOV,,,,,4.545454545454546,0.0,100.0,0.045454545454545456,Fail - other filter,Not Fit,Fail,Fail,,,4324 MOV
4327,AUC,,,,,6.666666666666667,0.0,100.0,0.06666666666666667,Fail - other filter,Not Fit,Fail,Fail,,,4327 AUC
4327,MOV,,,,,0.0,0.0,100.0,0.0,Fail - other filter,Not Fit,Fail,Fail,,,4327 MOV
4354,AUC,,,,,0.06749999999999999,0.0,100.0,0.0006749999999999999,Fail - correlation score filter,Not Fit,Fail,Fail,,,4354 AUC
4354,MOV,,,,,30.8925,0.0,100.0,0.308925,Fail - correlation score filter,Not Fit,Fail,Fail,,,4354 MOV
4360,AUC,,,,,2.4675,0.0,100.0,0.024675,Fail - correlation score filter,Not Fit,Fail,Fail,,,4360 AUC
4360,MOV,,,,,0.0,0.0,100.0,0.0,Fail - correlation score filter,Not Fit,Fail,Fail,,,4360 MOV
4375,AUC,,,,,0.0,0.0,66.5,0.0,Fail - correlation score filter,Not Fit,Fail,Fail,,,4375 AUC
4375,MOV,,,,,0.0,0.0,66.5,0.0,Fail - correlation score filter,Not Fit,Fail,Fail,,,4375 MOV
4380,AUC,,,,,16.6625,0.0,66.5,0.2505639097744361,Fail - correlation score filter,Not Fit,Fail,Fail,,,4380 AUC
4439,AUC,,,,,0.15849999999999997,0.0,100.0,0.0015849999999999998,Fail - correlation score filter,Not Fit,Fail,Fail,,,4439 AUC
4440,AUC,,,,,0.0,0.0,66.5,0.0,Fail - correlation score filter,Not Fit,Fail,Fail,,,4440 AUC
4440,MOV,,,,,0.0,0.0,66.5,0.0,Fail - correlation score filter,Not Fit,Fail,Fail,,,4440 MOV
4441,AUC,,,,,2.7634999999999996,0.0,100.0,0.027634999999999996,Fail - correlation score filter,Not Fit,Fail,Fail,,,4441 AUC
4441,MOV,,,,,13.863499999999997,0.0,100.0,0.13863499999999995,Fail - correlation score filter,Not Fit,Fail,Fail,,,4441 MOV
4317,AUC,,,,,1.3859304029304027,0.0,11.1,0.12485859485859484,Fail - correlation score filter,Not Fit,Fail,Fail,,,4317 AUC
4442,AUC,,,,,0.0,0.046,33.3,0.0,Fail - correlation score filter,Not Fit,Fail,Fail,,,4442 AUC
4315,MOV,,,,,9.4831,0.0,100.0,0.094831,Fail - correlation score filter,Not Fit,Fail,Fail,,,4315 MOV
4314,MOV,,,,,1.0172738095238096,0.0,3.7,0.2749388674388675,Fail - correlation score filter,Not Fit,Fail,Fail,,,4314 MOV
4300,AUC,,,,,4.545454545454546,0.0,100.0,0.045454545454545456,Fail - other filter,Not Fit,Fail,Fail,,,4300 AUC
4300,MOV,,,,,0.0,0.0,100.0,0.0,Fail - other filter,Not Fit,Fail,Fail,,,4300 MOV
4301,AUC,,,,,5.570922619047619,0.0,100.0,0.05570922619047619,Fail - correlation score filter,Not Fit,Fail,Fail,,,4301 AUC
4302,AUC,,,,,6.904761904761905,0.0,100.0,0.06904761904761905,Fail - other filter,Not Fit,Fail,Fail,,,4302 AUC
4302,MOV,,,,,6.904761904761905,0.0,100.0,0.06904761904761905,Fail - other filter,Not Fit,Fail,Fail,,,4302 MOV
4303,AUC,,,,,6.666666666666667,0.0,100.0,0.06666666666666667,Fail - other filter,Not Fit,Fail,Fail,,,4303 AUC
4303,MOV,,,,,6.666666666666667,0.0,100.0,0.06666666666666667,Fail - other filter,Not Fit,Fail,Fail,,,4303 MOV
4304,AUC,,,,,10.476190476190474,0.0,100.0,0.10476190476190475,Fail - other filter,Not Fit,Fail,Fail,,,4304 AUC
4304,MOV,,,,,6.904761904761905,0.0,100.0,0.06904761904761905,Fail - other filter,Not Fit,Fail,Fail,,,4304 MOV
4305,AUC,,,,,3.3333333333333335,0.0,100.0,0.03333333333333333,Fail - other filter,Not Fit,Fail,Fail,,,4305 AUC
4305,MOV,,,,,3.3333333333333335,0.0,100.0,0.03333333333333333,Fail - other filter,Not Fit,Fail,Fail,,,4305 MOV
4306,AUC,,,,,11.858974358974358,0.0,100.0,0.11858974358974357,Fail - other filter,Not Fit,Fail,Fail,,,4306 AUC
4306,MOV,,,,,23.397435897435898,0.0,100.0,0.23397435897435898,Fail - other filter,Not Fit,Fail,Fail,,,4306 MOV
4307,AUC,,,,,23.397435897435898,0.0,100.0,0.23397435897435898,Fail - other filter,Not Fit,Fail,Fail,,,4307 AUC
4307,MOV,,,,,19.55128205128205,0.0,100.0,0.1955128205128205,Fail - other filter,Not Fit,Fail,Fail,,,4307 MOV
4308,AUC,,,,,4.166666666666666,0.0,100.0,0.04166666666666666,Fail - other filter,Not Fit,Fail,Fail,,,4308 AUC
4308,MOV,,,,,4.166666666666666,0.0,100.0,0.04166666666666666,Fail - other filter,Not Fit,Fail,Fail,,,4308 MOV
4311,MOV,,,,,0.0005654761904761905,0.0,1.23,0.0004597367402245451,Fail - correlation score filter,Not Fit,Fail,Fail,,,4311 MOV
4312,AUC,,,,,41.66666666666667,0.0,100.0,0.41666666666666674,Fail - other filter,Not Fit,Fail,Fail,,,4312 AUC
4312,MOV,,,,,16.666666666666664,0.0,100.0,0.16666666666666663,Fail - other filter,Not Fit,Fail,Fail,,,4312 MOV
4313,AUC,,,,,43.18181818181818,0.0,100.0,0.4318181818181818,Fail - other filter,Not Fit,Fail,Fail,,,4313 AUC
4313,MOV,,,,,17.045454545454547,0.0,100.0,0.17045454545454547,Fail - other filter,Not Fit,Fail,Fail,,,4313 MOV
4314,AUC,,,,,1.6899392857142856,0.0,3.7,0.4567403474903475,Fail - GOF check,Not Fit,Fail,Fail,7.0,0.46707424214617105,4314 AUC
4315,AUC,,,,,10.28390238095238,0.0,100.0,0.1028390238095238,Fail - correlation score filter,Not Fit,Fail,Fail,,,4315 AUC
4768,MOV,,,,,21.224945887445884,0.0,100.0,0.21224945887445884,Fail - correlation score filter,Not Fit,Fail,Fail,,,4768 MOV
4443,MOV,,,,,18.58,0.0,100.0,0.1858,Fail - correlation score filter,Not Fit,Fail,Fail,,,4443 MOV
4444,MOV,,,,,0.06749999999999999,0.0,100.0,0.0006749999999999999,Fail - correlation score filter,Not Fit,Fail,Fail,,,4444 MOV
4513,MOV,,,,,0.020327380952380947,0.0,1.23,0.016526325977545487,Fail - correlation score filter,Not Fit,Fail,Fail,,,4513 MOV
4520,AUC,,,,,12.5,0.0,100.0,0.125,Fail - other filter,Not Fit,Fail,Fail,,,4520 AUC
4520,MOV,,,,,3.125,0.0,100.0,0.03125,Fail - other filter,Not Fit,Fail,Fail,,,4520 MOV
4579,AUC,,,,,42.200325757575754,0.0,100.0,0.4220032575757575,Fail - GOF check,Not Fit,Fail,Fail,17.0,0.3551884830589627,4579 AUC
4750,AUC,,,,,27.891850649350648,0.0,100.0,0.27891850649350647,Fail - correlation score filter,Not Fit,Fail,Fail,,,4750 AUC
4750,MOV,,,,,11.296190476190475,0.0,100.0,0.11296190476190475,Fail - correlation score filter,Not Fit,Fail,Fail,,,4750 MOV
4751,AUC,,,,,9.5025,0.0,100.0,0.095025,Fail - correlation score filter,Not Fit,Fail,Fail,,,4751 AUC
4753,AUC,,,,,46.493647186147186,0.0,100.0,0.46493647186147186,Fail - correlation score filter,Not Fit,Fail,Fail,,,4753 AUC
4754,MOV,,,,,12.74457142857143,0.0,51.1,0.24940452893486162,Fail - correlation score filter,Not Fit,Fail,Fail,,,4754 MOV
4755,AUC,,,,,19.419146825396826,0.0,100.0,0.19419146825396827,Fail - GOF check,Not Fit,Fail,Fail,16.0,0.4383064522973182,4755 AUC
4755,MOV,,,,,16.28249007936508,0.0,100.0,0.16282490079365078,Fail - GOF check,Not Fit,Fail,Fail,16.0,0.28800267213186315,4755 MOV
4756,AUC,,,,,37.44345238095238,0.0,100.0,0.3744345238095238,Fail - GOF check,Not Fit,Fail,Fail,16.0,0.2785278170257984,4756 AUC
4756,MOV,,,,,12.277123917748916,0.0,100.0,0.12277123917748917,Fail - correlation score filter,Not Fit,Fail,Fail,,,4756 MOV
4757,MOV,,,,,13.38988095238095,0.0,100.0,0.1338988095238095,Fail - correlation score filter,Not Fit,Fail,Fail,,,4757 MOV
4758,AUC,,,,,24.773809523809522,0.0,100.0,0.24773809523809523,Fail - correlation score filter,Not Fit,Fail,Fail,,,4758 AUC
4759,AUC,,,,,23.993474025974024,0.0,100.0,0.23993474025974024,Fail - GOF check,Not Fit,Fail,Fail,18.0,0.2760446227386936,4759 AUC
4759,MOV,,,,,20.755422077922077,0.0,100.0,0.20755422077922078,Fail - correlation score filter,Not Fit,Fail,Fail,,,4759 MOV
4764,AUC,,,,,23.484708333333334,0.0,100.0,0.23484708333333335,Fail - correlation score filter,Not Fit,Fail,Fail,,,4764 AUC
4764,MOV,,,,,26.56259603937729,0.0,100.0,0.2656259603937729,Fail - correlation score filter,Not Fit,Fail,Fail,,,4764 MOV
4765,AUC,,,,,14.000704222860474,0.0,100.0,0.14000704222860474,Fail - correlation score filter,Not Fit,Fail,Fail,,,4765 AUC
4765,MOV,,,,,19.50551667776668,0.0,100.0,0.1950551667776668,Fail - correlation score filter,Not Fit,Fail,Fail,,,4765 MOV
4766,AUC,,,,,35.75030858724608,0.0,100.0,0.3575030858724608,Fail - GOF check,Not Fit,Fail,Fail,19.0,0.5901396309687899,4766 AUC
4766,MOV,,,,,14.421966928904428,0.0,100.0,0.14421966928904428,Fail - correlation score filter,Not Fit,Fail,Fail,,,4766 MOV
4498,MOV,,,,,0.8013809523809523,0.0,11.1,0.0721964821964822,Fail - correlation score filter,Not Fit,Fail,Fail,,,4498 MOV
4444,AUC,,,,,4.956833333333332,0.0,100.0,0.04956833333333332,Fail - correlation score filter,Not Fit,Fail,Fail,,,4444 AUC
4498,AUC,,,,,2.819988095238095,0.0,11.1,0.25405298155298156,Fail - correlation score filter,Not Fit,Fail,Fail,,,4498 AUC
4466,MOV,,,,,16.025641025641026,0.0,100.0,0.16025641025641024,Fail - other filter,Not Fit,Fail,Fail,,,4466 MOV
4445,AUC,,,,,27.082833333333333,0.0,100.0,0.27082833333333334,Fail - correlation score filter,Not Fit,Fail,Fail,,,4445 AUC
4445,MOV,,,,,0.0155,0.0,100.0,0.000155,Fail - correlation score filter,Not Fit,Fail,Fail,,,4445 MOV
4446,AUC,,,,,18.91,0.0,100.0,0.1891,Fail - correlation score filter,Not Fit,Fail,Fail,,,4446 AUC
4446,MOV,,,,,0.0,0.0,100.0,0.0,Fail - correlation score filter,Not Fit,Fail,Fail,,,4446 MOV
4447,MOV,,,,,0.0,0.0,100.0,0.0,Fail - correlation score filter,Not Fit,Fail,Fail,,,4447 MOV
4448,AUC,,,,,16.7525,0.0,100.0,0.167525,Fail - correlation score filter,Not Fit,Fail,Fail,,,4448 AUC
4448,MOV,,,,,0.03125,0.0,100.0,0.0003125,Fail - correlation score filter,Not Fit,Fail,Fail,,,4448 MOV
4449,AUC,,,,,0.0,0.015,0.14,0.0,Fail - correlation score filter,Not Fit,Fail,Fail,,,4449 AUC
4449,MOV,,,,,0.0155,0.015,0.14,0.124,Fail - correlation score filter,Not Fit,Fail,Fail,,,4449 MOV
4450,AUC,,,,,1.4396666666666667,0.0,100.0,0.014396666666666667,Fail - correlation score filter,Not Fit,Fail,Fail,,,4450 AUC
4201,MOV,,,,,16.783216783216783,0.0,100.0,0.16783216783216784,Fail - other filter,Not Fit,Fail,Fail,,,4201 MOV
4450,MOV,,,,,16.436833333333333,0.0,100.0,0.16436833333333334,Fail - correlation score filter,Not Fit,Fail,Fail,,,4450 MOV
4451,MOV,,,,,0.0075,0.0,1.23,0.006097560975609756,Fail - correlation score filter,Not Fit,Fail,Fail,,,4451 MOV
4452,AUC,,,,,5.855833333333332,0.0,33.3,0.17585085085085084,Fail - correlation score filter,Not Fit,Fail,Fail,,,4452 AUC
4452,MOV,,,,,0.00375,0.0,33.3,0.00011261261261261261,Fail - correlation score filter,Not Fit,Fail,Fail,,,4452 MOV
4453,AUC,,,,,0.0,0.0,11.1,0.0,Fail - correlation score filter,Not Fit,Fail,Fail,,,4453 AUC
4454,MOV,,,,,18.004999999999995,0.0,66.5,0.2707518796992481,Fail - correlation score filter,Not Fit,Fail,Fail,,,4454 MOV
4455,AUC,,,,,8.3865,0.0,100.0,0.083865,Fail - correlation score filter,Not Fit,Fail,Fail,,,4455 AUC
4455,MOV,,,,,32.859750000000005,0.0,100.0,0.32859750000000004,Fail - correlation score filter,Not Fit,Fail,Fail,,,4455 MOV
4456,MOV,,,,,8.893875000000001,0.0,66.5,0.13374248120300755,Fail - correlation score filter,Not Fit,Fail,Fail,,,4456 MOV
4457,AUC,,,,,0.0,0.0,100.0,0.0,Fail - correlation score filter,Not Fit,Fail,Fail,,,4457 AUC
4457,MOV,,,,,0.0,0.0,100.0,0.0,Fail - correlation score filter,Not Fit,Fail,Fail,,,4457 MOV
4466,AUC,,,,,32.371794871794876,0.0,100.0,0.32371794871794873,Fail - other filter,Not Fit,Fail,Fail,,,4466 AUC
447,MOV,,,,,30.695476190476185,0.0,100.0,0.30695476190476184,Fail - correlation score filter,Not Fit,Fail,Fail,,,447 MOV
4201,AUC,,,,,29.72027972027972,0.0,100.0,0.2972027972027972,Fail - other filter,Not Fit,Fail,Fail,,,4201 AUC
4168,MOV,,,,,0.9693351648351648,0.0,11.1,0.08732749232749233,Fail - correlation score filter,Not Fit,Fail,Fail,,,4168 MOV
4200,AUC,,,,,25.82417582417582,0.0,100.0,0.2582417582417582,Fail - other filter,Not Fit,Fail,Fail,,,4200 AUC
3981,AUC,,,,,0.0960018315018315,0.0,1.23,0.07805026951368416,Fail - correlation score filter,Not Fit,Fail,Fail,,,3981 AUC
3982,AUC,,,,,0.0030476190476190473,0.0,33.3,9.152009152009152e-05,Fail - correlation score filter,Not Fit,Fail,Fail,,,3982 AUC
3982,MOV,,,,,2.1935071428571424,0.0,33.3,0.06587108537108537,Fail - correlation score filter,Not Fit,Fail,Fail,,,3982 MOV
3983,AUC,,,,,3.3333333333333335,0.0,100.0,0.03333333333333333,Fail - other filter,Not Fit,Fail,Fail,,,3983 AUC
3983,MOV,,,,,0.0,0.0,100.0,0.0,Fail - other filter,Not Fit,Fail,Fail,,,3983 MOV
3984,AUC,,,,,0.02921428571428571,0.0,3.7,0.007895752895752894,Fail - correlation score filter,Not Fit,Fail,Fail,,,3984 AUC
3986,AUC,,,,,27.884615384615387,0.0,100.0,0.27884615384615385,Fail - other filter,Not Fit,Fail,Fail,,,3986 AUC
3986,MOV,,,,,14.663461538461538,0.0,100.0,0.1466346153846154,Fail - other filter,Not Fit,Fail,Fail,,,3986 MOV
3987,AUC,,,,,0.20601190476190476,0.0,100.0,0.0020601190476190476,Fail - correlation score filter,Not Fit,Fail,Fail,,,3987 AUC
3987,MOV,,,,,0.0,0.0,100.0,0.0,Fail - correlation score filter,Not Fit,Fail,Fail,,,3987 MOV
3988,AUC,,,,,33.92857142857143,0.0,100.0,0.3392857142857143,Fail - other filter,Not Fit,Fail,Fail,,,3988 AUC
3988,MOV,,,,,6.696428571428571,0.0,100.0,0.06696428571428571,Fail - other filter,Not Fit,Fail,Fail,,,3988 MOV
3989,AUC,,,,,0.022499999999999996,0.0,11.1,0.0020270270270270267,Fail - correlation score filter,Not Fit,Fail,Fail,,,3989 AUC
3989,MOV,,,,,0.022857142857142854,0.0,11.1,0.002059202059202059,Fail - correlation score filter,Not Fit,Fail,Fail,,,3989 MOV
3991,AUC,,,,,6.666666666666667,0.0,100.0,0.06666666666666667,Fail - other filter,Not Fit,Fail,Fail,,,3991 AUC
3991,MOV,,,,,0.0,0.0,100.0,0.0,Fail - other filter,Not Fit,Fail,Fail,,,3991 MOV
3992,MOV,,,,,1.0914452380952382,0.0,3.7,0.2949851994851995,Fail - GOF check,Not Fit,Fail,Fail,7.0,0.3233590907165799,3992 MOV
3993,AUC,,,,,3.3333333333333335,0.0,100.0,0.03333333333333333,Fail - other filter,Not Fit,Fail,Fail,,,3993 AUC
3993,MOV,,,,,3.3333333333333335,0.0,100.0,0.03333333333333333,Fail - other filter,Not Fit,Fail,Fail,,,3993 MOV
3994,MOV,,,,,0.18155357142857143,0.0,3.7,0.049068532818532816,Fail - correlation score filter,Not Fit,Fail,Fail,,,3994 MOV
3995,AUC,,,,,3.8461538461538463,0.0,100.0,0.038461538461538464,Fail - other filter,Not Fit,Fail,Fail,,,3995 AUC
3995,MOV,,,,,0.0,0.0,100.0,0.0,Fail - other filter,Not Fit,Fail,Fail,,,3995 MOV
3996,AUC,,,,,21.53846153846154,0.0,100.0,0.2153846153846154,Fail - other filter,Not Fit,Fail,Fail,,,3996 AUC
3996,MOV,,,,,3.8461538461538463,0.0,100.0,0.038461538461538464,Fail - other filter,Not Fit,Fail,Fail,,,3996 MOV
3997,AUC,,,,,25.82417582417582,0.0,100.0,0.2582417582417582,Fail - other filter,Not Fit,Fail,Fail,,,3997 AUC
3997,MOV,,,,,3.8461538461538463,0.0,100.0,0.038461538461538464,Fail - other filter,Not Fit,Fail,Fail,,,3997 MOV
3998,AUC,,,,,0.3488253968253968,0.0,1.23,0.28359788359788357,Fail - correlation score filter,Not Fit,Fail,Fail,,,3998 AUC
3980,MOV,,,,,3.5759897828863343,0.0,100.0,0.035759897828863345,Fail - other filter,Not Fit,Fail,Fail,,,3980 MOV
3998,MOV,,,,,0.005880952380952381,0.0,1.23,0.004781262098335269,Fail - correlation score filter,Not Fit,Fail,Fail,,,3998 MOV
3980,AUC,,,,,3.5759897828863343,0.0,100.0,0.035759897828863345,Fail - other filter,Not Fit,Fail,Fail,,,3980 AUC
3978,MOV,,,,,1.7101845238095237,0.0,11.1,0.15407067782067782,Fail - correlation score filter,Not Fit,Fail,Fail,,,3978 MOV
3960,MOV,,,,,3.4482758620689653,0.0,100.0,0.034482758620689655,Fail - other filter,Not Fit,Fail,Fail,,,3960 MOV
3961,AUC,,,,,1.6666666666666667,0.0,100.0,0.016666666666666666,Fail - other filter,Not Fit,Fail,Fail,,,3961 AUC
3961,MOV,,,,,0.0,0.0,100.0,0.0,Fail - other filter,Not Fit,Fail,Fail,,,3961 MOV
3962,AUC,,,,,0.0,0.0,100.0,0.0,Fail - other filter,Not Fit,Fail,Fail,,,3962 AUC
3962,MOV,,,,,0.0,0.0,100.0,0.0,Fail - other filter,Not Fit,Fail,Fail,,,3962 MOV
3963,AUC,,,,,0.0,0.0,100.0,0.0,Fail - other filter,Not Fit,Fail,Fail,,,3963 AUC
3963,MOV,,,,,3.3333333333333335,0.0,100.0,0.03333333333333333,Fail - other filter,Not Fit,Fail,Fail,,,3963 MOV
3964,AUC,,,,,0.33538888888888885,0.0,3.7,0.09064564564564563,Fail - correlation score filter,Not Fit,Fail,Fail,,,3964 AUC
3965,AUC,,,,,5.096159523809524,0.0,11.1,0.45911347061347063,Fail - GOF check,Not Fit,Fail,Fail,8.0,0.5378341163622514,3965 AUC
3965,MOV,,,,,0.6484761904761905,0.0,11.1,0.05842127842127843,Fail - correlation score filter,Not Fit,Fail,Fail,,,3965 MOV
3966,AUC,,,,,0.0,0.0,100.0,0.0,Fail - other filter,Not Fit,Fail,Fail,,,3966 AUC
3966,MOV,,,,,0.0,0.0,100.0,0.0,Fail - other filter,Not Fit,Fail,Fail,,,3966 MOV
3967,AUC,,,,,18.298109010011125,0.0,100.0,0.18298109010011124,Fail - other filter,Not Fit,Fail,Fail,,,3967 AUC
3967,MOV,,,,,3.225806451612903,0.0,100.0,0.03225806451612903,Fail - other filter,Not Fit,Fail,Fail,,,3967 MOV
3968,AUC,,,,,29.98991935483871,0.0,100.0,0.2998991935483871,Fail - other filter,Not Fit,Fail,Fail,,,3968 AUC
3968,MOV,,,,,9.475806451612904,0.0,100.0,0.09475806451612905,Fail - other filter,Not Fit,Fail,Fail,,,3968 MOV
3969,AUC,,,,,10.512820512820513,0.0,100.0,0.10512820512820513,Fail - other filter,Not Fit,Fail,Fail,,,3969 AUC
3969,MOV,,,,,0.0,0.0,100.0,0.0,Fail - other filter,Not Fit,Fail,Fail,,,3969 MOV
3970,AUC,,,,,7.07196029776675,0.0,100.0,0.0707196029776675,Fail - other filter,Not Fit,Fail,Fail,,,3970 AUC
3970,MOV,,,,,3.225806451612903,0.0,100.0,0.03225806451612903,Fail - other filter,Not Fit,Fail,Fail,,,3970 MOV
3972,AUC,,,,,10.357142857142856,0.0,100.0,0.10357142857142856,Fail - other filter,Not Fit,Fail,Fail,,,3972 AUC
3972,MOV,,,,,3.3333333333333335,0.0,100.0,0.03333333333333333,Fail - other filter,Not Fit,Fail,Fail,,,3972 MOV
3973,AUC,,,,,11.505681818181818,0.0,100.0,0.11505681818181818,Fail - other filter,Not Fit,Fail,Fail,,,3973 AUC
3973,MOV,,,,,4.6875,0.0,100.0,0.046875,Fail - other filter,Not Fit,Fail,Fail,,,3973 MOV
3974,AUC,,,,,10.04398826979472,0.0,100.0,0.10043988269794721,Fail - other filter,Not Fit,Fail,Fail,,,3974 AUC
3974,MOV,,,,,0.0,0.0,100.0,0.0,Fail - other filter,Not Fit,Fail,Fail,,,3974 MOV
3977,MOV,,,,,0.0,0.0,3.7,0.0,Fail - correlation score filter,Not Fit,Fail,Fail,,,3977 MOV
3979,MOV,,,,,0.08200000000000002,0.0,11.1,0.007387387387387389,Fail - correlation score filter,Not Fit,Fail,Fail,,,3979 MOV
4000,AUC,,,,,24.03846153846154,0.0,100.0,0.2403846153846154,Fail - other filter,Not Fit,Fail,Fail,,,4000 AUC
4000,MOV,,,,,10.096153846153847,0.0,100.0,0.10096153846153846,Fail - other filter,Not Fit,Fail,Fail,,,4000 MOV
4001,AUC,,,,,18.75,0.0,100.0,0.1875,Fail - other filter,Not Fit,Fail,Fail,,,4001 AUC
4019,MOV,,,,,12.5,0.0,100.0,0.125,Fail - other filter,Not Fit,Fail,Fail,,,4019 MOV
4020,AUC,,,,,0.029002380952380946,0.0,1.23,0.02357917150600077,Fail - correlation score filter,Not Fit,Fail,Fail,,,4020 AUC
4020,MOV,,,,,0.0,0.0,1.23,0.0,Fail - correlation score filter,Not Fit,Fail,Fail,,,4020 MOV
4021,AUC,,,,,20.089285714285715,0.0,100.0,0.20089285714285715,Fail - other filter,Not Fit,Fail,Fail,,,4021 AUC
4021,MOV,,,,,3.571428571428571,0.0,100.0,0.03571428571428571,Fail - other filter,Not Fit,Fail,Fail,,,4021 MOV
4022,AUC,,,,,29.375,0.0,100.0,0.29375,Fail - other filter,Not Fit,Fail,Fail,,,4022 AUC
4022,MOV,,,,,3.3333333333333335,0.0,100.0,0.03333333333333333,Fail - other filter,Not Fit,Fail,Fail,,,4022 MOV
4023,AUC,,,,,20.089285714285715,0.0,100.0,0.20089285714285715,Fail - other filter,Not Fit,Fail,Fail,,,4023 AUC
4023,MOV,,,,,17.857142857142858,0.0,100.0,0.17857142857142858,Fail - other filter,Not Fit,Fail,Fail,,,4023 MOV
4024,AUC,,,,,22.708333333333332,0.0,100.0,0.22708333333333333,Fail - other filter,Not Fit,Fail,Fail,,,4024 AUC
4024,MOV,,,,,6.666666666666667,0.0,100.0,0.06666666666666667,Fail - other filter,Not Fit,Fail,Fail,,,4024 MOV
4026,AUC,,,,,23.333333333333332,0.0,100.0,0.2333333333333333,Fail - other filter,Not Fit,Fail,Fail,,,4026 AUC
4026,MOV,,,,,10.0,0.0,100.0,0.1,Fail - other filter,Not Fit,Fail,Fail,,,4026 MOV
4028,AUC,,,,,6.856231684981684,0.0,33.3,0.2058928433928434,Fail - correlation score filter,Not Fit,Fail,Fail,,,4028 AUC
4028,MOV,,,,,4.801663736263736,0.0,33.3,0.1441941061941062,Fail - correlation score filter,Not Fit,Fail,Fail,,,4028 MOV
4029,AUC,,,,,10.0,0.0,100.0,0.1,Fail - other filter,Not Fit,Fail,Fail,,,4029 AUC
4029,MOV,,,,,0.0,0.0,100.0,0.0,Fail - other filter,Not Fit,Fail,Fail,,,4029 MOV
4030,AUC,,,,,9.583333333333332,0.0,100.0,0.09583333333333333,Fail - other filter,Not Fit,Fail,Fail,,,4030 AUC
4030,MOV,,,,,0.0,0.0,100.0,0.0,Fail - other filter,Not Fit,Fail,Fail,,,4030 MOV
4032,AUC,,,,,0.24721978021978025,0.0,1.23,0.2009916912355937,Fail - correlation score filter,Not Fit,Fail,Fail,,,4032 AUC
4034,AUC,,,,,0.0,0.0,100.0,0.0,Fail - other filter,Not Fit,Fail,Fail,,,4034 AUC
4034,MOV,,,,,4.166666666666666,0.0,100.0,0.04166666666666666,Fail - other filter,Not Fit,Fail,Fail,,,4034 MOV
4035,MOV,,,,,4.368814285714285,0.0,33.3,0.13119562419562417,Fail - correlation score filter,Not Fit,Fail,Fail,,,4035 MOV
4036,AUC,,,,,7.142857142857142,0.0,100.0,0.07142857142857142,Fail - other filter,Not Fit,Fail,Fail,,,4036 AUC
4036,MOV,,,,,10.714285714285714,0.0,100.0,0.10714285714285714,Fail - other filter,Not Fit,Fail,Fail,,,4036 MOV
4037,AUC,,,,,2.106005952380952,0.0,11.1,0.18973026598026596,Fail - correlation score filter,Not Fit,Fail,Fail,,,4037 AUC
4037,MOV,,,,,0.9856964285714285,0.0,11.1,0.08880148005148004,Fail - correlation score filter,Not Fit,Fail,Fail,,,4037 MOV
4019,AUC,,,,,10.416666666666666,0.0,100.0,0.10416666666666666,Fail - other filter,Not Fit,Fail,Fail,,,4019 AUC
4018,MOV,,,,,6.25,0.0,100.0,0.0625,Fail - other filter,Not Fit,Fail,Fail,,,4018 MOV
4018,AUC,,,,,12.5,0.0,100.0,0.125,Fail - other filter,Not Fit,Fail,Fail,,,4018 AUC
4017,MOV,,,,,0.0,0.0,100.0,0.0,Fail - other filter,Not Fit,Fail,Fail,,,4017 MOV
4001,MOV,,,,,9.583333333333332,0.0,100.0,0.09583333333333333,Fail - other filter,Not Fit,Fail,Fail,,,4001 MOV
4002,AUC,,,,,0.17446428571428574,0.0,1.23,0.14184088269454126,Fail - correlation score filter,Not Fit,Fail,Fail,,,4002 AUC
4002,MOV,,,,,0.006714285714285715,0.0,1.23,0.00545876887340302,Fail - correlation score filter,Not Fit,Fail,Fail,,,4002 MOV
4003,AUC,,,,,0.06749999999999999,0.0,0.41,0.1646341463414634,Fail - correlation score filter,Not Fit,Fail,Fail,,,4003 AUC
4003,MOV,,,,,0.025323809523809526,0.0,0.41,0.06176538908246226,Fail - GOF check,Not Fit,Fail,Fail,5.0,0.2125118592516207,4003 MOV
4004,AUC,,,,,16.666666666666664,0.0,100.0,0.16666666666666663,Fail - other filter,Not Fit,Fail,Fail,,,4004 AUC
4004,MOV,,,,,3.3333333333333335,0.0,100.0,0.03333333333333333,Fail - other filter,Not Fit,Fail,Fail,,,4004 MOV
4005,AUC,,,,,5.673071428571428,0.0,100.0,0.05673071428571428,Fail - correlation score filter,Not Fit,Fail,Fail,,,4005 AUC
4005,MOV,,,,,4.768160714285714,0.0,100.0,0.047681607142857144,Fail - correlation score filter,Not Fit,Fail,Fail,,,4005 MOV
4006,AUC,,,,,6.8858452380952375,0.0,33.3,0.2067821392821393,Fail - correlation score filter,Not Fit,Fail,Fail,,,4006 AUC
4006,MOV,,,,,0.00041666666666666664,0.0,33.3,1.2512512512512513e-05,Fail - correlation score filter,Not Fit,Fail,Fail,,,4006 MOV
4008,AUC,,,,,29.166666666666664,0.0,100.0,0.29166666666666663,Fail - other filter,Not Fit,Fail,Fail,,,4008 AUC
4008,MOV,,,,,10.0,0.0,100.0,0.1,Fail - other filter,Not Fit,Fail,Fail,,,4008 MOV
3960,AUC,,,,,8.448275862068966,0.0,100.0,0.08448275862068966,Fail - other filter,Not Fit,Fail,Fail,,,3960 AUC
4009,AUC,,,,,18.75,0.0,100.0,0.1875,Fail - other filter,Not Fit,Fail,Fail,,,4009 AUC
4010,AUC,,,,,22.5,0.0,100.0,0.225,Fail - other filter,Not Fit,Fail,Fail,,,4010 AUC
4010,MOV,,,,,6.666666666666667,0.0,100.0,0.06666666666666667,Fail - other filter,Not Fit,Fail,Fail,,,4010 MOV
4011,AUC,,,,,7.339428571428572,0.0,100.0,0.07339428571428572,Fail - correlation score filter,Not Fit,Fail,Fail,,,4011 AUC
4011,MOV,,,,,0.8984380952380953,0.0,100.0,0.008984380952380952,Fail - correlation score filter,Not Fit,Fail,Fail,,,4011 MOV
4012,AUC,,,,,3.125,0.0,100.0,0.03125,Fail - other filter,Not Fit,Fail,Fail,,,4012 AUC
4012,MOV,,,,,3.125,0.0,100.0,0.03125,Fail - other filter,Not Fit,Fail,Fail,,,4012 MOV
4013,AUC,,,,,1.3134375,0.0,3.7,0.3549831081081081,Fail - other filter,Not Fit,Fail,Fail,,,4013 AUC
4013,MOV,,,,,0.73640625,0.0,3.7,0.1990287162162162,Fail - other filter,Not Fit,Fail,Fail,,,4013 MOV
4014,AUC,,,,,3.571428571428571,0.0,100.0,0.03571428571428571,Fail - other filter,Not Fit,Fail,Fail,,,4014 AUC
4014,MOV,,,,,3.571428571428571,0.0,100.0,0.03571428571428571,Fail - other filter,Not Fit,Fail,Fail,,,4014 MOV
4015,AUC,,,,,20.0,0.0,100.0,0.2,Fail - other filter,Not Fit,Fail,Fail,,,4015 AUC
4015,MOV,,,,,3.3333333333333335,0.0,100.0,0.03333333333333333,Fail - other filter,Not Fit,Fail,Fail,,,4015 MOV
4017,AUC,,,,,9.583333333333332,0.0,100.0,0.09583333333333333,Fail - other filter,Not Fit,Fail,Fail,,,4017 AUC
4009,MOV,,,,,9.375,0.0,100.0,0.09375,Fail - other filter,Not Fit,Fail,Fail,,,4009 MOV
4038,AUC,,,,,10.0,0.0,100.0,0.1,Fail - other filter,Not Fit,Fail,Fail,,,4038 AUC
3959,MOV,,,,,5.114942528735631,0.0,100.0,0.05114942528735631,Fail - other filter,Not Fit,Fail,Fail,,,3959 MOV
3958,MOV,,,,,6.839080459770115,0.0,100.0,0.06839080459770115,Fail - other filter,Not Fit,Fail,Fail,,,3958 MOV
3762,AUC,,,,,20.638958874458872,0.0,100.0,0.2063895887445887,Fail - GOF check,Not Fit,Fail,Fail,18.0,0.22931491093916062,3762 AUC
3762,MOV,,,,,17.971536796536796,0.0,100.0,0.17971536796536797,Fail - correlation score filter,Not Fit,Fail,Fail,,,3762 MOV
3859,AUC,,,,,45.85605194805194,0.0,100.0,0.4585605194805194,Fail - GOF check,Not Fit,Fail,Fail,18.0,0.31912164985396746,3859 AUC
3859,MOV,,,,,23.4820284992785,0.0,100.0,0.23482028499278498,Fail - correlation score filter,Not Fit,Fail,Fail,,,3859 MOV
3862,MOV,,,,,9.132023809523808,0.0,100.0,0.09132023809523808,Fail - correlation score filter,Not Fit,Fail,Fail,,,3862 MOV
3901,AUC,,,,,37.931034482758626,0.0,100.0,0.37931034482758624,Fail - other filter,Not Fit,Fail,Fail,,,3901 AUC
3901,MOV,,,,,6.896551724137931,0.0,100.0,0.06896551724137931,Fail - other filter,Not Fit,Fail,Fail,,,3901 MOV
3902,AUC,,,,,0.3449404761904762,0.0,3.7,0.09322715572715572,Fail - correlation score filter,Not Fit,Fail,Fail,,,3902 AUC
3903,AUC,,,,,0.18862087912087916,0.0,33.3,0.005664290664290666,Fail - correlation score filter,Not Fit,Fail,Fail,,,3903 AUC
3903,MOV,,,,,0.6177380952380952,0.0,33.3,0.01855069355069355,Fail - correlation score filter,Not Fit,Fail,Fail,,,3903 MOV
3904,AUC,,,,,13.148427272727272,0.0,100.0,0.13148427272727273,Fail - correlation score filter,Not Fit,Fail,Fail,,,3904 AUC
3905,AUC,,,,,0.07163095238095236,0.0,100.0,0.0007163095238095237,Fail - correlation score filter,Not Fit,Fail,Fail,,,3905 AUC
3906,MOV,,,,,0.20263278388278388,0.0,1.23,0.16474210071771048,Fail - correlation score filter,Not Fit,Fail,Fail,,,3906 MOV
3907,AUC,,,,,8.172043010752688,0.0,100.0,0.08172043010752689,Fail - other filter,Not Fit,Fail,Fail,,,3907 AUC
3907,MOV,,,,,0.0,0.0,100.0,0.0,Fail - other filter,Not Fit,Fail,Fail,,,3907 MOV
3910,AUC,,,,,14.516129032258062,0.0,100.0,0.14516129032258063,Fail - other filter,Not Fit,Fail,Fail,,,3910 AUC
3910,MOV,,,,,8.064516129032258,0.0,100.0,0.08064516129032258,Fail - other filter,Not Fit,Fail,Fail,,,3910 MOV
3911,AUC,,,,,2.0000952380952377,0.0,11.1,0.18018876018876015,Fail - correlation score filter,Not Fit,Fail,Fail,,,3911 AUC
3911,MOV,,,,,1.606892857142857,0.0,11.1,0.14476512226512225,Fail - correlation score filter,Not Fit,Fail,Fail,,,3911 MOV
3912,MOV,,,,,2.9561458333333333,0.0,33.3,0.08877314814814816,Fail - correlation score filter,Not Fit,Fail,Fail,,,3912 MOV
3913,AUC,,,,,20.9375,0.0,100.0,0.209375,Fail - other filter,Not Fit,Fail,Fail,,,3913 AUC
3913,MOV,,,,,6.354166666666666,0.0,100.0,0.06354166666666666,Fail - other filter,Not Fit,Fail,Fail,,,3913 MOV
3915,AUC,,,,,15.11494252873563,0.0,100.0,0.1511494252873563,Fail - other filter,Not Fit,Fail,Fail,,,3915 AUC
3915,MOV,,,,,5.0,0.0,100.0,0.05,Fail - other filter,Not Fit,Fail,Fail,,,3915 MOV
3917,AUC,,,,,31.129032258064516,0.0,100.0,0.31129032258064515,Fail - other filter,Not Fit,Fail,Fail,,,3917 AUC
3917,MOV,,,,,9.946236559139784,0.0,100.0,0.09946236559139784,Fail - other filter,Not Fit,Fail,Fail,,,3917 MOV
3919,AUC,,,,,28.679435483870968,0.0,100.0,0.2867943548387097,Fail - other filter,Not Fit,Fail,Fail,,,3919 AUC
3761,MOV,,,,,0.010136363636363638,0.0,1.0,0.010136363636363638,Fail - correlation score filter,Not Fit,Fail,Fail,,,3761 MOV
3919,MOV,,,,,4.737903225806452,0.0,100.0,0.04737903225806452,Fail - other filter,Not Fit,Fail,Fail,,,3919 MOV
3760,MOV,,,,,31.896768037518036,0.0,100.0,0.31896768037518036,Fail - correlation score filter,Not Fit,Fail,Fail,,,3760 MOV
3758,MOV,,,,,9.522777777777776,0.0,44.8,0.21256200396825395,Fail - correlation score filter,Not Fit,Fail,Fail,,,3758 MOV
1376,MOV,,,,,5.789883033633034,0.0,50.0,0.11579766067266067,Fail - correlation score filter,Not Fit,Fail,Fail,,,1376 MOV
1947,AUC,,,,,7.142857142857142,0.0,100.0,0.07142857142857142,Fail - other filter,Not Fit,Fail,Fail,,,1947 AUC
1947,MOV,,,,,7.142857142857142,0.0,100.0,0.07142857142857142,Fail - other filter,Not Fit,Fail,Fail,,,1947 MOV
2323,AUC,,,,,2.9910714285714284,0.0,50.0,0.05982142857142857,Fail - correlation score filter,Not Fit,Fail,Fail,,,2323 AUC
2323,MOV,,,,,7.747395833333332,0.0,50.0,0.15494791666666663,Fail - correlation score filter,Not Fit,Fail,Fail,,,2323 MOV
250,MOV,,,,,8.055746336996336,0.0,50.0,0.16111492673992672,Fail - correlation score filter,Not Fit,Fail,Fail,,,250 MOV
2589,AUC,,,,,11.747499999999999,0.0,33.3,0.35277777777777775,Fail - correlation score filter,Not Fit,Fail,Fail,,,2589 AUC
2589,MOV,,,,,0.0,0.0,33.3,0.0,Fail - correlation score filter,Not Fit,Fail,Fail,,,2589 MOV
2596,AUC,,,,,11.123124999999996,0.0,100.0,0.11123124999999996,Fail - correlation score filter,Not Fit,Fail,Fail,,,2596 AUC
2596,MOV,,,,,0.038625,0.0,100.0,0.00038625,Fail - correlation score filter,Not Fit,Fail,Fail,,,2596 MOV
2597,AUC,,,,,40.825833333333335,0.0,100.0,0.40825833333333333,Fail - correlation score filter,Not Fit,Fail,Fail,,,2597 AUC
2597,MOV,,,,,0.8225,0.0,100.0,0.008225,Fail - correlation score filter,Not Fit,Fail,Fail,,,2597 MOV
2599,AUC,,,,,24.965,0.0,50.0,0.4993,Fail - GOF check,Not Fit,Fail,Fail,5.0,0.46291004988627577,2599 AUC
2599,MOV,,,,,0.0,0.0,50.0,0.0,Fail - correlation score filter,Not Fit,Fail,Fail,,,2599 MOV
2743,MOV,,,,,0.14539285714285713,0.0,11.1,0.013098455598455598,Fail - correlation score filter,Not Fit,Fail,Fail,,,2743 MOV
2900,AUC,,,,,54.79166666666666,0.0,100.0,0.5479166666666666,Fail - other filter,Not Fit,Fail,Fail,,,2900 AUC
2900,MOV,,,,,19.166666666666664,0.0,100.0,0.19166666666666665,Fail - other filter,Not Fit,Fail,Fail,,,2900 MOV
295,MOV,,,,,9.344308035714285,0.0,50.0,0.18688616071428568,Fail - correlation score filter,Not Fit,Fail,Fail,,,295 MOV
3191,AUC,,,,,9.821428571428571,0.0,100.0,0.09821428571428571,Fail - other filter,Not Fit,Fail,Fail,,,3191 AUC
3191,MOV,,,,,3.571428571428571,0.0,100.0,0.03571428571428571,Fail - other filter,Not Fit,Fail,Fail,,,3191 MOV
325,AUC,,,,,6.458333333333332,0.0,100.0,0.06458333333333333,Fail - other filter,Not Fit,Fail,Fail,,,325 AUC
325,MOV,,,,,6.25,0.0,100.0,0.0625,Fail - other filter,Not Fit,Fail,Fail,,,325 MOV
3408,AUC,,,,,16.320693181818186,0.0,50.0,0.3264138636363637,Fail - correlation score filter,Not Fit,Fail,Fail,,,3408 AUC
3408,MOV,,,,,0.5783282828282829,0.0,50.0,0.011566565656565657,Fail - correlation score filter,Not Fit,Fail,Fail,,,3408 MOV
3409,MOV,,,,,0.8634999999999999,0.0,13.8,0.06257246376811594,Fail - correlation score filter,Not Fit,Fail,Fail,,,3409 MOV
3690,AUC,,,,,49.56988324175824,0.0,100.0,0.4956988324175824,Fail - GOF check,Not Fit,Fail,Fail,18.0,0.3687446548482318,3690 AUC
3690,MOV,,,,,23.36192193223443,0.0,100.0,0.2336192193223443,Fail - correlation score filter,Not Fit,Fail,Fail,,,3690 MOV
3760,AUC,,,,,34.687840548340546,0.0,100.0,0.3468784054834055,Fail - correlation score filter,Not Fit,Fail,Fail,,,3760 AUC
3920,AUC,,,,,25.453629032258064,0.0,100.0,0.2545362903225806,Fail - other filter,Not Fit,Fail,Fail,,,3920 AUC
3920,MOV,,,,,7.963709677419355,0.0,100.0,0.07963709677419355,Fail - other filter,Not Fit,Fail,Fail,,,3920 MOV
3921,AUC,,,,,30.64516129032258,0.0,100.0,0.3064516129032258,Fail - other filter,Not Fit,Fail,Fail,,,3921 AUC
3943,AUC,,,,,0.08401190476190477,0.0,3.7,0.02270592020592021,Fail - correlation score filter,Not Fit,Fail,Fail,,,3943 AUC
3944,AUC,,,,,6.559139784946236,0.0,100.0,0.06559139784946236,Fail - other filter,Not Fit,Fail,Fail,,,3944 AUC
3944,MOV,,,,,3.3333333333333335,0.0,100.0,0.03333333333333333,Fail - other filter,Not Fit,Fail,Fail,,,3944 MOV
3945,AUC,,,,,2.001635944700461,0.0,3.7,0.5409826877568813,Fail - other filter,Not Fit,Fail,Fail,,,3945 AUC
3945,MOV,,,,,0.6571774193548388,0.0,3.7,0.177615518744551,Fail - other filter,Not Fit,Fail,Fail,,,3945 MOV
3946,AUC,,,,,4.672690476190475,0.0,33.3,0.1403210353210353,Fail - correlation score filter,Not Fit,Fail,Fail,,,3946 AUC
3946,MOV,,,,,0.2263642857142857,0.0,33.3,0.006797726297726298,Fail - correlation score filter,Not Fit,Fail,Fail,,,3946 MOV
3947,AUC,,,,,16.896551724137932,0.0,100.0,0.16896551724137931,Fail - other filter,Not Fit,Fail,Fail,,,3947 AUC
3947,MOV,,,,,3.3908045977011496,0.0,100.0,0.0339080459770115,Fail - other filter,Not Fit,Fail,Fail,,,3947 MOV
3948,AUC,,,,,18.18687430478309,0.0,100.0,0.18186874304783088,Fail - other filter,Not Fit,Fail,Fail,,,3948 AUC
3948,MOV,,,,,3.337041156840934,0.0,100.0,0.03337041156840934,Fail - other filter,Not Fit,Fail,Fail,,,3948 MOV
3949,AUC,,,,,10.344827586206897,0.0,100.0,0.10344827586206896,Fail - other filter,Not Fit,Fail,Fail,,,3949 AUC
3949,MOV,,,,,5.172413793103448,0.0,100.0,0.05172413793103448,Fail - other filter,Not Fit,Fail,Fail,,,3949 MOV
3950,AUC,,,,,13.333333333333334,0.0,100.0,0.13333333333333333,Fail - other filter,Not Fit,Fail,Fail,,,3950 AUC
3950,MOV,,,,,3.3333333333333335,0.0,100.0,0.03333333333333333,Fail - other filter,Not Fit,Fail,Fail,,,3950 MOV
3951,AUC,,,,,26.0752688172043,0.0,100.0,0.260752688172043,Fail - other filter,Not Fit,Fail,Fail,,,3951 AUC
3951,MOV,,,,,3.279569892473118,0.0,100.0,0.03279569892473118,Fail - other filter,Not Fit,Fail,Fail,,,3951 MOV
3952,MOV,,,,,0.31262500000000004,0.0,11.1,0.028164414414414418,Fail - correlation score filter,Not Fit,Fail,Fail,,,3952 MOV
3953,AUC,,,,,13.823760714285712,0.0,33.3,0.41512794937794933,Fail - correlation score filter,Not Fit,Fail,Fail,,,3953 AUC
3953,MOV,,,,,1.6954119047619047,0.0,33.3,0.050913270413270414,Fail - correlation score filter,Not Fit,Fail,Fail,,,3953 MOV
3954,AUC,,,,,0.16413168498168498,0.0,3.7,0.044359914859914855,Fail - correlation score filter,Not Fit,Fail,Fail,,,3954 AUC
3954,MOV,,,,,0.016530952380952382,0.0,3.7,0.004467824967824968,Fail - correlation score filter,Not Fit,Fail,Fail,,,3954 MOV
3955,AUC,,,,,24.022988505747126,0.0,100.0,0.24022988505747125,Fail - other filter,Not Fit,Fail,Fail,,,3955 AUC
3955,MOV,,,,,17.24137931034483,0.0,100.0,0.1724137931034483,Fail - other filter,Not Fit,Fail,Fail,,,3955 MOV
3956,AUC,,,,,6.904761904761905,0.0,100.0,0.06904761904761905,Fail - other filter,Not Fit,Fail,Fail,,,3956 AUC
3956,MOV,,,,,5.357142857142857,0.0,100.0,0.05357142857142857,Fail - other filter,Not Fit,Fail,Fail,,,3956 MOV
3958,AUC,,,,,13.505747126436782,0.0,100.0,0.13505747126436782,Fail - other filter,Not Fit,Fail,Fail,,,3958 AUC
3942,MOV,,,,,1.7241379310344827,0.0,100.0,0.017241379310344827,Fail - other filter,Not Fit,Fail,Fail,,,3942 MOV
3942,AUC,,,,,3.4482758620689653,0.0,100.0,0.034482758620689655,Fail - other filter,Not Fit,Fail,Fail,,,3942 AUC
3941,MOV,,,,,8.766154761904762,0.0,33.3,0.2632478907478908,Fail - correlation score filter,Not Fit,Fail,Fail,,,3941 MOV
3941,AUC,,,,,3.1795833333333325,0.0,33.3,0.09548298298298297,Fail - correlation score filter,Not Fit,Fail,Fail,,,3941 AUC
3921,MOV,,,,,11.29032258064516,0.0,100.0,0.1129032258064516,Fail - other filter,Not Fit,Fail,Fail,,,3921 MOV
3922,AUC,,,,,3.7437391774891777,0.0,11.1,0.3372737997737998,Fail - correlation score filter,Not Fit,Fail,Fail,,,3922 AUC
3923,AUC,,,,,6.724137931034482,0.0,100.0,0.06724137931034482,Fail - other filter,Not Fit,Fail,Fail,,,3923 AUC
3923,MOV,,,,,1.6666666666666667,0.0,100.0,0.016666666666666666,Fail - other filter,Not Fit,Fail,Fail,,,3923 MOV
3924,AUC,,,,,6.076682142857141,0.0,33.3,0.1824829472329472,Fail - correlation score filter,Not Fit,Fail,Fail,,,3924 AUC
3924,MOV,,,,,1.6838761904761905,0.0,33.3,0.050566852566852574,Fail - correlation score filter,Not Fit,Fail,Fail,,,3924 MOV
3925,AUC,,,,,3.2656071428571427,0.0,11.1,0.2941988416988417,Fail - correlation score filter,Not Fit,Fail,Fail,,,3925 AUC
3925,MOV,,,,,0.6459999999999999,0.0,11.1,0.058198198198198194,Fail - correlation score filter,Not Fit,Fail,Fail,,,3925 MOV
3926,AUC,,,,,1.1950190476190476,0.0,3.7,0.32297812097812095,Fail - correlation score filter,Not Fit,Fail,Fail,,,3926 AUC
3927,AUC,,,,,18.0,0.0,100.0,0.18,Fail - other filter,Not Fit,Fail,Fail,,,3927 AUC
3927,MOV,,,,,10.0,0.0,100.0,0.1,Fail - other filter,Not Fit,Fail,Fail,,,3927 MOV
3929,MOV,,,,,16.802910256410257,0.0,100.0,0.16802910256410258,Fail - correlation score filter,Not Fit,Fail,Fail,,,3929 MOV
3931,MOV,,,,,0.17569047619047617,0.0,1.23,0.14283778552071233,Fail - correlation score filter,Not Fit,Fail,Fail,,,3931 MOV
3959,AUC,,,,,5.114942528735631,0.0,100.0,0.05114942528735631,Fail - other filter,Not Fit,Fail,Fail,,,3959 AUC
3932,AUC,,,,,12.094287545787545,0.0,100.0,0.12094287545787545,Fail - GOF check,Not Fit,Fail,Fail,10.0,0.5346133040589295,3932 AUC
3933,AUC,,,,,11.954022988505747,0.0,100.0,0.11954022988505747,Fail - other filter,Not Fit,Fail,Fail,,,3933 AUC
3933,MOV,,,,,0.0,0.0,100.0,0.0,Fail - other filter,Not Fit,Fail,Fail,,,3933 MOV
3934,AUC,,,,,10.0,0.0,100.0,0.1,Fail - other filter,Not Fit,Fail,Fail,,,3934 AUC
3934,MOV,,,,,1.6666666666666667,0.0,100.0,0.016666666666666666,Fail - other filter,Not Fit,Fail,Fail,,,3934 MOV
3935,AUC,,,,,9.003831417624522,0.0,100.0,0.09003831417624522,Fail - other filter,Not Fit,Fail,Fail,,,3935 AUC
3935,MOV,,,,,1.8518518518518516,0.0,100.0,0.018518518518518517,Fail - other filter,Not Fit,Fail,Fail,,,3935 MOV
3936,AUC,,,,,9.003831417624522,0.0,100.0,0.09003831417624522,Fail - other filter,Not Fit,Fail,Fail,,,3936 AUC
3936,MOV,,,,,0.0,0.0,100.0,0.0,Fail - other filter,Not Fit,Fail,Fail,,,3936 MOV
3938,AUC,,,,,12.196679438058748,0.0,100.0,0.12196679438058748,Fail - other filter,Not Fit,Fail,Fail,,,3938 AUC
3938,MOV,,,,,1.7241379310344827,0.0,100.0,0.017241379310344827,Fail - other filter,Not Fit,Fail,Fail,,,3938 MOV
3939,AUC,,,,,21.857619577308117,0.0,100.0,0.21857619577308118,Fail - other filter,Not Fit,Fail,Fail,,,3939 AUC
3939,MOV,,,,,6.7853170189099,0.0,100.0,0.067853170189099,Fail - other filter,Not Fit,Fail,Fail,,,3939 MOV
3940,AUC,,,,,0.12347023809523809,0.0,1.23,0.10038230739450252,Fail - correlation score filter,Not Fit,Fail,Fail,,,3940 AUC
3932,MOV,,,,,10.180567307692307,0.0,100.0,0.10180567307692306,Fail - correlation score filter,Not Fit,Fail,Fail,,,3932 MOV
4200,MOV,,,,,3.8461538461538463,0.0,100.0,0.038461538461538464,Fail - other filter,Not Fit,Fail,Fail,,,4200 MOV
4038,MOV,,,,,10.714285714285714,0.0,100.0,0.10714285714285714,Fail - other filter,Not Fit,Fail,Fail,,,4038 MOV
4039,MOV,,,,,14.560439560439558,0.0,100.0,0.1456043956043956,Fail - other filter,Not Fit,Fail,Fail,,,4039 MOV
4143,AUC,,,,,23.076923076923077,0.0,100.0,0.23076923076923075,Fail - other filter,Not Fit,Fail,Fail,,,4143 AUC
4143,MOV,,,,,23.076923076923077,0.0,100.0,0.23076923076923075,Fail - other filter,Not Fit,Fail,Fail,,,4143 MOV
4144,AUC,,,,,31.25,0.0,100.0,0.3125,Fail - other filter,Not Fit,Fail,Fail,,,4144 AUC
4144,MOV,,,,,18.75,0.0,100.0,0.1875,Fail - other filter,Not Fit,Fail,Fail,,,4144 MOV
4145,AUC,,,,,38.46153846153847,0.0,100.0,0.3846153846153847,Fail - other filter,Not Fit,Fail,Fail,,,4145 AUC
4145,MOV,,,,,19.230769230769234,0.0,100.0,0.19230769230769235,Fail - other filter,Not Fit,Fail,Fail,,,4145 MOV
4146,AUC,,,,,25.44642857142857,0.0,100.0,0.2544642857142857,Fail - other filter,Not Fit,Fail,Fail,,,4146 AUC
4146,MOV,,,,,0.0,0.0,100.0,0.0,Fail - other filter,Not Fit,Fail,Fail,,,4146 MOV
4147,AUC,,,,,26.2987012987013,0.0,100.0,0.262987012987013,Fail - other filter,Not Fit,Fail,Fail,,,4147 AUC
4147,MOV,,,,,0.0,0.0,100.0,0.0,Fail - other filter,Not Fit,Fail,Fail,,,4147 MOV
4148,MOV,,,,,3.1884821428571426,0.0,11.1,0.2872506435006435,Fail - correlation score filter,Not Fit,Fail,Fail,,,4148 MOV
4149,AUC,,,,,15.109890109890111,0.0,100.0,0.15109890109890112,Fail - other filter,Not Fit,Fail,Fail,,,4149 AUC
4149,MOV,,,,,0.0,0.0,100.0,0.0,Fail - other filter,Not Fit,Fail,Fail,,,4149 MOV
4150,AUC,,,,,32.73809523809524,0.0,100.0,0.3273809523809524,Fail - other filter,Not Fit,Fail,Fail,,,4150 AUC
4150,MOV,,,,,4.166666666666666,0.0,100.0,0.04166666666666666,Fail - other filter,Not Fit,Fail,Fail,,,4150 MOV
4151,AUC,,,,,47.61904761904761,0.0,100.0,0.4761904761904761,Fail - other filter,Not Fit,Fail,Fail,,,4151 AUC
4151,MOV,,,,,0.0,0.0,100.0,0.0,Fail - other filter,Not Fit,Fail,Fail,,,4151 MOV
4152,AUC,,,,,52.74725274725275,0.0,100.0,0.5274725274725275,Fail - other filter,Not Fit,Fail,Fail,,,4152 AUC
4152,MOV,,,,,0.0,0.0,100.0,0.0,Fail - other filter,Not Fit,Fail,Fail,,,4152 MOV
4153,AUC,,,,,57.61904761904761,0.0,100.0,0.5761904761904761,Fail - other filter,Not Fit,Fail,Fail,,,4153 AUC
4153,MOV,,,,,6.666666666666667,0.0,100.0,0.06666666666666667,Fail - other filter,Not Fit,Fail,Fail,,,4153 MOV
4154,AUC,,,,,50.0,0.0,100.0,0.5,Fail - other filter,Not Fit,Fail,Fail,,,4154 AUC
4154,MOV,,,,,7.142857142857142,0.0,100.0,0.07142857142857142,Fail - other filter,Not Fit,Fail,Fail,,,4154 MOV
4155,AUC,,,,,37.61904761904762,0.0,100.0,0.3761904761904762,Fail - other filter,Not Fit,Fail,Fail,,,4155 AUC
4155,MOV,,,,,3.3333333333333335,0.0,100.0,0.03333333333333333,Fail - other filter,Not Fit,Fail,Fail,,,4155 MOV
4156,MOV,,,,,7.3355,0.0,100.0,0.073355,Fail - correlation score filter,Not Fit,Fail,Fail,,,4156 MOV
4157,AUC,,,,,23.214285714285715,0.0,100.0,0.23214285714285715,Fail - other filter,Not Fit,Fail,Fail,,,4157 AUC
4141,AUC,,,,,0.742922619047619,0.0,3.7,0.20078989703989703,Fail - correlation score filter,Not Fit,Fail,Fail,,,4141 AUC
4157,MOV,,,,,8.333333333333332,0.0,100.0,0.08333333333333331,Fail - other filter,Not Fit,Fail,Fail,,,4157 MOV
4140,MOV,,,,,17.857142857142858,0.0,100.0,0.17857142857142858,Fail - other filter,Not Fit,Fail,Fail,,,4140 MOV
4139,AUC,,,,,8.17217857142857,0.0,100.0,0.0817217857142857,Fail - correlation score filter,Not Fit,Fail,Fail,,,4139 AUC
4123,MOV,,,,,10.238095238095237,0.0,100.0,0.10238095238095238,Fail - other filter,Not Fit,Fail,Fail,,,4123 MOV
4124,AUC,,,,,17.857142857142854,0.0,100.0,0.17857142857142855,Fail - other filter,Not Fit,Fail,Fail,,,4124 AUC
4124,MOV,,,,,3.571428571428571,0.0,100.0,0.03571428571428571,Fail - other filter,Not Fit,Fail,Fail,,,4124 MOV
4125,AUC,,,,,10.0,0.0,100.0,0.1,Fail - other filter,Not Fit,Fail,Fail,,,4125 AUC
4125,MOV,,,,,10.0,0.0,100.0,0.1,Fail - other filter,Not Fit,Fail,Fail,,,4125 MOV
4126,AUC,,,,,3.3333333333333335,0.0,100.0,0.03333333333333333,Fail - other filter,Not Fit,Fail,Fail,,,4126 AUC
4126,MOV,,,,,6.666666666666667,0.0,100.0,0.06666666666666667,Fail - other filter,Not Fit,Fail,Fail,,,4126 MOV
4127,AUC,,,,,6.666666666666667,0.0,100.0,0.06666666666666667,Fail - other filter,Not Fit,Fail,Fail,,,4127 AUC
4127,MOV,,,,,13.333333333333334,0.0,100.0,0.13333333333333333,Fail - other filter,Not Fit,Fail,Fail,,,4127 MOV
4128,AUC,,,,,10.476190476190474,0.0,100.0,0.10476190476190475,Fail - other filter,Not Fit,Fail,Fail,,,4128 AUC
4128,MOV,,,,,17.38095238095238,0.0,100.0,0.1738095238095238,Fail - other filter,Not Fit,Fail,Fail,,,4128 MOV
4129,AUC,,,,,11.025641025641026,0.0,100.0,0.11025641025641025,Fail - other filter,Not Fit,Fail,Fail,,,4129 AUC
4129,MOV,,,,,18.205128205128208,0.0,100.0,0.18205128205128207,Fail - other filter,Not Fit,Fail,Fail,,,4129 MOV
4130,AUC,,,,,22.023809523809522,0.0,100.0,0.22023809523809523,Fail - other filter,Not Fit,Fail,Fail,,,4130 AUC
4130,MOV,,,,,14.880952380952381,0.0,100.0,0.1488095238095238,Fail - other filter,Not Fit,Fail,Fail,,,4130 MOV
4131,AUC,,,,,5.417179487179487,0.0,33.3,0.16267806267806267,Fail - GOF check,Not Fit,Fail,Fail,3.0,0.31622776601683794,4131 AUC
4132,AUC,,,,,4.6690476190476184,0.0,33.3,0.1402116402116402,Fail - correlation score filter,Not Fit,Fail,Fail,,,4132 AUC
4133,AUC,,,,,47.52747252747253,0.0,100.0,0.4752747252747253,Fail - other filter,Not Fit,Fail,Fail,,,4133 AUC
4133,MOV,,,,,14.560439560439558,0.0,100.0,0.1456043956043956,Fail - other filter,Not Fit,Fail,Fail,,,4133 MOV
4134,AUC,,,,,55.47619047619048,0.0,100.0,0.5547619047619048,Fail - other filter,Not Fit,Fail,Fail,,,4134 AUC
4134,MOV,,,,,14.047619047619047,0.0,100.0,0.14047619047619048,Fail - other filter,Not Fit,Fail,Fail,,,4134 MOV
4135,AUC,,,,,75.89285714285714,0.0,100.0,0.7589285714285714,Fail - other filter,Not Fit,Fail,Fail,,,4135 AUC
4135,MOV,,,,,13.839285714285715,0.0,100.0,0.13839285714285715,Fail - other filter,Not Fit,Fail,Fail,,,4135 MOV
4137,AUC,,,,,23.57142857142857,0.0,100.0,0.23571428571428568,Fail - other filter,Not Fit,Fail,Fail,,,4137 AUC
4137,MOV,,,,,23.333333333333332,0.0,100.0,0.2333333333333333,Fail - other filter,Not Fit,Fail,Fail,,,4137 MOV
4138,AUC,,,,,25.44642857142857,0.0,100.0,0.2544642857142857,Fail - other filter,Not Fit,Fail,Fail,,,4138 AUC
4138,MOV,,,,,6.25,0.0,100.0,0.0625,Fail - other filter,Not Fit,Fail,Fail,,,4138 MOV
4140,AUC,,,,,17.857142857142854,0.0,100.0,0.17857142857142855,Fail - other filter,Not Fit,Fail,Fail,,,4140 AUC
4158,AUC,,,,,39.285714285714285,0.0,100.0,0.39285714285714285,Fail - other filter,Not Fit,Fail,Fail,,,4158 AUC
4158,MOV,,,,,14.285714285714285,0.0,100.0,0.14285714285714285,Fail - other filter,Not Fit,Fail,Fail,,,4158 MOV
4159,AUC,,,,,33.44155844155844,0.0,100.0,0.33441558441558444,Fail - other filter,Not Fit,Fail,Fail,,,4159 AUC
4183,AUC,,,,,20.833333333333332,0.0,100.0,0.20833333333333331,Fail - other filter,Not Fit,Fail,Fail,,,4183 AUC
4183,MOV,,,,,3.3333333333333335,0.0,100.0,0.03333333333333333,Fail - other filter,Not Fit,Fail,Fail,,,4183 MOV
4184,AUC,,,,,30.952380952380953,0.0,100.0,0.30952380952380953,Fail - other filter,Not Fit,Fail,Fail,,,4184 AUC
4184,MOV,,,,,3.3333333333333335,0.0,100.0,0.03333333333333333,Fail - other filter,Not Fit,Fail,Fail,,,4184 MOV
4185,MOV,,,,,1.2653232600732602,0.0,3.7,0.3419792594792595,Fail - GOF check,Not Fit,Fail,Fail,7.0,0.2619047619047619,4185 MOV
4186,AUC,,,,,21.319565476190476,0.0,100.0,0.21319565476190477,Fail - correlation score filter,Not Fit,Fail,Fail,,,4186 AUC
4187,AUC,,,,,24.03846153846154,0.0,100.0,0.2403846153846154,Fail - other filter,Not Fit,Fail,Fail,,,4187 AUC
4187,MOV,,,,,24.759615384615387,0.0,100.0,0.24759615384615385,Fail - other filter,Not Fit,Fail,Fail,,,4187 MOV
4188,AUC,,,,,30.35714285714286,0.0,100.0,0.3035714285714286,Fail - other filter,Not Fit,Fail,Fail,,,4188 AUC
4188,MOV,,,,,9.375,0.0,100.0,0.09375,Fail - other filter,Not Fit,Fail,Fail,,,4188 MOV
4189,AUC,,,,,23.214285714285715,0.0,100.0,0.23214285714285715,Fail - other filter,Not Fit,Fail,Fail,,,4189 AUC
4189,MOV,,,,,20.089285714285715,0.0,100.0,0.20089285714285715,Fail - other filter,Not Fit,Fail,Fail,,,4189 MOV
4191,AUC,,,,,13.333333333333334,0.0,100.0,0.13333333333333333,Fail - other filter,Not Fit,Fail,Fail,,,4191 AUC
4191,MOV,,,,,10.0,0.0,100.0,0.1,Fail - other filter,Not Fit,Fail,Fail,,,4191 MOV
4192,AUC,,,,,0.013583333333333334,0.0,0.14,0.09702380952380953,Fail - correlation score filter,Not Fit,Fail,Fail,,,4192 AUC
4193,AUC,,,,,25.0,0.0,100.0,0.25,Fail - other filter,Not Fit,Fail,Fail,,,4193 AUC
4193,MOV,,,,,6.25,0.0,100.0,0.0625,Fail - other filter,Not Fit,Fail,Fail,,,4193 MOV
4195,AUC,,,,,23.333333333333332,0.0,100.0,0.2333333333333333,Fail - other filter,Not Fit,Fail,Fail,,,4195 AUC
4195,MOV,,,,,3.3333333333333335,0.0,100.0,0.03333333333333333,Fail - other filter,Not Fit,Fail,Fail,,,4195 MOV
4196,AUC,,,,,38.46153846153846,0.0,100.0,0.3846153846153846,Fail - other filter,Not Fit,Fail,Fail,,,4196 AUC
4196,MOV,,,,,11.538461538461538,0.0,100.0,0.11538461538461538,Fail - other filter,Not Fit,Fail,Fail,,,4196 MOV
4197,AUC,,,,,32.967032967032964,0.0,100.0,0.3296703296703296,Fail - other filter,Not Fit,Fail,Fail,,,4197 AUC
4197,MOV,,,,,10.989010989010989,0.0,100.0,0.10989010989010989,Fail - other filter,Not Fit,Fail,Fail,,,4197 MOV
4198,AUC,,,,,34.61538461538461,0.0,100.0,0.34615384615384615,Fail - other filter,Not Fit,Fail,Fail,,,4198 AUC
4198,MOV,,,,,15.384615384615385,0.0,100.0,0.15384615384615385,Fail - other filter,Not Fit,Fail,Fail,,,4198 MOV
4199,AUC,,,,,32.371794871794876,0.0,100.0,0.32371794871794873,Fail - other filter,Not Fit,Fail,Fail,,,4199 AUC
4199,MOV,,,,,16.346153846153847,0.0,100.0,0.16346153846153846,Fail - other filter,Not Fit,Fail,Fail,,,4199 MOV
4181,MOV,,,,,6.666666666666667,0.0,100.0,0.06666666666666667,Fail - other filter,Not Fit,Fail,Fail,,,4181 MOV
4181,AUC,,,,,20.0,0.0,100.0,0.2,Fail - other filter,Not Fit,Fail,Fail,,,4181 AUC
4180,MOV,,,,,0.0036428571428571426,0.0,100.0,3.6428571428571423e-05,Fail - correlation score filter,Not Fit,Fail,Fail,,,4180 MOV
4180,AUC,,,,,29.30302747252747,0.0,100.0,0.2930302747252747,Fail - correlation score filter,Not Fit,Fail,Fail,,,4180 AUC
4159,MOV,,,,,9.090909090909092,0.0,100.0,0.09090909090909091,Fail - other filter,Not Fit,Fail,Fail,,,4159 MOV
4160,AUC,,,,,10.22397619047619,0.0,100.0,0.1022397619047619,Fail - correlation score filter,Not Fit,Fail,Fail,,,4160 AUC
4160,MOV,,,,,1.586755952380952,0.0,100.0,0.01586755952380952,Fail - correlation score filter,Not Fit,Fail,Fail,,,4160 MOV
4162,AUC,,,,,13.80952380952381,0.0,100.0,0.1380952380952381,Fail - other filter,Not Fit,Fail,Fail,,,4162 AUC
4162,MOV,,,,,3.3333333333333335,0.0,100.0,0.03333333333333333,Fail - other filter,Not Fit,Fail,Fail,,,4162 MOV
4163,AUC,,,,,12.916666666666664,0.0,100.0,0.12916666666666665,Fail - other filter,Not Fit,Fail,Fail,,,4163 AUC
4163,MOV,,,,,3.3333333333333335,0.0,100.0,0.03333333333333333,Fail - other filter,Not Fit,Fail,Fail,,,4163 MOV
4164,AUC,,,,,13.333333333333334,0.0,100.0,0.13333333333333333,Fail - other filter,Not Fit,Fail,Fail,,,4164 AUC
4164,MOV,,,,,3.3333333333333335,0.0,100.0,0.03333333333333333,Fail - other filter,Not Fit,Fail,Fail,,,4164 MOV
4165,AUC,,,,,10.512820512820513,0.0,100.0,0.10512820512820513,Fail - other filter,Not Fit,Fail,Fail,,,4165 AUC
4165,MOV,,,,,7.179487179487179,0.0,100.0,0.07179487179487179,Fail - other filter,Not Fit,Fail,Fail,,,4165 MOV
4166,AUC,,,,,8.728456593406591,0.0,33.3,0.26211581361581354,Fail - GOF check,Not Fit,Fail,Fail,9.0,0.23171162466125958,4166 AUC
4166,MOV,,,,,0.0,0.0,33.3,0.0,Fail - correlation score filter,Not Fit,Fail,Fail,,,4166 MOV
4123,AUC,,,,,13.80952380952381,0.0,100.0,0.1380952380952381,Fail - other filter,Not Fit,Fail,Fail,,,4123 AUC
4167,MOV,,,,,5.382690476190476,0.0,100.0,0.053826904761904756,Fail - correlation score filter,Not Fit,Fail,Fail,,,4167 MOV
4169,AUC,,,,,2.86514652014652,0.0,33.3,0.08604043604043604,Fail - correlation score filter,Not Fit,Fail,Fail,,,4169 AUC
4169,MOV,,,,,0.0014285714285714284,0.0,33.3,4.29000429000429e-05,Fail - correlation score filter,Not Fit,Fail,Fail,,,4169 MOV
4170,AUC,,,,,4.272813186813187,0.0,11.1,0.384938124938125,Fail - correlation score filter,Not Fit,Fail,Fail,,,4170 AUC
4170,MOV,,,,,1.9283095238095236,0.0,11.1,0.1737215787215787,Fail - correlation score filter,Not Fit,Fail,Fail,,,4170 MOV
4173,AUC,,,,,29.72027972027972,0.0,100.0,0.2972027972027972,Fail - other filter,Not Fit,Fail,Fail,,,4173 AUC
4173,MOV,,,,,16.083916083916083,0.0,100.0,0.16083916083916083,Fail - other filter,Not Fit,Fail,Fail,,,4173 MOV
4174,AUC,,,,,22.348484848484848,0.0,100.0,0.22348484848484848,Fail - other filter,Not Fit,Fail,Fail,,,4174 AUC
4174,MOV,,,,,8.712121212121213,0.0,100.0,0.08712121212121213,Fail - other filter,Not Fit,Fail,Fail,,,4174 MOV
4176,MOV,,,,,8.018761904761904,0.0,100.0,0.08018761904761904,Fail - correlation score filter,Not Fit,Fail,Fail,,,4176 MOV
4177,AUC,,,,,12.072716117216117,0.0,100.0,0.12072716117216117,Fail - correlation score filter,Not Fit,Fail,Fail,,,4177 AUC
4177,MOV,,,,,0.17662087912087912,0.0,100.0,0.0017662087912087912,Fail - correlation score filter,Not Fit,Fail,Fail,,,4177 MOV
4178,AUC,,,,,0.02545454545454546,0.0,0.14,0.18181818181818182,Fail - other filter,Not Fit,Fail,Fail,,,4178 AUC
4178,MOV,,,,,0.027045454545454546,0.0,0.14,0.19318181818181818,Fail - other filter,Not Fit,Fail,Fail,,,4178 MOV
961,AUC,,,,,24.523809523809526,0.0,100.0,0.24523809523809526,Fail - other filter,Not Fit,Fail,Fail,,,961 AUC
4039,AUC,,,,,15.384615384615385,0.0,100.0,0.15384615384615385,Fail - other filter,Not Fit,Fail,Fail,,,4039 AUC
4122,MOV,,,,,11.263736263736265,0.0,100.0,0.11263736263736264,Fail - other filter,Not Fit,Fail,Fail,,,4122 MOV
4120,MOV,,,,,7.417582417582418,0.0,100.0,0.07417582417582418,Fail - other filter,Not Fit,Fail,Fail,,,4120 MOV
4060,MOV,,,,,13.221153846153847,0.0,100.0,0.13221153846153846,Fail - other filter,Not Fit,Fail,Fail,,,4060 MOV
4061,AUC,,,,,0.0,0.0,100.0,0.0,Fail - other filter,Not Fit,Fail,Fail,,,4061 AUC
4061,MOV,,,,,3.8461538461538463,0.0,100.0,0.038461538461538464,Fail - other filter,Not Fit,Fail,Fail,,,4061 MOV
4062,AUC,,,,,0.8064166666666667,0.0,33.3,0.02421671671671672,Fail - correlation score filter,Not Fit,Fail,Fail,,,4062 AUC
4062,MOV,,,,,0.7213999999999998,0.0,33.3,0.02166366366366366,Fail - correlation score filter,Not Fit,Fail,Fail,,,4062 MOV
4063,AUC,,,,,0.0,0.0,100.0,0.0,Fail - other filter,Not Fit,Fail,Fail,,,4063 AUC
4063,MOV,,,,,7.417582417582418,0.0,100.0,0.07417582417582418,Fail - other filter,Not Fit,Fail,Fail,,,4063 MOV
4064,AUC,,,,,3.571428571428571,0.0,100.0,0.03571428571428571,Fail - other filter,Not Fit,Fail,Fail,,,4064 AUC
4064,MOV,,,,,3.8461538461538463,0.0,100.0,0.038461538461538464,Fail - other filter,Not Fit,Fail,Fail,,,4064 MOV
4065,AUC,,,,,13.333333333333334,0.0,100.0,0.13333333333333333,Fail - other filter,Not Fit,Fail,Fail,,,4065 AUC
4065,MOV,,,,,10.512820512820513,0.0,100.0,0.10512820512820513,Fail - other filter,Not Fit,Fail,Fail,,,4065 MOV
4068,AUC,,,,,12.5,0.0,100.0,0.125,Fail - other filter,Not Fit,Fail,Fail,,,4068 AUC
4068,MOV,,,,,12.5,0.0,100.0,0.125,Fail - other filter,Not Fit,Fail,Fail,,,4068 MOV
4069,MOV,,,,,0.764142857142857,0.0,100.0,0.00764142857142857,Fail - correlation score filter,Not Fit,Fail,Fail,,,4069 MOV
4070,AUC,,,,,7.116642857142857,0.0,100.0,0.07116642857142857,Fail - correlation score filter,Not Fit,Fail,Fail,,,4070 AUC
4070,MOV,,,,,6.075547619047619,0.0,100.0,0.060755476190476186,Fail - correlation score filter,Not Fit,Fail,Fail,,,4070 MOV
4071,AUC,,,,,10.714285714285714,0.0,100.0,0.10714285714285714,Fail - other filter,Not Fit,Fail,Fail,,,4071 AUC
4071,MOV,,,,,10.714285714285714,0.0,100.0,0.10714285714285714,Fail - other filter,Not Fit,Fail,Fail,,,4071 MOV
4072,AUC,,,,,18.75,0.0,100.0,0.1875,Fail - other filter,Not Fit,Fail,Fail,,,4072 AUC
4072,MOV,,,,,3.125,0.0,100.0,0.03125,Fail - other filter,Not Fit,Fail,Fail,,,4072 MOV
4073,AUC,,,,,10.0,0.0,100.0,0.1,Fail - other filter,Not Fit,Fail,Fail,,,4073 AUC
4073,MOV,,,,,3.3333333333333335,0.0,100.0,0.03333333333333333,Fail - other filter,Not Fit,Fail,Fail,,,4073 MOV
4074,AUC,,,,,6.25,0.0,100.0,0.0625,Fail - other filter,Not Fit,Fail,Fail,,,4074 AUC
4074,MOV,,,,,6.25,0.0,100.0,0.0625,Fail - other filter,Not Fit,Fail,Fail,,,4074 MOV
4075,AUC,,,,,25.0,0.0,100.0,0.25,Fail - other filter,Not Fit,Fail,Fail,,,4075 AUC
4075,MOV,,,,,10.714285714285714,0.0,100.0,0.10714285714285714,Fail - other filter,Not Fit,Fail,Fail,,,4075 MOV
4076,AUC,,,,,6.25,0.0,100.0,0.0625,Fail - other filter,Not Fit,Fail,Fail,,,4076 AUC
4060,AUC,,,,,20.192307692307693,0.0,100.0,0.20192307692307693,Fail - other filter,Not Fit,Fail,Fail,,,4060 AUC
4076,MOV,,,,,3.125,0.0,100.0,0.03125,Fail - other filter,Not Fit,Fail,Fail,,,4076 MOV
4059,MOV,,,,,0.6368095238095237,0.0,11.1,0.057370227370227365,Fail - GOF check,Not Fit,Fail,Fail,8.0,0.2556038601690775,4059 MOV
4058,MOV,,,,,11.538461538461538,0.0,100.0,0.11538461538461538,Fail - other filter,Not Fit,Fail,Fail,,,4058 MOV
4040,AUC,,,,,14.285714285714285,0.0,100.0,0.14285714285714285,Fail - other filter,Not Fit,Fail,Fail,,,4040 AUC
4040,MOV,,,,,10.714285714285714,0.0,100.0,0.10714285714285714,Fail - other filter,Not Fit,Fail,Fail,,,4040 MOV
4041,AUC,,,,,16.07142857142857,0.0,100.0,0.1607142857142857,Fail - other filter,Not Fit,Fail,Fail,,,4041 AUC
4041,MOV,,,,,6.696428571428571,0.0,100.0,0.06696428571428571,Fail - other filter,Not Fit,Fail,Fail,,,4041 MOV
4042,AUC,,,,,13.571428571428573,0.0,100.0,0.13571428571428573,Fail - other filter,Not Fit,Fail,Fail,,,4042 AUC
4042,MOV,,,,,10.238095238095237,0.0,100.0,0.10238095238095238,Fail - other filter,Not Fit,Fail,Fail,,,4042 MOV
4043,AUC,,,,,16.07142857142857,0.0,100.0,0.1607142857142857,Fail - other filter,Not Fit,Fail,Fail,,,4043 AUC
4043,MOV,,,,,6.696428571428571,0.0,100.0,0.06696428571428571,Fail - other filter,Not Fit,Fail,Fail,,,4043 MOV
4044,AUC,,,,,17.857142857142854,0.0,100.0,0.17857142857142855,Fail - other filter,Not Fit,Fail,Fail,,,4044 AUC
4044,MOV,,,,,17.857142857142854,0.0,100.0,0.17857142857142855,Fail - other filter,Not Fit,Fail,Fail,,,4044 MOV
4046,AUC,,,,,37.38095238095238,0.0,100.0,0.3738095238095238,Fail - other filter,Not Fit,Fail,Fail,,,4046 AUC
4046,MOV,,,,,17.38095238095238,0.0,100.0,0.1738095238095238,Fail - other filter,Not Fit,Fail,Fail,,,4046 MOV
4049,AUC,,,,,60.0,0.0,100.0,0.6,Fail - other filter,Not Fit,Fail,Fail,,,4049 AUC
4049,MOV,,,,,23.333333333333332,0.0,100.0,0.2333333333333333,Fail - other filter,Not Fit,Fail,Fail,,,4049 MOV
4050,AUC,,,,,60.0,0.0,100.0,0.6,Fail - other filter,Not Fit,Fail,Fail,,,4050 AUC
4050,MOV,,,,,13.333333333333334,0.0,100.0,0.13333333333333333,Fail - other filter,Not Fit,Fail,Fail,,,4050 MOV
4051,AUC,,,,,6.666666666666667,0.0,100.0,0.06666666666666667,Fail - other filter,Not Fit,Fail,Fail,,,4051 AUC
4051,MOV,,,,,3.3333333333333335,0.0,100.0,0.03333333333333333,Fail - other filter,Not Fit,Fail,Fail,,,4051 MOV
4053,AUC,,,,,10.512820512820513,0.0,100.0,0.10512820512820513,Fail - other filter,Not Fit,Fail,Fail,,,4053 AUC
4053,MOV,,,,,0.0,0.0,100.0,0.0,Fail - other filter,Not Fit,Fail,Fail,,,4053 MOV
4054,AUC,,,,,12.916666666666664,0.0,100.0,0.12916666666666665,Fail - other filter,Not Fit,Fail,Fail,,,4054 AUC
4054,MOV,,,,,3.125,0.0,100.0,0.03125,Fail - other filter,Not Fit,Fail,Fail,,,4054 MOV
4055,AUC,,,,,16.666666666666668,0.0,100.0,0.16666666666666669,Fail - other filter,Not Fit,Fail,Fail,,,4055 AUC
4055,MOV,,,,,0.0,0.0,100.0,0.0,Fail - other filter,Not Fit,Fail,Fail,,,4055 MOV
4057,AUC,,,,,17.692307692307693,0.0,100.0,0.17692307692307693,Fail - other filter,Not Fit,Fail,Fail,,,4057 AUC
4057,MOV,,,,,7.179487179487179,0.0,100.0,0.07179487179487179,Fail - other filter,Not Fit,Fail,Fail,,,4057 MOV
4058,AUC,,,,,15.384615384615385,0.0,100.0,0.15384615384615385,Fail - other filter,Not Fit,Fail,Fail,,,4058 AUC
4059,AUC,,,,,1.964702380952381,0.0,11.1,0.1770002145002145,Fail - correlation score filter,Not Fit,Fail,Fail,,,4059 AUC
4077,AUC,,,,,6.25,0.0,100.0,0.0625,Fail - other filter,Not Fit,Fail,Fail,,,4077 AUC
4077,MOV,,,,,6.25,0.0,100.0,0.0625,Fail - other filter,Not Fit,Fail,Fail,,,4077 MOV
4078,AUC,,,,,22.53192399267399,0.0,100.0,0.22531923992673988,Fail - correlation score filter,Not Fit,Fail,Fail,,,4078 AUC
4101,AUC,,,,,0.3243452380952382,0.0,100.0,0.003243452380952382,Fail - correlation score filter,Not Fit,Fail,Fail,,,4101 AUC
4101,MOV,,,,,1.6015595238095235,0.0,100.0,0.016015595238095235,Fail - correlation score filter,Not Fit,Fail,Fail,,,4101 MOV
4102,AUC,,,,,5.634090909090909,0.0,11.1,0.5075757575757576,Fail - other filter,Not Fit,Fail,Fail,,,4102 AUC
4102,MOV,,,,,1.4715909090909092,0.0,11.1,0.1325757575757576,Fail - other filter,Not Fit,Fail,Fail,,,4102 MOV
4103,AUC,,,,,1.7104047619047615,0.0,100.0,0.017104047619047616,Fail - correlation score filter,Not Fit,Fail,Fail,,,4103 AUC
4103,MOV,,,,,0.23625000000000002,0.0,100.0,0.0023625,Fail - correlation score filter,Not Fit,Fail,Fail,,,4103 MOV
4104,MOV,,,,,29.41929761904762,0.0,100.0,0.2941929761904762,Fail - GOF check,Not Fit,Fail,Fail,10.0,0.33962673679544186,4104 MOV
4106,AUC,,,,,6.458333333333332,0.0,100.0,0.06458333333333333,Fail - other filter,Not Fit,Fail,Fail,,,4106 AUC
4106,MOV,,,,,6.25,0.0,100.0,0.0625,Fail - other filter,Not Fit,Fail,Fail,,,4106 MOV
4107,MOV,,,,,40.85914285714286,0.0,100.0,0.40859142857142855,Fail - correlation score filter,Not Fit,Fail,Fail,,,4107 MOV
4109,AUC,,,,,13.860630952380951,0.0,100.0,0.1386063095238095,Fail - correlation score filter,Not Fit,Fail,Fail,,,4109 AUC
4109,MOV,,,,,22.22095238095238,0.0,100.0,0.2222095238095238,Fail - GOF check,Not Fit,Fail,Fail,10.0,0.2207042351384174,4109 MOV
4111,AUC,,,,,0.06885714285714284,0.0,1.23,0.0559814169570267,Fail - correlation score filter,Not Fit,Fail,Fail,,,4111 AUC
4111,MOV,,,,,0.0024226190476190476,0.0,1.23,0.0019696089818041036,Fail - correlation score filter,Not Fit,Fail,Fail,,,4111 MOV
4112,AUC,,,,,29.166666666666664,0.0,100.0,0.29166666666666663,Fail - other filter,Not Fit,Fail,Fail,,,4112 AUC
4112,MOV,,,,,9.791666666666666,0.0,100.0,0.09791666666666667,Fail - other filter,Not Fit,Fail,Fail,,,4112 MOV
4113,AUC,,,,,19.791666666666664,0.0,100.0,0.19791666666666663,Fail - other filter,Not Fit,Fail,Fail,,,4113 AUC
4113,MOV,,,,,22.291666666666664,0.0,100.0,0.22291666666666665,Fail - other filter,Not Fit,Fail,Fail,,,4113 MOV
4114,AUC,,,,,30.0,0.0,100.0,0.3,Fail - other filter,Not Fit,Fail,Fail,,,4114 AUC
4114,MOV,,,,,16.666666666666668,0.0,100.0,0.16666666666666669,Fail - other filter,Not Fit,Fail,Fail,,,4114 MOV
4115,MOV,,,,,0.43688095238095237,0.0,33.3,0.01311954811954812,Fail - correlation score filter,Not Fit,Fail,Fail,,,4115 MOV
4116,AUC,,,,,0.7029047619047619,0.0,3.7,0.18997425997425996,Fail - correlation score filter,Not Fit,Fail,Fail,,,4116 AUC
4116,MOV,,,,,0.13077380952380951,0.0,3.7,0.03534427284427284,Fail - correlation score filter,Not Fit,Fail,Fail,,,4116 MOV
4117,AUC,,,,,33.93215909090909,0.0,100.0,0.33932159090909086,Fail - correlation score filter,Not Fit,Fail,Fail,,,4117 AUC
4119,AUC,,,,,7.5389880952380945,0.0,100.0,0.07538988095238094,Fail - correlation score filter,Not Fit,Fail,Fail,,,4119 AUC
4119,MOV,,,,,0.0,0.0,100.0,0.0,Fail - correlation score filter,Not Fit,Fail,Fail,,,4119 MOV
4120,AUC,,,,,18.681318681318682,0.0,100.0,0.18681318681318682,Fail - other filter,Not Fit,Fail,Fail,,,4120 AUC
4100,MOV,,,,,2.228290476190476,0.0,3.7,0.6022406692406691,Fail - GOF check,Not Fit,Fail,Fail,7.0,0.6428571428571429,4100 MOV
4100,AUC,,,,,0.21421428571428572,0.0,3.7,0.0578957528957529,Fail - correlation score filter,Not Fit,Fail,Fail,,,4100 AUC
4099,AUC,,,,,2.882440476190476,0.0,33.3,0.08655977405977405,Fail - correlation score filter,Not Fit,Fail,Fail,,,4099 AUC
4098,MOV,,,,,2.228083333333333,0.0,100.0,0.022280833333333333,Fail - correlation score filter,Not Fit,Fail,Fail,,,4098 MOV
4079,AUC,,,,,9.375,0.0,100.0,0.09375,Fail - other filter,Not Fit,Fail,Fail,,,4079 AUC
4079,MOV,,,,,3.125,0.0,100.0,0.03125,Fail - other filter,Not Fit,Fail,Fail,,,4079 MOV
4083,AUC,,,,,14.166666666666666,0.0,100.0,0.14166666666666666,Fail - other filter,Not Fit,Fail,Fail,,,4083 AUC
4083,MOV,,,,,0.0,0.0,100.0,0.0,Fail - other filter,Not Fit,Fail,Fail,,,4083 MOV
4084,AUC,,,,,10.0,0.0,100.0,0.1,Fail - other filter,Not Fit,Fail,Fail,,,4084 AUC
4084,MOV,,,,,0.0,0.0,100.0,0.0,Fail - other filter,Not Fit,Fail,Fail,,,4084 MOV
4085,AUC,,,,,10.0,0.0,100.0,0.1,Fail - other filter,Not Fit,Fail,Fail,,,4085 AUC
4085,MOV,,,,,0.0,0.0,100.0,0.0,Fail - other filter,Not Fit,Fail,Fail,,,4085 MOV
4088,AUC,,,,,16.666666666666664,0.0,100.0,0.16666666666666663,Fail - other filter,Not Fit,Fail,Fail,,,4088 AUC
4088,MOV,,,,,13.333333333333334,0.0,100.0,0.13333333333333333,Fail - other filter,Not Fit,Fail,Fail,,,4088 MOV
4089,AUC,,,,,35.33922619047619,0.0,100.0,0.3533922619047619,Fail - correlation score filter,Not Fit,Fail,Fail,,,4089 AUC
4089,MOV,,,,,2.0523232600732597,0.0,100.0,0.020523232600732598,Fail - correlation score filter,Not Fit,Fail,Fail,,,4089 MOV
409,AUC,,,,,2.6919022817460316,0.0,50.0,0.05383804563492063,Fail - correlation score filter,Not Fit,Fail,Fail,,,409 AUC
4122,AUC,,,,,18.681318681318682,0.0,100.0,0.18681318681318682,Fail - other filter,Not Fit,Fail,Fail,,,4122 AUC
409,MOV,,,,,6.5117759844322345,0.0,50.0,0.1302355196886447,Fail - correlation score filter,Not Fit,Fail,Fail,,,409 MOV
4091,MOV,,,,,4.166666666666666,0.0,100.0,0.04166666666666666,Fail - other filter,Not Fit,Fail,Fail,,,4091 MOV
4092,AUC,,,,,21.875,0.0,100.0,0.21875,Fail - other filter,Not Fit,Fail,Fail,,,4092 AUC
4092,MOV,,,,,0.0,0.0,100.0,0.0,Fail - other filter,Not Fit,Fail,Fail,,,4092 MOV
4093,AUC,,,,,10.49312564102564,0.0,100.0,0.10493125641025641,Fail - correlation score filter,Not Fit,Fail,Fail,,,4093 AUC
4093,MOV,,,,,9.591433333333333,0.0,100.0,0.09591433333333332,Fail - correlation score filter,Not Fit,Fail,Fail,,,4093 MOV
4094,AUC,,,,,0.0,0.0,100.0,0.0,Fail - other filter,Not Fit,Fail,Fail,,,4094 AUC
4094,MOV,,,,,0.0,0.0,100.0,0.0,Fail - other filter,Not Fit,Fail,Fail,,,4094 MOV
4095,AUC,,,,,0.10167142857142855,0.0,1.23,0.08265969802555168,Fail - correlation score filter,Not Fit,Fail,Fail,,,4095 AUC
4095,MOV,,,,,0.05629761904761904,0.0,1.23,0.04577042198993418,Fail - correlation score filter,Not Fit,Fail,Fail,,,4095 MOV
4096,AUC,,,,,1.1448214285714284,0.0,3.7,0.30941119691119684,Fail - other filter,Not Fit,Fail,Fail,,,4096 AUC
4096,MOV,,,,,0.0384375,0.0,3.7,0.010388513513513513,Fail - other filter,Not Fit,Fail,Fail,,,4096 MOV
4097,AUC,,,,,0.23241025641025642,0.0,3.7,0.06281358281358282,Fail - correlation score filter,Not Fit,Fail,Fail,,,4097 AUC
4098,AUC,,,,,5.36264652014652,0.0,100.0,0.053626465201465204,Fail - correlation score filter,Not Fit,Fail,Fail,,,4098 AUC
4091,AUC,,,,,0.0,0.0,100.0,0.0,Fail - other filter,Not Fit,Fail,Fail,,,4091 AUC
961,MOV,,,,,6.904761904761905,0.0,100.0,0.06904761904761905,Fail - other filter,Not Fit,Fail,Fail,,,961 MOV
