Chemical_ID,End_Point,X_vals,Y_vals,bmdrc.Endpoint.ID
1016,AUC,,,1016 AUC
1016,MOV,0.0,1e-05,1016 MOV
1016,MOV,0.0017,1.786e-05,1016 MOV
1016,MOV,0.0033,2.525e-05,1016 MOV
1016,MOV,0.005,3.311e-05,1016 MOV
1016,MOV,0.0067,4.097e-05,1016 MOV
1016,MOV,0.0083,4.837e-05,1016 MOV
1016,MOV,0.01,5.622e-05,1016 MOV
1016,MOV,0.0117,6.408e-05,1016 MOV
1016,MOV,0.0133,7.148e-05,1016 MOV
1016,MOV,0.015,7.934e-05,1016 MOV
1016,MOV,0.0184,9.505e-05,1016 MOV
1016,MOV,0.0219,0.00011123,1016 MOV
1016,MOV,0.0253,0.00012694,1016 MOV
1016,MOV,0.0288,0.00014312,1016 MOV
1016,MOV,0.0322,0.00015883,1016 MOV
1016,MOV,0.0357,0.00017501,1016 MOV
1016,MOV,0.0391,0.00019072,1016 MOV
1016,MOV,0.0426,0.0002069,1016 MOV
1016,MOV,0.046,0.00022261,1016 MOV
1016,MOV,0.0864,0.00040931,1016 MOV
1016,MOV,0.1269,0.00059643,1016 MOV
1016,MOV,0.1673,0.00078305,1016 MOV
1016,MOV,0.2078,0.0009701,1016 MOV
1016,MOV,0.2482,0.00115665,1016 MOV
1016,MOV,0.2887,0.00134363,1016 MOV
1016,MOV,0.3291,0.00153012,1016 MOV
1016,MOV,0.3696,0.00171703,1016 MOV
1016,MOV,0.41,0.00190344,1016 MOV
1016,MOV,0.5011,0.00232367,1016 MOV
1016,MOV,0.5922,0.00274372,1016 MOV
1016,MOV,0.6833,0.00316359,1016 MOV
1016,MOV,0.7744,0.00358329,1016 MOV
1016,MOV,0.8656,0.00400327,1016 MOV
1016,MOV,0.9567,0.00442261,1016 MOV
1016,MOV,1.0478,0.00484178,1016 MOV
1016,MOV,1.1389,0.00526077,1016 MOV
1016,MOV,1.23,0.00567958,1016 MOV
1016,MOV,1.5044,0.00694001,1016 MOV
1016,MOV,1.7789,0.0081993,1016 MOV
1016,MOV,2.0533,0.00945654,1016 MOV
1016,MOV,2.3278,0.01071264,1016 MOV
1016,MOV,2.6022,0.01196669,1016 MOV
1016,MOV,2.8767,0.01321961,1016 MOV
1016,MOV,3.1511,0.01447048,1016 MOV
1016,MOV,3.4256,0.01572022,1016 MOV
1016,MOV,3.7,0.01696793,1016 MOV
1016,MOV,4.5222,0.02069703,1016 MOV
1016,MOV,5.3444,0.02441198,1016 MOV
1016,MOV,6.1667,0.0281133,1016 MOV
1016,MOV,6.9889,0.03180012,1016 MOV
1016,MOV,7.8111,0.03547295,1016 MOV
1016,MOV,8.6333,0.03913186,1016 MOV
1016,MOV,9.4556,0.04277732,1016 MOV
1016,MOV,10.2778,0.04640852,1016 MOV
1016,MOV,11.1,0.05002594,1016 MOV
1016,MOV,13.5667,0.0607965,1016 MOV
1016,MOV,16.0333,0.07144452,1016 MOV
1016,MOV,18.5,0.08197225,1016 MOV
1016,MOV,20.9667,0.09238062,1016 MOV
1016,MOV,23.4333,0.10267056,1016 MOV
1016,MOV,25.9,0.11284425,1016 MOV
1016,MOV,28.3667,0.1229026,1016 MOV
1016,MOV,30.8333,0.13284651,1016 MOV
1016,MOV,33.3,0.14267807,1016 MOV
1016,MOV,36.9889,0.15717338,1016 MOV
1016,MOV,40.6778,0.1714236,1016 MOV
1016,MOV,44.3667,0.18543288,1016 MOV
1016,MOV,48.0556,0.1992053,1016 MOV
1016,MOV,51.7444,0.2127445,1016 MOV
1016,MOV,55.4333,0.22605514,1016 MOV
1016,MOV,59.1222,0.23914074,1016 MOV
1016,MOV,62.8111,0.25200508,1016 MOV
1016,MOV,66.5,0.26465192,1016 MOV
1016,MOV,70.2222,0.2771962,1016 MOV
1016,MOV,73.9444,0.28952649,1016 MOV
1016,MOV,77.6667,0.30164677,1016 MOV
1016,MOV,81.3889,0.31355995,1016 MOV
1016,MOV,85.1111,0.32526992,1016 MOV
1016,MOV,88.8333,0.33678012,1016 MOV
1016,MOV,92.5556,0.34809427,1016 MOV
1016,MOV,96.2778,0.35921511,1016 MOV
1016,MOV,100.0,0.37014624,1016 MOV
1376,AUC,0.0,0.10143544,1376 AUC
1376,AUC,0.1111,0.10236379,1376 AUC
1376,AUC,0.2222,0.10329117,1376 AUC
1376,AUC,0.3333,0.10421759,1376 AUC
1376,AUC,0.4444,0.10514306,1376 AUC
1376,AUC,0.5556,0.10606841,1376 AUC
1376,AUC,0.6667,0.10699196,1376 AUC
1376,AUC,0.7778,0.10791456,1376 AUC
1376,AUC,0.8889,0.10883621,1376 AUC
1376,AUC,1.0,0.10975691,1376 AUC
1376,AUC,1.4444,0.11343019,1376 AUC
1376,AUC,1.8889,0.11708914,1376 AUC
1376,AUC,2.3333,0.12073217,1376 AUC
1376,AUC,2.7778,0.12436098,1376 AUC
1376,AUC,3.2222,0.127974,1376 AUC
1376,AUC,3.6667,0.13157293,1376 AUC
1376,AUC,4.1111,0.13515619,1376 AUC
1376,AUC,4.5556,0.13872548,1376 AUC
1376,AUC,5.0,0.14227923,1376 AUC
1376,AUC,5.6889,0.14775923,1376 AUC
1376,AUC,6.3778,0.15320421,1376 AUC
1376,AUC,7.0667,0.15861441,1376 AUC
1376,AUC,7.7556,0.16399004,1376 AUC
1376,AUC,8.4444,0.16933055,1376 AUC
1376,AUC,9.1333,0.17463772,1376 AUC
1376,AUC,9.8222,0.17991097,1376 AUC
1376,AUC,10.5111,0.18515054,1376 AUC
1376,AUC,11.2,0.19035663,1376 AUC
1376,AUC,13.9111,0.21052369,1376 AUC
1376,AUC,16.6222,0.23018843,1376 AUC
1376,AUC,19.3333,0.24936334,1376 AUC
1376,AUC,22.0444,0.26806063,1376 AUC
1376,AUC,24.7556,0.28629286,1376 AUC
1376,AUC,27.4667,0.30407029,1376 AUC
1376,AUC,30.1778,0.32140491,1376 AUC
1376,AUC,32.8889,0.33830775,1376 AUC
1376,AUC,35.6,0.35478956,1376 AUC
1376,AUC,37.2,0.36432328,1376 AUC
1376,AUC,38.8,0.37371612,1376 AUC
1376,AUC,40.4,0.38297017,1376 AUC
1376,AUC,42.0,0.39208748,1376 AUC
1376,AUC,43.6,0.40107008,1376 AUC
1376,AUC,45.2,0.40991994,1376 AUC
1376,AUC,46.8,0.41863904,1376 AUC
1376,AUC,48.4,0.42722931,1376 AUC
1376,AUC,50.0,0.43569264,1376 AUC
1376,MOV,,,1376 MOV
1947,AUC,,,1947 AUC
1947,MOV,,,1947 MOV
2323,AUC,,,2323 AUC
2323,MOV,,,2323 MOV
250,AUC,0.0,0.02972064,250 AUC
250,AUC,0.3472,0.02989745,250 AUC
250,AUC,0.6944,0.03007422,250 AUC
250,AUC,1.0417,0.030251,250 AUC
250,AUC,1.3889,0.03042771,250 AUC
250,AUC,1.7361,0.03060438,250 AUC
250,AUC,2.0833,0.03078102,250 AUC
250,AUC,2.4306,0.03095768,250 AUC
250,AUC,2.7778,0.03113426,250 AUC
250,AUC,3.125,0.0313108,250 AUC
250,AUC,3.4722,0.03148731,250 AUC
250,AUC,3.8194,0.03166379,250 AUC
250,AUC,4.1667,0.03184029,250 AUC
250,AUC,4.5139,0.03201671,250 AUC
250,AUC,4.8611,0.03219309,250 AUC
250,AUC,5.2083,0.03236944,250 AUC
250,AUC,5.5556,0.03254581,250 AUC
250,AUC,5.9028,0.0327221,250 AUC
250,AUC,6.25,0.03289835,250 AUC
250,AUC,6.9444,0.03325077,250 AUC
250,AUC,7.6389,0.0336031,250 AUC
250,AUC,8.3333,0.03395526,250 AUC
250,AUC,9.0278,0.03430734,250 AUC
250,AUC,9.7222,0.03465924,250 AUC
250,AUC,10.4167,0.03501106,250 AUC
250,AUC,11.1111,0.03536271,250 AUC
250,AUC,11.8056,0.03571427,250 AUC
250,AUC,12.5,0.03606566,250 AUC
250,AUC,13.8889,0.0367681,250 AUC
250,AUC,15.2778,0.03747003,250 AUC
250,AUC,16.6667,0.03817145,250 AUC
250,AUC,18.0556,0.03887235,250 AUC
250,AUC,19.4444,0.0395727,250 AUC
250,AUC,20.8333,0.04027258,250 AUC
250,AUC,22.2222,0.04097196,250 AUC
250,AUC,23.6111,0.04167082,250 AUC
250,AUC,25.0,0.04236918,250 AUC
250,AUC,27.7778,0.04376437,250 AUC
250,AUC,30.5556,0.04515752,250 AUC
250,AUC,33.3333,0.04654859,250 AUC
250,AUC,36.1111,0.04793769,250 AUC
250,AUC,38.8889,0.04932477,250 AUC
250,AUC,41.6667,0.05070982,250 AUC
250,AUC,44.4444,0.0520928,250 AUC
250,AUC,47.2222,0.05347382,250 AUC
250,AUC,50.0,0.05485283,250 AUC
250,MOV,,,250 MOV
2532,AUC,0.0,0.13964492,2532 AUC
2532,AUC,1.5889,0.14705884,2532 AUC
2532,AUC,3.1778,0.15834848,2532 AUC
2532,AUC,4.7667,0.17152639,2532 AUC
2532,AUC,6.3556,0.18589733,2532 AUC
2532,AUC,7.9444,0.20105018,2532 AUC
2532,AUC,9.5333,0.21670704,2532 AUC
2532,AUC,11.1222,0.23266254,2532 AUC
2532,AUC,12.7111,0.24876169,2532 AUC
2532,AUC,14.3,0.26488461,2532 AUC
2532,AUC,14.8556,0.27051003,2532 AUC
2532,AUC,15.4111,0.27612233,2532 AUC
2532,AUC,15.9667,0.28172043,2532 AUC
2532,AUC,16.5222,0.28729944,2532 AUC
2532,AUC,17.0778,0.29285876,2532 AUC
2532,AUC,17.6333,0.29839398,2532 AUC
2532,AUC,18.1889,0.30390489,2532 AUC
2532,AUC,18.7444,0.30938748,2532 AUC
2532,AUC,19.3,0.31484187,2532 AUC
2532,AUC,19.8444,0.32015636,2532 AUC
2532,AUC,20.3889,0.32544071,2532 AUC
2532,AUC,20.9333,0.33069166,2532 AUC
2532,AUC,21.4778,0.33590992,2532 AUC
2532,AUC,22.0222,0.34109248,2532 AUC
2532,AUC,22.5667,0.34624025,2532 AUC
2532,AUC,23.1111,0.35135044,2532 AUC
2532,AUC,23.6556,0.35642411,2532 AUC
2532,AUC,24.2,0.36145869,2532 AUC
2532,AUC,24.7444,0.36645445,2532 AUC
2532,AUC,25.2889,0.37141173,2532 AUC
2532,AUC,25.8333,0.37632822,2532 AUC
2532,AUC,26.3778,0.38120527,2532 AUC
2532,AUC,26.9222,0.38604071,2532 AUC
2532,AUC,27.4667,0.390836,2532 AUC
2532,AUC,28.0111,0.39558911,2532 AUC
2532,AUC,28.5556,0.40030156,2532 AUC
2532,AUC,29.1,0.40497143,2532 AUC
2532,AUC,29.6444,0.40959948,2532 AUC
2532,AUC,30.1889,0.41418643,2532 AUC
2532,AUC,30.7333,0.41873055,2532 AUC
2532,AUC,31.2778,0.42323349,2532 AUC
2532,AUC,31.8222,0.42769359,2532 AUC
2532,AUC,32.3667,0.43211254,2532 AUC
2532,AUC,32.9111,0.43648878,2532 AUC
2532,AUC,33.4556,0.44082401,2532 AUC
2532,AUC,34.0,0.44511676,2532 AUC
2532,MOV,0.0,0.04081554,2532 MOV
2532,MOV,1.5889,0.0427456,2532 MOV
2532,MOV,3.1778,0.04476267,2532 MOV
2532,MOV,4.7667,0.04687025,2532 MOV
2532,MOV,6.3556,0.04907197,2532 MOV
2532,MOV,7.9444,0.05137139,2532 MOV
2532,MOV,9.5333,0.05377262,2532 MOV
2532,MOV,11.1222,0.05627943,2532 MOV
2532,MOV,12.7111,0.05889583,2532 MOV
2532,MOV,14.3,0.06162593,2532 MOV
2532,MOV,14.8556,0.06260818,2532 MOV
2532,MOV,15.4111,0.06360484,2532 MOV
2532,MOV,15.9667,0.06461646,2532 MOV
2532,MOV,16.5222,0.06564285,2532 MOV
2532,MOV,17.0778,0.06668457,2532 MOV
2532,MOV,17.6333,0.06774144,2532 MOV
2532,MOV,18.1889,0.06881401,2532 MOV
2532,MOV,18.7444,0.0699021,2532 MOV
2532,MOV,19.3,0.07100628,2532 MOV
2532,MOV,19.8444,0.0721038,2532 MOV
2532,MOV,20.3889,0.07321716,2532 MOV
2532,MOV,20.9333,0.07434613,2532 MOV
2532,MOV,21.4778,0.07549129,2532 MOV
2532,MOV,22.0222,0.07665242,2532 MOV
2532,MOV,22.5667,0.07783012,2532 MOV
2532,MOV,23.1111,0.07902415,2532 MOV
2532,MOV,23.6556,0.08023513,2532 MOV
2532,MOV,24.2,0.08146279,2532 MOV
2532,MOV,24.7444,0.08270755,2532 MOV
2532,MOV,25.2889,0.08396983,2532 MOV
2532,MOV,25.8333,0.08524934,2532 MOV
2532,MOV,26.3778,0.08654675,2532 MOV
2532,MOV,26.9222,0.08786176,2532 MOV
2532,MOV,27.4667,0.08919505,2532 MOV
2532,MOV,28.0111,0.09054631,2532 MOV
2532,MOV,28.5556,0.09191623,2532 MOV
2532,MOV,29.1,0.0933045,2532 MOV
2532,MOV,29.6444,0.09471154,2532 MOV
2532,MOV,30.1889,0.09613782,2532 MOV
2532,MOV,30.7333,0.097583,2532 MOV
2532,MOV,31.2778,0.09904778,2532 MOV
2532,MOV,31.8222,0.10053184,2532 MOV
2532,MOV,32.3667,0.10203588,2532 MOV
2532,MOV,32.9111,0.10355956,2532 MOV
2532,MOV,33.4556,0.10510361,2532 MOV
2532,MOV,34.0,0.10666766,2532 MOV
2585,AUC,0.0,0.17838927,2585 AUC
2585,AUC,0.0017,0.17840187,2585 AUC
2585,AUC,0.0033,0.17841373,2585 AUC
2585,AUC,0.005,0.17842632,2585 AUC
2585,AUC,0.0067,0.17843892,2585 AUC
2585,AUC,0.0083,0.17845078,2585 AUC
2585,AUC,0.01,0.17846338,2585 AUC
2585,AUC,0.0117,0.17847597,2585 AUC
2585,AUC,0.0133,0.17848783,2585 AUC
2585,AUC,0.015,0.17850042,2585 AUC
2585,AUC,0.0184,0.17852562,2585 AUC
2585,AUC,0.0219,0.17855155,2585 AUC
2585,AUC,0.0253,0.17857674,2585 AUC
2585,AUC,0.0288,0.17860267,2585 AUC
2585,AUC,0.0322,0.17862786,2585 AUC
2585,AUC,0.0357,0.17865379,2585 AUC
2585,AUC,0.0391,0.17867898,2585 AUC
2585,AUC,0.0426,0.17870491,2585 AUC
2585,AUC,0.046,0.1787301,2585 AUC
2585,AUC,0.0564,0.17880713,2585 AUC
2585,AUC,0.0669,0.1788849,2585 AUC
2585,AUC,0.0773,0.17896192,2585 AUC
2585,AUC,0.0878,0.17903968,2585 AUC
2585,AUC,0.0982,0.17911669,2585 AUC
2585,AUC,0.1087,0.17919443,2585 AUC
2585,AUC,0.1191,0.17927142,2585 AUC
2585,AUC,0.1296,0.17934915,2585 AUC
2585,AUC,0.14,0.17942612,2585 AUC
2585,AUC,0.17,0.17964814,2585 AUC
2585,AUC,0.2,0.17987009,2585 AUC
2585,AUC,0.23,0.18009198,2585 AUC
2585,AUC,0.26,0.18031382,2585 AUC
2585,AUC,0.29,0.18053559,2585 AUC
2585,AUC,0.32,0.1807573,2585 AUC
2585,AUC,0.35,0.18097895,2585 AUC
2585,AUC,0.38,0.18120055,2585 AUC
2585,AUC,0.41,0.18142208,2585 AUC
2585,AUC,0.5011,0.18209443,2585 AUC
2585,AUC,0.5922,0.18276623,2585 AUC
2585,AUC,0.6833,0.18343748,2585 AUC
2585,AUC,0.7744,0.18410818,2585 AUC
2585,AUC,0.8656,0.18477906,2585 AUC
2585,AUC,0.9567,0.18544866,2585 AUC
2585,AUC,1.0478,0.18611771,2585 AUC
2585,AUC,1.1389,0.1867862,2585 AUC
2585,AUC,1.23,0.18745415,2585 AUC
2585,AUC,4.7933,0.21315441,2585 AUC
2585,AUC,8.3567,0.23804247,2585 AUC
2585,AUC,11.92,0.26214266,2585 AUC
2585,AUC,15.4833,0.28548057,2585 AUC
2585,AUC,19.0467,0.30808094,2585 AUC
2585,AUC,22.61,0.32996586,2585 AUC
2585,AUC,26.1733,0.35115857,2585 AUC
2585,AUC,29.7367,0.37168154,2585 AUC
2585,AUC,33.3,0.39155481,2585 AUC
2585,AUC,36.9889,0.41146663,2585 AUC
2585,AUC,40.6778,0.43072682,2585 AUC
2585,AUC,44.3667,0.4493567,2585 AUC
2585,AUC,48.0556,0.46737691,2585 AUC
2585,AUC,51.7444,0.48480693,2585 AUC
2585,AUC,55.4333,0.501667,2585 AUC
2585,AUC,59.1222,0.51797531,2585 AUC
2585,AUC,62.8111,0.53374993,2585 AUC
2585,AUC,66.5,0.5490083,2585 AUC
2585,AUC,70.2222,0.56389835,2585 AUC
2585,AUC,73.9444,0.57829678,2585 AUC
2585,AUC,77.6667,0.59222019,2585 AUC
2585,AUC,81.3889,0.60568354,2585 AUC
2585,AUC,85.1111,0.61870238,2585 AUC
2585,AUC,88.8333,0.63129139,2585 AUC
2585,AUC,92.5556,0.64346508,2585 AUC
2585,AUC,96.2778,0.65523651,2585 AUC
2585,AUC,100.0,0.6666193,2585 AUC
2585,MOV,0.0,1e-05,2585 MOV
2585,MOV,0.0017,1.565e-05,2585 MOV
2585,MOV,0.0033,2.098e-05,2585 MOV
2585,MOV,0.005,2.663e-05,2585 MOV
2585,MOV,0.0067,3.228e-05,2585 MOV
2585,MOV,0.0083,3.761e-05,2585 MOV
2585,MOV,0.01,4.326e-05,2585 MOV
2585,MOV,0.0117,4.891e-05,2585 MOV
2585,MOV,0.0133,5.424e-05,2585 MOV
2585,MOV,0.015,5.989e-05,2585 MOV
2585,MOV,0.0184,7.12e-05,2585 MOV
2585,MOV,0.0219,8.284e-05,2585 MOV
2585,MOV,0.0253,9.415e-05,2585 MOV
2585,MOV,0.0288,0.00010579,2585 MOV
2585,MOV,0.0322,0.00011709,2585 MOV
2585,MOV,0.0357,0.00012873,2585 MOV
2585,MOV,0.0391,0.00014004,2585 MOV
2585,MOV,0.0426,0.00015168,2585 MOV
2585,MOV,0.046,0.00016299,2585 MOV
2585,MOV,0.0564,0.00019757,2585 MOV
2585,MOV,0.0669,0.00023249,2585 MOV
2585,MOV,0.0773,0.00026707,2585 MOV
2585,MOV,0.0878,0.00030199,2585 MOV
2585,MOV,0.0982,0.00033657,2585 MOV
2585,MOV,0.1087,0.00037148,2585 MOV
2585,MOV,0.1191,0.00040606,2585 MOV
2585,MOV,0.1296,0.00044097,2585 MOV
2585,MOV,0.14,0.00047554,2585 MOV
2585,MOV,0.17,0.00057528,2585 MOV
2585,MOV,0.2,0.000675,2585 MOV
2585,MOV,0.23,0.00077471,2585 MOV
2585,MOV,0.26,0.00087441,2585 MOV
2585,MOV,0.29,0.0009741,2585 MOV
2585,MOV,0.32,0.00107378,2585 MOV
2585,MOV,0.35,0.00117345,2585 MOV
2585,MOV,0.38,0.00127312,2585 MOV
2585,MOV,0.41,0.00137277,2585 MOV
2585,MOV,0.5011,0.00167532,2585 MOV
2585,MOV,0.5922,0.00197777,2585 MOV
2585,MOV,0.6833,0.00228014,2585 MOV
2585,MOV,0.7744,0.00258241,2585 MOV
2585,MOV,0.8656,0.00288492,2585 MOV
2585,MOV,0.9567,0.00318701,2585 MOV
2585,MOV,1.0478,0.00348901,2585 MOV
2585,MOV,1.1389,0.00379092,2585 MOV
2585,MOV,1.23,0.00409273,2585 MOV
2585,MOV,4.7933,0.01582653,2585 MOV
2585,MOV,8.3567,0.0274224,2585 MOV
2585,MOV,11.92,0.03888132,2585 MOV
2585,MOV,15.4833,0.05020524,2585 MOV
2585,MOV,19.0467,0.06139605,2585 MOV
2585,MOV,22.61,0.07245469,2585 MOV
2585,MOV,26.1733,0.08338305,2585 MOV
2585,MOV,29.7367,0.09418294,2585 MOV
2585,MOV,33.3,0.10485529,2585 MOV
2585,MOV,36.9889,0.11577138,2585 MOV
2585,MOV,40.6778,0.12655434,2585 MOV
2585,MOV,44.3667,0.13720581,2585 MOV
2585,MOV,48.0556,0.14772738,2585 MOV
2585,MOV,51.7444,0.15812037,2585 MOV
2585,MOV,55.4333,0.1683869,2585 MOV
2585,MOV,59.1222,0.17852823,2585 MOV
2585,MOV,62.8111,0.18854588,2585 MOV
2585,MOV,66.5,0.19844138,2585 MOV
2585,MOV,70.2222,0.20830389,2585 MOV
2585,MOV,73.9444,0.21804506,2585 MOV
2585,MOV,77.6667,0.22766662,2585 MOV
2585,MOV,81.3889,0.23716955,2585 MOV
2585,MOV,85.1111,0.24655554,2585 MOV
2585,MOV,88.8333,0.25582605,2585 MOV
2585,MOV,92.5556,0.26498274,2585 MOV
2585,MOV,96.2778,0.27402652,2585 MOV
2585,MOV,100.0,0.28295902,2585 MOV
2589,AUC,,,2589 AUC
2589,MOV,,,2589 MOV
2596,AUC,,,2596 AUC
2596,MOV,,,2596 MOV
2597,AUC,,,2597 AUC
2597,MOV,,,2597 MOV
2599,AUC,,,2599 AUC
2599,MOV,,,2599 MOV
2743,AUC,0.0,0.20722374,2743 AUC
2743,AUC,0.0006,0.20722544,2743 AUC
2743,AUC,0.0011,0.20722686,2743 AUC
2743,AUC,0.0017,0.20722856,2743 AUC
2743,AUC,0.0022,0.20722998,2743 AUC
2743,AUC,0.0028,0.20723168,2743 AUC
2743,AUC,0.0033,0.2072331,2743 AUC
2743,AUC,0.0039,0.2072348,2743 AUC
2743,AUC,0.0044,0.20723622,2743 AUC
2743,AUC,0.005,0.20723792,2743 AUC
2743,AUC,0.0061,0.20724103,2743 AUC
2743,AUC,0.0072,0.20724415,2743 AUC
2743,AUC,0.0083,0.20724727,2743 AUC
2743,AUC,0.0094,0.20725039,2743 AUC
2743,AUC,0.0106,0.20725379,2743 AUC
2743,AUC,0.0117,0.20725691,2743 AUC
2743,AUC,0.0128,0.20726003,2743 AUC
2743,AUC,0.0139,0.20726315,2743 AUC
2743,AUC,0.015,0.20726626,2743 AUC
2743,AUC,0.0184,0.2072759,2743 AUC
2743,AUC,0.0219,0.20728583,2743 AUC
2743,AUC,0.0253,0.20729547,2743 AUC
2743,AUC,0.0288,0.20730539,2743 AUC
2743,AUC,0.0322,0.20731503,2743 AUC
2743,AUC,0.0357,0.20732495,2743 AUC
2743,AUC,0.0391,0.20733459,2743 AUC
2743,AUC,0.0426,0.20734452,2743 AUC
2743,AUC,0.046,0.20735416,2743 AUC
2743,AUC,0.0564,0.20738365,2743 AUC
2743,AUC,0.0669,0.20741343,2743 AUC
2743,AUC,0.0773,0.20744293,2743 AUC
2743,AUC,0.0878,0.20747271,2743 AUC
2743,AUC,0.0982,0.20750221,2743 AUC
2743,AUC,0.1087,0.207532,2743 AUC
2743,AUC,0.1191,0.20756151,2743 AUC
2743,AUC,0.1296,0.2075913,2743 AUC
2743,AUC,0.14,0.20762082,2743 AUC
2743,AUC,0.17,0.20770596,2743 AUC
2743,AUC,0.2,0.20779113,2743 AUC
2743,AUC,0.23,0.20787631,2743 AUC
2743,AUC,0.26,0.20796152,2743 AUC
2743,AUC,0.29,0.20804675,2743 AUC
2743,AUC,0.32,0.208132,2743 AUC
2743,AUC,0.35,0.20821727,2743 AUC
2743,AUC,0.38,0.20830256,2743 AUC
2743,AUC,0.41,0.20838787,2743 AUC
2743,AUC,0.5011,0.20864705,2743 AUC
2743,AUC,0.5922,0.20890643,2743 AUC
2743,AUC,0.6833,0.209166,2743 AUC
2743,AUC,0.7744,0.20942575,2743 AUC
2743,AUC,0.8656,0.20968598,2743 AUC
2743,AUC,0.9567,0.20994612,2743 AUC
2743,AUC,1.0478,0.21020644,2743 AUC
2743,AUC,1.1389,0.21046696,2743 AUC
2743,AUC,1.23,0.21072766,2743 AUC
2743,AUC,1.5044,0.21151406,2743 AUC
2743,AUC,1.7789,0.21230247,2743 AUC
2743,AUC,2.0533,0.2130923,2743 AUC
2743,AUC,2.3278,0.21388413,2743 AUC
2743,AUC,2.6022,0.21467738,2743 AUC
2743,AUC,2.8767,0.21547263,2743 AUC
2743,AUC,3.1511,0.2162693,2743 AUC
2743,AUC,3.4256,0.21706796,2743 AUC
2743,AUC,3.7,0.21786803,2743 AUC
2743,AUC,4.5222,0.22027548,2743 AUC
2743,AUC,5.3444,0.22269811,2743 AUC
2743,AUC,6.1667,0.22513615,2743 AUC
2743,AUC,6.9889,0.22758895,2743 AUC
2743,AUC,7.8111,0.23005672,2743 AUC
2743,AUC,8.6333,0.23253939,2743 AUC
2743,AUC,9.4556,0.23503719,2743 AUC
2743,AUC,10.2778,0.23754944,2743 AUC
2743,AUC,11.1,0.24007635,2743 AUC
2743,MOV,,,2743 MOV
2900,AUC,,,2900 AUC
2900,MOV,,,2900 MOV
295,AUC,0.0,0.0390212,295 AUC
295,AUC,0.3472,0.03923028,295 AUC
295,AUC,0.6944,0.03943931,295 AUC
295,AUC,1.0417,0.03964836,295 AUC
295,AUC,1.3889,0.0398573,295 AUC
295,AUC,1.7361,0.0400662,295 AUC
295,AUC,2.0833,0.04027505,295 AUC
295,AUC,2.4306,0.04048392,295 AUC
295,AUC,2.7778,0.04069268,295 AUC
295,AUC,3.125,0.04090139,295 AUC
295,AUC,3.4722,0.04111006,295 AUC
295,AUC,3.8194,0.04131869,295 AUC
295,AUC,4.1667,0.04152733,295 AUC
295,AUC,4.5139,0.04173586,295 AUC
295,AUC,4.8611,0.04194435,295 AUC
295,AUC,5.2083,0.04215279,295 AUC
295,AUC,5.5556,0.04236125,295 AUC
295,AUC,5.9028,0.0425696,295 AUC
295,AUC,6.25,0.04277791,295 AUC
295,AUC,6.9444,0.04319439,295 AUC
295,AUC,7.6389,0.04361074,295 AUC
295,AUC,8.3333,0.04402686,295 AUC
295,AUC,9.0278,0.04444285,295 AUC
295,AUC,9.7222,0.04485861,295 AUC
295,AUC,10.4167,0.04527424,295 AUC
295,AUC,11.1111,0.04568963,295 AUC
295,AUC,11.8056,0.0461049,295 AUC
295,AUC,12.5,0.04651993,295 AUC
295,AUC,13.8889,0.04734951,295 AUC
295,AUC,15.2778,0.04817837,295 AUC
295,AUC,16.6667,0.0490065,295 AUC
295,AUC,18.0556,0.04983392,295 AUC
295,AUC,19.4444,0.05066056,295 AUC
295,AUC,20.8333,0.05148653,295 AUC
295,AUC,22.2222,0.05231179,295 AUC
295,AUC,23.6111,0.05313633,295 AUC
295,AUC,25.0,0.05396015,295 AUC
295,AUC,27.7778,0.05560565,295 AUC
295,AUC,30.5556,0.05724828,295 AUC
295,AUC,33.3333,0.058888,295 AUC
295,AUC,36.1111,0.06052492,295 AUC
295,AUC,38.8889,0.062159,295 AUC
295,AUC,41.6667,0.06379023,295 AUC
295,AUC,44.4444,0.06541857,295 AUC
295,AUC,47.2222,0.06704413,295 AUC
295,AUC,50.0,0.06866687,295 AUC
295,MOV,,,295 MOV
3191,AUC,,,3191 AUC
3191,MOV,,,3191 MOV
325,AUC,,,325 AUC
325,MOV,,,325 MOV
3408,AUC,,,3408 AUC
3408,MOV,,,3408 MOV
3409,AUC,0.0,0.10071744,3409 AUC
3409,AUC,0.2822,0.11314891,3409 AUC
3409,AUC,0.5644,0.12540853,3409 AUC
3409,AUC,0.8467,0.13750293,3409 AUC
3409,AUC,1.1289,0.14942589,3409 AUC
3409,AUC,1.4111,0.16118403,3409 AUC
3409,AUC,1.6933,0.17277963,3409 AUC
3409,AUC,1.9756,0.18421895,3409 AUC
3409,AUC,2.2578,0.19549612,3409 AUC
3409,AUC,2.54,0.20661739,3409 AUC
3409,AUC,2.7544,0.21496384,3409 AUC
3409,AUC,2.9689,0.22322631,3409 AUC
3409,AUC,3.1833,0.23139803,3409 AUC
3409,AUC,3.3978,0.23948754,3409 AUC
3409,AUC,3.6122,0.24748819,3409 AUC
3409,AUC,3.8267,0.25540834,3409 AUC
3409,AUC,4.0411,0.2632415,3409 AUC
3409,AUC,4.2556,0.27099586,3409 AUC
3409,AUC,4.47,0.27866503,3409 AUC
3409,AUC,4.8344,0.29151514,3409 AUC
3409,AUC,5.1989,0.30413976,3409 AUC
3409,AUC,5.5633,0.31653605,3409 AUC
3409,AUC,5.9278,0.32871481,3409 AUC
3409,AUC,6.2922,0.34067331,3409 AUC
3409,AUC,6.6567,0.35242197,3409 AUC
3409,AUC,7.0211,0.36395815,3409 AUC
3409,AUC,7.3856,0.37529189,3409 AUC
3409,AUC,7.75,0.38642065,3409 AUC
3409,AUC,8.4222,0.40643206,3409 AUC
3409,AUC,9.0944,0.42579081,3409 AUC
3409,AUC,9.7667,0.44452093,3409 AUC
3409,AUC,10.4389,0.46263744,3409 AUC
3409,AUC,11.1111,0.4801631,3409 AUC
3409,AUC,11.7833,0.49711717,3409 AUC
3409,AUC,12.4556,0.51352069,3409 AUC
3409,AUC,13.1278,0.52938683,3409 AUC
3409,AUC,13.8,0.54473551,3409 AUC
3409,MOV,,,3409 MOV
3689,AUC,0.0,0.35267318,3689 AUC
3689,AUC,0.2778,0.3531944,3689 AUC
3689,AUC,0.5556,0.35371519,3689 AUC
3689,AUC,0.8333,0.35423538,3689 AUC
3689,AUC,1.1111,0.35475533,3689 AUC
3689,AUC,1.3889,0.35527487,3689 AUC
3689,AUC,1.6667,0.35579399,3689 AUC
3689,AUC,1.9444,0.3563125,3689 AUC
3689,AUC,2.2222,0.35683079,3689 AUC
3689,AUC,2.5,0.35734865,3689 AUC
3689,AUC,2.7778,0.3578661,3689 AUC
3689,AUC,3.0556,0.35838313,3689 AUC
3689,AUC,3.3333,0.35889956,3689 AUC
3689,AUC,3.6111,0.35941576,3689 AUC
3689,AUC,3.8889,0.35993155,3689 AUC
3689,AUC,4.1667,0.36044692,3689 AUC
3689,AUC,4.4444,0.36096169,3689 AUC
3689,AUC,4.7222,0.36147623,3689 AUC
3689,AUC,5.0,0.36199035,3689 AUC
3689,AUC,5.2778,0.36250406,3689 AUC
3689,AUC,5.5556,0.36301736,3689 AUC
3689,AUC,5.8333,0.36353006,3689 AUC
3689,AUC,6.1111,0.36404253,3689 AUC
3689,AUC,6.3889,0.36455459,3689 AUC
3689,AUC,6.6667,0.36506624,3689 AUC
3689,AUC,6.9444,0.36557729,3689 AUC
3689,AUC,7.2222,0.36608812,3689 AUC
3689,AUC,7.5,0.36659853,3689 AUC
3689,AUC,7.7778,0.36710853,3689 AUC
3689,AUC,8.0556,0.36761812,3689 AUC
3689,AUC,8.3333,0.36812712,3689 AUC
3689,AUC,8.6111,0.36863589,3689 AUC
3689,AUC,8.8889,0.36914425,3689 AUC
3689,AUC,9.1667,0.3696522,3689 AUC
3689,AUC,9.4444,0.37015956,3689 AUC
3689,AUC,9.7222,0.37066669,3689 AUC
3689,AUC,10.0,0.37117342,3689 AUC
3689,AUC,10.5556,0.37218565,3689 AUC
3689,AUC,11.1111,0.37319606,3689 AUC
3689,AUC,11.6667,0.37420503,3689 AUC
3689,AUC,12.2222,0.3752122,3689 AUC
3689,AUC,12.7778,0.37621793,3689 AUC
3689,AUC,13.3333,0.37722185,3689 AUC
3689,AUC,13.8889,0.37822434,3689 AUC
3689,AUC,14.4444,0.37922504,3689 AUC
3689,AUC,15.0,0.38022431,3689 AUC
3689,AUC,15.5556,0.38122197,3689 AUC
3689,AUC,16.1111,0.38221784,3689 AUC
3689,AUC,16.6667,0.38321229,3689 AUC
3689,AUC,17.2222,0.38420496,3689 AUC
3689,AUC,17.7778,0.38519621,3689 AUC
3689,AUC,18.3333,0.38618569,3689 AUC
3689,AUC,18.8889,0.38717375,3689 AUC
3689,AUC,19.4444,0.38816004,3689 AUC
3689,AUC,20.0,0.38914493,3689 AUC
3689,AUC,21.1111,0.39110976,3689 AUC
3689,AUC,22.2222,0.39306828,3689 AUC
3689,AUC,23.3333,0.3950205,3689 AUC
3689,AUC,24.4444,0.39696644,3689 AUC
3689,AUC,25.5556,0.39890629,3689 AUC
3689,AUC,26.6667,0.40083973,3689 AUC
3689,AUC,27.7778,0.40276695,3689 AUC
3689,AUC,28.8889,0.40468798,3689 AUC
3689,AUC,30.0,0.40660282,3689 AUC
3689,AUC,31.1111,0.4085115,3689 AUC
3689,AUC,32.2222,0.41041405,3689 AUC
3689,AUC,33.3333,0.41231047,3689 AUC
3689,AUC,34.4444,0.4142008,3689 AUC
3689,AUC,35.5556,0.41608521,3689 AUC
3689,AUC,36.6667,0.41796339,3689 AUC
3689,AUC,37.7778,0.41983554,3689 AUC
3689,AUC,38.8889,0.42170166,3689 AUC
3689,AUC,40.0,0.42356177,3689 AUC
3689,AUC,41.1111,0.42541591,3689 AUC
3689,AUC,42.2222,0.42726408,3689 AUC
3689,AUC,43.3333,0.42910631,3689 AUC
3689,AUC,44.4444,0.43094261,3689 AUC
3689,AUC,45.5556,0.43277317,3689 AUC
3689,AUC,46.6667,0.43459767,3689 AUC
3689,AUC,47.7778,0.43641631,3689 AUC
3689,AUC,48.8889,0.4382291,3689 AUC
3689,AUC,50.0,0.44003605,3689 AUC
3689,AUC,51.1111,0.4418372,3689 AUC
3689,AUC,52.2222,0.44363255,3689 AUC
3689,AUC,53.3333,0.44542213,3689 AUC
3689,AUC,54.4444,0.44720595,3689 AUC
3689,AUC,55.5556,0.44898419,3689 AUC
3689,AUC,56.6667,0.45075655,3689 AUC
3689,AUC,57.7778,0.45252321,3689 AUC
3689,AUC,58.8889,0.45428419,3689 AUC
3689,AUC,60.0,0.45603951,3689 AUC
3689,AUC,62.2222,0.45953322,3689 AUC
3689,AUC,64.4444,0.46300449,3689 AUC
3689,AUC,66.6667,0.46645362,3689 AUC
3689,AUC,68.8889,0.46988044,3689 AUC
3689,AUC,71.1111,0.47328525,3689 AUC
3689,AUC,73.3333,0.4766682,3689 AUC
3689,AUC,75.5556,0.48002957,3689 AUC
3689,AUC,77.7778,0.4833692,3689 AUC
3689,AUC,80.0,0.48668737,3689 AUC
3689,AUC,82.2222,0.48998424,3689 AUC
3689,AUC,84.4444,0.49325993,3689 AUC
3689,AUC,86.6667,0.49651473,3689 AUC
3689,AUC,88.8889,0.49974848,3689 AUC
3689,AUC,91.1111,0.50296146,3689 AUC
3689,AUC,93.3333,0.5061538,3689 AUC
3689,AUC,95.5556,0.50932579,3689 AUC
3689,AUC,97.7778,0.51247725,3689 AUC
3689,AUC,100.0,0.51560848,3689 AUC
3689,MOV,0.0,0.36070431,3689 MOV
3689,MOV,0.2778,0.36224693,3689 MOV
3689,MOV,0.5556,0.36378583,3689 MOV
3689,MOV,0.8333,0.36532047,3689 MOV
3689,MOV,1.1111,0.36685195,3689 MOV
3689,MOV,1.3889,0.36837974,3689 MOV
3689,MOV,1.6667,0.36990385,3689 MOV
3689,MOV,1.9444,0.37142373,3689 MOV
3689,MOV,2.2222,0.37294048,3689 MOV
3689,MOV,2.5,0.37445358,3689 MOV
3689,MOV,2.7778,0.37596303,3689 MOV
3689,MOV,3.0556,0.37746883,3689 MOV
3689,MOV,3.3333,0.37897046,3689 MOV
3689,MOV,3.6111,0.38046901,3689 MOV
3689,MOV,3.8889,0.38196394,3689 MOV
3689,MOV,4.1667,0.38345526,3689 MOV
3689,MOV,4.4444,0.38494246,3689 MOV
3689,MOV,4.7222,0.38642659,3689 MOV
3689,MOV,5.0,0.38790715,3689 MOV
3689,MOV,5.2778,0.38938413,3689 MOV
3689,MOV,5.5556,0.39085755,3689 MOV
3689,MOV,5.8333,0.39232689,3689 MOV
3689,MOV,6.1111,0.3937932,3689 MOV
3689,MOV,6.3889,0.39525598,3689 MOV
3689,MOV,6.6667,0.39671523,3689 MOV
3689,MOV,6.9444,0.39817044,3689 MOV
3689,MOV,7.2222,0.39962266,3689 MOV
3689,MOV,7.5,0.40107137,3689 MOV
3689,MOV,7.7778,0.40251659,3689 MOV
3689,MOV,8.0556,0.40395832,3689 MOV
3689,MOV,8.3333,0.40539605,3689 MOV
3689,MOV,8.6111,0.40683084,3689 MOV
3689,MOV,8.8889,0.40826216,3689 MOV
3689,MOV,9.1667,0.40969002,3689 MOV
3689,MOV,9.4444,0.41111393,3689 MOV
3689,MOV,9.7222,0.41253492,3689 MOV
3689,MOV,10.0,0.41395247,3689 MOV
3689,MOV,10.5556,0.41677733,3689 MOV
3689,MOV,11.1111,0.41958807,3689 MOV
3689,MOV,11.6667,0.42238576,3689 MOV
3689,MOV,12.2222,0.42516947,3689 MOV
3689,MOV,12.7778,0.42794026,3689 MOV
3689,MOV,13.3333,0.4306972,3689 MOV
3689,MOV,13.8889,0.43344135,3689 MOV
3689,MOV,14.4444,0.43617178,3689 MOV
3689,MOV,15.0,0.43888954,3689 MOV
3689,MOV,15.5556,0.44159419,3689 MOV
3689,MOV,16.1111,0.44428533,3689 MOV
3689,MOV,16.6667,0.44696398,3689 MOV
3689,MOV,17.2222,0.44962924,3689 MOV
3689,MOV,17.7778,0.45228213,3689 MOV
3689,MOV,18.3333,0.45492176,3689 MOV
3689,MOV,18.8889,0.45754914,3689 MOV
3689,MOV,19.4444,0.46016338,3689 MOV
3689,MOV,20.0,0.46276549,3689 MOV
3689,MOV,21.1111,0.46793169,3689 MOV
3689,MOV,22.2222,0.47304821,3689 MOV
3689,MOV,23.3333,0.47811552,3689 MOV
3689,MOV,24.4444,0.48313411,3689 MOV
3689,MOV,25.5556,0.48810488,3689 MOV
3689,MOV,26.6667,0.49302741,3689 MOV
3689,MOV,27.7778,0.4979026,3689 MOV
3689,MOV,28.8889,0.50273091,3689 MOV
3689,MOV,30.0,0.50751279,3689 MOV
3689,MOV,31.1111,0.51224868,3689 MOV
3689,MOV,32.2222,0.51693903,3689 MOV
3689,MOV,33.3333,0.52158428,3689 MOV
3689,MOV,34.4444,0.52618486,3689 MOV
3689,MOV,35.5556,0.53074161,3689 MOV
3689,MOV,36.6667,0.53525413,3689 MOV
3689,MOV,37.7778,0.53972325,3689 MOV
3689,MOV,38.8889,0.5441494,3689 MOV
3689,MOV,40.0,0.54853299,3689 MOV
3689,MOV,41.1111,0.55287442,3689 MOV
3689,MOV,42.2222,0.55717411,3689 MOV
3689,MOV,43.3333,0.56143244,3689 MOV
3689,MOV,44.4444,0.56564983,3689 MOV
3689,MOV,45.5556,0.56982704,3689 MOV
3689,MOV,46.6667,0.5739637,3689 MOV
3689,MOV,47.7778,0.57806059,3689 MOV
3689,MOV,48.8889,0.58211807,3689 MOV
3689,MOV,50.0,0.58613654,3689 MOV
3689,MOV,51.1111,0.59011637,3689 MOV
3689,MOV,52.2222,0.59405792,3689 MOV
3689,MOV,53.3333,0.59796158,3689 MOV
3689,MOV,54.4444,0.60182769,3689 MOV
3689,MOV,55.5556,0.60565697,3689 MOV
3689,MOV,56.6667,0.60944908,3689 MOV
3689,MOV,57.7778,0.61320473,3689 MOV
3689,MOV,58.8889,0.61692426,3689 MOV
3689,MOV,60.0,0.62060802,3689 MOV
3689,MOV,62.2222,0.62786962,3689 MOV
3689,MOV,64.4444,0.63499223,3689 MOV
3689,MOV,66.6667,0.64197882,3689 MOV
3689,MOV,68.8889,0.64883137,3689 MOV
3689,MOV,71.1111,0.65555277,3689 MOV
3689,MOV,73.3333,0.66214552,3689 MOV
3689,MOV,75.5556,0.66861237,3689 MOV
3689,MOV,77.7778,0.67495516,3689 MOV
3689,MOV,80.0,0.68117654,3689 MOV
3689,MOV,82.2222,0.68727885,3689 MOV
3689,MOV,84.4444,0.69326436,3689 MOV
3689,MOV,86.6667,0.69913557,3689 MOV
3689,MOV,88.8889,0.70489414,3689 MOV
3689,MOV,91.1111,0.71054249,3689 MOV
3689,MOV,93.3333,0.71608273,3689 MOV
3689,MOV,95.5556,0.72151718,3689 MOV
3689,MOV,97.7778,0.72684736,3689 MOV
3689,MOV,100.0,0.73207553,3689 MOV
3690,AUC,,,3690 AUC
3690,MOV,,,3690 MOV
3756,AUC,0.0,0.06007295,3756 AUC
3756,AUC,0.24,0.06874499,3756 AUC
3756,AUC,0.48,0.07416831,3756 AUC
3756,AUC,0.72,0.07853233,3756 AUC
3756,AUC,0.96,0.08228297,3756 AUC
3756,AUC,1.2,0.08561631,3756 AUC
3756,AUC,1.44,0.0886407,3756 AUC
3756,AUC,1.68,0.09142395,3756 AUC
3756,AUC,1.92,0.09401194,3756 AUC
3756,AUC,2.16,0.09643756,3756 AUC
3756,AUC,2.6756,0.10120661,3756 AUC
3756,AUC,3.1911,0.10549983,3756 AUC
3756,AUC,3.7067,0.10942484,3756 AUC
3756,AUC,4.2222,0.11305178,3756 AUC
3756,AUC,4.7378,0.11643329,3756 AUC
3756,AUC,5.2533,0.11960616,3756 AUC
3756,AUC,5.7689,0.12260092,3756 AUC
3756,AUC,6.2844,0.12543947,3756 AUC
3756,AUC,6.8,0.12814146,3756 AUC
3756,AUC,7.6778,0.13246798,3756 AUC
3756,AUC,8.5556,0.1364991,3756 AUC
3756,AUC,9.4333,0.140279,3756 AUC
3756,AUC,10.3111,0.14384313,3756 AUC
3756,AUC,11.1889,0.14721849,3756 AUC
3756,AUC,12.0667,0.1504273,3756 AUC
3756,AUC,12.9444,0.1534875,3756 AUC
3756,AUC,13.8222,0.15641503,3756 AUC
3756,AUC,14.7,0.15922239,3756 AUC
3756,AUC,16.5778,0.16487326,3756 AUC
3756,AUC,18.4556,0.17010861,3756 AUC
3756,AUC,20.3333,0.17499289,3756 AUC
3756,AUC,22.2111,0.17957653,3756 AUC
3756,AUC,24.0889,0.18389872,3756 AUC
3756,AUC,25.9667,0.18799125,3756 AUC
3756,AUC,27.8444,0.19187996,3756 AUC
3756,AUC,29.7222,0.19558689,3756 AUC
3756,AUC,31.6,0.19913003,3756 AUC
3756,AUC,34.3333,0.20402595,3756 AUC
3756,AUC,37.0667,0.20864706,3756 AUC
3756,AUC,39.8,0.21302535,3756 AUC
3756,AUC,42.5333,0.21718769,3756 AUC
3756,AUC,45.2667,0.22115656,3756 AUC
3756,AUC,48.0,0.22495055,3756 AUC
3756,AUC,50.7333,0.22858595,3756 AUC
3756,AUC,53.4667,0.23207681,3756 AUC
3756,AUC,56.2,0.23543493,3756 AUC
3756,AUC,58.2889,0.23791856,3756 AUC
3756,AUC,60.3778,0.24033516,3756 AUC
3756,AUC,62.4667,0.24268854,3756 AUC
3756,AUC,64.5556,0.24498222,3756 AUC
3756,AUC,66.6444,0.24721928,3756 AUC
3756,AUC,68.7333,0.24940288,3756 AUC
3756,AUC,70.8222,0.25153563,3756 AUC
3756,AUC,72.9111,0.25362002,3756 AUC
3756,AUC,75.0,0.25565837,3756 AUC
3756,AUC,77.7778,0.25830129,3756 AUC
3756,AUC,80.5556,0.26087119,3756 AUC
3756,AUC,83.3333,0.26337222,3756 AUC
3756,AUC,86.1111,0.26580838,3756 AUC
3756,AUC,88.8889,0.26818311,3756 AUC
3756,AUC,91.6667,0.27049965,3756 AUC
3756,AUC,94.4444,0.27276088,3756 AUC
3756,AUC,97.2222,0.27496972,3756 AUC
3756,AUC,100.0,0.27712861,3756 AUC
3756,MOV,0.0,1e-05,3756 MOV
3756,MOV,0.24,0.03780326,3756 MOV
3756,MOV,0.48,0.04706616,3756 MOV
3756,MOV,0.72,0.05350402,3756 MOV
3756,MOV,0.96,0.05859903,3756 MOV
3756,MOV,1.2,0.06288282,3756 MOV
3756,MOV,1.44,0.06661436,3756 MOV
3756,MOV,1.68,0.06994153,3756 MOV
3756,MOV,1.92,0.07295766,3756 MOV
3756,MOV,2.16,0.07572583,3756 MOV
3756,MOV,2.6756,0.08102842,3756 MOV
3756,MOV,3.1911,0.08567016,3756 MOV
3756,MOV,3.7067,0.08982436,3756 MOV
3756,MOV,4.2222,0.09359922,3756 MOV
3756,MOV,4.7378,0.09707126,3756 MOV
3756,MOV,5.2533,0.10029293,3756 MOV
3756,MOV,5.7689,0.10330552,3756 MOV
3756,MOV,6.2844,0.10613854,3756 MOV
3756,MOV,6.8,0.1088172,3756 MOV
3756,MOV,7.6778,0.11307415,3756 MOV
3756,MOV,8.5556,0.11700978,3756 MOV
3756,MOV,9.4333,0.12067747,3756 MOV
3756,MOV,10.3111,0.12411877,3756 MOV
3756,MOV,11.1889,0.1273649,3756 MOV
3756,MOV,12.0667,0.13044102,3756 MOV
3756,MOV,12.9444,0.13336714,3756 MOV
3756,MOV,13.8222,0.13616065,3756 MOV
3756,MOV,14.7,0.13883513,3756 MOV
3756,MOV,16.5778,0.14420883,3756 MOV
3756,MOV,18.4556,0.14918007,3756 MOV
3756,MOV,20.3333,0.15381543,3756 MOV
3756,MOV,22.2111,0.1581661,3756 MOV
3756,MOV,24.0889,0.1622713,3756 MOV
3756,MOV,25.9667,0.16616246,3756 MOV
3756,MOV,27.8444,0.16986485,3756 MOV
3756,MOV,29.7222,0.1733998,3756 MOV
3756,MOV,31.6,0.17678458,3756 MOV
3756,MOV,34.3333,0.18147284,3756 MOV
3756,MOV,37.0667,0.1859114,3756 MOV
3756,MOV,39.8,0.19013023,3756 MOV
3756,MOV,42.5333,0.19415432,3756 MOV
3756,MOV,45.2667,0.19800442,3756 MOV
3756,MOV,48.0,0.2016976,3756 MOV
3756,MOV,50.7333,0.20524874,3756 MOV
3756,MOV,53.4667,0.20867062,3756 MOV
3756,MOV,56.2,0.21197393,3756 MOV
3756,MOV,58.2889,0.21442456,3756 MOV
3756,MOV,60.3778,0.2168154,3756 MOV
3756,MOV,62.4667,0.21914988,3756 MOV
3756,MOV,64.5556,0.22143112,3756 MOV
3756,MOV,66.6444,0.2236619,3756 MOV
3756,MOV,68.7333,0.22584505,3756 MOV
3756,MOV,70.8222,0.22798288,3756 MOV
3756,MOV,72.9111,0.23007761,3756 MOV
3756,MOV,75.0,0.23213129,3756 MOV
3756,MOV,77.7778,0.23480194,3756 MOV
3756,MOV,80.5556,0.23740747,3756 MOV
3756,MOV,83.3333,0.23995153,3756 MOV
3756,MOV,86.1111,0.24243769,3756 MOV
3756,MOV,88.8889,0.24486897,3756 MOV
3756,MOV,91.6667,0.24724822,3756 MOV
3756,MOV,94.4444,0.24957799,3756 MOV
3756,MOV,97.2222,0.25186086,3756 MOV
3756,MOV,100.0,0.25409898,3756 MOV
3758,AUC,0.0,0.03111316,3758 AUC
3758,AUC,0.2778,0.03564829,3758 AUC
3758,AUC,0.5556,0.04016219,3758 AUC
3758,AUC,0.8333,0.04465335,3758 AUC
3758,AUC,1.1111,0.0491251,3758 AUC
3758,AUC,1.3889,0.05357592,3758 AUC
3758,AUC,1.6667,0.05800591,3758 AUC
3758,AUC,1.9444,0.06241358,3758 AUC
3758,AUC,2.2222,0.0668022,3758 AUC
3758,AUC,2.5,0.07117027,3758 AUC
3758,AUC,2.7222,0.07464939,3758 AUC
3758,AUC,2.9444,0.07811546,3758 AUC
3758,AUC,3.1667,0.08157011,3758 AUC
3758,AUC,3.3889,0.08501027,3758 AUC
3758,AUC,3.6111,0.08843754,3758 AUC
3758,AUC,3.8333,0.09185197,3758 AUC
3758,AUC,4.0556,0.09525515,3758 AUC
3758,AUC,4.2778,0.09864404,3758 AUC
3758,AUC,4.5,0.10202024,3758 AUC
3758,AUC,4.8889,0.10789895,3758 AUC
3758,AUC,5.2778,0.11373917,3758 AUC
3758,AUC,5.6667,0.11954116,3758 AUC
3758,AUC,6.0556,0.12530517,3758 AUC
3758,AUC,6.4444,0.13102997,3758 AUC
3758,AUC,6.8333,0.13671876,3758 AUC
3758,AUC,7.2222,0.14237031,3758 AUC
3758,AUC,7.6111,0.14798486,3758 AUC
3758,AUC,8.0,0.15356266,3758 AUC
3758,AUC,8.6889,0.16335372,3758 AUC
3758,AUC,9.3778,0.17303152,3758 AUC
3758,AUC,10.0667,0.18259738,3758 AUC
3758,AUC,10.7556,0.19205259,3758 AUC
3758,AUC,11.4444,0.20139707,3758 AUC
3758,AUC,12.1333,0.21063481,3758 AUC
3758,AUC,12.8222,0.2197657,3758 AUC
3758,AUC,13.5111,0.22879097,3758 AUC
3758,AUC,14.2,0.23771183,3758 AUC
3758,AUC,15.4222,0.25328546,3758 AUC
3758,AUC,16.6444,0.26854091,3758 AUC
3758,AUC,17.8667,0.2834859,3758 AUC
3758,AUC,19.0889,0.29812436,3758 AUC
3758,AUC,20.3111,0.31246375,3758 AUC
3758,AUC,21.5333,0.32651018,3758 AUC
3758,AUC,22.7556,0.34027076,3758 AUC
3758,AUC,23.9778,0.35374909,3758 AUC
3758,AUC,25.2,0.36695206,3758 AUC
3758,AUC,27.3778,0.38981305,3758 AUC
3758,AUC,29.5556,0.41184847,3758 AUC
3758,AUC,31.7333,0.43308718,3758 AUC
3758,AUC,33.9111,0.45355986,3758 AUC
3758,AUC,36.0889,0.47329322,3758 AUC
3758,AUC,38.2667,0.49231396,3758 AUC
3758,AUC,40.4444,0.51064698,3758 AUC
3758,AUC,42.6222,0.52831877,3758 AUC
3758,AUC,44.8,0.5453524,3758 AUC
3758,MOV,,,3758 MOV
3759,AUC,0.0,0.02634227,3759 AUC
3759,AUC,0.24,0.06577069,3759 AUC
3759,AUC,0.48,0.09188452,3759 AUC
3759,AUC,0.72,0.11244064,3759 AUC
3759,AUC,0.96,0.12970688,3759 AUC
3759,AUC,1.2,0.14472775,3759 AUC
3759,AUC,1.44,0.15809154,3759 AUC
3759,AUC,1.68,0.1701694,3759 AUC
3759,AUC,1.92,0.18121352,3759 AUC
3759,AUC,2.16,0.19140451,3759 AUC
3759,AUC,2.6756,0.21100097,3759 AUC
3759,AUC,3.1911,0.22815904,3759 AUC
3759,AUC,3.7067,0.24346015,3759 AUC
3759,AUC,4.2222,0.2572836,3759 AUC
3759,AUC,4.7378,0.26990739,3759 AUC
3759,AUC,5.2533,0.28152745,3759 AUC
3759,AUC,5.7689,0.29230109,3759 AUC
3759,AUC,6.2844,0.30234331,3759 AUC
3759,AUC,6.8,0.31175302,3759 AUC
3759,AUC,7.6778,0.3265251,3759 AUC
3759,AUC,8.5556,0.3399718,3759 AUC
3759,AUC,9.4333,0.35231208,3759 AUC
3759,AUC,10.3111,0.3637172,3759 AUC
3759,AUC,11.1889,0.37431766,3759 AUC
3759,AUC,12.0667,0.38421889,3759 AUC
3759,AUC,12.9444,0.3935055,3759 AUC
3759,AUC,13.8222,0.40225021,3759 AUC
3759,AUC,14.7,0.41051084,3759 AUC
3759,AUC,16.5778,0.42677725,3759 AUC
3759,AUC,18.4556,0.44143085,3759 AUC
3759,AUC,20.3333,0.45475367,3759 AUC
3759,AUC,22.2111,0.46696103,3759 AUC
3759,AUC,24.0889,0.47821812,3759 AUC
3759,AUC,25.9667,0.48865633,3759 AUC
3759,AUC,27.8444,0.49838105,3759 AUC
3759,AUC,29.7222,0.50747989,3759 AUC
3759,AUC,31.6,0.51602406,3759 AUC
3759,AUC,34.3333,0.52759109,3759 AUC
3759,AUC,37.0667,0.53826087,3759 AUC
3759,AUC,39.8,0.54815399,3759 AUC
3759,AUC,42.5333,0.55736933,3759 AUC
3759,AUC,45.2667,0.56598818,3759 AUC
3759,AUC,48.0,0.57407735,3759 AUC
3759,AUC,50.7333,0.58169389,3759 AUC
3759,AUC,53.4667,0.58888621,3759 AUC
3759,AUC,56.2,0.59569507,3759 AUC
3759,AUC,58.2889,0.60066263,3759 AUC
3759,AUC,60.3778,0.60544128,3759 AUC
3759,AUC,62.4667,0.61004366,3759 AUC
3759,AUC,64.5556,0.61448118,3759 AUC
3759,AUC,66.6444,0.61876403,3759 AUC
3759,AUC,68.7333,0.62290205,3759 AUC
3759,AUC,70.8222,0.62690365,3759 AUC
3759,AUC,72.9111,0.63077672,3759 AUC
3759,AUC,75.0,0.63452848,3759 AUC
3759,AUC,77.7778,0.63934102,3759 AUC
3759,AUC,80.5556,0.643965,3759 AUC
3759,AUC,83.3333,0.64841309,3759 AUC
3759,AUC,86.1111,0.65269721,3759 AUC
3759,AUC,88.8889,0.65682769,3759 AUC
3759,AUC,91.6667,0.66081408,3759 AUC
3759,AUC,94.4444,0.66466496,3759 AUC
3759,AUC,97.2222,0.66838855,3759 AUC
3759,AUC,100.0,0.67199201,3759 AUC
3759,MOV,0.0,0.05882374,3759 MOV
3759,MOV,0.24,0.1827906,3759 MOV
3759,MOV,0.48,0.1827914,3759 MOV
3759,MOV,0.72,0.18279186,3759 MOV
3759,MOV,0.96,0.1827922,3759 MOV
3759,MOV,1.2,0.18279245,3759 MOV
3759,MOV,1.44,0.18279266,3759 MOV
3759,MOV,1.68,0.18279284,3759 MOV
3759,MOV,1.92,0.182793,3759 MOV
3759,MOV,2.16,0.18279313,3759 MOV
3759,MOV,2.6756,0.18279338,3759 MOV
3759,MOV,3.1911,0.18279358,3759 MOV
3759,MOV,3.7067,0.18279376,3759 MOV
3759,MOV,4.2222,0.18279391,3759 MOV
3759,MOV,4.7378,0.18279404,3759 MOV
3759,MOV,5.2533,0.18279416,3759 MOV
3759,MOV,5.7689,0.18279427,3759 MOV
3759,MOV,6.2844,0.18279437,3759 MOV
3759,MOV,6.8,0.18279446,3759 MOV
3759,MOV,7.6778,0.1827946,3759 MOV
3759,MOV,8.5556,0.18279472,3759 MOV
3759,MOV,9.4333,0.18279483,3759 MOV
3759,MOV,10.3111,0.18279494,3759 MOV
3759,MOV,11.1889,0.18279503,3759 MOV
3759,MOV,12.0667,0.18279512,3759 MOV
3759,MOV,12.9444,0.1827952,3759 MOV
3759,MOV,13.8222,0.18279528,3759 MOV
3759,MOV,14.7,0.18279535,3759 MOV
3759,MOV,16.5778,0.18279549,3759 MOV
3759,MOV,18.4556,0.18279561,3759 MOV
3759,MOV,20.3333,0.18279572,3759 MOV
3759,MOV,22.2111,0.18279582,3759 MOV
3759,MOV,24.0889,0.18279592,3759 MOV
3759,MOV,25.9667,0.182796,3759 MOV
3759,MOV,27.8444,0.18279608,3759 MOV
3759,MOV,29.7222,0.18279616,3759 MOV
3759,MOV,31.6,0.18279623,3759 MOV
3759,MOV,34.3333,0.18279633,3759 MOV
3759,MOV,37.0667,0.18279641,3759 MOV
3759,MOV,39.8,0.1827965,3759 MOV
3759,MOV,42.5333,0.18279657,3759 MOV
3759,MOV,45.2667,0.18279664,3759 MOV
3759,MOV,48.0,0.18279671,3759 MOV
3759,MOV,50.7333,0.18279678,3759 MOV
3759,MOV,53.4667,0.18279684,3759 MOV
3759,MOV,56.2,0.18279689,3759 MOV
3759,MOV,58.2889,0.18279694,3759 MOV
3759,MOV,60.3778,0.18279698,3759 MOV
3759,MOV,62.4667,0.18279702,3759 MOV
3759,MOV,64.5556,0.18279705,3759 MOV
3759,MOV,66.6444,0.18279709,3759 MOV
3759,MOV,68.7333,0.18279713,3759 MOV
3759,MOV,70.8222,0.18279716,3759 MOV
3759,MOV,72.9111,0.18279719,3759 MOV
3759,MOV,75.0,0.18279723,3759 MOV
3759,MOV,77.7778,0.18279727,3759 MOV
3759,MOV,80.5556,0.18279731,3759 MOV
3759,MOV,83.3333,0.18279735,3759 MOV
3759,MOV,86.1111,0.18279739,3759 MOV
3759,MOV,88.8889,0.18279742,3759 MOV
3759,MOV,91.6667,0.18279746,3759 MOV
3759,MOV,94.4444,0.18279749,3759 MOV
3759,MOV,97.2222,0.18279753,3759 MOV
3759,MOV,100.0,0.18279756,3759 MOV
3760,AUC,,,3760 AUC
3760,MOV,,,3760 MOV
3761,AUC,0.0,0.03400135,3761 AUC
3761,AUC,0.02,0.03566145,3761 AUC
3761,AUC,0.04,0.03731869,3761 AUC
3761,AUC,0.06,0.03897309,3761 AUC
3761,AUC,0.08,0.04062465,3761 AUC
3761,AUC,0.1,0.04227336,3761 AUC
3761,AUC,0.12,0.04391925,3761 AUC
3761,AUC,0.14,0.0455623,3761 AUC
3761,AUC,0.16,0.04720253,3761 AUC
3761,AUC,0.18,0.04883995,3761 AUC
3761,AUC,0.1867,0.04938785,3761 AUC
3761,AUC,0.1933,0.04992727,3761 AUC
3761,AUC,0.2,0.05047454,3761 AUC
3761,AUC,0.2067,0.05102151,3761 AUC
3761,AUC,0.2133,0.05156,3761 AUC
3761,AUC,0.22,0.05210633,3761 AUC
3761,AUC,0.2267,0.05265236,3761 AUC
3761,AUC,0.2333,0.05318992,3761 AUC
3761,AUC,0.24,0.05373532,3761 AUC
3761,AUC,0.2489,0.05445932,3761 AUC
3761,AUC,0.2578,0.05518276,3761 AUC
3761,AUC,0.2667,0.05590565,3761 AUC
3761,AUC,0.2756,0.05662799,3761 AUC
3761,AUC,0.2844,0.05734167,3761 AUC
3761,AUC,0.2933,0.05806291,3761 AUC
3761,AUC,0.3022,0.05878359,3761 AUC
3761,AUC,0.3111,0.05950373,3761 AUC
3761,AUC,0.32,0.06022331,3761 AUC
3761,AUC,0.3311,0.06112,3761 AUC
3761,AUC,0.3422,0.06201583,3761 AUC
3761,AUC,0.3533,0.06291081,3761 AUC
3761,AUC,0.3644,0.06380493,3761 AUC
3761,AUC,0.3756,0.06470625,3761 AUC
3761,AUC,0.3867,0.06559866,3761 AUC
3761,AUC,0.3978,0.06649022,3761 AUC
3761,AUC,0.4089,0.06738093,3761 AUC
3761,AUC,0.42,0.06827079,3761 AUC
3761,AUC,0.4356,0.06951996,3761 AUC
3761,AUC,0.4511,0.07075947,3761 AUC
3761,AUC,0.4667,0.07200531,3761 AUC
3761,AUC,0.4822,0.07324151,3761 AUC
3761,AUC,0.4978,0.07448403,3761 AUC
3761,AUC,0.5133,0.07571692,3761 AUC
3761,AUC,0.5289,0.07695612,3761 AUC
3761,AUC,0.5444,0.07818572,3761 AUC
3761,AUC,0.56,0.07942161,3761 AUC
3761,AUC,0.5811,0.08109058,3761 AUC
3761,AUC,0.6022,0.08275653,3761 AUC
3761,AUC,0.6233,0.08441946,3761 AUC
3761,AUC,0.6444,0.08607938,3761 AUC
3761,AUC,0.6656,0.08774413,3761 AUC
3761,AUC,0.6867,0.08939802,3761 AUC
3761,AUC,0.7078,0.09104891,3761 AUC
3761,AUC,0.7289,0.09269681,3761 AUC
3761,AUC,0.75,0.09434171,3761 AUC
3761,AUC,0.7778,0.09650439,3761 AUC
3761,AUC,0.8056,0.0986619,3761 AUC
3761,AUC,0.8333,0.10080652,3761 AUC
3761,AUC,0.8611,0.10295376,3761 AUC
3761,AUC,0.8889,0.10509587,3761 AUC
3761,AUC,0.9167,0.10723286,3761 AUC
3761,AUC,0.9444,0.10935709,3761 AUC
3761,AUC,0.9722,0.11148391,3761 AUC
3761,AUC,1.0,0.11360565,3761 AUC
3761,MOV,,,3761 MOV
3762,AUC,,,3762 AUC
3762,MOV,,,3762 MOV
3771,AUC,0.0,0.0,3771 AUC
3771,AUC,0.0017,0.0,3771 AUC
3771,AUC,0.0033,0.0,3771 AUC
3771,AUC,0.005,0.0,3771 AUC
3771,AUC,0.0067,0.0,3771 AUC
3771,AUC,0.0083,0.0,3771 AUC
3771,AUC,0.01,0.0,3771 AUC
3771,AUC,0.0117,0.0,3771 AUC
3771,AUC,0.0133,0.0,3771 AUC
3771,AUC,0.015,0.0,3771 AUC
3771,AUC,0.15,0.0,3771 AUC
3771,AUC,0.285,0.0,3771 AUC
3771,AUC,0.42,0.0,3771 AUC
3771,AUC,0.555,0.0,3771 AUC
3771,AUC,0.69,0.0,3771 AUC
3771,AUC,0.825,0.0,3771 AUC
3771,AUC,0.96,0.0,3771 AUC
3771,AUC,1.095,0.0,3771 AUC
3771,AUC,1.23,0.0,3771 AUC
3771,AUC,2.3267,0.0,3771 AUC
3771,AUC,3.4233,0.0,3771 AUC
3771,AUC,4.52,0.0,3771 AUC
3771,AUC,5.6167,0.0,3771 AUC
3771,AUC,6.7133,0.0,3771 AUC
3771,AUC,7.81,0.0,3771 AUC
3771,AUC,8.9067,0.0,3771 AUC
3771,AUC,10.0033,0.0,3771 AUC
3771,AUC,11.1,0.0,3771 AUC
3771,AUC,13.5667,0.0,3771 AUC
3771,AUC,16.0333,0.0,3771 AUC
3771,AUC,18.5,0.0,3771 AUC
3771,AUC,20.9667,0.0,3771 AUC
3771,AUC,23.4333,0.0,3771 AUC
3771,AUC,25.9,0.0,3771 AUC
3771,AUC,28.3667,0.0,3771 AUC
3771,AUC,30.8333,0.0,3771 AUC
3771,AUC,33.3,0.0,3771 AUC
3771,AUC,36.9889,0.0,3771 AUC
3771,AUC,40.6778,0.0,3771 AUC
3771,AUC,44.3667,0.0,3771 AUC
3771,AUC,48.0556,0.0,3771 AUC
3771,AUC,51.7444,0.0,3771 AUC
3771,AUC,55.4333,1e-08,3771 AUC
3771,AUC,59.1222,3e-08,3771 AUC
3771,AUC,62.8111,1.6e-07,3771 AUC
3771,AUC,66.5,8.3e-07,3771 AUC
3771,AUC,70.2222,4.23e-06,3771 AUC
3771,AUC,73.9444,2.165e-05,3771 AUC
3771,AUC,77.6667,0.00011089,3771 AUC
3771,AUC,81.3889,0.00056758,3771 AUC
3771,AUC,85.1111,0.00289974,3771 AUC
3771,AUC,88.8333,0.01467397,3771 AUC
3771,AUC,92.5556,0.07086217,3771 AUC
3771,AUC,96.2778,0.28086261,3771 AUC
3771,AUC,100.0,0.66666655,3771 AUC
3771,MOV,0.0,1e-05,3771 MOV
3771,MOV,0.0017,2.022e-05,3771 MOV
3771,MOV,0.0033,2.983e-05,3771 MOV
3771,MOV,0.005,4.004e-05,3771 MOV
3771,MOV,0.0067,5.026e-05,3771 MOV
3771,MOV,0.0083,5.987e-05,3771 MOV
3771,MOV,0.01,7.009e-05,3771 MOV
3771,MOV,0.0117,8.03e-05,3771 MOV
3771,MOV,0.0133,8.992e-05,3771 MOV
3771,MOV,0.015,0.00010013,3771 MOV
3771,MOV,0.15,0.00091094,3771 MOV
3771,MOV,0.285,0.0017211,3771 MOV
3771,MOV,0.42,0.0025306,3771 MOV
3771,MOV,0.555,0.00333944,3771 MOV
3771,MOV,0.69,0.00414763,3771 MOV
3771,MOV,0.825,0.00495516,3771 MOV
3771,MOV,0.96,0.00576204,3771 MOV
3771,MOV,1.095,0.00656826,3771 MOV
3771,MOV,1.23,0.00737383,3771 MOV
3771,MOV,2.3267,0.01389386,3771 MOV
3771,MOV,3.4233,0.02037049,3771 MOV
3771,MOV,4.52,0.02680515,3771 MOV
3771,MOV,5.6167,0.03319756,3771 MOV
3771,MOV,6.7133,0.0395474,3771 MOV
3771,MOV,7.81,0.0458561,3771 MOV
3771,MOV,8.9067,0.05212337,3771 MOV
3771,MOV,10.0033,0.0583489,3771 MOV
3771,MOV,11.1,0.06453411,3771 MOV
3771,MOV,13.5667,0.07829785,3771 MOV
3771,MOV,16.0333,0.09185853,3771 MOV
3771,MOV,18.5,0.10522024,3771 MOV
3771,MOV,20.9667,0.11838535,3771 MOV
3771,MOV,23.4333,0.13135624,3771 MOV
3771,MOV,25.9,0.1441368,3771 MOV
3771,MOV,28.3667,0.15672932,3771 MOV
3771,MOV,30.8333,0.16913607,3771 MOV
3771,MOV,33.3,0.18136077,3771 MOV
3771,MOV,36.9889,0.19930776,3771 MOV
3771,MOV,40.6778,0.2168613,3771 MOV
3771,MOV,44.3667,0.23403001,3771 MOV
3771,MOV,48.0556,0.25082234,3771 MOV
3771,MOV,51.7444,0.26724608,3771 MOV
3771,MOV,55.4333,0.28331021,3771 MOV
3771,MOV,59.1222,0.29902217,3771 MOV
3771,MOV,62.8111,0.31438968,3771 MOV
3771,MOV,66.5,0.32942028,3771 MOV
3771,MOV,70.2222,0.3442526,3771 MOV
3771,MOV,73.9444,0.35875684,3771 MOV
3771,MOV,77.6667,0.37294065,3771 MOV
3771,MOV,81.3889,0.38681036,3771 MOV
3771,MOV,85.1111,0.40037328,3771 MOV
3771,MOV,88.8333,0.41363622,3771 MOV
3771,MOV,92.5556,0.42660614,3771 MOV
3771,MOV,96.2778,0.43928883,3771 MOV
3771,MOV,100.0,0.45169101,3771 MOV
3859,AUC,,,3859 AUC
3859,MOV,,,3859 MOV
3860,AUC,0.0,0.13436515,3860 AUC
3860,AUC,0.2778,0.13783763,3860 AUC
3860,AUC,0.5556,0.1405573,3860 AUC
3860,AUC,0.8333,0.14304754,3860 AUC
3860,AUC,1.1111,0.14539992,3860 AUC
3860,AUC,1.3889,0.14765348,3860 AUC
3860,AUC,1.6667,0.14983075,3860 AUC
3860,AUC,1.9444,0.15194535,3860 AUC
3860,AUC,2.2222,0.15400876,3860 AUC
3860,AUC,2.5,0.15602745,3860 AUC
3860,AUC,2.5694,0.15652546,3860 AUC
3860,AUC,2.6389,0.15702181,3860 AUC
3860,AUC,2.7083,0.15751515,3860 AUC
3860,AUC,2.7778,0.15800696,3860 AUC
3860,AUC,2.8472,0.15849589,3860 AUC
3860,AUC,2.9167,0.15898341,3860 AUC
3860,AUC,2.9861,0.15946818,3860 AUC
3860,AUC,3.0556,0.15995163,3860 AUC
3860,AUC,3.125,0.16043243,3860 AUC
3860,AUC,3.1667,0.16072041,3860 AUC
3860,AUC,3.2083,0.16100702,3860 AUC
3860,AUC,3.25,0.16129365,3860 AUC
3860,AUC,3.2917,0.16157962,3860 AUC
3860,AUC,3.3333,0.16186426,3860 AUC
3860,AUC,3.375,0.16214894,3860 AUC
3860,AUC,3.4167,0.16243299,3860 AUC
3860,AUC,3.4583,0.16271574,3860 AUC
3860,AUC,3.5,0.16299856,3860 AUC
3860,AUC,3.6544,0.16404048,3860 AUC
3860,AUC,3.8089,0.16507512,3860 AUC
3860,AUC,3.9633,0.16610149,3860 AUC
3860,AUC,4.1178,0.16712123,3860 AUC
3860,AUC,4.2722,0.16813333,3860 AUC
3860,AUC,4.4267,0.16913937,3860 AUC
3860,AUC,4.5811,0.1701383,3860 AUC
3860,AUC,4.7356,0.17113164,3860 AUC
3860,AUC,4.89,0.17211834,3860 AUC
3860,AUC,5.0411,0.17307832,3860 AUC
3860,AUC,5.1922,0.17403292,3860 AUC
3860,AUC,5.3433,0.1749823,3860 AUC
3860,AUC,5.4944,0.17592663,3860 AUC
3860,AUC,5.6456,0.17686667,3860 AUC
3860,AUC,5.7967,0.17780131,3860 AUC
3860,AUC,5.9478,0.17873131,3860 AUC
3860,AUC,6.0989,0.17965679,3860 AUC
3860,AUC,6.25,0.18057787,3860 AUC
3860,AUC,6.3156,0.18097642,3860 AUC
3860,AUC,6.3811,0.18137356,3860 AUC
3860,AUC,6.4467,0.18177052,3860 AUC
3860,AUC,6.5122,0.18216609,3860 AUC
3860,AUC,6.5778,0.1825615,3860 AUC
3860,AUC,6.6433,0.18295553,3860 AUC
3860,AUC,6.7089,0.18334941,3860 AUC
3860,AUC,6.7744,0.18374194,3860 AUC
3860,AUC,6.84,0.18413433,3860 AUC
3860,AUC,7.1422,0.18593255,3860 AUC
3860,AUC,7.4444,0.18771584,3860 AUC
3860,AUC,7.7467,0.1894854,3860 AUC
3860,AUC,8.0489,0.19124064,3860 AUC
3860,AUC,8.3511,0.19298268,3860 AUC
3860,AUC,8.6533,0.19471199,3860 AUC
3860,AUC,8.9556,0.19642959,3860 AUC
3860,AUC,9.2578,0.19813478,3860 AUC
3860,AUC,9.56,0.1998285,3860 AUC
3860,AUC,9.8867,0.20164706,3860 AUC
3860,AUC,10.2133,0.20345252,3860 AUC
3860,AUC,10.54,0.20524639,3860 AUC
3860,AUC,10.8667,0.20702848,3860 AUC
3860,AUC,11.1933,0.20879862,3860 AUC
3860,AUC,11.52,0.21055819,3860 AUC
3860,AUC,11.8467,0.21230698,3860 AUC
3860,AUC,12.1733,0.21404474,3860 AUC
3860,AUC,12.5,0.21577281,3860 AUC
3860,AUC,12.6,0.21629975,3860 AUC
3860,AUC,12.7,0.21682577,3860 AUC
3860,AUC,12.8,0.21735087,3860 AUC
3860,AUC,12.9,0.21787505,3860 AUC
3860,AUC,13.0,0.21839833,3860 AUC
3860,AUC,13.1,0.21892071,3860 AUC
3860,AUC,13.2,0.21944219,3860 AUC
3860,AUC,13.3,0.21996279,3860 AUC
3860,AUC,13.4,0.22048252,3860 AUC
3860,AUC,13.9889,0.22352564,3860 AUC
3860,AUC,14.5778,0.22653968,3860 AUC
3860,AUC,15.1667,0.22952576,3860 AUC
3860,AUC,15.7556,0.2324849,3860 AUC
3860,AUC,16.3444,0.23541755,3860 AUC
3860,AUC,16.9333,0.23832558,3860 AUC
3860,AUC,17.5222,0.2412093,3860 AUC
3860,AUC,18.1111,0.24406946,3860 AUC
3860,AUC,18.7,0.24690676,3860 AUC
3860,AUC,19.4,0.25025053,3860 AUC
3860,AUC,20.1,0.25356395,3860 AUC
3860,AUC,20.8,0.256848,3860 AUC
3860,AUC,21.5,0.26010357,3860 AUC
3860,AUC,22.2,0.26333147,3860 AUC
3860,AUC,22.9,0.26653249,3860 AUC
3860,AUC,23.6,0.26970735,3860 AUC
3860,AUC,24.3,0.27285674,3860 AUC
3860,AUC,25.0,0.27598131,3860 AUC
3860,AUC,25.1222,0.27652427,3860 AUC
3860,AUC,25.2444,0.2770665,3860 AUC
3860,AUC,25.3667,0.27760843,3860 AUC
3860,AUC,25.4889,0.2781492,3860 AUC
3860,AUC,25.6111,0.27868924,3860 AUC
3860,AUC,25.7333,0.27922856,3860 AUC
3860,AUC,25.8556,0.27976759,3860 AUC
3860,AUC,25.9778,0.28030547,3860 AUC
3860,AUC,26.1,0.28084264,3860 AUC
3860,AUC,26.5333,0.28274162,3860 AUC
3860,AUC,26.9667,0.28463223,3860 AUC
3860,AUC,27.4,0.28651371,3860 AUC
3860,AUC,27.8333,0.28838662,3860 AUC
3860,AUC,28.2667,0.29025151,3860 AUC
3860,AUC,28.7,0.29210761,3860 AUC
3860,AUC,29.1333,0.29395548,3860 AUC
3860,AUC,29.5667,0.29579564,3860 AUC
3860,AUC,30.0,0.29762734,3860 AUC
3860,AUC,30.7333,0.30070921,3860 AUC
3860,AUC,31.4667,0.30376924,3860 AUC
3860,AUC,32.2,0.30680703,3860 AUC
3860,AUC,32.9333,0.30982341,3860 AUC
3860,AUC,33.6667,0.31281919,3860 AUC
3860,AUC,34.4,0.31579395,3860 AUC
3860,AUC,35.1333,0.31874846,3860 AUC
3860,AUC,35.8667,0.32168347,3860 AUC
3860,AUC,36.6,0.32459851,3860 AUC
3860,AUC,36.7,0.32499454,3860 AUC
3860,AUC,36.8,0.32539021,3860 AUC
3860,AUC,36.9,0.32578553,3860 AUC
3860,AUC,37.0,0.32618049,3860 AUC
3860,AUC,37.1,0.32657509,3860 AUC
3860,AUC,37.2,0.32696934,3860 AUC
3860,AUC,37.3,0.32736324,3860 AUC
3860,AUC,37.4,0.32775678,3860 AUC
3860,AUC,37.5,0.32814998,3860 AUC
3860,AUC,38.3333,0.33141291,3860 AUC
3860,AUC,39.1667,0.33465233,3860 AUC
3860,AUC,40.0,0.33786787,3860 AUC
3860,AUC,40.8333,0.34106033,3860 AUC
3860,AUC,41.6667,0.34423048,3860 AUC
3860,AUC,42.5,0.34737792,3860 AUC
3860,AUC,43.3333,0.3505034,3860 AUC
3860,AUC,44.1667,0.35360764,3860 AUC
3860,AUC,45.0,0.35669023,3860 AUC
3860,AUC,45.5556,0.35873386,3860 AUC
3860,AUC,46.1111,0.36076791,3860 AUC
3860,AUC,46.6667,0.36279319,3860 AUC
3860,AUC,47.2222,0.36480907,3860 AUC
3860,AUC,47.7778,0.36681634,3860 AUC
3860,AUC,48.3333,0.36881439,3860 AUC
3860,AUC,48.8889,0.37080401,3860 AUC
3860,AUC,49.4444,0.37278456,3860 AUC
3860,AUC,50.0,0.37475684,3860 AUC
3860,AUC,50.1222,0.37518947,3860 AUC
3860,AUC,50.2444,0.3756217,3860 AUC
3860,AUC,50.3667,0.37605386,3860 AUC
3860,AUC,50.4889,0.37648527,3860 AUC
3860,AUC,50.6111,0.37691626,3860 AUC
3860,AUC,50.7333,0.37734684,3860 AUC
3860,AUC,50.8556,0.37777736,3860 AUC
3860,AUC,50.9778,0.37820713,3860 AUC
3860,AUC,51.1,0.37863648,3860 AUC
3860,AUC,53.3667,0.38652779,3860 AUC
3860,AUC,55.6333,0.39428373,3860 AUC
3860,AUC,57.9,0.40190947,3860 AUC
3860,AUC,60.1667,0.40940884,3860 AUC
3860,AUC,62.4333,0.41678539,3860 AUC
3860,AUC,64.7,0.42404342,3860 AUC
3860,AUC,66.9667,0.43118601,3860 AUC
3860,AUC,69.2333,0.43821606,3860 AUC
3860,AUC,71.5,0.44513722,3860 AUC
3860,AUC,74.6667,0.45462899,3860 AUC
3860,AUC,77.8333,0.46392022,3860 AUC
3860,AUC,81.0,0.47301831,3860 AUC
3860,AUC,84.1667,0.48192931,3860 AUC
3860,AUC,87.3333,0.49065893,3860 AUC
3860,AUC,90.5,0.49921331,3860 AUC
3860,AUC,93.6667,0.50759746,3860 AUC
3860,AUC,96.8333,0.51581612,3860 AUC
3860,AUC,100.0,0.52387452,3860 AUC
3860,MOV,0.0,0.21994542,3860 MOV
3860,MOV,0.2778,0.22205958,3860 MOV
3860,MOV,0.5556,0.22437274,3860 MOV
3860,MOV,0.8333,0.22658955,3860 MOV
3860,MOV,1.1111,0.22870532,3860 MOV
3860,MOV,1.3889,0.23072839,3860 MOV
3860,MOV,1.6667,0.2326689,3860 MOV
3860,MOV,1.9444,0.23453516,3860 MOV
3860,MOV,2.2222,0.2363361,3860 MOV
3860,MOV,2.5,0.23807745,3860 MOV
3860,MOV,2.5694,0.23850383,3860 MOV
3860,MOV,2.6389,0.23892751,3860 MOV
3860,MOV,2.7083,0.23934735,3860 MOV
3860,MOV,2.7778,0.23976464,3860 MOV
3860,MOV,2.8472,0.24017823,3860 MOV
3860,MOV,2.9167,0.24058939,3860 MOV
3860,MOV,2.9861,0.240997,3860 MOV
3860,MOV,3.0556,0.24140228,3860 MOV
3860,MOV,3.125,0.24180415,3860 MOV
3860,MOV,3.1667,0.24204427,3860 MOV
3860,MOV,3.2083,0.24228283,3860 MOV
3860,MOV,3.25,0.24252098,3860 MOV
3860,MOV,3.2917,0.24275816,3860 MOV
3860,MOV,3.3333,0.24299381,3860 MOV
3860,MOV,3.375,0.24322909,3860 MOV
3860,MOV,3.4167,0.24346343,3860 MOV
3860,MOV,3.4583,0.24369628,3860 MOV
3860,MOV,3.5,0.24392878,3860 MOV
3860,MOV,3.6544,0.24478183,3860 MOV
3860,MOV,3.8089,0.24562349,3860 MOV
3860,MOV,3.9633,0.24645314,3860 MOV
3860,MOV,4.1178,0.24727228,3860 MOV
3860,MOV,4.2722,0.24808025,3860 MOV
3860,MOV,4.4267,0.24887847,3860 MOV
3860,MOV,4.5811,0.24966628,3860 MOV
3860,MOV,4.7356,0.25044502,3860 MOV
3860,MOV,4.89,0.251214,3860 MOV
3860,MOV,5.0411,0.25195788,3860 MOV
3860,MOV,5.1922,0.25269345,3860 MOV
3860,MOV,5.3433,0.25342095,3860 MOV
3860,MOV,5.4944,0.25414063,3860 MOV
3860,MOV,5.6456,0.25485318,3860 MOV
3860,MOV,5.7967,0.25555787,3860 MOV
3860,MOV,5.9478,0.25625538,3860 MOV
3860,MOV,6.0989,0.25694591,3860 MOV
3860,MOV,6.25,0.25762963,3860 MOV
3860,MOV,6.3156,0.2579244,3860 MOV
3860,MOV,6.3811,0.25821749,3860 MOV
3860,MOV,6.4467,0.2585098,3860 MOV
3860,MOV,6.5122,0.25880047,3860 MOV
3860,MOV,6.5778,0.25909038,3860 MOV
3860,MOV,6.6433,0.25937868,3860 MOV
3860,MOV,6.7089,0.25966624,3860 MOV
3860,MOV,6.7744,0.25995222,3860 MOV
3860,MOV,6.84,0.26023749,3860 MOV
3860,MOV,7.1422,0.26153722,3860 MOV
3860,MOV,7.4444,0.26281407,3860 MOV
3860,MOV,7.7467,0.26406947,3860 MOV
3860,MOV,8.0489,0.26530355,3860 MOV
3860,MOV,8.3511,0.26651762,3860 MOV
3860,MOV,8.6533,0.26771251,3860 MOV
3860,MOV,8.9556,0.26888938,3860 MOV
3860,MOV,9.2578,0.27004815,3860 MOV
3860,MOV,9.56,0.27118989,3860 MOV
3860,MOV,9.8867,0.27240577,3860 MOV
3860,MOV,10.2133,0.27360287,3860 MOV
3860,MOV,10.54,0.27478262,3860 MOV
3860,MOV,10.8667,0.27594529,3860 MOV
3860,MOV,11.1933,0.27709116,3860 MOV
3860,MOV,11.52,0.2782215,3860 MOV
3860,MOV,11.8467,0.27933651,3860 MOV
3860,MOV,12.1733,0.28043635,3860 MOV
3860,MOV,12.5,0.2815222,3860 MOV
3860,MOV,12.6,0.28185177,3860 MOV
3860,MOV,12.7,0.28218006,3860 MOV
3860,MOV,12.8,0.28250707,3860 MOV
3860,MOV,12.9,0.28283281,3860 MOV
3860,MOV,13.0,0.28315731,3860 MOV
3860,MOV,13.1,0.28348057,3860 MOV
3860,MOV,13.2,0.2838026,3860 MOV
3860,MOV,13.3,0.28412341,3860 MOV
3860,MOV,13.4,0.28444302,3860 MOV
3860,MOV,13.9889,0.28630136,3860 MOV
3860,MOV,14.5778,0.28812046,3860 MOV
3860,MOV,15.1667,0.2899023,3860 MOV
3860,MOV,15.7556,0.29164872,3860 MOV
3860,MOV,16.3444,0.29336108,3860 MOV
3860,MOV,16.9333,0.29504153,3860 MOV
3860,MOV,17.5222,0.29669119,3860 MOV
3860,MOV,18.1111,0.29831141,3860 MOV
3860,MOV,18.7,0.29990341,3860 MOV
3860,MOV,19.4,0.30176065,3860 MOV
3860,MOV,20.1,0.30358145,3860 MOV
3860,MOV,20.8,0.30536747,3860 MOV
3860,MOV,21.5,0.30712026,3860 MOV
3860,MOV,22.2,0.30884124,3860 MOV
3860,MOV,22.9,0.31053175,3860 MOV
3860,MOV,23.6,0.31219303,3860 MOV
3860,MOV,24.3,0.31382625,3860 MOV
3860,MOV,25.0,0.31543249,3860 MOV
3860,MOV,25.1222,0.3157102,3860 MOV
3860,MOV,25.2444,0.31598713,3860 MOV
3860,MOV,25.3667,0.31626351,3860 MOV
3860,MOV,25.4889,0.31653888,3860 MOV
3860,MOV,25.6111,0.31681348,3860 MOV
3860,MOV,25.7333,0.31708732,3860 MOV
3860,MOV,25.8556,0.31736061,3860 MOV
3860,MOV,25.9778,0.31763293,3860 MOV
3860,MOV,26.1,0.3179045,3860 MOV
3860,MOV,26.5333,0.31886146,3860 MOV
3860,MOV,26.9667,0.31980947,3860 MOV
3860,MOV,27.4,0.32074829,3860 MOV
3860,MOV,27.8333,0.32167833,3860 MOV
3860,MOV,28.2667,0.3226,3860 MOV
3860,MOV,28.7,0.32351306,3860 MOV
3860,MOV,29.1333,0.32441788,3860 MOV
3860,MOV,29.5667,0.32531485,3860 MOV
3860,MOV,30.0,0.32620372,3860 MOV
3860,MOV,30.7333,0.32769045,3860 MOV
3860,MOV,31.4667,0.32915595,3860 MOV
3860,MOV,32.2,0.33060051,3860 MOV
3860,MOV,32.9333,0.33202499,3860 MOV
3860,MOV,33.6667,0.33343021,3860 MOV
3860,MOV,34.4,0.33481638,3860 MOV
3860,MOV,35.1333,0.33618426,3860 MOV
3860,MOV,35.8667,0.33753457,3860 MOV
3860,MOV,36.6,0.33886746,3860 MOV
3860,MOV,36.7,0.33904791,3860 MOV
3860,MOV,36.8,0.33922806,3860 MOV
3860,MOV,36.9,0.3394079,3860 MOV
3860,MOV,37.0,0.33958743,3860 MOV
3860,MOV,37.1,0.33976665,3860 MOV
3860,MOV,37.2,0.33994557,3860 MOV
3860,MOV,37.3,0.34012418,3860 MOV
3860,MOV,37.4,0.34030249,3860 MOV
3860,MOV,37.5,0.3404805,3860 MOV
3860,MOV,38.3333,0.34195225,3860 MOV
3860,MOV,39.1667,0.34340394,3860 MOV
3860,MOV,40.0,0.34483582,3860 MOV
3860,MOV,40.8333,0.34624866,3860 MOV
3860,MOV,41.6667,0.34764318,3860 MOV
3860,MOV,42.5,0.34901958,3860 MOV
3860,MOV,43.3333,0.35037854,3860 MOV
3860,MOV,44.1667,0.3517207,3860 MOV
3860,MOV,45.0,0.3530462,3860 MOV
3860,MOV,45.5556,0.35392104,3860 MOV
3860,MOV,46.1111,0.3547887,3860 MOV
3860,MOV,46.6667,0.35564965,3860 MOV
3860,MOV,47.2222,0.35650367,3860 MOV
3860,MOV,47.7778,0.3573512,3860 MOV
3860,MOV,48.3333,0.35819205,3860 MOV
3860,MOV,48.8889,0.35902662,3860 MOV
3860,MOV,49.4444,0.35985473,3860 MOV
3860,MOV,50.0,0.36067677,3860 MOV
3860,MOV,50.1222,0.36085675,3860 MOV
3860,MOV,50.2444,0.36103643,3860 MOV
3860,MOV,50.3667,0.36121597,3860 MOV
3860,MOV,50.4889,0.36139507,3860 MOV
3860,MOV,50.6111,0.36157388,3860 MOV
3860,MOV,50.7333,0.3617524,3860 MOV
3860,MOV,50.8556,0.36193077,3860 MOV
3860,MOV,50.9778,0.36210871,3860 MOV
3860,MOV,51.1,0.36228636,3860 MOV
3860,MOV,53.3667,0.3655308,3860 MOV
3860,MOV,55.6333,0.36868272,3860 MOV
3860,MOV,57.9,0.37174798,3860 MOV
3860,MOV,60.1667,0.37473148,3860 MOV
3860,MOV,62.4333,0.37763768,3860 MOV
3860,MOV,64.7,0.38047106,3860 MOV
3860,MOV,66.9667,0.38323532,3860 MOV
3860,MOV,69.2333,0.38593388,3860 MOV
3860,MOV,71.5,0.38857024,3860 MOV
3860,MOV,74.6667,0.39215468,3860 MOV
3860,MOV,77.8333,0.39563069,3860 MOV
3860,MOV,81.0,0.39900525,3860 MOV
3860,MOV,84.1667,0.40228435,3860 MOV
3860,MOV,87.3333,0.40547344,3860 MOV
3860,MOV,90.5,0.40857777,3860 MOV
3860,MOV,93.6667,0.41160188,3860 MOV
3860,MOV,96.8333,0.41454991,3860 MOV
3860,MOV,100.0,0.41742594,3860 MOV
3862,AUC,0.0,0.15566856,3862 AUC
3862,AUC,0.2778,0.15647722,3862 AUC
3862,AUC,0.5556,0.15756102,3862 AUC
3862,AUC,0.8333,0.1587773,3862 AUC
3862,AUC,1.1111,0.16008751,3862 AUC
3862,AUC,1.3889,0.16147059,3862 AUC
3862,AUC,1.6667,0.16291354,3862 AUC
3862,AUC,1.9444,0.16440673,3862 AUC
3862,AUC,2.2222,0.16594451,3862 AUC
3862,AUC,2.5,0.16752111,3862 AUC
3862,AUC,2.6111,0.16816153,3862 AUC
3862,AUC,2.7222,0.16880725,3862 AUC
3862,AUC,2.8333,0.16945805,3862 AUC
3862,AUC,2.9444,0.17011373,3862 AUC
3862,AUC,3.0556,0.1707747,3862 AUC
3862,AUC,3.1667,0.17143959,3862 AUC
3862,AUC,3.2778,0.17210883,3862 AUC
3862,AUC,3.3889,0.17278226,3862 AUC
3862,AUC,3.5,0.17345974,3862 AUC
3862,AUC,3.6544,0.17440772,3862 AUC
3862,AUC,3.8089,0.17536352,3862 AUC
3862,AUC,3.9633,0.17632557,3862 AUC
3862,AUC,4.1178,0.17729484,3862 AUC
3862,AUC,4.2722,0.17826976,3862 AUC
3862,AUC,4.4267,0.17925135,3862 AUC
3862,AUC,4.5811,0.18023808,3862 AUC
3862,AUC,4.7356,0.181231,3862 AUC
3862,AUC,4.89,0.1822286,3862 AUC
3862,AUC,5.1067,0.18363731,3862 AUC
3862,AUC,5.3233,0.1850549,3862 AUC
3862,AUC,5.54,0.18648216,3862 AUC
3862,AUC,5.7567,0.18791799,3862 AUC
3862,AUC,5.9733,0.18936128,3862 AUC
3862,AUC,6.19,0.19081295,3862 AUC
3862,AUC,6.4067,0.19227194,3862 AUC
3862,AUC,6.6233,0.19373723,3862 AUC
3862,AUC,6.84,0.19520982,3862 AUC
3862,AUC,7.1422,0.19727388,3862 AUC
3862,AUC,7.4444,0.19934939,3862 AUC
3862,AUC,7.7467,0.20143628,3862 AUC
3862,AUC,8.0489,0.20353245,3862 AUC
3862,AUC,8.3511,0.20563794,3862 AUC
3862,AUC,8.6533,0.20775213,3862 AUC
3862,AUC,8.9556,0.20987513,3862 AUC
3862,AUC,9.2578,0.21200501,3862 AUC
3862,AUC,9.56,0.21414194,3862 AUC
3862,AUC,9.9867,0.21717031,3862 AUC
3862,AUC,10.4133,0.2202098,3862 AUC
3862,AUC,10.84,0.22326065,3862 AUC
3862,AUC,11.2667,0.22632104,3862 AUC
3862,AUC,11.6933,0.22938924,3862 AUC
3862,AUC,12.12,0.23246572,3862 AUC
3862,AUC,12.5467,0.23554889,3862 AUC
3862,AUC,12.9733,0.23863717,3862 AUC
3862,AUC,13.4,0.24173124,3862 AUC
3862,AUC,13.9889,0.2460084,3862 AUC
3862,AUC,14.5778,0.25029199,3862 AUC
3862,AUC,15.1667,0.25458034,3862 AUC
3862,AUC,15.7556,0.25887192,3862 AUC
3862,AUC,16.3444,0.26316455,3862 AUC
3862,AUC,16.9333,0.26745838,3862 AUC
3862,AUC,17.5222,0.27175143,3862 AUC
3862,AUC,18.1111,0.27604256,3862 AUC
3862,AUC,18.7,0.28033068,3862 AUC
3862,AUC,19.5222,0.28631069,3862 AUC
3862,AUC,20.3444,0.29228035,3862 AUC
3862,AUC,21.1667,0.29823808,3862 AUC
3862,AUC,21.9889,0.30418032,3862 AUC
3862,AUC,22.8111,0.31010585,3862 AUC
3862,AUC,23.6333,0.31601288,3862 AUC
3862,AUC,24.4556,0.32190049,3862 AUC
3862,AUC,25.2778,0.32776574,3862 AUC
3862,AUC,26.1,0.33360795,3862 AUC
3862,AUC,27.2667,0.34185603,3862 AUC
3862,AUC,28.4333,0.35005116,3862 AUC
3862,AUC,29.6,0.35819178,3862 AUC
3862,AUC,30.7667,0.36627455,3862 AUC
3862,AUC,31.9333,0.37429645,3862 AUC
3862,AUC,33.1,0.38225676,3862 AUC
3862,AUC,34.2667,0.39015294,3862 AUC
3862,AUC,35.4333,0.39798267,3862 AUC
3862,AUC,36.6,0.40574585,3862 AUC
3862,AUC,38.2111,0.41635318,3862 AUC
3862,AUC,39.8222,0.42682703,3862 AUC
3862,AUC,41.4333,0.43716499,3862 AUC
3862,AUC,43.0444,0.44736516,3862 AUC
3862,AUC,44.6556,0.45742662,3862 AUC
3862,AUC,46.2667,0.46734694,3862 AUC
3862,AUC,47.8778,0.47712588,3862 AUC
3862,AUC,49.4889,0.48676288,3862 AUC
3862,AUC,51.1,0.4962576,3862 AUC
3862,AUC,53.3667,0.50937489,3862 AUC
3862,AUC,55.6333,0.52221018,3862 AUC
3862,AUC,57.9,0.53476562,3862 AUC
3862,AUC,60.1667,0.54704228,3862 AUC
3862,AUC,62.4333,0.55904174,3862 AUC
3862,AUC,64.7,0.57076762,3862 AUC
3862,AUC,66.9667,0.58222229,3862 AUC
3862,AUC,69.2333,0.59340849,3862 AUC
3862,AUC,71.5,0.60433068,3862 AUC
3862,AUC,74.6667,0.61915376,3862 AUC
3862,AUC,77.8333,0.63347813,3862 AUC
3862,AUC,81.0,0.64731595,3862 AUC
3862,AUC,84.1667,0.66067843,3862 AUC
3862,AUC,87.3333,0.67357714,3862 AUC
3862,AUC,90.5,0.68602506,3862 AUC
3862,AUC,93.6667,0.69803404,3862 AUC
3862,AUC,96.8333,0.70961606,3862 AUC
3862,AUC,100.0,0.72078416,3862 AUC
3862,MOV,,,3862 MOV
3901,AUC,,,3901 AUC
3901,MOV,,,3901 MOV
3902,AUC,,,3902 AUC
3902,MOV,0.0,0.03704251,3902 MOV
3902,MOV,0.0006,0.37678261,3902 MOV
3902,MOV,0.0011,0.37935169,3902 MOV
3902,MOV,0.0017,0.38120519,3902 MOV
3902,MOV,0.0022,0.3823063,3902 MOV
3902,MOV,0.0028,0.38333845,3902 MOV
3902,MOV,0.0033,0.38404288,3902 MOV
3902,MOV,0.0039,0.38476014,3902 MOV
3902,MOV,0.0044,0.3852787,3902 MOV
3902,MOV,0.005,0.38582882,3902 MOV
3902,MOV,0.0061,0.38668577,3902 MOV
3902,MOV,0.0072,0.38740136,3902 MOV
3902,MOV,0.0083,0.38801583,3902 MOV
3902,MOV,0.0094,0.38855432,3902 MOV
3902,MOV,0.0106,0.3890747,3902 MOV
3902,MOV,0.0117,0.38950275,3902 MOV
3902,MOV,0.0128,0.38989262,3902 MOV
3902,MOV,0.0139,0.39025059,3902 MOV
3902,MOV,0.015,0.3905815,3902 MOV
3902,MOV,0.0184,0.39147022,3902 MOV
3902,MOV,0.0219,0.39222893,3902 MOV
3902,MOV,0.0253,0.39285856,3902 MOV
3902,MOV,0.0288,0.39342451,3902 MOV
3902,MOV,0.0322,0.39391242,3902 MOV
3902,MOV,0.0357,0.39436397,3902 MOV
3902,MOV,0.0391,0.39476241,3902 MOV
3902,MOV,0.0426,0.39513817,3902 MOV
3902,MOV,0.046,0.39547496,3902 MOV
3902,MOV,0.0564,0.39636998,3902 MOV
3902,MOV,0.0669,0.39712084,3902 MOV
3902,MOV,0.0773,0.39775715,3902 MOV
3902,MOV,0.0878,0.39831867,3902 MOV
3902,MOV,0.0982,0.39881268,3902 MOV
3902,MOV,0.1087,0.39926137,3902 MOV
3902,MOV,0.1191,0.39966527,3902 MOV
3902,MOV,0.1296,0.40003902,3902 MOV
3902,MOV,0.14,0.4003807,3902 MOV
3902,MOV,0.17,0.40124109,3902 MOV
3902,MOV,0.2,0.40196234,3902 MOV
3902,MOV,0.23,0.40258336,3902 MOV
3902,MOV,0.26,0.40312871,3902 MOV
3902,MOV,0.29,0.40361491,3902 MOV
3902,MOV,0.32,0.40405356,3902 MOV
3902,MOV,0.35,0.40445319,3902 MOV
3902,MOV,0.38,0.40482019,3902 MOV
3902,MOV,0.41,0.4051595,3902 MOV
3902,MOV,0.5011,0.40605649,3902 MOV
3902,MOV,0.5922,0.40680434,3902 MOV
3902,MOV,0.6833,0.40744576,3902 MOV
3902,MOV,0.7744,0.40800739,3902 MOV
3902,MOV,0.8656,0.40850747,3902 MOV
3902,MOV,0.9567,0.40895733,3902 MOV
3902,MOV,1.0478,0.40936655,3902 MOV
3902,MOV,1.1389,0.40974189,3902 MOV
3902,MOV,1.23,0.41008855,3902 MOV
3902,MOV,1.5044,0.41099676,3902 MOV
3902,MOV,1.7789,0.41175374,3902 MOV
3902,MOV,2.0533,0.41240245,3902 MOV
3902,MOV,2.3278,0.41297047,3902 MOV
3902,MOV,2.6022,0.41347539,3902 MOV
3902,MOV,2.8767,0.41393018,3902 MOV
3902,MOV,3.1511,0.41434365,3902 MOV
3902,MOV,3.4256,0.41472297,3902 MOV
3902,MOV,3.7,0.41507314,3902 MOV
3903,AUC,,,3903 AUC
3903,MOV,,,3903 MOV
3904,AUC,,,3904 AUC
3904,MOV,0.0,0.04347061,3904 MOV
3904,MOV,0.0006,0.21700838,3904 MOV
3904,MOV,0.0011,0.22098242,3904 MOV
3904,MOV,0.0017,0.22388585,3904 MOV
3904,MOV,0.0022,0.22562513,3904 MOV
3904,MOV,0.0028,0.22726528,3904 MOV
3904,MOV,0.0033,0.22839011,3904 MOV
3904,MOV,0.0039,0.22953996,3904 MOV
3904,MOV,0.0044,0.23037414,3904 MOV
3904,MOV,0.005,0.23126171,3904 MOV
3904,MOV,0.0061,0.23264969,3904 MOV
3904,MOV,0.0072,0.23381375,3904 MOV
3904,MOV,0.0083,0.23481694,3904 MOV
3904,MOV,0.0094,0.23569888,3904 MOV
3904,MOV,0.0106,0.23655363,3904 MOV
3904,MOV,0.0117,0.23725853,3904 MOV
3904,MOV,0.0128,0.23790199,3904 MOV
3904,MOV,0.0139,0.23849399,3904 MOV
3904,MOV,0.015,0.23904227,3904 MOV
3904,MOV,0.0184,0.24051962,3904 MOV
3904,MOV,0.0219,0.24178646,3904 MOV
3904,MOV,0.0253,0.24284169,3904 MOV
3904,MOV,0.0288,0.24379323,3904 MOV
3904,MOV,0.0322,0.24461586,3904 MOV
3904,MOV,0.0357,0.2453791,3904 MOV
3904,MOV,0.0391,0.24605408,3904 MOV
3904,MOV,0.0426,0.24669196,3904 MOV
3904,MOV,0.046,0.24726475,3904 MOV
3904,MOV,0.0564,0.24879192,3904 MOV
3904,MOV,0.0669,0.25007865,3904 MOV
3904,MOV,0.0773,0.25117306,3904 MOV
3904,MOV,0.0878,0.25214184,3904 MOV
3904,MOV,0.0982,0.25299651,3904 MOV
3904,MOV,0.1087,0.25377467,3904 MOV
3904,MOV,0.1191,0.2544767,3904 MOV
3904,MOV,0.1296,0.25512763,3904 MOV
3904,MOV,0.14,0.25572381,3904 MOV
3904,MOV,0.17,0.25722971,3904 MOV
3904,MOV,0.2,0.25849721,3904 MOV
3904,MOV,0.23,0.25959232,3904 MOV
3904,MOV,0.26,0.26055687,3904 MOV
3904,MOV,0.29,0.26141904,3904 MOV
3904,MOV,0.32,0.26219874,3904 MOV
3904,MOV,0.35,0.26291057,3904 MOV
3904,MOV,0.38,0.26356555,3904 MOV
3904,MOV,0.41,0.26417219,3904 MOV
3904,MOV,0.5011,0.26578088,3904 MOV
3904,MOV,0.5922,0.26712763,3904 MOV
3904,MOV,0.6833,0.26828673,3904 MOV
3904,MOV,0.7744,0.26930468,3904 MOV
3904,MOV,0.8656,0.27021347,3904 MOV
3904,MOV,0.9567,0.2710329,3904 MOV
3904,MOV,1.0478,0.27177989,3904 MOV
3904,MOV,1.1389,0.27246636,3904 MOV
3904,MOV,1.23,0.27310151,3904 MOV
3904,MOV,1.5044,0.27477064,3904 MOV
3904,MOV,1.7789,0.2761675,3904 MOV
3904,MOV,2.0533,0.27736866,3904 MOV
3904,MOV,2.3278,0.27842351,3904 MOV
3904,MOV,2.6022,0.27936362,3904 MOV
3904,MOV,2.8767,0.28021234,3904 MOV
3904,MOV,3.1511,0.28098558,3904 MOV
3904,MOV,3.4256,0.2816963,3904 MOV
3904,MOV,3.7,0.28235353,3904 MOV
3904,MOV,4.5222,0.28407209,3904 MOV
3904,MOV,5.3444,0.28551051,3904 MOV
3904,MOV,6.1667,0.28674844,3904 MOV
3904,MOV,6.9889,0.28783532,3904 MOV
3904,MOV,7.8111,0.28880452,3904 MOV
3904,MOV,8.6333,0.28967931,3904 MOV
3904,MOV,9.4556,0.29047677,3904 MOV
3904,MOV,10.2778,0.29120945,3904 MOV
3904,MOV,11.1,0.2918873,3904 MOV
3904,MOV,13.5667,0.29366191,3904 MOV
3904,MOV,16.0333,0.29514704,3904 MOV
3904,MOV,18.5,0.29642497,3904 MOV
3904,MOV,20.9667,0.29754701,3904 MOV
3904,MOV,23.4333,0.29854745,3904 MOV
3904,MOV,25.9,0.29945043,3904 MOV
3904,MOV,28.3667,0.30027344,3904 MOV
3904,MOV,30.8333,0.30102962,3904 MOV
3904,MOV,33.3,0.3017292,3904 MOV
3904,MOV,40.7111,0.30356296,3904 MOV
3904,MOV,48.1222,0.30509715,3904 MOV
3904,MOV,55.5333,0.30641691,3904 MOV
3904,MOV,62.9444,0.30757545,3904 MOV
3904,MOV,70.3556,0.30860832,3904 MOV
3904,MOV,77.7667,0.30954039,3904 MOV
3904,MOV,85.1778,0.31038982,3904 MOV
3904,MOV,92.5889,0.31117022,3904 MOV
3904,MOV,100.0,0.31189212,3904 MOV
3905,AUC,,,3905 AUC
3905,MOV,0.0,1.043e-05,3905 MOV
3905,MOV,0.0006,0.00036016,3905 MOV
3905,MOV,0.0011,0.00048522,3905 MOV
3905,MOV,0.0017,0.00060174,3905 MOV
3905,MOV,0.0022,0.0006838,3905 MOV
3905,MOV,0.0028,0.00077083,3905 MOV
3905,MOV,0.0033,0.00083646,3905 MOV
3905,MOV,0.0039,0.000909,3905 MOV
3905,MOV,0.0044,0.0009653,3905 MOV
3905,MOV,0.005,0.00102881,3905 MOV
3905,MOV,0.0061,0.0011361,3905 MOV
3905,MOV,0.0072,0.00123412,3905 MOV
3905,MOV,0.0083,0.00132495,3905 MOV
3905,MOV,0.0094,0.00140995,3905 MOV
3905,MOV,0.0106,0.00149722,3905 MOV
3905,MOV,0.0117,0.00157299,3905 MOV
3905,MOV,0.0128,0.00164529,3905 MOV
3905,MOV,0.0139,0.00171455,3905 MOV
3905,MOV,0.015,0.00178114,3905 MOV
3905,MOV,0.0184,0.00197287,3905 MOV
3905,MOV,0.0219,0.00215255,3905 MOV
3905,MOV,0.0253,0.00231384,3905 MOV
3905,MOV,0.0288,0.00246893,3905 MOV
3905,MOV,0.0322,0.00261083,3905 MOV
3905,MOV,0.0357,0.0027493,3905 MOV
3905,MOV,0.0391,0.00287746,3905 MOV
3905,MOV,0.0426,0.0030037,3905 MOV
3905,MOV,0.046,0.00312147,3905 MOV
3905,MOV,0.0564,0.00345697,3905 MOV
3905,MOV,0.0669,0.00376557,3905 MOV
3905,MOV,0.0773,0.00404815,3905 MOV
3905,MOV,0.0878,0.00431473,3905 MOV
3905,MOV,0.0982,0.00456347,3905 MOV
3905,MOV,0.1087,0.00480154,3905 MOV
3905,MOV,0.1191,0.00502624,3905 MOV
3905,MOV,0.1296,0.00524333,3905 MOV
3905,MOV,0.14,0.00544983,3905 MOV
3905,MOV,0.17,0.00600574,3905 MOV
3905,MOV,0.2,0.00651423,3905 MOV
3905,MOV,0.23,0.00698563,3905 MOV
3905,MOV,0.26,0.00742699,3905 MOV
3905,MOV,0.29,0.00784338,3905 MOV
3905,MOV,0.32,0.00823858,3905 MOV
3905,MOV,0.35,0.00861549,3905 MOV
3905,MOV,0.38,0.00897643,3905 MOV
3905,MOV,0.41,0.00932324,3905 MOV
3905,MOV,0.5011,0.01030419,3905 MOV
3905,MOV,0.5922,0.0111983,3905 MOV
3905,MOV,0.6833,0.01202498,3905 MOV
3905,MOV,0.7744,0.01279732,3905 MOV
3905,MOV,0.8656,0.01352544,3905 MOV
3905,MOV,0.9567,0.01421467,3905 MOV
3905,MOV,1.0478,0.01487116,3905 MOV
3905,MOV,1.1389,0.01549907,3905 MOV
3905,MOV,1.23,0.01610177,3905 MOV
3905,MOV,1.5044,0.01779033,3905 MOV
3905,MOV,1.7789,0.01932734,3905 MOV
3905,MOV,2.0533,0.02074579,3905 MOV
3905,MOV,2.3278,0.02206969,3905 MOV
3905,MOV,2.6022,0.02331446,3905 MOV
3905,MOV,2.8767,0.02449314,3905 MOV
3905,MOV,3.1511,0.0256142,3905 MOV
3905,MOV,3.4256,0.02668577,3905 MOV
3905,MOV,3.7,0.02771294,3905 MOV
3905,MOV,4.5222,0.03057136,3905 MOV
3905,MOV,5.3444,0.03316703,3905 MOV
3905,MOV,6.1667,0.035559,3905 MOV
3905,MOV,6.9889,0.0377864,3905 MOV
3905,MOV,7.8111,0.03987778,3905 MOV
3905,MOV,8.6333,0.04185416,3905 MOV
3905,MOV,9.4556,0.04373184,3905 MOV
3905,MOV,10.2778,0.04552303,3905 MOV
3905,MOV,11.1,0.04723814,3905 MOV
3905,MOV,13.5667,0.05200365,3905 MOV
3905,MOV,16.0333,0.05631387,3905 MOV
3905,MOV,18.5,0.06027127,3905 MOV
3905,MOV,20.9667,0.06394457,3905 MOV
3905,MOV,23.4333,0.06738273,3905 MOV
3905,MOV,25.9,0.07062246,3905 MOV
3905,MOV,28.3667,0.07369154,3905 MOV
3905,MOV,30.8333,0.07661182,3905 MOV
3905,MOV,33.3,0.07940115,3905 MOV
3905,MOV,40.7111,0.08712617,3905 MOV
3905,MOV,48.1222,0.09406744,3905 MOV
3905,MOV,55.5333,0.10040233,3905 MOV
3905,MOV,62.9444,0.10625032,3905 MOV
3905,MOV,70.3556,0.11169649,3905 MOV
3905,MOV,77.7667,0.1168037,3905 MOV
3905,MOV,85.1778,0.12162029,3905 MOV
3905,MOV,92.5889,0.12618414,3905 MOV
3905,MOV,100.0,0.13052566,3905 MOV
3906,AUC,0.0,0.03846157,3906 AUC
3906,AUC,0.0006,0.17646443,3906 AUC
3906,AUC,0.0011,0.1764652,3906 AUC
3906,AUC,0.0017,0.17646576,3906 AUC
3906,AUC,0.0022,0.17646608,3906 AUC
3906,AUC,0.0028,0.17646639,3906 AUC
3906,AUC,0.0033,0.1764666,3906 AUC
3906,AUC,0.0039,0.17646682,3906 AUC
3906,AUC,0.0044,0.17646697,3906 AUC
3906,AUC,0.005,0.17646713,3906 AUC
3906,AUC,0.0061,0.17646739,3906 AUC
3906,AUC,0.0072,0.1764676,3906 AUC
3906,AUC,0.0083,0.17646778,3906 AUC
3906,AUC,0.0094,0.17646794,3906 AUC
3906,AUC,0.0106,0.17646809,3906 AUC
3906,AUC,0.0117,0.17646822,3906 AUC
3906,AUC,0.0128,0.17646833,3906 AUC
3906,AUC,0.0139,0.17646844,3906 AUC
3906,AUC,0.015,0.17646853,3906 AUC
3906,AUC,0.0184,0.17646879,3906 AUC
3906,AUC,0.0219,0.17646902,3906 AUC
3906,AUC,0.0253,0.1764692,3906 AUC
3906,AUC,0.0288,0.17646937,3906 AUC
3906,AUC,0.0322,0.17646951,3906 AUC
3906,AUC,0.0357,0.17646964,3906 AUC
3906,AUC,0.0391,0.17646976,3906 AUC
3906,AUC,0.0426,0.17646987,3906 AUC
3906,AUC,0.046,0.17646996,3906 AUC
3906,AUC,0.0564,0.17647022,3906 AUC
3906,AUC,0.0669,0.17647044,3906 AUC
3906,AUC,0.0773,0.17647063,3906 AUC
3906,AUC,0.0878,0.17647079,3906 AUC
3906,AUC,0.0982,0.17647093,3906 AUC
3906,AUC,0.1087,0.17647106,3906 AUC
3906,AUC,0.1191,0.17647118,3906 AUC
3906,AUC,0.1296,0.17647129,3906 AUC
3906,AUC,0.14,0.17647138,3906 AUC
3906,AUC,0.17,0.17647163,3906 AUC
3906,AUC,0.2,0.17647184,3906 AUC
3906,AUC,0.23,0.17647202,3906 AUC
3906,AUC,0.26,0.17647217,3906 AUC
3906,AUC,0.29,0.17647231,3906 AUC
3906,AUC,0.32,0.17647244,3906 AUC
3906,AUC,0.35,0.17647255,3906 AUC
3906,AUC,0.38,0.17647266,3906 AUC
3906,AUC,0.41,0.17647276,3906 AUC
3906,AUC,0.5011,0.17647301,3906 AUC
3906,AUC,0.5922,0.17647322,3906 AUC
3906,AUC,0.6833,0.17647341,3906 AUC
3906,AUC,0.7744,0.17647357,3906 AUC
3906,AUC,0.8656,0.17647371,3906 AUC
3906,AUC,0.9567,0.17647384,3906 AUC
3906,AUC,1.0478,0.17647395,3906 AUC
3906,AUC,1.1389,0.17647406,3906 AUC
3906,AUC,1.23,0.17647416,3906 AUC
3906,MOV,,,3906 MOV
3907,AUC,,,3907 AUC
3907,MOV,,,3907 MOV
3910,AUC,,,3910 AUC
3910,MOV,,,3910 MOV
3911,AUC,,,3911 AUC
3911,MOV,,,3911 MOV
3912,AUC,0.0,0.31250131,3912 AUC
3912,AUC,0.4111,0.46666214,3912 AUC
3912,AUC,0.8222,0.46666308,3912 AUC
3912,AUC,1.2333,0.46666363,3912 AUC
3912,AUC,1.6444,0.46666402,3912 AUC
3912,AUC,2.0556,0.46666432,3912 AUC
3912,AUC,2.4667,0.46666456,3912 AUC
3912,AUC,2.8778,0.46666477,3912 AUC
3912,AUC,3.2889,0.46666495,3912 AUC
3912,AUC,3.7,0.46666511,3912 AUC
3912,AUC,4.5222,0.46666539,3912 AUC
3912,AUC,5.3444,0.46666561,3912 AUC
3912,AUC,6.1667,0.46666581,3912 AUC
3912,AUC,6.9889,0.46666598,3912 AUC
3912,AUC,7.8111,0.46666613,3912 AUC
3912,AUC,8.6333,0.46666626,3912 AUC
3912,AUC,9.4556,0.46666638,3912 AUC
3912,AUC,10.2778,0.4666665,3912 AUC
3912,AUC,11.1,0.4666666,3912 AUC
3912,AUC,13.5667,0.46666687,3912 AUC
3912,AUC,16.0333,0.4666671,3912 AUC
3912,AUC,18.5,0.46666729,3912 AUC
3912,AUC,20.9667,0.46666746,3912 AUC
3912,AUC,23.4333,0.46666761,3912 AUC
3912,AUC,25.9,0.46666775,3912 AUC
3912,AUC,28.3667,0.46666787,3912 AUC
3912,AUC,30.8333,0.46666799,3912 AUC
3912,AUC,33.3,0.46666809,3912 AUC
3912,MOV,,,3912 MOV
3913,AUC,,,3913 AUC
3913,MOV,,,3913 MOV
3915,AUC,,,3915 AUC
3915,MOV,,,3915 MOV
3916,AUC,0.0,0.26142382,3916 AUC
3916,AUC,0.0006,0.26143119,3916 AUC
3916,AUC,0.0011,0.26143733,3916 AUC
3916,AUC,0.0017,0.2614447,3916 AUC
3916,AUC,0.0022,0.26145085,3916 AUC
3916,AUC,0.0028,0.26145822,3916 AUC
3916,AUC,0.0033,0.26146436,3916 AUC
3916,AUC,0.0039,0.26147173,3916 AUC
3916,AUC,0.0044,0.26147788,3916 AUC
3916,AUC,0.005,0.26148525,3916 AUC
3916,AUC,0.0061,0.26149876,3916 AUC
3916,AUC,0.0072,0.26151227,3916 AUC
3916,AUC,0.0083,0.26152579,3916 AUC
3916,AUC,0.0094,0.2615393,3916 AUC
3916,AUC,0.0106,0.26155404,3916 AUC
3916,AUC,0.0117,0.26156755,3916 AUC
3916,AUC,0.0128,0.26158106,3916 AUC
3916,AUC,0.0139,0.26159458,3916 AUC
3916,AUC,0.015,0.26160809,3916 AUC
3916,AUC,0.0184,0.26164985,3916 AUC
3916,AUC,0.0219,0.26169283,3916 AUC
3916,AUC,0.0253,0.26173459,3916 AUC
3916,AUC,0.0288,0.26177757,3916 AUC
3916,AUC,0.0322,0.26181932,3916 AUC
3916,AUC,0.0357,0.2618623,3916 AUC
3916,AUC,0.0391,0.26190405,3916 AUC
3916,AUC,0.0426,0.26194702,3916 AUC
3916,AUC,0.046,0.26198876,3916 AUC
3916,AUC,0.0564,0.26211643,3916 AUC
3916,AUC,0.0669,0.2622453,3916 AUC
3916,AUC,0.0773,0.26237292,3916 AUC
3916,AUC,0.0878,0.26250175,3916 AUC
3916,AUC,0.0982,0.26262933,3916 AUC
3916,AUC,0.1087,0.26275811,3916 AUC
3916,AUC,0.1191,0.26288564,3916 AUC
3916,AUC,0.1296,0.26301438,3916 AUC
3916,AUC,0.14,0.26314187,3916 AUC
3916,AUC,0.17,0.2635095,3916 AUC
3916,AUC,0.2,0.26387695,3916 AUC
3916,AUC,0.23,0.26424422,3916 AUC
3916,AUC,0.26,0.2646113,3916 AUC
3916,AUC,0.29,0.2649782,3916 AUC
3916,AUC,0.32,0.26534492,3916 AUC
3916,AUC,0.35,0.26571145,3916 AUC
3916,AUC,0.38,0.2660778,3916 AUC
3916,AUC,0.41,0.26644397,3916 AUC
3916,AUC,0.5011,0.26755479,3916 AUC
3916,AUC,0.5922,0.26866392,3916 AUC
3916,AUC,0.6833,0.26977137,3916 AUC
3916,AUC,0.7744,0.27087714,3916 AUC
3916,AUC,0.8656,0.27198245,3916 AUC
3916,AUC,0.9567,0.27308488,3916 AUC
3916,AUC,1.0478,0.27418563,3916 AUC
3916,AUC,1.1389,0.27528472,3916 AUC
3916,AUC,1.23,0.27638215,3916 AUC
3916,AUC,1.5044,0.27967764,3916 AUC
3916,AUC,1.7789,0.28295932,3916 AUC
3916,AUC,2.0533,0.28622486,3916 AUC
3916,AUC,2.3278,0.28947672,3916 AUC
3916,AUC,2.6022,0.29271258,3916 AUC
3916,AUC,2.8767,0.29593487,3916 AUC
3916,AUC,3.1511,0.29914132,3916 AUC
3916,AUC,3.4256,0.30233432,3916 AUC
3916,AUC,3.7,0.30551163,3916 AUC
3916,AUC,4.5222,0.31494559,3916 AUC
3916,AUC,5.3444,0.32425139,3916 AUC
3916,AUC,6.1667,0.3334319,3916 AUC
3916,AUC,6.9889,0.34248659,3916 AUC
3916,AUC,7.8111,0.35141828,3916 AUC
3916,AUC,8.6333,0.36022864,3916 AUC
3916,AUC,9.4556,0.36892037,3916 AUC
3916,AUC,10.2778,0.37749298,3916 AUC
3916,AUC,11.1,0.38594914,3916 AUC
3916,MOV,0.0,1e-05,3916 MOV
3916,MOV,0.0006,0.11312711,3916 MOV
3916,MOV,0.0011,0.11713658,3916 MOV
3916,MOV,0.0017,0.12009746,3916 MOV
3916,MOV,0.0022,0.12188382,3916 MOV
3916,MOV,0.0028,0.12357701,3916 MOV
3916,MOV,0.0033,0.12474306,3916 MOV
3916,MOV,0.0039,0.12593908,3916 MOV
3916,MOV,0.0044,0.12680931,3916 MOV
3916,MOV,0.005,0.1277376,3916 MOV
3916,MOV,0.0061,0.12919409,3916 MOV
3916,MOV,0.0072,0.13042017,3916 MOV
3916,MOV,0.0083,0.13148013,3916 MOV
3916,MOV,0.0094,0.1324145,3916 MOV
3916,MOV,0.0106,0.13332231,3916 MOV
3916,MOV,0.0117,0.13407264,3916 MOV
3916,MOV,0.0128,0.13475888,3916 MOV
3916,MOV,0.0139,0.13539135,3916 MOV
3916,MOV,0.015,0.13597805,3916 MOV
3916,MOV,0.0184,0.13756342,3916 MOV
3916,MOV,0.0219,0.13892809,3916 MOV
3916,MOV,0.0253,0.14006849,3916 MOV
3916,MOV,0.0288,0.14109965,3916 MOV
3916,MOV,0.0322,0.1419933,3916 MOV
3916,MOV,0.0357,0.14282423,3916 MOV
3916,MOV,0.0391,0.1435605,3916 MOV
3916,MOV,0.0426,0.14425753,3916 MOV
3916,MOV,0.046,0.14488446,3916 MOV
3916,MOV,0.0564,0.14656071,3916 MOV
3916,MOV,0.0669,0.14797836,3916 MOV
3916,MOV,0.0773,0.14918792,3916 MOV
3916,MOV,0.0878,0.15026155,3916 MOV
3916,MOV,0.0982,0.15121098,3916 MOV
3916,MOV,0.1087,0.15207726,3916 MOV
3916,MOV,0.1191,0.15286029,3916 MOV
3916,MOV,0.1296,0.15358759,3916 MOV
3916,MOV,0.14,0.1542548,3916 MOV
3916,MOV,0.17,0.15594466,3916 MOV
3916,MOV,0.2,0.15737202,3916 MOV
3916,MOV,0.23,0.15860896,3916 MOV
3916,MOV,0.26,0.15970124,3916 MOV
3916,MOV,0.29,0.16067983,3916 MOV
3916,MOV,0.32,0.16156663,3916 MOV
3916,MOV,0.35,0.16237773,3916 MOV
3916,MOV,0.38,0.16312531,3916 MOV
3916,MOV,0.41,0.16381881,3916 MOV
3916,MOV,0.5011,0.16566282,3916 MOV
3916,MOV,0.5922,0.16721214,3916 MOV
3916,MOV,0.6833,0.16854964,3916 MOV
3916,MOV,0.7744,0.16972734,3916 MOV
3916,MOV,0.8656,0.17078118,3916 MOV
3916,MOV,0.9567,0.17173336,3916 MOV
3916,MOV,1.0478,0.17260297,3916 MOV
3916,MOV,1.1389,0.17340349,3916 MOV
3916,MOV,1.23,0.17414531,3916 MOV
3916,MOV,1.5044,0.17610003,3916 MOV
3916,MOV,1.7789,0.17774174,3916 MOV
3916,MOV,2.0533,0.17915769,3916 MOV
3916,MOV,2.3278,0.18040439,3916 MOV
3916,MOV,2.6022,0.18151802,3916 MOV
3916,MOV,2.8767,0.18252545,3916 MOV
3916,MOV,3.1511,0.18344496,3916 MOV
3916,MOV,3.4256,0.18429153,3916 MOV
3916,MOV,3.7,0.18507559,3916 MOV
3916,MOV,4.5222,0.18713125,3916 MOV
3916,MOV,5.3444,0.18885786,3916 MOV
3916,MOV,6.1667,0.1903482,3916 MOV
3916,MOV,6.9889,0.19166002,3916 MOV
3916,MOV,7.8111,0.19283241,3916 MOV
3916,MOV,8.6333,0.19389273,3916 MOV
3916,MOV,9.4556,0.19486106,3916 MOV
3916,MOV,10.2778,0.19575219,3916 MOV
3916,MOV,11.1,0.19657787,3916 MOV
3917,AUC,,,3917 AUC
3917,MOV,,,3917 MOV
3918,AUC,0.0,0.07111655,3918 AUC
3918,AUC,0.0006,0.07373399,3918 AUC
3918,AUC,0.0011,0.07475958,3918 AUC
3918,AUC,0.0017,0.07570465,3918 AUC
3918,AUC,0.0022,0.07636223,3918 AUC
3918,AUC,0.0028,0.07705169,3918 AUC
3918,AUC,0.0033,0.07756623,3918 AUC
3918,AUC,0.0039,0.07812938,3918 AUC
3918,AUC,0.0044,0.07856252,3918 AUC
3918,AUC,0.005,0.07904703,3918 AUC
3918,AUC,0.0061,0.07985572,3918 AUC
3918,AUC,0.0072,0.08058421,3918 AUC
3918,AUC,0.0083,0.08125056,3918 AUC
3918,AUC,0.0094,0.08186698,3918 AUC
3918,AUC,0.0106,0.08249269,3918 AUC
3918,AUC,0.0117,0.08303028,3918 AUC
3918,AUC,0.0128,0.0835385,3918 AUC
3918,AUC,0.0139,0.08402114,3918 AUC
3918,AUC,0.015,0.0844813,3918 AUC
3918,AUC,0.0184,0.08578602,3918 AUC
3918,AUC,0.0219,0.0869829,3918 AUC
3918,AUC,0.0253,0.08803716,3918 AUC
3918,AUC,0.0288,0.08903399,3918 AUC
3918,AUC,0.0322,0.08993207,3918 AUC
3918,AUC,0.0357,0.09079618,3918 AUC
3918,AUC,0.0391,0.09158563,3918 AUC
3918,AUC,0.0426,0.09235391,3918 AUC
3918,AUC,0.046,0.09306252,3918 AUC
3918,AUC,0.0564,0.09504053,3918 AUC
3918,AUC,0.0669,0.09681021,3918 AUC
3918,AUC,0.0773,0.09839198,3918 AUC
3918,AUC,0.0878,0.09985252,3918 AUC
3918,AUC,0.0982,0.1011891,3918 AUC
3918,AUC,0.1087,0.102446,3918 AUC
3918,AUC,0.1191,0.10361316,3918 AUC
3918,AUC,0.1296,0.10472392,3918 AUC
3918,AUC,0.14,0.10576572,3918 AUC
3918,AUC,0.17,0.10850313,3918 AUC
3918,AUC,0.2,0.11092729,3918 AUC
3918,AUC,0.23,0.1131122,3918 AUC
3918,AUC,0.26,0.11510737,3918 AUC
3918,AUC,0.29,0.11694772,3918 AUC
3918,AUC,0.32,0.11865896,3918 AUC
3918,AUC,0.35,0.12026058,3918 AUC
3918,AUC,0.38,0.12176779,3918 AUC
3918,AUC,0.41,0.12319269,3918 AUC
3918,AUC,0.5011,0.12710743,3918 AUC
3918,AUC,0.5922,0.130539,3918 AUC
3918,AUC,0.6833,0.13360673,3918 AUC
3918,AUC,0.7744,0.13638907,3918 AUC
3918,AUC,0.8656,0.13894339,3918 AUC
3918,AUC,0.9567,0.14130385,3918 AUC
3918,AUC,1.0478,0.14350328,3918 AUC
3918,AUC,1.1389,0.14556481,3918 AUC
3918,AUC,1.23,0.14750673,3918 AUC
3918,AUC,1.5044,0.15276897,3918 AUC
3918,AUC,1.7789,0.15735089,3918 AUC
3918,AUC,2.0533,0.16142136,3918 AUC
3918,AUC,2.3278,0.16509581,3918 AUC
3918,AUC,2.6022,0.16844938,3918 AUC
3918,AUC,2.8767,0.17154082,3918 AUC
3918,AUC,3.1511,0.17441005,3918 AUC
3918,AUC,3.4256,0.17709162,3918 AUC
3918,AUC,3.7,0.17960916,3918 AUC
3918,AUC,4.5222,0.18636329,3918 AUC
3918,AUC,5.3444,0.19220617,3918 AUC
3918,AUC,6.1667,0.19737227,3918 AUC
3918,AUC,6.9889,0.20201227,3918 AUC
3918,AUC,7.8111,0.20623153,3918 AUC
3918,AUC,8.6333,0.2101055,3918 AUC
3918,AUC,9.4556,0.21369089,3918 AUC
3918,AUC,10.2778,0.21703006,3918 AUC
3918,AUC,11.1,0.2201574,3918 AUC
3918,MOV,0.0,0.07688256,3918 MOV
3918,MOV,0.0006,0.20480274,3918 MOV
3918,MOV,0.0011,0.20673365,3918 MOV
3918,MOV,0.0017,0.20813684,3918 MOV
3918,MOV,0.0022,0.20897444,3918 MOV
3918,MOV,0.0028,0.20976233,3918 MOV
3918,MOV,0.0033,0.21030156,3918 MOV
3918,MOV,0.0039,0.21085188,3918 MOV
3918,MOV,0.0044,0.21125054,3918 MOV
3918,MOV,0.005,0.2116742,3918 MOV
3918,MOV,0.0061,0.21233565,3918 MOV
3918,MOV,0.0072,0.21288939,3918 MOV
3918,MOV,0.0083,0.21336589,3918 MOV
3918,MOV,0.0094,0.21378425,3918 MOV
3918,MOV,0.0106,0.21418923,3918 MOV
3918,MOV,0.0117,0.21452286,3918 MOV
3918,MOV,0.0128,0.21482712,3918 MOV
3918,MOV,0.0139,0.21510683,3918 MOV
3918,MOV,0.015,0.21536568,3918 MOV
3918,MOV,0.0184,0.21606222,3918 MOV
3918,MOV,0.0219,0.21665842,3918 MOV
3918,MOV,0.0253,0.2171543,3918 MOV
3918,MOV,0.0288,0.21760086,3918 MOV
3918,MOV,0.0322,0.21798649,3918 MOV
3918,MOV,0.0357,0.21834392,3918 MOV
3918,MOV,0.0391,0.21865972,3918 MOV
3918,MOV,0.0426,0.21895793,3918 MOV
3918,MOV,0.046,0.2192255,3918 MOV
3918,MOV,0.0564,0.21993797,3918 MOV
3918,MOV,0.0669,0.22053724,3918 MOV
3918,MOV,0.0773,0.22104619,3918 MOV
3918,MOV,0.0878,0.22149617,3918 MOV
3918,MOV,0.0982,0.22189271,3918 MOV
3918,MOV,0.1087,0.2222534,3918 MOV
3918,MOV,0.1191,0.22257853,3918 MOV
3918,MOV,0.1296,0.22287974,3918 MOV
3918,MOV,0.14,0.22315543,3918 MOV
3918,MOV,0.17,0.22385094,3918 MOV
3918,MOV,0.2,0.22443541,3918 MOV
3918,MOV,0.23,0.22493972,3918 MOV
3918,MOV,0.26,0.22538339,3918 MOV
3918,MOV,0.29,0.22577957,3918 MOV
3918,MOV,0.32,0.22613752,3918 MOV
3918,MOV,0.35,0.22646406,3918 MOV
3918,MOV,0.38,0.22676428,3918 MOV
3918,MOV,0.41,0.22704217,3918 MOV
3918,MOV,0.5011,0.22777817,3918 MOV
3918,MOV,0.5922,0.22839337,3918 MOV
3918,MOV,0.6833,0.22892216,3918 MOV
3918,MOV,0.7744,0.22938602,3918 MOV
3918,MOV,0.8656,0.22979973,3918 MOV
3918,MOV,0.9567,0.23017243,3918 MOV
3918,MOV,1.0478,0.23051192,3918 MOV
3918,MOV,1.1389,0.23082367,3918 MOV
3918,MOV,1.23,0.23111193,3918 MOV
3918,MOV,1.5044,0.23186857,3918 MOV
3918,MOV,1.7789,0.23250084,3918 MOV
3918,MOV,2.0533,0.23304384,3918 MOV
3918,MOV,2.3278,0.23352018,3918 MOV
3918,MOV,2.6022,0.23394431,3918 MOV
3918,MOV,2.8767,0.23432688,3918 MOV
3918,MOV,3.1511,0.23467517,3918 MOV
3918,MOV,3.4256,0.23499507,3918 MOV
3918,MOV,3.7,0.2352907,3918 MOV
3918,MOV,4.5222,0.23606291,3918 MOV
3918,MOV,5.3444,0.23670832,3918 MOV
3918,MOV,6.1667,0.2372631,3918 MOV
3918,MOV,6.9889,0.23774969,3918 MOV
3918,MOV,7.8111,0.2381832,3918 MOV
3918,MOV,8.6333,0.23857417,3918 MOV
3918,MOV,9.4556,0.23893032,3918 MOV
3918,MOV,10.2778,0.23925733,3918 MOV
3918,MOV,11.1,0.23955968,3918 MOV
3919,AUC,,,3919 AUC
3919,MOV,,,3919 MOV
3920,AUC,,,3920 AUC
3920,MOV,,,3920 MOV
3921,AUC,,,3921 AUC
3921,MOV,,,3921 MOV
3922,AUC,,,3922 AUC
3922,MOV,0.0,0.02792211,3922 MOV
3922,MOV,0.0006,0.02792437,3922 MOV
3922,MOV,0.0011,0.02792626,3922 MOV
3922,MOV,0.0017,0.02792852,3922 MOV
3922,MOV,0.0022,0.0279304,3922 MOV
3922,MOV,0.0028,0.02793266,3922 MOV
3922,MOV,0.0033,0.02793454,3922 MOV
3922,MOV,0.0039,0.0279368,3922 MOV
3922,MOV,0.0044,0.02793868,3922 MOV
3922,MOV,0.005,0.02794094,3922 MOV
3922,MOV,0.0061,0.02794508,3922 MOV
3922,MOV,0.0072,0.02794923,3922 MOV
3922,MOV,0.0083,0.02795337,3922 MOV
3922,MOV,0.0094,0.02795751,3922 MOV
3922,MOV,0.0106,0.02796203,3922 MOV
3922,MOV,0.0117,0.02796617,3922 MOV
3922,MOV,0.0128,0.02797031,3922 MOV
3922,MOV,0.0139,0.02797446,3922 MOV
3922,MOV,0.015,0.0279786,3922 MOV
3922,MOV,0.0184,0.0279914,3922 MOV
3922,MOV,0.0219,0.02800458,3922 MOV
3922,MOV,0.0253,0.02801738,3922 MOV
3922,MOV,0.0288,0.02803056,3922 MOV
3922,MOV,0.0322,0.02804336,3922 MOV
3922,MOV,0.0357,0.02805654,3922 MOV
3922,MOV,0.0391,0.02806934,3922 MOV
3922,MOV,0.0426,0.02808252,3922 MOV
3922,MOV,0.046,0.02809532,3922 MOV
3922,MOV,0.0564,0.02813447,3922 MOV
3922,MOV,0.0669,0.028174,3922 MOV
3922,MOV,0.0773,0.02821316,3922 MOV
3922,MOV,0.0878,0.02825268,3922 MOV
3922,MOV,0.0982,0.02829183,3922 MOV
3922,MOV,0.1087,0.02833136,3922 MOV
3922,MOV,0.1191,0.0283705,3922 MOV
3922,MOV,0.1296,0.02841002,3922 MOV
3922,MOV,0.14,0.02844916,3922 MOV
3922,MOV,0.17,0.02856207,3922 MOV
3922,MOV,0.2,0.02867496,3922 MOV
3922,MOV,0.23,0.02878783,3922 MOV
3922,MOV,0.26,0.0289007,3922 MOV
3922,MOV,0.29,0.02901355,3922 MOV
3922,MOV,0.32,0.02912638,3922 MOV
3922,MOV,0.35,0.02923921,3922 MOV
3922,MOV,0.38,0.02935202,3922 MOV
3922,MOV,0.41,0.02946481,3922 MOV
3922,MOV,0.5011,0.02980726,3922 MOV
3922,MOV,0.5922,0.03014959,3922 MOV
3922,MOV,0.6833,0.03049179,3922 MOV
3922,MOV,0.7744,0.03083388,3922 MOV
3922,MOV,0.8656,0.03117622,3922 MOV
3922,MOV,0.9567,0.03151806,3922 MOV
3922,MOV,1.0478,0.03185979,3922 MOV
3922,MOV,1.1389,0.03220139,3922 MOV
3922,MOV,1.23,0.03254287,3922 MOV
3922,MOV,1.5044,0.03357071,3922 MOV
3922,MOV,1.7789,0.03459784,3922 MOV
3922,MOV,2.0533,0.0356235,3922 MOV
3922,MOV,2.3278,0.03664844,3922 MOV
3922,MOV,2.6022,0.03767192,3922 MOV
3922,MOV,2.8767,0.03869469,3922 MOV
3922,MOV,3.1511,0.03971599,3922 MOV
3922,MOV,3.4256,0.04073658,3922 MOV
3922,MOV,3.7,0.04175572,3922 MOV
3922,MOV,4.5222,0.04480294,3922 MOV
3922,MOV,5.3444,0.04784047,3922 MOV
3922,MOV,6.1667,0.05086871,3922 MOV
3922,MOV,6.9889,0.05388694,3922 MOV
3922,MOV,7.8111,0.05689559,3922 MOV
3922,MOV,8.6333,0.05989466,3922 MOV
3922,MOV,9.4556,0.06288456,3922 MOV
3922,MOV,10.2778,0.06586459,3922 MOV
3922,MOV,11.1,0.06883514,3922 MOV
3923,AUC,,,3923 AUC
3923,MOV,,,3923 MOV
3924,AUC,,,3924 AUC
3924,MOV,,,3924 MOV
3925,AUC,,,3925 AUC
3925,MOV,,,3925 MOV
3926,AUC,,,3926 AUC
3926,MOV,0.0,0.08799696,3926 MOV
3926,MOV,0.0006,0.08801759,3926 MOV
3926,MOV,0.0011,0.08803479,3926 MOV
3926,MOV,0.0017,0.08805542,3926 MOV
3926,MOV,0.0022,0.08807262,3926 MOV
3926,MOV,0.0028,0.08809325,3926 MOV
3926,MOV,0.0033,0.08811045,3926 MOV
3926,MOV,0.0039,0.08813108,3926 MOV
3926,MOV,0.0044,0.08814827,3926 MOV
3926,MOV,0.005,0.0881689,3926 MOV
3926,MOV,0.0061,0.08820673,3926 MOV
3926,MOV,0.0072,0.08824455,3926 MOV
3926,MOV,0.0083,0.08828237,3926 MOV
3926,MOV,0.0094,0.08832018,3926 MOV
3926,MOV,0.0106,0.08836144,3926 MOV
3926,MOV,0.0117,0.08839925,3926 MOV
3926,MOV,0.0128,0.08843707,3926 MOV
3926,MOV,0.0139,0.08847488,3926 MOV
3926,MOV,0.015,0.08851269,3926 MOV
3926,MOV,0.0184,0.08862955,3926 MOV
3926,MOV,0.0219,0.08874983,3926 MOV
3926,MOV,0.0253,0.08886666,3926 MOV
3926,MOV,0.0288,0.0889869,3926 MOV
3926,MOV,0.0322,0.0891037,3926 MOV
3926,MOV,0.0357,0.08922392,3926 MOV
3926,MOV,0.0391,0.08934069,3926 MOV
3926,MOV,0.0426,0.08946087,3926 MOV
3926,MOV,0.046,0.08957761,3926 MOV
3926,MOV,0.0564,0.08993459,3926 MOV
3926,MOV,0.0669,0.09029487,3926 MOV
3926,MOV,0.0773,0.09065157,3926 MOV
3926,MOV,0.0878,0.09101156,3926 MOV
3926,MOV,0.0982,0.09136798,3926 MOV
3926,MOV,0.1087,0.09172769,3926 MOV
3926,MOV,0.1191,0.09208383,3926 MOV
3926,MOV,0.1296,0.09244326,3926 MOV
3926,MOV,0.14,0.09279912,3926 MOV
3926,MOV,0.17,0.09382486,3926 MOV
3926,MOV,0.2,0.09484944,3926 MOV
3926,MOV,0.23,0.09587286,3926 MOV
3926,MOV,0.26,0.09689512,3926 MOV
3926,MOV,0.29,0.09791623,3926 MOV
3926,MOV,0.32,0.09893619,3926 MOV
3926,MOV,0.35,0.09995499,3926 MOV
3926,MOV,0.38,0.10097264,3926 MOV
3926,MOV,0.41,0.10198913,3926 MOV
3926,MOV,0.5011,0.10506886,3926 MOV
3926,MOV,0.5922,0.10813803,3926 MOV
3926,MOV,0.6833,0.11119667,3926 MOV
3926,MOV,0.7744,0.11424482,3926 MOV
3926,MOV,0.8656,0.11728584,3926 MOV
3926,MOV,0.9567,0.12031311,3926 MOV
3926,MOV,1.0478,0.12333,3926 MOV
3926,MOV,1.1389,0.12633653,3926 MOV
3926,MOV,1.23,0.12933276,3926 MOV
3926,MOV,1.5044,0.13829568,3926 MOV
3926,MOV,1.7789,0.14716955,3926 MOV
3926,MOV,2.0533,0.15594885,3926 MOV
3926,MOV,2.3278,0.16464092,3926 MOV
3926,MOV,2.6022,0.17324036,3926 MOV
3926,MOV,2.8767,0.18175437,3926 MOV
3926,MOV,3.1511,0.19017764,3926 MOV
3926,MOV,3.4256,0.19851722,3926 MOV
3926,MOV,3.7,0.20676793,3926 MOV
3927,AUC,,,3927 AUC
3927,MOV,,,3927 MOV
3929,AUC,0.0,0.11532749,3929 AUC
3929,AUC,0.0006,0.11598008,3929 AUC
3929,AUC,0.0011,0.11637174,3929 AUC
3929,AUC,0.0017,0.116775,3929 AUC
3929,AUC,0.0022,0.11707623,3929 AUC
3929,AUC,0.0028,0.1174084,3929 AUC
3929,AUC,0.0033,0.11766638,3929 AUC
3929,AUC,0.0039,0.11795796,3929 AUC
3929,AUC,0.0044,0.11818845,3929 AUC
3929,AUC,0.005,0.1184524,3929 AUC
3929,AUC,0.0061,0.11890659,3929 AUC
3929,AUC,0.0072,0.11932953,3929 AUC
3929,AUC,0.0083,0.11972717,3929 AUC
3929,AUC,0.0094,0.12010375,3929 AUC
3929,AUC,0.0106,0.1204942,3929 AUC
3929,AUC,0.0117,0.120836,3929 AUC
3929,AUC,0.0128,0.12116432,3929 AUC
3929,AUC,0.0139,0.12148064,3929 AUC
3929,AUC,0.015,0.12178622,3929 AUC
3929,AUC,0.0184,0.12267294,3929 AUC
3929,AUC,0.0219,0.12351137,3929 AUC
3929,AUC,0.0253,0.12426855,3929 AUC
3929,AUC,0.0288,0.12499972,3929 AUC
3929,AUC,0.0322,0.12567058,3929 AUC
3929,AUC,0.0357,0.12632648,3929 AUC
3929,AUC,0.0391,0.12693433,3929 AUC
3929,AUC,0.0426,0.12753352,3929 AUC
3929,AUC,0.046,0.12809266,3929 AUC
3929,AUC,0.0564,0.12968495,3929 AUC
3929,AUC,0.0669,0.1311468,3929 AUC
3929,AUC,0.0773,0.13248144,3929 AUC
3929,AUC,0.0878,0.13373606,3929 AUC
3929,AUC,0.0982,0.13490209,3929 AUC
3929,AUC,0.1087,0.13601357,3929 AUC
3929,AUC,0.1191,0.13705821,3929 AUC
3929,AUC,0.1296,0.13806322,3929 AUC
3929,AUC,0.14,0.13901513,3929 AUC
3929,AUC,0.17,0.14155745,3929 AUC
3929,AUC,0.2,0.14385596,3929 AUC
3929,AUC,0.23,0.14596328,3929 AUC
3929,AUC,0.26,0.1479156,3929 AUC
3929,AUC,0.29,0.14973907,3929 AUC
3929,AUC,0.32,0.15145329,3929 AUC
3929,AUC,0.35,0.15307342,3929 AUC
3929,AUC,0.38,0.15461145,3929 AUC
3929,AUC,0.41,0.15607707,3929 AUC
3929,AUC,0.5011,0.16015893,3929 AUC
3929,AUC,0.5922,0.16379989,3929 AUC
3929,AUC,0.6833,0.16710129,3929 AUC
3929,AUC,0.7744,0.17013138,3929 AUC
3929,AUC,0.8656,0.17294161,3929 AUC
3929,AUC,0.9567,0.17556171,3929 AUC
3929,AUC,1.0478,0.17802226,3929 AUC
3929,AUC,1.1389,0.18034471,3929 AUC
3929,AUC,1.23,0.1825462,3929 AUC
3929,AUC,1.5044,0.18857577,3929 AUC
3929,AUC,1.7789,0.19389705,3929 AUC
3929,AUC,2.0533,0.19867588,3929 AUC
3929,AUC,2.3278,0.20302874,3929 AUC
3929,AUC,2.6022,0.20703186,3929 AUC
3929,AUC,2.8767,0.21074645,3929 AUC
3929,AUC,3.1511,0.21421393,3929 AUC
3929,AUC,3.4256,0.21747118,3929 AUC
3929,AUC,3.7,0.22054313,3929 AUC
3929,AUC,4.5222,0.22884735,3929 AUC
3929,AUC,5.3444,0.23609925,3929 AUC
3929,AUC,6.1667,0.24255902,3929 AUC
3929,AUC,6.9889,0.24839613,3929 AUC
3929,AUC,7.8111,0.25373074,3929 AUC
3929,AUC,8.6333,0.25864972,3929 AUC
3929,AUC,9.4556,0.26321901,3929 AUC
3929,AUC,10.2778,0.2674881,3929 AUC
3929,AUC,11.1,0.27149757,3929 AUC
3929,AUC,13.5667,0.28226319,3929 AUC
3929,AUC,16.0333,0.2915652,3929 AUC
3929,AUC,18.5,0.29977684,3929 AUC
3929,AUC,20.9667,0.30714076,3929 AUC
3929,AUC,23.4333,0.31382477,3929 AUC
3929,AUC,25.9,0.31995084,3929 AUC
3929,AUC,28.3667,0.32560949,3929 AUC
3929,AUC,30.8333,0.33087031,3929 AUC
3929,AUC,33.3,0.33578862,3929 AUC
3929,AUC,40.7111,0.34890621,3929 AUC
3929,AUC,48.1222,0.36011929,3929 AUC
3929,AUC,55.5333,0.36992813,3929 AUC
3929,AUC,62.9444,0.37865569,3929 AUC
3929,AUC,70.3556,0.3865234,3929 AUC
3929,AUC,77.7667,0.39368968,3929 AUC
3929,AUC,85.1778,0.40027244,3929 AUC
3929,AUC,92.5889,0.40636167,3929 AUC
3929,AUC,100.0,0.41202772,3929 AUC
3929,MOV,,,3929 MOV
3930,AUC,0.0,0.08224507,3930 AUC
3930,AUC,0.0006,0.08227,3930 AUC
3930,AUC,0.0011,0.08229077,3930 AUC
3930,AUC,0.0017,0.0823157,3930 AUC
3930,AUC,0.0022,0.08233647,3930 AUC
3930,AUC,0.0028,0.0823614,3930 AUC
3930,AUC,0.0033,0.08238217,3930 AUC
3930,AUC,0.0039,0.08240709,3930 AUC
3930,AUC,0.0044,0.08242786,3930 AUC
3930,AUC,0.005,0.08245279,3930 AUC
3930,AUC,0.0061,0.08249848,3930 AUC
3930,AUC,0.0072,0.08254417,3930 AUC
3930,AUC,0.0083,0.08258986,3930 AUC
3930,AUC,0.0094,0.08263554,3930 AUC
3930,AUC,0.0106,0.08268538,3930 AUC
3930,AUC,0.0117,0.08273106,3930 AUC
3930,AUC,0.0128,0.08277674,3930 AUC
3930,AUC,0.0139,0.08282241,3930 AUC
3930,AUC,0.015,0.08286809,3930 AUC
3930,AUC,0.0184,0.08300925,3930 AUC
3930,AUC,0.0219,0.08315453,3930 AUC
3930,AUC,0.0253,0.08329565,3930 AUC
3930,AUC,0.0288,0.08344089,3930 AUC
3930,AUC,0.0322,0.08358196,3930 AUC
3930,AUC,0.0357,0.08372716,3930 AUC
3930,AUC,0.0391,0.08386819,3930 AUC
3930,AUC,0.0426,0.08401334,3930 AUC
3930,AUC,0.046,0.08415432,3930 AUC
3930,AUC,0.0564,0.08458543,3930 AUC
3930,AUC,0.0669,0.08502047,3930 AUC
3930,AUC,0.0773,0.08545117,3930 AUC
3930,AUC,0.0878,0.08588581,3930 AUC
3930,AUC,0.0982,0.0863161,3930 AUC
3930,AUC,0.1087,0.08675032,3930 AUC
3930,AUC,0.1191,0.08718021,3930 AUC
3930,AUC,0.1296,0.08761402,3930 AUC
3930,AUC,0.14,0.0880435,3930 AUC
3930,AUC,0.17,0.08928125,3930 AUC
3930,AUC,0.2,0.09051731,3930 AUC
3930,AUC,0.23,0.0917517,3930 AUC
3930,AUC,0.26,0.09298441,3930 AUC
3930,AUC,0.29,0.09421546,3930 AUC
3930,AUC,0.32,0.09544482,3930 AUC
3930,AUC,0.35,0.09667253,3930 AUC
3930,AUC,0.38,0.09789856,3930 AUC
3930,AUC,0.41,0.09912293,3930 AUC
3930,AUC,0.5011,0.10283076,3930 AUC
3930,AUC,0.5922,0.10652333,3930 AUC
3930,AUC,0.6833,0.1102007,3930 AUC
3930,AUC,0.7744,0.11386294,3930 AUC
3930,AUC,0.8656,0.1175141,3930 AUC
3930,AUC,0.9567,0.12114624,3930 AUC
3930,AUC,1.0478,0.12476342,3930 AUC
3930,AUC,1.1389,0.12836572,3930 AUC
3930,AUC,1.23,0.1319532,3930 AUC
3930,AUC,1.5044,0.14266996,3930 AUC
3930,AUC,1.7789,0.15325825,3930 AUC
3930,AUC,2.0533,0.16371199,3930 AUC
3930,AUC,2.3278,0.17404041,3930 AUC
3930,AUC,2.6022,0.18423757,3930 AUC
3930,AUC,2.8767,0.19431249,3930 AUC
3930,AUC,3.1511,0.20425938,3930 AUC
3930,AUC,3.4256,0.21408702,3930 AUC
3930,AUC,3.7,0.22378978,3930 AUC
3930,MOV,0.0,0.03759047,3930 MOV
3930,MOV,0.0006,0.03809956,3930 MOV
3930,MOV,0.0011,0.03839842,3930 MOV
3930,MOV,0.0017,0.0387161,3930 MOV
3930,MOV,0.0022,0.03896029,3930 MOV
3930,MOV,0.0028,0.03923635,3930 MOV
3930,MOV,0.0033,0.03945559,3930 MOV
3930,MOV,0.0039,0.0397084,3930 MOV
3930,MOV,0.0044,0.03991195,3930 MOV
3930,MOV,0.005,0.04014899,3930 MOV
3930,MOV,0.0061,0.04056658,3930 MOV
3930,MOV,0.0072,0.04096621,3930 MOV
3930,MOV,0.0083,0.04135123,3930 MOV
3930,MOV,0.0094,0.04172398,3930 MOV
3930,MOV,0.0106,0.04211866,3930 MOV
3930,MOV,0.0117,0.04247093,3930 MOV
3930,MOV,0.0128,0.04281515,3930 MOV
3930,MOV,0.0139,0.04315217,3930 MOV
3930,MOV,0.015,0.04348267,3930 MOV
3930,MOV,0.0184,0.04446879,3930 MOV
3930,MOV,0.0219,0.04543751,3930 MOV
3930,MOV,0.0253,0.046342,3930 MOV
3930,MOV,0.0288,0.04724166,3930 MOV
3930,MOV,0.0322,0.04808944,3930 MOV
3930,MOV,0.0357,0.0489387,3930 MOV
3930,MOV,0.0391,0.04974351,3930 MOV
3930,MOV,0.0426,0.05055343,3930 MOV
3930,MOV,0.046,0.0513239,3930 MOV
3930,MOV,0.0564,0.05359469,3930 MOV
3930,MOV,0.0669,0.05577774,3930 MOV
3930,MOV,0.0773,0.05785149,3930 MOV
3930,MOV,0.0878,0.05987003,3930 MOV
3930,MOV,0.0982,0.0618053,3930 MOV
3930,MOV,0.1087,0.06370256,3930 MOV
3930,MOV,0.1191,0.06553195,3930 MOV
3930,MOV,0.1296,0.06733377,3930 MOV
3930,MOV,0.14,0.06907789,3930 MOV
3930,MOV,0.17,0.07391243,3930 MOV
3930,MOV,0.2,0.07850045,3930 MOV
3930,MOV,0.23,0.08288434,3930 MOV
3930,MOV,0.26,0.08709445,3930 MOV
3930,MOV,0.29,0.09115352,3930 MOV
3930,MOV,0.32,0.09507925,3930 MOV
3930,MOV,0.35,0.09888572,3930 MOV
3930,MOV,0.38,0.10258445,3930 MOV
3930,MOV,0.41,0.10618498,3930 MOV
3930,MOV,0.5011,0.11659382,3930 MOV
3930,MOV,0.5922,0.12633539,3930 MOV
3930,MOV,0.6833,0.13552468,3930 MOV
3930,MOV,0.7744,0.14424413,3930 MOV
3930,MOV,0.8656,0.15256458,3930 MOV
3930,MOV,0.9567,0.16051606,3930 MOV
3930,MOV,1.0478,0.16814649,3930 MOV
3930,MOV,1.1389,0.17548745,3930 MOV
3930,MOV,1.23,0.18256524,3930 MOV
3930,MOV,1.5044,0.20250309,3930 MOV
3930,MOV,1.7789,0.22070631,3930 MOV
3930,MOV,2.0533,0.23747614,3930 MOV
3930,MOV,2.3278,0.25305166,3930 MOV
3930,MOV,2.6022,0.26759252,3930 MOV
3930,MOV,2.8767,0.28124269,3930 MOV
3930,MOV,3.1511,0.29409891,3930 MOV
3930,MOV,3.4256,0.3062577,3930 MOV
3930,MOV,3.7,0.31778259,3930 MOV
3931,AUC,0.0,0.13402305,3931 AUC
3931,AUC,0.0006,0.13402305,3931 AUC
3931,AUC,0.0011,0.13402305,3931 AUC
3931,AUC,0.0017,0.13402305,3931 AUC
3931,AUC,0.0022,0.13402305,3931 AUC
3931,AUC,0.0028,0.13402305,3931 AUC
3931,AUC,0.0033,0.13402305,3931 AUC
3931,AUC,0.0039,0.13402305,3931 AUC
3931,AUC,0.0044,0.13402305,3931 AUC
3931,AUC,0.005,0.13402305,3931 AUC
3931,AUC,0.0061,0.13402305,3931 AUC
3931,AUC,0.0072,0.13402305,3931 AUC
3931,AUC,0.0083,0.13402305,3931 AUC
3931,AUC,0.0094,0.13402305,3931 AUC
3931,AUC,0.0106,0.13402305,3931 AUC
3931,AUC,0.0117,0.13402305,3931 AUC
3931,AUC,0.0128,0.13402305,3931 AUC
3931,AUC,0.0139,0.13402305,3931 AUC
3931,AUC,0.015,0.13402305,3931 AUC
3931,AUC,0.0184,0.13402305,3931 AUC
3931,AUC,0.0219,0.13402305,3931 AUC
3931,AUC,0.0253,0.13402305,3931 AUC
3931,AUC,0.0288,0.13402305,3931 AUC
3931,AUC,0.0322,0.13402305,3931 AUC
3931,AUC,0.0357,0.13402305,3931 AUC
3931,AUC,0.0391,0.13402305,3931 AUC
3931,AUC,0.0426,0.13402305,3931 AUC
3931,AUC,0.046,0.13402305,3931 AUC
3931,AUC,0.0564,0.13402305,3931 AUC
3931,AUC,0.0669,0.13402305,3931 AUC
3931,AUC,0.0773,0.13402305,3931 AUC
3931,AUC,0.0878,0.13402305,3931 AUC
3931,AUC,0.0982,0.13402305,3931 AUC
3931,AUC,0.1087,0.13402305,3931 AUC
3931,AUC,0.1191,0.13402305,3931 AUC
3931,AUC,0.1296,0.13402305,3931 AUC
3931,AUC,0.14,0.13402305,3931 AUC
3931,AUC,0.17,0.13402305,3931 AUC
3931,AUC,0.2,0.13402305,3931 AUC
3931,AUC,0.23,0.13402305,3931 AUC
3931,AUC,0.26,0.13402305,3931 AUC
3931,AUC,0.29,0.13402305,3931 AUC
3931,AUC,0.32,0.13402305,3931 AUC
3931,AUC,0.35,0.13402305,3931 AUC
3931,AUC,0.38,0.13402305,3931 AUC
3931,AUC,0.41,0.13402305,3931 AUC
3931,AUC,0.5011,0.13402305,3931 AUC
3931,AUC,0.5922,0.13402305,3931 AUC
3931,AUC,0.6833,0.13402305,3931 AUC
3931,AUC,0.7744,0.13402305,3931 AUC
3931,AUC,0.8656,0.13402305,3931 AUC
3931,AUC,0.9567,0.13402305,3931 AUC
3931,AUC,1.0478,0.13402305,3931 AUC
3931,AUC,1.1389,0.13402305,3931 AUC
3931,AUC,1.23,0.13402309,3931 AUC
3931,MOV,,,3931 MOV
3932,AUC,,,3932 AUC
3932,MOV,,,3932 MOV
3933,AUC,,,3933 AUC
3933,MOV,,,3933 MOV
3934,AUC,,,3934 AUC
3934,MOV,,,3934 MOV
3935,AUC,,,3935 AUC
3935,MOV,,,3935 MOV
3936,AUC,,,3936 AUC
3936,MOV,,,3936 MOV
3937,AUC,0.0,0.13106835,3937 AUC
3937,AUC,0.0006,0.13117859,3937 AUC
3937,AUC,0.0011,0.13127045,3937 AUC
3937,AUC,0.0017,0.13138067,3937 AUC
3937,AUC,0.0022,0.13147251,3937 AUC
3937,AUC,0.0028,0.13158271,3937 AUC
3937,AUC,0.0033,0.13167453,3937 AUC
3937,AUC,0.0039,0.13178469,3937 AUC
3937,AUC,0.0044,0.13187649,3937 AUC
3937,AUC,0.005,0.13198664,3937 AUC
3937,AUC,0.0061,0.13218853,3937 AUC
3937,AUC,0.0072,0.13239037,3937 AUC
3937,AUC,0.0083,0.13259217,3937 AUC
3937,AUC,0.0094,0.13279393,3937 AUC
3937,AUC,0.0106,0.13301397,3937 AUC
3937,AUC,0.0117,0.13321562,3937 AUC
3937,AUC,0.0128,0.13341723,3937 AUC
3937,AUC,0.0139,0.13361879,3937 AUC
3937,AUC,0.015,0.1338203,3937 AUC
3937,AUC,0.0184,0.13444286,3937 AUC
3937,AUC,0.0219,0.13508327,3937 AUC
3937,AUC,0.0253,0.13570493,3937 AUC
3937,AUC,0.0288,0.1363444,3937 AUC
3937,AUC,0.0322,0.13696515,3937 AUC
3937,AUC,0.0357,0.13760369,3937 AUC
3937,AUC,0.0391,0.13822354,3937 AUC
3937,AUC,0.0426,0.13886115,3937 AUC
3937,AUC,0.046,0.13948009,3937 AUC
3937,AUC,0.0564,0.14137056,3937 AUC
3937,AUC,0.0669,0.14327499,3937 AUC
3937,AUC,0.0773,0.14515712,3937 AUC
3937,AUC,0.0878,0.14705316,3937 AUC
3937,AUC,0.0982,0.14892699,3937 AUC
3937,AUC,0.1087,0.15081467,3937 AUC
3937,AUC,0.1191,0.15268023,3937 AUC
3937,AUC,0.1296,0.15455958,3937 AUC
3937,AUC,0.14,0.15641693,3937 AUC
3937,AUC,0.17,0.16175181,3937 AUC
3937,AUC,0.2,0.16705296,3937 AUC
3937,AUC,0.23,0.17232058,3937 AUC
3937,AUC,0.26,0.1775549,3937 AUC
3937,AUC,0.29,0.1827561,3937 AUC
3937,AUC,0.32,0.18792442,3937 AUC
3937,AUC,0.35,0.19306005,3937 AUC
3937,AUC,0.38,0.1981632,3937 AUC
3937,AUC,0.41,0.20323408,3937 AUC
3937,AUC,0.5011,0.21843695,3937 AUC
3937,AUC,0.5922,0.23334973,3937 AUC
3937,AUC,0.6833,0.24797797,3937 AUC
3937,AUC,0.7744,0.26232709,3937 AUC
3937,AUC,0.8656,0.27641772,3937 AUC
3937,AUC,0.9567,0.29022419,3937 AUC
3937,AUC,1.0478,0.30376722,3937 AUC
3937,AUC,1.1389,0.31705184,3937 AUC
3937,AUC,1.23,0.33008298,3937 AUC
3937,AUC,1.5044,0.3678505,3937 AUC
3937,AUC,1.7789,0.40350143,3937 AUC
3937,AUC,2.0533,0.43712988,3937 AUC
3937,AUC,2.3278,0.46887371,3937 AUC
3937,AUC,2.6022,0.4988167,3937 AUC
3937,AUC,2.8767,0.52708162,3937 AUC
3937,AUC,3.1511,0.55374306,3937 AUC
3937,AUC,3.4256,0.57891033,3937 AUC
3937,AUC,3.7,0.60264985,3937 AUC
3937,MOV,0.0,0.05635873,3937 MOV
3937,MOV,0.0006,0.05649881,3937 MOV
3937,MOV,0.0011,0.05661552,3937 MOV
3937,MOV,0.0017,0.05675555,3937 MOV
3937,MOV,0.0022,0.05687224,3937 MOV
3937,MOV,0.0028,0.05701223,3937 MOV
3937,MOV,0.0033,0.05712888,3937 MOV
3937,MOV,0.0039,0.05726884,3937 MOV
3937,MOV,0.0044,0.05738546,3937 MOV
3937,MOV,0.005,0.05752538,3937 MOV
3937,MOV,0.0061,0.05778185,3937 MOV
3937,MOV,0.0072,0.05803825,3937 MOV
3937,MOV,0.0083,0.05829457,3937 MOV
3937,MOV,0.0094,0.05855083,3937 MOV
3937,MOV,0.0106,0.05883031,3937 MOV
3937,MOV,0.0117,0.05908642,3937 MOV
3937,MOV,0.0128,0.05934247,3937 MOV
3937,MOV,0.0139,0.05959844,3937 MOV
3937,MOV,0.015,0.05985434,3937 MOV
3937,MOV,0.0184,0.06064488,3937 MOV
3937,MOV,0.0219,0.06145797,3937 MOV
3937,MOV,0.0253,0.06224716,3937 MOV
3937,MOV,0.0288,0.06305887,3937 MOV
3937,MOV,0.0322,0.06384671,3937 MOV
3937,MOV,0.0357,0.06465703,3937 MOV
3937,MOV,0.0391,0.06544353,3937 MOV
3937,MOV,0.0426,0.06625247,3937 MOV
3937,MOV,0.046,0.06703762,3937 MOV
3937,MOV,0.0564,0.06943518,3937 MOV
3937,MOV,0.0669,0.07184954,3937 MOV
3937,MOV,0.0773,0.07423474,3937 MOV
3937,MOV,0.0878,0.07663664,3937 MOV
3937,MOV,0.0982,0.07900953,3937 MOV
3937,MOV,0.1087,0.08139906,3937 MOV
3937,MOV,0.1191,0.08375971,3937 MOV
3937,MOV,0.1296,0.0861369,3937 MOV
3937,MOV,0.14,0.08848538,3937 MOV
3937,MOV,0.17,0.09522607,3937 MOV
3937,MOV,0.2,0.10191692,3937 MOV
3937,MOV,0.23,0.10855828,3937 MOV
3937,MOV,0.26,0.11515053,3937 MOV
3937,MOV,0.29,0.12169404,3937 MOV
3937,MOV,0.32,0.12818915,3937 MOV
3937,MOV,0.35,0.13463623,3937 MOV
3937,MOV,0.38,0.14103563,3937 MOV
3937,MOV,0.41,0.14738771,3937 MOV
3937,MOV,0.5011,0.1663904,3937 MOV
3937,MOV,0.5922,0.18496957,3937 MOV
3937,MOV,0.6833,0.20313465,3937 MOV
3937,MOV,0.7744,0.22089487,3937 MOV
3937,MOV,0.8656,0.23827811,3937 MOV
3937,MOV,0.9567,0.25525507,3937 MOV
3937,MOV,1.0478,0.27185366,3937 MOV
3937,MOV,1.1389,0.2880823,3937 MOV
3937,MOV,1.23,0.30394924,3937 MOV
3937,MOV,1.5044,0.34963664,3937 MOV
3937,MOV,1.7789,0.39234023,3937 MOV
3937,MOV,2.0533,0.43222582,3937 MOV
3937,MOV,2.3278,0.46950651,3937 MOV
3937,MOV,2.6022,0.50432706,3937 MOV
3937,MOV,2.8767,0.5368735,3937 MOV
3937,MOV,3.1511,0.56727221,3937 MOV
3937,MOV,3.4256,0.59568561,3937 MOV
3937,MOV,3.7,0.622224,3937 MOV
3938,AUC,,,3938 AUC
3938,MOV,,,3938 MOV
3939,AUC,,,3939 AUC
3939,MOV,,,3939 MOV
3940,AUC,,,3940 AUC
3940,MOV,0.0,0.15271125,3940 MOV
3940,MOV,0.0006,0.15273498,3940 MOV
3940,MOV,0.0011,0.15275475,3940 MOV
3940,MOV,0.0017,0.15277848,3940 MOV
3940,MOV,0.0022,0.15279826,3940 MOV
3940,MOV,0.0028,0.15282199,3940 MOV
3940,MOV,0.0033,0.15284176,3940 MOV
3940,MOV,0.0039,0.15286549,3940 MOV
3940,MOV,0.0044,0.15288526,3940 MOV
3940,MOV,0.005,0.15290899,3940 MOV
3940,MOV,0.0061,0.15295248,3940 MOV
3940,MOV,0.0072,0.15299598,3940 MOV
3940,MOV,0.0083,0.15303947,3940 MOV
3940,MOV,0.0094,0.15308296,3940 MOV
3940,MOV,0.0106,0.1531304,3940 MOV
3940,MOV,0.0117,0.15317389,3940 MOV
3940,MOV,0.0128,0.15321737,3940 MOV
3940,MOV,0.0139,0.15326085,3940 MOV
3940,MOV,0.015,0.15330433,3940 MOV
3940,MOV,0.0184,0.1534387,3940 MOV
3940,MOV,0.0219,0.153577,3940 MOV
3940,MOV,0.0253,0.15371133,3940 MOV
3940,MOV,0.0288,0.15384959,3940 MOV
3940,MOV,0.0322,0.15398388,3940 MOV
3940,MOV,0.0357,0.1541221,3940 MOV
3940,MOV,0.0391,0.15425634,3940 MOV
3940,MOV,0.0426,0.15439451,3940 MOV
3940,MOV,0.046,0.15452871,3940 MOV
3940,MOV,0.0564,0.15493908,3940 MOV
3940,MOV,0.0669,0.15535318,3940 MOV
3940,MOV,0.0773,0.15576315,3940 MOV
3940,MOV,0.0878,0.15617685,3940 MOV
3940,MOV,0.0982,0.15658642,3940 MOV
3940,MOV,0.1087,0.15699972,3940 MOV
3940,MOV,0.1191,0.15740888,3940 MOV
3940,MOV,0.1296,0.15782178,3940 MOV
3940,MOV,0.14,0.15823055,3940 MOV
3940,MOV,0.17,0.15940857,3940 MOV
3940,MOV,0.2,0.16058494,3940 MOV
3940,MOV,0.23,0.16175967,3940 MOV
3940,MOV,0.26,0.16293275,3940 MOV
3940,MOV,0.29,0.16410419,3940 MOV
3940,MOV,0.32,0.16527399,3940 MOV
3940,MOV,0.35,0.16644215,3940 MOV
3940,MOV,0.38,0.16760868,3940 MOV
3940,MOV,0.41,0.16877358,3940 MOV
3940,MOV,0.5011,0.172301,3940 MOV
3940,MOV,0.5922,0.17581345,3940 MOV
3940,MOV,0.6833,0.179311,3940 MOV
3940,MOV,0.7744,0.1827937,3940 MOV
3940,MOV,0.8656,0.18626543,3940 MOV
3940,MOV,0.9567,0.18971862,3940 MOV
3940,MOV,1.0478,0.19315716,3940 MOV
3940,MOV,1.1389,0.1965811,3940 MOV
3940,MOV,1.23,0.19999052,3940 MOV
3941,AUC,,,3941 AUC
3941,MOV,,,3941 MOV
3942,AUC,,,3942 AUC
3942,MOV,,,3942 MOV
3943,AUC,,,3943 AUC
3943,MOV,0.0,0.03487409,3943 MOV
3943,MOV,0.0006,0.03487409,3943 MOV
3943,MOV,0.0011,0.03487409,3943 MOV
3943,MOV,0.0017,0.03487409,3943 MOV
3943,MOV,0.0022,0.03487409,3943 MOV
3943,MOV,0.0028,0.03487409,3943 MOV
3943,MOV,0.0033,0.03487409,3943 MOV
3943,MOV,0.0039,0.03487409,3943 MOV
3943,MOV,0.0044,0.03487409,3943 MOV
3943,MOV,0.005,0.03487409,3943 MOV
3943,MOV,0.0061,0.03487409,3943 MOV
3943,MOV,0.0072,0.03487409,3943 MOV
3943,MOV,0.0083,0.03487409,3943 MOV
3943,MOV,0.0094,0.03487409,3943 MOV
3943,MOV,0.0106,0.03487409,3943 MOV
3943,MOV,0.0117,0.03487409,3943 MOV
3943,MOV,0.0128,0.03487409,3943 MOV
3943,MOV,0.0139,0.03487409,3943 MOV
3943,MOV,0.015,0.03487409,3943 MOV
3943,MOV,0.0184,0.03487409,3943 MOV
3943,MOV,0.0219,0.03487409,3943 MOV
3943,MOV,0.0253,0.03487409,3943 MOV
3943,MOV,0.0288,0.03487409,3943 MOV
3943,MOV,0.0322,0.03487409,3943 MOV
3943,MOV,0.0357,0.03487409,3943 MOV
3943,MOV,0.0391,0.03487409,3943 MOV
3943,MOV,0.0426,0.03487409,3943 MOV
3943,MOV,0.046,0.03487409,3943 MOV
3943,MOV,0.0564,0.03487409,3943 MOV
3943,MOV,0.0669,0.03487409,3943 MOV
3943,MOV,0.0773,0.03487409,3943 MOV
3943,MOV,0.0878,0.03487409,3943 MOV
3943,MOV,0.0982,0.03487409,3943 MOV
3943,MOV,0.1087,0.03487409,3943 MOV
3943,MOV,0.1191,0.03487409,3943 MOV
3943,MOV,0.1296,0.03487409,3943 MOV
3943,MOV,0.14,0.03487409,3943 MOV
3943,MOV,0.17,0.03487409,3943 MOV
3943,MOV,0.2,0.03487409,3943 MOV
3943,MOV,0.23,0.03487409,3943 MOV
3943,MOV,0.26,0.03487409,3943 MOV
3943,MOV,0.29,0.03487409,3943 MOV
3943,MOV,0.32,0.03487409,3943 MOV
3943,MOV,0.35,0.03487409,3943 MOV
3943,MOV,0.38,0.03487409,3943 MOV
3943,MOV,0.41,0.03487409,3943 MOV
3943,MOV,0.5011,0.03487409,3943 MOV
3943,MOV,0.5922,0.03487409,3943 MOV
3943,MOV,0.6833,0.03487409,3943 MOV
3943,MOV,0.7744,0.03487409,3943 MOV
3943,MOV,0.8656,0.03487409,3943 MOV
3943,MOV,0.9567,0.03487411,3943 MOV
3943,MOV,1.0478,0.03487419,3943 MOV
3943,MOV,1.1389,0.03487442,3943 MOV
3943,MOV,1.23,0.03487507,3943 MOV
3943,MOV,1.5044,0.0348886,3943 MOV
3943,MOV,1.7789,0.03499175,3943 MOV
3943,MOV,2.0533,0.03549654,3943 MOV
3943,MOV,2.3278,0.03727216,3943 MOV
3943,MOV,2.6022,0.04210173,3943 MOV
3943,MOV,2.8767,0.05281968,3943 MOV
3943,MOV,3.1511,0.07294486,3943 MOV
3943,MOV,3.4256,0.10588546,3943 MOV
3943,MOV,3.7,0.15384443,3943 MOV
3944,AUC,,,3944 AUC
3944,MOV,,,3944 MOV
3945,AUC,,,3945 AUC
3945,MOV,,,3945 MOV
3946,AUC,,,3946 AUC
3946,MOV,,,3946 MOV
3947,AUC,,,3947 AUC
3947,MOV,,,3947 MOV
3948,AUC,,,3948 AUC
3948,MOV,,,3948 MOV
3949,AUC,,,3949 AUC
3949,MOV,,,3949 MOV
3950,AUC,,,3950 AUC
3950,MOV,,,3950 MOV
3951,AUC,,,3951 AUC
3951,MOV,,,3951 MOV
3952,AUC,0.0,0.01548885,3952 AUC
3952,AUC,0.0006,0.01777816,3952 AUC
3952,AUC,0.0011,0.0183468,3952 AUC
3952,AUC,0.0017,0.0188395,3952 AUC
3952,AUC,0.0022,0.01917009,3952 AUC
3952,AUC,0.0028,0.01950849,3952 AUC
3952,AUC,0.0033,0.01975653,3952 AUC
3952,AUC,0.0039,0.02002428,3952 AUC
3952,AUC,0.0044,0.0202279,3952 AUC
3952,AUC,0.005,0.02045359,3952 AUC
3952,AUC,0.0061,0.020826,3952 AUC
3952,AUC,0.0072,0.02115757,3952 AUC
3952,AUC,0.0083,0.02145811,3952 AUC
3952,AUC,0.0094,0.02173412,3952 AUC
3952,AUC,0.0106,0.02201255,3952 AUC
3952,AUC,0.0117,0.02225054,3952 AUC
3952,AUC,0.0128,0.0224746,3952 AUC
3952,AUC,0.0139,0.02268663,3952 AUC
3952,AUC,0.015,0.02288816,3952 AUC
3952,AUC,0.0184,0.02345677,3952 AUC
3952,AUC,0.0219,0.02397541,3952 AUC
3952,AUC,0.0253,0.02443043,3952 AUC
3952,AUC,0.0288,0.02485947,3952 AUC
3952,AUC,0.0322,0.02524523,3952 AUC
3952,AUC,0.0357,0.02561588,3952 AUC
3952,AUC,0.0391,0.02595417,3952 AUC
3952,AUC,0.0426,0.02628318,3952 AUC
3952,AUC,0.046,0.02658652,3952 AUC
3952,AUC,0.0564,0.02743313,3952 AUC
3952,AUC,0.0669,0.02819104,3952 AUC
3952,AUC,0.0773,0.02886937,3952 AUC
3952,AUC,0.0878,0.0294968,3952 AUC
3952,AUC,0.0982,0.03007211,3952 AUC
3952,AUC,0.1087,0.03061425,3952 AUC
3952,AUC,0.1191,0.03111879,3952 AUC
3952,AUC,0.1296,0.03160001,3952 AUC
3952,AUC,0.14,0.03205237,3952 AUC
3952,AUC,0.17,0.03324602,3952 AUC
3952,AUC,0.2,0.0343097,3952 AUC
3952,AUC,0.23,0.03527417,3952 AUC
3952,AUC,0.26,0.03615992,3952 AUC
3952,AUC,0.29,0.0369814,3952 AUC
3952,AUC,0.32,0.03774922,3952 AUC
3952,AUC,0.35,0.03847141,3952 AUC
3952,AUC,0.38,0.03915426,3952 AUC
3952,AUC,0.41,0.03980274,3952 AUC
3952,AUC,0.5011,0.04159939,3952 AUC
3952,AUC,0.5922,0.04319297,3952 AUC
3952,AUC,0.6833,0.04463279,3952 AUC
3952,AUC,0.7744,0.04595137,3952 AUC
3952,AUC,0.8656,0.04717271,3952 AUC
3952,AUC,0.9567,0.04831072,3952 AUC
3952,AUC,1.0478,0.04937928,3952 AUC
3952,AUC,1.1389,0.05038809,3952 AUC
3952,AUC,1.23,0.05134484,3952 AUC
3952,AUC,1.5044,0.05396945,3952 AUC
3952,AUC,1.7789,0.05629336,3952 AUC
3952,AUC,2.0533,0.0583885,3952 AUC
3952,AUC,2.3278,0.06030487,3952 AUC
3952,AUC,2.6022,0.06207485,3952 AUC
3952,AUC,2.8767,0.06372439,3952 AUC
3952,AUC,3.1511,0.06527082,3952 AUC
3952,AUC,3.4256,0.06672967,3952 AUC
3952,AUC,3.7,0.06811127,3952 AUC
3952,AUC,4.5222,0.07187574,3952 AUC
3952,AUC,5.3444,0.07520102,3952 AUC
3952,AUC,6.1667,0.07819481,3952 AUC
3952,AUC,6.9889,0.08092705,3952 AUC
3952,AUC,7.8111,0.08344741,3952 AUC
3952,AUC,8.6333,0.0857918,3952 AUC
3952,AUC,9.4556,0.08798755,3952 AUC
3952,AUC,10.2778,0.0900551,3952 AUC
3952,AUC,11.1,0.09201133,3952 AUC
3952,MOV,,,3952 MOV
3953,AUC,,,3953 AUC
3953,MOV,,,3953 MOV
3954,AUC,,,3954 AUC
3954,MOV,,,3954 MOV
3955,AUC,,,3955 AUC
3955,MOV,,,3955 MOV
3956,AUC,,,3956 AUC
3956,MOV,,,3956 MOV
3957,AUC,0.0,0.10222728,3957 AUC
3957,AUC,0.0006,0.10252411,3957 AUC
3957,AUC,0.0011,0.10273499,3957 AUC
3957,AUC,0.0017,0.10297372,3957 AUC
3957,AUC,0.0022,0.10316507,3957 AUC
3957,AUC,0.0028,0.10338816,3957 AUC
3957,AUC,0.0033,0.10356979,3957 AUC
3957,AUC,0.0039,0.10378356,3957 AUC
3957,AUC,0.0044,0.10395876,3957 AUC
3957,AUC,0.005,0.10416594,3957 AUC
3957,AUC,0.0061,0.10453844,3957 AUC
3957,AUC,0.0072,0.10490302,3957 AUC
3957,AUC,0.0083,0.10526099,3957 AUC
3957,AUC,0.0094,0.10561328,3957 AUC
3957,AUC,0.0106,0.10599198,3957 AUC
3957,AUC,0.0117,0.10633454,3957 AUC
3957,AUC,0.0128,0.10667319,3957 AUC
3957,AUC,0.0139,0.10700828,3957 AUC
3957,AUC,0.015,0.10734011,3957 AUC
3957,AUC,0.0184,0.10834765,3957 AUC
3957,AUC,0.0219,0.10936048,3957 AUC
3957,AUC,0.0253,0.1103246,3957 AUC
3957,AUC,0.0288,0.11129961,3957 AUC
3957,AUC,0.0322,0.11223185,3957 AUC
3957,AUC,0.0357,0.11317785,3957 AUC
3957,AUC,0.0391,0.11408482,3957 AUC
3957,AUC,0.0426,0.1150072,3957 AUC
3957,AUC,0.046,0.11589316,3957 AUC
3957,AUC,0.0564,0.11854862,3957 AUC
3957,AUC,0.0669,0.12115761,3957 AUC
3957,AUC,0.0773,0.12368112,3957 AUC
3957,AUC,0.0878,0.12617549,3957 AUC
3957,AUC,0.0982,0.128599,3957 AUC
3957,AUC,0.1087,0.1310029,3957 AUC
3957,AUC,0.1191,0.13334507,3957 AUC
3957,AUC,0.1296,0.13567359,3957 AUC
3957,AUC,0.14,0.13794667,3957 AUC
3957,AUC,0.17,0.1443364,3957 AUC
3957,AUC,0.2,0.15050687,3957 AUC
3957,AUC,0.23,0.15648612,3957 AUC
3957,AUC,0.26,0.16229507,3957 AUC
3957,AUC,0.29,0.16794999,3957 AUC
3957,AUC,0.32,0.17346393,3957 AUC
3957,AUC,0.35,0.17884769,3957 AUC
3957,AUC,0.38,0.18411033,3957 AUC
3957,AUC,0.41,0.18925961,3957 AUC
3957,AUC,0.5011,0.20426662,3957 AUC
3957,AUC,0.5922,0.21843496,3957 AUC
3957,AUC,0.6833,0.23187287,3957 AUC
3957,AUC,0.7744,0.24466322,3957 AUC
3957,AUC,0.8656,0.25688507,3957 AUC
3957,AUC,0.9567,0.26856577,3957 AUC
3957,AUC,1.0478,0.27976434,3957 AUC
3957,AUC,1.1389,0.29051946,3957 AUC
3957,AUC,1.23,0.30086457,3957 AUC
3957,AUC,1.5044,0.32982598,3957 AUC
3957,AUC,1.7789,0.35596189,3957 AUC
3957,AUC,2.0533,0.37971962,3957 AUC
3957,AUC,2.3278,0.40147139,3957 AUC
3957,AUC,2.6022,0.42147978,3957 AUC
3957,AUC,2.8767,0.43998319,3957 AUC
3957,AUC,3.1511,0.45715121,3957 AUC
3957,AUC,3.4256,0.47314847,3957 AUC
3957,AUC,3.7,0.48809113,3957 AUC
3957,AUC,4.5222,0.52759464,3957 AUC
3957,AUC,5.3444,0.56078846,3957 AUC
3957,AUC,6.1667,0.58915584,3957 AUC
3957,AUC,6.9889,0.61372356,3957 AUC
3957,AUC,7.8111,0.63524388,3957 AUC
3957,AUC,8.6333,0.65427468,3957 AUC
3957,AUC,9.4556,0.67124367,3957 AUC
3957,AUC,10.2778,0.68647812,3957 AUC
3957,AUC,11.1,0.70024246,3957 AUC
3957,AUC,13.5667,0.7346347,3957 AUC
3957,AUC,16.0333,0.76143946,3957 AUC
3957,AUC,18.5,0.78297889,3957 AUC
3957,AUC,20.9667,0.80070099,3957 AUC
3957,AUC,23.4333,0.81556059,3957 AUC
3957,AUC,25.9,0.82821605,3957 AUC
3957,AUC,28.3667,0.83913452,3957 AUC
3957,AUC,30.8333,0.84865825,3957 AUC
3957,AUC,33.3,0.857045,3957 AUC
3957,AUC,40.7111,0.87716812,3957 AUC
3957,AUC,48.1222,0.8920497,3957 AUC
3957,AUC,55.5333,0.90353274,3957 AUC
3957,AUC,62.9444,0.91268045,3957 AUC
3957,AUC,70.3556,0.92015114,3957 AUC
3957,AUC,77.7667,0.92637475,3957 AUC
3957,AUC,85.1778,0.93164482,3957 AUC
3957,AUC,92.5889,0.93616866,3957 AUC
3957,AUC,100.0,0.94009705,3957 AUC
3957,MOV,0.0,0.02489862,3957 MOV
3957,MOV,0.0006,0.02490108,3957 MOV
3957,MOV,0.0011,0.02490312,3957 MOV
3957,MOV,0.0017,0.02490557,3957 MOV
3957,MOV,0.0022,0.02490762,3957 MOV
3957,MOV,0.0028,0.02491007,3957 MOV
3957,MOV,0.0033,0.02491211,3957 MOV
3957,MOV,0.0039,0.02491456,3957 MOV
3957,MOV,0.0044,0.02491661,3957 MOV
3957,MOV,0.005,0.02491906,3957 MOV
3957,MOV,0.0061,0.02492356,3957 MOV
3957,MOV,0.0072,0.02492805,3957 MOV
3957,MOV,0.0083,0.02493255,3957 MOV
3957,MOV,0.0094,0.02493705,3957 MOV
3957,MOV,0.0106,0.02494195,3957 MOV
3957,MOV,0.0117,0.02494645,3957 MOV
3957,MOV,0.0128,0.02495094,3957 MOV
3957,MOV,0.0139,0.02495544,3957 MOV
3957,MOV,0.015,0.02495994,3957 MOV
3957,MOV,0.0184,0.02497383,3957 MOV
3957,MOV,0.0219,0.02498814,3957 MOV
3957,MOV,0.0253,0.02500203,3957 MOV
3957,MOV,0.0288,0.02501634,3957 MOV
3957,MOV,0.0322,0.02503024,3957 MOV
3957,MOV,0.0357,0.02504454,3957 MOV
3957,MOV,0.0391,0.02505844,3957 MOV
3957,MOV,0.0426,0.02507274,3957 MOV
3957,MOV,0.046,0.02508664,3957 MOV
3957,MOV,0.0564,0.02512914,3957 MOV
3957,MOV,0.0669,0.02517205,3957 MOV
3957,MOV,0.0773,0.02521454,3957 MOV
3957,MOV,0.0878,0.02525745,3957 MOV
3957,MOV,0.0982,0.02529994,3957 MOV
3957,MOV,0.1087,0.02534285,3957 MOV
3957,MOV,0.1191,0.02538534,3957 MOV
3957,MOV,0.1296,0.02542823,3957 MOV
3957,MOV,0.14,0.02547072,3957 MOV
3957,MOV,0.17,0.02559327,3957 MOV
3957,MOV,0.2,0.0257158,3957 MOV
3957,MOV,0.23,0.02583832,3957 MOV
3957,MOV,0.26,0.02596082,3957 MOV
3957,MOV,0.29,0.02608331,3957 MOV
3957,MOV,0.32,0.02620578,3957 MOV
3957,MOV,0.35,0.02632824,3957 MOV
3957,MOV,0.38,0.02645068,3957 MOV
3957,MOV,0.41,0.0265731,3957 MOV
3957,MOV,0.5011,0.02694478,3957 MOV
3957,MOV,0.5922,0.0273163,3957 MOV
3957,MOV,0.6833,0.02768769,3957 MOV
3957,MOV,0.7744,0.02805894,3957 MOV
3957,MOV,0.8656,0.02843045,3957 MOV
3957,MOV,0.9567,0.02880141,3957 MOV
3957,MOV,1.0478,0.02917223,3957 MOV
3957,MOV,1.1389,0.02954291,3957 MOV
3957,MOV,1.23,0.02991345,3957 MOV
3957,MOV,1.5044,0.03102868,3957 MOV
3957,MOV,1.7789,0.03214303,3957 MOV
3957,MOV,2.0533,0.0332557,3957 MOV
3957,MOV,2.3278,0.03436749,3957 MOV
3957,MOV,2.6022,0.0354776,3957 MOV
3957,MOV,2.8767,0.03658684,3957 MOV
3957,MOV,3.1511,0.0376944,3957 MOV
3957,MOV,3.4256,0.03880109,3957 MOV
3957,MOV,3.7,0.0399061,3957 MOV
3957,MOV,4.5222,0.04320951,3957 MOV
3957,MOV,5.3444,0.04650156,3957 MOV
3957,MOV,6.1667,0.04978267,3957 MOV
3957,MOV,6.9889,0.0530521,3957 MOV
3957,MOV,7.8111,0.05631029,3957 MOV
3957,MOV,8.6333,0.05955726,3957 MOV
3957,MOV,9.4556,0.06279345,3957 MOV
3957,MOV,10.2778,0.06601811,3957 MOV
3957,MOV,11.1,0.06923168,3957 MOV
3957,MOV,13.5667,0.07880658,3957 MOV
3957,MOV,16.0333,0.0882826,3957 MOV
3957,MOV,18.5,0.09766152,3957 MOV
3957,MOV,20.9667,0.10694396,3957 MOV
3957,MOV,23.4333,0.11613055,3957 MOV
3957,MOV,25.9,0.12522299,3957 MOV
3957,MOV,28.3667,0.13422191,3957 MOV
3957,MOV,30.8333,0.14312789,3957 MOV
3957,MOV,33.3,0.15194261,3957 MOV
3957,MOV,40.7111,0.17788435,3957 MOV
3957,MOV,48.1222,0.20303254,3957 MOV
3957,MOV,55.5333,0.22741145,3957 MOV
3957,MOV,62.9444,0.25104463,3957 MOV
3957,MOV,70.3556,0.27395518,3957 MOV
3957,MOV,77.7667,0.2961646,3957 MOV
3957,MOV,85.1778,0.31769464,3957 MOV
3957,MOV,92.5889,0.33856609,3957 MOV
3957,MOV,100.0,0.35879909,3957 MOV
3958,AUC,,,3958 AUC
3958,MOV,,,3958 MOV
3959,AUC,,,3959 AUC
3959,MOV,,,3959 MOV
3960,AUC,,,3960 AUC
3960,MOV,,,3960 MOV
3961,AUC,,,3961 AUC
3961,MOV,,,3961 MOV
3962,AUC,,,3962 AUC
3962,MOV,,,3962 MOV
3963,AUC,,,3963 AUC
3963,MOV,,,3963 MOV
3964,AUC,,,3964 AUC
3964,MOV,0.0,0.08676408,3964 MOV
3964,MOV,0.0006,0.08679357,3964 MOV
3964,MOV,0.0011,0.08681814,3964 MOV
3964,MOV,0.0017,0.08684763,3964 MOV
3964,MOV,0.0022,0.0868722,3964 MOV
3964,MOV,0.0028,0.08690169,3964 MOV
3964,MOV,0.0033,0.08692626,3964 MOV
3964,MOV,0.0039,0.08695574,3964 MOV
3964,MOV,0.0044,0.08698031,3964 MOV
3964,MOV,0.005,0.08700979,3964 MOV
3964,MOV,0.0061,0.08706383,3964 MOV
3964,MOV,0.0072,0.08711788,3964 MOV
3964,MOV,0.0083,0.08717192,3964 MOV
3964,MOV,0.0094,0.08722595,3964 MOV
3964,MOV,0.0106,0.0872849,3964 MOV
3964,MOV,0.0117,0.08733893,3964 MOV
3964,MOV,0.0128,0.08739296,3964 MOV
3964,MOV,0.0139,0.08744698,3964 MOV
3964,MOV,0.015,0.087501,3964 MOV
3964,MOV,0.0184,0.08766795,3964 MOV
3964,MOV,0.0219,0.08783978,3964 MOV
3964,MOV,0.0253,0.08800667,3964 MOV
3964,MOV,0.0288,0.08817844,3964 MOV
3964,MOV,0.0322,0.08834527,3964 MOV
3964,MOV,0.0357,0.08851697,3964 MOV
3964,MOV,0.0391,0.08868374,3964 MOV
3964,MOV,0.0426,0.08885538,3964 MOV
3964,MOV,0.046,0.08902208,3964 MOV
3964,MOV,0.0564,0.08953181,3964 MOV
3964,MOV,0.0669,0.09004615,3964 MOV
3964,MOV,0.0773,0.09055531,3964 MOV
3964,MOV,0.0878,0.09106907,3964 MOV
3964,MOV,0.0982,0.09157766,3964 MOV
3964,MOV,0.1087,0.09209084,3964 MOV
3964,MOV,0.1191,0.09259886,3964 MOV
3964,MOV,0.1296,0.09311146,3964 MOV
3964,MOV,0.14,0.09361891,3964 MOV
3964,MOV,0.17,0.09508109,3964 MOV
3964,MOV,0.2,0.09654091,3964 MOV
3964,MOV,0.23,0.09799838,3964 MOV
3964,MOV,0.26,0.0994535,3964 MOV
3964,MOV,0.29,0.10090627,3964 MOV
3964,MOV,0.32,0.1023567,3964 MOV
3964,MOV,0.35,0.10380479,3964 MOV
3964,MOV,0.38,0.10525054,3964 MOV
3964,MOV,0.41,0.10669396,3964 MOV
3964,MOV,0.5011,0.11106288,3964 MOV
3964,MOV,0.5922,0.11541044,3964 MOV
3964,MOV,0.6833,0.11973674,3964 MOV
3964,MOV,0.7744,0.12404188,3964 MOV
3964,MOV,0.8656,0.12833065,3964 MOV
3964,MOV,0.9567,0.13259376,3964 MOV
3964,MOV,1.0478,0.13683601,3964 MOV
3964,MOV,1.1389,0.14105752,3964 MOV
3964,MOV,1.23,0.14525839,3964 MOV
3964,MOV,1.5044,0.15778796,3964 MOV
3964,MOV,1.7789,0.17013834,3964 MOV
3964,MOV,2.0533,0.1823032,3964 MOV
3964,MOV,2.3278,0.19429408,3964 MOV
3964,MOV,2.6022,0.20610485,3964 MOV
3964,MOV,2.8767,0.21774669,3964 MOV
3964,MOV,3.1511,0.22921367,3964 MOV
3964,MOV,3.4256,0.24051665,3964 MOV
3964,MOV,3.7,0.25164984,3964 MOV
3965,AUC,,,3965 AUC
3965,MOV,,,3965 MOV
3966,AUC,,,3966 AUC
3966,MOV,,,3966 MOV
3967,AUC,,,3967 AUC
3967,MOV,,,3967 MOV
3968,AUC,,,3968 AUC
3968,MOV,,,3968 MOV
3969,AUC,,,3969 AUC
3969,MOV,,,3969 MOV
3970,AUC,,,3970 AUC
3970,MOV,,,3970 MOV
3971,AUC,0.0,0.10870291,3971 AUC
3971,AUC,0.0006,0.10949685,3971 AUC
3971,AUC,0.0011,0.11015792,3971 AUC
3971,AUC,0.0017,0.11095057,3971 AUC
3971,AUC,0.0022,0.11161056,3971 AUC
3971,AUC,0.0028,0.11240191,3971 AUC
3971,AUC,0.0033,0.11306083,3971 AUC
3971,AUC,0.0039,0.11385089,3971 AUC
3971,AUC,0.0044,0.11450874,3971 AUC
3971,AUC,0.005,0.1152975,3971 AUC
3971,AUC,0.0061,0.11674175,3971 AUC
3971,AUC,0.0072,0.11818365,3971 AUC
3971,AUC,0.0083,0.11962319,3971 AUC
3971,AUC,0.0094,0.12106037,3971 AUC
3971,AUC,0.0106,0.12262554,3971 AUC
3971,AUC,0.0117,0.12405783,3971 AUC
3971,AUC,0.0128,0.12548778,3971 AUC
3971,AUC,0.0139,0.12691539,3971 AUC
3971,AUC,0.015,0.12834068,3971 AUC
3971,AUC,0.0184,0.13273141,3971 AUC
3971,AUC,0.0219,0.13722818,3971 AUC
3971,AUC,0.0253,0.14157414,3971 AUC
3971,AUC,0.0288,0.14602506,3971 AUC
3971,AUC,0.0322,0.15032671,3971 AUC
3971,AUC,0.0357,0.15473225,3971 AUC
3971,AUC,0.0391,0.15899004,3971 AUC
3971,AUC,0.0426,0.16335066,3971 AUC
3971,AUC,0.046,0.16756504,3971 AUC
3971,AUC,0.0564,0.18032476,3971 AUC
3971,AUC,0.0669,0.19300876,3971 AUC
3971,AUC,0.0773,0.20537847,3971 AUC
3971,AUC,0.0878,0.21767478,3971 AUC
3971,AUC,0.0982,0.2296664,3971 AUC
3971,AUC,0.1087,0.24158687,3971 AUC
3971,AUC,0.1191,0.25321197,3971 AUC
3971,AUC,0.1296,0.26476808,3971 AUC
3971,AUC,0.14,0.27603785,3971 AUC
3971,AUC,0.17,0.30758823,3971 AUC
3971,AUC,0.2,0.33776365,3971 AUC
3971,AUC,0.23,0.36662401,3971 AUC
3971,AUC,0.26,0.39422663,3971 AUC
3971,AUC,0.29,0.42062633,3971 AUC
3971,AUC,0.32,0.44587552,3971 AUC
3971,AUC,0.35,0.47002435,3971 AUC
3971,AUC,0.38,0.49312077,3971 AUC
3971,AUC,0.41,0.51521065,3971 AUC
3971,AUC,0.5011,0.57656256,3971 AUC
3971,AUC,0.5922,0.63015015,3971 AUC
3971,AUC,0.6833,0.67695604,3971 AUC
3971,AUC,0.7744,0.71783846,3971 AUC
3971,AUC,0.8656,0.75358366,3971 AUC
3971,AUC,0.9567,0.78476858,3971 AUC
3971,AUC,1.0478,0.81200692,3971 AUC
3971,AUC,1.1389,0.83579815,3971 AUC
3971,AUC,1.23,0.85657851,3971 AUC
3971,MOV,0.0,0.04932173,3971 MOV
3971,MOV,0.0006,0.05062129,3971 MOV
3971,MOV,0.0011,0.05170291,3971 MOV
3971,MOV,0.0017,0.05299922,3971 MOV
3971,MOV,0.0022,0.05407813,3971 MOV
3971,MOV,0.0028,0.05537119,3971 MOV
3971,MOV,0.0033,0.05644739,3971 MOV
3971,MOV,0.0039,0.05773722,3971 MOV
3971,MOV,0.0044,0.05881073,3971 MOV
3971,MOV,0.005,0.06009732,3971 MOV
3971,MOV,0.0061,0.06245151,3971 MOV
3971,MOV,0.0072,0.06479981,3971 MOV
3971,MOV,0.0083,0.06714222,3971 MOV
3971,MOV,0.0094,0.06947877,3971 MOV
3971,MOV,0.0106,0.07202105,3971 MOV
3971,MOV,0.0117,0.07434538,3971 MOV
3971,MOV,0.0128,0.07666389,3971 MOV
3971,MOV,0.0139,0.07897658,3971 MOV
3971,MOV,0.015,0.08128349,3971 MOV
3971,MOV,0.0184,0.08837745,3971 MOV
3971,MOV,0.0219,0.09562285,3971 MOV
3971,MOV,0.0253,0.10260609,3971 MOV
3971,MOV,0.0288,0.1097384,3971 MOV
3971,MOV,0.0322,0.11661265,3971 MOV
3971,MOV,0.0357,0.12363364,3971 MOV
3971,MOV,0.0391,0.13040059,3971 MOV
3971,MOV,0.0426,0.137312,3971 MOV
3971,MOV,0.046,0.14397333,3971 MOV
3971,MOV,0.0564,0.16403158,3971 MOV
3971,MOV,0.0669,0.18380592,3971 MOV
3971,MOV,0.0773,0.20293081,3971 MOV
3971,MOV,0.0878,0.22178501,3971 MOV
3971,MOV,0.0982,0.24001999,3971 MOV
3971,MOV,0.1087,0.25799687,3971 MOV
3971,MOV,0.1191,0.27538333,3971 MOV
3971,MOV,0.1296,0.29252371,3971 MOV
3971,MOV,0.14,0.30910115,3971 MOV
3971,MOV,0.17,0.3547762,3971 MOV
3971,MOV,0.2,0.3974317,3971 MOV
3971,MOV,0.23,0.43726725,3971 MOV
3971,MOV,0.26,0.47446929,3971 MOV
3971,MOV,0.29,0.50921192,3971 MOV
3971,MOV,0.32,0.54165773,3971 MOV
3971,MOV,0.35,0.57195856,3971 MOV
3971,MOV,0.38,0.60025621,3971 MOV
3971,MOV,0.41,0.62668312,3971 MOV
3971,MOV,0.5011,0.69669735,3971 MOV
3971,MOV,0.5922,0.75358067,3971 MOV
3971,MOV,0.6833,0.79979573,3971 MOV
3971,MOV,0.7744,0.83734332,3971 MOV
3971,MOV,0.8656,0.86787912,3971 MOV
3971,MOV,0.9567,0.89265791,3971 MOV
3971,MOV,1.0478,0.91278953,3971 MOV
3971,MOV,1.1389,0.92914554,3971 MOV
3971,MOV,1.23,0.94243404,3971 MOV
3972,AUC,,,3972 AUC
3972,MOV,,,3972 MOV
3973,AUC,,,3973 AUC
3973,MOV,,,3973 MOV
3974,AUC,,,3974 AUC
3974,MOV,,,3974 MOV
3977,AUC,0.0,0.25366682,3977 AUC
3977,AUC,0.0006,0.25393575,3977 AUC
3977,AUC,0.0011,0.25415979,3977 AUC
3977,AUC,0.0017,0.25442855,3977 AUC
3977,AUC,0.0022,0.25465244,3977 AUC
3977,AUC,0.0028,0.25492102,3977 AUC
3977,AUC,0.0033,0.25514476,3977 AUC
3977,AUC,0.0039,0.25541317,3977 AUC
3977,AUC,0.0044,0.25563676,3977 AUC
3977,AUC,0.005,0.25590499,3977 AUC
3977,AUC,0.0061,0.25639648,3977 AUC
3977,AUC,0.0072,0.25688765,3977 AUC
3977,AUC,0.0083,0.2573785,3977 AUC
3977,AUC,0.0094,0.25786902,3977 AUC
3977,AUC,0.0106,0.25840377,3977 AUC
3977,AUC,0.0117,0.25889362,3977 AUC
3977,AUC,0.0128,0.25938314,3977 AUC
3977,AUC,0.0139,0.25987234,3977 AUC
3977,AUC,0.015,0.26036121,3977 AUC
3977,AUC,0.0184,0.26187024,3977 AUC
3977,AUC,0.0219,0.26342044,3977 AUC
3977,AUC,0.0253,0.26492322,3977 AUC
3977,AUC,0.0288,0.26646701,3977 AUC
3977,AUC,0.0322,0.26796358,3977 AUC
3977,AUC,0.0357,0.26950098,3977 AUC
3977,AUC,0.0391,0.27099136,3977 AUC
3977,AUC,0.0426,0.2725224,3977 AUC
3977,AUC,0.046,0.27400662,3977 AUC
3977,AUC,0.0564,0.27852781,3977 AUC
3977,AUC,0.0669,0.28306391,3977 AUC
3977,AUC,0.0773,0.28752869,3977 AUC
3977,AUC,0.0878,0.2920082,3977 AUC
3977,AUC,0.0982,0.29641728,3977 AUC
3977,AUC,0.1087,0.3008409,3977 AUC
3977,AUC,0.1191,0.30519497,3977 AUC
3977,AUC,0.1296,0.30956341,3977 AUC
3977,AUC,0.14,0.31386316,3977 AUC
3977,AUC,0.17,0.32611686,3977 AUC
3977,AUC,0.2,0.33815172,3977 AUC
3977,AUC,0.23,0.34997165,3977 AUC
3977,AUC,0.26,0.36158049,3977 AUC
3977,AUC,0.29,0.372982,3977 AUC
3977,AUC,0.32,0.3841799,3977 AUC
3977,AUC,0.35,0.39517781,3977 AUC
3977,AUC,0.38,0.40597931,3977 AUC
3977,AUC,0.41,0.41658791,3977 AUC
3977,AUC,0.5011,0.44765551,3977 AUC
3977,AUC,0.5922,0.47706871,3977 AUC
3977,AUC,0.6833,0.50491561,3977 AUC
3977,AUC,0.7744,0.53127962,3977 AUC
3977,AUC,0.8656,0.55626636,3977 AUC
3977,AUC,0.9567,0.57989586,3977 AUC
3977,AUC,1.0478,0.60226706,3977 AUC
3977,AUC,1.1389,0.62344696,3977 AUC
3977,AUC,1.23,0.64349899,3977 AUC
3977,AUC,1.5044,0.69767252,3977 AUC
3977,AUC,1.7789,0.7436293,3977 AUC
3977,AUC,2.0533,0.78258714,3977 AUC
3977,AUC,2.3278,0.81563605,3977 AUC
3977,AUC,2.6022,0.84365181,3977 AUC
3977,AUC,2.8767,0.86741829,3977 AUC
3977,AUC,3.1511,0.88756527,3977 AUC
3977,AUC,3.4256,0.90465647,3977 AUC
3977,AUC,3.7,0.91914478,3977 AUC
3977,MOV,,,3977 MOV
3978,AUC,0.0,0.21310858,3978 AUC
3978,AUC,0.0006,0.21314251,3978 AUC
3978,AUC,0.0011,0.21317078,3978 AUC
3978,AUC,0.0017,0.2132047,3978 AUC
3978,AUC,0.0022,0.21323297,3978 AUC
3978,AUC,0.0028,0.21326689,3978 AUC
3978,AUC,0.0033,0.21329516,3978 AUC
3978,AUC,0.0039,0.21332908,3978 AUC
3978,AUC,0.0044,0.21335734,3978 AUC
3978,AUC,0.005,0.21339126,3978 AUC
3978,AUC,0.0061,0.21345343,3978 AUC
3978,AUC,0.0072,0.2135156,3978 AUC
3978,AUC,0.0083,0.21357777,3978 AUC
3978,AUC,0.0094,0.21363993,3978 AUC
3978,AUC,0.0106,0.21370773,3978 AUC
3978,AUC,0.0117,0.21376988,3978 AUC
3978,AUC,0.0128,0.21383203,3978 AUC
3978,AUC,0.0139,0.21389417,3978 AUC
3978,AUC,0.015,0.2139563,3978 AUC
3978,AUC,0.0184,0.21414832,3978 AUC
3978,AUC,0.0219,0.21434594,3978 AUC
3978,AUC,0.0253,0.21453787,3978 AUC
3978,AUC,0.0288,0.2147354,3978 AUC
3978,AUC,0.0322,0.21492723,3978 AUC
3978,AUC,0.0357,0.21512465,3978 AUC
3978,AUC,0.0391,0.21531639,3978 AUC
3978,AUC,0.0426,0.21551372,3978 AUC
3978,AUC,0.046,0.21570536,3978 AUC
3978,AUC,0.0564,0.21629127,3978 AUC
3978,AUC,0.0669,0.21688237,3978 AUC
3978,AUC,0.0773,0.2174674,3978 AUC
3978,AUC,0.0878,0.21805761,3978 AUC
3978,AUC,0.0982,0.21864176,3978 AUC
3978,AUC,0.1087,0.21923109,3978 AUC
3978,AUC,0.1191,0.21981436,3978 AUC
3978,AUC,0.1296,0.2204028,3978 AUC
3978,AUC,0.14,0.2209852,3978 AUC
3978,AUC,0.17,0.22266276,3978 AUC
3978,AUC,0.2,0.22433671,3978 AUC
3978,AUC,0.23,0.22600706,3978 AUC
3978,AUC,0.26,0.22767381,3978 AUC
3978,AUC,0.29,0.22933697,3978 AUC
3978,AUC,0.32,0.23099655,3978 AUC
3978,AUC,0.35,0.23265255,3978 AUC
3978,AUC,0.38,0.23430499,3978 AUC
3978,AUC,0.41,0.23595387,3978 AUC
3978,AUC,0.5011,0.24093923,3978 AUC
3978,AUC,0.5922,0.24589207,3978 AUC
3978,AUC,0.6833,0.25081259,3978 AUC
3978,AUC,0.7744,0.255701,3978 AUC
3978,AUC,0.8656,0.26056283,3978 AUC
3978,AUC,0.9567,0.26538762,3978 AUC
3978,AUC,1.0478,0.27018094,3978 AUC
3978,AUC,1.1389,0.27494297,3978 AUC
3978,AUC,1.23,0.27967393,3978 AUC
3978,AUC,1.5044,0.29373824,3978 AUC
3978,AUC,1.7789,0.30753292,3978 AUC
3978,AUC,2.0533,0.32105329,3978 AUC
3978,AUC,2.3278,0.33431445,3978 AUC
3978,AUC,2.6022,0.3473119,3978 AUC
3978,AUC,2.8767,0.36006018,3978 AUC
3978,AUC,3.1511,0.37255496,3978 AUC
3978,AUC,3.4256,0.38481019,3978 AUC
3978,AUC,3.7,0.39682172,3978 AUC
3978,AUC,4.5222,0.43142654,3978 AUC
3978,AUC,5.3444,0.46404605,3978 AUC
3978,AUC,6.1667,0.49479779,3978 AUC
3978,AUC,6.9889,0.52378164,3978 AUC
3978,AUC,7.8111,0.55110267,3978 AUC
3978,AUC,8.6333,0.57685627,3978 AUC
3978,AUC,9.4556,0.60113523,3978 AUC
3978,AUC,10.2778,0.62401842,3978 AUC
3978,AUC,11.1,0.64558878,3978 AUC
3978,MOV,,,3978 MOV
3979,AUC,0.0,0.20682249,3979 AUC
3979,AUC,0.0006,0.20684609,3979 AUC
3979,AUC,0.0011,0.20686575,3979 AUC
3979,AUC,0.0017,0.20688935,3979 AUC
3979,AUC,0.0022,0.20690901,3979 AUC
3979,AUC,0.0028,0.20693261,3979 AUC
3979,AUC,0.0033,0.20695227,3979 AUC
3979,AUC,0.0039,0.20697586,3979 AUC
3979,AUC,0.0044,0.20699553,3979 AUC
3979,AUC,0.005,0.20701912,3979 AUC
3979,AUC,0.0061,0.20706237,3979 AUC
3979,AUC,0.0072,0.20710562,3979 AUC
3979,AUC,0.0083,0.20714886,3979 AUC
3979,AUC,0.0094,0.20719211,3979 AUC
3979,AUC,0.0106,0.20723928,3979 AUC
3979,AUC,0.0117,0.20728252,3979 AUC
3979,AUC,0.0128,0.20732576,3979 AUC
3979,AUC,0.0139,0.20736899,3979 AUC
3979,AUC,0.015,0.20741222,3979 AUC
3979,AUC,0.0184,0.20754584,3979 AUC
3979,AUC,0.0219,0.20768335,3979 AUC
3979,AUC,0.0253,0.20781692,3979 AUC
3979,AUC,0.0288,0.20795439,3979 AUC
3979,AUC,0.0322,0.20808791,3979 AUC
3979,AUC,0.0357,0.20822533,3979 AUC
3979,AUC,0.0391,0.20835881,3979 AUC
3979,AUC,0.0426,0.20849618,3979 AUC
3979,AUC,0.046,0.20862961,3979 AUC
3979,AUC,0.0564,0.20903761,3979 AUC
3979,AUC,0.0669,0.20944931,3979 AUC
3979,AUC,0.0773,0.20985689,3979 AUC
3979,AUC,0.0878,0.21026817,3979 AUC
3979,AUC,0.0982,0.21067532,3979 AUC
3979,AUC,0.1087,0.21108617,3979 AUC
3979,AUC,0.1191,0.2114929,3979 AUC
3979,AUC,0.1296,0.21190333,3979 AUC
3979,AUC,0.14,0.21230963,3979 AUC
3979,AUC,0.17,0.2134805,3979 AUC
3979,AUC,0.2,0.21464963,3979 AUC
3979,AUC,0.23,0.21581702,3979 AUC
3979,AUC,0.26,0.21698267,3979 AUC
3979,AUC,0.29,0.2181466,3979 AUC
3979,AUC,0.32,0.21930879,3979 AUC
3979,AUC,0.35,0.22046925,3979 AUC
3979,AUC,0.38,0.22162799,3979 AUC
3979,AUC,0.41,0.22278501,3979 AUC
3979,AUC,0.5011,0.22628795,3979 AUC
3979,AUC,0.5922,0.22977511,3979 AUC
3979,AUC,0.6833,0.23324655,3979 AUC
3979,AUC,0.7744,0.23670234,3979 AUC
3979,AUC,0.8656,0.24014633,3979 AUC
3979,AUC,0.9567,0.24357102,3979 AUC
3979,AUC,1.0478,0.24698029,3979 AUC
3979,AUC,1.1389,0.25037418,3979 AUC
3979,AUC,1.23,0.25375278,3979 AUC
3979,AUC,1.5044,0.26383764,3979 AUC
3979,AUC,1.7789,0.27378981,3979 AUC
3979,AUC,2.0533,0.28360389,3979 AUC
3979,AUC,2.3278,0.29328884,3979 AUC
3979,AUC,2.6022,0.30283941,3979 AUC
3979,AUC,2.8767,0.31226431,3979 AUC
3979,AUC,3.1511,0.32155844,3979 AUC
3979,AUC,3.4256,0.33073029,3979 AUC
3979,AUC,3.7,0.33977487,3979 AUC
3979,AUC,4.5222,0.36615038,3979 AUC
3979,AUC,5.3444,0.39147221,3979 AUC
3979,AUC,6.1667,0.41578535,3979 AUC
3979,AUC,6.9889,0.4391243,3979 AUC
3979,AUC,7.8111,0.46153088,3979 AUC
3979,AUC,8.6333,0.48304232,3979 AUC
3979,AUC,9.4556,0.50369687,3979 AUC
3979,AUC,10.2778,0.52352382,3979 AUC
3979,AUC,11.1,0.54255869,3979 AUC
3979,MOV,,,3979 MOV
3980,AUC,,,3980 AUC
3980,MOV,,,3980 MOV
3981,AUC,,,3981 AUC
3981,MOV,0.0,0.06373655,3981 MOV
3981,MOV,0.0006,0.06376559,3981 MOV
3981,MOV,0.0011,0.06378978,3981 MOV
3981,MOV,0.0017,0.06381882,3981 MOV
3981,MOV,0.0022,0.06384302,3981 MOV
3981,MOV,0.0028,0.06387205,3981 MOV
3981,MOV,0.0033,0.06389624,3981 MOV
3981,MOV,0.0039,0.06392527,3981 MOV
3981,MOV,0.0044,0.06394947,3981 MOV
3981,MOV,0.005,0.0639785,3981 MOV
3981,MOV,0.0061,0.06403172,3981 MOV
3981,MOV,0.0072,0.06408494,3981 MOV
3981,MOV,0.0083,0.06413815,3981 MOV
3981,MOV,0.0094,0.06419136,3981 MOV
3981,MOV,0.0106,0.06424941,3981 MOV
3981,MOV,0.0117,0.06430261,3981 MOV
3981,MOV,0.0128,0.06435581,3981 MOV
3981,MOV,0.0139,0.06440901,3981 MOV
3981,MOV,0.015,0.06446221,3981 MOV
3981,MOV,0.0184,0.06462661,3981 MOV
3981,MOV,0.0219,0.06479582,3981 MOV
3981,MOV,0.0253,0.06496016,3981 MOV
3981,MOV,0.0288,0.06512931,3981 MOV
3981,MOV,0.0322,0.0652936,3981 MOV
3981,MOV,0.0357,0.06546269,3981 MOV
3981,MOV,0.0391,0.06562692,3981 MOV
3981,MOV,0.0426,0.06579594,3981 MOV
3981,MOV,0.046,0.06596011,3981 MOV
3981,MOV,0.0564,0.0664621,3981 MOV
3981,MOV,0.0669,0.06696864,3981 MOV
3981,MOV,0.0773,0.06747008,3981 MOV
3981,MOV,0.0878,0.06797608,3981 MOV
3981,MOV,0.0982,0.06847698,3981 MOV
3981,MOV,0.1087,0.06898243,3981 MOV
3981,MOV,0.1191,0.06948279,3981 MOV
3981,MOV,0.1296,0.06998769,3981 MOV
3981,MOV,0.14,0.07048751,3981 MOV
3981,MOV,0.17,0.0719278,3981 MOV
3981,MOV,0.2,0.07336586,3981 MOV
3981,MOV,0.23,0.07480168,3981 MOV
3981,MOV,0.26,0.07623529,3981 MOV
3981,MOV,0.29,0.07766667,3981 MOV
3981,MOV,0.32,0.07909584,3981 MOV
3981,MOV,0.35,0.08052279,3981 MOV
3981,MOV,0.38,0.08194753,3981 MOV
3981,MOV,0.41,0.08337006,3981 MOV
3981,MOV,0.5011,0.08767632,3981 MOV
3981,MOV,0.5922,0.09196234,3981 MOV
3981,MOV,0.6833,0.09622824,3981 MOV
3981,MOV,0.7744,0.10047409,3981 MOV
3981,MOV,0.8656,0.10470462,3981 MOV
3981,MOV,0.9567,0.10891065,3981 MOV
3981,MOV,1.0478,0.11309692,3981 MOV
3981,MOV,1.1389,0.11726353,3981 MOV
3981,MOV,1.23,0.12141056,3981 MOV
3982,AUC,,,3982 AUC
3982,MOV,,,3982 MOV
3983,AUC,,,3983 AUC
3983,MOV,,,3983 MOV
3984,AUC,,,3984 AUC
3984,MOV,0.0,1.001e-05,3984 MOV
3984,MOV,0.0006,0.00023914,3984 MOV
3984,MOV,0.0011,0.00037463,3984 MOV
3984,MOV,0.0017,0.00051903,3984 MOV
3984,MOV,0.0022,0.00063021,3984 MOV
3984,MOV,0.0028,0.00075608,3984 MOV
3984,MOV,0.0033,0.00085615,3984 MOV
3984,MOV,0.0039,0.00097166,3984 MOV
3984,MOV,0.0044,0.00106474,3984 MOV
3984,MOV,0.005,0.00117322,3984 MOV
3984,MOV,0.0061,0.00136453,3984 MOV
3984,MOV,0.0072,0.00154785,3984 MOV
3984,MOV,0.0083,0.00172465,3984 MOV
3984,MOV,0.0094,0.00189599,3984 MOV
3984,MOV,0.0106,0.00207759,3984 MOV
3984,MOV,0.0117,0.00223982,3984 MOV
3984,MOV,0.0128,0.00239847,3984 MOV
3984,MOV,0.0139,0.00255391,3984 MOV
3984,MOV,0.015,0.00270647,3984 MOV
3984,MOV,0.0184,0.00316226,3984 MOV
3984,MOV,0.0219,0.00361087,3984 MOV
3984,MOV,0.0253,0.00403048,3984 MOV
3984,MOV,0.0288,0.00444852,3984 MOV
3984,MOV,0.0322,0.00484305,3984 MOV
3984,MOV,0.0357,0.00523884,3984 MOV
3984,MOV,0.0391,0.00561444,3984 MOV
3984,MOV,0.0426,0.00599291,3984 MOV
3984,MOV,0.046,0.00635341,3984 MOV
3984,MOV,0.0564,0.0074184,3984 MOV
3984,MOV,0.0669,0.00844572,3984 MOV
3984,MOV,0.0773,0.00942466,3984 MOV
3984,MOV,0.0878,0.01038038,3984 MOV
3984,MOV,0.0982,0.01129925,3984 MOV
3984,MOV,0.1087,0.01220249,3984 MOV
3984,MOV,0.1191,0.01307568,3984 MOV
3984,MOV,0.1296,0.01393786,3984 MOV
3984,MOV,0.14,0.01477445,3984 MOV
3984,MOV,0.17,0.01710373,3984 MOV
3984,MOV,0.2,0.01932817,3984 MOV
3984,MOV,0.23,0.02146626,3984 MOV
3984,MOV,0.26,0.02353117,3984 MOV
3984,MOV,0.29,0.02553275,3984 MOV
3984,MOV,0.32,0.0274786,3984 MOV
3984,MOV,0.35,0.02937477,3984 MOV
3984,MOV,0.38,0.03122619,3984 MOV
3984,MOV,0.41,0.03303693,3984 MOV
3984,MOV,0.5011,0.03831879,3984 MOV
3984,MOV,0.5922,0.04332611,3984 MOV
3984,MOV,0.6833,0.04810695,3984 MOV
3984,MOV,0.7744,0.05269551,3984 MOV
3984,MOV,0.8656,0.05712203,3984 MOV
3984,MOV,0.9567,0.06139654,3984 MOV
3984,MOV,1.0478,0.06553964,3984 MOV
3984,MOV,1.1389,0.06956411,3984 MOV
3984,MOV,1.23,0.0734805,3984 MOV
3984,MOV,1.5044,0.08470757,3984 MOV
3984,MOV,1.7789,0.09521542,3984 MOV
3984,MOV,2.0533,0.10512047,3984 MOV
3984,MOV,2.3278,0.11451901,3984 MOV
3984,MOV,2.6022,0.12347112,3984 MOV
3984,MOV,2.8767,0.13203553,3984 MOV
3984,MOV,3.1511,0.14024778,3984 MOV
3984,MOV,3.4256,0.14814811,3984 MOV
3984,MOV,3.7,0.15575929,3984 MOV
3986,AUC,,,3986 AUC
3986,MOV,,,3986 MOV
3987,AUC,,,3987 AUC
3987,MOV,,,3987 MOV
3988,AUC,,,3988 AUC
3988,MOV,,,3988 MOV
3989,AUC,,,3989 AUC
3989,MOV,,,3989 MOV
3991,AUC,,,3991 AUC
3991,MOV,,,3991 MOV
3992,AUC,0.0,0.08525351,3992 AUC
3992,AUC,0.0006,0.08525351,3992 AUC
3992,AUC,0.0011,0.08525351,3992 AUC
3992,AUC,0.0017,0.08525351,3992 AUC
3992,AUC,0.0022,0.08525351,3992 AUC
3992,AUC,0.0028,0.08525352,3992 AUC
3992,AUC,0.0033,0.08525352,3992 AUC
3992,AUC,0.0039,0.08525353,3992 AUC
3992,AUC,0.0044,0.08525353,3992 AUC
3992,AUC,0.005,0.08525354,3992 AUC
3992,AUC,0.0061,0.08525356,3992 AUC
3992,AUC,0.0072,0.08525359,3992 AUC
3992,AUC,0.0083,0.08525363,3992 AUC
3992,AUC,0.0094,0.08525367,3992 AUC
3992,AUC,0.0106,0.08525373,3992 AUC
3992,AUC,0.0117,0.0852538,3992 AUC
3992,AUC,0.0128,0.08525388,3992 AUC
3992,AUC,0.0139,0.08525397,3992 AUC
3992,AUC,0.015,0.08525407,3992 AUC
3992,AUC,0.0184,0.08525446,3992 AUC
3992,AUC,0.0219,0.08525501,3992 AUC
3992,AUC,0.0253,0.0852557,3992 AUC
3992,AUC,0.0288,0.08525659,3992 AUC
3992,AUC,0.0322,0.08525763,3992 AUC
3992,AUC,0.0357,0.08525891,3992 AUC
3992,AUC,0.0391,0.08526035,3992 AUC
3992,AUC,0.0426,0.08526207,3992 AUC
3992,AUC,0.046,0.08526397,3992 AUC
3992,AUC,0.0564,0.08527131,3992 AUC
3992,AUC,0.0669,0.08528128,3992 AUC
3992,AUC,0.0773,0.08529395,3992 AUC
3992,AUC,0.0878,0.08530982,3992 AUC
3992,AUC,0.0982,0.08532879,3992 AUC
3992,AUC,0.1087,0.08535145,3992 AUC
3992,AUC,0.1191,0.08537757,3992 AUC
3992,AUC,0.1296,0.08540783,3992 AUC
3992,AUC,0.14,0.08544183,3992 AUC
3992,AUC,0.17,0.08556386,3992 AUC
3992,AUC,0.2,0.08572419,3992 AUC
3992,AUC,0.23,0.08592595,3992 AUC
3992,AUC,0.26,0.08617185,3992 AUC
3992,AUC,0.29,0.08646432,3992 AUC
3992,AUC,0.32,0.08680546,3992 AUC
3992,AUC,0.35,0.08719714,3992 AUC
3992,AUC,0.38,0.08764101,3992 AUC
3992,AUC,0.41,0.08813851,3992 AUC
3992,AUC,0.5011,0.08999009,3992 AUC
3992,AUC,0.5922,0.09237358,3992 AUC
3992,AUC,0.6833,0.09530487,3992 AUC
3992,AUC,0.7744,0.09879124,3992 AUC
3992,AUC,0.8656,0.10283787,3992 AUC
3992,AUC,0.9567,0.10743078,3992 AUC
3992,AUC,1.0478,0.11256456,3992 AUC
3992,AUC,1.1389,0.11822603,3992 AUC
3992,AUC,1.23,0.12439914,3992 AUC
3992,AUC,1.5044,0.1458901,3992 AUC
3992,AUC,1.7789,0.1712743,3992 AUC
3992,AUC,2.0533,0.19988638,3992 AUC
3992,AUC,2.3278,0.23109048,3992 AUC
3992,AUC,2.6022,0.26423259,3992 AUC
3992,AUC,2.8767,0.29875092,3992 AUC
3992,AUC,3.1511,0.33409151,3992 AUC
3992,AUC,3.4256,0.36981293,3992 AUC
3992,AUC,3.7,0.40548485,3992 AUC
3992,MOV,,,3992 MOV
3993,AUC,,,3993 AUC
3993,MOV,,,3993 MOV
3994,AUC,0.0,0.12698442,3994 AUC
3994,AUC,0.0006,0.12699646,3994 AUC
3994,AUC,0.0011,0.12700649,3994 AUC
3994,AUC,0.0017,0.12701853,3994 AUC
3994,AUC,0.0022,0.12702856,3994 AUC
3994,AUC,0.0028,0.1270406,3994 AUC
3994,AUC,0.0033,0.12705063,3994 AUC
3994,AUC,0.0039,0.12706267,3994 AUC
3994,AUC,0.0044,0.1270727,3994 AUC
3994,AUC,0.005,0.12708473,3994 AUC
3994,AUC,0.0061,0.1271068,3994 AUC
3994,AUC,0.0072,0.12712887,3994 AUC
3994,AUC,0.0083,0.12715093,3994 AUC
3994,AUC,0.0094,0.127173,3994 AUC
3994,AUC,0.0106,0.12719707,3994 AUC
3994,AUC,0.0117,0.12721913,3994 AUC
3994,AUC,0.0128,0.1272412,3994 AUC
3994,AUC,0.0139,0.12726326,3994 AUC
3994,AUC,0.015,0.12728532,3994 AUC
3994,AUC,0.0184,0.12735351,3994 AUC
3994,AUC,0.0219,0.1274237,3994 AUC
3994,AUC,0.0253,0.12749188,3994 AUC
3994,AUC,0.0288,0.12756206,3994 AUC
3994,AUC,0.0322,0.12763023,3994 AUC
3994,AUC,0.0357,0.1277004,3994 AUC
3994,AUC,0.0391,0.12776855,3994 AUC
3994,AUC,0.0426,0.12783871,3994 AUC
3994,AUC,0.046,0.12790686,3994 AUC
3994,AUC,0.0564,0.12811527,3994 AUC
3994,AUC,0.0669,0.12832564,3994 AUC
3994,AUC,0.0773,0.12853395,3994 AUC
3994,AUC,0.0878,0.12874422,3994 AUC
3994,AUC,0.0982,0.12895244,3994 AUC
3994,AUC,0.1087,0.1291626,3994 AUC
3994,AUC,0.1191,0.12937072,3994 AUC
3994,AUC,0.1296,0.12958079,3994 AUC
3994,AUC,0.14,0.1297888,3994 AUC
3994,AUC,0.17,0.13038857,3994 AUC
3994,AUC,0.2,0.13098792,3994 AUC
3994,AUC,0.23,0.13158686,3994 AUC
3994,AUC,0.26,0.13218538,3994 AUC
3994,AUC,0.29,0.1327835,3994 AUC
3994,AUC,0.32,0.1333812,3994 AUC
3994,AUC,0.35,0.13397849,3994 AUC
3994,AUC,0.38,0.13457537,3994 AUC
3994,AUC,0.41,0.13517183,3994 AUC
3994,AUC,0.5011,0.13698058,3994 AUC
3994,AUC,0.5922,0.13878555,3994 AUC
3994,AUC,0.6833,0.14058675,3994 AUC
3994,AUC,0.7744,0.14238417,3994 AUC
3994,AUC,0.8656,0.14417981,3994 AUC
3994,AUC,0.9567,0.14596972,3994 AUC
3994,AUC,1.0478,0.14775588,3994 AUC
3994,AUC,1.1389,0.14953832,3994 AUC
3994,AUC,1.23,0.15131702,3994 AUC
3994,AUC,1.5044,0.15665217,3994 AUC
3994,AUC,1.7789,0.1619557,3994 AUC
3994,AUC,2.0533,0.16722396,3994 AUC
3994,AUC,2.3278,0.17246101,3994 AUC
3994,AUC,2.6022,0.17766324,3994 AUC
3994,AUC,2.8767,0.18283464,3994 AUC
3994,AUC,3.1511,0.18797165,3994 AUC
3994,AUC,3.4256,0.19307822,3994 AUC
3994,AUC,3.7,0.19815084,3994 AUC
3994,MOV,,,3994 MOV
3995,AUC,,,3995 AUC
3995,MOV,,,3995 MOV
3996,AUC,,,3996 AUC
3996,MOV,,,3996 MOV
3997,AUC,,,3997 AUC
3997,MOV,,,3997 MOV
3998,AUC,,,3998 AUC
3998,MOV,,,3998 MOV
3999,AUC,0.0,1e-05,3999 AUC
3999,AUC,0.0006,0.00318512,3999 AUC
3999,AUC,0.0011,0.0042215,3999 AUC
3999,AUC,0.0017,0.0051687,3999 AUC
3999,AUC,0.0022,0.00582731,3999 AUC
3999,AUC,0.0028,0.00651924,3999 AUC
3999,AUC,0.0033,0.00703722,3999 AUC
3999,AUC,0.0039,0.00760614,3999 AUC
3999,AUC,0.0044,0.00804539,3999 AUC
3999,AUC,0.005,0.00853861,3999 AUC
3999,AUC,0.0061,0.00936671,3999 AUC
3999,AUC,0.0072,0.01011828,3999 AUC
3999,AUC,0.0083,0.01081068,3999 AUC
3999,AUC,0.0094,0.0114556,3999 AUC
3999,AUC,0.0106,0.01211469,3999 AUC
3999,AUC,0.0117,0.01268464,3999 AUC
3999,AUC,0.0128,0.01322664,3999 AUC
3999,AUC,0.0139,0.01374428,3999 AUC
3999,AUC,0.015,0.01424048,3999 AUC
3999,AUC,0.0184,0.01566184,3999 AUC
3999,AUC,0.0219,0.01698486,3999 AUC
3999,AUC,0.0253,0.01816566,3999 AUC
3999,AUC,0.0288,0.0192956,3999 AUC
3999,AUC,0.0322,0.02032494,3999 AUC
3999,AUC,0.0357,0.02132554,3999 AUC
3999,AUC,0.0391,0.02224851,3999 AUC
3999,AUC,0.0426,0.02315484,3999 AUC
3999,AUC,0.046,0.02399792,3999 AUC
3999,AUC,0.0564,0.02638772,3999 AUC
3999,AUC,0.0669,0.02857165,3999 AUC
3999,AUC,0.0773,0.0305606,3999 AUC
3999,AUC,0.0878,0.03242825,3999 AUC
3999,AUC,0.0982,0.03416373,3999 AUC
3999,AUC,0.1087,0.03581881,3999 AUC
3999,AUC,0.1191,0.03737583,3999 AUC
3999,AUC,0.1296,0.03887569,3999 AUC
3999,AUC,0.14,0.04029847,3999 AUC
3999,AUC,0.17,0.04411146,3999 AUC
3999,AUC,0.2,0.04757879,3999 AUC
3999,AUC,0.23,0.05077746,3999 AUC
3999,AUC,0.26,0.05375967,3999 AUC
3999,AUC,0.29,0.05656272,3999 AUC
3999,AUC,0.32,0.05921436,3999 AUC
3999,AUC,0.35,0.06173586,3999 AUC
3999,AUC,0.38,0.06414399,3999 AUC
3999,AUC,0.41,0.06645218,3999 AUC
3999,AUC,0.5011,0.07295288,3999 AUC
3999,AUC,0.5922,0.07884511,3999 AUC
3999,AUC,0.6833,0.08426765,3999 AUC
3999,AUC,0.7744,0.08931363,3999 AUC
3999,AUC,0.8656,0.09405415,3999 AUC
3999,AUC,0.9567,0.09852766,3999 AUC
3999,AUC,1.0478,0.10277682,3999 AUC
3999,AUC,1.1389,0.10683083,3999 AUC
3999,AUC,1.23,0.11071314,3999 AUC
3999,AUC,1.5044,0.12154624,3999 AUC
3999,AUC,1.7789,0.13135548,3999 AUC
3999,AUC,2.0533,0.14036805,3999 AUC
3999,AUC,2.3278,0.14874768,3999 AUC
3999,AUC,2.6022,0.1565996,3999 AUC
3999,AUC,2.8767,0.16401187,3999 AUC
3999,AUC,3.1511,0.17104192,3999 AUC
3999,AUC,3.4256,0.17774414,3999 AUC
3999,AUC,3.7,0.18415311,3999 AUC
3999,MOV,0.0,1e-05,3999 MOV
3999,MOV,0.0006,0.0074827,3999 MOV
3999,MOV,0.0011,0.0098902,3999 MOV
3999,MOV,0.0017,0.0120846,3999 MOV
3999,MOV,0.0022,0.01360763,3999 MOV
3999,MOV,0.0028,0.01520562,3999 MOV
3999,MOV,0.0033,0.01640057,3999 MOV
3999,MOV,0.0039,0.0177119,3999 MOV
3999,MOV,0.0044,0.01872354,3999 MOV
3999,MOV,0.005,0.01985877,3999 MOV
3999,MOV,0.0061,0.02176303,3999 MOV
3999,MOV,0.0072,0.02348962,3999 MOV
3999,MOV,0.0083,0.02507895,3999 MOV
3999,MOV,0.0094,0.02655821,3999 MOV
3999,MOV,0.0106,0.02806897,3999 MOV
3999,MOV,0.0117,0.02937461,3999 MOV
3999,MOV,0.0128,0.03061556,3999 MOV
3999,MOV,0.0139,0.03180018,3999 MOV
3999,MOV,0.015,0.03293521,3999 MOV
3999,MOV,0.0184,0.03618392,3999 MOV
3999,MOV,0.0219,0.03920459,3999 MOV
3999,MOV,0.0253,0.04189807,3999 MOV
3999,MOV,0.0288,0.04447346,3999 MOV
3999,MOV,0.0322,0.04681785,3999 MOV
3999,MOV,0.0357,0.0490953,3999 MOV
3999,MOV,0.0391,0.05119479,3999 MOV
3999,MOV,0.0426,0.05325531,3999 MOV
3999,MOV,0.046,0.05517103,3999 MOV
3999,MOV,0.0564,0.06059639,3999 MOV
3999,MOV,0.0669,0.06554816,3999 MOV
3999,MOV,0.0773,0.07005291,3999 MOV
3999,MOV,0.0878,0.0742788,3999 MOV
3999,MOV,0.0982,0.0782021,3999 MOV
3999,MOV,0.1087,0.08194058,3999 MOV
3999,MOV,0.1191,0.08545482,3999 MOV
3999,MOV,0.1296,0.08883758,3999 MOV
3999,MOV,0.14,0.09204429,3999 MOV
3999,MOV,0.17,0.10062755,3999 MOV
3999,MOV,0.2,0.10841945,3999 MOV
3999,MOV,0.23,0.11559642,3999 MOV
3999,MOV,0.26,0.12227799,3999 MOV
3999,MOV,0.29,0.12854955,3999 MOV
3999,MOV,0.32,0.13447456,3999 MOV
3999,MOV,0.35,0.1401017,3999 MOV
3999,MOV,0.38,0.14546928,3999 MOV
3999,MOV,0.41,0.15060807,3999 MOV
3999,MOV,0.5011,0.16504807,3999 MOV
3999,MOV,0.5922,0.17809351,3999 MOV
3999,MOV,0.6833,0.19006147,3999 MOV
3999,MOV,0.7744,0.20116469,3999 MOV
3999,MOV,0.8656,0.2115651,3999 MOV
3999,MOV,0.9567,0.22135153,3999 MOV
3999,MOV,1.0478,0.23062094,3999 MOV
3999,MOV,1.1389,0.23944013,3999 MOV
3999,MOV,1.23,0.24786265,3999 MOV
3999,MOV,1.5044,0.27123965,3999 MOV
3999,MOV,1.7789,0.2922393,3999 MOV
3999,MOV,2.0533,0.31138331,3999 MOV
3999,MOV,2.3278,0.32904636,3999 MOV
3999,MOV,2.6022,0.34547156,3999 MOV
3999,MOV,2.8767,0.36086048,3999 MOV
3999,MOV,3.1511,0.37534689,3999 MOV
3999,MOV,3.4256,0.3890553,3999 MOV
3999,MOV,3.7,0.40206713,3999 MOV
4000,AUC,,,4000 AUC
4000,MOV,,,4000 MOV
4001,AUC,,,4001 AUC
4001,MOV,,,4001 MOV
4002,AUC,,,4002 AUC
4002,MOV,,,4002 MOV
4003,AUC,,,4003 AUC
4003,MOV,,,4003 MOV
4004,AUC,,,4004 AUC
4004,MOV,,,4004 MOV
4005,AUC,,,4005 AUC
4005,MOV,,,4005 MOV
4006,AUC,,,4006 AUC
4006,MOV,,,4006 MOV
4008,AUC,,,4008 AUC
4008,MOV,,,4008 MOV
4009,AUC,,,4009 AUC
4009,MOV,,,4009 MOV
4010,AUC,,,4010 AUC
4010,MOV,,,4010 MOV
4011,AUC,,,4011 AUC
4011,MOV,,,4011 MOV
4012,AUC,,,4012 AUC
4012,MOV,,,4012 MOV
4013,AUC,,,4013 AUC
4013,MOV,,,4013 MOV
4014,AUC,,,4014 AUC
4014,MOV,,,4014 MOV
4015,AUC,,,4015 AUC
4015,MOV,,,4015 MOV
4016,AUC,0.0,0.03656403,4016 AUC
4016,AUC,0.0006,0.09325664,4016 AUC
4016,AUC,0.0011,0.09853901,4016 AUC
4016,AUC,0.0017,0.10255597,4016 AUC
4016,AUC,0.0022,0.10502652,4016 AUC
4016,AUC,0.0028,0.10740055,4016 AUC
4016,AUC,0.0033,0.1090536,4016 AUC
4016,AUC,0.0039,0.11076441,4016 AUC
4016,AUC,0.0044,0.11201885,4016 AUC
4016,AUC,0.005,0.11336589,4016 AUC
4016,AUC,0.0061,0.11549785,4016 AUC
4016,AUC,0.0072,0.11730984,4016 AUC
4016,AUC,0.0083,0.118889,4016 AUC
4016,AUC,0.0094,0.12029072,4016 AUC
4016,AUC,0.0106,0.12166123,4016 AUC
4016,AUC,0.0117,0.12280038,4016 AUC
4016,AUC,0.0128,0.12384725,4016 AUC
4016,AUC,0.0139,0.12481633,4016 AUC
4016,AUC,0.015,0.1257189,4016 AUC
4016,AUC,0.0184,0.12817509,4016 AUC
4016,AUC,0.0219,0.13030943,4016 AUC
4016,AUC,0.0253,0.13210708,4016 AUC
4016,AUC,0.0288,0.13374351,4016 AUC
4016,AUC,0.0322,0.13517005,4016 AUC
4016,AUC,0.0357,0.13650337,4016 AUC
4016,AUC,0.0391,0.13769033,4016 AUC
4016,AUC,0.0426,0.13881879,4016 AUC
4016,AUC,0.046,0.13983769,4016 AUC
4016,AUC,0.0564,0.14258007,4016 AUC
4016,AUC,0.0669,0.14491976,4016 AUC
4016,AUC,0.0773,0.1469306,4016 AUC
4016,AUC,0.0878,0.14872662,4016 AUC
4016,AUC,0.0982,0.15032349,4016 AUC
4016,AUC,0.1087,0.15178753,4016 AUC
4016,AUC,0.1191,0.15311659,4016 AUC
4016,AUC,0.1296,0.15435589,4016 AUC
4016,AUC,0.14,0.15549684,4016 AUC
4016,AUC,0.17,0.15840378,4016 AUC
4016,AUC,0.2,0.16087816,4016 AUC
4016,AUC,0.23,0.16303628,4016 AUC
4016,AUC,0.26,0.1649526,4016 AUC
4016,AUC,0.29,0.16667776,4016 AUC
4016,AUC,0.32,0.16824782,4016 AUC
4016,AUC,0.35,0.16968941,4016 AUC
4016,AUC,0.38,0.17102276,4016 AUC
4016,AUC,0.41,0.1722636,4016 AUC
4016,AUC,0.5011,0.17558127,4016 AUC
4016,AUC,0.5922,0.17838897,4016 AUC
4016,AUC,0.6833,0.18082741,4016 AUC
4016,AUC,0.7744,0.18298554,4016 AUC
4016,AUC,0.8656,0.1849253,4016 AUC
4016,AUC,0.9567,0.18668483,4016 AUC
4016,AUC,1.0478,0.18829746,4016 AUC
4016,AUC,1.1389,0.18978668,4016 AUC
4016,AUC,1.23,0.1911707,4016 AUC
4016,AUC,1.5044,0.19483582,4016 AUC
4016,AUC,1.7789,0.19793395,4016 AUC
4016,AUC,2.0533,0.20062035,4016 AUC
4016,AUC,2.3278,0.20299638,4016 AUC
4016,AUC,2.6022,0.20512712,4016 AUC
4016,AUC,2.8767,0.20706135,4016 AUC
4016,AUC,3.1511,0.20883221,4016 AUC
4016,AUC,3.4256,0.21046715,4016 AUC
4016,AUC,3.7,0.2119852,4016 AUC
4016,AUC,4.5222,0.21598232,4016 AUC
4016,AUC,5.3444,0.21935833,4016 AUC
4016,AUC,6.1667,0.2222857,4016 AUC
4016,AUC,6.9889,0.22487236,4016 AUC
4016,AUC,7.8111,0.22719182,4016 AUC
4016,AUC,8.6333,0.22929567,4016 AUC
4016,AUC,9.4556,0.23122199,4016 AUC
4016,AUC,10.2778,0.23299888,4016 AUC
4016,AUC,11.1,0.23464873,4016 AUC
4016,AUC,13.5667,0.23899487,4016 AUC
4016,AUC,16.0333,0.24266138,4016 AUC
4016,AUC,18.5,0.24583735,4016 AUC
4016,AUC,20.9667,0.24864169,4016 AUC
4016,AUC,23.4333,0.25115434,4016 AUC
4016,AUC,25.9,0.25343199,4016 AUC
4016,AUC,28.3667,0.2555159,4016 AUC
4016,AUC,30.8333,0.25743725,4016 AUC
4016,AUC,33.3,0.25922036,4016 AUC
4016,AUC,40.7111,0.26391945,4016 AUC
4016,AUC,48.1222,0.26787821,4016 AUC
4016,AUC,55.5333,0.2713031,4016 AUC
4016,AUC,62.9444,0.27432415,4016 AUC
4016,AUC,70.3556,0.27702869,4016 AUC
4016,AUC,77.7667,0.2794782,4016 AUC
4016,AUC,85.1778,0.28171774,4016 AUC
4016,AUC,92.5889,0.28378131,4016 AUC
4016,AUC,100.0,0.28569517,4016 AUC
4016,MOV,0.0,0.02663792,4016 MOV
4016,MOV,0.0006,0.02663887,4016 MOV
4016,MOV,0.0011,0.02663967,4016 MOV
4016,MOV,0.0017,0.02664062,4016 MOV
4016,MOV,0.0022,0.02664141,4016 MOV
4016,MOV,0.0028,0.02664236,4016 MOV
4016,MOV,0.0033,0.02664316,4016 MOV
4016,MOV,0.0039,0.02664411,4016 MOV
4016,MOV,0.0044,0.0266449,4016 MOV
4016,MOV,0.005,0.02664586,4016 MOV
4016,MOV,0.0061,0.0266476,4016 MOV
4016,MOV,0.0072,0.02664935,4016 MOV
4016,MOV,0.0083,0.02665109,4016 MOV
4016,MOV,0.0094,0.02665284,4016 MOV
4016,MOV,0.0106,0.02665475,4016 MOV
4016,MOV,0.0117,0.02665649,4016 MOV
4016,MOV,0.0128,0.02665824,4016 MOV
4016,MOV,0.0139,0.02665998,4016 MOV
4016,MOV,0.015,0.02666173,4016 MOV
4016,MOV,0.0184,0.02666713,4016 MOV
4016,MOV,0.0219,0.02667268,4016 MOV
4016,MOV,0.0253,0.02667808,4016 MOV
4016,MOV,0.0288,0.02668363,4016 MOV
4016,MOV,0.0322,0.02668903,4016 MOV
4016,MOV,0.0357,0.02669459,4016 MOV
4016,MOV,0.0391,0.02669998,4016 MOV
4016,MOV,0.0426,0.02670554,4016 MOV
4016,MOV,0.046,0.02671094,4016 MOV
4016,MOV,0.0564,0.02672744,4016 MOV
4016,MOV,0.0669,0.02674411,4016 MOV
4016,MOV,0.0773,0.02676061,4016 MOV
4016,MOV,0.0878,0.02677728,4016 MOV
4016,MOV,0.0982,0.02679379,4016 MOV
4016,MOV,0.1087,0.02681045,4016 MOV
4016,MOV,0.1191,0.02682696,4016 MOV
4016,MOV,0.1296,0.02684362,4016 MOV
4016,MOV,0.14,0.02686012,4016 MOV
4016,MOV,0.17,0.02690773,4016 MOV
4016,MOV,0.2,0.02695534,4016 MOV
4016,MOV,0.23,0.02700294,4016 MOV
4016,MOV,0.26,0.02705055,4016 MOV
4016,MOV,0.29,0.02709815,4016 MOV
4016,MOV,0.32,0.02714574,4016 MOV
4016,MOV,0.35,0.02719334,4016 MOV
4016,MOV,0.38,0.02724093,4016 MOV
4016,MOV,0.41,0.02728852,4016 MOV
4016,MOV,0.5011,0.02743302,4016 MOV
4016,MOV,0.5922,0.0275775,4016 MOV
4016,MOV,0.6833,0.02772196,4016 MOV
4016,MOV,0.7744,0.0278664,4016 MOV
4016,MOV,0.8656,0.02801097,4016 MOV
4016,MOV,0.9567,0.02815536,4016 MOV
4016,MOV,1.0478,0.02829974,4016 MOV
4016,MOV,1.1389,0.02844409,4016 MOV
4016,MOV,1.23,0.02858842,4016 MOV
4016,MOV,1.5044,0.02902302,4016 MOV
4016,MOV,1.7789,0.02945758,4016 MOV
4016,MOV,2.0533,0.0298918,4016 MOV
4016,MOV,2.3278,0.03032597,4016 MOV
4016,MOV,2.6022,0.0307598,4016 MOV
4016,MOV,2.8767,0.03119359,4016 MOV
4016,MOV,3.1511,0.03162702,4016 MOV
4016,MOV,3.4256,0.03206042,4016 MOV
4016,MOV,3.7,0.03249347,4016 MOV
4016,MOV,4.5222,0.03378988,4016 MOV
4016,MOV,5.3444,0.03508455,4016 MOV
4016,MOV,6.1667,0.03637764,4016 MOV
4016,MOV,6.9889,0.03766885,4016 MOV
4016,MOV,7.8111,0.03895832,4016 MOV
4016,MOV,8.6333,0.04024606,4016 MOV
4016,MOV,9.4556,0.04153224,4016 MOV
4016,MOV,10.2778,0.04281654,4016 MOV
4016,MOV,11.1,0.04409911,4016 MOV
4016,MOV,13.5667,0.04793669,4016 MOV
4016,MOV,16.0333,0.05175871,4016 MOV
4016,MOV,18.5,0.05556554,4016 MOV
4016,MOV,20.9667,0.05935708,4016 MOV
4016,MOV,23.4333,0.06313325,4016 MOV
4016,MOV,25.9,0.06689442,4016 MOV
4016,MOV,28.3667,0.07064048,4016 MOV
4016,MOV,30.8333,0.07437135,4016 MOV
4016,MOV,33.3,0.0780874,4016 MOV
4016,MOV,40.7111,0.08916261,4016 MOV
4016,MOV,48.1222,0.10010477,4016 MOV
4016,MOV,55.5333,0.11091548,4016 MOV
4016,MOV,62.9444,0.12159631,4016 MOV
4016,MOV,70.3556,0.13214898,4016 MOV
4016,MOV,77.7667,0.14257473,4016 MOV
4016,MOV,85.1778,0.15287524,4016 MOV
4016,MOV,92.5889,0.163052,4016 MOV
4016,MOV,100.0,0.1731065,4016 MOV
4017,AUC,,,4017 AUC
4017,MOV,,,4017 MOV
4018,AUC,,,4018 AUC
4018,MOV,,,4018 MOV
4019,AUC,,,4019 AUC
4019,MOV,,,4019 MOV
4020,AUC,,,4020 AUC
4020,MOV,,,4020 MOV
4021,AUC,,,4021 AUC
4021,MOV,,,4021 MOV
4022,AUC,,,4022 AUC
4022,MOV,,,4022 MOV
4023,AUC,,,4023 AUC
4023,MOV,,,4023 MOV
4024,AUC,,,4024 AUC
4024,MOV,,,4024 MOV
4026,AUC,,,4026 AUC
4026,MOV,,,4026 MOV
4027,AUC,0.0,0.05491259,4027 AUC
4027,AUC,0.0006,0.0551729,4027 AUC
4027,AUC,0.0011,0.05538977,4027 AUC
4027,AUC,0.0017,0.05564994,4027 AUC
4027,AUC,0.0022,0.0558667,4027 AUC
4027,AUC,0.0028,0.05612674,4027 AUC
4027,AUC,0.0033,0.05634339,4027 AUC
4027,AUC,0.0039,0.0566033,4027 AUC
4027,AUC,0.0044,0.05681984,4027 AUC
4027,AUC,0.005,0.05707962,4027 AUC
4027,AUC,0.0061,0.05755569,4027 AUC
4027,AUC,0.0072,0.05803153,4027 AUC
4027,AUC,0.0083,0.05850713,4027 AUC
4027,AUC,0.0094,0.05898248,4027 AUC
4027,AUC,0.0106,0.05950078,4027 AUC
4027,AUC,0.0117,0.05997564,4027 AUC
4027,AUC,0.0128,0.06045025,4027 AUC
4027,AUC,0.0139,0.06092463,4027 AUC
4027,AUC,0.015,0.06139876,4027 AUC
4027,AUC,0.0184,0.06286276,4027 AUC
4027,AUC,0.0219,0.06436744,4027 AUC
4027,AUC,0.0253,0.0658268,4027 AUC
4027,AUC,0.0288,0.06732672,4027 AUC
4027,AUC,0.0322,0.06878147,4027 AUC
4027,AUC,0.0357,0.07027664,4027 AUC
4027,AUC,0.0391,0.07172679,4027 AUC
4027,AUC,0.0426,0.07321723,4027 AUC
4027,AUC,0.046,0.0746628,4027 AUC
4027,AUC,0.0564,0.07907054,4027 AUC
4027,AUC,0.0669,0.08349937,4027 AUC
4027,AUC,0.0773,0.08786503,4027 AUC
4027,AUC,0.0878,0.09225156,4027 AUC
4027,AUC,0.0982,0.09657553,4027 AUC
4027,AUC,0.1087,0.10092017,4027 AUC
4027,AUC,0.1191,0.10520284,4027 AUC
4027,AUC,0.1296,0.109506,4027 AUC
4027,AUC,0.14,0.11374778,4027 AUC
4027,MOV,0.0,1e-05,4027 MOV
4027,MOV,0.0006,0.00051644,4027 MOV
4027,MOV,0.0011,0.00093827,4027 MOV
4027,MOV,0.0017,0.00144424,4027 MOV
4027,MOV,0.0022,0.00186568,4027 MOV
4027,MOV,0.0028,0.00237118,4027 MOV
4027,MOV,0.0033,0.00279223,4027 MOV
4027,MOV,0.0039,0.00329726,4027 MOV
4027,MOV,0.0044,0.00371792,4027 MOV
4027,MOV,0.005,0.00422248,4027 MOV
4027,MOV,0.0061,0.00514684,4027 MOV
4027,MOV,0.0072,0.00607035,4027 MOV
4027,MOV,0.0083,0.00699299,4027 MOV
4027,MOV,0.0094,0.00791478,4027 MOV
4027,MOV,0.0106,0.0089194,4027 MOV
4027,MOV,0.0117,0.0098394,4027 MOV
4027,MOV,0.0128,0.01075854,4027 MOV
4027,MOV,0.0139,0.01167684,4027 MOV
4027,MOV,0.015,0.01259428,4027 MOV
4027,MOV,0.0184,0.01542463,4027 MOV
4027,MOV,0.0219,0.01832975,4027 MOV
4027,MOV,0.0253,0.02114366,4027 MOV
4027,MOV,0.0288,0.0240319,4027 MOV
4027,MOV,0.0322,0.02682947,4027 MOV
4027,MOV,0.0357,0.02970094,4027 MOV
4027,MOV,0.0391,0.03248225,4027 MOV
4027,MOV,0.0426,0.03533704,4027 MOV
4027,MOV,0.046,0.0381022,4027 MOV
4027,MOV,0.0564,0.04651122,4027 MOV
4027,MOV,0.0669,0.05492653,4027 MOV
4027,MOV,0.0773,0.06318847,4027 MOV
4027,MOV,0.0878,0.07145659,4027 MOV
4027,MOV,0.0982,0.07957402,4027 MOV
4027,MOV,0.1087,0.08769752,4027 MOV
4027,MOV,0.1191,0.09567298,4027 MOV
4027,MOV,0.1296,0.10365439,4027 MOV
4027,MOV,0.14,0.11149035,4027 MOV
4028,AUC,,,4028 AUC
4028,MOV,,,4028 MOV
4029,AUC,,,4029 AUC
4029,MOV,,,4029 MOV
4030,AUC,,,4030 AUC
4030,MOV,,,4030 MOV
4031,AUC,0.0,0.16544187,4031 AUC
4031,AUC,0.0006,0.16548815,4031 AUC
4031,AUC,0.0011,0.16552671,4031 AUC
4031,AUC,0.0017,0.16557299,4031 AUC
4031,AUC,0.0022,0.16561155,4031 AUC
4031,AUC,0.0028,0.16565782,4031 AUC
4031,AUC,0.0033,0.16569638,4031 AUC
4031,AUC,0.0039,0.16574264,4031 AUC
4031,AUC,0.0044,0.16578119,4031 AUC
4031,AUC,0.005,0.16582746,4031 AUC
4031,AUC,0.0061,0.16591226,4031 AUC
4031,AUC,0.0072,0.16599706,4031 AUC
4031,AUC,0.0083,0.16608185,4031 AUC
4031,AUC,0.0094,0.16616662,4031 AUC
4031,AUC,0.0106,0.1662591,4031 AUC
4031,AUC,0.0117,0.16634386,4031 AUC
4031,AUC,0.0128,0.16642862,4031 AUC
4031,AUC,0.0139,0.16651336,4031 AUC
4031,AUC,0.015,0.1665981,4031 AUC
4031,AUC,0.0184,0.16685995,4031 AUC
4031,AUC,0.0219,0.16712942,4031 AUC
4031,AUC,0.0253,0.16739111,4031 AUC
4031,AUC,0.0288,0.16766041,4031 AUC
4031,AUC,0.0322,0.16792193,4031 AUC
4031,AUC,0.0357,0.16819106,4031 AUC
4031,AUC,0.0391,0.16845241,4031 AUC
4031,AUC,0.0426,0.16872137,4031 AUC
4031,AUC,0.046,0.16898256,4031 AUC
4031,AUC,0.0564,0.16978098,4031 AUC
4031,AUC,0.0669,0.1705863,4031 AUC
4031,AUC,0.0773,0.17138317,4031 AUC
4031,AUC,0.0878,0.17218694,4031 AUC
4031,AUC,0.0982,0.17298228,4031 AUC
4031,AUC,0.1087,0.17378449,4031 AUC
4031,AUC,0.1191,0.1745783,4031 AUC
4031,AUC,0.1296,0.17537896,4031 AUC
4031,AUC,0.14,0.17617124,4031 AUC
4031,AUC,0.17,0.17845238,4031 AUC
4031,AUC,0.2,0.18072721,4031 AUC
4031,AUC,0.23,0.18299574,4031 AUC
4031,AUC,0.26,0.18525798,4031 AUC
4031,AUC,0.29,0.18751397,4031 AUC
4031,AUC,0.32,0.1897637,4031 AUC
4031,AUC,0.35,0.19200721,4031 AUC
4031,AUC,0.38,0.1942445,4031 AUC
4031,AUC,0.41,0.1964756,4031 AUC
4031,AUC,0.5011,0.20321291,4031 AUC
4031,AUC,0.5922,0.20989374,4031 AUC
4031,AUC,0.6833,0.21651854,4031 AUC
4031,AUC,0.7744,0.2230878,4031 AUC
4031,AUC,0.8656,0.2296091,4031 AUC
4031,AUC,0.9567,0.23606859,4031 AUC
4031,AUC,1.0478,0.24247393,4031 AUC
4031,AUC,1.1389,0.24882556,4031 AUC
4031,AUC,1.23,0.25512394,4031 AUC
4031,MOV,0.0,0.03389223,4031 MOV
4031,MOV,0.0006,0.03392001,4031 MOV
4031,MOV,0.0011,0.03394317,4031 MOV
4031,MOV,0.0017,0.03397095,4031 MOV
4031,MOV,0.0022,0.03399411,4031 MOV
4031,MOV,0.0028,0.03402189,4031 MOV
4031,MOV,0.0033,0.03404505,4031 MOV
4031,MOV,0.0039,0.03407283,4031 MOV
4031,MOV,0.0044,0.03409598,4031 MOV
4031,MOV,0.005,0.03412376,4031 MOV
4031,MOV,0.0061,0.03417469,4031 MOV
4031,MOV,0.0072,0.03422562,4031 MOV
4031,MOV,0.0083,0.03427654,4031 MOV
4031,MOV,0.0094,0.03432746,4031 MOV
4031,MOV,0.0106,0.03438301,4031 MOV
4031,MOV,0.0117,0.03443393,4031 MOV
4031,MOV,0.0128,0.03448484,4031 MOV
4031,MOV,0.0139,0.03453575,4031 MOV
4031,MOV,0.015,0.03458666,4031 MOV
4031,MOV,0.0184,0.03474399,4031 MOV
4031,MOV,0.0219,0.03490593,4031 MOV
4031,MOV,0.0253,0.03506321,4031 MOV
4031,MOV,0.0288,0.03522509,4031 MOV
4031,MOV,0.0322,0.03538232,4031 MOV
4031,MOV,0.0357,0.03554415,4031 MOV
4031,MOV,0.0391,0.03570133,4031 MOV
4031,MOV,0.0426,0.03586311,4031 MOV
4031,MOV,0.046,0.03602023,4031 MOV
4031,MOV,0.0564,0.0365007,4031 MOV
4031,MOV,0.0669,0.03698554,4031 MOV
4031,MOV,0.0773,0.03746552,4031 MOV
4031,MOV,0.0878,0.03794988,4031 MOV
4031,MOV,0.0982,0.03842938,4031 MOV
4031,MOV,0.1087,0.03891325,4031 MOV
4031,MOV,0.1191,0.03939227,4031 MOV
4031,MOV,0.1296,0.03987566,4031 MOV
4031,MOV,0.14,0.0403542,4031 MOV
4031,MOV,0.17,0.04173328,4031 MOV
4031,MOV,0.2,0.04311037,4031 MOV
4031,MOV,0.23,0.04448548,4031 MOV
4031,MOV,0.26,0.04585862,4031 MOV
4031,MOV,0.29,0.04722979,4031 MOV
4031,MOV,0.32,0.04859898,4031 MOV
4031,MOV,0.35,0.04996621,4031 MOV
4031,MOV,0.38,0.05133147,4031 MOV
4031,MOV,0.41,0.05269477,4031 MOV
4031,MOV,0.5011,0.05682267,4031 MOV
4031,MOV,0.5922,0.06093257,4031 MOV
4031,MOV,0.6833,0.06502457,4031 MOV
4031,MOV,0.7744,0.06909873,4031 MOV
4031,MOV,0.8656,0.07315959,4031 MOV
4031,MOV,0.9567,0.07719831,4031 MOV
4031,MOV,1.0478,0.08121942,4031 MOV
4031,MOV,1.1389,0.08522302,4031 MOV
4031,MOV,1.23,0.08920917,4031 MOV
4032,AUC,,,4032 AUC
4032,MOV,0.0,0.03340421,4032 MOV
4032,MOV,0.0006,0.03366516,4032 MOV
4032,MOV,0.0011,0.03388257,4032 MOV
4032,MOV,0.0017,0.0341434,4032 MOV
4032,MOV,0.0022,0.0343607,4032 MOV
4032,MOV,0.0028,0.0346214,4032 MOV
4032,MOV,0.0033,0.03483859,4032 MOV
4032,MOV,0.0039,0.03509916,4032 MOV
4032,MOV,0.0044,0.03531625,4032 MOV
4032,MOV,0.005,0.03557669,4032 MOV
4032,MOV,0.0061,0.03605398,4032 MOV
4032,MOV,0.0072,0.03653104,4032 MOV
4032,MOV,0.0083,0.03700786,4032 MOV
4032,MOV,0.0094,0.03748444,4032 MOV
4032,MOV,0.0106,0.03800408,4032 MOV
4032,MOV,0.0117,0.03848017,4032 MOV
4032,MOV,0.0128,0.03895602,4032 MOV
4032,MOV,0.0139,0.03943164,4032 MOV
4032,MOV,0.015,0.03990702,4032 MOV
4032,MOV,0.0184,0.0413749,4032 MOV
4032,MOV,0.0219,0.04288361,4032 MOV
4032,MOV,0.0253,0.04434694,4032 MOV
4032,MOV,0.0288,0.04585097,4032 MOV
4032,MOV,0.0322,0.04730977,4032 MOV
4032,MOV,0.0357,0.04880913,4032 MOV
4032,MOV,0.0391,0.0502634,4032 MOV
4032,MOV,0.0426,0.05175812,4032 MOV
4032,MOV,0.046,0.05320788,4032 MOV
4032,MOV,0.0564,0.0576287,4032 MOV
4032,MOV,0.0669,0.06207109,4032 MOV
4032,MOV,0.0773,0.06645052,4032 MOV
4032,MOV,0.0878,0.07085132,4032 MOV
4032,MOV,0.0982,0.07518975,4032 MOV
4032,MOV,0.1087,0.07954935,4032 MOV
4032,MOV,0.1191,0.08384718,4032 MOV
4032,MOV,0.1296,0.08816597,4032 MOV
4032,MOV,0.14,0.09242356,4032 MOV
4032,MOV,0.17,0.10459401,4032 MOV
4032,MOV,0.2,0.11660125,4032 MOV
4032,MOV,0.23,0.12844749,4032 MOV
4032,MOV,0.26,0.14013486,4032 MOV
4032,MOV,0.29,0.15166551,4032 MOV
4032,MOV,0.32,0.16304154,4032 MOV
4032,MOV,0.35,0.17426501,4032 MOV
4032,MOV,0.38,0.18533798,4032 MOV
4032,MOV,0.41,0.19626247,4032 MOV
4032,MOV,0.5011,0.22854676,4032 MOV
4032,MOV,0.5922,0.25953426,4032 MOV
4032,MOV,0.6833,0.28927707,4032 MOV
4032,MOV,0.7744,0.31782517,4032 MOV
4032,MOV,0.8656,0.34525603,4032 MOV
4032,MOV,0.9567,0.37155559,4032 MOV
4032,MOV,1.0478,0.39679876,4032 MOV
4032,MOV,1.1389,0.42102797,4032 MOV
4032,MOV,1.23,0.44428394,4032 MOV
4033,AUC,0.0,0.0869566,4033 AUC
4033,AUC,0.0006,0.42621596,4033 AUC
4033,AUC,0.0011,0.42621758,4033 AUC
4033,AUC,0.0017,0.42621874,4033 AUC
4033,AUC,0.0022,0.42621942,4033 AUC
4033,AUC,0.0028,0.42622007,4033 AUC
4033,AUC,0.0033,0.42622051,4033 AUC
4033,AUC,0.0039,0.42622095,4033 AUC
4033,AUC,0.0044,0.42622127,4033 AUC
4033,AUC,0.005,0.42622161,4033 AUC
4033,AUC,0.0061,0.42622214,4033 AUC
4033,AUC,0.0072,0.42622259,4033 AUC
4033,AUC,0.0083,0.42622296,4033 AUC
4033,AUC,0.0094,0.4262233,4033 AUC
4033,AUC,0.0106,0.42622362,4033 AUC
4033,AUC,0.0117,0.42622388,4033 AUC
4033,AUC,0.0128,0.42622412,4033 AUC
4033,AUC,0.0139,0.42622434,4033 AUC
4033,AUC,0.015,0.42622454,4033 AUC
4033,AUC,0.0184,0.42622509,4033 AUC
4033,AUC,0.0219,0.42622555,4033 AUC
4033,AUC,0.0253,0.42622593,4033 AUC
4033,AUC,0.0288,0.42622628,4033 AUC
4033,AUC,0.0322,0.42622658,4033 AUC
4033,AUC,0.0357,0.42622685,4033 AUC
4033,AUC,0.0391,0.4262271,4033 AUC
4033,AUC,0.0426,0.42622732,4033 AUC
4033,AUC,0.046,0.42622753,4033 AUC
4033,AUC,0.0564,0.42622807,4033 AUC
4033,AUC,0.0669,0.42622853,4033 AUC
4033,AUC,0.0773,0.42622891,4033 AUC
4033,AUC,0.0878,0.42622925,4033 AUC
4033,AUC,0.0982,0.42622955,4033 AUC
4033,AUC,0.1087,0.42622982,4033 AUC
4033,AUC,0.1191,0.42623006,4033 AUC
4033,AUC,0.1296,0.42623029,4033 AUC
4033,AUC,0.14,0.42623049,4033 AUC
4033,AUC,0.17,0.42623101,4033 AUC
4033,AUC,0.2,0.42623145,4033 AUC
4033,AUC,0.23,0.42623182,4033 AUC
4033,AUC,0.26,0.42623215,4033 AUC
4033,AUC,0.29,0.42623244,4033 AUC
4033,AUC,0.32,0.4262327,4033 AUC
4033,AUC,0.35,0.42623294,4033 AUC
4033,AUC,0.38,0.42623316,4033 AUC
4033,AUC,0.41,0.42623336,4033 AUC
4033,AUC,0.5011,0.42623389,4033 AUC
4033,AUC,0.5922,0.42623434,4033 AUC
4033,AUC,0.6833,0.42623472,4033 AUC
4033,AUC,0.7744,0.42623505,4033 AUC
4033,AUC,0.8656,0.42623535,4033 AUC
4033,AUC,0.9567,0.42623562,4033 AUC
4033,AUC,1.0478,0.42623586,4033 AUC
4033,AUC,1.1389,0.42623608,4033 AUC
4033,AUC,1.23,0.42623629,4033 AUC
4033,MOV,0.0,0.06243174,4033 MOV
4033,MOV,0.0006,0.06245549,4033 MOV
4033,MOV,0.0011,0.06247528,4033 MOV
4033,MOV,0.0017,0.06249903,4033 MOV
4033,MOV,0.0022,0.06251882,4033 MOV
4033,MOV,0.0028,0.06254257,4033 MOV
4033,MOV,0.0033,0.06256236,4033 MOV
4033,MOV,0.0039,0.0625861,4033 MOV
4033,MOV,0.0044,0.06260589,4033 MOV
4033,MOV,0.005,0.06262964,4033 MOV
4033,MOV,0.0061,0.06267317,4033 MOV
4033,MOV,0.0072,0.0627167,4033 MOV
4033,MOV,0.0083,0.06276022,4033 MOV
4033,MOV,0.0094,0.06280375,4033 MOV
4033,MOV,0.0106,0.06285123,4033 MOV
4033,MOV,0.0117,0.06289475,4033 MOV
4033,MOV,0.0128,0.06293827,4033 MOV
4033,MOV,0.0139,0.06298178,4033 MOV
4033,MOV,0.015,0.0630253,4033 MOV
4033,MOV,0.0184,0.06315979,4033 MOV
4033,MOV,0.0219,0.06329821,4033 MOV
4033,MOV,0.0253,0.06343266,4033 MOV
4033,MOV,0.0288,0.06357104,4033 MOV
4033,MOV,0.0322,0.06370545,4033 MOV
4033,MOV,0.0357,0.06384379,4033 MOV
4033,MOV,0.0391,0.06397816,4033 MOV
4033,MOV,0.0426,0.06411646,4033 MOV
4033,MOV,0.046,0.06425079,4033 MOV
4033,MOV,0.0564,0.06466157,4033 MOV
4033,MOV,0.0669,0.06507611,4033 MOV
4033,MOV,0.0773,0.06548652,4033 MOV
4033,MOV,0.0878,0.06590069,4033 MOV
4033,MOV,0.0982,0.06631074,4033 MOV
4033,MOV,0.1087,0.06672455,4033 MOV
4033,MOV,0.1191,0.06713424,4033 MOV
4033,MOV,0.1296,0.06754769,4033 MOV
4033,MOV,0.14,0.06795702,4033 MOV
4033,MOV,0.17,0.06913676,4033 MOV
4033,MOV,0.2,0.07031501,4033 MOV
4033,MOV,0.23,0.07149177,4033 MOV
4033,MOV,0.26,0.07266704,4033 MOV
4033,MOV,0.29,0.07384082,4033 MOV
4033,MOV,0.32,0.07501312,4033 MOV
4033,MOV,0.35,0.07618393,4033 MOV
4033,MOV,0.38,0.07735327,4033 MOV
4033,MOV,0.41,0.07852112,4033 MOV
4033,MOV,0.5011,0.08205844,4033 MOV
4033,MOV,0.5922,0.08558218,4033 MOV
4033,MOV,0.6833,0.0890924,4033 MOV
4033,MOV,0.7744,0.09258914,4033 MOV
4033,MOV,0.8656,0.09607628,4033 MOV
4033,MOV,0.9567,0.09954621,4033 MOV
4033,MOV,1.0478,0.10300282,4033 MOV
4033,MOV,1.1389,0.10644616,4033 MOV
4033,MOV,1.23,0.10987629,4033 MOV
4034,AUC,,,4034 AUC
4034,MOV,,,4034 MOV
4035,AUC,0.0,0.08971561,4035 AUC
4035,AUC,0.0006,0.09243595,4035 AUC
4035,AUC,0.0011,0.09349695,4035 AUC
4035,AUC,0.0017,0.0945059,4035 AUC
4035,AUC,0.0022,0.09522619,4035 AUC
4035,AUC,0.0028,0.09599764,4035 AUC
4035,AUC,0.0033,0.09658419,4035 AUC
4035,AUC,0.0039,0.09723673,4035 AUC
4035,AUC,0.0044,0.09774613,4035 AUC
4035,AUC,0.005,0.09832366,4035 AUC
4035,AUC,0.0061,0.09930566,4035 AUC
4035,AUC,0.0072,0.1002095,4035 AUC
4035,AUC,0.0083,0.10105211,4035 AUC
4035,AUC,0.0094,0.10184504,4035 AUC
4035,AUC,0.0106,0.10266307,4035 AUC
4035,AUC,0.0117,0.10337644,4035 AUC
4035,AUC,0.0128,0.10405975,4035 AUC
4035,AUC,0.0139,0.10471671,4035 AUC
4035,AUC,0.015,0.1053503,4035 AUC
4035,AUC,0.0184,0.10718512,4035 AUC
4035,AUC,0.0219,0.10891794,4035 AUC
4035,AUC,0.0253,0.11048347,4035 AUC
4035,AUC,0.0288,0.11199736,4035 AUC
4035,AUC,0.0322,0.11338924,4035 AUC
4035,AUC,0.0357,0.11475342,4035 AUC
4035,AUC,0.0391,0.1160211,4035 AUC
4035,AUC,0.0426,0.11727437,4035 AUC
4035,AUC,0.046,0.11844741,4035 AUC
4035,AUC,0.0564,0.12180862,4035 AUC
4035,AUC,0.0669,0.12492412,4035 AUC
4035,AUC,0.0773,0.12779543,4035 AUC
4035,AUC,0.0878,0.13051938,4035 AUC
4035,AUC,0.0982,0.13307338,4035 AUC
4035,AUC,0.1087,0.13552861,4035 AUC
4035,AUC,0.1191,0.13785504,4035 AUC
4035,AUC,0.1296,0.14011075,4035 AUC
4035,AUC,0.14,0.1422634,4035 AUC
4035,AUC,0.17,0.14809093,4035 AUC
4035,AUC,0.2,0.15345957,4035 AUC
4035,AUC,0.23,0.15846661,4035 AUC
4035,AUC,0.26,0.16317884,4035 AUC
4035,AUC,0.29,0.16764449,4035 AUC
4035,AUC,0.32,0.17189977,4035 AUC
4035,AUC,0.35,0.1759727,4035 AUC
4035,AUC,0.38,0.1798855,4035 AUC
4035,AUC,0.41,0.18365613,4035 AUC
4035,AUC,0.5011,0.19437508,4035 AUC
4035,AUC,0.5922,0.20420724,4035 AUC
4035,AUC,0.6833,0.21334398,4035 AUC
4035,AUC,0.7744,0.22191543,4035 AUC
4035,AUC,0.8656,0.2300236,4035 AUC
4035,AUC,0.9567,0.23772047,4035 AUC
4035,AUC,1.0478,0.24506893,4035 AUC
4035,AUC,1.1389,0.25211145,4035 AUC
4035,AUC,1.23,0.25888234,4035 AUC
4035,AUC,1.5044,0.2778972,4035 AUC
4035,AUC,1.7789,0.2952436,4035 AUC
4035,AUC,2.0533,0.31126468,4035 AUC
4035,AUC,2.3278,0.32621445,4035 AUC
4035,AUC,2.6022,0.34025609,4035 AUC
4035,AUC,2.8767,0.35353013,4035 AUC
4035,AUC,3.1511,0.36612752,4035 AUC
4035,AUC,3.4256,0.37813719,4035 AUC
4035,AUC,3.7,0.38961489,4035 AUC
4035,AUC,4.5222,0.421336,4035 AUC
4035,AUC,5.3444,0.44979532,4035 AUC
4035,AUC,6.1667,0.47566562,4035 AUC
4035,AUC,6.9889,0.49940098,4035 AUC
4035,AUC,7.8111,0.52133856,4035 AUC
4035,AUC,8.6333,0.54173045,4035 AUC
4035,AUC,9.4556,0.56077537,4035 AUC
4035,AUC,10.2778,0.57862571,4035 AUC
4035,AUC,11.1,0.59541199,4035 AUC
4035,AUC,13.5667,0.64037171,4035 AUC
4035,AUC,16.0333,0.67874675,4035 AUC
4035,AUC,18.5,0.7119337,4035 AUC
4035,AUC,20.9667,0.74090681,4035 AUC
4035,AUC,23.4333,0.76638409,4035 AUC
4035,AUC,25.9,0.78891739,4035 AUC
4035,AUC,28.3667,0.80893816,4035 AUC
4035,AUC,30.8333,0.8267937,4035 AUC
4035,AUC,33.3,0.84277043,4035 AUC
4035,MOV,,,4035 MOV
4036,AUC,,,4036 AUC
4036,MOV,,,4036 MOV
4037,AUC,,,4037 AUC
4037,MOV,,,4037 MOV
4038,AUC,,,4038 AUC
4038,MOV,,,4038 MOV
4039,AUC,,,4039 AUC
4039,MOV,,,4039 MOV
4040,AUC,,,4040 AUC
4040,MOV,,,4040 MOV
4041,AUC,,,4041 AUC
4041,MOV,,,4041 MOV
4042,AUC,,,4042 AUC
4042,MOV,,,4042 MOV
4043,AUC,,,4043 AUC
4043,MOV,,,4043 MOV
4044,AUC,,,4044 AUC
4044,MOV,,,4044 MOV
4046,AUC,,,4046 AUC
4046,MOV,,,4046 MOV
4048,AUC,0.0,0.08013291,4048 AUC
4048,AUC,0.0006,0.10729672,4048 AUC
4048,AUC,0.0011,0.11185203,4048 AUC
4048,AUC,0.0017,0.11549207,4048 AUC
4048,AUC,0.0022,0.11780231,4048 AUC
4048,AUC,0.0028,0.12007154,4048 AUC
4048,AUC,0.0033,0.12167926,4048 AUC
4048,AUC,0.0039,0.12336643,4048 AUC
4048,AUC,0.0044,0.12461825,4048 AUC
4048,AUC,0.005,0.12597606,4048 AUC
4048,AUC,0.0061,0.12815317,4048 AUC
4048,AUC,0.0072,0.13002995,4048 AUC
4048,AUC,0.0083,0.13168486,4048 AUC
4048,AUC,0.0094,0.13316851,4048 AUC
4048,AUC,0.0106,0.13463223,4048 AUC
4048,AUC,0.0117,0.13585851,4048 AUC
4048,AUC,0.0128,0.13699306,4048 AUC
4048,AUC,0.0139,0.1380497,4048 AUC
4048,AUC,0.015,0.13903928,4048 AUC
4048,AUC,0.0184,0.14175833,4048 AUC
4048,AUC,0.0219,0.14415124,4048 AUC
4048,AUC,0.0253,0.14618777,4048 AUC
4048,AUC,0.0288,0.14805797,4048 AUC
4048,AUC,0.0322,0.14970068,4048 AUC
4048,AUC,0.0357,0.15124626,4048 AUC
4048,AUC,0.0391,0.15263032,4048 AUC
4048,AUC,0.0426,0.15395315,4048 AUC
4048,AUC,0.046,0.1551533,4048 AUC
4048,AUC,0.0564,0.15840999,4048 AUC
4048,AUC,0.0669,0.16121806,4048 AUC
4048,AUC,0.0773,0.16365248,4048 AUC
4048,AUC,0.0878,0.16584274,4048 AUC
4048,AUC,0.0982,0.16780243,4048 AUC
4048,AUC,0.1087,0.16960902,4048 AUC
4048,AUC,0.1191,0.17125708,4048 AUC
4048,AUC,0.1296,0.17280057,4048 AUC
4048,AUC,0.14,0.17422723,4048 AUC
4048,AUC,0.17,0.17788592,4048 AUC
4048,AUC,0.2,0.18102623,4048 AUC
4048,AUC,0.23,0.18378399,4048 AUC
4048,AUC,0.26,0.18624695,4048 AUC
4048,AUC,0.29,0.18847531,4048 AUC
4048,AUC,0.32,0.19051222,4048 AUC
4048,AUC,0.35,0.19238971,4048 AUC
4048,AUC,0.38,0.19413228,4048 AUC
4048,AUC,0.41,0.19575905,4048 AUC
4048,AUC,0.5011,0.20013206,4048 AUC
4048,AUC,0.5922,0.20385849,4048 AUC
4048,AUC,0.6833,0.207113,4048 AUC
4048,AUC,0.7744,0.2100069,4048 AUC
4048,AUC,0.8656,0.21261843,4048 AUC
4048,AUC,0.9567,0.21499559,4048 AUC
4048,AUC,1.0478,0.21718098,4048 AUC
4048,AUC,1.1389,0.21920467,4048 AUC
4048,AUC,1.23,0.22109005,4048 AUC
4048,AUC,1.5044,0.22610363,4048 AUC
4048,AUC,1.7789,0.23036406,4048 AUC
4048,AUC,2.0533,0.23407399,4048 AUC
4048,AUC,2.3278,0.23736684,4048 AUC
4048,AUC,2.6022,0.24032859,4048 AUC
4048,AUC,2.8767,0.2430241,4048 AUC
4048,AUC,3.1511,0.24549752,4048 AUC
4048,AUC,3.4256,0.24778565,4048 AUC
4048,AUC,3.7,0.24991397,4048 AUC
4048,AUC,4.5222,0.25553464,4048 AUC
4048,AUC,5.3444,0.26029958,4048 AUC
4048,AUC,6.1667,0.26444344,4048 AUC
4048,AUC,6.9889,0.26811381,4048 AUC
4048,AUC,7.8111,0.27141163,4048 AUC
4048,AUC,8.6333,0.27440802,4048 AUC
4048,AUC,9.4556,0.27715559,4048 AUC
4048,AUC,10.2778,0.27969331,4048 AUC
4048,AUC,11.1,0.28205226,4048 AUC
4048,MOV,0.0,1e-05,4048 MOV
4048,MOV,0.0006,2.396e-05,4048 MOV
4048,MOV,0.0011,3.56e-05,4048 MOV
4048,MOV,0.0017,4.956e-05,4048 MOV
4048,MOV,0.0022,6.12e-05,4048 MOV
4048,MOV,0.0028,7.516e-05,4048 MOV
4048,MOV,0.0033,8.679e-05,4048 MOV
4048,MOV,0.0039,0.00010076,4048 MOV
4048,MOV,0.0044,0.00011239,4048 MOV
4048,MOV,0.005,0.00012635,4048 MOV
4048,MOV,0.0061,0.00015195,4048 MOV
4048,MOV,0.0072,0.00017754,4048 MOV
4048,MOV,0.0083,0.00020314,4048 MOV
4048,MOV,0.0094,0.00022873,4048 MOV
4048,MOV,0.0106,0.00025665,4048 MOV
4048,MOV,0.0117,0.00028224,4048 MOV
4048,MOV,0.0128,0.00030784,4048 MOV
4048,MOV,0.0139,0.00033343,4048 MOV
4048,MOV,0.015,0.00035902,4048 MOV
4048,MOV,0.0184,0.00043811,4048 MOV
4048,MOV,0.0219,0.00051953,4048 MOV
4048,MOV,0.0253,0.00059861,4048 MOV
4048,MOV,0.0288,0.00068001,4048 MOV
4048,MOV,0.0322,0.00075908,4048 MOV
4048,MOV,0.0357,0.00084046,4048 MOV
4048,MOV,0.0391,0.00091952,4048 MOV
4048,MOV,0.0426,0.00100089,4048 MOV
4048,MOV,0.046,0.00107994,4048 MOV
4048,MOV,0.0564,0.00132168,4048 MOV
4048,MOV,0.0669,0.00156568,4048 MOV
4048,MOV,0.0773,0.0018073,4048 MOV
4048,MOV,0.0878,0.00205119,4048 MOV
4048,MOV,0.0982,0.00229269,4048 MOV
4048,MOV,0.1087,0.00253646,4048 MOV
4048,MOV,0.1191,0.00277785,4048 MOV
4048,MOV,0.1296,0.0030215,4048 MOV
4048,MOV,0.14,0.00326277,4048 MOV
4048,MOV,0.17,0.00395841,4048 MOV
4048,MOV,0.2,0.00465357,4048 MOV
4048,MOV,0.23,0.00534824,4048 MOV
4048,MOV,0.26,0.00604243,4048 MOV
4048,MOV,0.29,0.00673613,4048 MOV
4048,MOV,0.32,0.00742935,4048 MOV
4048,MOV,0.35,0.00812209,4048 MOV
4048,MOV,0.38,0.00881434,4048 MOV
4048,MOV,0.41,0.00950611,4048 MOV
4048,MOV,0.5011,0.01160382,4048 MOV
4048,MOV,0.5922,0.0136971,4048 MOV
4048,MOV,0.6833,0.01578594,4048 MOV
4048,MOV,0.7744,0.01787035,4048 MOV
4048,MOV,0.8656,0.01995263,4048 MOV
4048,MOV,0.9567,0.02202822,4048 MOV
4048,MOV,1.0478,0.02409942,4048 MOV
4048,MOV,1.1389,0.02616623,4048 MOV
4048,MOV,1.23,0.02822866,4048 MOV
4048,MOV,1.5044,0.0344145,4048 MOV
4048,MOV,1.7789,0.0405632,4048 MOV
4048,MOV,2.0533,0.04667052,4048 MOV
4048,MOV,2.3278,0.05274117,4048 MOV
4048,MOV,2.6022,0.05877098,4048 MOV
4048,MOV,2.8767,0.06476458,4048 MOV
4048,MOV,3.1511,0.07071785,4048 MOV
4048,MOV,3.4256,0.07663538,4048 MOV
4048,MOV,3.7,0.08251308,4048 MOV
4048,MOV,4.5222,0.09990172,4048 MOV
4048,MOV,5.3444,0.1169608,4048 MOV
4048,MOV,6.1667,0.13369858,4048 MOV
4048,MOV,6.9889,0.15011713,4048 MOV
4048,MOV,7.8111,0.1662245,4048 MOV
4048,MOV,8.6333,0.1820266,4048 MOV
4048,MOV,9.4556,0.19753108,4048 MOV
4048,MOV,10.2778,0.21273984,4048 MOV
4048,MOV,11.1,0.22766036,4048 MOV
4049,AUC,,,4049 AUC
4049,MOV,,,4049 MOV
4050,AUC,,,4050 AUC
4050,MOV,,,4050 MOV
4051,AUC,,,4051 AUC
4051,MOV,,,4051 MOV
4052,AUC,0.0,0.18408558,4052 AUC
4052,AUC,0.0006,0.18408558,4052 AUC
4052,AUC,0.0011,0.18408558,4052 AUC
4052,AUC,0.0017,0.18408558,4052 AUC
4052,AUC,0.0022,0.18408558,4052 AUC
4052,AUC,0.0028,0.18408558,4052 AUC
4052,AUC,0.0033,0.18408558,4052 AUC
4052,AUC,0.0039,0.18408558,4052 AUC
4052,AUC,0.0044,0.18408558,4052 AUC
4052,AUC,0.005,0.18408558,4052 AUC
4052,AUC,0.0061,0.18408558,4052 AUC
4052,AUC,0.0072,0.18408558,4052 AUC
4052,AUC,0.0083,0.18408559,4052 AUC
4052,AUC,0.0094,0.18408559,4052 AUC
4052,AUC,0.0106,0.1840856,4052 AUC
4052,AUC,0.0117,0.18408561,4052 AUC
4052,AUC,0.0128,0.18408562,4052 AUC
4052,AUC,0.0139,0.18408563,4052 AUC
4052,AUC,0.015,0.18408564,4052 AUC
4052,AUC,0.0184,0.1840857,4052 AUC
4052,AUC,0.0219,0.18408577,4052 AUC
4052,AUC,0.0253,0.18408587,4052 AUC
4052,AUC,0.0288,0.184086,4052 AUC
4052,AUC,0.0322,0.18408615,4052 AUC
4052,AUC,0.0357,0.18408635,4052 AUC
4052,AUC,0.0391,0.18408657,4052 AUC
4052,AUC,0.0426,0.18408684,4052 AUC
4052,AUC,0.046,0.18408714,4052 AUC
4052,AUC,0.0564,0.18408833,4052 AUC
4052,AUC,0.0669,0.18409,4052 AUC
4052,AUC,0.0773,0.18409217,4052 AUC
4052,AUC,0.0878,0.18409497,4052 AUC
4052,AUC,0.0982,0.18409838,4052 AUC
4052,AUC,0.1087,0.18410253,4052 AUC
4052,AUC,0.1191,0.1841074,4052 AUC
4052,AUC,0.1296,0.18411314,4052 AUC
4052,AUC,0.14,0.18411968,4052 AUC
4052,AUC,0.17,0.18414378,4052 AUC
4052,AUC,0.2,0.18417651,4052 AUC
4052,AUC,0.23,0.18421891,4052 AUC
4052,AUC,0.26,0.18427193,4052 AUC
4052,AUC,0.29,0.18433648,4052 AUC
4052,AUC,0.32,0.18441339,4052 AUC
4052,AUC,0.35,0.18450345,4052 AUC
4052,AUC,0.38,0.18460741,4052 AUC
4052,AUC,0.41,0.18472595,4052 AUC
4052,AUC,0.5011,0.18518185,4052 AUC
4052,AUC,0.5922,0.18579431,4052 AUC
4052,AUC,0.6833,0.1865768,4052 AUC
4052,AUC,0.7744,0.18754038,4052 AUC
4052,AUC,0.8656,0.1886954,4052 AUC
4052,AUC,0.9567,0.1900465,4052 AUC
4052,AUC,1.0478,0.19160037,4052 AUC
4052,AUC,1.1389,0.19336109,4052 AUC
4052,AUC,1.23,0.19533148,4052 AUC
4052,AUC,1.5044,0.20254514,4052 AUC
4052,AUC,1.7789,0.21166903,4052 AUC
4052,AUC,2.0533,0.22263128,4052 AUC
4052,AUC,2.3278,0.23533223,4052 AUC
4052,AUC,2.6022,0.24962646,4052 AUC
4052,AUC,2.8767,0.26537,4052 AUC
4052,AUC,3.1511,0.28238699,4052 AUC
4052,AUC,3.4256,0.3005213,4052 AUC
4052,AUC,3.7,0.31959192,4052 AUC
4052,AUC,4.5222,0.38078087,4052 AUC
4052,AUC,5.3444,0.44503479,4052 AUC
4052,AUC,6.1667,0.50918703,4052 AUC
4052,AUC,6.9889,0.57089376,4052 AUC
4052,AUC,7.8111,0.62859964,4052 AUC
4052,AUC,8.6333,0.68137312,4052 AUC
4052,AUC,9.4556,0.72877772,4052 AUC
4052,AUC,10.2778,0.77071933,4052 AUC
4052,AUC,11.1,0.80737067,4052 AUC
4052,MOV,0.0,0.11468535,4052 MOV
4052,MOV,0.0006,0.11469681,4052 MOV
4052,MOV,0.0011,0.11470635,4052 MOV
4052,MOV,0.0017,0.11471781,4052 MOV
4052,MOV,0.0022,0.11472735,4052 MOV
4052,MOV,0.0028,0.11473881,4052 MOV
4052,MOV,0.0033,0.11474835,4052 MOV
4052,MOV,0.0039,0.11475981,4052 MOV
4052,MOV,0.0044,0.11476935,4052 MOV
4052,MOV,0.005,0.11478081,4052 MOV
4052,MOV,0.0061,0.11480181,4052 MOV
4052,MOV,0.0072,0.1148228,4052 MOV
4052,MOV,0.0083,0.1148438,4052 MOV
4052,MOV,0.0094,0.1148648,4052 MOV
4052,MOV,0.0106,0.1148877,4052 MOV
4052,MOV,0.0117,0.1149087,4052 MOV
4052,MOV,0.0128,0.1149297,4052 MOV
4052,MOV,0.0139,0.11495069,4052 MOV
4052,MOV,0.015,0.11497169,4052 MOV
4052,MOV,0.0184,0.11503658,4052 MOV
4052,MOV,0.0219,0.11510337,4052 MOV
4052,MOV,0.0253,0.11516825,4052 MOV
4052,MOV,0.0288,0.11523504,4052 MOV
4052,MOV,0.0322,0.11529991,4052 MOV
4052,MOV,0.0357,0.11536668,4052 MOV
4052,MOV,0.0391,0.11543154,4052 MOV
4052,MOV,0.0426,0.11549831,4052 MOV
4052,MOV,0.046,0.11556316,4052 MOV
4052,MOV,0.0564,0.1157615,4052 MOV
4052,MOV,0.0669,0.1159617,4052 MOV
4052,MOV,0.0773,0.11615995,4052 MOV
4052,MOV,0.0878,0.11636006,4052 MOV
4052,MOV,0.0982,0.11655822,4052 MOV
4052,MOV,0.1087,0.11675825,4052 MOV
4052,MOV,0.1191,0.11695632,4052 MOV
4052,MOV,0.1296,0.11715625,4052 MOV
4052,MOV,0.14,0.11735423,4052 MOV
4052,MOV,0.17,0.11792509,4052 MOV
4052,MOV,0.2,0.11849557,4052 MOV
4052,MOV,0.23,0.11906569,4052 MOV
4052,MOV,0.26,0.11963544,4052 MOV
4052,MOV,0.29,0.12020482,4052 MOV
4052,MOV,0.32,0.12077383,4052 MOV
4052,MOV,0.35,0.12134248,4052 MOV
4052,MOV,0.38,0.12191075,4052 MOV
4052,MOV,0.41,0.12247866,4052 MOV
4052,MOV,0.5011,0.12420096,4052 MOV
4052,MOV,0.5922,0.12591988,4052 MOV
4052,MOV,0.6833,0.12763543,4052 MOV
4052,MOV,0.7744,0.12934761,4052 MOV
4052,MOV,0.8656,0.1310583,4052 MOV
4052,MOV,0.9567,0.13276376,4052 MOV
4052,MOV,1.0478,0.13446587,4052 MOV
4052,MOV,1.1389,0.13616464,4052 MOV
4052,MOV,1.23,0.13786008,4052 MOV
4052,MOV,1.5044,0.14294679,4052 MOV
4052,MOV,1.7789,0.14800532,4052 MOV
4052,MOV,2.0533,0.15303217,4052 MOV
4052,MOV,2.3278,0.15803117,4052 MOV
4052,MOV,2.6022,0.16299887,4052 MOV
4052,MOV,2.8767,0.16793905,4052 MOV
4052,MOV,3.1511,0.17284828,4052 MOV
4052,MOV,3.4256,0.17773033,4052 MOV
4052,MOV,3.7,0.1825818,4052 MOV
4052,MOV,4.5222,0.19694781,4052 MOV
4052,MOV,5.3444,0.21106135,4052 MOV
4052,MOV,6.1667,0.22492851,4052 MOV
4052,MOV,6.9889,0.23855029,4052 MOV
4052,MOV,7.8111,0.25193267,4052 MOV
4052,MOV,8.6333,0.26507985,4052 MOV
4052,MOV,9.4556,0.27799753,4052 MOV
4052,MOV,10.2778,0.29068663,4052 MOV
4052,MOV,11.1,0.30315272,4052 MOV
4053,AUC,,,4053 AUC
4053,MOV,,,4053 MOV
4054,AUC,,,4054 AUC
4054,MOV,,,4054 MOV
4055,AUC,,,4055 AUC
4055,MOV,,,4055 MOV
4057,AUC,,,4057 AUC
4057,MOV,,,4057 MOV
4058,AUC,,,4058 AUC
4058,MOV,,,4058 MOV
4059,AUC,,,4059 AUC
4059,MOV,,,4059 MOV
4060,AUC,,,4060 AUC
4060,MOV,,,4060 MOV
4061,AUC,,,4061 AUC
4061,MOV,,,4061 MOV
4062,AUC,,,4062 AUC
4062,MOV,,,4062 MOV
4063,AUC,,,4063 AUC
4063,MOV,,,4063 MOV
4064,AUC,,,4064 AUC
4064,MOV,,,4064 MOV
4065,AUC,,,4065 AUC
4065,MOV,,,4065 MOV
4066,AUC,0.0,0.0976399,4066 AUC
4066,AUC,0.0006,0.09775073,4066 AUC
4066,AUC,0.0011,0.09784308,4066 AUC
4066,AUC,0.0017,0.09795388,4066 AUC
4066,AUC,0.0022,0.09804621,4066 AUC
4066,AUC,0.0028,0.09815699,4066 AUC
4066,AUC,0.0033,0.09824929,4066 AUC
4066,AUC,0.0039,0.09836005,4066 AUC
4066,AUC,0.0044,0.09845233,4066 AUC
4066,AUC,0.005,0.09856306,4066 AUC
4066,AUC,0.0061,0.09876603,4066 AUC
4066,AUC,0.0072,0.09896895,4066 AUC
4066,AUC,0.0083,0.09917183,4066 AUC
4066,AUC,0.0094,0.09937466,4066 AUC
4066,AUC,0.0106,0.09959588,4066 AUC
4066,AUC,0.0117,0.09979862,4066 AUC
4066,AUC,0.0128,0.10000131,4066 AUC
4066,AUC,0.0139,0.10020395,4066 AUC
4066,AUC,0.015,0.10040655,4066 AUC
4066,AUC,0.0184,0.10103248,4066 AUC
4066,AUC,0.0219,0.10167636,4066 AUC
4066,AUC,0.0253,0.10230141,4066 AUC
4066,AUC,0.0288,0.10294438,4066 AUC
4066,AUC,0.0322,0.10356854,4066 AUC
4066,AUC,0.0357,0.10421061,4066 AUC
4066,AUC,0.0391,0.10483389,4066 AUC
4066,AUC,0.0426,0.10547505,4066 AUC
4066,AUC,0.046,0.10609745,4066 AUC
4066,AUC,0.0564,0.10799858,4066 AUC
4066,AUC,0.0669,0.10991389,4066 AUC
4066,AUC,0.0773,0.1118069,4066 AUC
4066,AUC,0.0878,0.11371403,4066 AUC
4066,AUC,0.0982,0.11559896,4066 AUC
4066,AUC,0.1087,0.11749795,4066 AUC
4066,AUC,0.1191,0.11937483,4066 AUC
4066,AUC,0.1296,0.12126571,4066 AUC
4066,AUC,0.14,0.12313458,4066 AUC
4066,AUC,0.17,0.12850331,4066 AUC
4066,AUC,0.2,0.13383916,4066 AUC
4066,AUC,0.23,0.13914235,4066 AUC
4066,AUC,0.26,0.14441307,4066 AUC
4066,AUC,0.29,0.14965152,4066 AUC
4066,AUC,0.32,0.15485789,4066 AUC
4066,AUC,0.35,0.16003239,4066 AUC
4066,AUC,0.38,0.16517521,4066 AUC
4066,AUC,0.41,0.17028654,4066 AUC
4066,AUC,0.5011,0.18561693,4066 AUC
4066,AUC,0.5922,0.20066407,4066 AUC
4066,AUC,0.6833,0.21543319,4066 AUC
4066,AUC,0.7744,0.22992942,4066 AUC
4066,AUC,0.8656,0.24417328,4066 AUC
4066,AUC,0.9567,0.25813849,4066 AUC
4066,AUC,1.0478,0.27184566,4066 AUC
4066,AUC,1.1389,0.28529957,4066 AUC
4066,AUC,1.23,0.2985049,4066 AUC
4066,AUC,1.5044,0.33682424,4066 AUC
4066,AUC,1.7789,0.37306322,4066 AUC
4066,AUC,2.0533,0.40730979,4066 AUC
4066,AUC,2.3278,0.43969711,4066 AUC
4066,AUC,2.6022,0.47030379,4066 AUC
4066,AUC,2.8767,0.49924883,4066 AUC
4066,AUC,3.1511,0.52660248,4066 AUC
4066,AUC,3.4256,0.5524711,4066 AUC
4066,AUC,3.7,0.57691748,4066 AUC
4066,MOV,0.0,0.03233891,4066 MOV
4066,MOV,0.0006,0.03237091,4066 MOV
4066,MOV,0.0011,0.03239758,4066 MOV
4066,MOV,0.0017,0.03242959,4066 MOV
4066,MOV,0.0022,0.03245626,4066 MOV
4066,MOV,0.0028,0.03248826,4066 MOV
4066,MOV,0.0033,0.03251492,4066 MOV
4066,MOV,0.0039,0.03254692,4066 MOV
4066,MOV,0.0044,0.03257359,4066 MOV
4066,MOV,0.005,0.03260559,4066 MOV
4066,MOV,0.0061,0.03266425,4066 MOV
4066,MOV,0.0072,0.0327229,4066 MOV
4066,MOV,0.0083,0.03278155,4066 MOV
4066,MOV,0.0094,0.0328402,4066 MOV
4066,MOV,0.0106,0.03290418,4066 MOV
4066,MOV,0.0117,0.03296282,4066 MOV
4066,MOV,0.0128,0.03302146,4066 MOV
4066,MOV,0.0139,0.03308009,4066 MOV
4066,MOV,0.015,0.03313872,4066 MOV
4066,MOV,0.0184,0.03331992,4066 MOV
4066,MOV,0.0219,0.03350641,4066 MOV
4066,MOV,0.0253,0.03368754,4066 MOV
4066,MOV,0.0288,0.03387397,4066 MOV
4066,MOV,0.0322,0.03405503,4066 MOV
4066,MOV,0.0357,0.03424138,4066 MOV
4066,MOV,0.0391,0.03442237,4066 MOV
4066,MOV,0.0426,0.03460865,4066 MOV
4066,MOV,0.046,0.03478957,4066 MOV
4066,MOV,0.0564,0.03534278,4066 MOV
4066,MOV,0.0669,0.03590098,4066 MOV
4066,MOV,0.0773,0.03645354,4066 MOV
4066,MOV,0.0878,0.0370111,4066 MOV
4066,MOV,0.0982,0.03756303,4066 MOV
4066,MOV,0.1087,0.03811995,4066 MOV
4066,MOV,0.1191,0.03867124,4066 MOV
4066,MOV,0.1296,0.03922752,4066 MOV
4066,MOV,0.14,0.03977818,4066 MOV
4066,MOV,0.17,0.04136485,4066 MOV
4066,MOV,0.2,0.0429489,4066 MOV
4066,MOV,0.23,0.04453034,4066 MOV
4066,MOV,0.26,0.04610916,4066 MOV
4066,MOV,0.29,0.04768537,4066 MOV
4066,MOV,0.32,0.04925898,4066 MOV
4066,MOV,0.35,0.05082998,4066 MOV
4066,MOV,0.38,0.05239839,4066 MOV
4066,MOV,0.41,0.05396421,4066 MOV
4066,MOV,0.5011,0.05870325,4066 MOV
4066,MOV,0.5922,0.06341854,4066 MOV
4066,MOV,0.6833,0.06811021,4066 MOV
4066,MOV,0.7744,0.07277838,4066 MOV
4066,MOV,0.8656,0.07742825,4066 MOV
4066,MOV,0.9567,0.08204974,4066 MOV
4066,MOV,1.0478,0.08664808,4066 MOV
4066,MOV,1.1389,0.09122339,4066 MOV
4066,MOV,1.23,0.09577578,4066 MOV
4066,MOV,1.5044,0.10935058,4066 MOV
4066,MOV,1.7789,0.12272642,4066 MOV
4066,MOV,2.0533,0.13589662,4066 MOV
4066,MOV,2.3278,0.14887379,4066 MOV
4066,MOV,2.6022,0.16165145,4066 MOV
4066,MOV,2.8767,0.17424183,4066 MOV
4066,MOV,3.1511,0.18663865,4066 MOV
4066,MOV,3.4256,0.19885377,4066 MOV
4066,MOV,3.7,0.2108811,4066 MOV
4068,AUC,,,4068 AUC
4068,MOV,,,4068 MOV
4069,AUC,0.0,0.14890559,4069 AUC
4069,AUC,0.0006,0.14890741,4069 AUC
4069,AUC,0.0011,0.14890893,4069 AUC
4069,AUC,0.0017,0.14891074,4069 AUC
4069,AUC,0.0022,0.14891226,4069 AUC
4069,AUC,0.0028,0.14891408,4069 AUC
4069,AUC,0.0033,0.14891559,4069 AUC
4069,AUC,0.0039,0.14891741,4069 AUC
4069,AUC,0.0044,0.14891893,4069 AUC
4069,AUC,0.005,0.14892074,4069 AUC
4069,AUC,0.0061,0.14892408,4069 AUC
4069,AUC,0.0072,0.14892741,4069 AUC
4069,AUC,0.0083,0.14893074,4069 AUC
4069,AUC,0.0094,0.14893408,4069 AUC
4069,AUC,0.0106,0.14893771,4069 AUC
4069,AUC,0.0117,0.14894105,4069 AUC
4069,AUC,0.0128,0.14894438,4069 AUC
4069,AUC,0.0139,0.14894771,4069 AUC
4069,AUC,0.015,0.14895104,4069 AUC
4069,AUC,0.0184,0.14896135,4069 AUC
4069,AUC,0.0219,0.14897195,4069 AUC
4069,AUC,0.0253,0.14898225,4069 AUC
4069,AUC,0.0288,0.14899286,4069 AUC
4069,AUC,0.0322,0.14900316,4069 AUC
4069,AUC,0.0357,0.14901377,4069 AUC
4069,AUC,0.0391,0.14902407,4069 AUC
4069,AUC,0.0426,0.14903467,4069 AUC
4069,AUC,0.046,0.14904497,4069 AUC
4069,AUC,0.0564,0.14907648,4069 AUC
4069,AUC,0.0669,0.14910829,4069 AUC
4069,AUC,0.0773,0.1491398,4069 AUC
4069,AUC,0.0878,0.14917161,4069 AUC
4069,AUC,0.0982,0.14920311,4069 AUC
4069,AUC,0.1087,0.14923492,4069 AUC
4069,AUC,0.1191,0.14926642,4069 AUC
4069,AUC,0.1296,0.14929823,4069 AUC
4069,AUC,0.14,0.14932973,4069 AUC
4069,AUC,0.17,0.14942058,4069 AUC
4069,AUC,0.2,0.14951143,4069 AUC
4069,AUC,0.23,0.14960227,4069 AUC
4069,AUC,0.26,0.1496931,4069 AUC
4069,AUC,0.29,0.14978392,4069 AUC
4069,AUC,0.32,0.14987473,4069 AUC
4069,AUC,0.35,0.14996553,4069 AUC
4069,AUC,0.38,0.15005632,4069 AUC
4069,AUC,0.41,0.1501471,4069 AUC
4069,AUC,0.5011,0.15042271,4069 AUC
4069,AUC,0.5922,0.15069823,4069 AUC
4069,AUC,0.6833,0.15097366,4069 AUC
4069,AUC,0.7744,0.15124901,4069 AUC
4069,AUC,0.8656,0.15152456,4069 AUC
4069,AUC,0.9567,0.15179973,4069 AUC
4069,AUC,1.0478,0.1520748,4069 AUC
4069,AUC,1.1389,0.15234979,4069 AUC
4069,AUC,1.23,0.15262468,4069 AUC
4069,AUC,1.5044,0.15345215,4069 AUC
4069,AUC,1.7789,0.15427912,4069 AUC
4069,AUC,2.0533,0.15510497,4069 AUC
4069,AUC,2.3278,0.15593032,4069 AUC
4069,AUC,2.6022,0.15675456,4069 AUC
4069,AUC,2.8767,0.1575783,4069 AUC
4069,AUC,3.1511,0.15840093,4069 AUC
4069,AUC,3.4256,0.15922306,4069 AUC
4069,AUC,3.7,0.16004409,4069 AUC
4069,AUC,4.5222,0.16249938,4069 AUC
4069,AUC,5.3444,0.1649475,4069 AUC
4069,AUC,6.1667,0.16738875,4069 AUC
4069,AUC,6.9889,0.16982257,4069 AUC
4069,AUC,7.8111,0.17224928,4069 AUC
4069,AUC,8.6333,0.17466889,4069 AUC
4069,AUC,9.4556,0.17708173,4069 AUC
4069,AUC,10.2778,0.17948722,4069 AUC
4069,AUC,11.1,0.18188567,4069 AUC
4069,AUC,13.5667,0.18903935,4069 AUC
4069,AUC,16.0333,0.19613019,4069 AUC
4069,AUC,18.5,0.20315931,4069 AUC
4069,AUC,20.9667,0.21012696,4069 AUC
4069,AUC,23.4333,0.21703342,4069 AUC
4069,AUC,25.9,0.22387976,4069 AUC
4069,AUC,28.3667,0.23066623,4069 AUC
4069,AUC,30.8333,0.23739309,4069 AUC
4069,AUC,33.3,0.24406141,4069 AUC
4069,AUC,40.7111,0.26374737,4069 AUC
4069,AUC,48.1222,0.28292067,4069 AUC
4069,AUC,55.5333,0.30159467,4069 AUC
4069,AUC,62.9444,0.31978236,4069 AUC
4069,AUC,70.3556,0.33749665,4069 AUC
4069,AUC,77.7667,0.35474939,4069 AUC
4069,AUC,85.1778,0.37155284,4069 AUC
4069,AUC,92.5889,0.3879187,4069 AUC
4069,AUC,100.0,0.40385837,4069 AUC
4069,MOV,,,4069 MOV
4070,AUC,,,4070 AUC
4070,MOV,,,4070 MOV
4071,AUC,,,4071 AUC
4071,MOV,,,4071 MOV
4072,AUC,,,4072 AUC
4072,MOV,,,4072 MOV
4073,AUC,,,4073 AUC
4073,MOV,,,4073 MOV
4074,AUC,,,4074 AUC
4074,MOV,,,4074 MOV
4075,AUC,,,4075 AUC
4075,MOV,,,4075 MOV
4076,AUC,,,4076 AUC
4076,MOV,,,4076 MOV
4077,AUC,,,4077 AUC
4077,MOV,,,4077 MOV
4078,AUC,,,4078 AUC
4078,MOV,0.0,0.09539582,4078 MOV
4078,MOV,0.0006,0.09539725,4078 MOV
4078,MOV,0.0011,0.09539845,4078 MOV
4078,MOV,0.0017,0.09539989,4078 MOV
4078,MOV,0.0022,0.09540109,4078 MOV
4078,MOV,0.0028,0.09540252,4078 MOV
4078,MOV,0.0033,0.09540372,4078 MOV
4078,MOV,0.0039,0.09540516,4078 MOV
4078,MOV,0.0044,0.09540636,4078 MOV
4078,MOV,0.005,0.09540779,4078 MOV
4078,MOV,0.0061,0.09541043,4078 MOV
4078,MOV,0.0072,0.09541307,4078 MOV
4078,MOV,0.0083,0.0954157,4078 MOV
4078,MOV,0.0094,0.09541834,4078 MOV
4078,MOV,0.0106,0.09542121,4078 MOV
4078,MOV,0.0117,0.09542385,4078 MOV
4078,MOV,0.0128,0.09542648,4078 MOV
4078,MOV,0.0139,0.09542912,4078 MOV
4078,MOV,0.015,0.09543175,4078 MOV
4078,MOV,0.0184,0.0954399,4078 MOV
4078,MOV,0.0219,0.09544828,4078 MOV
4078,MOV,0.0253,0.09545643,4078 MOV
4078,MOV,0.0288,0.09546481,4078 MOV
4078,MOV,0.0322,0.09547296,4078 MOV
4078,MOV,0.0357,0.09548134,4078 MOV
4078,MOV,0.0391,0.09548948,4078 MOV
4078,MOV,0.0426,0.09549787,4078 MOV
4078,MOV,0.046,0.09550601,4078 MOV
4078,MOV,0.0564,0.09553093,4078 MOV
4078,MOV,0.0669,0.09555608,4078 MOV
4078,MOV,0.0773,0.09558099,4078 MOV
4078,MOV,0.0878,0.09560614,4078 MOV
4078,MOV,0.0982,0.09563105,4078 MOV
4078,MOV,0.1087,0.0956562,4078 MOV
4078,MOV,0.1191,0.0956811,4078 MOV
4078,MOV,0.1296,0.09570625,4078 MOV
4078,MOV,0.14,0.09573116,4078 MOV
4078,MOV,0.17,0.095803,4078 MOV
4078,MOV,0.2,0.09587484,4078 MOV
4078,MOV,0.23,0.09594667,4078 MOV
4078,MOV,0.26,0.0960185,4078 MOV
4078,MOV,0.29,0.09609032,4078 MOV
4078,MOV,0.32,0.09616213,4078 MOV
4078,MOV,0.35,0.09623394,4078 MOV
4078,MOV,0.38,0.09630574,4078 MOV
4078,MOV,0.41,0.09637754,4078 MOV
4078,MOV,0.5011,0.09659553,4078 MOV
4078,MOV,0.5922,0.09681347,4078 MOV
4078,MOV,0.6833,0.09703135,4078 MOV
4078,MOV,0.7744,0.09724918,4078 MOV
4078,MOV,0.8656,0.0974672,4078 MOV
4078,MOV,0.9567,0.09768493,4078 MOV
4078,MOV,1.0478,0.0979026,4078 MOV
4078,MOV,1.1389,0.09812022,4078 MOV
4078,MOV,1.23,0.09833779,4078 MOV
4078,MOV,1.5044,0.09899281,4078 MOV
4078,MOV,1.7789,0.09964759,4078 MOV
4078,MOV,2.0533,0.10030166,4078 MOV
4078,MOV,2.3278,0.10095549,4078 MOV
4078,MOV,2.6022,0.1016086,4078 MOV
4078,MOV,2.8767,0.10226148,4078 MOV
4078,MOV,3.1511,0.10291365,4078 MOV
4078,MOV,3.4256,0.10356558,4078 MOV
4078,MOV,3.7,0.1042168,4078 MOV
4078,MOV,4.5222,0.10616525,4078 MOV
4078,MOV,5.3444,0.10810947,4078 MOV
4078,MOV,6.1667,0.1100497,4078 MOV
4078,MOV,6.9889,0.11198546,4078 MOV
4078,MOV,7.8111,0.11391702,4078 MOV
4078,MOV,8.6333,0.11584438,4078 MOV
4078,MOV,9.4556,0.11776777,4078 MOV
4078,MOV,10.2778,0.11968675,4078 MOV
4078,MOV,11.1,0.12160156,4078 MOV
4078,MOV,13.5667,0.12732125,4078 MOV
4078,MOV,16.0333,0.13300348,4078 MOV
4078,MOV,18.5,0.13864893,4078 MOV
4078,MOV,20.9667,0.14425762,4078 MOV
4078,MOV,23.4333,0.14982956,4078 MOV
4078,MOV,25.9,0.15536545,4078 MOV
4078,MOV,28.3667,0.16086529,4078 MOV
4078,MOV,30.8333,0.1663291,4078 MOV
4078,MOV,33.3,0.17175755,4078 MOV
4078,MOV,40.7111,0.1878554,4078 MOV
4078,MOV,48.1222,0.20364037,4078 MOV
4078,MOV,55.5333,0.21911854,4078 MOV
4078,MOV,62.9444,0.23429587,4078 MOV
4078,MOV,70.3556,0.24917842,4078 MOV
4078,MOV,77.7667,0.2637715,4078 MOV
4078,MOV,85.1778,0.27808096,4078 MOV
4078,MOV,92.5889,0.29211229,4078 MOV
4078,MOV,100.0,0.3058709,4078 MOV
4079,AUC,,,4079 AUC
4079,MOV,,,4079 MOV
4082,AUC,0.0,0.03677436,4082 AUC
4082,AUC,0.0006,0.08143574,4082 AUC
4082,AUC,0.0011,0.08417405,4082 AUC
4082,AUC,0.0017,0.08618292,4082 AUC
4082,AUC,0.0022,0.08738952,4082 AUC
4082,AUC,0.0028,0.08852949,4082 AUC
4082,AUC,0.0033,0.08931247,4082 AUC
4082,AUC,0.0039,0.09011384,4082 AUC
4082,AUC,0.0044,0.09069581,4082 AUC
4082,AUC,0.005,0.09131558,4082 AUC
4082,AUC,0.0061,0.0922859,4082 AUC
4082,AUC,0.0072,0.09310072,4082 AUC
4082,AUC,0.0083,0.09380369,4082 AUC
4082,AUC,0.0094,0.09442225,4082 AUC
4082,AUC,0.0106,0.09502224,4082 AUC
4082,AUC,0.0117,0.09551742,4082 AUC
4082,AUC,0.0128,0.09596971,4082 AUC
4082,AUC,0.0139,0.09638608,4082 AUC
4082,AUC,0.015,0.0967719,4082 AUC
4082,AUC,0.0184,0.09781244,4082 AUC
4082,AUC,0.0219,0.0987058,4082 AUC
4082,AUC,0.0253,0.09945071,4082 AUC
4082,AUC,0.0288,0.10012299,4082 AUC
4082,AUC,0.0322,0.10070463,4082 AUC
4082,AUC,0.0357,0.10124465,4082 AUC
4082,AUC,0.0391,0.1017225,4082 AUC
4082,AUC,0.0426,0.10217433,4082 AUC
4082,AUC,0.046,0.10258025,4082 AUC
4082,AUC,0.0564,0.10366345,4082 AUC
4082,AUC,0.0669,0.10457712,4082 AUC
4082,AUC,0.0773,0.10535494,4082 AUC
4082,AUC,0.0878,0.10604402,4082 AUC
4082,AUC,0.0982,0.10665235,4082 AUC
4082,AUC,0.1087,0.10720656,4082 AUC
4082,AUC,0.1191,0.10770682,4082 AUC
4082,AUC,0.1296,0.1081709,4082 AUC
4082,AUC,0.14,0.10859613,4082 AUC
4082,AUC,0.17,0.10967105,4082 AUC
4082,AUC,0.2,0.11057666,4082 AUC
4082,AUC,0.23,0.11135975,4082 AUC
4082,AUC,0.26,0.11204995,4082 AUC
4082,AUC,0.29,0.11266726,4082 AUC
4082,AUC,0.32,0.11322584,4082 AUC
4082,AUC,0.35,0.11373603,4082 AUC
4082,AUC,0.38,0.11420569,4082 AUC
4082,AUC,0.41,0.11464086,4082 AUC
4082,AUC,0.5011,0.11579565,4082 AUC
4082,AUC,0.5922,0.11676329,4082 AUC
4082,AUC,0.6833,0.11759674,4082 AUC
4082,AUC,0.7744,0.11832917,4082 AUC
4082,AUC,0.8656,0.11898343,4082 AUC
4082,AUC,0.9567,0.11957365,4082 AUC
4082,AUC,1.0478,0.12011194,4082 AUC
4082,AUC,1.1389,0.12060681,4082 AUC
4082,AUC,1.23,0.12106486,4082 AUC
4082,AUC,1.5044,0.12226935,4082 AUC
4082,AUC,1.7789,0.1232782,4082 AUC
4082,AUC,2.0533,0.12414631,4082 AUC
4082,AUC,2.3278,0.12490914,4082 AUC
4082,AUC,2.6022,0.12558933,4082 AUC
4082,AUC,2.8767,0.12620369,4082 AUC
4082,AUC,3.1511,0.12676363,4082 AUC
4082,AUC,3.4256,0.12727849,4082 AUC
4082,AUC,3.7,0.12775476,4082 AUC
4082,MOV,0.0,1e-05,4082 MOV
4082,MOV,0.0006,0.23851482,4082 MOV
4082,MOV,0.0011,0.24092984,4082 MOV
4082,MOV,0.0017,0.24267684,4082 MOV
4082,MOV,0.0022,0.2437165,4082 MOV
4082,MOV,0.0028,0.24469232,4082 MOV
4082,MOV,0.0033,0.24535899,4082 MOV
4082,MOV,0.0039,0.24603837,4082 MOV
4082,MOV,0.0044,0.24652991,4082 MOV
4082,MOV,0.005,0.2470517,4082 MOV
4082,MOV,0.0061,0.24786519,4082 MOV
4082,MOV,0.0072,0.24854514,4082 MOV
4082,MOV,0.0083,0.24912945,4082 MOV
4082,MOV,0.0094,0.24964186,4082 MOV
4082,MOV,0.0106,0.25013735,4082 MOV
4082,MOV,0.0117,0.25054516,4082 MOV
4082,MOV,0.0128,0.25091677,4082 MOV
4082,MOV,0.0139,0.25125812,4082 MOV
4082,MOV,0.015,0.25157381,4082 MOV
4082,MOV,0.0184,0.25242223,4082 MOV
4082,MOV,0.0219,0.25314724,4082 MOV
4082,MOV,0.0253,0.2537494,4082 MOV
4082,MOV,0.0288,0.25429104,4082 MOV
4082,MOV,0.0322,0.25475827,4082 MOV
4082,MOV,0.0357,0.25519093,4082 MOV
4082,MOV,0.0391,0.25557289,4082 MOV
4082,MOV,0.0426,0.25593327,4082 MOV
4082,MOV,0.046,0.25625641,4082 MOV
4082,MOV,0.0564,0.25711578,4082 MOV
4082,MOV,0.0669,0.25783741,4082 MOV
4082,MOV,0.0773,0.25844946,4082 MOV
4082,MOV,0.0878,0.25898993,4082 MOV
4082,MOV,0.0982,0.25946573,4082 MOV
4082,MOV,0.1087,0.25989811,4082 MOV
4082,MOV,0.1191,0.26028752,4082 MOV
4082,MOV,0.1296,0.26064802,4082 MOV
4082,MOV,0.14,0.26097774,4082 MOV
4082,MOV,0.17,0.26180856,4082 MOV
4082,MOV,0.2,0.26250567,4082 MOV
4082,MOV,0.23,0.26310636,4082 MOV
4082,MOV,0.26,0.26363422,4082 MOV
4082,MOV,0.29,0.2641051,4082 MOV
4082,MOV,0.32,0.26453017,4082 MOV
4082,MOV,0.35,0.2649176,4082 MOV
4082,MOV,0.38,0.26527356,4082 MOV
4082,MOV,0.41,0.2656028,4082 MOV
4082,MOV,0.5011,0.26647378,4082 MOV
4082,MOV,0.5922,0.26720062,4082 MOV
4082,MOV,0.6833,0.26782453,4082 MOV
4082,MOV,0.7744,0.2683712,4082 MOV
4082,MOV,0.8656,0.26885826,4082 MOV
4082,MOV,0.9567,0.26929664,4082 MOV
4082,MOV,1.0478,0.26969561,4082 MOV
4082,MOV,1.1389,0.27006172,4082 MOV
4082,MOV,1.23,0.27039999,4082 MOV
4082,MOV,1.5044,0.27128686,4082 MOV
4082,MOV,1.7789,0.27202676,4082 MOV
4082,MOV,2.0533,0.27266133,4082 MOV
4082,MOV,2.3278,0.27321736,4082 MOV
4082,MOV,2.6022,0.27371192,4082 MOV
4082,MOV,2.8767,0.27415762,4082 MOV
4082,MOV,3.1511,0.27456304,4082 MOV
4082,MOV,3.4256,0.27493513,4082 MOV
4082,MOV,3.7,0.27527876,4082 MOV
4083,AUC,,,4083 AUC
4083,MOV,,,4083 MOV
4084,AUC,,,4084 AUC
4084,MOV,,,4084 MOV
4085,AUC,,,4085 AUC
4085,MOV,,,4085 MOV
4086,AUC,0.0,0.19328019,4086 AUC
4086,AUC,0.0006,0.193306,4086 AUC
4086,AUC,0.0011,0.1933275,4086 AUC
4086,AUC,0.0017,0.19335331,4086 AUC
4086,AUC,0.0022,0.19337481,4086 AUC
4086,AUC,0.0028,0.19340061,4086 AUC
4086,AUC,0.0033,0.19342211,4086 AUC
4086,AUC,0.0039,0.19344791,4086 AUC
4086,AUC,0.0044,0.19346941,4086 AUC
4086,AUC,0.005,0.19349521,4086 AUC
4086,AUC,0.0061,0.1935425,4086 AUC
4086,AUC,0.0072,0.1935898,4086 AUC
4086,AUC,0.0083,0.19363709,4086 AUC
4086,AUC,0.0094,0.19368438,4086 AUC
4086,AUC,0.0106,0.19373596,4086 AUC
4086,AUC,0.0117,0.19378324,4086 AUC
4086,AUC,0.0128,0.19383052,4086 AUC
4086,AUC,0.0139,0.19387779,4086 AUC
4086,AUC,0.015,0.19392507,4086 AUC
4086,AUC,0.0184,0.19407117,4086 AUC
4086,AUC,0.0219,0.19422154,4086 AUC
4086,AUC,0.0253,0.19436758,4086 AUC
4086,AUC,0.0288,0.1945179,4086 AUC
4086,AUC,0.0322,0.19466389,4086 AUC
4086,AUC,0.0357,0.19481415,4086 AUC
4086,AUC,0.0391,0.19496009,4086 AUC
4086,AUC,0.0426,0.19511029,4086 AUC
4086,AUC,0.046,0.19525618,4086 AUC
4086,AUC,0.0564,0.19570225,4086 AUC
4086,AUC,0.0669,0.19615236,4086 AUC
4086,AUC,0.0773,0.19659794,4086 AUC
4086,AUC,0.0878,0.19704754,4086 AUC
4086,AUC,0.0982,0.19749262,4086 AUC
4086,AUC,0.1087,0.19794173,4086 AUC
4086,AUC,0.1191,0.19838632,4086 AUC
4086,AUC,0.1296,0.19883493,4086 AUC
4086,AUC,0.14,0.19927902,4086 AUC
4086,AUC,0.17,0.20055866,4086 AUC
4086,AUC,0.2,0.20183626,4086 AUC
4086,AUC,0.23,0.20311182,4086 AUC
4086,AUC,0.26,0.20438535,4086 AUC
4086,AUC,0.29,0.20565683,4086 AUC
4086,AUC,0.32,0.20692629,4086 AUC
4086,AUC,0.35,0.20819371,4086 AUC
4086,AUC,0.38,0.20945911,4086 AUC
4086,AUC,0.41,0.21072249,4086 AUC
4086,AUC,0.5011,0.21454659,4086 AUC
4086,AUC,0.5922,0.21835216,4086 AUC
4086,AUC,0.6833,0.22213929,4086 AUC
4086,AUC,0.7744,0.22590807,4086 AUC
4086,AUC,0.8656,0.22966269,4086 AUC
4086,AUC,0.9567,0.23339502,4086 AUC
4086,AUC,1.0478,0.23710927,4086 AUC
4086,AUC,1.1389,0.24080552,4086 AUC
4086,AUC,1.23,0.24448386,4086 AUC
4086,AUC,1.5044,0.25545597,4086 AUC
4086,AUC,1.7789,0.26627264,4086 AUC
4086,AUC,2.0533,0.27692832,4086 AUC
4086,AUC,2.3278,0.28743304,4086 AUC
4086,AUC,2.6022,0.29778141,4086 AUC
4086,AUC,2.8767,0.30798319,4086 AUC
4086,AUC,3.1511,0.31803311,4086 AUC
4086,AUC,3.4256,0.32794067,4086 AUC
4086,AUC,3.7,0.33770076,4086 AUC
4086,AUC,4.5222,0.36610499,4086 AUC
4086,AUC,5.3444,0.39329104,4086 AUC
4086,AUC,6.1667,0.41931424,4086 AUC
4086,AUC,6.9889,0.44421829,4086 AUC
4086,AUC,7.8111,0.46805427,4086 AUC
4086,AUC,8.6333,0.49086798,4086 AUC
4086,AUC,9.4556,0.51270588,4086 AUC
4086,AUC,10.2778,0.53360461,4086 AUC
4086,AUC,11.1,0.55360705,4086 AUC
4086,MOV,0.0,0.03410686,4086 MOV
4086,MOV,0.0006,0.0341096,4086 MOV
4086,MOV,0.0011,0.03411188,4086 MOV
4086,MOV,0.0017,0.03411462,4086 MOV
4086,MOV,0.0022,0.0341169,4086 MOV
4086,MOV,0.0028,0.03411963,4086 MOV
4086,MOV,0.0033,0.03412191,4086 MOV
4086,MOV,0.0039,0.03412465,4086 MOV
4086,MOV,0.0044,0.03412693,4086 MOV
4086,MOV,0.005,0.03412966,4086 MOV
4086,MOV,0.0061,0.03413468,4086 MOV
4086,MOV,0.0072,0.0341397,4086 MOV
4086,MOV,0.0083,0.03414471,4086 MOV
4086,MOV,0.0094,0.03414973,4086 MOV
4086,MOV,0.0106,0.0341552,4086 MOV
4086,MOV,0.0117,0.03416021,4086 MOV
4086,MOV,0.0128,0.03416523,4086 MOV
4086,MOV,0.0139,0.03417025,4086 MOV
4086,MOV,0.015,0.03417526,4086 MOV
4086,MOV,0.0184,0.03419076,4086 MOV
4086,MOV,0.0219,0.03420672,4086 MOV
4086,MOV,0.0253,0.03422222,4086 MOV
4086,MOV,0.0288,0.03423818,4086 MOV
4086,MOV,0.0322,0.03425368,4086 MOV
4086,MOV,0.0357,0.03426964,4086 MOV
4086,MOV,0.0391,0.03428514,4086 MOV
4086,MOV,0.0426,0.0343011,4086 MOV
4086,MOV,0.046,0.0343166,4086 MOV
4086,MOV,0.0564,0.03436401,4086 MOV
4086,MOV,0.0669,0.03441188,4086 MOV
4086,MOV,0.0773,0.03445929,4086 MOV
4086,MOV,0.0878,0.03450715,4086 MOV
4086,MOV,0.0982,0.03455455,4086 MOV
4086,MOV,0.1087,0.03460241,4086 MOV
4086,MOV,0.1191,0.03464981,4086 MOV
4086,MOV,0.1296,0.03469766,4086 MOV
4086,MOV,0.14,0.03474505,4086 MOV
4086,MOV,0.17,0.03488175,4086 MOV
4086,MOV,0.2,0.03501843,4086 MOV
4086,MOV,0.23,0.03515509,4086 MOV
4086,MOV,0.26,0.03529173,4086 MOV
4086,MOV,0.29,0.03542836,4086 MOV
4086,MOV,0.32,0.03556496,4086 MOV
4086,MOV,0.35,0.03570154,4086 MOV
4086,MOV,0.38,0.03583811,4086 MOV
4086,MOV,0.41,0.03597465,4086 MOV
4086,MOV,0.5011,0.03638917,4086 MOV
4086,MOV,0.5922,0.03680352,4086 MOV
4086,MOV,0.6833,0.03721769,4086 MOV
4086,MOV,0.7744,0.03763167,4086 MOV
4086,MOV,0.8656,0.03804594,4086 MOV
4086,MOV,0.9567,0.03845957,4086 MOV
4086,MOV,1.0478,0.03887302,4086 MOV
4086,MOV,1.1389,0.0392863,4086 MOV
4086,MOV,1.23,0.0396994,4086 MOV
4086,MOV,1.5044,0.04094261,4086 MOV
4086,MOV,1.7789,0.04218467,4086 MOV
4086,MOV,2.0533,0.04342466,4086 MOV
4086,MOV,2.3278,0.0446635,4086 MOV
4086,MOV,2.6022,0.04590028,4086 MOV
4086,MOV,2.8767,0.04713592,4086 MOV
4086,MOV,3.1511,0.0483695,4086 MOV
4086,MOV,3.4256,0.04960194,4086 MOV
4086,MOV,3.7,0.05083233,4086 MOV
4086,MOV,4.5222,0.05450949,4086 MOV
4086,MOV,5.3444,0.05817241,4086 MOV
4086,MOV,6.1667,0.06182158,4086 MOV
4086,MOV,6.9889,0.06545616,4086 MOV
4086,MOV,7.8111,0.06907667,4086 MOV
4086,MOV,8.6333,0.07268315,4086 MOV
4086,MOV,9.4556,0.0762761,4086 MOV
4086,MOV,10.2778,0.07985469,4086 MOV
4086,MOV,11.1,0.08341942,4086 MOV
4088,AUC,,,4088 AUC
4088,MOV,,,4088 MOV
4089,AUC,,,4089 AUC
4089,MOV,,,4089 MOV
409,AUC,,,409 AUC
409,MOV,,,409 MOV
4090,AUC,0.0,0.16717496,4090 AUC
4090,AUC,0.0006,0.167176,4090 AUC
4090,AUC,0.0011,0.16717743,4090 AUC
4090,AUC,0.0017,0.16717954,4090 AUC
4090,AUC,0.0022,0.16718157,4090 AUC
4090,AUC,0.0028,0.16718427,4090 AUC
4090,AUC,0.0033,0.16718672,4090 AUC
4090,AUC,0.0039,0.16718987,4090 AUC
4090,AUC,0.0044,0.16719266,4090 AUC
4090,AUC,0.005,0.16719619,4090 AUC
4090,AUC,0.0061,0.16720312,4090 AUC
4090,AUC,0.0072,0.16721061,4090 AUC
4090,AUC,0.0083,0.16721859,4090 AUC
4090,AUC,0.0094,0.16722702,4090 AUC
4090,AUC,0.0106,0.16723672,4090 AUC
4090,AUC,0.0117,0.16724602,4090 AUC
4090,AUC,0.0128,0.16725569,4090 AUC
4090,AUC,0.0139,0.16726572,4090 AUC
4090,AUC,0.015,0.16727609,4090 AUC
4090,AUC,0.0184,0.16731013,4090 AUC
4090,AUC,0.0219,0.16734805,4090 AUC
4090,AUC,0.0253,0.16738741,4090 AUC
4090,AUC,0.0288,0.1674303,4090 AUC
4090,AUC,0.0322,0.16747412,4090 AUC
4090,AUC,0.0357,0.16752128,4090 AUC
4090,AUC,0.0391,0.16756899,4090 AUC
4090,AUC,0.0426,0.16761993,4090 AUC
4090,AUC,0.046,0.16767112,4090 AUC
4090,AUC,0.0564,0.16783732,4090 AUC
4090,AUC,0.0669,0.16801855,4090 AUC
4090,AUC,0.0773,0.16821004,4090 AUC
4090,AUC,0.0878,0.16841444,4090 AUC
4090,AUC,0.0982,0.16862703,4090 AUC
4090,AUC,0.1087,0.16885119,4090 AUC
4090,AUC,0.1191,0.16908209,4090 AUC
4090,AUC,0.1296,0.16932365,4090 AUC
4090,AUC,0.14,0.16957084,4090 AUC
4090,AUC,0.17,0.17032474,4090 AUC
4090,AUC,0.2,0.17113376,4090 AUC
4090,AUC,0.23,0.17199219,4090 AUC
4090,AUC,0.26,0.17289552,4090 AUC
4090,AUC,0.29,0.17384003,4090 AUC
4090,AUC,0.32,0.17482263,4090 AUC
4090,AUC,0.35,0.17584065,4090 AUC
4090,AUC,0.38,0.17689182,4090 AUC
4090,AUC,0.41,0.17797409,4090 AUC
4090,AUC,0.5011,0.18143372,4090 AUC
4090,AUC,0.5922,0.18512352,4090 AUC
4090,AUC,0.6833,0.18901212,4090 AUC
4090,AUC,0.7744,0.19307468,4090 AUC
4090,AUC,0.8656,0.1972955,4090 AUC
4090,AUC,0.9567,0.20164824,4090 AUC
4090,AUC,1.0478,0.20612283,4090 AUC
4090,AUC,1.1389,0.2107066,4090 AUC
4090,AUC,1.23,0.21538843,4090 AUC
4090,AUC,1.5044,0.2299885,4090 AUC
4090,AUC,1.7789,0.24518042,4090 AUC
4090,AUC,2.0533,0.26078802,4090 AUC
4090,AUC,2.3278,0.27669419,4090 AUC
4090,AUC,2.6022,0.29278482,4090 AUC
4090,AUC,2.8767,0.30898826,4090 AUC
4090,AUC,3.1511,0.32522406,4090 AUC
4090,AUC,3.4256,0.341447,4090 AUC
4090,AUC,3.7,0.35759755,4090 AUC
4090,AUC,4.5222,0.40522318,4090 AUC
4090,AUC,5.3444,0.45114245,4090 AUC
4090,AUC,6.1667,0.49489513,4090 AUC
4090,AUC,6.9889,0.53621048,4090 AUC
4090,AUC,7.8111,0.57496976,4090 AUC
4090,AUC,8.6333,0.61114043,4090 AUC
4090,AUC,9.4556,0.64475612,4090 AUC
4090,AUC,10.2778,0.6758803,4090 AUC
4090,AUC,11.1,0.70461649,4090 AUC
4090,AUC,13.5667,0.77771283,4090 AUC
4090,AUC,16.0333,0.83387808,4090 AUC
4090,AUC,18.5,0.87652088,4090 AUC
4090,AUC,20.9667,0.90861208,4090 AUC
4090,AUC,23.4333,0.9326004,4090 AUC
4090,AUC,25.9,0.95043882,4090 AUC
4090,AUC,28.3667,0.96364688,4090 AUC
4090,AUC,30.8333,0.97339178,4090 AUC
4090,AUC,33.3,0.98056093,4090 AUC
4090,MOV,0.0,0.02821707,4090 MOV
4090,MOV,0.0006,0.0282235,4090 MOV
4090,MOV,0.0011,0.02822885,4090 MOV
4090,MOV,0.0017,0.02823527,4090 MOV
4090,MOV,0.0022,0.02824063,4090 MOV
4090,MOV,0.0028,0.02824705,4090 MOV
4090,MOV,0.0033,0.02825241,4090 MOV
4090,MOV,0.0039,0.02825883,4090 MOV
4090,MOV,0.0044,0.02826418,4090 MOV
4090,MOV,0.005,0.02827061,4090 MOV
4090,MOV,0.0061,0.02828239,4090 MOV
4090,MOV,0.0072,0.02829416,4090 MOV
4090,MOV,0.0083,0.02830594,4090 MOV
4090,MOV,0.0094,0.02831772,4090 MOV
4090,MOV,0.0106,0.02833057,4090 MOV
4090,MOV,0.0117,0.02834234,4090 MOV
4090,MOV,0.0128,0.02835412,4090 MOV
4090,MOV,0.0139,0.0283659,4090 MOV
4090,MOV,0.015,0.02837768,4090 MOV
4090,MOV,0.0184,0.02841408,4090 MOV
4090,MOV,0.0219,0.02845154,4090 MOV
4090,MOV,0.0253,0.02848794,4090 MOV
4090,MOV,0.0288,0.02852541,4090 MOV
4090,MOV,0.0322,0.0285618,4090 MOV
4090,MOV,0.0357,0.02859927,4090 MOV
4090,MOV,0.0391,0.02863566,4090 MOV
4090,MOV,0.0426,0.02867312,4090 MOV
4090,MOV,0.046,0.02870951,4090 MOV
4090,MOV,0.0564,0.02882081,4090 MOV
4090,MOV,0.0669,0.02893316,4090 MOV
4090,MOV,0.0773,0.02904443,4090 MOV
4090,MOV,0.0878,0.02915676,4090 MOV
4090,MOV,0.0982,0.02926801,4090 MOV
4090,MOV,0.1087,0.02938032,4090 MOV
4090,MOV,0.1191,0.02949154,4090 MOV
4090,MOV,0.1296,0.02960381,4090 MOV
4090,MOV,0.14,0.02971501,4090 MOV
4090,MOV,0.17,0.0300357,4090 MOV
4090,MOV,0.2,0.03035628,4090 MOV
4090,MOV,0.23,0.03067675,4090 MOV
4090,MOV,0.26,0.03099712,4090 MOV
4090,MOV,0.29,0.03131738,4090 MOV
4090,MOV,0.32,0.03163754,4090 MOV
4090,MOV,0.35,0.03195759,4090 MOV
4090,MOV,0.38,0.03227754,4090 MOV
4090,MOV,0.41,0.03259738,4090 MOV
4090,MOV,0.5011,0.03356798,4090 MOV
4090,MOV,0.5922,0.0345376,4090 MOV
4090,MOV,0.6833,0.03550625,4090 MOV
4090,MOV,0.7744,0.03647393,4090 MOV
4090,MOV,0.8656,0.0374417,4090 MOV
4090,MOV,0.9567,0.03840744,4090 MOV
4090,MOV,1.0478,0.03937221,4090 MOV
4090,MOV,1.1389,0.04033601,4090 MOV
4090,MOV,1.23,0.04129885,4090 MOV
4090,MOV,1.5044,0.04419314,4090 MOV
4090,MOV,1.7789,0.04707975,4090 MOV
4090,MOV,2.0533,0.04995659,4090 MOV
4090,MOV,2.3278,0.05282579,4090 MOV
4090,MOV,2.6022,0.05568529,4090 MOV
4090,MOV,2.8767,0.05853719,4090 MOV
4090,MOV,3.1511,0.06137945,4090 MOV
4090,MOV,3.4256,0.06421415,4090 MOV
4090,MOV,3.7,0.06703926,4090 MOV
4090,MOV,4.5222,0.07545335,4090 MOV
4090,MOV,5.3444,0.08379155,4090 MOV
4090,MOV,6.1667,0.09205556,4090 MOV
4090,MOV,6.9889,0.10024403,4090 MOV
4090,MOV,7.8111,0.10835865,4090 MOV
4090,MOV,8.6333,0.1164001,4090 MOV
4090,MOV,9.4556,0.12436998,4090 MOV
4090,MOV,10.2778,0.13226702,4090 MOV
4090,MOV,11.1,0.14009283,4090 MOV
4090,MOV,13.5667,0.16315028,4090 MOV
4090,MOV,16.0333,0.18558857,4090 MOV
4090,MOV,18.5,0.20742609,4090 MOV
4090,MOV,20.9667,0.22867807,4090 MOV
4090,MOV,23.4333,0.24935938,4090 MOV
4090,MOV,25.9,0.26948696,4090 MOV
4090,MOV,28.3667,0.28907485,4090 MOV
4090,MOV,30.8333,0.30813674,4090 MOV
4090,MOV,33.3,0.32668828,4090 MOV
4091,AUC,,,4091 AUC
4091,MOV,,,4091 MOV
4092,AUC,,,4092 AUC
4092,MOV,,,4092 MOV
4093,AUC,,,4093 AUC
4093,MOV,,,4093 MOV
4094,AUC,,,4094 AUC
4094,MOV,,,4094 MOV
4095,AUC,,,4095 AUC
4095,MOV,,,4095 MOV
4096,AUC,,,4096 AUC
4096,MOV,,,4096 MOV
4097,AUC,,,4097 AUC
4097,MOV,0.0,0.14811399,4097 MOV
4097,MOV,0.0006,0.14816213,4097 MOV
4097,MOV,0.0011,0.14820225,4097 MOV
4097,MOV,0.0017,0.14825038,4097 MOV
4097,MOV,0.0022,0.1482905,4097 MOV
4097,MOV,0.0028,0.14833863,4097 MOV
4097,MOV,0.0033,0.14837874,4097 MOV
4097,MOV,0.0039,0.14842687,4097 MOV
4097,MOV,0.0044,0.14846697,4097 MOV
4097,MOV,0.005,0.14851509,4097 MOV
4097,MOV,0.0061,0.14860331,4097 MOV
4097,MOV,0.0072,0.14869152,4097 MOV
4097,MOV,0.0083,0.14877972,4097 MOV
4097,MOV,0.0094,0.14886791,4097 MOV
4097,MOV,0.0106,0.14896411,4097 MOV
4097,MOV,0.0117,0.14905228,4097 MOV
4097,MOV,0.0128,0.14914044,4097 MOV
4097,MOV,0.0139,0.1492286,4097 MOV
4097,MOV,0.015,0.14931674,4097 MOV
4097,MOV,0.0184,0.14958913,4097 MOV
4097,MOV,0.0219,0.14986944,4097 MOV
4097,MOV,0.0253,0.15014165,4097 MOV
4097,MOV,0.0288,0.15042178,4097 MOV
4097,MOV,0.0322,0.15069381,4097 MOV
4097,MOV,0.0357,0.15097376,4097 MOV
4097,MOV,0.0391,0.15124562,4097 MOV
4097,MOV,0.0426,0.15152538,4097 MOV
4097,MOV,0.046,0.15179706,4097 MOV
4097,MOV,0.0564,0.15262755,4097 MOV
4097,MOV,0.0669,0.15346519,4097 MOV
4097,MOV,0.0773,0.15429405,4097 MOV
4097,MOV,0.0878,0.15513005,4097 MOV
4097,MOV,0.0982,0.15595727,4097 MOV
4097,MOV,0.1087,0.15679162,4097 MOV
4097,MOV,0.1191,0.15761722,4097 MOV
4097,MOV,0.1296,0.15844993,4097 MOV
4097,MOV,0.14,0.15927391,4097 MOV
4097,MOV,0.17,0.16164623,4097 MOV
4097,MOV,0.2,0.16401186,4097 MOV
4097,MOV,0.23,0.16637082,4097 MOV
4097,MOV,0.26,0.16872312,4097 MOV
4097,MOV,0.29,0.17106878,4097 MOV
4097,MOV,0.32,0.17340782,4097 MOV
4097,MOV,0.35,0.17574026,4097 MOV
4097,MOV,0.38,0.17806612,4097 MOV
4097,MOV,0.41,0.18038542,4097 MOV
4097,MOV,0.5011,0.18738832,4097 MOV
4097,MOV,0.5922,0.19433139,4097 MOV
4097,MOV,0.6833,0.20121513,4097 MOV
4097,MOV,0.7744,0.20804006,4097 MOV
4097,MOV,0.8656,0.21481407,4097 MOV
4097,MOV,0.9567,0.22152281,4097 MOV
4097,MOV,1.0478,0.22817423,4097 MOV
4097,MOV,1.1389,0.23476881,4097 MOV
4097,MOV,1.23,0.24130705,4097 MOV
4097,MOV,1.5044,0.26066511,4097 MOV
4097,MOV,1.7789,0.27953603,4097 MOV
4097,MOV,2.0533,0.29791867,4097 MOV
4097,MOV,2.3278,0.31583872,4097 MOV
4097,MOV,2.6022,0.3332951,4097 MOV
4097,MOV,2.8767,0.3503122,4097 MOV
4097,MOV,3.1511,0.36688898,4097 MOV
4097,MOV,3.4256,0.38304863,4097 MOV
4097,MOV,3.7,0.39879014,4097 MOV
4098,AUC,,,4098 AUC
4098,MOV,,,4098 MOV
4099,AUC,,,4099 AUC
4099,MOV,0.0,1e-05,4099 MOV
4099,MOV,0.0006,0.17416054,4099 MOV
4099,MOV,0.0011,0.17534302,4099 MOV
4099,MOV,0.0017,0.17619666,4099 MOV
4099,MOV,0.0022,0.176704,4099 MOV
4099,MOV,0.0028,0.17717971,4099 MOV
4099,MOV,0.0033,0.17750447,4099 MOV
4099,MOV,0.0039,0.1778352,4099 MOV
4099,MOV,0.0044,0.17807436,4099 MOV
4099,MOV,0.005,0.17832812,4099 MOV
4099,MOV,0.0061,0.17872349,4099 MOV
4099,MOV,0.0072,0.17905372,4099 MOV
4099,MOV,0.0083,0.17933735,4099 MOV
4099,MOV,0.0094,0.17958595,4099 MOV
4099,MOV,0.0106,0.17982623,4099 MOV
4099,MOV,0.0117,0.18002391,4099 MOV
4099,MOV,0.0128,0.18020397,4099 MOV
4099,MOV,0.0139,0.18036933,4099 MOV
4099,MOV,0.015,0.1805222,4099 MOV
4099,MOV,0.0184,0.18093285,4099 MOV
4099,MOV,0.0219,0.18128352,4099 MOV
4099,MOV,0.0253,0.18157459,4099 MOV
4099,MOV,0.0288,0.18183628,4099 MOV
4099,MOV,0.0322,0.18206192,4099 MOV
4099,MOV,0.0357,0.18227078,4099 MOV
4099,MOV,0.0391,0.1824551,4099 MOV
4099,MOV,0.0426,0.18262895,4099 MOV
4099,MOV,0.046,0.18278479,4099 MOV
4099,MOV,0.0564,0.18319903,4099 MOV
4099,MOV,0.0669,0.18354664,4099 MOV
4099,MOV,0.0773,0.18384129,4099 MOV
4099,MOV,0.0878,0.18410136,4099 MOV
4099,MOV,0.0982,0.18433021,4099 MOV
4099,MOV,0.1087,0.1845381,4099 MOV
4099,MOV,0.1191,0.18472526,4099 MOV
4099,MOV,0.1296,0.18489847,4099 MOV
4099,MOV,0.14,0.18505685,4099 MOV
4099,MOV,0.17,0.18545574,4099 MOV
4099,MOV,0.2,0.18579022,4099 MOV
4099,MOV,0.23,0.18607828,4099 MOV
4099,MOV,0.26,0.1863313,4099 MOV
4099,MOV,0.29,0.18655692,4099 MOV
4099,MOV,0.32,0.18676051,4099 MOV
4099,MOV,0.35,0.18694602,4099 MOV
4099,MOV,0.38,0.1871164,4099 MOV
4099,MOV,0.41,0.18727395,4099 MOV
4099,MOV,0.5011,0.18769055,4099 MOV
4099,MOV,0.5922,0.18803798,4099 MOV
4099,MOV,0.6833,0.18833605,4099 MOV
4099,MOV,0.7744,0.1885971,4099 MOV
4099,MOV,0.8656,0.18882959,4099 MOV
4099,MOV,0.9567,0.18903877,4099 MOV
4099,MOV,1.0478,0.18922908,4099 MOV
4099,MOV,1.1389,0.18940367,4099 MOV
4099,MOV,1.23,0.18956494,4099 MOV
4099,MOV,1.5044,0.18998755,4099 MOV
4099,MOV,1.7789,0.1903399,4099 MOV
4099,MOV,2.0533,0.19064194,4099 MOV
4099,MOV,2.3278,0.19090648,4099 MOV
4099,MOV,2.6022,0.19114168,4099 MOV
4099,MOV,2.8767,0.19135357,4099 MOV
4099,MOV,3.1511,0.19154624,4099 MOV
4099,MOV,3.4256,0.19172303,4099 MOV
4099,MOV,3.7,0.19188626,4099 MOV
4099,MOV,4.5222,0.19231189,4099 MOV
4099,MOV,5.3444,0.19266685,4099 MOV
4099,MOV,6.1667,0.19297141,4099 MOV
4099,MOV,6.9889,0.1932381,4099 MOV
4099,MOV,7.8111,0.19347537,4099 MOV
4099,MOV,8.6333,0.19368909,4099 MOV
4099,MOV,9.4556,0.19388355,4099 MOV
4099,MOV,10.2778,0.19406191,4099 MOV
4099,MOV,11.1,0.19422667,4099 MOV
4099,MOV,13.5667,0.19465686,4099 MOV
4099,MOV,16.0333,0.19501561,4099 MOV
4099,MOV,18.5,0.19532339,4099 MOV
4099,MOV,20.9667,0.19559294,4099 MOV
4099,MOV,23.4333,0.19583273,4099 MOV
4099,MOV,25.9,0.19604873,4099 MOV
4099,MOV,28.3667,0.19624525,4099 MOV
4099,MOV,30.8333,0.19642552,4099 MOV
4099,MOV,33.3,0.19659204,4099 MOV
4100,AUC,,,4100 AUC
4100,MOV,,,4100 MOV
4101,AUC,,,4101 AUC
4101,MOV,,,4101 MOV
4102,AUC,,,4102 AUC
4102,MOV,,,4102 MOV
4103,AUC,,,4103 AUC
4103,MOV,,,4103 MOV
4104,AUC,0.0,0.1,4104 AUC
4104,AUC,0.0006,0.28372057,4104 AUC
4104,AUC,0.0011,0.29305443,4104 AUC
4104,AUC,0.0017,0.30000652,4104 AUC
4104,AUC,0.0022,0.30422381,4104 AUC
4104,AUC,0.0028,0.30823642,4104 AUC
4104,AUC,0.0033,0.3110081,4104 AUC
4104,AUC,0.0039,0.3138579,4104 AUC
4104,AUC,0.0044,0.31593569,4104 AUC
4104,AUC,0.005,0.31815596,4104 AUC
4104,AUC,0.0061,0.32164744,4104 AUC
4104,AUC,0.0072,0.32459376,4104 AUC
4104,AUC,0.0083,0.32714607,4104 AUC
4104,AUC,0.0094,0.32939981,4104 AUC
4104,AUC,0.0106,0.33159288,4104 AUC
4104,AUC,0.0117,0.33340797,4104 AUC
4104,AUC,0.0128,0.33506991,4104 AUC
4104,AUC,0.0139,0.33660322,4104 AUC
4104,AUC,0.015,0.3380269,4104 AUC
4104,AUC,0.0184,0.34188019,4104 AUC
4104,AUC,0.0219,0.34520415,4104 AUC
4104,AUC,0.0253,0.34798663,4104 AUC
4104,AUC,0.0288,0.35050625,4104 AUC
4104,AUC,0.0322,0.35269255,4104 AUC
4104,AUC,0.0357,0.3547276,4104 AUC
4104,AUC,0.0391,0.35653253,4104 AUC
4104,AUC,0.0426,0.35824273,4104 AUC
4104,AUC,0.046,0.3597821,4104 AUC
4104,AUC,0.0564,0.36390325,4104 AUC
4104,AUC,0.0669,0.36739432,4104 AUC
4104,AUC,0.0773,0.37037688,4104 AUC
4104,AUC,0.0878,0.37302716,4104 AUC
4104,AUC,0.0982,0.37537298,4104 AUC
4104,AUC,0.1087,0.37751506,4104 AUC
4104,AUC,0.1191,0.37945261,4104 AUC
4104,AUC,0.1296,0.38125336,4104 AUC
4104,AUC,0.14,0.38290622,4104 AUC
4104,AUC,0.17,0.3870961,4104 AUC
4104,AUC,0.2,0.39063895,4104 AUC
4104,AUC,0.23,0.39371171,4104 AUC
4104,AUC,0.26,0.39642699,4104 AUC
4104,AUC,0.29,0.398861,4104 AUC
4104,AUC,0.32,0.40106775,4104 AUC
4104,AUC,0.35,0.40308695,4104 AUC
4104,AUC,0.38,0.40494866,4104 AUC
4104,AUC,0.41,0.4066762,4104 AUC
4104,AUC,0.5011,0.41127192,4104 AUC
4104,AUC,0.5922,0.41513535,4104 AUC
4104,AUC,0.6833,0.41847188,4104 AUC
4104,AUC,0.7744,0.42141061,4104 AUC
4104,AUC,0.8656,0.42404078,4104 AUC
4104,AUC,0.9567,0.42641755,4104 AUC
4104,AUC,1.0478,0.42858845,4104 AUC
4104,AUC,1.1389,0.43058699,4104 AUC
4104,AUC,1.23,0.43243906,4104 AUC
4104,AUC,1.5044,0.43731942,4104 AUC
4104,AUC,1.7789,0.44141797,4104 AUC
4104,AUC,2.0533,0.44495242,4104 AUC
4104,AUC,2.3278,0.44806378,4104 AUC
4104,AUC,2.6022,0.45084243,4104 AUC
4104,AUC,2.8767,0.45335549,4104 AUC
4104,AUC,3.1511,0.45564866,4104 AUC
4104,AUC,3.4256,0.45775941,4104 AUC
4104,AUC,3.7,0.45971381,4104 AUC
4104,AUC,4.5222,0.46483522,4104 AUC
4104,AUC,5.3444,0.46913357,4104 AUC
4104,AUC,6.1667,0.47284098,4104 AUC
4104,AUC,6.9889,0.47610195,4104 AUC
4104,AUC,7.8111,0.47901434,4104 AUC
4104,AUC,8.6333,0.48164658,4104 AUC
4104,AUC,9.4556,0.48404892,4104 AUC
4104,AUC,10.2778,0.48625842,4104 AUC
4104,AUC,11.1,0.48830441,4104 AUC
4104,AUC,13.5667,0.49366908,4104 AUC
4104,AUC,16.0333,0.49816718,4104 AUC
4104,AUC,18.5,0.50204346,4104 AUC
4104,AUC,20.9667,0.505451,4104 AUC
4104,AUC,23.4333,0.50849225,4104 AUC
4104,AUC,25.9,0.5112395,4104 AUC
4104,AUC,28.3667,0.51374521,4104 AUC
4104,AUC,30.8333,0.51604888,4104 AUC
4104,AUC,33.3,0.51818122,4104 AUC
4104,AUC,40.7111,0.52377527,4104 AUC
4104,AUC,48.1222,0.52845999,4104 AUC
4104,AUC,55.5333,0.5324927,4104 AUC
4104,AUC,62.9444,0.53603459,4104 AUC
4104,AUC,70.3556,0.53919341,4104 AUC
4104,AUC,77.7667,0.54204472,4104 AUC
4104,AUC,85.1778,0.54464371,4104 AUC
4104,AUC,92.5889,0.54703184,4104 AUC
4104,AUC,100.0,0.5492411,4104 AUC
4104,MOV,,,4104 MOV
4105,AUC,0.0,0.05040659,4105 AUC
4105,AUC,0.0006,0.05040662,4105 AUC
4105,AUC,0.0011,0.05040667,4105 AUC
4105,AUC,0.0017,0.05040673,4105 AUC
4105,AUC,0.0022,0.05040678,4105 AUC
4105,AUC,0.0028,0.05040685,4105 AUC
4105,AUC,0.0033,0.05040692,4105 AUC
4105,AUC,0.0039,0.050407,4105 AUC
4105,AUC,0.0044,0.05040707,4105 AUC
4105,AUC,0.005,0.05040715,4105 AUC
4105,AUC,0.0061,0.05040732,4105 AUC
4105,AUC,0.0072,0.0504075,4105 AUC
4105,AUC,0.0083,0.05040769,4105 AUC
4105,AUC,0.0094,0.05040788,4105 AUC
4105,AUC,0.0106,0.0504081,4105 AUC
4105,AUC,0.0117,0.05040831,4105 AUC
4105,AUC,0.0128,0.05040853,4105 AUC
4105,AUC,0.0139,0.05040875,4105 AUC
4105,AUC,0.015,0.05040897,4105 AUC
4105,AUC,0.0184,0.05040971,4105 AUC
4105,AUC,0.0219,0.0504105,4105 AUC
4105,AUC,0.0253,0.05041132,4105 AUC
4105,AUC,0.0288,0.0504122,4105 AUC
4105,AUC,0.0322,0.05041308,4105 AUC
4105,AUC,0.0357,0.05041402,4105 AUC
4105,AUC,0.0391,0.05041496,4105 AUC
4105,AUC,0.0426,0.05041596,4105 AUC
4105,AUC,0.046,0.05041695,4105 AUC
4105,AUC,0.0564,0.05042012,4105 AUC
4105,AUC,0.0669,0.05042351,4105 AUC
4105,AUC,0.0773,0.05042704,4105 AUC
4105,AUC,0.0878,0.05043076,4105 AUC
4105,AUC,0.0982,0.05043458,4105 AUC
4105,AUC,0.1087,0.05043857,4105 AUC
4105,AUC,0.1191,0.05044264,4105 AUC
4105,AUC,0.1296,0.05044686,4105 AUC
4105,AUC,0.14,0.05045115,4105 AUC
4105,AUC,0.17,0.05046406,4105 AUC
4105,AUC,0.2,0.0504777,4105 AUC
4105,AUC,0.23,0.050492,4105 AUC
4105,AUC,0.26,0.05050689,4105 AUC
4105,AUC,0.29,0.05052232,4105 AUC
4105,AUC,0.32,0.05053826,4105 AUC
4105,AUC,0.35,0.05055467,4105 AUC
4105,AUC,0.38,0.05057153,4105 AUC
4105,AUC,0.41,0.0505888,4105 AUC
4105,AUC,0.5011,0.0506436,4105 AUC
4105,AUC,0.5922,0.0507016,4105 AUC
4105,AUC,0.6833,0.05076244,4105 AUC
4105,AUC,0.7744,0.05082585,4105 AUC
4105,AUC,0.8656,0.0508917,4105 AUC
4105,AUC,0.9567,0.05095965,4105 AUC
4105,AUC,1.0478,0.05102964,4105 AUC
4105,AUC,1.1389,0.05110154,4105 AUC
4105,AUC,1.23,0.05117524,4105 AUC
4105,AUC,1.5044,0.0514072,4105 AUC
4105,AUC,1.7789,0.05165273,4105 AUC
4105,AUC,2.0533,0.05191014,4105 AUC
4105,AUC,2.3278,0.05217844,4105 AUC
4105,AUC,2.6022,0.05245651,4105 AUC
4105,AUC,2.8767,0.0527438,4105 AUC
4105,AUC,3.1511,0.05303946,4105 AUC
4105,AUC,3.4256,0.05334316,4105 AUC
4105,AUC,3.7,0.0536542,4105 AUC
4105,AUC,4.5222,0.05462701,4105 AUC
4105,AUC,5.3444,0.05565446,4105 AUC
4105,AUC,6.1667,0.05673016,4105 AUC
4105,AUC,6.9889,0.05784875,4105 AUC
4105,AUC,7.8111,0.05900629,4105 AUC
4105,AUC,8.6333,0.06019941,4105 AUC
4105,AUC,9.4556,0.06142541,4105 AUC
4105,AUC,10.2778,0.06268156,4105 AUC
4105,AUC,11.1,0.06396588,4105 AUC
4105,AUC,13.5667,0.06797031,4105 AUC
4105,AUC,16.0333,0.07217138,4105 AUC
4105,AUC,18.5,0.07653859,4105 AUC
4105,AUC,20.9667,0.08104754,4105 AUC
4105,AUC,23.4333,0.08567828,4105 AUC
4105,AUC,25.9,0.09041471,4105 AUC
4105,AUC,28.3667,0.0952426,4105 AUC
4105,AUC,30.8333,0.10014963,4105 AUC
4105,AUC,33.3,0.10512557,4105 AUC
4105,AUC,40.7111,0.12039989,4105 AUC
4105,AUC,48.1222,0.13600978,4105 AUC
4105,AUC,55.5333,0.15180303,4105 AUC
4105,AUC,62.9444,0.16766374,4105 AUC
4105,AUC,70.3556,0.18350219,4105 AUC
4105,AUC,77.7667,0.19924742,4105 AUC
4105,AUC,85.1778,0.21484408,4105 AUC
4105,AUC,92.5889,0.23024838,4105 AUC
4105,AUC,100.0,0.24542599,4105 AUC
4105,MOV,0.0,0.0768775,4105 MOV
4105,MOV,0.0006,0.07687784,4105 MOV
4105,MOV,0.0011,0.07687812,4105 MOV
4105,MOV,0.0017,0.07687846,4105 MOV
4105,MOV,0.0022,0.07687875,4105 MOV
4105,MOV,0.0028,0.07687908,4105 MOV
4105,MOV,0.0033,0.07687937,4105 MOV
4105,MOV,0.0039,0.07687971,4105 MOV
4105,MOV,0.0044,0.07687999,4105 MOV
4105,MOV,0.005,0.07688033,4105 MOV
4105,MOV,0.0061,0.07688095,4105 MOV
4105,MOV,0.0072,0.07688157,4105 MOV
4105,MOV,0.0083,0.07688219,4105 MOV
4105,MOV,0.0094,0.07688281,4105 MOV
4105,MOV,0.0106,0.07688349,4105 MOV
4105,MOV,0.0117,0.07688411,4105 MOV
4105,MOV,0.0128,0.07688473,4105 MOV
4105,MOV,0.0139,0.07688535,4105 MOV
4105,MOV,0.015,0.07688597,4105 MOV
4105,MOV,0.0184,0.07688789,4105 MOV
4105,MOV,0.0219,0.07688987,4105 MOV
4105,MOV,0.0253,0.07689179,4105 MOV
4105,MOV,0.0288,0.07689376,4105 MOV
4105,MOV,0.0322,0.07689568,4105 MOV
4105,MOV,0.0357,0.07689766,4105 MOV
4105,MOV,0.0391,0.07689957,4105 MOV
4105,MOV,0.0426,0.07690155,4105 MOV
4105,MOV,0.046,0.07690347,4105 MOV
4105,MOV,0.0564,0.07690934,4105 MOV
4105,MOV,0.0669,0.07691527,4105 MOV
4105,MOV,0.0773,0.07692114,4105 MOV
4105,MOV,0.0878,0.07692706,4105 MOV
4105,MOV,0.0982,0.07693293,4105 MOV
4105,MOV,0.1087,0.07693886,4105 MOV
4105,MOV,0.1191,0.07694473,4105 MOV
4105,MOV,0.1296,0.07695066,4105 MOV
4105,MOV,0.14,0.07695653,4105 MOV
4105,MOV,0.17,0.07697346,4105 MOV
4105,MOV,0.2,0.07699039,4105 MOV
4105,MOV,0.23,0.07700733,4105 MOV
4105,MOV,0.26,0.07702426,4105 MOV
4105,MOV,0.29,0.07704119,4105 MOV
4105,MOV,0.32,0.07705812,4105 MOV
4105,MOV,0.35,0.07707505,4105 MOV
4105,MOV,0.38,0.07709199,4105 MOV
4105,MOV,0.41,0.07710892,4105 MOV
4105,MOV,0.5011,0.07716033,4105 MOV
4105,MOV,0.5922,0.07721173,4105 MOV
4105,MOV,0.6833,0.07726314,4105 MOV
4105,MOV,0.7744,0.07731454,4105 MOV
4105,MOV,0.8656,0.077366,4105 MOV
4105,MOV,0.9567,0.07741739,4105 MOV
4105,MOV,1.0478,0.07746879,4105 MOV
4105,MOV,1.1389,0.07752018,4105 MOV
4105,MOV,1.23,0.07757157,4105 MOV
4105,MOV,1.5044,0.07772633,4105 MOV
4105,MOV,1.7789,0.07788113,4105 MOV
4105,MOV,2.0533,0.07803584,4105 MOV
4105,MOV,2.3278,0.07819059,4105 MOV
4105,MOV,2.6022,0.07834525,4105 MOV
4105,MOV,2.8767,0.07849995,4105 MOV
4105,MOV,3.1511,0.07865456,4105 MOV
4105,MOV,3.4256,0.0788092,4105 MOV
4105,MOV,3.7,0.07896376,4105 MOV
4105,MOV,4.5222,0.07942671,4105 MOV
4105,MOV,5.3444,0.07988944,4105 MOV
4105,MOV,6.1667,0.08035199,4105 MOV
4105,MOV,6.9889,0.08081425,4105 MOV
4105,MOV,7.8111,0.08127628,4105 MOV
4105,MOV,8.6333,0.08173808,4105 MOV
4105,MOV,9.4556,0.0821997,4105 MOV
4105,MOV,10.2778,0.08266103,4105 MOV
4105,MOV,11.1,0.08312213,4105 MOV
4105,MOV,13.5667,0.08450409,4105 MOV
4105,MOV,16.0333,0.08588392,4105 MOV
4105,MOV,18.5,0.08726172,4105 MOV
4105,MOV,20.9667,0.08863745,4105 MOV
4105,MOV,23.4333,0.09001105,4105 MOV
4105,MOV,25.9,0.09138263,4105 MOV
4105,MOV,28.3667,0.09275215,4105 MOV
4105,MOV,30.8333,0.09411954,4105 MOV
4105,MOV,33.3,0.09548493,4105 MOV
4105,MOV,40.7111,0.09957482,4105 MOV
4105,MOV,48.1222,0.10364622,4105 MOV
4105,MOV,55.5333,0.10769921,4105 MOV
4105,MOV,62.9444,0.11173388,4105 MOV
4105,MOV,70.3556,0.11575035,4105 MOV
4105,MOV,77.7667,0.11974861,4105 MOV
4105,MOV,85.1778,0.12372879,4105 MOV
4105,MOV,92.5889,0.12769097,4105 MOV
4105,MOV,100.0,0.13163524,4105 MOV
4106,AUC,,,4106 AUC
4106,MOV,,,4106 MOV
4107,AUC,0.0,0.15076247,4107 AUC
4107,AUC,0.0006,0.15076365,4107 AUC
4107,AUC,0.0011,0.1507666,4107 AUC
4107,AUC,0.0017,0.15077224,4107 AUC
4107,AUC,0.0022,0.15077847,4107 AUC
4107,AUC,0.0028,0.15078759,4107 AUC
4107,AUC,0.0033,0.15079641,4107 AUC
4107,AUC,0.0039,0.15080834,4107 AUC
4107,AUC,0.0044,0.1508193,4107 AUC
4107,AUC,0.005,0.15083358,4107 AUC
4107,AUC,0.0061,0.15086267,4107 AUC
4107,AUC,0.0072,0.15089511,4107 AUC
4107,AUC,0.0083,0.15093052,4107 AUC
4107,AUC,0.0094,0.15096858,4107 AUC
4107,AUC,0.0106,0.15101282,4107 AUC
4107,AUC,0.0117,0.15105563,4107 AUC
4107,AUC,0.0128,0.15110041,4107 AUC
4107,AUC,0.0139,0.151147,4107 AUC
4107,AUC,0.015,0.15119527,4107 AUC
4107,AUC,0.0184,0.1513538,4107 AUC
4107,AUC,0.0219,0.15152952,4107 AUC
4107,AUC,0.0253,0.15171024,4107 AUC
4107,AUC,0.0288,0.1519049,4107 AUC
4107,AUC,0.0322,0.15210113,4107 AUC
4107,AUC,0.0357,0.15230943,4107 AUC
4107,AUC,0.0391,0.15251707,4107 AUC
4107,AUC,0.0426,0.15273557,4107 AUC
4107,AUC,0.046,0.15295188,4107 AUC
4107,AUC,0.0564,0.15363378,4107 AUC
4107,AUC,0.0669,0.15434581,4107 AUC
4107,AUC,0.0773,0.15506768,4107 AUC
4107,AUC,0.0878,0.15580848,4107 AUC
4107,AUC,0.0982,0.15655071,4107 AUC
4107,AUC,0.1087,0.15730608,4107 AUC
4107,AUC,0.1191,0.15805827,4107 AUC
4107,AUC,0.1296,0.15882023,4107 AUC
4107,AUC,0.14,0.15957629,4107 AUC
4107,AUC,0.17,0.16175703,4107 AUC
4107,AUC,0.2,0.16392688,4107 AUC
4107,AUC,0.23,0.16607738,4107 AUC
4107,AUC,0.26,0.16820376,4107 AUC
4107,AUC,0.29,0.17030333,4107 AUC
4107,AUC,0.32,0.1723747,4107 AUC
4107,AUC,0.35,0.17441724,4107 AUC
4107,AUC,0.38,0.17643082,4107 AUC
4107,AUC,0.41,0.17841564,4107 AUC
4107,AUC,0.5011,0.18427141,4107 AUC
4107,AUC,0.5922,0.18988275,4107 AUC
4107,AUC,0.6833,0.19526876,4107 AUC
4107,AUC,0.7744,0.20044796,4107 AUC
4107,AUC,0.8656,0.20544268,4107 AUC
4107,AUC,0.9567,0.21025715,4107 AUC
4107,AUC,1.0478,0.21491044,4107 AUC
4107,AUC,1.1389,0.21941452,4107 AUC
4107,AUC,1.23,0.22378003,4107 AUC
4107,AUC,1.5044,0.2361828,4107 AUC
4107,AUC,1.7789,0.24762368,4107 AUC
4107,AUC,2.0533,0.2582504,4107 AUC
4107,AUC,2.3278,0.26818952,4107 AUC
4107,AUC,2.6022,0.2775266,4107 AUC
4107,AUC,2.8767,0.28634264,4107 AUC
4107,AUC,3.1511,0.29469151,4107 AUC
4107,AUC,3.4256,0.30262919,4107 AUC
4107,AUC,3.7,0.31019165,4107 AUC
4107,AUC,4.5222,0.33095118,4107 AUC
4107,AUC,5.3444,0.34938017,4107 AUC
4107,AUC,6.1667,0.36596524,4107 AUC
4107,AUC,6.9889,0.38104492,4107 AUC
4107,AUC,7.8111,0.39487361,4107 AUC
4107,AUC,8.6333,0.40764315,4107 AUC
4107,AUC,9.4556,0.41950462,4107 AUC
4107,AUC,10.2778,0.43057443,4107 AUC
4107,AUC,11.1,0.44095084,4107 AUC
4107,AUC,13.5667,0.46865394,4107 AUC
4107,AUC,16.0333,0.49232331,4107 AUC
4107,AUC,18.5,0.5129463,4107 AUC
4107,AUC,20.9667,0.53118322,4107 AUC
4107,AUC,23.4333,0.5474999,4107 AUC
4107,AUC,25.9,0.5622395,4107 AUC
4107,AUC,28.3667,0.57565955,4107 AUC
4107,AUC,30.8333,0.58795955,4107 AUC
4107,AUC,33.3,0.59929855,4107 AUC
4107,AUC,40.7111,0.62874569,4107 AUC
4107,AUC,48.1222,0.65295495,4107 AUC
4107,AUC,55.5333,0.67337311,4107 AUC
4107,AUC,62.9444,0.69092868,4107 AUC
4107,AUC,70.3556,0.70625255,4107 AUC
4107,AUC,77.7667,0.71979171,4107 AUC
4107,AUC,85.1778,0.73187478,4107 AUC
4107,AUC,92.5889,0.74274961,4107 AUC
4107,AUC,100.0,0.75260763,4107 AUC
4107,MOV,,,4107 MOV
4109,AUC,,,4109 AUC
4109,MOV,,,4109 MOV
4111,AUC,,,4111 AUC
4111,MOV,,,4111 MOV
4112,AUC,,,4112 AUC
4112,MOV,,,4112 MOV
4113,AUC,,,4113 AUC
4113,MOV,,,4113 MOV
4114,AUC,,,4114 AUC
4114,MOV,,,4114 MOV
4115,AUC,0.0,1e-05,4115 AUC
4115,AUC,0.0006,0.02422539,4115 AUC
4115,AUC,0.0011,0.02736393,4115 AUC
4115,AUC,0.0017,0.02986603,4115 AUC
4115,AUC,0.0022,0.03145459,4115 AUC
4115,AUC,0.0028,0.03301688,4115 AUC
4115,AUC,0.0033,0.03412548,4115 AUC
4115,AUC,0.0039,0.03529083,4115 AUC
4115,AUC,0.0044,0.03615699,4115 AUC
4115,AUC,0.005,0.03709811,4115 AUC
4115,AUC,0.0061,0.03861099,4115 AUC
4115,AUC,0.0072,0.03991944,4115 AUC
4115,AUC,0.0083,0.04107676,4115 AUC
4115,AUC,0.0094,0.04211734,4115 AUC
4115,AUC,0.0106,0.0431469,4115 AUC
4115,AUC,0.0117,0.04401181,4115 AUC
4115,AUC,0.0128,0.04481401,4115 AUC
4115,AUC,0.0139,0.04556289,4115 AUC
4115,AUC,0.015,0.04626582,4115 AUC
4115,AUC,0.0184,0.04820545,4115 AUC
4115,AUC,0.0219,0.04992278,4115 AUC
4115,AUC,0.0253,0.05139232,4115 AUC
4115,AUC,0.0288,0.05274852,4115 AUC
4115,AUC,0.0322,0.05394519,4115 AUC
4115,AUC,0.0357,0.05507585,4115 AUC
4115,AUC,0.0391,0.05609233,4115 AUC
4115,AUC,0.0426,0.05706743,4115 AUC
4115,AUC,0.046,0.05795518,4115 AUC
4115,AUC,0.0564,0.06037924,4115 AUC
4115,AUC,0.0669,0.06248755,4115 AUC
4115,AUC,0.0773,0.06432931,4115 AUC
4115,AUC,0.0878,0.06599774,4115 AUC
4115,AUC,0.0982,0.06749983,4115 AUC
4115,AUC,0.1087,0.06889249,4115 AUC
4115,AUC,0.1191,0.07016967,4115 AUC
4115,AUC,0.1296,0.0713717,4115 AUC
4115,AUC,0.14,0.07248787,4115 AUC
4115,AUC,0.17,0.07537319,4115 AUC
4115,AUC,0.2,0.07787648,4115 AUC
4115,AUC,0.23,0.08009564,4115 AUC
4115,AUC,0.26,0.08209435,4115 AUC
4115,AUC,0.29,0.08391652,4115 AUC
4115,AUC,0.32,0.0855938,4115 AUC
4115,AUC,0.35,0.0871498,4115 AUC
4115,AUC,0.38,0.08860264,4115 AUC
4115,AUC,0.41,0.08996654,4115 AUC
4115,AUC,0.5011,0.09366986,4115 AUC
4115,AUC,0.5922,0.09686887,4115 AUC
4115,AUC,0.6833,0.09969597,4115 AUC
4115,AUC,0.7744,0.10223628,4115 AUC
4115,AUC,0.8656,0.10455043,4115 AUC
4115,AUC,0.9567,0.10667505,4115 AUC
4115,AUC,1.0478,0.10864371,4115 AUC
4115,AUC,1.1389,0.11048004,4115 AUC
4115,AUC,1.23,0.11220252,4115 AUC
4115,AUC,1.5044,0.11683838,4115 AUC
4115,AUC,1.7789,0.12084235,4115 AUC
4115,AUC,2.0533,0.12437824,4115 AUC
4115,AUC,2.3278,0.12755572,4115 AUC
4115,AUC,2.6022,0.13044561,4115 AUC
4115,AUC,2.8767,0.13310234,4115 AUC
4115,AUC,3.1511,0.13556279,4115 AUC
4115,AUC,3.4256,0.13785841,4115 AUC
4115,AUC,3.7,0.14001069,4115 AUC
4115,AUC,4.5222,0.14577453,4115 AUC
4115,AUC,5.3444,0.15075339,4115 AUC
4115,AUC,6.1667,0.15515385,4115 AUC
4115,AUC,6.9889,0.15910736,4115 AUC
4115,AUC,7.8111,0.16270508,4115 AUC
4115,AUC,8.6333,0.16601187,4115 AUC
4115,AUC,9.4556,0.16907623,4115 AUC
4115,AUC,10.2778,0.1719342,4115 AUC
4115,AUC,11.1,0.17461494,4115 AUC
4115,AUC,13.5667,0.18180322,4115 AUC
4115,AUC,16.0333,0.18801214,4115 AUC
4115,AUC,18.5,0.19349926,4115 AUC
4115,AUC,20.9667,0.19842959,4115 AUC
4115,AUC,23.4333,0.20291596,4115 AUC
4115,AUC,25.9,0.20703963,4115 AUC
4115,AUC,28.3667,0.21086046,4115 AUC
4115,AUC,30.8333,0.21442419,4115 AUC
4115,AUC,33.3,0.217767,4115 AUC
4115,MOV,,,4115 MOV
4116,AUC,,,4116 AUC
4116,MOV,,,4116 MOV
4117,AUC,,,4117 AUC
4117,MOV,0.0,0.00465531,4117 MOV
4117,MOV,0.0006,0.06484373,4117 MOV
4117,MOV,0.0011,0.07270789,4117 MOV
4117,MOV,0.0017,0.07888876,4117 MOV
4117,MOV,0.0022,0.08277268,4117 MOV
4117,MOV,0.0028,0.08656219,4117 MOV
4117,MOV,0.0033,0.08923325,4117 MOV
4117,MOV,0.0039,0.09202505,4117 MOV
4117,MOV,0.0044,0.09408953,4117 MOV
4117,MOV,0.005,0.09632255,4117 MOV
4117,MOV,0.0061,0.09989026,4117 MOV
4117,MOV,0.0072,0.10295418,4117 MOV
4117,MOV,0.0083,0.10564761,4117 MOV
4117,MOV,0.0094,0.10805615,4117 MOV
4117,MOV,0.0106,0.11042694,4117 MOV
4117,MOV,0.0117,0.11240925,4117 MOV
4117,MOV,0.0128,0.11424025,4117 MOV
4117,MOV,0.0139,0.115943,4117 MOV
4117,MOV,0.015,0.11753555,4117 MOV
4117,MOV,0.0184,0.12190142,4117 MOV
4117,MOV,0.0219,0.12573226,4117 MOV
4117,MOV,0.0253,0.12898482,4117 MOV
4117,MOV,0.0288,0.13196585,4117 MOV
4117,MOV,0.0322,0.13457985,4117 MOV
4117,MOV,0.0357,0.1370357,4117 MOV
4117,MOV,0.0391,0.13923206,4117 MOV
4117,MOV,0.0426,0.14132885,4117 MOV
4117,MOV,0.046,0.14322921,4117 MOV
4117,MOV,0.0564,0.14837695,4117 MOV
4117,MOV,0.0669,0.15280556,4117 MOV
4117,MOV,0.0773,0.15663781,4117 MOV
4117,MOV,0.0878,0.16008038,4117 MOV
4117,MOV,0.0982,0.16315644,4117 MOV
4117,MOV,0.1087,0.16598888,4117 MOV
4117,MOV,0.1191,0.16857005,4117 MOV
4117,MOV,0.1296,0.17098519,4117 MOV
4117,MOV,0.14,0.1732156,4117 MOV
4117,MOV,0.17,0.17892736,4117 MOV
4117,MOV,0.2,0.18382081,4117 MOV
4117,MOV,0.23,0.18811146,4117 MOV
4117,MOV,0.26,0.19193832,4117 MOV
4117,MOV,0.29,0.19539657,4117 MOV
4117,MOV,0.32,0.19855433,4117 MOV
4117,MOV,0.35,0.20146216,4117 MOV
4117,MOV,0.38,0.20415863,4117 MOV
4117,MOV,0.41,0.20667387,4117 MOV
4117,MOV,0.5011,0.21342542,4117 MOV
4117,MOV,0.5922,0.21916758,4117 MOV
4117,MOV,0.6833,0.22417417,4117 MOV
4117,MOV,0.7744,0.22861948,4117 MOV
4117,MOV,0.8656,0.23262574,4117 MOV
4117,MOV,0.9567,0.2362681,4117 MOV
4117,MOV,1.0478,0.23961291,4117 MOV
4117,MOV,1.1389,0.24270705,4117 MOV
4117,MOV,1.23,0.24558697,4117 MOV
4117,MOV,1.5044,0.2532321,4117 MOV
4117,MOV,1.7789,0.25971363,4117 MOV
4117,MOV,2.0533,0.26534611,4117 MOV
4117,MOV,2.3278,0.27033625,4117 MOV
4117,MOV,2.6022,0.27481715,4117 MOV
4117,MOV,2.8767,0.27888902,4117 MOV
4117,MOV,3.1511,0.28262011,4117 MOV
4117,MOV,3.4256,0.28606712,4117 MOV
4117,MOV,3.7,0.2892694,4117 MOV
4117,MOV,4.5222,0.29770747,4117 MOV
4117,MOV,5.3444,0.30483901,4117 MOV
4117,MOV,6.1667,0.31102428,4117 MOV
4117,MOV,6.9889,0.31648952,4117 MOV
4117,MOV,7.8111,0.32138916,4117 MOV
4117,MOV,8.6333,0.32583188,4117 MOV
4117,MOV,9.4556,0.32989799,4117 MOV
4117,MOV,10.2778,0.33364687,4117 MOV
4117,MOV,11.1,0.33712587,4117 MOV
4117,MOV,13.5667,0.34628016,4117 MOV
4117,MOV,16.0333,0.35398875,4117 MOV
4117,MOV,18.5,0.36065338,4117 MOV
4117,MOV,20.9667,0.36652704,4117 MOV
4117,MOV,23.4333,0.37177999,4117 MOV
4117,MOV,25.9,0.376533,4117 MOV
4117,MOV,28.3667,0.38087402,4117 MOV
4117,MOV,30.8333,0.38486951,4117 MOV
4117,MOV,33.3,0.38857133,4117 MOV
4117,MOV,40.7111,0.39829639,4117 MOV
4117,MOV,48.1222,0.40645247,4117 MOV
4117,MOV,55.5333,0.41347939,4117 MOV
4117,MOV,62.9444,0.41965385,4117 MOV
4117,MOV,70.3556,0.42516156,4117 MOV
4117,MOV,77.7667,0.43013306,4117 MOV
4117,MOV,85.1778,0.43466395,4117 MOV
4117,MOV,92.5889,0.43882623,4117 MOV
4117,MOV,100.0,0.44267551,4117 MOV
4119,AUC,,,4119 AUC
4119,MOV,,,4119 MOV
4120,AUC,,,4120 AUC
4120,MOV,,,4120 MOV
4121,AUC,0.0,0.10771163,4121 AUC
4121,AUC,0.0006,0.10777929,4121 AUC
4121,AUC,0.0011,0.10782202,4121 AUC
4121,AUC,0.0017,0.10786852,4121 AUC
4121,AUC,0.0022,0.10790483,4121 AUC
4121,AUC,0.0028,0.10794637,4121 AUC
4121,AUC,0.0033,0.10797967,4121 AUC
4121,AUC,0.0039,0.10801837,4121 AUC
4121,AUC,0.0044,0.10804975,4121 AUC
4121,AUC,0.005,0.10808651,4121 AUC
4121,AUC,0.0061,0.10815179,4121 AUC
4121,AUC,0.0072,0.10821483,4121 AUC
4121,AUC,0.0083,0.10827602,4121 AUC
4121,AUC,0.0094,0.10833566,4121 AUC
4121,AUC,0.0106,0.1083992,4121 AUC
4121,AUC,0.0117,0.10845623,4121 AUC
4121,AUC,0.0128,0.10851223,4121 AUC
4121,AUC,0.0139,0.1085673,4121 AUC
4121,AUC,0.015,0.10862154,4121 AUC
4121,AUC,0.0184,0.10878458,4121 AUC
4121,AUC,0.0219,0.10894639,4121 AUC
4121,AUC,0.0253,0.10909881,4121 AUC
4121,AUC,0.0288,0.10925158,4121 AUC
4121,AUC,0.0322,0.10939655,4121 AUC
4121,AUC,0.0357,0.10954269,4121 AUC
4121,AUC,0.0391,0.10968198,4121 AUC
4121,AUC,0.0426,0.10982292,4121 AUC
4121,AUC,0.046,0.10995767,4121 AUC
4121,AUC,0.0564,0.11035841,4121 AUC
4121,AUC,0.0669,0.11074843,4121 AUC
4121,AUC,0.0773,0.11112291,4121 AUC
4121,AUC,0.0878,0.11149096,4121 AUC
4121,AUC,0.0982,0.11184694,4121 AUC
4121,AUC,0.1087,0.11219876,4121 AUC
4121,AUC,0.1191,0.11254058,4121 AUC
4121,AUC,0.1296,0.11287964,4121 AUC
4121,AUC,0.14,0.11321004,4121 AUC
4121,AUC,0.17,0.11413684,4121 AUC
4121,AUC,0.2,0.11503071,4121 AUC
4121,AUC,0.23,0.11589732,4121 AUC
4121,AUC,0.26,0.11674077,4121 AUC
4121,AUC,0.29,0.11756411,4121 AUC
4121,AUC,0.32,0.11836971,4121 AUC
4121,AUC,0.35,0.11915946,4121 AUC
4121,AUC,0.38,0.11993491,4121 AUC
4121,AUC,0.41,0.12069732,4121 AUC
4121,AUC,0.5011,0.12294291,4121 AUC
4121,AUC,0.5922,0.12510003,4121 AUC
4121,AUC,0.6833,0.12718386,4121 AUC
4121,AUC,0.7744,0.12920525,4121 AUC
4121,AUC,0.8656,0.13117441,4121 AUC
4121,AUC,0.9567,0.13309328,4121 AUC
4121,AUC,1.0478,0.13496905,4121 AUC
4121,AUC,1.1389,0.13680578,4121 AUC
4121,AUC,1.23,0.13860683,4121 AUC
4121,AUC,1.5044,0.14384277,4121 AUC
4121,AUC,1.7789,0.14883888,4121 AUC
4121,AUC,2.0533,0.15363112,4121 AUC
4121,AUC,2.3278,0.15825137,4121 AUC
4121,AUC,2.6022,0.16271767,4121 AUC
4121,AUC,2.8767,0.16704995,4121 AUC
4121,AUC,3.1511,0.1712584,4121 AUC
4121,AUC,3.4256,0.17535708,4121 AUC
4121,AUC,3.7,0.17935214,4121 AUC
4121,AUC,4.5222,0.19078361,4121 AUC
4121,AUC,5.3444,0.20152176,4121 AUC
4121,AUC,6.1667,0.2116776,4121 AUC
4121,AUC,6.9889,0.22132878,4121 AUC
4121,AUC,7.8111,0.2305378,4121 AUC
4121,AUC,8.6333,0.23935302,4121 AUC
4121,AUC,9.4556,0.24781467,4121 AUC
4121,AUC,10.2778,0.25595321,4121 AUC
4121,AUC,11.1,0.26379707,4121 AUC
4121,AUC,13.5667,0.28578023,4121 AUC
4121,AUC,16.0333,0.30579202,4121 AUC
4121,AUC,18.5,0.32417435,4121 AUC
4121,AUC,20.9667,0.34117663,4121 AUC
4121,AUC,23.4333,0.3569899,4121 AUC
4121,AUC,25.9,0.37176675,4121 AUC
4121,AUC,28.3667,0.38562878,4121 AUC
4121,AUC,30.8333,0.39867618,4121 AUC
4121,AUC,33.3,0.41099419,4121 AUC
4121,MOV,0.0,0.06357452,4121 MOV
4121,MOV,0.0006,0.06357521,4121 MOV
4121,MOV,0.0011,0.06357579,4121 MOV
4121,MOV,0.0017,0.06357647,4121 MOV
4121,MOV,0.0022,0.06357705,4121 MOV
4121,MOV,0.0028,0.06357774,4121 MOV
4121,MOV,0.0033,0.06357831,4121 MOV
4121,MOV,0.0039,0.063579,4121 MOV
4121,MOV,0.0044,0.06357958,4121 MOV
4121,MOV,0.005,0.06358027,4121 MOV
4121,MOV,0.0061,0.06358153,4121 MOV
4121,MOV,0.0072,0.0635828,4121 MOV
4121,MOV,0.0083,0.06358406,4121 MOV
4121,MOV,0.0094,0.06358533,4121 MOV
4121,MOV,0.0106,0.06358671,4121 MOV
4121,MOV,0.0117,0.06358797,4121 MOV
4121,MOV,0.0128,0.06358923,4121 MOV
4121,MOV,0.0139,0.0635905,4121 MOV
4121,MOV,0.015,0.06359176,4121 MOV
4121,MOV,0.0184,0.06359567,4121 MOV
4121,MOV,0.0219,0.0635997,4121 MOV
4121,MOV,0.0253,0.0636036,4121 MOV
4121,MOV,0.0288,0.06360763,4121 MOV
4121,MOV,0.0322,0.06361153,4121 MOV
4121,MOV,0.0357,0.06361556,4121 MOV
4121,MOV,0.0391,0.06361947,4121 MOV
4121,MOV,0.0426,0.06362349,4121 MOV
4121,MOV,0.046,0.0636274,4121 MOV
4121,MOV,0.0564,0.06363935,4121 MOV
4121,MOV,0.0669,0.06365142,4121 MOV
4121,MOV,0.0773,0.06366338,4121 MOV
4121,MOV,0.0878,0.06367544,4121 MOV
4121,MOV,0.0982,0.0636874,4121 MOV
4121,MOV,0.1087,0.06369947,4121 MOV
4121,MOV,0.1191,0.06371142,4121 MOV
4121,MOV,0.1296,0.06372349,4121 MOV
4121,MOV,0.14,0.06373544,4121 MOV
4121,MOV,0.17,0.06376992,4121 MOV
4121,MOV,0.2,0.0638044,4121 MOV
4121,MOV,0.23,0.06383888,4121 MOV
4121,MOV,0.26,0.06387335,4121 MOV
4121,MOV,0.29,0.06390783,4121 MOV
4121,MOV,0.32,0.0639423,4121 MOV
4121,MOV,0.35,0.06397677,4121 MOV
4121,MOV,0.38,0.06401124,4121 MOV
4121,MOV,0.41,0.06404571,4121 MOV
4121,MOV,0.5011,0.06415037,4121 MOV
4121,MOV,0.5922,0.06425503,4121 MOV
4121,MOV,0.6833,0.06435967,4121 MOV
4121,MOV,0.7744,0.06446429,4121 MOV
4121,MOV,0.8656,0.06456903,4121 MOV
4121,MOV,0.9567,0.06467363,4121 MOV
4121,MOV,1.0478,0.06477823,4121 MOV
4121,MOV,1.1389,0.06488281,4121 MOV
4121,MOV,1.23,0.06498738,4121 MOV
4121,MOV,1.5044,0.06530228,4121 MOV
4121,MOV,1.7789,0.06561719,4121 MOV
4121,MOV,2.0533,0.06593188,4121 MOV
4121,MOV,2.3278,0.06624658,4121 MOV
4121,MOV,2.6022,0.06656106,4121 MOV
4121,MOV,2.8767,0.06687554,4121 MOV
4121,MOV,3.1511,0.06718981,4121 MOV
4121,MOV,3.4256,0.06750409,4121 MOV
4121,MOV,3.7,0.06781814,4121 MOV
4121,MOV,4.5222,0.06875853,4121 MOV
4121,MOV,5.3444,0.06969797,4121 MOV
4121,MOV,6.1667,0.07063657,4121 MOV
4121,MOV,6.9889,0.07157411,4121 MOV
4121,MOV,7.8111,0.07251071,4121 MOV
4121,MOV,8.6333,0.07344636,4121 MOV
4121,MOV,9.4556,0.07438119,4121 MOV
4121,MOV,10.2778,0.07531495,4121 MOV
4121,MOV,11.1,0.07624778,4121 MOV
4121,MOV,13.5667,0.07904072,4121 MOV
4121,MOV,16.0333,0.0818251,4121 MOV
4121,MOV,18.5,0.08460118,4121 MOV
4121,MOV,20.9667,0.08736887,4121 MOV
4121,MOV,23.4333,0.09012808,4121 MOV
4121,MOV,25.9,0.09287905,4121 MOV
4121,MOV,28.3667,0.09562171,4121 MOV
4121,MOV,30.8333,0.09835596,4121 MOV
4121,MOV,33.3,0.10108206,4121 MOV
4122,AUC,,,4122 AUC
4122,MOV,,,4122 MOV
4123,AUC,,,4123 AUC
4123,MOV,,,4123 MOV
4124,AUC,,,4124 AUC
4124,MOV,,,4124 MOV
4125,AUC,,,4125 AUC
4125,MOV,,,4125 MOV
4126,AUC,,,4126 AUC
4126,MOV,,,4126 MOV
4127,AUC,,,4127 AUC
4127,MOV,,,4127 MOV
4128,AUC,,,4128 AUC
4128,MOV,,,4128 MOV
4129,AUC,,,4129 AUC
4129,MOV,,,4129 MOV
4130,AUC,,,4130 AUC
4130,MOV,,,4130 MOV
4131,AUC,,,4131 AUC
4131,MOV,0.0,0.02826457,4131 MOV
4131,MOV,0.4111,0.02899716,4131 MOV
4131,MOV,0.8222,0.02967908,4131 MOV
4131,MOV,1.2333,0.03034287,4131 MOV
4131,MOV,1.6444,0.03099506,4131 MOV
4131,MOV,2.0556,0.03163881,4131 MOV
4131,MOV,2.4667,0.03227559,4131 MOV
4131,MOV,2.8778,0.03290669,4131 MOV
4131,MOV,3.2889,0.03353292,4131 MOV
4131,MOV,3.7,0.0341549,4131 MOV
4131,MOV,4.5222,0.03538785,4131 MOV
4131,MOV,5.3444,0.03660825,4131 MOV
4131,MOV,6.1667,0.0378181,4131 MOV
4131,MOV,6.9889,0.03901847,4131 MOV
4131,MOV,7.8111,0.04021051,4131 MOV
4131,MOV,8.6333,0.04139504,4131 MOV
4131,MOV,9.4556,0.04257284,4131 MOV
4131,MOV,10.2778,0.04374416,4131 MOV
4131,MOV,11.1,0.04490958,4131 MOV
4131,MOV,13.5667,0.04837412,4131 MOV
4131,MOV,16.0333,0.05179636,4131 MOV
4131,MOV,18.5,0.05518193,4131 MOV
4131,MOV,20.9667,0.05853459,4131 MOV
4131,MOV,23.4333,0.06185718,4131 MOV
4131,MOV,25.9,0.0651523,4131 MOV
4131,MOV,28.3667,0.06842171,4131 MOV
4131,MOV,30.8333,0.07166684,4131 MOV
4131,MOV,33.3,0.07488927,4131 MOV
4132,AUC,,,4132 AUC
4132,MOV,0.0,0.0628186,4132 MOV
4132,MOV,0.4111,0.06354142,4132 MOV
4132,MOV,0.8222,0.06506575,4132 MOV
4132,MOV,1.2333,0.0671759,4132 MOV
4132,MOV,1.6444,0.06978077,4132 MOV
4132,MOV,2.0556,0.07282244,4132 MOV
4132,MOV,2.4667,0.07625575,4132 MOV
4132,MOV,2.8778,0.08004622,4132 MOV
4132,MOV,3.2889,0.08416415,4132 MOV
4132,MOV,3.7,0.08858358,4132 MOV
4132,MOV,4.5222,0.09823614,4132 MOV
4132,MOV,5.3444,0.10884106,4132 MOV
4132,MOV,6.1667,0.12025973,4132 MOV
4132,MOV,6.9889,0.13236591,4132 MOV
4132,MOV,7.8111,0.14505057,4132 MOV
4132,MOV,8.6333,0.15821432,4132 MOV
4132,MOV,9.4556,0.17176905,4132 MOV
4132,MOV,10.2778,0.18563027,4132 MOV
4132,MOV,11.1,0.19972627,4132 MOV
4132,MOV,13.5667,0.24279671,4132 MOV
4132,MOV,16.0333,0.28597481,4132 MOV
4132,MOV,18.5,0.32824841,4132 MOV
4132,MOV,20.9667,0.36893858,4132 MOV
4132,MOV,23.4333,0.40762399,4132 MOV
4132,MOV,25.9,0.44407787,4132 MOV
4132,MOV,28.3667,0.47820449,4132 MOV
4132,MOV,30.8333,0.51000235,4132 MOV
4132,MOV,33.3,0.53953612,4132 MOV
4133,AUC,,,4133 AUC
4133,MOV,,,4133 MOV
4134,AUC,,,4134 AUC
4134,MOV,,,4134 MOV
4135,AUC,,,4135 AUC
4135,MOV,,,4135 MOV
4136,AUC,0.0,0.19323264,4136 AUC
4136,AUC,0.0006,0.19324277,4136 AUC
4136,AUC,0.0011,0.19325121,4136 AUC
4136,AUC,0.0017,0.19326133,4136 AUC
4136,AUC,0.0022,0.19326977,4136 AUC
4136,AUC,0.0028,0.1932799,4136 AUC
4136,AUC,0.0033,0.19328833,4136 AUC
4136,AUC,0.0039,0.19329846,4136 AUC
4136,AUC,0.0044,0.1933069,4136 AUC
4136,AUC,0.005,0.19331702,4136 AUC
4136,AUC,0.0061,0.19333559,4136 AUC
4136,AUC,0.0072,0.19335415,4136 AUC
4136,AUC,0.0083,0.19337271,4136 AUC
4136,AUC,0.0094,0.19339127,4136 AUC
4136,AUC,0.0106,0.19341152,4136 AUC
4136,AUC,0.0117,0.19343008,4136 AUC
4136,AUC,0.0128,0.19344864,4136 AUC
4136,AUC,0.0139,0.1934672,4136 AUC
4136,AUC,0.015,0.19348576,4136 AUC
4136,AUC,0.0184,0.19354312,4136 AUC
4136,AUC,0.0219,0.19360216,4136 AUC
4136,AUC,0.0253,0.19365952,4136 AUC
4136,AUC,0.0288,0.19371855,4136 AUC
4136,AUC,0.0322,0.1937759,4136 AUC
4136,AUC,0.0357,0.19383493,4136 AUC
4136,AUC,0.0391,0.19389226,4136 AUC
4136,AUC,0.0426,0.19395128,4136 AUC
4136,AUC,0.046,0.19400861,4136 AUC
4136,AUC,0.0564,0.19418395,4136 AUC
4136,AUC,0.0669,0.19436093,4136 AUC
4136,AUC,0.0773,0.19453618,4136 AUC
4136,AUC,0.0878,0.19471309,4136 AUC
4136,AUC,0.0982,0.19488827,4136 AUC
4136,AUC,0.1087,0.19506509,4136 AUC
4136,AUC,0.1191,0.19524019,4136 AUC
4136,AUC,0.1296,0.19541694,4136 AUC
4136,AUC,0.14,0.19559197,4136 AUC
4136,AUC,0.17,0.19609664,4136 AUC
4136,AUC,0.2,0.196601,4136 AUC
4136,AUC,0.23,0.19710503,4136 AUC
4136,AUC,0.26,0.19760876,4136 AUC
4136,AUC,0.29,0.19811216,4136 AUC
4136,AUC,0.32,0.19861525,4136 AUC
4136,AUC,0.35,0.19911803,4136 AUC
4136,AUC,0.38,0.19962049,4136 AUC
4136,AUC,0.41,0.20012263,4136 AUC
4136,AUC,0.5011,0.20164555,4136 AUC
4136,AUC,0.5922,0.20316556,4136 AUC
4136,AUC,0.6833,0.20468269,4136 AUC
4136,AUC,0.7744,0.20619692,4136 AUC
4136,AUC,0.8656,0.20770993,4136 AUC
4136,AUC,0.9567,0.20921839,4136 AUC
4136,AUC,1.0478,0.21072399,4136 AUC
4136,AUC,1.1389,0.21222672,4136 AUC
4136,AUC,1.23,0.21372659,4136 AUC
4136,AUC,1.5044,0.21822708,4136 AUC
4136,AUC,1.7789,0.22270343,4136 AUC
4136,AUC,2.0533,0.22715253,4136 AUC
4136,AUC,2.3278,0.23157778,4136 AUC
4136,AUC,2.6022,0.23597609,4136 AUC
4136,AUC,2.8767,0.24035081,4136 AUC
4136,AUC,3.1511,0.24469891,4136 AUC
4136,AUC,3.4256,0.24902368,4136 AUC
4136,AUC,3.7,0.25332214,4136 AUC
4136,AUC,4.5222,0.26605508,4136 AUC
4136,AUC,5.3444,0.27857089,4136 AUC
4136,AUC,6.1667,0.29087476,4136 AUC
4136,AUC,6.9889,0.30296732,4136 AUC
4136,AUC,7.8111,0.31485368,4136 AUC
4136,AUC,8.6333,0.32653734,4136 AUC
4136,AUC,9.4556,0.33802314,4136 AUC
4136,AUC,10.2778,0.3493117,4136 AUC
4136,AUC,11.1,0.36040775,4136 AUC
4136,MOV,0.0,0.00342272,4136 MOV
4136,MOV,0.0006,0.03401776,4136 MOV
4136,MOV,0.0011,0.03715709,4136 MOV
4136,MOV,0.0017,0.03955476,4136 MOV
4136,MOV,0.0022,0.04103322,4136 MOV
4136,MOV,0.0028,0.04245639,4136 MOV
4136,MOV,0.0033,0.04344867,4136 MOV
4136,MOV,0.0039,0.04447667,4136 MOV
4136,MOV,0.0044,0.0452311,4136 MOV
4136,MOV,0.005,0.0460418,4136 MOV
4136,MOV,0.0061,0.04732604,4136 MOV
4136,MOV,0.0072,0.04841859,4136 MOV
4136,MOV,0.0083,0.04937149,4136 MOV
4136,MOV,0.0094,0.05021786,4136 MOV
4136,MOV,0.0106,0.05104585,4136 MOV
4136,MOV,0.0117,0.05173441,4136 MOV
4136,MOV,0.0128,0.05236744,4136 MOV
4136,MOV,0.0139,0.05295365,4136 MOV
4136,MOV,0.015,0.05349981,4136 MOV
4136,MOV,0.0184,0.05498691,4136 MOV
4136,MOV,0.0219,0.05628007,4136 MOV
4136,MOV,0.0253,0.05736987,4136 MOV
4136,MOV,0.0288,0.0583624,4136 MOV
4136,MOV,0.0322,0.05922796,4136 MOV
4136,MOV,0.0357,0.06003725,4136 MOV
4136,MOV,0.0391,0.06075791,4136 MOV
4136,MOV,0.0426,0.06144324,4136 MOV
4136,MOV,0.046,0.06206218,4136 MOV
4136,MOV,0.0564,0.06372874,4136 MOV
4136,MOV,0.0669,0.0651513,4136 MOV
4136,MOV,0.0773,0.06637441,4136 MOV
4136,MOV,0.0878,0.06746722,4136 MOV
4136,MOV,0.0982,0.06843915,4136 MOV
4136,MOV,0.1087,0.06933045,4136 MOV
4136,MOV,0.1191,0.07013975,4136 MOV
4136,MOV,0.1296,0.07089454,4136 MOV
4136,MOV,0.14,0.07158956,4136 MOV
4136,MOV,0.17,0.07336086,4136 MOV
4136,MOV,0.2,0.07486915,4136 MOV
4136,MOV,0.23,0.07618507,4136 MOV
4136,MOV,0.26,0.07735385,4136 MOV
4136,MOV,0.29,0.07840628,4136 MOV
4136,MOV,0.32,0.0793643,4136 MOV
4136,MOV,0.35,0.08024408,4136 MOV
4136,MOV,0.38,0.08105793,4136 MOV
4136,MOV,0.41,0.08181544,4136 MOV
4136,MOV,0.5011,0.08384134,4136 MOV
4136,MOV,0.5922,0.08555645,4136 MOV
4136,MOV,0.6833,0.08704644,4136 MOV
4136,MOV,0.7744,0.08836549,4136 MOV
4136,MOV,0.8656,0.08955135,4136 MOV
4136,MOV,0.9567,0.09062726,4136 MOV
4136,MOV,1.0478,0.09161354,4136 MOV
4136,MOV,1.1389,0.0925245,4136 MOV
4136,MOV,1.23,0.09337126,4136 MOV
4136,MOV,1.5044,0.09561428,4136 MOV
4136,MOV,1.7789,0.0975111,4136 MOV
4136,MOV,2.0533,0.09915642,4136 MOV
4136,MOV,2.3278,0.10061212,4136 MOV
4136,MOV,2.6022,0.10191794,4136 MOV
4136,MOV,2.8767,0.10310363,4136 MOV
4136,MOV,3.1511,0.10418947,4136 MOV
4136,MOV,3.4256,0.10519219,4136 MOV
4136,MOV,3.7,0.10612343,4136 MOV
4136,MOV,4.5222,0.10857644,4136 MOV
4136,MOV,5.3444,0.11064943,4136 MOV
4136,MOV,6.1667,0.11244782,4136 MOV
4136,MOV,6.9889,0.11403762,4136 MOV
4136,MOV,7.8111,0.11546378,4136 MOV
4136,MOV,8.6333,0.11675787,4136 MOV
4136,MOV,9.4556,0.11794318,4136 MOV
4136,MOV,10.2778,0.11903691,4136 MOV
4136,MOV,11.1,0.12005276,4136 MOV
4137,AUC,,,4137 AUC
4137,MOV,,,4137 MOV
4138,AUC,,,4138 AUC
4138,MOV,,,4138 MOV
4139,AUC,,,4139 AUC
4139,MOV,0.0,0.02281362,4139 MOV
4139,MOV,0.0006,0.02281766,4139 MOV
4139,MOV,0.0011,0.02282102,4139 MOV
4139,MOV,0.0017,0.02282505,4139 MOV
4139,MOV,0.0022,0.02282842,4139 MOV
4139,MOV,0.0028,0.02283245,4139 MOV
4139,MOV,0.0033,0.02283582,4139 MOV
4139,MOV,0.0039,0.02283985,4139 MOV
4139,MOV,0.0044,0.02284322,4139 MOV
4139,MOV,0.005,0.02284725,4139 MOV
4139,MOV,0.0061,0.02285465,4139 MOV
4139,MOV,0.0072,0.02286205,4139 MOV
4139,MOV,0.0083,0.02286945,4139 MOV
4139,MOV,0.0094,0.02287685,4139 MOV
4139,MOV,0.0106,0.02288492,4139 MOV
4139,MOV,0.0117,0.02289232,4139 MOV
4139,MOV,0.0128,0.02289972,4139 MOV
4139,MOV,0.0139,0.02290711,4139 MOV
4139,MOV,0.015,0.02291451,4139 MOV
4139,MOV,0.0184,0.02293738,4139 MOV
4139,MOV,0.0219,0.02296092,4139 MOV
4139,MOV,0.0253,0.02298379,4139 MOV
4139,MOV,0.0288,0.02300732,4139 MOV
4139,MOV,0.0322,0.02303019,4139 MOV
4139,MOV,0.0357,0.02305373,4139 MOV
4139,MOV,0.0391,0.02307659,4139 MOV
4139,MOV,0.0426,0.02310013,4139 MOV
4139,MOV,0.046,0.02312299,4139 MOV
4139,MOV,0.0564,0.02319292,4139 MOV
4139,MOV,0.0669,0.02326352,4139 MOV
4139,MOV,0.0773,0.02333344,4139 MOV
4139,MOV,0.0878,0.02340403,4139 MOV
4139,MOV,0.0982,0.02347394,4139 MOV
4139,MOV,0.1087,0.02354452,4139 MOV
4139,MOV,0.1191,0.02361442,4139 MOV
4139,MOV,0.1296,0.02368499,4139 MOV
4139,MOV,0.14,0.02375488,4139 MOV
4139,MOV,0.17,0.02395646,4139 MOV
4139,MOV,0.2,0.024158,4139 MOV
4139,MOV,0.23,0.0243595,4139 MOV
4139,MOV,0.26,0.02456095,4139 MOV
4139,MOV,0.29,0.02476237,4139 MOV
4139,MOV,0.32,0.02496374,4139 MOV
4139,MOV,0.35,0.02516507,4139 MOV
4139,MOV,0.38,0.02536636,4139 MOV
4139,MOV,0.41,0.02556761,4139 MOV
4139,MOV,0.5011,0.02617848,4139 MOV
4139,MOV,0.5922,0.02678896,4139 MOV
4139,MOV,0.6833,0.02739906,4139 MOV
4139,MOV,0.7744,0.02800878,4139 MOV
4139,MOV,0.8656,0.02861879,4139 MOV
4139,MOV,0.9567,0.02922774,4139 MOV
4139,MOV,1.0478,0.02983632,4139 MOV
4139,MOV,1.1389,0.03044451,4139 MOV
4139,MOV,1.23,0.03105232,4139 MOV
4139,MOV,1.5044,0.03288079,4139 MOV
4139,MOV,1.7789,0.03470647,4139 MOV
4139,MOV,2.0533,0.03652805,4139 MOV
4139,MOV,2.3278,0.03834685,4139 MOV
4139,MOV,2.6022,0.04016155,4139 MOV
4139,MOV,2.8767,0.04197349,4139 MOV
4139,MOV,3.1511,0.04378135,4139 MOV
4139,MOV,3.4256,0.04558646,4139 MOV
4139,MOV,3.7,0.0473875,4139 MOV
4139,MOV,4.5222,0.05276374,4139 MOV
4139,MOV,5.3444,0.05810964,4139 MOV
4139,MOV,6.1667,0.06342602,4139 MOV
4139,MOV,6.9889,0.06871174,4139 MOV
4139,MOV,7.8111,0.07396764,4139 MOV
4139,MOV,8.6333,0.07919387,4139 MOV
4139,MOV,9.4556,0.08439124,4139 MOV
4139,MOV,10.2778,0.08955864,4139 MOV
4139,MOV,11.1,0.09469688,4139 MOV
4139,MOV,13.5667,0.10993888,4139 MOV
4139,MOV,16.0333,0.12492366,4139 MOV
4139,MOV,18.5,0.13965675,4139 MOV
4139,MOV,20.9667,0.15414179,4139 MOV
4139,MOV,23.4333,0.16838238,4139 MOV
4139,MOV,25.9,0.18238378,4139 MOV
4139,MOV,28.3667,0.19614946,4139 MOV
4139,MOV,30.8333,0.20968282,4139 MOV
4139,MOV,33.3,0.22298887,4139 MOV
4139,MOV,40.7111,0.26163382,4139 MOV
4139,MOV,48.1222,0.29835675,4139 MOV
4139,MOV,55.5333,0.33325325,4139 MOV
4139,MOV,62.9444,0.36641416,4139 MOV
4139,MOV,70.3556,0.39792621,4139 MOV
4139,MOV,77.7667,0.42787058,4139 MOV
4139,MOV,85.1778,0.45632566,4139 MOV
4139,MOV,92.5889,0.48336551,4139 MOV
4139,MOV,100.0,0.50906053,4139 MOV
4140,AUC,,,4140 AUC
4140,MOV,,,4140 MOV
4141,AUC,,,4141 AUC
4141,MOV,0.0,0.0010818,4141 MOV
4141,MOV,0.0006,0.01896379,4141 MOV
4141,MOV,0.0011,0.02157423,4141 MOV
4141,MOV,0.0017,0.02366279,4141 MOV
4141,MOV,0.0022,0.02499157,4141 MOV
4141,MOV,0.0028,0.02630011,4141 MOV
4141,MOV,0.0033,0.02722957,4141 MOV
4141,MOV,0.0039,0.02820732,4141 MOV
4141,MOV,0.0044,0.02893445,4141 MOV
4141,MOV,0.005,0.02972487,4141 MOV
4141,MOV,0.0061,0.03099618,4141 MOV
4141,MOV,0.0072,0.03209624,4141 MOV
4141,MOV,0.0083,0.03306959,4141 MOV
4141,MOV,0.0094,0.03394498,4141 MOV
4141,MOV,0.0106,0.03481125,4141 MOV
4141,MOV,0.0117,0.03553907,4141 MOV
4141,MOV,0.0128,0.03621417,4141 MOV
4141,MOV,0.0139,0.03684442,4141 MOV
4141,MOV,0.015,0.03743601,4141 MOV
4141,MOV,0.0184,0.03906838,4141 MOV
4141,MOV,0.0219,0.04051346,4141 MOV
4141,MOV,0.0253,0.04174976,4141 MOV
4141,MOV,0.0288,0.04289042,4141 MOV
4141,MOV,0.0322,0.0438966,4141 MOV
4141,MOV,0.0357,0.04484699,4141 MOV
4141,MOV,0.0391,0.04570114,4141 MOV
4141,MOV,0.0426,0.04652025,4141 MOV
4141,MOV,0.046,0.04726575,4141 MOV
4141,MOV,0.0564,0.04930008,4141 MOV
4141,MOV,0.0669,0.05106771,4141 MOV
4141,MOV,0.0773,0.05261042,4141 MOV
4141,MOV,0.0878,0.05400668,4141 MOV
4141,MOV,0.0982,0.05526266,4141 MOV
4141,MOV,0.1087,0.05642617,4141 MOV
4141,MOV,0.1191,0.05749234,4141 MOV
4141,MOV,0.1296,0.05849501,4141 MOV
4141,MOV,0.14,0.05942537,4141 MOV
4141,MOV,0.17,0.06182715,4141 MOV
4141,MOV,0.2,0.06390699,4141 MOV
4141,MOV,0.23,0.06574756,4141 MOV
4141,MOV,0.26,0.06740261,4141 MOV
4141,MOV,0.29,0.06890919,4141 MOV
4141,MOV,0.32,0.07029401,4141 MOV
4141,MOV,0.35,0.07157697,4141 MOV
4141,MOV,0.38,0.07277333,4141 MOV
4141,MOV,0.41,0.0738951,4141 MOV
4141,MOV,0.5011,0.07693413,4141 MOV
4141,MOV,0.5922,0.07955106,4141 MOV
4141,MOV,0.6833,0.0818572,4141 MOV
4141,MOV,0.7744,0.08392404,4141 MOV
4141,MOV,0.8656,0.08580238,4141 MOV
4141,MOV,0.9567,0.08752306,4141 MOV
4141,MOV,1.0478,0.08911411,4141 MOV
4141,MOV,1.1389,0.09059531,4141 MOV
4141,MOV,1.23,0.0919821,4141 MOV
4141,MOV,1.5044,0.09570197,4141 MOV
4141,MOV,1.7789,0.09889986,4141 MOV
4141,MOV,2.0533,0.10171222,4141 MOV
4141,MOV,2.3278,0.10423005,4141 MOV
4141,MOV,2.6022,0.10651213,4141 MOV
4141,MOV,2.8767,0.10860345,4141 MOV
4141,MOV,3.1511,0.11053453,4141 MOV
4141,MOV,3.4256,0.11233126,4141 MOV
4141,MOV,3.7,0.1140114,4141 MOV
4142,AUC,0.0,0.18651424,4142 AUC
4142,AUC,0.0006,0.18651573,4142 AUC
4142,AUC,0.0011,0.18651697,4142 AUC
4142,AUC,0.0017,0.18651845,4142 AUC
4142,AUC,0.0022,0.18651969,4142 AUC
4142,AUC,0.0028,0.18652117,4142 AUC
4142,AUC,0.0033,0.18652241,4142 AUC
4142,AUC,0.0039,0.18652389,4142 AUC
4142,AUC,0.0044,0.18652513,4142 AUC
4142,AUC,0.005,0.18652661,4142 AUC
4142,AUC,0.0061,0.18652933,4142 AUC
4142,AUC,0.0072,0.18653206,4142 AUC
4142,AUC,0.0083,0.18653478,4142 AUC
4142,AUC,0.0094,0.1865375,4142 AUC
4142,AUC,0.0106,0.18654047,4142 AUC
4142,AUC,0.0117,0.18654319,4142 AUC
4142,AUC,0.0128,0.18654591,4142 AUC
4142,AUC,0.0139,0.18654863,4142 AUC
4142,AUC,0.015,0.18655135,4142 AUC
4142,AUC,0.0184,0.18655976,4142 AUC
4142,AUC,0.0219,0.18656842,4142 AUC
4142,AUC,0.0253,0.18657683,4142 AUC
4142,AUC,0.0288,0.18658549,4142 AUC
4142,AUC,0.0322,0.1865939,4142 AUC
4142,AUC,0.0357,0.18660256,4142 AUC
4142,AUC,0.0391,0.18661097,4142 AUC
4142,AUC,0.0426,0.18661962,4142 AUC
4142,AUC,0.046,0.18662803,4142 AUC
4142,AUC,0.0564,0.18665376,4142 AUC
4142,AUC,0.0669,0.18667973,4142 AUC
4142,AUC,0.0773,0.18670545,4142 AUC
4142,AUC,0.0878,0.18673142,4142 AUC
4142,AUC,0.0982,0.18675714,4142 AUC
4142,AUC,0.1087,0.18678311,4142 AUC
4142,AUC,0.1191,0.18680883,4142 AUC
4142,AUC,0.1296,0.18683479,4142 AUC
4142,AUC,0.14,0.18686051,4142 AUC
4142,AUC,0.17,0.18693469,4142 AUC
4142,AUC,0.2,0.18700886,4142 AUC
4142,AUC,0.23,0.18708303,4142 AUC
4142,AUC,0.26,0.18715719,4142 AUC
4142,AUC,0.29,0.18723135,4142 AUC
4142,AUC,0.32,0.18730549,4142 AUC
4142,AUC,0.35,0.18737963,4142 AUC
4142,AUC,0.38,0.18745377,4142 AUC
4142,AUC,0.41,0.18752789,4142 AUC
4142,AUC,0.5011,0.18775295,4142 AUC
4142,AUC,0.5922,0.18797794,4142 AUC
4142,AUC,0.6833,0.18820287,4142 AUC
4142,AUC,0.7744,0.18842774,4142 AUC
4142,AUC,0.8656,0.1886528,4142 AUC
4142,AUC,0.9567,0.18887754,4142 AUC
4142,AUC,1.0478,0.18910222,4142 AUC
4142,AUC,1.1389,0.18932684,4142 AUC
4142,AUC,1.23,0.1895514,4142 AUC
4142,AUC,1.5044,0.19022741,4142 AUC
4142,AUC,1.7789,0.1909031,4142 AUC
4142,AUC,2.0533,0.19157798,4142 AUC
4142,AUC,2.3278,0.19225255,4142 AUC
4142,AUC,2.6022,0.19292631,4142 AUC
4142,AUC,2.8767,0.19359974,4142 AUC
4142,AUC,3.1511,0.19427238,4142 AUC
4142,AUC,3.4256,0.19494469,4142 AUC
4142,AUC,3.7,0.1956162,4142 AUC
4142,AUC,4.5222,0.19762494,4142 AUC
4142,AUC,5.3444,0.19962865,4142 AUC
4142,AUC,6.1667,0.20162761,4142 AUC
4142,AUC,6.9889,0.20362133,4142 AUC
4142,AUC,7.8111,0.20561007,4142 AUC
4142,AUC,8.6333,0.20759385,4142 AUC
4142,AUC,9.4556,0.20957291,4142 AUC
4142,AUC,10.2778,0.21154679,4142 AUC
4142,AUC,11.1,0.21351574,4142 AUC
4142,AUC,13.5667,0.21939338,4142 AUC
4142,AUC,16.0333,0.22522686,4142 AUC
4142,AUC,18.5,0.23101697,4142 AUC
4142,AUC,20.9667,0.23676382,4142 AUC
4142,AUC,23.4333,0.24246748,4142 AUC
4142,AUC,25.9,0.24812875,4142 AUC
4142,AUC,28.3667,0.25374772,4142 AUC
4142,AUC,30.8333,0.25932446,4142 AUC
4142,AUC,33.3,0.26485976,4142 AUC
4142,MOV,0.0,0.01821022,4142 MOV
4142,MOV,0.0006,0.13522444,4142 MOV
4142,MOV,0.0011,0.14699148,4142 MOV
4142,MOV,0.0017,0.15595601,4142 MOV
4142,MOV,0.0022,0.16147275,4142 MOV
4142,MOV,0.0028,0.1667745,4142 MOV
4142,MOV,0.0033,0.17046572,4142 MOV
4142,MOV,0.0039,0.17428499,4142 MOV
4142,MOV,0.0044,0.17708461,4142 MOV
4142,MOV,0.005,0.18008985,4142 MOV
4142,MOV,0.0061,0.1848435,4142 MOV
4142,MOV,0.0072,0.18888059,4142 MOV
4142,MOV,0.0083,0.19239617,4142 MOV
4142,MOV,0.0094,0.1955143,4142 MOV
4142,MOV,0.0106,0.19856061,4142 MOV
4142,MOV,0.0117,0.20109069,4142 MOV
4142,MOV,0.0128,0.20341417,4142 MOV
4142,MOV,0.0139,0.2055635,4142 MOV
4142,MOV,0.015,0.20756397,4142 MOV
4142,MOV,0.0184,0.21300097,4142 MOV
4142,MOV,0.0219,0.21771665,4142 MOV
4142,MOV,0.0253,0.22168158,4142 MOV
4142,MOV,0.0288,0.22528514,4142 MOV
4142,MOV,0.0322,0.2284218,4142 MOV
4142,MOV,0.0357,0.23134941,4142 MOV
4142,MOV,0.0391,0.23395219,4142 MOV
4142,MOV,0.0426,0.2364236,4142 MOV
4142,MOV,0.046,0.23865241,4142 MOV
4142,MOV,0.0564,0.24463838,4142 MOV
4142,MOV,0.0669,0.24972986,4142 MOV
4142,MOV,0.0773,0.25409385,4142 MOV
4142,MOV,0.0878,0.25798203,4142 MOV
4142,MOV,0.0982,0.26143127,4142 MOV
4142,MOV,0.1087,0.264587,4142 MOV
4142,MOV,0.1191,0.26744619,4142 MOV
4142,MOV,0.1296,0.2701074,4142 MOV
4142,MOV,0.14,0.27255323,4142 MOV
4142,MOV,0.17,0.2787661,4142 MOV
4142,MOV,0.2,0.28403287,4142 MOV
4142,MOV,0.23,0.28860985,4142 MOV
4142,MOV,0.26,0.29266075,4142 MOV
4142,MOV,0.29,0.29629672,4142 MOV
4142,MOV,0.32,0.29959675,4142 MOV
4142,MOV,0.35,0.30261905,4142 MOV
4142,MOV,0.38,0.30540777,4142 MOV
4142,MOV,0.41,0.30799723,4142 MOV
4142,MOV,0.5011,0.31489302,4142 MOV
4142,MOV,0.5922,0.32069681,4142 MOV
4142,MOV,0.6833,0.32571305,4142 MOV
4142,MOV,0.7744,0.33013358,4142 MOV
4142,MOV,0.8656,0.33409141,4142 MOV
4142,MOV,0.9567,0.33766875,4142 MOV
4142,MOV,1.0478,0.34093667,4142 MOV
4142,MOV,1.1389,0.34394532,4142 MOV
4142,MOV,1.23,0.34673349,4142 MOV
4142,MOV,1.5044,0.35407966,4142 MOV
4142,MOV,1.7789,0.36024673,4142 MOV
4142,MOV,2.0533,0.36556223,4142 MOV
4142,MOV,2.3278,0.37023865,4142 MOV
4142,MOV,2.6022,0.37441228,4142 MOV
4142,MOV,2.8767,0.37818446,4142 MOV
4142,MOV,3.1511,0.38162424,4142 MOV
4142,MOV,3.4256,0.3847882,4142 MOV
4142,MOV,3.7,0.3877158,4142 MOV
4142,MOV,4.5222,0.39537736,4142 MOV
4142,MOV,5.3444,0.40179509,4142 MOV
4142,MOV,6.1667,0.40732022,4142 MOV
4142,MOV,6.9889,0.41217152,4142 MOV
4142,MOV,7.8111,0.41649701,4142 MOV
4142,MOV,8.6333,0.42040024,4142 MOV
4142,MOV,9.4556,0.42395721,4142 MOV
4142,MOV,10.2778,0.42722395,4142 MOV
4142,MOV,11.1,0.4302448,4142 MOV
4142,MOV,13.5667,0.43814569,4142 MOV
4142,MOV,16.0333,0.44474695,4142 MOV
4142,MOV,18.5,0.45041756,4142 MOV
4142,MOV,20.9667,0.45538798,4142 MOV
4142,MOV,23.4333,0.45981225,4142 MOV
4142,MOV,25.9,0.46379892,4142 MOV
4142,MOV,28.3667,0.46742667,4142 MOV
4142,MOV,30.8333,0.47075465,4142 MOV
4142,MOV,33.3,0.47382881,4142 MOV
4143,AUC,,,4143 AUC
4143,MOV,,,4143 MOV
4144,AUC,,,4144 AUC
4144,MOV,,,4144 MOV
4145,AUC,,,4145 AUC
4145,MOV,,,4145 MOV
4146,AUC,,,4146 AUC
4146,MOV,,,4146 MOV
4147,AUC,,,4147 AUC
4147,MOV,,,4147 MOV
4148,AUC,0.0,0.26352378,4148 AUC
4148,AUC,0.0006,0.26355254,4148 AUC
4148,AUC,0.0011,0.2635765,4148 AUC
4148,AUC,0.0017,0.26360526,4148 AUC
4148,AUC,0.0022,0.26362923,4148 AUC
4148,AUC,0.0028,0.26365798,4148 AUC
4148,AUC,0.0033,0.26368195,4148 AUC
4148,AUC,0.0039,0.2637107,4148 AUC
4148,AUC,0.0044,0.26373466,4148 AUC
4148,AUC,0.005,0.26376341,4148 AUC
4148,AUC,0.0061,0.26381612,4148 AUC
4148,AUC,0.0072,0.26386883,4148 AUC
4148,AUC,0.0083,0.26392153,4148 AUC
4148,AUC,0.0094,0.26397423,4148 AUC
4148,AUC,0.0106,0.26403171,4148 AUC
4148,AUC,0.0117,0.2640844,4148 AUC
4148,AUC,0.0128,0.26413709,4148 AUC
4148,AUC,0.0139,0.26418977,4148 AUC
4148,AUC,0.015,0.26424245,4148 AUC
4148,AUC,0.0184,0.26440525,4148 AUC
4148,AUC,0.0219,0.2645728,4148 AUC
4148,AUC,0.0253,0.26473553,4148 AUC
4148,AUC,0.0288,0.26490301,4148 AUC
4148,AUC,0.0322,0.26506566,4148 AUC
4148,AUC,0.0357,0.26523306,4148 AUC
4148,AUC,0.0391,0.26539565,4148 AUC
4148,AUC,0.0426,0.26556297,4148 AUC
4148,AUC,0.046,0.26572548,4148 AUC
4148,AUC,0.0564,0.26622234,4148 AUC
4148,AUC,0.0669,0.26672364,4148 AUC
4148,AUC,0.0773,0.26721983,4148 AUC
4148,AUC,0.0878,0.26772045,4148 AUC
4148,AUC,0.0982,0.26821596,4148 AUC
4148,AUC,0.1087,0.2687159,4148 AUC
4148,AUC,0.1191,0.26921074,4148 AUC
4148,AUC,0.1296,0.26971,4148 AUC
4148,AUC,0.14,0.27020417,4148 AUC
4148,AUC,0.17,0.27162777,4148 AUC
4148,AUC,0.2,0.27304861,4148 AUC
4148,AUC,0.23,0.27446667,4148 AUC
4148,AUC,0.26,0.27588196,4148 AUC
4148,AUC,0.29,0.27729449,4148 AUC
4148,AUC,0.32,0.27870427,4148 AUC
4148,AUC,0.35,0.2801113,4148 AUC
4148,AUC,0.38,0.28151558,4148 AUC
4148,AUC,0.41,0.28291713,4148 AUC
4148,AUC,0.5011,0.28715642,4148 AUC
4148,AUC,0.5922,0.29137064,4148 AUC
4148,AUC,0.6833,0.29555995,4148 AUC
4148,AUC,0.7744,0.2997245,4148 AUC
4148,AUC,0.8656,0.30386895,4148 AUC
4148,AUC,0.9567,0.30798438,4148 AUC
4148,AUC,1.0478,0.31207547,4148 AUC
4148,AUC,1.1389,0.31614238,4148 AUC
4148,AUC,1.23,0.32018524,4148 AUC
4148,AUC,1.5044,0.33221881,4148 AUC
4148,AUC,1.7789,0.34404363,4148 AUC
4148,AUC,2.0533,0.35565488,4148 AUC
4148,AUC,2.3278,0.36706471,4148 AUC
4148,AUC,2.6022,0.37826845,4148 AUC
4148,AUC,2.8767,0.38927784,4148 AUC
4148,AUC,3.1511,0.40008838,4148 AUC
4148,AUC,3.4256,0.4107114,4148 AUC
4148,AUC,3.7,0.42114254,4148 AUC
4148,AUC,4.5222,0.4513054,4148 AUC
4148,AUC,5.3444,0.47989655,4148 AUC
4148,AUC,6.1667,0.50700109,4148 AUC
4148,AUC,6.9889,0.53269006,4148 AUC
4148,AUC,7.8111,0.55704045,4148 AUC
4148,AUC,8.6333,0.580122,4148 AUC
4148,AUC,9.4556,0.60200342,4148 AUC
4148,AUC,10.2778,0.62274206,4148 AUC
4148,AUC,11.1,0.64240005,4148 AUC
4148,MOV,,,4148 MOV
4149,AUC,,,4149 AUC
4149,MOV,,,4149 MOV
4150,AUC,,,4150 AUC
4150,MOV,,,4150 MOV
4151,AUC,,,4151 AUC
4151,MOV,,,4151 MOV
4152,AUC,,,4152 AUC
4152,MOV,,,4152 MOV
4153,AUC,,,4153 AUC
4153,MOV,,,4153 MOV
4154,AUC,,,4154 AUC
4154,MOV,,,4154 MOV
4155,AUC,,,4155 AUC
4155,MOV,,,4155 MOV
4156,AUC,0.0,0.25000024,4156 AUC
4156,AUC,0.0006,0.38969698,4156 AUC
4156,AUC,0.0011,0.38969774,4156 AUC
4156,AUC,0.0017,0.38969829,4156 AUC
4156,AUC,0.0022,0.38969861,4156 AUC
4156,AUC,0.0028,0.38969891,4156 AUC
4156,AUC,0.0033,0.38969912,4156 AUC
4156,AUC,0.0039,0.38969933,4156 AUC
4156,AUC,0.0044,0.38969948,4156 AUC
4156,AUC,0.005,0.38969964,4156 AUC
4156,AUC,0.0061,0.38969989,4156 AUC
4156,AUC,0.0072,0.3897001,4156 AUC
4156,AUC,0.0083,0.38970028,4156 AUC
4156,AUC,0.0094,0.38970044,4156 AUC
4156,AUC,0.0106,0.38970059,4156 AUC
4156,AUC,0.0117,0.38970071,4156 AUC
4156,AUC,0.0128,0.38970083,4156 AUC
4156,AUC,0.0139,0.38970093,4156 AUC
4156,AUC,0.015,0.38970102,4156 AUC
4156,AUC,0.0184,0.38970128,4156 AUC
4156,AUC,0.0219,0.3897015,4156 AUC
4156,AUC,0.0253,0.38970168,4156 AUC
4156,AUC,0.0288,0.38970185,4156 AUC
4156,AUC,0.0322,0.38970199,4156 AUC
4156,AUC,0.0357,0.38970212,4156 AUC
4156,AUC,0.0391,0.38970223,4156 AUC
4156,AUC,0.0426,0.38970234,4156 AUC
4156,AUC,0.046,0.38970243,4156 AUC
4156,AUC,0.0564,0.38970269,4156 AUC
4156,AUC,0.0669,0.38970291,4156 AUC
4156,AUC,0.0773,0.38970309,4156 AUC
4156,AUC,0.0878,0.38970325,4156 AUC
4156,AUC,0.0982,0.38970339,4156 AUC
4156,AUC,0.1087,0.38970352,4156 AUC
4156,AUC,0.1191,0.38970363,4156 AUC
4156,AUC,0.1296,0.38970374,4156 AUC
4156,AUC,0.14,0.38970383,4156 AUC
4156,AUC,0.17,0.38970408,4156 AUC
4156,AUC,0.2,0.38970428,4156 AUC
4156,AUC,0.23,0.38970446,4156 AUC
4156,AUC,0.26,0.38970461,4156 AUC
4156,AUC,0.29,0.38970475,4156 AUC
4156,AUC,0.32,0.38970487,4156 AUC
4156,AUC,0.35,0.38970499,4156 AUC
4156,AUC,0.38,0.38970509,4156 AUC
4156,AUC,0.41,0.38970519,4156 AUC
4156,AUC,0.5011,0.38970544,4156 AUC
4156,AUC,0.5922,0.38970565,4156 AUC
4156,AUC,0.6833,0.38970583,4156 AUC
4156,AUC,0.7744,0.38970599,4156 AUC
4156,AUC,0.8656,0.38970613,4156 AUC
4156,AUC,0.9567,0.38970625,4156 AUC
4156,AUC,1.0478,0.38970637,4156 AUC
4156,AUC,1.1389,0.38970647,4156 AUC
4156,AUC,1.23,0.38970657,4156 AUC
4156,AUC,1.5044,0.38970682,4156 AUC
4156,AUC,1.7789,0.38970703,4156 AUC
4156,AUC,2.0533,0.38970721,4156 AUC
4156,AUC,2.3278,0.38970737,4156 AUC
4156,AUC,2.6022,0.38970751,4156 AUC
4156,AUC,2.8767,0.38970764,4156 AUC
4156,AUC,3.1511,0.38970775,4156 AUC
4156,AUC,3.4256,0.38970786,4156 AUC
4156,AUC,3.7,0.38970795,4156 AUC
4156,AUC,4.5222,0.38970821,4156 AUC
4156,AUC,5.3444,0.38970842,4156 AUC
4156,AUC,6.1667,0.3897086,4156 AUC
4156,AUC,6.9889,0.38970875,4156 AUC
4156,AUC,7.8111,0.38970889,4156 AUC
4156,AUC,8.6333,0.38970902,4156 AUC
4156,AUC,9.4556,0.38970913,4156 AUC
4156,AUC,10.2778,0.38970924,4156 AUC
4156,AUC,11.1,0.38970934,4156 AUC
4156,AUC,13.5667,0.38970959,4156 AUC
4156,AUC,16.0333,0.3897098,4156 AUC
4156,AUC,18.5,0.38970998,4156 AUC
4156,AUC,20.9667,0.38971014,4156 AUC
4156,AUC,23.4333,0.38971028,4156 AUC
4156,AUC,25.9,0.3897104,4156 AUC
4156,AUC,28.3667,0.38971052,4156 AUC
4156,AUC,30.8333,0.38971062,4156 AUC
4156,AUC,33.3,0.38971072,4156 AUC
4156,AUC,40.7111,0.38971097,4156 AUC
4156,AUC,48.1222,0.38971118,4156 AUC
4156,AUC,55.5333,0.38971136,4156 AUC
4156,AUC,62.9444,0.38971152,4156 AUC
4156,AUC,70.3556,0.38971166,4156 AUC
4156,AUC,77.7667,0.38971179,4156 AUC
4156,AUC,85.1778,0.3897119,4156 AUC
4156,AUC,92.5889,0.389712,4156 AUC
4156,AUC,100.0,0.3897121,4156 AUC
4156,MOV,,,4156 MOV
4157,AUC,,,4157 AUC
4157,MOV,,,4157 MOV
4158,AUC,,,4158 AUC
4158,MOV,,,4158 MOV
4159,AUC,,,4159 AUC
4159,MOV,,,4159 MOV
4160,AUC,,,4160 AUC
4160,MOV,,,4160 MOV
4162,AUC,,,4162 AUC
4162,MOV,,,4162 MOV
4163,AUC,,,4163 AUC
4163,MOV,,,4163 MOV
4164,AUC,,,4164 AUC
4164,MOV,,,4164 MOV
4165,AUC,,,4165 AUC
4165,MOV,,,4165 MOV
4166,AUC,,,4166 AUC
4166,MOV,,,4166 MOV
4167,AUC,0.0,0.05199319,4167 AUC
4167,AUC,0.0006,0.05199369,4167 AUC
4167,AUC,0.0011,0.0519941,4167 AUC
4167,AUC,0.0017,0.0519946,4167 AUC
4167,AUC,0.0022,0.05199501,4167 AUC
4167,AUC,0.0028,0.05199551,4167 AUC
4167,AUC,0.0033,0.05199592,4167 AUC
4167,AUC,0.0039,0.05199642,4167 AUC
4167,AUC,0.0044,0.05199684,4167 AUC
4167,AUC,0.005,0.05199733,4167 AUC
4167,AUC,0.0061,0.05199824,4167 AUC
4167,AUC,0.0072,0.05199916,4167 AUC
4167,AUC,0.0083,0.05200007,4167 AUC
4167,AUC,0.0094,0.05200098,4167 AUC
4167,AUC,0.0106,0.05200197,4167 AUC
4167,AUC,0.0117,0.05200288,4167 AUC
4167,AUC,0.0128,0.0520038,4167 AUC
4167,AUC,0.0139,0.05200471,4167 AUC
4167,AUC,0.015,0.05200562,4167 AUC
4167,AUC,0.0184,0.05200844,4167 AUC
4167,AUC,0.0219,0.05201134,4167 AUC
4167,AUC,0.0253,0.05201415,4167 AUC
4167,AUC,0.0288,0.05201705,4167 AUC
4167,AUC,0.0322,0.05201987,4167 AUC
4167,AUC,0.0357,0.05202277,4167 AUC
4167,AUC,0.0391,0.05202559,4167 AUC
4167,AUC,0.0426,0.05202849,4167 AUC
4167,AUC,0.046,0.0520313,4167 AUC
4167,AUC,0.0564,0.05203992,4167 AUC
4167,AUC,0.0669,0.05204862,4167 AUC
4167,AUC,0.0773,0.05205724,4167 AUC
4167,AUC,0.0878,0.05206594,4167 AUC
4167,AUC,0.0982,0.05207455,4167 AUC
4167,AUC,0.1087,0.05208325,4167 AUC
4167,AUC,0.1191,0.05209187,4167 AUC
4167,AUC,0.1296,0.05210057,4167 AUC
4167,AUC,0.14,0.05210918,4167 AUC
4167,AUC,0.17,0.05213404,4167 AUC
4167,AUC,0.2,0.05215889,4167 AUC
4167,AUC,0.23,0.05218374,4167 AUC
4167,AUC,0.26,0.05220859,4167 AUC
4167,AUC,0.29,0.05223344,4167 AUC
4167,AUC,0.32,0.05225829,4167 AUC
4167,AUC,0.35,0.05228314,4167 AUC
4167,AUC,0.38,0.05230799,4167 AUC
4167,AUC,0.41,0.05233284,4167 AUC
4167,AUC,0.5011,0.05240829,4167 AUC
4167,AUC,0.5922,0.05248374,4167 AUC
4167,AUC,0.6833,0.05255918,4167 AUC
4167,AUC,0.7744,0.05263461,4167 AUC
4167,AUC,0.8656,0.05271013,4167 AUC
4167,AUC,0.9567,0.05278555,4167 AUC
4167,AUC,1.0478,0.05286096,4167 AUC
4167,AUC,1.1389,0.05293637,4167 AUC
4167,AUC,1.23,0.05301178,4167 AUC
4167,AUC,1.5044,0.05323887,4167 AUC
4167,AUC,1.7789,0.05346598,4167 AUC
4167,AUC,2.0533,0.05369296,4167 AUC
4167,AUC,2.3278,0.05391996,4167 AUC
4167,AUC,2.6022,0.05414683,4167 AUC
4167,AUC,2.8767,0.05437373,4167 AUC
4167,AUC,3.1511,0.05460049,4167 AUC
4167,AUC,3.4256,0.05482728,4167 AUC
4167,AUC,3.7,0.05505393,4167 AUC
4167,AUC,4.5222,0.05573273,4167 AUC
4167,AUC,5.3444,0.05641105,4167 AUC
4167,AUC,6.1667,0.05708896,4167 AUC
4167,AUC,6.9889,0.0577663,4167 AUC
4167,AUC,7.8111,0.05844316,4167 AUC
4167,AUC,8.6333,0.05911953,4167 AUC
4167,AUC,9.4556,0.05979549,4167 AUC
4167,AUC,10.2778,0.06047089,4167 AUC
4167,AUC,11.1,0.0611458,4167 AUC
4167,AUC,13.5667,0.06316771,4167 AUC
4167,AUC,16.0333,0.06518518,4167 AUC
4167,AUC,18.5,0.06719839,4167 AUC
4167,AUC,20.9667,0.06920727,4167 AUC
4167,AUC,23.4333,0.07121174,4167 AUC
4167,AUC,25.9,0.07321197,4167 AUC
4167,AUC,28.3667,0.0752079,4167 AUC
4167,AUC,30.8333,0.07719944,4167 AUC
4167,AUC,33.3,0.07918678,4167 AUC
4167,AUC,40.7111,0.08513194,4167 AUC
4167,AUC,48.1222,0.09103872,4167 AUC
4167,AUC,55.5333,0.09690737,4167 AUC
4167,AUC,62.9444,0.10273812,4167 AUC
4167,AUC,70.3556,0.1085313,4167 AUC
4167,AUC,77.7667,0.11428701,4167 AUC
4167,AUC,85.1778,0.12000555,4167 AUC
4167,AUC,92.5889,0.12568717,4167 AUC
4167,AUC,100.0,0.13133211,4167 AUC
4167,MOV,,,4167 MOV
4168,AUC,0.0,0.0794927,4168 AUC
4168,AUC,0.0006,0.11100279,4168 AUC
4168,AUC,0.0011,0.11564432,4168 AUC
4168,AUC,0.0017,0.11935402,4168 AUC
4168,AUC,0.0022,0.12171182,4168 AUC
4168,AUC,0.0028,0.12403165,4168 AUC
4168,AUC,0.0033,0.12567806,4168 AUC
4168,AUC,0.0039,0.12740869,4168 AUC
4168,AUC,0.0044,0.12869483,4168 AUC
4168,AUC,0.005,0.13009198,4168 AUC
4168,AUC,0.0061,0.13233706,4168 AUC
4168,AUC,0.0072,0.13427757,4168 AUC
4168,AUC,0.0083,0.13599282,4168 AUC
4168,AUC,0.0094,0.137534,4168 AUC
4168,AUC,0.0106,0.13905774,4168 AUC
4168,AUC,0.0117,0.14033687,4168 AUC
4168,AUC,0.0128,0.14152244,4168 AUC
4168,AUC,0.0139,0.14262847,4168 AUC
4168,AUC,0.015,0.14366594,4168 AUC
4168,AUC,0.0184,0.14652498,4168 AUC
4168,AUC,0.0219,0.14905144,4168 AUC
4168,AUC,0.0253,0.15120942,4168 AUC
4168,AUC,0.0288,0.15319755,4168 AUC
4168,AUC,0.0322,0.15494895,4168 AUC
4168,AUC,0.0357,0.1566012,4168 AUC
4168,AUC,0.0391,0.15808441,4168 AUC
4168,AUC,0.0426,0.15950525,4168 AUC
4168,AUC,0.046,0.16079706,4168 AUC
4168,AUC,0.0564,0.16431569,4168 AUC
4168,AUC,0.0669,0.16736521,4168 AUC
4168,AUC,0.0773,0.17002066,4168 AUC
4168,AUC,0.0878,0.17241911,4168 AUC
4168,AUC,0.0982,0.17457256,4168 AUC
4168,AUC,0.1087,0.17656404,4168 AUC
4168,AUC,0.1191,0.17838599,4168 AUC
4168,AUC,0.1296,0.18009687,4168 AUC
4168,AUC,0.14,0.18168214,4168 AUC
4168,AUC,0.17,0.18576457,4168 AUC
4168,AUC,0.2,0.18928805,4168 AUC
4168,AUC,0.23,0.192397,4168 AUC
4168,AUC,0.26,0.19518518,4168 AUC
4168,AUC,0.29,0.19771712,4168 AUC
4168,AUC,0.32,0.20003925,4168 AUC
4168,AUC,0.35,0.20218613,4168 AUC
4168,AUC,0.38,0.20418426,4168 AUC
4168,AUC,0.41,0.2060544,4168 AUC
4168,AUC,0.5011,0.21110431,4168 AUC
4168,AUC,0.5922,0.21543335,4168 AUC
4168,AUC,0.6833,0.21923329,4168 AUC
4168,AUC,0.7744,0.22262696,4168 AUC
4168,AUC,0.8656,0.22570128,4168 AUC
4168,AUC,0.9567,0.22850931,4168 AUC
4168,AUC,1.0478,0.23109879,4168 AUC
4168,AUC,1.1389,0.23350341,4168 AUC
4168,AUC,1.23,0.23574947,4168 AUC
4168,AUC,1.5044,0.24174885,4168 AUC
4168,AUC,1.7789,0.24687686,4168 AUC
4168,AUC,2.0533,0.25136406,4168 AUC
4168,AUC,2.3278,0.25536342,4168 AUC
4168,AUC,2.6022,0.25897371,4168 AUC
4168,AUC,2.8767,0.26227001,4168 AUC
4168,AUC,3.1511,0.26530341,4168 AUC
4168,AUC,3.4256,0.26811684,4168 AUC
4168,AUC,3.7,0.27073996,4168 AUC
4168,AUC,4.5222,0.27769523,4168 AUC
4168,AUC,5.3444,0.28362229,4168 AUC
4168,AUC,6.1667,0.28879883,4168 AUC
4168,AUC,6.9889,0.29340041,4168 AUC
4168,AUC,7.8111,0.29754771,4168 AUC
4168,AUC,8.6333,0.30132613,4168 AUC
4168,AUC,9.4556,0.30479909,4168 AUC
4168,AUC,10.2778,0.30801363,4168 AUC
4168,AUC,11.1,0.31100748,4168 AUC
4168,MOV,,,4168 MOV
4169,AUC,,,4169 AUC
4169,MOV,,,4169 MOV
4170,AUC,,,4170 AUC
4170,MOV,,,4170 MOV
4173,AUC,,,4173 AUC
4173,MOV,,,4173 MOV
4174,AUC,,,4174 AUC
4174,MOV,,,4174 MOV
4175,AUC,0.0,0.15946964,4175 AUC
4175,AUC,0.0006,0.18999294,4175 AUC
4175,AUC,0.0011,0.19393034,4175 AUC
4175,AUC,0.0017,0.19706785,4175 AUC
4175,AUC,0.0022,0.19905921,4175 AUC
4175,AUC,0.0028,0.2010172,4175 AUC
4175,AUC,0.0033,0.20240634,4175 AUC
4175,AUC,0.0039,0.20386638,4175 AUC
4175,AUC,0.0044,0.20495142,4175 AUC
4175,AUC,0.005,0.20613024,4175 AUC
4175,AUC,0.0061,0.20802496,4175 AUC
4175,AUC,0.0072,0.20966337,4175 AUC
4175,AUC,0.0083,0.21111234,4175 AUC
4175,AUC,0.0094,0.21241501,4175 AUC
4175,AUC,0.0106,0.21370373,4175 AUC
4175,AUC,0.0117,0.21478626,4175 AUC
4175,AUC,0.0128,0.2157902,4175 AUC
4175,AUC,0.0139,0.21672735,4175 AUC
4175,AUC,0.015,0.21760694,4175 AUC
4175,AUC,0.0184,0.22003371,4175 AUC
4175,AUC,0.0219,0.22218199,4175 AUC
4175,AUC,0.0253,0.22402003,4175 AUC
4175,AUC,0.0288,0.22571611,4175 AUC
4175,AUC,0.0322,0.2272125,4175 AUC
4175,AUC,0.0357,0.22862622,4175 AUC
4175,AUC,0.0391,0.22989708,4175 AUC
4175,AUC,0.0426,0.23111609,4175 AUC
4175,AUC,0.046,0.23222583,4175 AUC
4175,AUC,0.0564,0.23525565,4175 AUC
4175,AUC,0.0669,0.23789037,4175 AUC
4175,AUC,0.0773,0.24019167,4175 AUC
4175,AUC,0.0878,0.24227612,4175 AUC
4175,AUC,0.0982,0.24415257,4175 AUC
4175,AUC,0.1087,0.24589215,4175 AUC
4175,AUC,0.1191,0.24748732,4175 AUC
4175,AUC,0.1296,0.24898854,4175 AUC
4175,AUC,0.14,0.25038241,4175 AUC
4175,AUC,0.17,0.25398516,4175 AUC
4175,AUC,0.2,0.25711039,4175 AUC
4175,AUC,0.23,0.25988051,4175 AUC
4175,AUC,0.26,0.26237515,4175 AUC
4175,AUC,0.29,0.26464921,4175 AUC
4175,AUC,0.32,0.26674225,4175 AUC
4175,AUC,0.35,0.26868378,4175 AUC
4175,AUC,0.38,0.27049644,4175 AUC
4175,AUC,0.41,0.27219803,4175 AUC
4175,AUC,0.5011,0.27681762,4175 AUC
4175,AUC,0.5922,0.28080746,4175 AUC
4175,AUC,0.6833,0.28433293,4175 AUC
4175,AUC,0.7744,0.28750038,4175 AUC
4175,AUC,0.8656,0.29038552,4175 AUC
4175,AUC,0.9567,0.29303409,4175 AUC
4175,AUC,1.0478,0.29548802,4175 AUC
4175,AUC,1.1389,0.29777681,4175 AUC
4175,AUC,1.23,0.29992353,4175 AUC
4175,AUC,1.5044,0.3057004,4175 AUC
4175,AUC,1.7789,0.31068895,4175 AUC
4175,AUC,2.0533,0.31509363,4175 AUC
4175,AUC,2.3278,0.3190513,4175 AUC
4175,AUC,2.6022,0.32265032,4175 AUC
4175,AUC,2.8767,0.32595861,4175 AUC
4175,AUC,3.1511,0.32902217,4175 AUC
4175,AUC,3.4256,0.33188021,4175 AUC
4175,AUC,3.7,0.33455957,4175 AUC
4175,AUC,4.5222,0.34173381,4175 AUC
4175,AUC,5.3444,0.34792965,4175 AUC
4175,AUC,6.1667,0.35340468,4175 AUC
4175,AUC,6.9889,0.3583228,4175 AUC
4175,AUC,7.8111,0.36279763,4175 AUC
4175,AUC,8.6333,0.36691,4175 AUC
4175,AUC,9.4556,0.37072037,4175 AUC
4175,AUC,10.2778,0.37427365,4175 AUC
4175,AUC,11.1,0.37760618,4175 AUC
4175,AUC,13.5667,0.38654024,4175 AUC
4175,AUC,16.0333,0.39425468,4175 AUC
4175,AUC,18.5,0.40107035,4175 AUC
4175,AUC,20.9667,0.40719279,4175 AUC
4175,AUC,23.4333,0.41276251,4175 AUC
4175,AUC,25.9,0.41788071,4175 AUC
4175,AUC,28.3667,0.42262192,4175 AUC
4175,AUC,30.8333,0.4270431,4175 AUC
4175,AUC,33.3,0.43118931,4175 AUC
4175,AUC,40.7111,0.44231701,4175 AUC
4175,AUC,48.1222,0.45192094,4175 AUC
4175,AUC,55.5333,0.46040158,4175 AUC
4175,AUC,62.9444,0.46801629,4175 AUC
4175,AUC,70.3556,0.47494102,4175 AUC
4175,AUC,77.7667,0.48130145,4175 AUC
4175,AUC,85.1778,0.48719109,4175 AUC
4175,AUC,92.5889,0.49268128,4175 AUC
4175,AUC,100.0,0.49782785,4175 AUC
4175,MOV,0.0,0.04056538,4175 MOV
4175,MOV,0.0006,0.0558333,4175 MOV
4175,MOV,0.0011,0.05868648,4175 MOV
4175,MOV,0.0017,0.06100295,4175 MOV
4175,MOV,0.0022,0.06248876,4175 MOV
4175,MOV,0.0028,0.06395939,4175 MOV
4175,MOV,0.0033,0.06500778,4175 MOV
4175,MOV,0.0039,0.06611357,4175 MOV
4175,MOV,0.0044,0.06693763,4175 MOV
4175,MOV,0.005,0.06783487,4175 MOV
4175,MOV,0.0061,0.06928069,4175 MOV
4175,MOV,0.0072,0.07053402,4175 MOV
4175,MOV,0.0083,0.07164436,4175 MOV
4175,MOV,0.0094,0.07264385,4175 MOV
4175,MOV,0.0106,0.07363358,4175 MOV
4175,MOV,0.0117,0.07446553,4175 MOV
4175,MOV,0.0128,0.07523745,4175 MOV
4175,MOV,0.0139,0.07595825,4175 MOV
4175,MOV,0.015,0.07663493,4175 MOV
4175,MOV,0.0184,0.07850219,4175 MOV
4175,MOV,0.0219,0.08015493,4175 MOV
4175,MOV,0.0253,0.08156832,4175 MOV
4175,MOV,0.0288,0.08287167,4175 MOV
4175,MOV,0.0322,0.08402066,4175 MOV
4175,MOV,0.0357,0.08510524,4175 MOV
4175,MOV,0.0391,0.08607932,4175 MOV
4175,MOV,0.0426,0.08701279,4175 MOV
4175,MOV,0.046,0.08786178,4175 MOV
4175,MOV,0.0564,0.09017538,4175 MOV
4175,MOV,0.0669,0.09218157,4175 MOV
4175,MOV,0.0773,0.09392908,4175 MOV
4175,MOV,0.0878,0.09550778,4175 MOV
4175,MOV,0.0982,0.09692538,4175 MOV
4175,MOV,0.1087,0.09823644,4175 MOV
4175,MOV,0.1191,0.09943591,4175 MOV
4175,MOV,0.1296,0.10056226,4175 MOV
4175,MOV,0.14,0.10160588,4175 MOV
4175,MOV,0.17,0.10429322,4175 MOV
4175,MOV,0.2,0.10661218,4175 MOV
4175,MOV,0.23,0.10865788,4175 MOV
4175,MOV,0.26,0.1104921,4175 MOV
4175,MOV,0.29,0.11215737,4175 MOV
4175,MOV,0.32,0.1136843,4175 MOV
4175,MOV,0.35,0.1150957,4175 MOV
4175,MOV,0.38,0.11640903,4175 MOV
4175,MOV,0.41,0.117638,4175 MOV
4175,MOV,0.5011,0.12095535,4175 MOV
4175,MOV,0.5922,0.12379777,4175 MOV
4175,MOV,0.6833,0.12629171,4175 MOV
4175,MOV,0.7744,0.1285182,4175 MOV
4175,MOV,0.8656,0.13053452,4175 MOV
4175,MOV,0.9567,0.13237568,4175 MOV
4175,MOV,1.0478,0.13407312,4175 MOV
4175,MOV,1.1389,0.13564904,4175 MOV
4175,MOV,1.23,0.13712077,4175 MOV
4175,MOV,1.5044,0.14105061,4175 MOV
4175,MOV,1.7789,0.14440843,4175 MOV
4175,MOV,2.0533,0.1473459,4175 MOV
4175,MOV,2.3278,0.14996354,4175 MOV
4175,MOV,2.6022,0.15232624,4175 MOV
4175,MOV,2.8767,0.1544833,4175 MOV
4175,MOV,3.1511,0.15646826,4175 MOV
4175,MOV,3.4256,0.15830926,4175 MOV
4175,MOV,3.7,0.16002575,4175 MOV
4175,MOV,4.5222,0.16457751,4175 MOV
4175,MOV,5.3444,0.16845727,4175 MOV
4175,MOV,6.1667,0.1718468,4175 MOV
4175,MOV,6.9889,0.17486093,4175 MOV
4175,MOV,7.8111,0.17757855,4175 MOV
4175,MOV,8.6333,0.18005548,4175 MOV
4175,MOV,9.4556,0.18233312,4175 MOV
4175,MOV,10.2778,0.18444219,4175 MOV
4175,MOV,11.1,0.18640733,4175 MOV
4175,MOV,13.5667,0.19161489,4175 MOV
4175,MOV,16.0333,0.19604189,4175 MOV
4175,MOV,18.5,0.19990073,4175 MOV
4175,MOV,20.9667,0.20332611,4175 MOV
4175,MOV,23.4333,0.20640923,4175 MOV
4175,MOV,25.9,0.20921518,4175 MOV
4175,MOV,28.3667,0.21179158,4175 MOV
4175,MOV,30.8333,0.21417456,4175 MOV
4175,MOV,33.3,0.21639246,4175 MOV
4175,MOV,40.7111,0.22226602,4175 MOV
4175,MOV,48.1222,0.22724537,4175 MOV
4175,MOV,55.5333,0.23157534,4175 MOV
4175,MOV,62.9444,0.2354112,4175 MOV
4175,MOV,70.3556,0.23885789,4175 MOV
4175,MOV,77.7667,0.24198965,4175 MOV
4175,MOV,85.1778,0.24486115,4175 MOV
4175,MOV,92.5889,0.24751377,4175 MOV
4175,MOV,100.0,0.24997964,4175 MOV
4176,AUC,0.0,0.07591814,4176 AUC
4176,AUC,0.0006,0.07591943,4176 AUC
4176,AUC,0.0011,0.07592049,4176 AUC
4176,AUC,0.0017,0.07592178,4176 AUC
4176,AUC,0.0022,0.07592284,4176 AUC
4176,AUC,0.0028,0.07592413,4176 AUC
4176,AUC,0.0033,0.07592519,4176 AUC
4176,AUC,0.0039,0.07592648,4176 AUC
4176,AUC,0.0044,0.07592754,4176 AUC
4176,AUC,0.005,0.07592883,4176 AUC
4176,AUC,0.0061,0.07593118,4176 AUC
4176,AUC,0.0072,0.07593353,4176 AUC
4176,AUC,0.0083,0.07593588,4176 AUC
4176,AUC,0.0094,0.07593823,4176 AUC
4176,AUC,0.0106,0.07594079,4176 AUC
4176,AUC,0.0117,0.07594314,4176 AUC
4176,AUC,0.0128,0.07594549,4176 AUC
4176,AUC,0.0139,0.07594784,4176 AUC
4176,AUC,0.015,0.07595019,4176 AUC
4176,AUC,0.0184,0.07595746,4176 AUC
4176,AUC,0.0219,0.07596494,4176 AUC
4176,AUC,0.0253,0.0759722,4176 AUC
4176,AUC,0.0288,0.07597968,4176 AUC
4176,AUC,0.0322,0.07598694,4176 AUC
4176,AUC,0.0357,0.07599442,4176 AUC
4176,AUC,0.0391,0.07600168,4176 AUC
4176,AUC,0.0426,0.07600916,4176 AUC
4176,AUC,0.046,0.07601642,4176 AUC
4176,AUC,0.0564,0.07603864,4176 AUC
4176,AUC,0.0669,0.07606107,4176 AUC
4176,AUC,0.0773,0.07608329,4176 AUC
4176,AUC,0.0878,0.07610572,4176 AUC
4176,AUC,0.0982,0.07612794,4176 AUC
4176,AUC,0.1087,0.07615037,4176 AUC
4176,AUC,0.1191,0.07617258,4176 AUC
4176,AUC,0.1296,0.07619501,4176 AUC
4176,AUC,0.14,0.07621723,4176 AUC
4176,AUC,0.17,0.0762813,4176 AUC
4176,AUC,0.2,0.07634537,4176 AUC
4176,AUC,0.23,0.07640944,4176 AUC
4176,AUC,0.26,0.0764735,4176 AUC
4176,AUC,0.29,0.07653756,4176 AUC
4176,AUC,0.32,0.07660162,4176 AUC
4176,AUC,0.35,0.07666567,4176 AUC
4176,AUC,0.38,0.07672971,4176 AUC
4176,AUC,0.41,0.07679375,4176 AUC
4176,AUC,0.5011,0.0769882,4176 AUC
4176,AUC,0.5922,0.0771826,4176 AUC
4176,AUC,0.6833,0.07737696,4176 AUC
4176,AUC,0.7744,0.07757128,4176 AUC
4176,AUC,0.8656,0.07776577,4176 AUC
4176,AUC,0.9567,0.07796001,4176 AUC
4176,AUC,1.0478,0.07815421,4176 AUC
4176,AUC,1.1389,0.07834837,4176 AUC
4176,AUC,1.23,0.07854248,4176 AUC
4176,AUC,1.5044,0.07912693,4176 AUC
4176,AUC,1.7789,0.07971121,4176 AUC
4176,AUC,2.0533,0.08029492,4176 AUC
4176,AUC,2.3278,0.08087846,4176 AUC
4176,AUC,2.6022,0.08146142,4176 AUC
4176,AUC,2.8767,0.08204423,4176 AUC
4176,AUC,3.1511,0.08262645,4176 AUC
4176,AUC,3.4256,0.08320852,4176 AUC
4176,AUC,3.7,0.08379,4176 AUC
4176,AUC,4.5222,0.08553013,4176 AUC
4176,AUC,5.3444,0.08726696,4176 AUC
4176,AUC,6.1667,0.08900069,4176 AUC
4176,AUC,6.9889,0.09073092,4176 AUC
4176,AUC,7.8111,0.09245787,4176 AUC
4176,AUC,8.6333,0.09418154,4176 AUC
4176,AUC,9.4556,0.09590214,4176 AUC
4176,AUC,10.2778,0.09761926,4176 AUC
4176,AUC,11.1,0.09933313,4176 AUC
4176,AUC,13.5667,0.10445542,4176 AUC
4176,AUC,16.0333,0.10954837,4176 AUC
4176,AUC,18.5,0.11461256,4176 AUC
4176,AUC,20.9667,0.11964796,4176 AUC
4176,AUC,23.4333,0.12465451,4176 AUC
4176,AUC,25.9,0.12963279,4176 AUC
4176,AUC,28.3667,0.13458276,4176 AUC
4176,AUC,30.8333,0.13950438,4176 AUC
4176,AUC,33.3,0.14439821,4176 AUC
4176,AUC,40.7111,0.15893473,4176 AUC
4176,AUC,48.1222,0.17322427,4176 AUC
4176,AUC,55.5333,0.18727103,4176 AUC
4176,AUC,62.9444,0.20107915,4176 AUC
4176,AUC,70.3556,0.21465284,4176 AUC
4176,AUC,77.7667,0.22799575,4176 AUC
4176,AUC,85.1778,0.24111195,4176 AUC
4176,AUC,92.5889,0.25400532,4176 AUC
4176,AUC,100.0,0.26667963,4176 AUC
4176,MOV,,,4176 MOV
4177,AUC,,,4177 AUC
4177,MOV,,,4177 MOV
4178,AUC,,,4178 AUC
4178,MOV,,,4178 MOV
4180,AUC,,,4180 AUC
4180,MOV,,,4180 MOV
4181,AUC,,,4181 AUC
4181,MOV,,,4181 MOV
4182,AUC,0.0,0.03966341,4182 AUC
4182,AUC,0.0006,0.03972121,4182 AUC
4182,AUC,0.0011,0.03976303,4182 AUC
4182,AUC,0.0017,0.03981068,4182 AUC
4182,AUC,0.0022,0.03984905,4182 AUC
4182,AUC,0.0028,0.03989394,4182 AUC
4182,AUC,0.0033,0.0399306,4182 AUC
4182,AUC,0.0039,0.03997384,4182 AUC
4182,AUC,0.0044,0.04000936,4182 AUC
4182,AUC,0.005,0.04005144,4182 AUC
4182,AUC,0.0061,0.0401273,4182 AUC
4182,AUC,0.0072,0.04020178,4182 AUC
4182,AUC,0.0083,0.04027509,4182 AUC
4182,AUC,0.0094,0.04034741,4182 AUC
4182,AUC,0.0106,0.04042533,4182 AUC
4182,AUC,0.0117,0.04049596,4182 AUC
4182,AUC,0.0128,0.04056592,4182 AUC
4182,AUC,0.0139,0.04063526,4182 AUC
4182,AUC,0.015,0.04070405,4182 AUC
4182,AUC,0.0184,0.04091356,4182 AUC
4182,AUC,0.0219,0.04112511,4182 AUC
4182,AUC,0.0253,0.0413273,4182 AUC
4182,AUC,0.0288,0.04153254,4182 AUC
4182,AUC,0.0322,0.04172946,4182 AUC
4182,AUC,0.0357,0.04192995,4182 AUC
4182,AUC,0.0391,0.04212278,4182 AUC
4182,AUC,0.0426,0.04231948,4182 AUC
4182,AUC,0.046,0.04250896,4182 AUC
4182,AUC,0.0564,0.04308004,4182 AUC
4182,AUC,0.0669,0.04364558,4182 AUC
4182,AUC,0.0773,0.04419666,4182 AUC
4182,AUC,0.0878,0.04474523,4182 AUC
4182,AUC,0.0982,0.04528182,4182 AUC
4182,AUC,0.1087,0.04581754,4182 AUC
4182,AUC,0.1191,0.04634279,4182 AUC
4182,AUC,0.1296,0.0468682,4182 AUC
4182,AUC,0.14,0.04738417,4182 AUC
4182,AUC,0.17,0.04885078,4182 AUC
4182,AUC,0.2,0.05028974,4182 AUC
4182,AUC,0.23,0.05170542,4182 AUC
4182,AUC,0.26,0.05310102,4182 AUC
4182,AUC,0.29,0.05447895,4182 AUC
4182,AUC,0.32,0.0558411,4182 AUC
4182,AUC,0.35,0.05718899,4182 AUC
4182,AUC,0.38,0.05852386,4182 AUC
4182,AUC,0.41,0.05984676,4182 AUC
4182,AUC,0.5011,0.06379902,4182 AUC
4182,AUC,0.5922,0.06766706,4182 AUC
4182,AUC,0.6833,0.07146364,4182 AUC
4182,AUC,0.7744,0.07519797,4182 AUC
4182,AUC,0.8656,0.07888101,4182 AUC
4182,AUC,0.9567,0.08251011,4182 AUC
4182,AUC,1.0478,0.08609368,4182 AUC
4182,AUC,1.1389,0.0896353,4182 AUC
4182,AUC,1.23,0.09313796,4182 AUC
4182,AUC,1.5044,0.10347655,4182 AUC
4182,AUC,1.7789,0.11353888,4182 AUC
4182,AUC,2.0533,0.12335377,4182 AUC
4182,AUC,2.3278,0.13295464,4182 AUC
4182,AUC,2.6022,0.14235455,4182 AUC
4182,AUC,2.8767,0.15157617,4182 AUC
4182,AUC,3.1511,0.16062561,4182 AUC
4182,AUC,3.4256,0.16952012,4182 AUC
4182,AUC,3.7,0.17826223,4182 AUC
4182,AUC,4.5222,0.20363601,4182 AUC
4182,AUC,5.3444,0.22789714,4182 AUC
4182,AUC,6.1667,0.25116448,4182 AUC
4182,AUC,6.9889,0.27352052,4182 AUC
4182,AUC,7.8111,0.29503832,4182 AUC
4182,AUC,8.6333,0.31577563,4182 AUC
4182,AUC,9.4556,0.3357837,4182 AUC
4182,AUC,10.2778,0.35509985,4182 AUC
4182,AUC,11.1,0.37376361,4182 AUC
4182,MOV,0.0,0.03870342,4182 MOV
4182,MOV,0.0006,0.03872083,4182 MOV
4182,MOV,0.0011,0.03873533,4182 MOV
4182,MOV,0.0017,0.03875273,4182 MOV
4182,MOV,0.0022,0.03876724,4182 MOV
4182,MOV,0.0028,0.03878464,4182 MOV
4182,MOV,0.0033,0.03879914,4182 MOV
4182,MOV,0.0039,0.03881655,4182 MOV
4182,MOV,0.0044,0.03883105,4182 MOV
4182,MOV,0.005,0.03884845,4182 MOV
4182,MOV,0.0061,0.03888035,4182 MOV
4182,MOV,0.0072,0.03891225,4182 MOV
4182,MOV,0.0083,0.03894415,4182 MOV
4182,MOV,0.0094,0.03897605,4182 MOV
4182,MOV,0.0106,0.03901085,4182 MOV
4182,MOV,0.0117,0.03904275,4182 MOV
4182,MOV,0.0128,0.03907465,4182 MOV
4182,MOV,0.0139,0.03910654,4182 MOV
4182,MOV,0.015,0.03913844,4182 MOV
4182,MOV,0.0184,0.03923701,4182 MOV
4182,MOV,0.0219,0.03933848,4182 MOV
4182,MOV,0.0253,0.03943703,4182 MOV
4182,MOV,0.0288,0.03953847,4182 MOV
4182,MOV,0.0322,0.03963701,4182 MOV
4182,MOV,0.0357,0.03973843,4182 MOV
4182,MOV,0.0391,0.03983694,4182 MOV
4182,MOV,0.0426,0.03993835,4182 MOV
4182,MOV,0.046,0.04003684,4182 MOV
4182,MOV,0.0564,0.04033805,4182 MOV
4182,MOV,0.0669,0.04064206,4182 MOV
4182,MOV,0.0773,0.04094308,4182 MOV
4182,MOV,0.0878,0.0412469,4182 MOV
4182,MOV,0.0982,0.04154773,4182 MOV
4182,MOV,0.1087,0.04185136,4182 MOV
4182,MOV,0.1191,0.04215201,4182 MOV
4182,MOV,0.1296,0.04245544,4182 MOV
4182,MOV,0.14,0.04275589,4182 MOV
4182,MOV,0.17,0.04362206,4182 MOV
4182,MOV,0.2,0.04448743,4182 MOV
4182,MOV,0.23,0.04535203,4182 MOV
4182,MOV,0.26,0.04621584,4182 MOV
4182,MOV,0.29,0.04707887,4182 MOV
4182,MOV,0.32,0.04794112,4182 MOV
4182,MOV,0.35,0.04880259,4182 MOV
4182,MOV,0.38,0.04966328,4182 MOV
4182,MOV,0.41,0.05052319,4182 MOV
4182,MOV,0.5011,0.05312969,4182 MOV
4182,MOV,0.5922,0.05572903,4182 MOV
4182,MOV,0.6833,0.05832124,4182 MOV
4182,MOV,0.7744,0.06090633,4182 MOV
4182,MOV,0.8656,0.06348715,4182 MOV
4182,MOV,0.9567,0.06605806,4182 MOV
4182,MOV,1.0478,0.06862192,4182 MOV
4182,MOV,1.1389,0.07117873,4182 MOV
4182,MOV,1.23,0.07372852,4182 MOV
4182,MOV,1.5044,0.08136648,4182 MOV
4182,MOV,1.7789,0.0889442,4182 MOV
4182,MOV,2.0533,0.09645669,4182 MOV
4182,MOV,2.3278,0.10390994,4182 MOV
4182,MOV,2.6022,0.11129902,4182 MOV
4182,MOV,2.8767,0.11862983,4182 MOV
4182,MOV,3.1511,0.12589754,4182 MOV
4182,MOV,3.4256,0.13310793,4182 MOV
4182,MOV,3.7,0.14025625,4182 MOV
4182,MOV,4.5222,0.16132417,4182 MOV
4182,MOV,5.3444,0.18187582,4182 MOV
4182,MOV,6.1667,0.20192627,4182 MOV
4182,MOV,6.9889,0.22148298,4182 MOV
4182,MOV,7.8111,0.24056045,4182 MOV
4182,MOV,8.6333,0.25917042,4182 MOV
4182,MOV,9.4556,0.27732655,4182 MOV
4182,MOV,10.2778,0.29503558,4182 MOV
4182,MOV,11.1,0.31231065,4182 MOV
4183,AUC,,,4183 AUC
4183,MOV,,,4183 MOV
4184,AUC,,,4184 AUC
4184,MOV,,,4184 MOV
4185,AUC,0.0,0.06496433,4185 AUC
4185,AUC,0.0006,0.06505854,4185 AUC
4185,AUC,0.0011,0.06513704,4185 AUC
4185,AUC,0.0017,0.06523122,4185 AUC
4185,AUC,0.0022,0.06530971,4185 AUC
4185,AUC,0.0028,0.06540388,4185 AUC
4185,AUC,0.0033,0.06548235,4185 AUC
4185,AUC,0.0039,0.0655765,4185 AUC
4185,AUC,0.0044,0.06565495,4185 AUC
4185,AUC,0.005,0.06574909,4185 AUC
4185,AUC,0.0061,0.06592165,4185 AUC
4185,AUC,0.0072,0.06609418,4185 AUC
4185,AUC,0.0083,0.06626667,4185 AUC
4185,AUC,0.0094,0.06643913,4185 AUC
4185,AUC,0.0106,0.06662724,4185 AUC
4185,AUC,0.0117,0.06679963,4185 AUC
4185,AUC,0.0128,0.066972,4185 AUC
4185,AUC,0.0139,0.06714433,4185 AUC
4185,AUC,0.015,0.06731663,4185 AUC
4185,AUC,0.0184,0.067849,4185 AUC
4185,AUC,0.0219,0.0683967,4185 AUC
4185,AUC,0.0253,0.06892845,4185 AUC
4185,AUC,0.0288,0.06947552,4185 AUC
4185,AUC,0.0322,0.07000665,4185 AUC
4185,AUC,0.0357,0.07055309,4185 AUC
4185,AUC,0.0391,0.07108361,4185 AUC
4185,AUC,0.0426,0.07162941,4185 AUC
4185,AUC,0.046,0.07215932,4185 AUC
4185,AUC,0.0564,0.07377832,4185 AUC
4185,AUC,0.0669,0.07541003,4185 AUC
4185,AUC,0.0773,0.07702336,4185 AUC
4185,AUC,0.0878,0.07864935,4185 AUC
4185,AUC,0.0982,0.08025703,4185 AUC
4185,AUC,0.1087,0.08187732,4185 AUC
4185,AUC,0.1191,0.08347936,4185 AUC
4185,AUC,0.1296,0.08509398,4185 AUC
4185,AUC,0.14,0.08669041,4185 AUC
4185,AUC,0.17,0.09127992,4185 AUC
4185,AUC,0.2,0.09584636,4185 AUC
4185,AUC,0.23,0.10038986,4185 AUC
4185,AUC,0.26,0.10491053,4185 AUC
4185,AUC,0.29,0.10940848,4185 AUC
4185,AUC,0.32,0.11388382,4185 AUC
4185,AUC,0.35,0.11833668,4185 AUC
4185,AUC,0.38,0.12276716,4185 AUC
4185,AUC,0.41,0.12717537,4185 AUC
4185,AUC,0.5011,0.14042635,4185 AUC
4185,AUC,0.5922,0.15347616,4185 AUC
4185,AUC,0.6833,0.16632784,4185 AUC
4185,AUC,0.7744,0.17898442,4185 AUC
4185,AUC,0.8656,0.19146242,4185 AUC
4185,AUC,0.9567,0.20373741,4185 AUC
4185,AUC,1.0478,0.21582605,4185 AUC
4185,AUC,1.1389,0.22773116,4185 AUC
4185,AUC,1.23,0.23945552,4185 AUC
4185,AUC,1.5044,0.27370559,4185 AUC
4185,AUC,1.7789,0.30642491,4185 AUC
4185,AUC,2.0533,0.3376591,4185 AUC
4185,AUC,2.3278,0.36749733,4185 AUC
4185,AUC,2.6022,0.39598121,4185 AUC
4185,AUC,2.8767,0.42319205,4185 AUC
4185,AUC,3.1511,0.4491678,4185 AUC
4185,AUC,3.4256,0.4739826,4185 AUC
4185,AUC,3.7,0.49767106,4185 AUC
4185,MOV,,,4185 MOV
4186,AUC,,,4186 AUC
4186,MOV,0.0,0.03323153,4186 MOV
4186,MOV,0.0006,0.03323168,4186 MOV
4186,MOV,0.0011,0.03323181,4186 MOV
4186,MOV,0.0017,0.03323196,4186 MOV
4186,MOV,0.0022,0.03323208,4186 MOV
4186,MOV,0.0028,0.03323223,4186 MOV
4186,MOV,0.0033,0.03323236,4186 MOV
4186,MOV,0.0039,0.03323251,4186 MOV
4186,MOV,0.0044,0.03323263,4186 MOV
4186,MOV,0.005,0.03323278,4186 MOV
4186,MOV,0.0061,0.03323306,4186 MOV
4186,MOV,0.0072,0.03323333,4186 MOV
4186,MOV,0.0083,0.03323361,4186 MOV
4186,MOV,0.0094,0.03323389,4186 MOV
4186,MOV,0.0106,0.03323419,4186 MOV
4186,MOV,0.0117,0.03323446,4186 MOV
4186,MOV,0.0128,0.03323474,4186 MOV
4186,MOV,0.0139,0.03323501,4186 MOV
4186,MOV,0.015,0.03323529,4186 MOV
4186,MOV,0.0184,0.03323614,4186 MOV
4186,MOV,0.0219,0.03323701,4186 MOV
4186,MOV,0.0253,0.03323786,4186 MOV
4186,MOV,0.0288,0.03323874,4186 MOV
4186,MOV,0.0322,0.03323959,4186 MOV
4186,MOV,0.0357,0.03324047,4186 MOV
4186,MOV,0.0391,0.03324132,4186 MOV
4186,MOV,0.0426,0.03324219,4186 MOV
4186,MOV,0.046,0.03324304,4186 MOV
4186,MOV,0.0564,0.03324564,4186 MOV
4186,MOV,0.0669,0.03324827,4186 MOV
4186,MOV,0.0773,0.03325087,4186 MOV
4186,MOV,0.0878,0.0332535,4186 MOV
4186,MOV,0.0982,0.0332561,4186 MOV
4186,MOV,0.1087,0.03325873,4186 MOV
4186,MOV,0.1191,0.03326133,4186 MOV
4186,MOV,0.1296,0.03326396,4186 MOV
4186,MOV,0.14,0.03326656,4186 MOV
4186,MOV,0.17,0.03327407,4186 MOV
4186,MOV,0.2,0.03328157,4186 MOV
4186,MOV,0.23,0.03328908,4186 MOV
4186,MOV,0.26,0.03329658,4186 MOV
4186,MOV,0.29,0.03330409,4186 MOV
4186,MOV,0.32,0.03331159,4186 MOV
4186,MOV,0.35,0.0333191,4186 MOV
4186,MOV,0.38,0.0333266,4186 MOV
4186,MOV,0.41,0.03333411,4186 MOV
4186,MOV,0.5011,0.0333569,4186 MOV
4186,MOV,0.5922,0.03337969,4186 MOV
4186,MOV,0.6833,0.03340248,4186 MOV
4186,MOV,0.7744,0.03342526,4186 MOV
4186,MOV,0.8656,0.03344808,4186 MOV
4186,MOV,0.9567,0.03347087,4186 MOV
4186,MOV,1.0478,0.03349365,4186 MOV
4186,MOV,1.1389,0.03351644,4186 MOV
4186,MOV,1.23,0.03353922,4186 MOV
4186,MOV,1.5044,0.03360785,4186 MOV
4186,MOV,1.7789,0.0336765,4186 MOV
4186,MOV,2.0533,0.03374512,4186 MOV
4186,MOV,2.3278,0.03381376,4186 MOV
4186,MOV,2.6022,0.03388237,4186 MOV
4186,MOV,2.8767,0.033951,4186 MOV
4186,MOV,3.1511,0.0340196,4186 MOV
4186,MOV,3.4256,0.03408822,4186 MOV
4186,MOV,3.7,0.03415681,4186 MOV
4186,MOV,4.5222,0.0343623,4186 MOV
4186,MOV,5.3444,0.03456775,4186 MOV
4186,MOV,6.1667,0.03477318,4186 MOV
4186,MOV,6.9889,0.03497854,4186 MOV
4186,MOV,7.8111,0.03518386,4186 MOV
4186,MOV,8.6333,0.03538913,4186 MOV
4186,MOV,9.4556,0.03559438,4186 MOV
4186,MOV,10.2778,0.03579957,4186 MOV
4186,MOV,11.1,0.03600471,4186 MOV
4186,MOV,13.5667,0.0366199,4186 MOV
4186,MOV,16.0333,0.03723467,4186 MOV
4186,MOV,18.5,0.03784908,4186 MOV
4186,MOV,20.9667,0.03846309,4186 MOV
4186,MOV,23.4333,0.03907668,4186 MOV
4186,MOV,25.9,0.03968991,4186 MOV
4186,MOV,28.3667,0.04030275,4186 MOV
4186,MOV,30.8333,0.04091517,4186 MOV
4186,MOV,33.3,0.04152722,4186 MOV
4186,MOV,40.7111,0.04336377,4186 MOV
4186,MOV,48.1222,0.0451968,4186 MOV
4186,MOV,55.5333,0.04702631,4186 MOV
4186,MOV,62.9444,0.04885232,4186 MOV
4186,MOV,70.3556,0.05067486,4186 MOV
4186,MOV,77.7667,0.05249388,4186 MOV
4186,MOV,85.1778,0.05430941,4186 MOV
4186,MOV,92.5889,0.05612146,4186 MOV
4186,MOV,100.0,0.05793005,4186 MOV
4187,AUC,,,4187 AUC
4187,MOV,,,4187 MOV
4188,AUC,,,4188 AUC
4188,MOV,,,4188 MOV
4189,AUC,,,4189 AUC
4189,MOV,,,4189 MOV
4190,AUC,0.0,0.18639188,4190 AUC
4190,AUC,0.0006,0.20687004,4190 AUC
4190,AUC,0.0011,0.20925931,4190 AUC
4190,AUC,0.0017,0.21110553,4190 AUC
4190,AUC,0.0022,0.21225261,4190 AUC
4190,AUC,0.0028,0.21336276,4190 AUC
4190,AUC,0.0033,0.21414013,4190 AUC
4190,AUC,0.0039,0.21494832,4190 AUC
4190,AUC,0.0044,0.21554322,4190 AUC
4190,AUC,0.005,0.21618413,4190 AUC
4190,AUC,0.0061,0.21720285,4190 AUC
4190,AUC,0.0072,0.21807273,4190 AUC
4190,AUC,0.0083,0.21883378,4190 AUC
4190,AUC,0.0094,0.21951156,4190 AUC
4190,AUC,0.0106,0.22017624,4190 AUC
4190,AUC,0.0117,0.22073017,4190 AUC
4190,AUC,0.0128,0.22124038,4190 AUC
4190,AUC,0.0139,0.22171365,4190 AUC
4190,AUC,0.015,0.22215525,4190 AUC
4190,AUC,0.0184,0.22336095,4190 AUC
4190,AUC,0.0219,0.22441319,4190 AUC
4190,AUC,0.0253,0.22530262,4190 AUC
4190,AUC,0.0288,0.22611475,4190 AUC
4190,AUC,0.0322,0.22682457,4190 AUC
4190,AUC,0.0357,0.22748955,4190 AUC
4190,AUC,0.0391,0.22808276,4190 AUC
4190,AUC,0.0426,0.2286478,4190 AUC
4190,AUC,0.046,0.22915885,4190 AUC
4190,AUC,0.0564,0.23053837,4190 AUC
4190,AUC,0.0669,0.23171984,4190 AUC
4190,AUC,0.0773,0.23273848,4190 AUC
4190,AUC,0.0878,0.23365075,4190 AUC
4190,AUC,0.0982,0.23446378,4190 AUC
4190,AUC,0.1087,0.23521073,4190 AUC
4190,AUC,0.1191,0.23589006,4190 AUC
4190,AUC,0.1296,0.23652459,4190 AUC
4190,AUC,0.14,0.23710965,4190 AUC
4190,AUC,0.17,0.23860411,4190 AUC
4190,AUC,0.2,0.23988039,4190 AUC
4190,AUC,0.23,0.24099663,4190 AUC
4190,AUC,0.26,0.24199015,4190 AUC
4190,AUC,0.29,0.24288642,4190 AUC
4190,AUC,0.32,0.24370363,4190 AUC
4190,AUC,0.35,0.2444552,4190 AUC
4190,AUC,0.38,0.24515139,4190 AUC
4190,AUC,0.41,0.24580017,4190 AUC
4190,AUC,0.5011,0.247539,4190 AUC
4190,AUC,0.5922,0.24901517,4190 AUC
4190,AUC,0.6833,0.25030056,4190 AUC
4190,AUC,0.7744,0.25144075,4190 AUC
4190,AUC,0.8656,0.25246758,4190 AUC
4190,AUC,0.9567,0.25340064,4190 AUC
4190,AUC,1.0478,0.25425714,4190 AUC
4190,AUC,1.1389,0.25504923,4190 AUC
4190,AUC,1.23,0.25578632,4190 AUC
4190,AUC,1.5044,0.25774267,4190 AUC
4190,AUC,1.7789,0.2594013,4190 AUC
4190,AUC,2.0533,0.26084308,4190 AUC
4190,AUC,2.3278,0.262121,4190 AUC
4190,AUC,2.6022,0.26326916,4190 AUC
4190,AUC,2.8767,0.26431316,4190 AUC
4190,AUC,3.1511,0.26527042,4190 AUC
4190,AUC,3.4256,0.26615542,4190 AUC
4190,AUC,3.7,0.26697818,4190 AUC
4190,AUC,4.5222,0.26914928,4190 AUC
4190,AUC,5.3444,0.27098827,4190 AUC
4190,AUC,6.1667,0.27258672,4190 AUC
4190,AUC,6.9889,0.27400209,4190 AUC
4190,AUC,7.8111,0.27527357,4190 AUC
4190,AUC,8.6333,0.27642875,4190 AUC
4190,AUC,9.4556,0.27748803,4190 AUC
4190,AUC,10.2778,0.27846645,4190 AUC
4190,AUC,11.1,0.27937606,4190 AUC
4190,AUC,13.5667,0.28177739,4190 AUC
4190,AUC,16.0333,0.28380902,4190 AUC
4190,AUC,18.5,0.28557311,4190 AUC
4190,AUC,20.9667,0.28713406,4190 AUC
4190,AUC,23.4333,0.28853525,4190 AUC
4190,AUC,25.9,0.28980751,4190 AUC
4190,AUC,28.3667,0.29097331,4190 AUC
4190,AUC,30.8333,0.29204966,4190 AUC
4190,AUC,33.3,0.29304984,4190 AUC
4190,AUC,40.7111,0.29569153,4190 AUC
4190,AUC,48.1222,0.29792363,4190 AUC
4190,AUC,55.5333,0.29985958,4190 AUC
4190,AUC,62.9444,0.301571,4190 AUC
4190,AUC,70.3556,0.30310611,4190 AUC
4190,AUC,77.7667,0.30449888,4190 AUC
4190,AUC,85.1778,0.3057743,4190 AUC
4190,AUC,92.5889,0.30695122,4190 AUC
4190,AUC,100.0,0.30804423,4190 AUC
4190,MOV,0.0,0.01138284,4190 MOV
4190,MOV,0.0006,0.01141424,4190 MOV
4190,MOV,0.0011,0.01142993,4190 MOV
4190,MOV,0.0017,0.01144585,4190 MOV
4190,MOV,0.0022,0.01145772,4190 MOV
4190,MOV,0.0028,0.01147083,4190 MOV
4190,MOV,0.0033,0.01148105,4190 MOV
4190,MOV,0.0039,0.01149266,4190 MOV
4190,MOV,0.0044,0.01150189,4190 MOV
4190,MOV,0.005,0.01151251,4190 MOV
4190,MOV,0.0061,0.01153096,4190 MOV
4190,MOV,0.0072,0.01154833,4190 MOV
4190,MOV,0.0083,0.01156485,4190 MOV
4190,MOV,0.0094,0.01158064,4190 MOV
4190,MOV,0.0106,0.0115972,4190 MOV
4190,MOV,0.0117,0.01161183,4190 MOV
4190,MOV,0.0128,0.01162601,4190 MOV
4190,MOV,0.0139,0.0116398,4190 MOV
4190,MOV,0.015,0.01165323,4190 MOV
4190,MOV,0.0184,0.01169282,4190 MOV
4190,MOV,0.0219,0.0117311,4190 MOV
4190,MOV,0.0253,0.01176639,4190 MOV
4190,MOV,0.0288,0.01180111,4190 MOV
4190,MOV,0.0322,0.01183351,4190 MOV
4190,MOV,0.0357,0.01186571,4190 MOV
4190,MOV,0.0391,0.01189599,4190 MOV
4190,MOV,0.0426,0.01192626,4190 MOV
4190,MOV,0.046,0.01195489,4190 MOV
4190,MOV,0.0564,0.01203841,4190 MOV
4190,MOV,0.0669,0.01211768,4190 MOV
4190,MOV,0.0773,0.0121922,4190 MOV
4190,MOV,0.0878,0.01226412,4190 MOV
4190,MOV,0.0982,0.01233259,4190 MOV
4190,MOV,0.1087,0.01239931,4190 MOV
4190,MOV,0.1191,0.01246331,4190 MOV
4190,MOV,0.1296,0.01252607,4190 MOV
4190,MOV,0.14,0.01258659,4190 MOV
4190,MOV,0.17,0.01275332,4190 MOV
4190,MOV,0.2,0.01291048,4190 MOV
4190,MOV,0.23,0.01305996,4190 MOV
4190,MOV,0.26,0.01320305,4190 MOV
4190,MOV,0.29,0.01334073,4190 MOV
4190,MOV,0.32,0.01347373,4190 MOV
4190,MOV,0.35,0.01360262,4190 MOV
4190,MOV,0.38,0.01372787,4190 MOV
4190,MOV,0.41,0.01384986,4190 MOV
4190,MOV,0.5011,0.01420326,4190 MOV
4190,MOV,0.5922,0.01453566,4190 MOV
4190,MOV,0.6833,0.01485128,4190 MOV
4190,MOV,0.7744,0.01515303,4190 MOV
4190,MOV,0.8656,0.01544337,4190 MOV
4190,MOV,0.9567,0.01572328,4190 MOV
4190,MOV,1.0478,0.01599433,4190 MOV
4190,MOV,1.1389,0.01625753,4190 MOV
4190,MOV,1.23,0.01651372,4190 MOV
4190,MOV,1.5044,0.01724931,4190 MOV
4190,MOV,1.7789,0.01794076,4190 MOV
4190,MOV,2.0533,0.0185965,4190 MOV
4190,MOV,2.3278,0.01922317,4190 MOV
4190,MOV,2.6022,0.01982482,4190 MOV
4190,MOV,2.8767,0.02040529,4190 MOV
4190,MOV,3.1511,0.02096683,4190 MOV
4190,MOV,3.4256,0.02151197,4190 MOV
4190,MOV,3.7,0.02204205,4190 MOV
4190,MOV,4.5222,0.02355464,4190 MOV
4190,MOV,5.3444,0.02497406,4190 MOV
4190,MOV,6.1667,0.02631904,4190 MOV
4190,MOV,6.9889,0.02760212,4190 MOV
4190,MOV,7.8111,0.02883289,4190 MOV
4190,MOV,8.6333,0.03001846,4190 MOV
4190,MOV,9.4556,0.03116457,4190 MOV
4190,MOV,10.2778,0.03227538,4190 MOV
4190,MOV,11.1,0.03335469,4190 MOV
4190,MOV,13.5667,0.0364316,4190 MOV
4190,MOV,16.0333,0.03930971,4190 MOV
4190,MOV,18.5,0.0420285,4190 MOV
4190,MOV,20.9667,0.04461516,4190 MOV
4190,MOV,23.4333,0.04708951,4190 MOV
4190,MOV,25.9,0.04946692,4190 MOV
4190,MOV,28.3667,0.05175914,4190 MOV
4190,MOV,30.8333,0.05397558,4190 MOV
4190,MOV,33.3,0.05612417,4190 MOV
4190,MOV,40.7111,0.06223072,4190 MOV
4190,MOV,48.1222,0.06790618,4190 MOV
4190,MOV,55.5333,0.07323502,4190 MOV
4190,MOV,62.9444,0.07827609,4190 MOV
4190,MOV,70.3556,0.08307258,4190 MOV
4190,MOV,77.7667,0.08765715,4190 MOV
4190,MOV,85.1778,0.0920556,4190 MOV
4190,MOV,92.5889,0.09628858,4190 MOV
4190,MOV,100.0,0.10037298,4190 MOV
4191,AUC,,,4191 AUC
4191,MOV,,,4191 MOV
4192,AUC,,,4192 AUC
4192,MOV,0.0,1e-05,4192 MOV
4192,MOV,0.0006,0.0969359,4192 MOV
4192,MOV,0.0011,0.11267795,4192 MOV
4192,MOV,0.0017,0.12542718,4192 MOV
4192,MOV,0.0022,0.13359654,4192 MOV
4192,MOV,0.0028,0.1416787,4192 MOV
4192,MOV,0.0033,0.14743896,4192 MOV
4192,MOV,0.0039,0.15351372,4192 MOV
4192,MOV,0.0044,0.15804047,4192 MOV
4192,MOV,0.005,0.16296892,4192 MOV
4192,MOV,0.0061,0.17091041,4192 MOV
4192,MOV,0.0072,0.17779423,4192 MOV
4192,MOV,0.0083,0.18389252,4192 MOV
4192,MOV,0.0094,0.18938169,4192 MOV
4192,MOV,0.0106,0.19481691,4192 MOV
4192,MOV,0.0117,0.19938526,4192 MOV
4192,MOV,0.0128,0.20362363,4192 MOV
4192,MOV,0.0139,0.20758088,4192 MOV
4192,MOV,0.015,0.21129546,4192 MOV
4192,MOV,0.0184,0.22154301,4192 MOV
4192,MOV,0.0219,0.23060899,4192 MOV
4192,MOV,0.0253,0.23835799,4192 MOV
4192,MOV,0.0288,0.24549964,4192 MOV
4192,MOV,0.0322,0.25179177,4192 MOV
4192,MOV,0.0357,0.25772752,4192 MOV
4192,MOV,0.0391,0.26305523,4192 MOV
4192,MOV,0.0426,0.26815763,4192 MOV
4192,MOV,0.046,0.27279525,4192 MOV
4192,MOV,0.0564,0.28541742,4192 MOV
4192,MOV,0.0669,0.29634109,4192 MOV
4192,MOV,0.0773,0.30583784,4192 MOV
4192,MOV,0.0878,0.31440086,4192 MOV
4192,MOV,0.0982,0.32207571,4192 MOV
4192,MOV,0.1087,0.32916074,4192 MOV
4192,MOV,0.1191,0.33563117,4192 MOV
4192,MOV,0.1296,0.34169644,4192 MOV
4192,MOV,0.14,0.34730658,4192 MOV
4193,AUC,,,4193 AUC
4193,MOV,,,4193 MOV
4195,AUC,,,4195 AUC
4195,MOV,,,4195 MOV
4196,AUC,,,4196 AUC
4196,MOV,,,4196 MOV
4197,AUC,,,4197 AUC
4197,MOV,,,4197 MOV
4198,AUC,,,4198 AUC
4198,MOV,,,4198 MOV
4199,AUC,,,4199 AUC
4199,MOV,,,4199 MOV
4200,AUC,,,4200 AUC
4200,MOV,,,4200 MOV
4201,AUC,,,4201 AUC
4201,MOV,,,4201 MOV
4202,AUC,,,4202 AUC
4202,MOV,,,4202 MOV
4203,AUC,0.0,0.15192727,4203 AUC
4203,AUC,0.0006,0.15192924,4203 AUC
4203,AUC,0.0011,0.15193089,4203 AUC
4203,AUC,0.0017,0.15193287,4203 AUC
4203,AUC,0.0022,0.15193452,4203 AUC
4203,AUC,0.0028,0.1519365,4203 AUC
4203,AUC,0.0033,0.15193815,4203 AUC
4203,AUC,0.0039,0.15194012,4203 AUC
4203,AUC,0.0044,0.15194177,4203 AUC
4203,AUC,0.005,0.15194375,4203 AUC
4203,AUC,0.0061,0.15194738,4203 AUC
4203,AUC,0.0072,0.151951,4203 AUC
4203,AUC,0.0083,0.15195463,4203 AUC
4203,AUC,0.0094,0.15195826,4203 AUC
4203,AUC,0.0106,0.15196221,4203 AUC
4203,AUC,0.0117,0.15196584,4203 AUC
4203,AUC,0.0128,0.15196947,4203 AUC
4203,AUC,0.0139,0.15197309,4203 AUC
4203,AUC,0.015,0.15197672,4203 AUC
4203,AUC,0.0184,0.15198793,4203 AUC
4203,AUC,0.0219,0.15199947,4203 AUC
4203,AUC,0.0253,0.15201067,4203 AUC
4203,AUC,0.0288,0.15202221,4203 AUC
4203,AUC,0.0322,0.15203342,4203 AUC
4203,AUC,0.0357,0.15204496,4203 AUC
4203,AUC,0.0391,0.15205617,4203 AUC
4203,AUC,0.0426,0.1520677,4203 AUC
4203,AUC,0.046,0.15207891,4203 AUC
4203,AUC,0.0564,0.15211319,4203 AUC
4203,AUC,0.0669,0.1521478,4203 AUC
4203,AUC,0.0773,0.15218208,4203 AUC
4203,AUC,0.0878,0.15221669,4203 AUC
4203,AUC,0.0982,0.15225096,4203 AUC
4203,AUC,0.1087,0.15228556,4203 AUC
4203,AUC,0.1191,0.15231984,4203 AUC
4203,AUC,0.1296,0.15235444,4203 AUC
4203,AUC,0.14,0.15238871,4203 AUC
4203,AUC,0.17,0.15248756,4203 AUC
4203,AUC,0.2,0.15258639,4203 AUC
4203,AUC,0.23,0.15268522,4203 AUC
4203,AUC,0.26,0.15278403,4203 AUC
4203,AUC,0.29,0.15288283,4203 AUC
4203,AUC,0.32,0.15298162,4203 AUC
4203,AUC,0.35,0.1530804,4203 AUC
4203,AUC,0.38,0.15317917,4203 AUC
4203,AUC,0.41,0.15327792,4203 AUC
4203,AUC,0.5011,0.15357774,4203 AUC
4203,AUC,0.5922,0.15387745,4203 AUC
4203,AUC,0.6833,0.15417706,4203 AUC
4203,AUC,0.7744,0.15447655,4203 AUC
4203,AUC,0.8656,0.15477628,4203 AUC
4203,AUC,0.9567,0.15507556,4203 AUC
4203,AUC,1.0478,0.15537474,4203 AUC
4203,AUC,1.1389,0.15567382,4203 AUC
4203,AUC,1.23,0.15597279,4203 AUC
4203,AUC,1.5044,0.15687266,4203 AUC
4203,AUC,1.7789,0.15777191,4203 AUC
4203,AUC,2.0533,0.15866987,4203 AUC
4203,AUC,2.3278,0.15956719,4203 AUC
4203,AUC,2.6022,0.16046324,4203 AUC
4203,AUC,2.8767,0.16135865,4203 AUC
4203,AUC,3.1511,0.16225279,4203 AUC
4203,AUC,3.4256,0.16314629,4203 AUC
4203,AUC,3.7,0.16403852,4203 AUC
4203,AUC,4.5222,0.16670626,4203 AUC
4203,AUC,5.3444,0.16936549,4203 AUC
4203,AUC,6.1667,0.17201656,4203 AUC
4203,AUC,6.9889,0.17465884,4203 AUC
4203,AUC,7.8111,0.17729269,4203 AUC
4203,AUC,8.6333,0.17991814,4203 AUC
4203,AUC,9.4556,0.18253552,4203 AUC
4203,AUC,10.2778,0.18514424,4203 AUC
4203,AUC,11.1,0.18774463,4203 AUC
4203,AUC,13.5667,0.19549642,4203 AUC
4203,AUC,16.0333,0.20317393,4203 AUC
4203,AUC,18.5,0.21077847,4203 AUC
4203,AUC,20.9667,0.21831044,4203 AUC
4203,AUC,23.4333,0.22577023,4203 AUC
4203,AUC,25.9,0.23315913,4203 AUC
4203,AUC,28.3667,0.24047751,4203 AUC
4203,AUC,30.8333,0.24772576,4203 AUC
4203,AUC,33.3,0.25490512,4203 AUC
4203,AUC,40.7111,0.27606568,4203 AUC
4203,AUC,48.1222,0.29662528,4203 AUC
4203,AUC,55.5333,0.31660099,4203 AUC
4203,AUC,62.9444,0.3360094,4203 AUC
4203,AUC,70.3556,0.35486686,4203 AUC
4203,AUC,77.7667,0.37318852,4203 AUC
4203,AUC,85.1778,0.39098985,4203 AUC
4203,AUC,92.5889,0.40828563,4203 AUC
4203,AUC,100.0,0.42509021,4203 AUC
4203,MOV,0.0,0.02605355,4203 MOV
4203,MOV,0.0006,0.02605427,4203 MOV
4203,MOV,0.0011,0.02605486,4203 MOV
4203,MOV,0.0017,0.02605558,4203 MOV
4203,MOV,0.0022,0.02605618,4203 MOV
4203,MOV,0.0028,0.0260569,4203 MOV
4203,MOV,0.0033,0.0260575,4203 MOV
4203,MOV,0.0039,0.02605822,4203 MOV
4203,MOV,0.0044,0.02605882,4203 MOV
4203,MOV,0.005,0.02605953,4203 MOV
4203,MOV,0.0061,0.02606085,4203 MOV
4203,MOV,0.0072,0.02606217,4203 MOV
4203,MOV,0.0083,0.02606348,4203 MOV
4203,MOV,0.0094,0.0260648,4203 MOV
4203,MOV,0.0106,0.02606624,4203 MOV
4203,MOV,0.0117,0.02606756,4203 MOV
4203,MOV,0.0128,0.02606887,4203 MOV
4203,MOV,0.0139,0.02607019,4203 MOV
4203,MOV,0.015,0.02607151,4203 MOV
4203,MOV,0.0184,0.02607558,4203 MOV
4203,MOV,0.0219,0.02607977,4203 MOV
4203,MOV,0.0253,0.02608384,4203 MOV
4203,MOV,0.0288,0.02608803,4203 MOV
4203,MOV,0.0322,0.0260921,4203 MOV
4203,MOV,0.0357,0.02609629,4203 MOV
4203,MOV,0.0391,0.02610036,4203 MOV
4203,MOV,0.0426,0.02610455,4203 MOV
4203,MOV,0.046,0.02610862,4203 MOV
4203,MOV,0.0564,0.02612107,4203 MOV
4203,MOV,0.0669,0.02613364,4203 MOV
4203,MOV,0.0773,0.02614609,4203 MOV
4203,MOV,0.0878,0.02615866,4203 MOV
4203,MOV,0.0982,0.02617112,4203 MOV
4203,MOV,0.1087,0.02618369,4203 MOV
4203,MOV,0.1191,0.02619614,4203 MOV
4203,MOV,0.1296,0.02620871,4203 MOV
4203,MOV,0.14,0.02622116,4203 MOV
4203,MOV,0.17,0.02625707,4203 MOV
4203,MOV,0.2,0.02629298,4203 MOV
4203,MOV,0.23,0.02632889,4203 MOV
4203,MOV,0.26,0.0263648,4203 MOV
4203,MOV,0.29,0.0264007,4203 MOV
4203,MOV,0.32,0.02643661,4203 MOV
4203,MOV,0.35,0.02647251,4203 MOV
4203,MOV,0.38,0.02650842,4203 MOV
4203,MOV,0.41,0.02654432,4203 MOV
4203,MOV,0.5011,0.02665333,4203 MOV
4203,MOV,0.5922,0.02676233,4203 MOV
4203,MOV,0.6833,0.02687132,4203 MOV
4203,MOV,0.7744,0.0269803,4203 MOV
4203,MOV,0.8656,0.02708938,4203 MOV
4203,MOV,0.9567,0.02719833,4203 MOV
4203,MOV,1.0478,0.02730727,4203 MOV
4203,MOV,1.1389,0.0274162,4203 MOV
4203,MOV,1.23,0.02752512,4203 MOV
4203,MOV,1.5044,0.0278531,4203 MOV
4203,MOV,1.7789,0.0281811,4203 MOV
4203,MOV,2.0533,0.02850887,4203 MOV
4203,MOV,2.3278,0.02883664,4203 MOV
4203,MOV,2.6022,0.02916419,4203 MOV
4203,MOV,2.8767,0.02949174,4203 MOV
4203,MOV,3.1511,0.02981907,4203 MOV
4203,MOV,3.4256,0.0301464,4203 MOV
4203,MOV,3.7,0.03047351,4203 MOV
4203,MOV,4.5222,0.03145297,4203 MOV
4203,MOV,5.3444,0.03243144,4203 MOV
4203,MOV,6.1667,0.03340904,4203 MOV
4203,MOV,6.9889,0.03438553,4203 MOV
4203,MOV,7.8111,0.03536104,4203 MOV
4203,MOV,8.6333,0.03633556,4203 MOV
4203,MOV,9.4556,0.03730922,4203 MOV
4203,MOV,10.2778,0.03828177,4203 MOV
4203,MOV,11.1,0.03925334,4203 MOV
4203,MOV,13.5667,0.04216229,4203 MOV
4203,MOV,16.0333,0.04506231,4203 MOV
4203,MOV,18.5,0.04795367,4203 MOV
4203,MOV,20.9667,0.05083627,4203 MOV
4203,MOV,23.4333,0.05371003,4203 MOV
4203,MOV,25.9,0.05657521,4203 MOV
4203,MOV,28.3667,0.0594317,4203 MOV
4203,MOV,30.8333,0.06227944,4203 MOV
4203,MOV,33.3,0.06511867,4203 MOV
4203,MOV,40.7111,0.0735974,4203 MOV
4203,MOV,48.1222,0.08199924,4203 MOV
4203,MOV,55.5333,0.09032489,4203 MOV
4203,MOV,62.9444,0.09857502,4203 MOV
4203,MOV,70.3556,0.10675044,4203 MOV
4203,MOV,77.7667,0.1148516,4203 MOV
4203,MOV,85.1778,0.1228793,4203 MOV
4203,MOV,92.5889,0.13083418,4203 MOV
4203,MOV,100.0,0.13871692,4203 MOV
4204,AUC,,,4204 AUC
4204,MOV,,,4204 MOV
4206,AUC,,,4206 AUC
4206,MOV,,,4206 MOV
4207,AUC,,,4207 AUC
4207,MOV,,,4207 MOV
4208,AUC,,,4208 AUC
4208,MOV,,,4208 MOV
4209,AUC,0.0,0.20800315,4209 AUC
4209,AUC,0.0006,0.20800338,4209 AUC
4209,AUC,0.0011,0.20800358,4209 AUC
4209,AUC,0.0017,0.20800381,4209 AUC
4209,AUC,0.0022,0.20800401,4209 AUC
4209,AUC,0.0028,0.20800424,4209 AUC
4209,AUC,0.0033,0.20800444,4209 AUC
4209,AUC,0.0039,0.20800467,4209 AUC
4209,AUC,0.0044,0.20800487,4209 AUC
4209,AUC,0.005,0.2080051,4209 AUC
4209,AUC,0.0061,0.20800553,4209 AUC
4209,AUC,0.0072,0.20800596,4209 AUC
4209,AUC,0.0083,0.20800639,4209 AUC
4209,AUC,0.0094,0.20800682,4209 AUC
4209,AUC,0.0106,0.20800729,4209 AUC
4209,AUC,0.0117,0.20800772,4209 AUC
4209,AUC,0.0128,0.20800815,4209 AUC
4209,AUC,0.0139,0.20800858,4209 AUC
4209,AUC,0.015,0.20800901,4209 AUC
4209,AUC,0.0184,0.20801034,4209 AUC
4209,AUC,0.0219,0.20801171,4209 AUC
4209,AUC,0.0253,0.20801304,4209 AUC
4209,AUC,0.0288,0.20801441,4209 AUC
4209,AUC,0.0322,0.20801574,4209 AUC
4209,AUC,0.0357,0.20801711,4209 AUC
4209,AUC,0.0391,0.20801844,4209 AUC
4209,AUC,0.0426,0.20801981,4209 AUC
4209,AUC,0.046,0.20802114,4209 AUC
4209,AUC,0.0564,0.2080252,4209 AUC
4209,AUC,0.0669,0.20802931,4209 AUC
4209,AUC,0.0773,0.20803338,4209 AUC
4209,AUC,0.0878,0.20803748,4209 AUC
4209,AUC,0.0982,0.20804155,4209 AUC
4209,AUC,0.1087,0.20804566,4209 AUC
4209,AUC,0.1191,0.20804973,4209 AUC
4209,AUC,0.1296,0.20805383,4209 AUC
4209,AUC,0.14,0.2080579,4209 AUC
4209,AUC,0.17,0.20806963,4209 AUC
4209,AUC,0.2,0.20808136,4209 AUC
4209,AUC,0.23,0.20809309,4209 AUC
4209,AUC,0.26,0.20810483,4209 AUC
4209,AUC,0.29,0.20811656,4209 AUC
4209,AUC,0.32,0.20812829,4209 AUC
4209,AUC,0.35,0.20814002,4209 AUC
4209,AUC,0.38,0.20815175,4209 AUC
4209,AUC,0.41,0.20816348,4209 AUC
4209,AUC,0.5011,0.2081991,4209 AUC
4209,AUC,0.5922,0.20823472,4209 AUC
4209,AUC,0.6833,0.20827034,4209 AUC
4209,AUC,0.7744,0.20830596,4209 AUC
4209,AUC,0.8656,0.20834161,4209 AUC
4209,AUC,0.9567,0.20837722,4209 AUC
4209,AUC,1.0478,0.20841283,4209 AUC
4209,AUC,1.1389,0.20844844,4209 AUC
4209,AUC,1.23,0.20848405,4209 AUC
4209,AUC,1.5044,0.2085913,4209 AUC
4209,AUC,1.7789,0.20869857,4209 AUC
4209,AUC,2.0533,0.20880578,4209 AUC
4209,AUC,2.3278,0.20891302,4209 AUC
4209,AUC,2.6022,0.20902021,4209 AUC
4209,AUC,2.8767,0.20912742,4209 AUC
4209,AUC,3.1511,0.20923458,4209 AUC
4209,AUC,3.4256,0.20934176,4209 AUC
4209,AUC,3.7,0.20944889,4209 AUC
4209,AUC,4.5222,0.2097698,4209 AUC
4209,AUC,5.3444,0.21009058,4209 AUC
4209,AUC,6.1667,0.21041127,4209 AUC
4209,AUC,6.9889,0.21073179,4209 AUC
4209,AUC,7.8111,0.21105217,4209 AUC
4209,AUC,8.6333,0.21137243,4209 AUC
4209,AUC,9.4556,0.2116926,4209 AUC
4209,AUC,10.2778,0.2120126,4209 AUC
4209,AUC,11.1,0.21233247,4209 AUC
4209,AUC,13.5667,0.21329133,4209 AUC
4209,AUC,16.0333,0.21424899,4209 AUC
4209,AUC,18.5,0.21520553,4209 AUC
4209,AUC,20.9667,0.21616089,4209 AUC
4209,AUC,23.4333,0.21711506,4209 AUC
4209,AUC,25.9,0.21806811,4209 AUC
4209,AUC,28.3667,0.21901999,4209 AUC
4209,AUC,30.8333,0.21997068,4209 AUC
4209,AUC,33.3,0.22092024,4209 AUC
4209,AUC,40.7111,0.22376623,4209 AUC
4209,AUC,48.1222,0.22660182,4209 AUC
4209,AUC,55.5333,0.22942706,4209 AUC
4209,AUC,62.9444,0.23224197,4209 AUC
4209,AUC,70.3556,0.23504664,4209 AUC
4209,AUC,77.7667,0.23784103,4209 AUC
4209,AUC,85.1778,0.2406252,4209 AUC
4209,AUC,92.5889,0.24339921,4209 AUC
4209,AUC,100.0,0.24616308,4209 AUC
4209,MOV,,,4209 MOV
4210,AUC,0.0,0.12965544,4210 AUC
4210,AUC,0.0006,0.12967179,4210 AUC
4210,AUC,0.0011,0.12968541,4210 AUC
4210,AUC,0.0017,0.12970176,4210 AUC
4210,AUC,0.0022,0.12971539,4210 AUC
4210,AUC,0.0028,0.12973174,4210 AUC
4210,AUC,0.0033,0.12974537,4210 AUC
4210,AUC,0.0039,0.12976172,4210 AUC
4210,AUC,0.0044,0.12977534,4210 AUC
4210,AUC,0.005,0.12979169,4210 AUC
4210,AUC,0.0061,0.12982166,4210 AUC
4210,AUC,0.0072,0.12985163,4210 AUC
4210,AUC,0.0083,0.12988161,4210 AUC
4210,AUC,0.0094,0.12991158,4210 AUC
4210,AUC,0.0106,0.12994427,4210 AUC
4210,AUC,0.0117,0.12997424,4210 AUC
4210,AUC,0.0128,0.1300042,4210 AUC
4210,AUC,0.0139,0.13003417,4210 AUC
4210,AUC,0.015,0.13006413,4210 AUC
4210,AUC,0.0184,0.13015674,4210 AUC
4210,AUC,0.0219,0.13025207,4210 AUC
4210,AUC,0.0253,0.13034466,4210 AUC
4210,AUC,0.0288,0.13043996,4210 AUC
4210,AUC,0.0322,0.13053253,4210 AUC
4210,AUC,0.0357,0.13062782,4210 AUC
4210,AUC,0.0391,0.13072037,4210 AUC
4210,AUC,0.0426,0.13081563,4210 AUC
4210,AUC,0.046,0.13090816,4210 AUC
4210,AUC,0.0564,0.13119114,4210 AUC
4210,AUC,0.0669,0.13147674,4210 AUC
4210,AUC,0.0773,0.13175953,4210 AUC
4210,AUC,0.0878,0.13204495,4210 AUC
4210,AUC,0.0982,0.13232755,4210 AUC
4210,AUC,0.1087,0.13261278,4210 AUC
4210,AUC,0.1191,0.1328952,4210 AUC
4210,AUC,0.1296,0.13318024,4210 AUC
4210,AUC,0.14,0.13346248,4210 AUC
4210,AUC,0.17,0.13427611,4210 AUC
4210,AUC,0.2,0.13508897,4210 AUC
4210,AUC,0.23,0.13590107,4210 AUC
4210,AUC,0.26,0.1367124,4210 AUC
4210,AUC,0.29,0.13752298,4210 AUC
4210,AUC,0.32,0.13833279,4210 AUC
4210,AUC,0.35,0.13914185,4210 AUC
4210,AUC,0.38,0.13995014,4210 AUC
4210,AUC,0.41,0.14075767,4210 AUC
4210,AUC,0.5011,0.14320524,4210 AUC
4210,AUC,0.5922,0.14564584,4210 AUC
4210,AUC,0.6833,0.14807948,4210 AUC
4210,AUC,0.7744,0.1505062,4210 AUC
4210,AUC,0.8656,0.15292865,4210 AUC
4210,AUC,0.9567,0.15534155,4210 AUC
4210,AUC,1.0478,0.15774758,4210 AUC
4210,AUC,1.1389,0.16014675,4210 AUC
4210,AUC,1.23,0.16253909,4210 AUC
4210,AUC,1.5044,0.16970389,4210 AUC
4210,AUC,1.7789,0.17680998,4210 AUC
4210,AUC,2.0533,0.18385269,4210 AUC
4210,AUC,2.3278,0.19083769,4210 AUC
4210,AUC,2.6022,0.19776039,4210 AUC
4210,AUC,2.8767,0.20462635,4210 AUC
4210,AUC,3.1511,0.21143108,4210 AUC
4210,AUC,3.4256,0.21818005,4210 AUC
4210,AUC,3.7,0.22486882,4210 AUC
4210,AUC,4.5222,0.2445701,4210 AUC
4210,AUC,5.3444,0.26377064,4210 AUC
4210,AUC,6.1667,0.2824854,4210 AUC
4210,AUC,6.9889,0.30072226,4210 AUC
4210,AUC,7.8111,0.31849559,4210 AUC
4210,AUC,8.6333,0.33581718,4210 AUC
4210,AUC,9.4556,0.35270055,4210 AUC
4210,AUC,10.2778,0.36915276,4210 AUC
4210,AUC,11.1,0.38518682,4210 AUC
4210,MOV,,,4210 MOV
4211,AUC,,,4211 AUC
4211,MOV,,,4211 MOV
4212,AUC,,,4212 AUC
4212,MOV,,,4212 MOV
4213,AUC,,,4213 AUC
4213,MOV,,,4213 MOV
4215,AUC,0.0,0.09544873,4215 AUC
4215,AUC,0.0017,0.09714379,4215 AUC
4215,AUC,0.0033,0.09873624,4215 AUC
4215,AUC,0.005,0.10042515,4215 AUC
4215,AUC,0.0067,0.10211089,4215 AUC
4215,AUC,0.0083,0.10369458,4215 AUC
4215,AUC,0.01,0.10537419,4215 AUC
4215,AUC,0.0117,0.10705065,4215 AUC
4215,AUC,0.0133,0.10862563,4215 AUC
4215,AUC,0.015,0.110296,4215 AUC
4215,AUC,0.0184,0.11362736,4215 AUC
4215,AUC,0.0219,0.11704367,4215 AUC
4215,AUC,0.0253,0.12034976,4215 AUC
4215,AUC,0.0288,0.12374016,4215 AUC
4215,AUC,0.0322,0.12702118,4215 AUC
4215,AUC,0.0357,0.13038586,4215 AUC
4215,AUC,0.0391,0.133642,4215 AUC
4215,AUC,0.0426,0.13698117,4215 AUC
4215,AUC,0.046,0.1402126,4215 AUC
4215,AUC,0.0564,0.15002209,4215 AUC
4215,AUC,0.0669,0.15981236,4215 AUC
4215,AUC,0.0773,0.16939823,4215 AUC
4215,AUC,0.0878,0.17896532,4215 AUC
4215,AUC,0.0982,0.18833267,4215 AUC
4215,AUC,0.1087,0.19768167,4215 AUC
4215,AUC,0.1191,0.20683548,4215 AUC
4215,AUC,0.1296,0.21597136,4215 AUC
4215,AUC,0.14,0.2249165,4215 AUC
4215,MOV,,,4215 MOV
4216,AUC,0.0,0.15760472,4216 AUC
4216,AUC,0.0006,0.15843951,4216 AUC
4216,AUC,0.0011,0.15886658,4216 AUC
4216,AUC,0.0017,0.1592874,4216 AUC
4216,AUC,0.0022,0.15959315,4216 AUC
4216,AUC,0.0028,0.15992375,4216 AUC
4216,AUC,0.0033,0.1601766,4216 AUC
4216,AUC,0.0039,0.16045888,4216 AUC
4216,AUC,0.0044,0.16067971,4216 AUC
4216,AUC,0.005,0.16093034,4216 AUC
4216,AUC,0.0061,0.16135669,4216 AUC
4216,AUC,0.0072,0.16174879,4216 AUC
4216,AUC,0.0083,0.16211369,4216 AUC
4216,AUC,0.0094,0.16245627,4216 AUC
4216,AUC,0.0106,0.1628087,4216 AUC
4216,AUC,0.0117,0.16311511,4216 AUC
4216,AUC,0.0128,0.16340773,4216 AUC
4216,AUC,0.0139,0.16368819,4216 AUC
4216,AUC,0.015,0.16395784,4216 AUC
4216,AUC,0.0184,0.1647338,4216 AUC
4216,AUC,0.0219,0.16545964,4216 AUC
4216,AUC,0.0253,0.16610938,4216 AUC
4216,AUC,0.0288,0.16673219,4216 AUC
4216,AUC,0.0322,0.16730002,4216 AUC
4216,AUC,0.0357,0.16785213,4216 AUC
4216,AUC,0.0391,0.16836129,4216 AUC
4216,AUC,0.0426,0.16886101,4216 AUC
4216,AUC,0.046,0.16932549,4216 AUC
4216,AUC,0.0564,0.17063936,4216 AUC
4216,AUC,0.0669,0.17183531,4216 AUC
4216,AUC,0.0773,0.17291962,4216 AUC
4216,AUC,0.0878,0.17393304,4216 AUC
4216,AUC,0.0982,0.17487025,4216 AUC
4216,AUC,0.1087,0.1757598,4216 AUC
4216,AUC,0.1191,0.17659269,4216 AUC
4216,AUC,0.1296,0.1773913,4216 AUC
4216,AUC,0.14,0.17814543,4216 AUC
4216,AUC,0.17,0.18014959,4216 AUC
4216,AUC,0.2,0.18195038,4216 AUC
4216,AUC,0.23,0.18359317,4216 AUC
4216,AUC,0.26,0.18510883,4216 AUC
4216,AUC,0.29,0.18651948,4216 AUC
4216,AUC,0.32,0.1878416,4216 AUC
4216,AUC,0.35,0.18908783,4216 AUC
4216,AUC,0.38,0.19026813,4216 AUC
4216,AUC,0.41,0.1913905,4216 AUC
4216,AUC,0.5011,0.1945054,4216 AUC
4216,AUC,0.5922,0.19727172,4216 AUC
4216,AUC,0.6833,0.19977149,4216 AUC
4216,AUC,0.7744,0.2020595,4216 AUC
4216,AUC,0.8656,0.20417664,4216 AUC
4216,AUC,0.9567,0.20614675,4216 AUC
4216,AUC,1.0478,0.20799386,4216 AUC
4216,AUC,1.1389,0.20973481,4216 AUC
4216,AUC,1.23,0.21138307,4216 AUC
4216,AUC,1.5044,0.21588841,4216 AUC
4216,AUC,1.7789,0.21985522,4216 AUC
4216,AUC,2.0533,0.22341159,4216 AUC
4216,AUC,2.3278,0.22664681,4216 AUC
4216,AUC,2.6022,0.2296192,4216 AUC
4216,AUC,2.8767,0.23237529,4216 AUC
4216,AUC,3.1511,0.23494653,4216 AUC
4216,AUC,3.4256,0.23736079,4216 AUC
4216,AUC,3.7,0.23963692,4216 AUC
4216,AUC,4.5222,0.2457872,4216 AUC
4216,AUC,5.3444,0.25115657,4216 AUC
4216,AUC,6.1667,0.25593953,4216 AUC
4216,AUC,6.9889,0.2602624,4216 AUC
4216,AUC,7.8111,0.26421447,4216 AUC
4216,AUC,8.6333,0.26786017,4216 AUC
4216,AUC,9.4556,0.27124833,4216 AUC
4216,AUC,10.2778,0.27441552,4216 AUC
4216,AUC,11.1,0.27739174,4216 AUC
4216,AUC,13.5667,0.28539197,4216 AUC
4216,AUC,16.0333,0.29231664,4216 AUC
4216,AUC,18.5,0.29844028,4216 AUC
4216,AUC,20.9667,0.30394112,4216 AUC
4216,AUC,23.4333,0.30894232,4216 AUC
4216,AUC,25.9,0.31353338,4216 AUC
4216,AUC,28.3667,0.31778068,4216 AUC
4216,AUC,30.8333,0.32173526,4216 AUC
4216,AUC,33.3,0.32543767,4216 AUC
4216,MOV,,,4216 MOV
4217,AUC,,,4217 AUC
4217,MOV,0.0,0.02561494,4217 MOV
4217,MOV,0.0006,0.02561497,4217 MOV
4217,MOV,0.0011,0.025615,4217 MOV
4217,MOV,0.0017,0.02561502,4217 MOV
4217,MOV,0.0022,0.02561505,4217 MOV
4217,MOV,0.0028,0.02561508,4217 MOV
4217,MOV,0.0033,0.0256151,4217 MOV
4217,MOV,0.0039,0.02561513,4217 MOV
4217,MOV,0.0044,0.02561515,4217 MOV
4217,MOV,0.005,0.02561518,4217 MOV
4217,MOV,0.0061,0.02561523,4217 MOV
4217,MOV,0.0072,0.02561529,4217 MOV
4217,MOV,0.0083,0.02561534,4217 MOV
4217,MOV,0.0094,0.02561539,4217 MOV
4217,MOV,0.0106,0.02561545,4217 MOV
4217,MOV,0.0117,0.0256155,4217 MOV
4217,MOV,0.0128,0.02561555,4217 MOV
4217,MOV,0.0139,0.02561561,4217 MOV
4217,MOV,0.015,0.02561566,4217 MOV
4217,MOV,0.0184,0.02561582,4217 MOV
4217,MOV,0.0219,0.02561599,4217 MOV
4217,MOV,0.0253,0.02561615,4217 MOV
4217,MOV,0.0288,0.02561632,4217 MOV
4217,MOV,0.0322,0.02561648,4217 MOV
4217,MOV,0.0357,0.02561665,4217 MOV
4217,MOV,0.0391,0.02561681,4217 MOV
4217,MOV,0.0426,0.02561697,4217 MOV
4217,MOV,0.046,0.02561714,4217 MOV
4217,MOV,0.0564,0.02561763,4217 MOV
4217,MOV,0.0669,0.02561813,4217 MOV
4217,MOV,0.0773,0.02561863,4217 MOV
4217,MOV,0.0878,0.02561913,4217 MOV
4217,MOV,0.0982,0.02561963,4217 MOV
4217,MOV,0.1087,0.02562013,4217 MOV
4217,MOV,0.1191,0.02562062,4217 MOV
4217,MOV,0.1296,0.02562112,4217 MOV
4217,MOV,0.14,0.02562162,4217 MOV
4217,MOV,0.17,0.02562305,4217 MOV
4217,MOV,0.2,0.02562448,4217 MOV
4217,MOV,0.23,0.02562591,4217 MOV
4217,MOV,0.26,0.02562734,4217 MOV
4217,MOV,0.29,0.02562878,4217 MOV
4217,MOV,0.32,0.02563021,4217 MOV
4217,MOV,0.35,0.02563164,4217 MOV
4217,MOV,0.38,0.02563307,4217 MOV
4217,MOV,0.41,0.0256345,4217 MOV
4217,MOV,0.5011,0.02563884,4217 MOV
4217,MOV,0.5922,0.02564319,4217 MOV
4217,MOV,0.6833,0.02564753,4217 MOV
4217,MOV,0.7744,0.02565188,4217 MOV
4217,MOV,0.8656,0.02565623,4217 MOV
4217,MOV,0.9567,0.02566057,4217 MOV
4217,MOV,1.0478,0.02566492,4217 MOV
4217,MOV,1.1389,0.02566926,4217 MOV
4217,MOV,1.23,0.02567361,4217 MOV
4217,MOV,1.5044,0.0256867,4217 MOV
4217,MOV,1.7789,0.02569979,4217 MOV
4217,MOV,2.0533,0.02571288,4217 MOV
4217,MOV,2.3278,0.02572597,4217 MOV
4217,MOV,2.6022,0.02573905,4217 MOV
4217,MOV,2.8767,0.02575215,4217 MOV
4217,MOV,3.1511,0.02576523,4217 MOV
4217,MOV,3.4256,0.02577832,4217 MOV
4217,MOV,3.7,0.02579141,4217 MOV
4217,MOV,4.5222,0.02583062,4217 MOV
4217,MOV,5.3444,0.02586983,4217 MOV
4217,MOV,6.1667,0.02590904,4217 MOV
4217,MOV,6.9889,0.02594824,4217 MOV
4217,MOV,7.8111,0.02598744,4217 MOV
4217,MOV,8.6333,0.02602665,4217 MOV
4217,MOV,9.4556,0.02606585,4217 MOV
4217,MOV,10.2778,0.02610505,4217 MOV
4217,MOV,11.1,0.02614424,4217 MOV
4217,MOV,13.5667,0.02626183,4217 MOV
4217,MOV,16.0333,0.0263794,4217 MOV
4217,MOV,18.5,0.02649695,4217 MOV
4217,MOV,20.9667,0.0266145,4217 MOV
4217,MOV,23.4333,0.02673202,4217 MOV
4217,MOV,25.9,0.02684953,4217 MOV
4217,MOV,28.3667,0.02696703,4217 MOV
4217,MOV,30.8333,0.02708451,4217 MOV
4217,MOV,33.3,0.02720199,4217 MOV
4217,MOV,40.7111,0.02755484,4217 MOV
4217,MOV,48.1222,0.02790756,4217 MOV
4217,MOV,55.5333,0.02826016,4217 MOV
4217,MOV,62.9444,0.02861263,4217 MOV
4217,MOV,70.3556,0.02896498,4217 MOV
4217,MOV,77.7667,0.02931719,4217 MOV
4217,MOV,85.1778,0.02966928,4217 MOV
4217,MOV,92.5889,0.03002124,4217 MOV
4217,MOV,100.0,0.03037307,4217 MOV
4218,AUC,,,4218 AUC
4218,MOV,,,4218 MOV
4219,AUC,,,4219 AUC
4219,MOV,,,4219 MOV
4220,AUC,,,4220 AUC
4220,MOV,0.0,0.01994702,4220 MOV
4220,MOV,0.0006,0.01994853,4220 MOV
4220,MOV,0.0011,0.01995008,4220 MOV
4220,MOV,0.0017,0.0199521,4220 MOV
4220,MOV,0.0022,0.01995388,4220 MOV
4220,MOV,0.0028,0.01995611,4220 MOV
4220,MOV,0.0033,0.01995803,4220 MOV
4220,MOV,0.0039,0.01996039,4220 MOV
4220,MOV,0.0044,0.01996241,4220 MOV
4220,MOV,0.005,0.01996488,4220 MOV
4220,MOV,0.0061,0.01996954,4220 MOV
4220,MOV,0.0072,0.01997434,4220 MOV
4220,MOV,0.0083,0.01997926,4220 MOV
4220,MOV,0.0094,0.0199843,4220 MOV
4220,MOV,0.0106,0.0199899,4220 MOV
4220,MOV,0.0117,0.01999513,4220 MOV
4220,MOV,0.0128,0.02000044,4220 MOV
4220,MOV,0.0139,0.02000582,4220 MOV
4220,MOV,0.015,0.02001128,4220 MOV
4220,MOV,0.0184,0.02002855,4220 MOV
4220,MOV,0.0219,0.0200469,4220 MOV
4220,MOV,0.0253,0.02006519,4220 MOV
4220,MOV,0.0288,0.02008444,4220 MOV
4220,MOV,0.0322,0.02010353,4220 MOV
4220,MOV,0.0357,0.02012352,4220 MOV
4220,MOV,0.0391,0.02014326,4220 MOV
4220,MOV,0.0426,0.02016387,4220 MOV
4220,MOV,0.046,0.02018416,4220 MOV
4220,MOV,0.0564,0.02024773,4220 MOV
4220,MOV,0.0669,0.0203139,4220 MOV
4220,MOV,0.0773,0.02038115,4220 MOV
4220,MOV,0.0878,0.02045058,4220 MOV
4220,MOV,0.0982,0.02052071,4220 MOV
4220,MOV,0.1087,0.02059276,4220 MOV
4220,MOV,0.1191,0.02066526,4220 MOV
4220,MOV,0.1296,0.02073952,4220 MOV
4220,MOV,0.14,0.02081405,4220 MOV
4220,MOV,0.17,0.02103394,4220 MOV
4220,MOV,0.2,0.02126028,4220 MOV
4220,MOV,0.23,0.02149221,4220 MOV
4220,MOV,0.26,0.0217291,4220 MOV
4220,MOV,0.29,0.02197044,4220 MOV
4220,MOV,0.32,0.02221584,4220 MOV
4220,MOV,0.35,0.02246494,4220 MOV
4220,MOV,0.38,0.02271748,4220 MOV
4220,MOV,0.41,0.0229732,4220 MOV
4220,MOV,0.5011,0.02376727,4220 MOV
4220,MOV,0.5922,0.02458435,4220 MOV
4220,MOV,0.6833,0.02542113,4220 MOV
4220,MOV,0.7744,0.02627514,4220 MOV
4220,MOV,0.8656,0.02714538,4220 MOV
4220,MOV,0.9567,0.02802837,4220 MOV
4220,MOV,1.0478,0.02892376,4220 MOV
4220,MOV,1.1389,0.02983044,4220 MOV
4220,MOV,1.23,0.03074748,4220 MOV
4220,MOV,1.5044,0.03356455,4220 MOV
4220,MOV,1.7789,0.0364523,4220 MOV
4220,MOV,2.0533,0.039396,4220 MOV
4220,MOV,2.3278,0.04238822,4220 MOV
4220,MOV,2.6022,0.04541924,4220 MOV
4220,MOV,2.8767,0.04848515,4220 MOV
4220,MOV,3.1511,0.05157866,4220 MOV
4220,MOV,3.4256,0.05469774,4220 MOV
4220,MOV,3.7,0.05783646,4220 MOV
4220,MOV,4.5222,0.06733583,4220 MOV
4220,MOV,5.3444,0.07692824,4220 MOV
4220,MOV,6.1667,0.08656699,4220 MOV
4220,MOV,6.9889,0.09621416,4220 MOV
4220,MOV,7.8111,0.10584364,4220 MOV
4220,MOV,8.6333,0.1154341,4220 MOV
4220,MOV,9.4556,0.12496977,4220 MOV
4220,MOV,10.2778,0.13443476,4220 MOV
4220,MOV,11.1,0.14381931,4220 MOV
4220,MOV,13.5667,0.17141126,4220 MOV
4220,MOV,16.0333,0.19804744,4220 MOV
4220,MOV,18.5,0.22365075,4220 MOV
4220,MOV,20.9667,0.24818977,4220 MOV
4220,MOV,23.4333,0.27166345,4220 MOV
4220,MOV,25.9,0.29409248,4220 MOV
4220,MOV,28.3667,0.31550643,4220 MOV
4220,MOV,30.8333,0.33594212,4220 MOV
4220,MOV,33.3,0.35544279,4220 MOV
4221,AUC,,,4221 AUC
4221,MOV,,,4221 MOV
4222,AUC,,,4222 AUC
4222,MOV,,,4222 MOV
4223,AUC,,,4223 AUC
4223,MOV,,,4223 MOV
4224,AUC,,,4224 AUC
4224,MOV,,,4224 MOV
4225,AUC,,,4225 AUC
4225,MOV,,,4225 MOV
4226,AUC,,,4226 AUC
4226,MOV,,,4226 MOV
4227,AUC,0.0,0.13994322,4227 AUC
4227,AUC,0.0006,0.13994672,4227 AUC
4227,AUC,0.0011,0.13994964,4227 AUC
4227,AUC,0.0017,0.13995314,4227 AUC
4227,AUC,0.0022,0.13995605,4227 AUC
4227,AUC,0.0028,0.13995955,4227 AUC
4227,AUC,0.0033,0.13996246,4227 AUC
4227,AUC,0.0039,0.13996596,4227 AUC
4227,AUC,0.0044,0.13996887,4227 AUC
4227,AUC,0.005,0.13997237,4227 AUC
4227,AUC,0.0061,0.13997878,4227 AUC
4227,AUC,0.0072,0.1399852,4227 AUC
4227,AUC,0.0083,0.13999161,4227 AUC
4227,AUC,0.0094,0.13999802,4227 AUC
4227,AUC,0.0106,0.14000502,4227 AUC
4227,AUC,0.0117,0.14001143,4227 AUC
4227,AUC,0.0128,0.14001784,4227 AUC
4227,AUC,0.0139,0.14002425,4227 AUC
4227,AUC,0.015,0.14003066,4227 AUC
4227,AUC,0.0184,0.14005048,4227 AUC
4227,AUC,0.0219,0.14007088,4227 AUC
4227,AUC,0.0253,0.1400907,4227 AUC
4227,AUC,0.0288,0.1401111,4227 AUC
4227,AUC,0.0322,0.14013092,4227 AUC
4227,AUC,0.0357,0.14015132,4227 AUC
4227,AUC,0.0391,0.14017113,4227 AUC
4227,AUC,0.0426,0.14019153,4227 AUC
4227,AUC,0.046,0.14021135,4227 AUC
4227,AUC,0.0564,0.14027195,4227 AUC
4227,AUC,0.0669,0.14033314,4227 AUC
4227,AUC,0.0773,0.14039374,4227 AUC
4227,AUC,0.0878,0.14045491,4227 AUC
4227,AUC,0.0982,0.1405155,4227 AUC
4227,AUC,0.1087,0.14057667,4227 AUC
4227,AUC,0.1191,0.14063725,4227 AUC
4227,AUC,0.1296,0.14069841,4227 AUC
4227,AUC,0.14,0.14075899,4227 AUC
4227,AUC,0.17,0.14093369,4227 AUC
4227,AUC,0.2,0.14110836,4227 AUC
4227,AUC,0.23,0.141283,4227 AUC
4227,AUC,0.26,0.14145759,4227 AUC
4227,AUC,0.29,0.14163216,4227 AUC
4227,AUC,0.32,0.14180668,4227 AUC
4227,AUC,0.35,0.14198118,4227 AUC
4227,AUC,0.38,0.14215563,4227 AUC
4227,AUC,0.41,0.14233006,4227 AUC
4227,AUC,0.5011,0.1428595,4227 AUC
4227,AUC,0.5922,0.14338861,4227 AUC
4227,AUC,0.6833,0.1439174,4227 AUC
4227,AUC,0.7744,0.14444586,4227 AUC
4227,AUC,0.8656,0.14497458,4227 AUC
4227,AUC,0.9567,0.14550239,4227 AUC
4227,AUC,1.0478,0.14602987,4227 AUC
4227,AUC,1.1389,0.14655703,4227 AUC
4227,AUC,1.23,0.14708386,4227 AUC
4227,AUC,1.5044,0.14866876,4227 AUC
4227,AUC,1.7789,0.15025128,4227 AUC
4227,AUC,2.0533,0.15183029,4227 AUC
4227,AUC,2.3278,0.15340694,4227 AUC
4227,AUC,2.6022,0.15498009,4227 AUC
4227,AUC,2.8767,0.15655088,4227 AUC
4227,AUC,3.1511,0.15811818,4227 AUC
4227,AUC,3.4256,0.15968314,4227 AUC
4227,AUC,3.7,0.16124463,4227 AUC
4227,AUC,4.5222,0.16590603,4227 AUC
4227,AUC,5.3444,0.17054154,4227 AUC
4227,AUC,6.1667,0.17515183,4227 AUC
4227,AUC,6.9889,0.17973595,4227 AUC
4227,AUC,7.8111,0.18429459,4227 AUC
4227,AUC,8.6333,0.1888279,4227 AUC
4227,AUC,9.4556,0.19333656,4227 AUC
4227,AUC,10.2778,0.19781961,4227 AUC
4227,AUC,11.1,0.20227775,4227 AUC
4227,AUC,13.5667,0.2155046,4227 AUC
4227,AUC,16.0333,0.22851161,4227 AUC
4227,AUC,18.5,0.24130348,4227 AUC
4227,AUC,20.9667,0.25388325,4227 AUC
4227,AUC,23.4333,0.26625394,4227 AUC
4227,AUC,25.9,0.27842001,4227 AUC
4227,AUC,28.3667,0.29038436,4227 AUC
4227,AUC,30.8333,0.30214986,4227 AUC
4227,AUC,33.3,0.31372075,4227 AUC
4227,MOV,,,4227 MOV
4228,AUC,,,4228 AUC
4228,MOV,,,4228 MOV
4229,AUC,,,4229 AUC
4229,MOV,,,4229 MOV
4230,AUC,,,4230 AUC
4230,MOV,,,4230 MOV
4231,AUC,,,4231 AUC
4231,MOV,,,4231 MOV
4233,AUC,0.0,0.07706296,4233 AUC
4233,AUC,0.0006,0.07775618,4233 AUC
4233,AUC,0.0011,0.07833347,4233 AUC
4233,AUC,0.0017,0.07902573,4233 AUC
4233,AUC,0.0022,0.07960222,4233 AUC
4233,AUC,0.0028,0.08029353,4233 AUC
4233,AUC,0.0033,0.08086923,4233 AUC
4233,AUC,0.0039,0.08155959,4233 AUC
4233,AUC,0.0044,0.0821345,4233 AUC
4233,AUC,0.005,0.08282391,4233 AUC
4233,AUC,0.0061,0.08408648,4233 AUC
4233,AUC,0.0072,0.08534732,4233 AUC
4233,AUC,0.0083,0.08660642,4233 AUC
4233,AUC,0.0094,0.08786379,4233 AUC
4233,AUC,0.0106,0.08923348,4233 AUC
4233,AUC,0.0117,0.09048724,4233 AUC
4233,AUC,0.0128,0.09173926,4233 AUC
4233,AUC,0.0139,0.09298956,4233 AUC
4233,AUC,0.015,0.09423814,4233 AUC
4233,AUC,0.0184,0.09808653,4233 AUC
4233,AUC,0.0219,0.10203104,4233 AUC
4233,AUC,0.0253,0.10584632,4233 AUC
4233,AUC,0.0288,0.10975688,4233 AUC
4233,AUC,0.0322,0.11353934,4233 AUC
4233,AUC,0.0357,0.11741626,4233 AUC
4233,AUC,0.0391,0.12116617,4233 AUC
4233,AUC,0.0426,0.12500973,4233 AUC
4233,AUC,0.046,0.12872738,4233 AUC
4233,AUC,0.0564,0.14000125,4233 AUC
4233,AUC,0.0669,0.15123554,4233 AUC
4233,AUC,0.0773,0.16221816,4233 AUC
4233,AUC,0.0878,0.17316223,4233 AUC
4233,AUC,0.0982,0.18386113,4233 AUC
4233,AUC,0.1087,0.19452247,4233 AUC
4233,AUC,0.1191,0.20494498,4233 AUC
4233,AUC,0.1296,0.2153309,4233 AUC
4233,AUC,0.14,0.22548416,4233 AUC
4233,AUC,0.17,0.25404228,4233 AUC
4233,AUC,0.2,0.2815474,4233 AUC
4233,AUC,0.23,0.30803835,4233 AUC
4233,AUC,0.26,0.33355252,4233 AUC
4233,AUC,0.29,0.35812592,4233 AUC
4233,AUC,0.32,0.38179325,4233 AUC
4233,AUC,0.35,0.40458791,4233 AUC
4233,AUC,0.38,0.42654208,4233 AUC
4233,AUC,0.41,0.44768675,4233 AUC
4233,MOV,0.0,0.01926079,4233 MOV
4233,MOV,0.0006,0.01927714,4233 MOV
4233,MOV,0.0011,0.01929944,4233 MOV
4233,MOV,0.0017,0.01933247,4233 MOV
4233,MOV,0.0022,0.01936414,4233 MOV
4233,MOV,0.0028,0.01940631,4233 MOV
4233,MOV,0.0033,0.01944452,4233 MOV
4233,MOV,0.0039,0.01949367,4233 MOV
4233,MOV,0.0044,0.01953714,4233 MOV
4233,MOV,0.005,0.01959209,4233 MOV
4233,MOV,0.0061,0.01970007,4233 MOV
4233,MOV,0.0072,0.01981653,4233 MOV
4233,MOV,0.0083,0.01994069,4233 MOV
4233,MOV,0.0094,0.02007193,4233 MOV
4233,MOV,0.0106,0.02022259,4233 MOV
4233,MOV,0.0117,0.0203671,4233 MOV
4233,MOV,0.0128,0.02051738,4233 MOV
4233,MOV,0.0139,0.02067313,4233 MOV
4233,MOV,0.015,0.02083409,4233 MOV
4233,MOV,0.0184,0.02136214,4233 MOV
4233,MOV,0.0219,0.02194965,4233 MOV
4233,MOV,0.0253,0.02255879,4233 MOV
4233,MOV,0.0288,0.02322191,4233 MOV
4233,MOV,0.0322,0.02389844,4233 MOV
4233,MOV,0.0357,0.02462583,4233 MOV
4233,MOV,0.0391,0.02536061,4233 MOV
4233,MOV,0.0426,0.02614429,4233 MOV
4233,MOV,0.046,0.02693064,4233 MOV
4233,MOV,0.0564,0.02947679,4233 MOV
4233,MOV,0.0669,0.03224076,4233 MOV
4233,MOV,0.0773,0.0351473,4233 MOV
4233,MOV,0.0878,0.03823403,4233 MOV
4233,MOV,0.0982,0.04142721,4233 MOV
4233,MOV,0.1087,0.04477543,4233 MOV
4233,MOV,0.1191,0.04820395,4233 MOV
4233,MOV,0.1296,0.05176893,4233 MOV
4233,MOV,0.14,0.05539391,4233 MOV
4233,MOV,0.17,0.06630748,4233 MOV
4233,MOV,0.2,0.07778402,4233 MOV
4233,MOV,0.23,0.08970146,4233 MOV
4233,MOV,0.26,0.10196023,4233 MOV
4233,MOV,0.29,0.11447745,4233 MOV
4233,MOV,0.32,0.12718309,4233 MOV
4233,MOV,0.35,0.14001748,4233 MOV
4233,MOV,0.38,0.15292945,4233 MOV
4233,MOV,0.41,0.16587498,4233 MOV
4234,AUC,,,4234 AUC
4234,MOV,,,4234 MOV
4235,AUC,0.0,0.16274311,4235 AUC
4235,AUC,0.0006,0.1627875,4235 AUC
4235,AUC,0.0011,0.16282223,4235 AUC
4235,AUC,0.0017,0.16286294,4235 AUC
4235,AUC,0.0022,0.16289634,4235 AUC
4235,AUC,0.0028,0.16293595,4235 AUC
4235,AUC,0.0033,0.16296866,4235 AUC
4235,AUC,0.0039,0.1630076,4235 AUC
4235,AUC,0.0044,0.16303984,4235 AUC
4235,AUC,0.005,0.1630783,4235 AUC
4235,AUC,0.0061,0.16314827,4235 AUC
4235,AUC,0.0072,0.16321763,4235 AUC
4235,AUC,0.0083,0.1632865,4235 AUC
4235,AUC,0.0094,0.16335493,4235 AUC
4235,AUC,0.0106,0.16342916,4235 AUC
4235,AUC,0.0117,0.16349684,4235 AUC
4235,AUC,0.0128,0.16356422,4235 AUC
4235,AUC,0.0139,0.16363131,4235 AUC
4235,AUC,0.015,0.16369816,4235 AUC
4235,AUC,0.0184,0.16390333,4235 AUC
4235,AUC,0.0219,0.16411261,4235 AUC
4235,AUC,0.0253,0.16431432,4235 AUC
4235,AUC,0.0288,0.16452056,4235 AUC
4235,AUC,0.0322,0.1647197,4235 AUC
4235,AUC,0.0357,0.16492358,4235 AUC
4235,AUC,0.0391,0.16512066,4235 AUC
4235,AUC,0.0426,0.16532261,4235 AUC
4235,AUC,0.046,0.16551796,4235 AUC
4235,AUC,0.0564,0.166111,4235 AUC
4235,AUC,0.0669,0.16670377,4235 AUC
4235,AUC,0.0773,0.16728583,4235 AUC
4235,AUC,0.0878,0.16786899,4235 AUC
4235,AUC,0.0982,0.16844263,4235 AUC
4235,AUC,0.1087,0.16901813,4235 AUC
4235,AUC,0.1191,0.16958484,4235 AUC
4235,AUC,0.1296,0.17015391,4235 AUC
4235,AUC,0.14,0.17071468,4235 AUC
4235,AUC,0.17,0.17231781,4235 AUC
4235,AUC,0.2,0.17390173,4235 AUC
4235,AUC,0.23,0.17546868,4235 AUC
4235,AUC,0.26,0.17702029,4235 AUC
4235,AUC,0.29,0.17855784,4235 AUC
4235,AUC,0.32,0.18008235,4235 AUC
4235,AUC,0.35,0.18159465,4235 AUC
4235,AUC,0.38,0.18309541,4235 AUC
4235,AUC,0.41,0.18458524,4235 AUC
4235,AUC,0.5011,0.18904719,4235 AUC
4235,AUC,0.5922,0.1934236,4235 AUC
4235,AUC,0.6833,0.19772239,4235 AUC
4235,AUC,0.7744,0.20194952,4235 AUC
4235,AUC,0.8656,0.20611424,4235 AUC
4235,AUC,0.9567,0.21021128,4235 AUC
4235,AUC,1.0478,0.21424851,4235 AUC
4235,AUC,1.1389,0.21822869,4235 AUC
4235,AUC,1.23,0.22215426,4235 AUC
4235,AUC,1.5044,0.23366901,4235 AUC
4235,AUC,1.7789,0.24475871,4235 AUC
4235,AUC,2.0533,0.25545238,4235 AUC
4235,AUC,2.3278,0.26578781,4235 AUC
4235,AUC,2.6022,0.27578259,4235 AUC
4235,AUC,2.8767,0.28546561,4235 AUC
4235,AUC,3.1511,0.29484872,4235 AUC
4235,AUC,3.4256,0.30395555,4235 AUC
4235,AUC,3.7,0.31279455,4235 AUC
4235,AUC,4.5222,0.33782603,4235 AUC
4235,AUC,5.3444,0.36090894,4235 AUC
4235,AUC,6.1667,0.38229116,4235 AUC
4235,AUC,6.9889,0.40216724,4235 AUC
4235,AUC,7.8111,0.42070589,4235 AUC
4235,AUC,8.6333,0.43804713,4235 AUC
4235,AUC,9.4556,0.45431244,4235 AUC
4235,AUC,10.2778,0.46960089,4235 AUC
4235,AUC,11.1,0.48400405,4235 AUC
4235,AUC,13.5667,0.52264034,4235 AUC
4235,AUC,16.0333,0.55563186,4235 AUC
4235,AUC,18.5,0.58416766,4235 AUC
4235,AUC,20.9667,0.60911425,4235 AUC
4235,AUC,23.4333,0.63112268,4235 AUC
4235,AUC,25.9,0.65069505,4235 AUC
4235,AUC,28.3667,0.66822151,4235 AUC
4235,AUC,30.8333,0.68401194,4235 AUC
4235,AUC,33.3,0.6983175,4235 AUC
4235,AUC,40.7111,0.73423104,4235 AUC
4235,AUC,48.1222,0.7622904,4235 AUC
4235,AUC,55.5333,0.78484427,4235 AUC
4235,AUC,62.9444,0.80338406,4235 AUC
4235,AUC,70.3556,0.8189042,4235 AUC
4235,AUC,77.7667,0.83209343,4235 AUC
4235,AUC,85.1778,0.84344513,4235 AUC
4235,AUC,92.5889,0.85332177,4235 AUC
4235,AUC,100.0,0.86199589,4235 AUC
4235,MOV,0.0,0.05525716,4235 MOV
4235,MOV,0.0006,0.05525991,4235 MOV
4235,MOV,0.0011,0.05526219,4235 MOV
4235,MOV,0.0017,0.05526493,4235 MOV
4235,MOV,0.0022,0.05526722,4235 MOV
4235,MOV,0.0028,0.05526996,4235 MOV
4235,MOV,0.0033,0.05527224,4235 MOV
4235,MOV,0.0039,0.05527499,4235 MOV
4235,MOV,0.0044,0.05527727,4235 MOV
4235,MOV,0.005,0.05528001,4235 MOV
4235,MOV,0.0061,0.05528504,4235 MOV
4235,MOV,0.0072,0.05529006,4235 MOV
4235,MOV,0.0083,0.05529509,4235 MOV
4235,MOV,0.0094,0.05530012,4235 MOV
4235,MOV,0.0106,0.0553056,4235 MOV
4235,MOV,0.0117,0.05531063,4235 MOV
4235,MOV,0.0128,0.05531565,4235 MOV
4235,MOV,0.0139,0.05532068,4235 MOV
4235,MOV,0.015,0.05532571,4235 MOV
4235,MOV,0.0184,0.05534124,4235 MOV
4235,MOV,0.0219,0.05535723,4235 MOV
4235,MOV,0.0253,0.05537277,4235 MOV
4235,MOV,0.0288,0.05538876,4235 MOV
4235,MOV,0.0322,0.05540429,4235 MOV
4235,MOV,0.0357,0.05542028,4235 MOV
4235,MOV,0.0391,0.05543582,4235 MOV
4235,MOV,0.0426,0.05545181,4235 MOV
4235,MOV,0.046,0.05546734,4235 MOV
4235,MOV,0.0564,0.05551485,4235 MOV
4235,MOV,0.0669,0.05556282,4235 MOV
4235,MOV,0.0773,0.05561032,4235 MOV
4235,MOV,0.0878,0.05565828,4235 MOV
4235,MOV,0.0982,0.05570579,4235 MOV
4235,MOV,0.1087,0.05575374,4235 MOV
4235,MOV,0.1191,0.05580124,4235 MOV
4235,MOV,0.1296,0.05584919,4235 MOV
4235,MOV,0.14,0.05589668,4235 MOV
4235,MOV,0.17,0.05603367,4235 MOV
4235,MOV,0.2,0.05617063,4235 MOV
4235,MOV,0.23,0.05630757,4235 MOV
4235,MOV,0.26,0.0564445,4235 MOV
4235,MOV,0.29,0.0565814,4235 MOV
4235,MOV,0.32,0.05671828,4235 MOV
4235,MOV,0.35,0.05685515,4235 MOV
4235,MOV,0.38,0.05699199,4235 MOV
4235,MOV,0.41,0.05712882,4235 MOV
4235,MOV,0.5011,0.05754418,4235 MOV
4235,MOV,0.5922,0.05795937,4235 MOV
4235,MOV,0.6833,0.05837437,4235 MOV
4235,MOV,0.7744,0.05878919,4235 MOV
4235,MOV,0.8656,0.05920428,4235 MOV
4235,MOV,0.9567,0.05961874,4235 MOV
4235,MOV,1.0478,0.06003301,4235 MOV
4235,MOV,1.1389,0.0604471,4235 MOV
4235,MOV,1.23,0.060861,4235 MOV
4235,MOV,1.5044,0.06210662,4235 MOV
4235,MOV,1.7789,0.06335103,4235 MOV
4235,MOV,2.0533,0.06459335,4235 MOV
4235,MOV,2.3278,0.06583446,4235 MOV
4235,MOV,2.6022,0.06707348,4235 MOV
4235,MOV,2.8767,0.06831131,4235 MOV
4235,MOV,3.1511,0.06954704,4235 MOV
4235,MOV,3.4256,0.07078159,4235 MOV
4235,MOV,3.7,0.07201404,4235 MOV
4235,MOV,4.5222,0.07569714,4235 MOV
4235,MOV,5.3444,0.07936563,4235 MOV
4235,MOV,6.1667,0.08301999,4235 MOV
4235,MOV,6.9889,0.08665941,4235 MOV
4235,MOV,7.8111,0.09028439,4235 MOV
4235,MOV,8.6333,0.09389498,4235 MOV
4235,MOV,9.4556,0.09749167,4235 MOV
4235,MOV,10.2778,0.10107365,4235 MOV
4235,MOV,11.1,0.10464142,4235 MOV
4235,MOV,13.5667,0.11526041,4235 MOV
4235,MOV,16.0333,0.12575304,4235 MOV
4235,MOV,18.5,0.13612164,4235 MOV
4235,MOV,20.9667,0.14636727,4235 MOV
4235,MOV,23.4333,0.15649099,4235 MOV
4235,MOV,25.9,0.16649504,4235 MOV
4235,MOV,28.3667,0.17638044,4235 MOV
4235,MOV,30.8333,0.18614821,4235 MOV
4235,MOV,33.3,0.19580053,4235 MOV
4235,MOV,40.7111,0.22411731,4235 MOV
4235,MOV,48.1222,0.25143703,4235 MOV
4235,MOV,55.5333,0.27779479,4235 MOV
4235,MOV,62.9444,0.30322446,4235 MOV
4235,MOV,70.3556,0.32775905,4235 MOV
4235,MOV,77.7667,0.35142942,4235 MOV
4235,MOV,85.1778,0.37426633,4235 MOV
4235,MOV,92.5889,0.39629913,4235 MOV
4235,MOV,100.0,0.41755613,4235 MOV
4236,AUC,,,4236 AUC
4236,MOV,,,4236 MOV
4237,AUC,,,4237 AUC
4237,MOV,,,4237 MOV
4238,AUC,,,4238 AUC
4238,MOV,,,4238 MOV
4239,AUC,,,4239 AUC
4239,MOV,,,4239 MOV
4241,AUC,,,4241 AUC
4241,MOV,,,4241 MOV
4242,AUC,,,4242 AUC
4242,MOV,,,4242 MOV
4243,AUC,,,4243 AUC
4243,MOV,,,4243 MOV
4244,AUC,0.0,0.11412112,4244 AUC
4244,AUC,0.1367,0.11602696,4244 AUC
4244,AUC,0.2733,0.11792731,4244 AUC
4244,AUC,0.41,0.11982497,4244 AUC
4244,AUC,0.5467,0.12171854,4244 AUC
4244,AUC,0.6833,0.12360665,4244 AUC
4244,AUC,0.82,0.12549209,4244 AUC
4244,AUC,0.9567,0.12737346,4244 AUC
4244,AUC,1.0933,0.12924942,4244 AUC
4244,AUC,1.23,0.13112272,4244 AUC
4244,AUC,1.5044,0.13487085,4244 AUC
4244,AUC,1.7789,0.13860418,4244 AUC
4244,AUC,2.0533,0.14232004,4244 AUC
4244,AUC,2.3278,0.14602122,4244 AUC
4244,AUC,2.6022,0.14970509,4244 AUC
4244,AUC,2.8767,0.1533744,4244 AUC
4244,AUC,3.1511,0.15702655,4244 AUC
4244,AUC,3.4256,0.16066426,4244 AUC
4244,AUC,3.7,0.16428497,4244 AUC
4244,AUC,4.5222,0.17504063,4244 AUC
4244,AUC,5.3444,0.18565787,4244 AUC
4244,AUC,6.1667,0.19613973,4244 AUC
4244,AUC,6.9889,0.20648542,4244 AUC
4244,AUC,7.8111,0.21669796,4244 AUC
4244,AUC,8.6333,0.22677907,4244 AUC
4244,AUC,9.4556,0.23673164,4244 AUC
4244,AUC,10.2778,0.24655491,4244 AUC
4244,AUC,11.1,0.25625176,4244 AUC
4244,MOV,,,4244 MOV
4245,AUC,,,4245 AUC
4245,MOV,,,4245 MOV
4246,AUC,,,4246 AUC
4246,MOV,,,4246 MOV
4247,AUC,,,4247 AUC
4247,MOV,,,4247 MOV
4248,AUC,0.0,0.10588496,4248 AUC
4248,AUC,0.0006,0.16887201,4248 AUC
4248,AUC,0.0011,0.17698986,4248 AUC
4248,AUC,0.0017,0.18345798,4248 AUC
4248,AUC,0.0022,0.18756301,4248 AUC
4248,AUC,0.0028,0.19159907,4248 AUC
4248,AUC,0.0033,0.19446247,4248 AUC
4248,AUC,0.0039,0.19747189,4248 AUC
4248,AUC,0.0044,0.19970834,4248 AUC
4248,AUC,0.005,0.202138,4248 AUC
4248,AUC,0.0061,0.2060431,4248 AUC
4248,AUC,0.0072,0.20941983,4248 AUC
4248,AUC,0.0083,0.21240605,4248 AUC
4248,AUC,0.0094,0.21509068,4248 AUC
4248,AUC,0.0106,0.21774651,4248 AUC
4248,AUC,0.0117,0.21997735,4248 AUC
4248,AUC,0.0128,0.22204623,4248 AUC
4248,AUC,0.0139,0.22397742,4248 AUC
4248,AUC,0.015,0.22578997,4248 AUC
4248,AUC,0.0184,0.23079063,4248 AUC
4248,AUC,0.0219,0.23521724,4248 AUC
4248,AUC,0.0253,0.23900449,4248 AUC
4248,AUC,0.0288,0.24249911,4248 AUC
4248,AUC,0.0322,0.24558222,4248 AUC
4248,AUC,0.0357,0.24849493,4248 AUC
4248,AUC,0.0391,0.25111322,4248 AUC
4248,AUC,0.0426,0.25362466,4248 AUC
4248,AUC,0.046,0.25591091,4248 AUC
4248,AUC,0.0564,0.26215266,4248 AUC
4248,AUC,0.0669,0.26758019,4248 AUC
4248,AUC,0.0773,0.27232065,4248 AUC
4248,AUC,0.0878,0.27661425,4248 AUC
4248,AUC,0.0982,0.28047923,4248 AUC
4248,AUC,0.1087,0.28406218,4248 AUC
4248,AUC,0.1191,0.28734759,4248 AUC
4248,AUC,0.1296,0.29043936,4248 AUC
4248,AUC,0.14,0.29330999,4248 AUC
4248,AUC,0.17,0.30072925,4248 AUC
4248,AUC,0.2,0.30716458,4248 AUC
4248,AUC,0.23,0.31286824,4248 AUC
4248,AUC,0.26,0.3180043,4248 AUC
4248,AUC,0.29,0.32268587,4248 AUC
4248,AUC,0.32,0.32699446,4248 AUC
4248,AUC,0.35,0.33099088,4248 AUC
4248,AUC,0.38,0.3347218,4248 AUC
4248,AUC,0.41,0.33822384,4248 AUC
4248,AUC,0.5011,0.34773021,4248 AUC
4248,AUC,0.5922,0.35593903,4248 AUC
4248,AUC,0.6833,0.36319106,4248 AUC
4248,AUC,0.7744,0.3697054,4248 AUC
4248,AUC,0.8656,0.37563801,4248 AUC
4248,AUC,0.9567,0.38108319,4248 AUC
4248,AUC,1.0478,0.38612729,4248 AUC
4248,AUC,1.1389,0.39083107,4248 AUC
4248,AUC,1.23,0.3952421,4248 AUC
4248,AUC,1.5044,0.40710816,4248 AUC
4248,AUC,1.7789,0.4173495,4248 AUC
4248,AUC,2.0533,0.42638741,4248 AUC
4248,AUC,2.3278,0.43450389,4248 AUC
4248,AUC,2.6022,0.441881,4248 AUC
4248,AUC,2.8767,0.44865869,4248 AUC
4248,AUC,3.1511,0.45493175,4248 AUC
4248,AUC,3.4256,0.46078099,4248 AUC
4248,AUC,3.7,0.46626172,4248 AUC
4248,AUC,4.5222,0.48092222,4248 AUC
4248,AUC,5.3444,0.49356403,4248 AUC
4248,AUC,6.1667,0.50471814,4248 AUC
4248,AUC,6.9889,0.51472245,4248 AUC
4248,AUC,7.8111,0.52381124,4248 AUC
4248,AUC,8.6333,0.53215123,4248 AUC
4248,AUC,9.4556,0.53986708,4248 AUC
4248,AUC,10.2778,0.54705148,4248 AUC
4248,AUC,11.1,0.5537794,4248 AUC
4248,MOV,,,4248 MOV
4249,AUC,,,4249 AUC
4249,MOV,,,4249 MOV
4250,AUC,,,4250 AUC
4250,MOV,,,4250 MOV
4251,AUC,,,4251 AUC
4251,MOV,,,4251 MOV
4252,AUC,,,4252 AUC
4252,MOV,,,4252 MOV
4253,AUC,,,4253 AUC
4253,MOV,,,4253 MOV
4254,AUC,,,4254 AUC
4254,MOV,,,4254 MOV
4256,AUC,,,4256 AUC
4256,MOV,,,4256 MOV
4257,AUC,,,4257 AUC
4257,MOV,,,4257 MOV
4258,AUC,,,4258 AUC
4258,MOV,,,4258 MOV
4259,AUC,,,4259 AUC
4259,MOV,,,4259 MOV
4260,AUC,,,4260 AUC
4260,MOV,,,4260 MOV
4261,AUC,,,4261 AUC
4261,MOV,,,4261 MOV
4262,AUC,,,4262 AUC
4262,MOV,,,4262 MOV
4263,AUC,,,4263 AUC
4263,MOV,,,4263 MOV
4265,AUC,,,4265 AUC
4265,MOV,,,4265 MOV
4266,AUC,,,4266 AUC
4266,MOV,,,4266 MOV
4267,AUC,,,4267 AUC
4267,MOV,,,4267 MOV
4268,AUC,,,4268 AUC
4268,MOV,,,4268 MOV
4269,AUC,,,4269 AUC
4269,MOV,,,4269 MOV
4270,AUC,,,4270 AUC
4270,MOV,0.0,,4270 MOV
4270,MOV,0.0006,,4270 MOV
4270,MOV,0.0011,,4270 MOV
4270,MOV,0.0017,,4270 MOV
4270,MOV,0.0022,,4270 MOV
4270,MOV,0.0028,,4270 MOV
4270,MOV,0.0033,,4270 MOV
4270,MOV,0.0039,,4270 MOV
4270,MOV,0.0044,,4270 MOV
4270,MOV,0.005,,4270 MOV
4270,MOV,0.0061,,4270 MOV
4270,MOV,0.0072,,4270 MOV
4270,MOV,0.0083,,4270 MOV
4270,MOV,0.0094,,4270 MOV
4270,MOV,0.0106,,4270 MOV
4270,MOV,0.0117,,4270 MOV
4270,MOV,0.0128,,4270 MOV
4270,MOV,0.0139,,4270 MOV
4270,MOV,0.015,,4270 MOV
4270,MOV,0.0184,,4270 MOV
4270,MOV,0.0219,,4270 MOV
4270,MOV,0.0253,,4270 MOV
4270,MOV,0.0288,,4270 MOV
4270,MOV,0.0322,,4270 MOV
4270,MOV,0.0357,,4270 MOV
4270,MOV,0.0391,,4270 MOV
4270,MOV,0.0426,,4270 MOV
4270,MOV,0.046,,4270 MOV
4270,MOV,0.0564,,4270 MOV
4270,MOV,0.0669,,4270 MOV
4270,MOV,0.0773,,4270 MOV
4270,MOV,0.0878,,4270 MOV
4270,MOV,0.0982,,4270 MOV
4270,MOV,0.1087,,4270 MOV
4270,MOV,0.1191,,4270 MOV
4270,MOV,0.1296,,4270 MOV
4270,MOV,0.14,,4270 MOV
4270,MOV,0.17,,4270 MOV
4270,MOV,0.2,,4270 MOV
4270,MOV,0.23,,4270 MOV
4270,MOV,0.26,,4270 MOV
4270,MOV,0.29,,4270 MOV
4270,MOV,0.32,,4270 MOV
4270,MOV,0.35,,4270 MOV
4270,MOV,0.38,,4270 MOV
4270,MOV,0.41,,4270 MOV
4270,MOV,0.5011,,4270 MOV
4270,MOV,0.5922,,4270 MOV
4270,MOV,0.6833,,4270 MOV
4270,MOV,0.7744,,4270 MOV
4270,MOV,0.8656,,4270 MOV
4270,MOV,0.9567,,4270 MOV
4270,MOV,1.0478,,4270 MOV
4270,MOV,1.1389,,4270 MOV
4270,MOV,1.23,,4270 MOV
4271,AUC,,,4271 AUC
4271,MOV,,,4271 MOV
4272,AUC,0.0,0.21608274,4272 AUC
4272,AUC,0.0006,0.21611752,4272 AUC
4272,AUC,0.0011,0.2161465,4272 AUC
4272,AUC,0.0017,0.21618128,4272 AUC
4272,AUC,0.0022,0.21621026,4272 AUC
4272,AUC,0.0028,0.21624503,4272 AUC
4272,AUC,0.0033,0.21627401,4272 AUC
4272,AUC,0.0039,0.21630878,4272 AUC
4272,AUC,0.0044,0.21633776,4272 AUC
4272,AUC,0.005,0.21637253,4272 AUC
4272,AUC,0.0061,0.21643627,4272 AUC
4272,AUC,0.0072,0.2165,4272 AUC
4272,AUC,0.0083,0.21656373,4272 AUC
4272,AUC,0.0094,0.21662746,4272 AUC
4272,AUC,0.0106,0.21669697,4272 AUC
4272,AUC,0.0117,0.21676068,4272 AUC
4272,AUC,0.0128,0.21682439,4272 AUC
4272,AUC,0.0139,0.2168881,4272 AUC
4272,AUC,0.015,0.21695179,4272 AUC
4272,AUC,0.0184,0.21714865,4272 AUC
4272,AUC,0.0219,0.21735124,4272 AUC
4272,AUC,0.0253,0.21754799,4272 AUC
4272,AUC,0.0288,0.21775048,4272 AUC
4272,AUC,0.0322,0.21794713,4272 AUC
4272,AUC,0.0357,0.21814951,4272 AUC
4272,AUC,0.0391,0.21834606,4272 AUC
4272,AUC,0.0426,0.21854834,4272 AUC
4272,AUC,0.046,0.2187448,4272 AUC
4272,AUC,0.0564,0.2193454,4272 AUC
4272,AUC,0.0669,0.21995131,4272 AUC
4272,AUC,0.0773,0.22055098,4272 AUC
4272,AUC,0.0878,0.22115596,4272 AUC
4272,AUC,0.0982,0.22175471,4272 AUC
4272,AUC,0.1087,0.22235875,4272 AUC
4272,AUC,0.1191,0.22295657,4272 AUC
4272,AUC,0.1296,0.22355968,4272 AUC
4272,AUC,0.14,0.22415658,4272 AUC
4272,AUC,0.17,0.22587584,4272 AUC
4272,AUC,0.2,0.22759129,4272 AUC
4272,AUC,0.23,0.22930294,4272 AUC
4272,AUC,0.26,0.2310108,4272 AUC
4272,AUC,0.29,0.23271487,4272 AUC
4272,AUC,0.32,0.23441517,4272 AUC
4272,AUC,0.35,0.2361117,4272 AUC
4272,AUC,0.38,0.23780447,4272 AUC
4272,AUC,0.41,0.23949349,4272 AUC
4272,AUC,0.5011,0.24459957,4272 AUC
4272,AUC,0.5922,0.24967136,4272 AUC
4272,AUC,0.6833,0.25470911,4272 AUC
4272,AUC,0.7744,0.25971303,4272 AUC
4272,AUC,0.8656,0.26468879,4272 AUC
4272,AUC,0.9567,0.26962571,4272 AUC
4272,AUC,1.0478,0.27452948,4272 AUC
4272,AUC,1.1389,0.27940032,4272 AUC
4272,AUC,1.23,0.28423846,4272 AUC
4272,AUC,1.5044,0.29861592,4272 AUC
4272,AUC,1.7789,0.31270965,4272 AUC
4272,AUC,2.0533,0.32651521,4272 AUC
4272,AUC,2.3278,0.34004833,4272 AUC
4272,AUC,2.6022,0.35330474,4272 AUC
4272,AUC,2.8767,0.36629955,4272 AUC
4272,AUC,3.1511,0.37902864,4272 AUC
4272,AUC,3.4256,0.39150655,4272 AUC
4272,AUC,3.7,0.40372932,4272 AUC
4272,MOV,,,4272 MOV
4273,AUC,,,4273 AUC
4273,MOV,,,4273 MOV
4274,AUC,,,4274 AUC
4274,MOV,,,4274 MOV
4275,AUC,,,4275 AUC
4275,MOV,,,4275 MOV
4276,AUC,,,4276 AUC
4276,MOV,,,4276 MOV
4277,AUC,,,4277 AUC
4277,MOV,,,4277 MOV
4278,AUC,,,4278 AUC
4278,MOV,,,4278 MOV
4279,AUC,0.0,0.25603686,4279 AUC
4279,AUC,0.0006,0.25605065,4279 AUC
4279,AUC,0.0011,0.25606214,4279 AUC
4279,AUC,0.0017,0.25607593,4279 AUC
4279,AUC,0.0022,0.25608743,4279 AUC
4279,AUC,0.0028,0.25610122,4279 AUC
4279,AUC,0.0033,0.25611271,4279 AUC
4279,AUC,0.0039,0.2561265,4279 AUC
4279,AUC,0.0044,0.256138,4279 AUC
4279,AUC,0.005,0.25615179,4279 AUC
4279,AUC,0.0061,0.25617707,4279 AUC
4279,AUC,0.0072,0.25620235,4279 AUC
4279,AUC,0.0083,0.25622763,4279 AUC
4279,AUC,0.0094,0.25625291,4279 AUC
4279,AUC,0.0106,0.25628049,4279 AUC
4279,AUC,0.0117,0.25630577,4279 AUC
4279,AUC,0.0128,0.25633105,4279 AUC
4279,AUC,0.0139,0.25635632,4279 AUC
4279,AUC,0.015,0.2563816,4279 AUC
4279,AUC,0.0184,0.25645972,4279 AUC
4279,AUC,0.0219,0.25654013,4279 AUC
4279,AUC,0.0253,0.25661823,4279 AUC
4279,AUC,0.0288,0.25669862,4279 AUC
4279,AUC,0.0322,0.25677671,4279 AUC
4279,AUC,0.0357,0.25685708,4279 AUC
4279,AUC,0.0391,0.25693515,4279 AUC
4279,AUC,0.0426,0.25701551,4279 AUC
4279,AUC,0.046,0.25709356,4279 AUC
4279,AUC,0.0564,0.25733226,4279 AUC
4279,AUC,0.0669,0.25757318,4279 AUC
4279,AUC,0.0773,0.25781172,4279 AUC
4279,AUC,0.0878,0.25805249,4279 AUC
4279,AUC,0.0982,0.25829088,4279 AUC
4279,AUC,0.1087,0.25853148,4279 AUC
4279,AUC,0.1191,0.25876972,4279 AUC
4279,AUC,0.1296,0.25901017,4279 AUC
4279,AUC,0.14,0.25924825,4279 AUC
4279,AUC,0.17,0.25993461,4279 AUC
4279,AUC,0.2,0.26062032,4279 AUC
4279,AUC,0.23,0.2613054,4279 AUC
4279,AUC,0.26,0.26198985,4279 AUC
4279,AUC,0.29,0.26267366,4279 AUC
4279,AUC,0.32,0.26335683,4279 AUC
4279,AUC,0.35,0.26403938,4279 AUC
4279,AUC,0.38,0.26472129,4279 AUC
4279,AUC,0.41,0.26540257,4279 AUC
4279,AUC,0.5011,0.26746752,4279 AUC
4279,AUC,0.5922,0.26952667,4279 AUC
4279,AUC,0.6833,0.27158004,4279 AUC
4279,AUC,0.7744,0.27362762,4279 AUC
4279,AUC,0.8656,0.2756717,4279 AUC
4279,AUC,0.9567,0.27770778,4279 AUC
4279,AUC,1.0478,0.27973815,4279 AUC
4279,AUC,1.1389,0.2817628,4279 AUC
4279,AUC,1.23,0.28378177,4279 AUC
4279,AUC,1.5044,0.28982882,4279 AUC
4279,AUC,1.7789,0.29582699,4279 AUC
4279,AUC,2.0533,0.30177233,4279 AUC
4279,AUC,2.3278,0.30766963,4279 AUC
4279,AUC,2.6022,0.31351499,4279 AUC
4279,AUC,2.8767,0.3193131,4279 AUC
4279,AUC,3.1511,0.32506016,4279 AUC
4279,AUC,3.4256,0.33076076,4279 AUC
4279,AUC,3.7,0.33641116,4279 AUC
4279,AUC,4.5222,0.35305775,4279 AUC
4279,AUC,5.3444,0.36928674,4279 AUC
4279,AUC,6.1667,0.38511052,4279 AUC
4279,AUC,6.9889,0.40053545,4279 AUC
4279,AUC,7.8111,0.41557344,4279 AUC
4279,AUC,8.6333,0.43023418,4279 AUC
4279,AUC,9.4556,0.44452887,4279 AUC
4279,AUC,10.2778,0.45846325,4279 AUC
4279,AUC,11.1,0.47204807,4279 AUC
4279,MOV,,,4279 MOV
4280,AUC,,,4280 AUC
4280,MOV,0.0,1e-05,4280 MOV
4280,MOV,0.0006,0.30482871,4280 MOV
4280,MOV,0.0011,0.30653513,4280 MOV
4280,MOV,0.0017,0.30776517,4280 MOV
4280,MOV,0.0022,0.30849547,4280 MOV
4280,MOV,0.0028,0.30917975,4280 MOV
4280,MOV,0.0033,0.30964662,4280 MOV
4280,MOV,0.0039,0.31012185,4280 MOV
4280,MOV,0.0044,0.31046536,4280 MOV
4280,MOV,0.005,0.3108297,4280 MOV
4280,MOV,0.0061,0.31139709,4280 MOV
4280,MOV,0.0072,0.31187076,4280 MOV
4280,MOV,0.0083,0.31227738,4280 MOV
4280,MOV,0.0094,0.31263366,4280 MOV
4280,MOV,0.0106,0.31297789,4280 MOV
4280,MOV,0.0117,0.313261,4280 MOV
4280,MOV,0.0128,0.31351881,4280 MOV
4280,MOV,0.0139,0.3137555,4280 MOV
4280,MOV,0.015,0.31397427,4280 MOV
4280,MOV,0.0184,0.31456169,4280 MOV
4280,MOV,0.0219,0.31506304,4280 MOV
4280,MOV,0.0253,0.31547899,4280 MOV
4280,MOV,0.0288,0.3158528,4280 MOV
4280,MOV,0.0322,0.316175,4280 MOV
4280,MOV,0.0357,0.31647315,4280 MOV
4280,MOV,0.0391,0.31673618,4280 MOV
4280,MOV,0.0426,0.31698422,4280 MOV
4280,MOV,0.046,0.3172065,4280 MOV
4280,MOV,0.0564,0.31779711,4280 MOV
4280,MOV,0.0669,0.31829245,4280 MOV
4280,MOV,0.0773,0.31871213,4280 MOV
4280,MOV,0.0878,0.3190824,4280 MOV
4280,MOV,0.0982,0.31940811,4280 MOV
4280,MOV,0.1087,0.31970389,4280 MOV
4280,MOV,0.1191,0.31997011,4280 MOV
4280,MOV,0.1296,0.32021642,4280 MOV
4280,MOV,0.14,0.32044158,4280 MOV
4280,MOV,0.17,0.32100844,4280 MOV
4280,MOV,0.2,0.32148351,4280 MOV
4280,MOV,0.23,0.32189248,4280 MOV
4280,MOV,0.26,0.32225156,4280 MOV
4280,MOV,0.29,0.32257164,4280 MOV
4280,MOV,0.32,0.32286038,4280 MOV
4280,MOV,0.35,0.32312339,4280 MOV
4280,MOV,0.38,0.32336491,4280 MOV
4280,MOV,0.41,0.32358818,4280 MOV
4280,MOV,0.5011,0.3241783,4280 MOV
4280,MOV,0.5922,0.32467019,4280 MOV
4280,MOV,0.6833,0.32509199,4280 MOV
4280,MOV,0.7744,0.32546125,4280 MOV
4280,MOV,0.8656,0.32579001,4280 MOV
4280,MOV,0.9567,0.3260857,4280 MOV
4280,MOV,1.0478,0.32635465,4280 MOV
4280,MOV,1.1389,0.3266013,4280 MOV
4280,MOV,1.23,0.32682909,4280 MOV
4280,MOV,1.5044,0.32742577,4280 MOV
4280,MOV,1.7789,0.32792298,4280 MOV
4280,MOV,2.0533,0.32834899,4280 MOV
4280,MOV,2.3278,0.32872195,4280 MOV
4280,MOV,2.6022,0.32905343,4280 MOV
4280,MOV,2.8767,0.32935197,4280 MOV
4280,MOV,3.1511,0.32962335,4280 MOV
4280,MOV,3.4256,0.3298723,4280 MOV
4280,MOV,3.7,0.33010208,4280 MOV
4280,MOV,6.9889,0.33200315,4280 MOV
4280,MOV,10.2778,0.33315986,4280 MOV
4280,MOV,13.5667,0.33399439,4280 MOV
4280,MOV,16.8556,0.33464793,4280 MOV
4280,MOV,20.1444,0.33518528,4280 MOV
4280,MOV,23.4333,0.33564169,4280 MOV
4280,MOV,26.7222,0.33603843,4280 MOV
4280,MOV,30.0111,0.33638934,4280 MOV
4280,MOV,33.3,0.33670396,4280 MOV
4282,AUC,,,4282 AUC
4282,MOV,0.0,1e-05,4282 MOV
4282,MOV,0.0006,0.02928265,4282 MOV
4282,MOV,0.0011,0.03305535,4282 MOV
4282,MOV,0.0017,0.03606136,4282 MOV
4282,MOV,0.0022,0.03796914,4282 MOV
4282,MOV,0.0028,0.03984487,4282 MOV
4282,MOV,0.0033,0.04117561,4282 MOV
4282,MOV,0.0039,0.04257423,4282 MOV
4282,MOV,0.0044,0.0436136,4282 MOV
4282,MOV,0.005,0.04474277,4282 MOV
4282,MOV,0.0061,0.04655765,4282 MOV
4282,MOV,0.0072,0.04812697,4282 MOV
4282,MOV,0.0083,0.04951481,4282 MOV
4282,MOV,0.0094,0.05076249,4282 MOV
4282,MOV,0.0106,0.05199679,4282 MOV
4282,MOV,0.0117,0.05303357,4282 MOV
4282,MOV,0.0128,0.05399509,4282 MOV
4282,MOV,0.0139,0.05489261,4282 MOV
4282,MOV,0.015,0.055735,4282 MOV
4282,MOV,0.0184,0.05805908,4282 MOV
4282,MOV,0.0219,0.06011638,4282 MOV
4282,MOV,0.0253,0.06187655,4282 MOV
4282,MOV,0.0288,0.06350072,4282 MOV
4282,MOV,0.0322,0.06493365,4282 MOV
4282,MOV,0.0357,0.06628739,4282 MOV
4282,MOV,0.0391,0.0675043,4282 MOV
4282,MOV,0.0426,0.06867156,4282 MOV
4282,MOV,0.046,0.06973416,4282 MOV
4282,MOV,0.0564,0.07263523,4282 MOV
4282,MOV,0.0669,0.07515791,4282 MOV
4282,MOV,0.0773,0.07736129,4282 MOV
4282,MOV,0.0878,0.07935701,4282 MOV
4282,MOV,0.0982,0.08115354,4282 MOV
4282,MOV,0.1087,0.082819,4282 MOV
4282,MOV,0.1191,0.08434619,4282 MOV
4282,MOV,0.1296,0.0857834,4282 MOV
4282,MOV,0.14,0.08711783,4282 MOV
4282,MOV,0.17,0.09056685,4282 MOV
4282,MOV,0.2,0.09355864,4282 MOV
4282,MOV,0.23,0.09621043,4282 MOV
4282,MOV,0.26,0.09859845,4282 MOV
4282,MOV,0.29,0.10077528,4282 MOV
4282,MOV,0.32,0.1027788,4282 MOV
4282,MOV,0.35,0.10463726,4282 MOV
4282,MOV,0.38,0.10637234,4282 MOV
4282,MOV,0.41,0.10800108,4282 MOV
4282,MOV,0.5011,0.11242282,4282 MOV
4282,MOV,0.5922,0.11624168,4282 MOV
4282,MOV,0.6833,0.119616,4282 MOV
4282,MOV,0.7744,0.12264758,4282 MOV
4282,MOV,0.8656,0.12540892,4282 MOV
4282,MOV,0.9567,0.12794382,4282 MOV
4282,MOV,1.0478,0.13029239,4282 MOV
4282,MOV,1.1389,0.13248289,4282 MOV
4282,MOV,1.23,0.1345374,4282 MOV
4282,MOV,1.5044,0.14006607,4282 MOV
4282,MOV,1.7789,0.1448402,4282 MOV
4282,MOV,2.0533,0.14905549,4282 MOV
4282,MOV,2.3278,0.15284296,4282 MOV
4282,MOV,2.6022,0.15628718,4282 MOV
4282,MOV,2.8767,0.15945315,4282 MOV
4282,MOV,3.1511,0.16238491,4282 MOV
4282,MOV,3.4256,0.16511999,4282 MOV
4282,MOV,3.7,0.16768407,4282 MOV
4282,MOV,4.5222,0.17454966,4282 MOV
4282,MOV,5.3444,0.18047898,4282 MOV
4282,MOV,6.1667,0.18571857,4282 MOV
4282,MOV,6.9889,0.19042526,4282 MOV
4282,MOV,7.8111,0.1947078,4282 MOV
4282,MOV,8.6333,0.19864354,4282 MOV
4282,MOV,9.4556,0.20229032,4282 MOV
4282,MOV,10.2778,0.20569114,4282 MOV
4282,MOV,11.1,0.20888075,4282 MOV
4282,MOV,13.5667,0.21743211,4282 MOV
4282,MOV,16.0333,0.22481671,4282 MOV
4282,MOV,18.5,0.23134155,4282 MOV
4282,MOV,20.9667,0.23720327,4282 MOV
4282,MOV,23.4333,0.24253631,4282 MOV
4282,MOV,25.9,0.24743749,4282 MOV
4282,MOV,28.3667,0.25197812,4282 MOV
4282,MOV,30.8333,0.25621267,4282 MOV
4282,MOV,33.3,0.26018426,4282 MOV
4282,MOV,40.7111,0.27084545,4282 MOV
4282,MOV,48.1222,0.28004964,4282 MOV
4282,MOV,55.5333,0.28817987,4282 MOV
4282,MOV,62.9444,0.29548229,4282 MOV
4282,MOV,70.3556,0.30212518,4282 MOV
4282,MOV,77.7667,0.30822872,4282 MOV
4282,MOV,85.1778,0.31388233,4282 MOV
4282,MOV,92.5889,0.31915423,4282 MOV
4282,MOV,100.0,0.3240978,4282 MOV
4283,AUC,,,4283 AUC
4283,MOV,,,4283 MOV
4284,AUC,,,4284 AUC
4284,MOV,,,4284 MOV
4285,AUC,,,4285 AUC
4285,MOV,,,4285 MOV
4286,AUC,,,4286 AUC
4286,MOV,0.0,8.795e-05,4286 MOV
4286,MOV,0.0006,0.01729475,4286 MOV
4286,MOV,0.0011,0.02202826,4286 MOV
4286,MOV,0.0017,0.02618782,4286 MOV
4286,MOV,0.0022,0.0290023,4286 MOV
4286,MOV,0.0028,0.03189917,4286 MOV
4286,MOV,0.0033,0.03403112,4286 MOV
4286,MOV,0.0039,0.03633947,4286 MOV
4286,MOV,0.0044,0.03809927,4286 MOV
4286,MOV,0.005,0.04005344,4286 MOV
4286,MOV,0.0061,0.04328535,4286 MOV
4286,MOV,0.0072,0.04616895,4286 MOV
4286,MOV,0.0083,0.04878656,4286 MOV
4286,MOV,0.0094,0.05119294,4286 MOV
4286,MOV,0.0106,0.05362221,4286 MOV
4286,MOV,0.0117,0.0556996,4286 MOV
4286,MOV,0.0128,0.05765582,4286 MOV
4286,MOV,0.0139,0.05950724,4286 MOV
4286,MOV,0.015,0.06126695,4286 MOV
4286,MOV,0.0184,0.06623026,4286 MOV
4286,MOV,0.0219,0.07075315,4286 MOV
4286,MOV,0.0253,0.0747161,4286 MOV
4286,MOV,0.0288,0.07844694,4286 MOV
4286,MOV,0.0322,0.0817959,4286 MOV
4286,MOV,0.0357,0.08500793,4286 MOV
4286,MOV,0.0391,0.08793427,4286 MOV
4286,MOV,0.0426,0.09077506,4286 MOV
4286,MOV,0.046,0.09338933,4286 MOV
4286,MOV,0.0564,0.10065881,4286 MOV
4286,MOV,0.0669,0.10713033,4286 MOV
4286,MOV,0.0773,0.11289079,4286 MOV
4286,MOV,0.0878,0.11819084,4286 MOV
4286,MOV,0.0982,0.12302576,4286 MOV
4286,MOV,0.1087,0.1275595,4286 MOV
4286,MOV,0.1191,0.13175854,4286 MOV
4286,MOV,0.1296,0.13574508,4286 MOV
4286,MOV,0.14,0.13947563,4286 MOV
4286,MOV,0.17,0.14923953,4286 MOV
4286,MOV,0.2,0.15783994,4286 MOV
4286,MOV,0.23,0.16555446,4286 MOV
4286,MOV,0.26,0.17256816,4286 MOV
4286,MOV,0.29,0.17901132,4286 MOV
4286,MOV,0.32,0.18497955,4286 MOV
4286,MOV,0.35,0.19054528,4286 MOV
4286,MOV,0.38,0.19576489,4286 MOV
4286,MOV,0.41,0.2006832,4286 MOV
4286,MOV,4.0644,0.38988981,4286 MOV
4286,MOV,7.7189,0.45350028,4286 MOV
4286,MOV,11.3733,0.49283208,4286 MOV
4286,MOV,15.0278,0.52119008,4286 MOV
4286,MOV,18.6822,0.54325806,4286 MOV
4286,MOV,22.3367,0.56124898,4286 MOV
4286,MOV,25.9911,0.57638397,4286 MOV
4286,MOV,29.6456,0.58941068,4286 MOV
4286,MOV,33.3,0.60081805,4286 MOV
4287,AUC,,,4287 AUC
4287,MOV,,,4287 MOV
4288,AUC,0.0,0.09789803,4288 AUC
4288,AUC,0.0006,0.09799248,4288 AUC
4288,AUC,0.0011,0.09807117,4288 AUC
4288,AUC,0.0017,0.0981656,4288 AUC
4288,AUC,0.0022,0.09824428,4288 AUC
4288,AUC,0.0028,0.09833868,4288 AUC
4288,AUC,0.0033,0.09841735,4288 AUC
4288,AUC,0.0039,0.09851174,4288 AUC
4288,AUC,0.0044,0.09859039,4288 AUC
4288,AUC,0.005,0.09868476,4288 AUC
4288,AUC,0.0061,0.09885774,4288 AUC
4288,AUC,0.0072,0.0990307,4288 AUC
4288,AUC,0.0083,0.09920362,4288 AUC
4288,AUC,0.0094,0.0993765,4288 AUC
4288,AUC,0.0106,0.09956507,4288 AUC
4288,AUC,0.0117,0.09973789,4288 AUC
4288,AUC,0.0128,0.09991067,4288 AUC
4288,AUC,0.0139,0.10008342,4288 AUC
4288,AUC,0.015,0.10025614,4288 AUC
4288,AUC,0.0184,0.10078979,4288 AUC
4288,AUC,0.0219,0.1013388,4288 AUC
4288,AUC,0.0253,0.10187181,4288 AUC
4288,AUC,0.0288,0.10242016,4288 AUC
4288,AUC,0.0322,0.10295252,4288 AUC
4288,AUC,0.0357,0.10350022,4288 AUC
4288,AUC,0.0391,0.10403194,4288 AUC
4288,AUC,0.0426,0.10457897,4288 AUC
4288,AUC,0.046,0.10511005,4288 AUC
4288,AUC,0.0564,0.10673259,4288 AUC
4288,AUC,0.0669,0.10836774,4288 AUC
4288,AUC,0.0773,0.10998437,4288 AUC
4288,AUC,0.0878,0.11161357,4288 AUC
4288,AUC,0.0982,0.11322432,4288 AUC
4288,AUC,0.1087,0.11484759,4288 AUC
4288,AUC,0.1191,0.11645247,4288 AUC
4288,AUC,0.1296,0.11806983,4288 AUC
4288,AUC,0.14,0.11966887,4288 AUC
4288,AUC,0.17,0.12426525,4288 AUC
4288,AUC,0.2,0.12883764,4288 AUC
4288,AUC,0.23,0.13338615,4288 AUC
4288,AUC,0.26,0.13791092,4288 AUC
4288,AUC,0.29,0.14241206,4288 AUC
4288,AUC,0.32,0.1468897,4288 AUC
4288,AUC,0.35,0.15134396,4288 AUC
4288,AUC,0.38,0.15577496,4288 AUC
4288,AUC,0.41,0.16018283,4288 AUC
4288,AUC,0.5011,0.1734275,4288 AUC
4288,AUC,0.5922,0.18646329,4288 AUC
4288,AUC,0.6833,0.1992935,4288 AUC
4288,AUC,0.7744,0.21192136,4288 AUC
4288,AUC,0.8656,0.2243636,4288 AUC
4288,AUC,0.9567,0.23659609,4288 AUC
4288,AUC,1.0478,0.24863565,4288 AUC
4288,AUC,1.1389,0.26048534,4288 AUC
4288,AUC,1.23,0.27214815,4288 AUC
4288,MOV,,,4288 MOV
4289,AUC,,,4289 AUC
4289,MOV,0.0,0.00623208,4289 MOV
4289,MOV,0.0006,0.03433502,4289 MOV
4289,MOV,0.0011,0.03675292,4289 MOV
4289,MOV,0.0017,0.03857398,4289 MOV
4289,MOV,0.0022,0.0396868,4289 MOV
4289,MOV,0.0028,0.04075118,4289 MOV
4289,MOV,0.0033,0.04148953,4289 MOV
4289,MOV,0.0039,0.04225131,4289 MOV
4289,MOV,0.0044,0.0428084,4289 MOV
4289,MOV,0.005,0.04340522,4289 MOV
4289,MOV,0.0061,0.04434695,4289 MOV
4289,MOV,0.0072,0.04514465,4289 MOV
4289,MOV,0.0083,0.04583787,4289 MOV
4289,MOV,0.0094,0.0464517,4289 MOV
4289,MOV,0.0106,0.0470505,4289 MOV
4289,MOV,0.0117,0.04754723,4289 MOV
4289,MOV,0.0128,0.04800293,4289 MOV
4289,MOV,0.0139,0.04842411,4289 MOV
4289,MOV,0.015,0.04881581,4289 MOV
4289,MOV,0.0184,0.04987906,4289 MOV
4289,MOV,0.0219,0.05079984,4289 MOV
4289,MOV,0.0253,0.05157317,4289 MOV
4289,MOV,0.0288,0.05227542,4289 MOV
4289,MOV,0.0322,0.0528863,4289 MOV
4289,MOV,0.0357,0.05345618,4289 MOV
4289,MOV,0.0391,0.05396263,4289 MOV
4289,MOV,0.0426,0.05444339,4289 MOV
4289,MOV,0.046,0.05487686,4289 MOV
4289,MOV,0.0564,0.05604072,4289 MOV
4289,MOV,0.0669,0.0570305,4289 MOV
4289,MOV,0.0773,0.0578789,4289 MOV
4289,MOV,0.0878,0.05863494,4289 MOV
4289,MOV,0.0982,0.05930581,4289 MOV
4289,MOV,0.1087,0.05991979,4289 MOV
4289,MOV,0.1191,0.06047629,4289 MOV
4289,MOV,0.1296,0.06099446,4289 MOV
4289,MOV,0.14,0.06147089,4289 MOV
4289,MOV,0.17,0.06268212,4289 MOV
4289,MOV,0.2,0.06371022,4289 MOV
4289,MOV,0.23,0.0646048,4289 MOV
4289,MOV,0.26,0.06539756,4289 MOV
4289,MOV,0.29,0.06610999,4289 MOV
4289,MOV,0.32,0.06675737,4289 MOV
4289,MOV,0.35,0.06735095,4289 MOV
4289,MOV,0.38,0.06789926,4289 MOV
4289,MOV,0.41,0.06840895,4289 MOV
4289,MOV,0.5011,0.06976902,4289 MOV
4289,MOV,0.5922,0.07091708,4289 MOV
4289,MOV,0.6833,0.07191202,4289 MOV
4289,MOV,0.7744,0.07279101,4289 MOV
4289,MOV,0.8656,0.07357982,4289 MOV
4289,MOV,0.9567,0.07429437,4289 MOV
4289,MOV,1.0478,0.07494846,4289 MOV
4289,MOV,1.1389,0.07555184,4289 MOV
4289,MOV,1.23,0.07611203,4289 MOV
4289,MOV,1.5044,0.07759303,4289 MOV
4289,MOV,1.7789,0.0788422,4289 MOV
4289,MOV,2.0533,0.07992345,4289 MOV
4289,MOV,2.3278,0.08087836,4289 MOV
4289,MOV,2.6022,0.0817336,4289 MOV
4289,MOV,2.8767,0.08250911,4289 MOV
4289,MOV,3.1511,0.08321843,4289 MOV
4289,MOV,3.4256,0.08387273,4289 MOV
4289,MOV,3.7,0.08447978,4289 MOV
4289,MOV,4.5222,0.08607608,4289 MOV
4289,MOV,5.3444,0.08742211,4289 MOV
4289,MOV,6.1667,0.08858771,4289 MOV
4289,MOV,6.9889,0.08961653,4289 MOV
4289,MOV,7.8111,0.09053822,4289 MOV
4289,MOV,8.6333,0.09137359,4289 MOV
4289,MOV,9.4556,0.09213793,4289 MOV
4289,MOV,10.2778,0.09284257,4289 MOV
4289,MOV,11.1,0.09349648,4289 MOV
4290,AUC,,,4290 AUC
4290,MOV,,,4290 MOV
4291,AUC,0.0,0.25000149,4291 AUC
4291,AUC,0.0006,0.37863324,4291 AUC
4291,AUC,0.0011,0.37863395,4291 AUC
4291,AUC,0.0017,0.37863446,4291 AUC
4291,AUC,0.0022,0.37863476,4291 AUC
4291,AUC,0.0028,0.37863504,4291 AUC
4291,AUC,0.0033,0.37863523,4291 AUC
4291,AUC,0.0039,0.37863543,4291 AUC
4291,AUC,0.0044,0.37863557,4291 AUC
4291,AUC,0.005,0.37863572,4291 AUC
4291,AUC,0.0061,0.37863595,4291 AUC
4291,AUC,0.0072,0.37863614,4291 AUC
4291,AUC,0.0083,0.37863631,4291 AUC
4291,AUC,0.0094,0.37863646,4291 AUC
4291,AUC,0.0106,0.3786366,4291 AUC
4291,AUC,0.0117,0.37863671,4291 AUC
4291,AUC,0.0128,0.37863682,4291 AUC
4291,AUC,0.0139,0.37863691,4291 AUC
4291,AUC,0.015,0.378637,4291 AUC
4291,AUC,0.0184,0.37863724,4291 AUC
4291,AUC,0.0219,0.37863744,4291 AUC
4291,AUC,0.0253,0.37863761,4291 AUC
4291,AUC,0.0288,0.37863776,4291 AUC
4291,AUC,0.0322,0.3786379,4291 AUC
4291,AUC,0.0357,0.37863802,4291 AUC
4291,AUC,0.0391,0.37863812,4291 AUC
4291,AUC,0.0426,0.37863822,4291 AUC
4291,AUC,0.046,0.37863831,4291 AUC
4291,AUC,0.0564,0.37863855,4291 AUC
4291,AUC,0.0669,0.37863875,4291 AUC
4291,AUC,0.0773,0.37863892,4291 AUC
4291,AUC,0.0878,0.37863907,4291 AUC
4291,AUC,0.0982,0.3786392,4291 AUC
4291,AUC,0.1087,0.37863932,4291 AUC
4291,AUC,0.1191,0.37863942,4291 AUC
4291,AUC,0.1296,0.37863952,4291 AUC
4291,AUC,0.14,0.37863961,4291 AUC
4291,AUC,0.17,0.37863984,4291 AUC
4291,AUC,0.2,0.37864003,4291 AUC
4291,AUC,0.23,0.37864019,4291 AUC
4291,AUC,0.26,0.37864034,4291 AUC
4291,AUC,0.29,0.37864047,4291 AUC
4291,AUC,0.32,0.37864058,4291 AUC
4291,AUC,0.35,0.37864068,4291 AUC
4291,AUC,0.38,0.37864078,4291 AUC
4291,AUC,0.41,0.37864087,4291 AUC
4291,AUC,0.5011,0.3786411,4291 AUC
4291,AUC,0.5922,0.3786413,4291 AUC
4291,AUC,0.6833,0.37864147,4291 AUC
4291,AUC,0.7744,0.37864161,4291 AUC
4291,AUC,0.8656,0.37864174,4291 AUC
4291,AUC,0.9567,0.37864186,4291 AUC
4291,AUC,1.0478,0.37864197,4291 AUC
4291,AUC,1.1389,0.37864206,4291 AUC
4291,AUC,1.23,0.37864215,4291 AUC
4291,AUC,1.5044,0.37864239,4291 AUC
4291,AUC,1.7789,0.37864259,4291 AUC
4291,AUC,2.0533,0.37864275,4291 AUC
4291,AUC,2.3278,0.3786429,4291 AUC
4291,AUC,2.6022,0.37864303,4291 AUC
4291,AUC,2.8767,0.37864315,4291 AUC
4291,AUC,3.1511,0.37864325,4291 AUC
4291,AUC,3.4256,0.37864335,4291 AUC
4291,AUC,3.7,0.37864344,4291 AUC
4291,AUC,4.5222,0.37864368,4291 AUC
4291,AUC,5.3444,0.37864387,4291 AUC
4291,AUC,6.1667,0.37864404,4291 AUC
4291,AUC,6.9889,0.37864419,4291 AUC
4291,AUC,7.8111,0.37864432,4291 AUC
4291,AUC,8.6333,0.37864443,4291 AUC
4291,AUC,9.4556,0.37864454,4291 AUC
4291,AUC,10.2778,0.37864464,4291 AUC
4291,AUC,11.1,0.37864473,4291 AUC
4291,MOV,,,4291 MOV
4292,AUC,,,4292 AUC
4292,MOV,,,4292 MOV
4293,AUC,,,4293 AUC
4293,MOV,,,4293 MOV
4294,AUC,,,4294 AUC
4294,MOV,,,4294 MOV
4295,AUC,,,4295 AUC
4295,MOV,,,4295 MOV
4296,AUC,,,4296 AUC
4296,MOV,0.0,0.03174667,4296 MOV
4296,MOV,0.0006,0.031763,4296 MOV
4296,MOV,0.0011,0.0317766,4296 MOV
4296,MOV,0.0017,0.03179292,4296 MOV
4296,MOV,0.0022,0.03180653,4296 MOV
4296,MOV,0.0028,0.03182285,4296 MOV
4296,MOV,0.0033,0.03183646,4296 MOV
4296,MOV,0.0039,0.03185278,4296 MOV
4296,MOV,0.0044,0.03186638,4296 MOV
4296,MOV,0.005,0.0318827,4296 MOV
4296,MOV,0.0061,0.03191263,4296 MOV
4296,MOV,0.0072,0.03194255,4296 MOV
4296,MOV,0.0083,0.03197248,4296 MOV
4296,MOV,0.0094,0.0320024,4296 MOV
4296,MOV,0.0106,0.03203504,4296 MOV
4296,MOV,0.0117,0.03206496,4296 MOV
4296,MOV,0.0128,0.03209488,4296 MOV
4296,MOV,0.0139,0.0321248,4296 MOV
4296,MOV,0.015,0.03215471,4296 MOV
4296,MOV,0.0184,0.03224718,4296 MOV
4296,MOV,0.0219,0.03234236,4296 MOV
4296,MOV,0.0253,0.03243481,4296 MOV
4296,MOV,0.0288,0.03252996,4296 MOV
4296,MOV,0.0322,0.03262239,4296 MOV
4296,MOV,0.0357,0.03271753,4296 MOV
4296,MOV,0.0391,0.03280995,4296 MOV
4296,MOV,0.0426,0.03290507,4296 MOV
4296,MOV,0.046,0.03299746,4296 MOV
4296,MOV,0.0564,0.03328002,4296 MOV
4296,MOV,0.0669,0.03356522,4296 MOV
4296,MOV,0.0773,0.03384762,4296 MOV
4296,MOV,0.0878,0.03413265,4296 MOV
4296,MOV,0.0982,0.03441488,4296 MOV
4296,MOV,0.1087,0.03469974,4296 MOV
4296,MOV,0.1191,0.03498181,4296 MOV
4296,MOV,0.1296,0.0352665,4296 MOV
4296,MOV,0.14,0.0355484,4296 MOV
4296,MOV,0.17,0.03636111,4296 MOV
4296,MOV,0.2,0.03717314,4296 MOV
4296,MOV,0.23,0.03798448,4296 MOV
4296,MOV,0.26,0.03879514,4296 MOV
4296,MOV,0.29,0.03960512,4296 MOV
4296,MOV,0.32,0.04041442,4296 MOV
4296,MOV,0.35,0.04122303,4296 MOV
4296,MOV,0.38,0.04203096,4296 MOV
4296,MOV,0.41,0.04283821,4296 MOV
4296,MOV,0.5011,0.04528539,4296 MOV
4296,MOV,0.5922,0.04772631,4296 MOV
4296,MOV,0.6833,0.050161,4296 MOV
4296,MOV,0.7744,0.05258946,4296 MOV
4296,MOV,0.8656,0.05501437,4296 MOV
4296,MOV,0.9567,0.05743042,4296 MOV
4296,MOV,1.0478,0.05984029,4296 MOV
4296,MOV,1.1389,0.062244,4296 MOV
4296,MOV,1.23,0.06464157,4296 MOV
4296,MOV,1.5044,0.07182624,4296 MOV
4296,MOV,1.7789,0.07895832,4296 MOV
4296,MOV,2.0533,0.08603303,4296 MOV
4296,MOV,2.3278,0.09305594,4296 MOV
4296,MOV,2.6022,0.10002236,4296 MOV
4296,MOV,2.8767,0.10693778,4296 MOV
4296,MOV,3.1511,0.11379757,4296 MOV
4296,MOV,3.4256,0.12060713,4296 MOV
4296,MOV,3.7,0.12736193,4296 MOV
4297,AUC,0.0,0.26836251,4297 AUC
4297,AUC,0.0006,0.26836699,4297 AUC
4297,AUC,0.0011,0.26837071,4297 AUC
4297,AUC,0.0017,0.26837519,4297 AUC
4297,AUC,0.0022,0.26837891,4297 AUC
4297,AUC,0.0028,0.26838339,4297 AUC
4297,AUC,0.0033,0.26838712,4297 AUC
4297,AUC,0.0039,0.26839159,4297 AUC
4297,AUC,0.0044,0.26839532,4297 AUC
4297,AUC,0.005,0.26839979,4297 AUC
4297,AUC,0.0061,0.26840799,4297 AUC
4297,AUC,0.0072,0.26841619,4297 AUC
4297,AUC,0.0083,0.26842439,4297 AUC
4297,AUC,0.0094,0.26843259,4297 AUC
4297,AUC,0.0106,0.26844154,4297 AUC
4297,AUC,0.0117,0.26844974,4297 AUC
4297,AUC,0.0128,0.26845794,4297 AUC
4297,AUC,0.0139,0.26846614,4297 AUC
4297,AUC,0.015,0.26847434,4297 AUC
4297,AUC,0.0184,0.26849968,4297 AUC
4297,AUC,0.0219,0.26852577,4297 AUC
4297,AUC,0.0253,0.26855111,4297 AUC
4297,AUC,0.0288,0.2685772,4297 AUC
4297,AUC,0.0322,0.26860254,4297 AUC
4297,AUC,0.0357,0.26862862,4297 AUC
4297,AUC,0.0391,0.26865396,4297 AUC
4297,AUC,0.0426,0.26868004,4297 AUC
4297,AUC,0.046,0.26870538,4297 AUC
4297,AUC,0.0564,0.26878288,4297 AUC
4297,AUC,0.0669,0.26886111,4297 AUC
4297,AUC,0.0773,0.26893859,4297 AUC
4297,AUC,0.0878,0.26901681,4297 AUC
4297,AUC,0.0982,0.26909427,4297 AUC
4297,AUC,0.1087,0.26917247,4297 AUC
4297,AUC,0.1191,0.26924991,4297 AUC
4297,AUC,0.1296,0.2693281,4297 AUC
4297,AUC,0.14,0.26940553,4297 AUC
4297,AUC,0.17,0.26962884,4297 AUC
4297,AUC,0.2,0.26985208,4297 AUC
4297,AUC,0.23,0.27007525,4297 AUC
4297,AUC,0.26,0.27029835,4297 AUC
4297,AUC,0.29,0.27052139,4297 AUC
4297,AUC,0.32,0.27074436,4297 AUC
4297,AUC,0.35,0.27096726,4297 AUC
4297,AUC,0.38,0.27119009,4297 AUC
4297,AUC,0.41,0.27141285,4297 AUC
4297,AUC,0.5011,0.2720889,4297 AUC
4297,AUC,0.5922,0.27276431,4297 AUC
4297,AUC,0.6833,0.2734391,4297 AUC
4297,AUC,0.7744,0.27411326,4297 AUC
4297,AUC,0.8656,0.27478754,4297 AUC
4297,AUC,0.9567,0.27546045,4297 AUC
4297,AUC,1.0478,0.27613273,4297 AUC
4297,AUC,1.1389,0.2768044,4297 AUC
4297,AUC,1.23,0.27747544,4297 AUC
4297,AUC,1.5044,0.2794929,4297 AUC
4297,AUC,1.7789,0.28150546,4297 AUC
4297,AUC,2.0533,0.28351167,4297 AUC
4297,AUC,2.3278,0.285513,4297 AUC
4297,AUC,2.6022,0.28750802,4297 AUC
4297,AUC,2.8767,0.28949819,4297 AUC
4297,AUC,3.1511,0.29148208,4297 AUC
4297,AUC,3.4256,0.29346115,4297 AUC
4297,AUC,3.7,0.29543398,4297 AUC
4297,AUC,4.5222,0.30131234,4297 AUC
4297,AUC,5.3444,0.30714166,4297 AUC
4297,AUC,6.1667,0.31292305,4297 AUC
4297,AUC,6.9889,0.3186555,4297 AUC
4297,AUC,7.8111,0.32434012,4297 AUC
4297,AUC,8.6333,0.32997731,4297 AUC
4297,AUC,9.4556,0.33556815,4297 AUC
4297,AUC,10.2778,0.34111167,4297 AUC
4297,AUC,11.1,0.34660894,4297 AUC
4297,AUC,13.5667,0.36282772,4297 AUC
4297,AUC,16.0333,0.37864328,4297 AUC
4297,AUC,18.5,0.39406689,4297 AUC
4297,AUC,20.9667,0.40910765,4297 AUC
4297,AUC,23.4333,0.42377447,4297 AUC
4297,AUC,25.9,0.43807781,4297 AUC
4297,AUC,28.3667,0.45202611,4297 AUC
4297,AUC,30.8333,0.46562764,4297 AUC
4297,AUC,33.3,0.47889208,4297 AUC
4297,AUC,40.7111,0.51679653,4297 AUC
4297,AUC,48.1222,0.55194388,4297 AUC
4297,AUC,55.5333,0.58453467,4297 AUC
4297,AUC,62.9444,0.61475487,4297 AUC
4297,AUC,70.3556,0.64277727,4297 AUC
4297,AUC,77.7667,0.668761,4297 AUC
4297,AUC,85.1778,0.69285473,4297 AUC
4297,AUC,92.5889,0.71519592,4297 AUC
4297,AUC,100.0,0.73591205,4297 AUC
4297,MOV,0.0,1e-05,4297 MOV
4297,MOV,0.0006,0.00034027,4297 MOV
4297,MOV,0.0011,0.00048233,4297 MOV
4297,MOV,0.0017,0.00062071,4297 MOV
4297,MOV,0.0022,0.0007211,4297 MOV
4297,MOV,0.0028,0.00082988,4297 MOV
4297,MOV,0.0033,0.00091337,4297 MOV
4297,MOV,0.0039,0.00100699,4297 MOV
4297,MOV,0.0044,0.00108056,4297 MOV
4297,MOV,0.005,0.00116446,4297 MOV
4297,MOV,0.0061,0.00130823,4297 MOV
4297,MOV,0.0072,0.0014417,4297 MOV
4297,MOV,0.0083,0.00156703,4297 MOV
4297,MOV,0.0094,0.00168571,4297 MOV
4297,MOV,0.0106,0.00180885,4297 MOV
4297,MOV,0.0117,0.0019168,4297 MOV
4297,MOV,0.0128,0.00202066,4297 MOV
4297,MOV,0.0139,0.00212092,4297 MOV
4297,MOV,0.015,0.00221798,4297 MOV
4297,MOV,0.0184,0.00250095,4297 MOV
4297,MOV,0.0219,0.00277059,4297 MOV
4297,MOV,0.0253,0.00301604,4297 MOV
4297,MOV,0.0288,0.00325495,4297 MOV
4297,MOV,0.0322,0.00347587,4297 MOV
4297,MOV,0.0357,0.00369351,4297 MOV
4297,MOV,0.0391,0.00389669,4297 MOV
4297,MOV,0.0426,0.00409842,4297 MOV
4297,MOV,0.046,0.00428798,4297 MOV
4297,MOV,0.0564,0.00483486,4297 MOV
4297,MOV,0.0669,0.00534638,4297 MOV
4297,MOV,0.0773,0.00582144,4297 MOV
4297,MOV,0.0878,0.00627513,4297 MOV
4297,MOV,0.0982,0.00670304,4297 MOV
4297,MOV,0.1087,0.00711658,4297 MOV
4297,MOV,0.1191,0.00751032,4297 MOV
4297,MOV,0.1296,0.00789379,4297 MOV
4297,MOV,0.14,0.00826123,4297 MOV
4297,MOV,0.17,0.00926296,4297 MOV
4297,MOV,0.2,0.01019432,4297 MOV
4297,MOV,0.23,0.01106988,4297 MOV
4297,MOV,0.26,0.01189967,4297 MOV
4297,MOV,0.29,0.012691,4297 MOV
4297,MOV,0.32,0.01344938,4297 MOV
4297,MOV,0.35,0.01417909,4297 MOV
4297,MOV,0.38,0.01488355,4297 MOV
4297,MOV,0.41,0.01556551,4297 MOV
4297,MOV,0.5011,0.01752028,4297 MOV
4297,MOV,0.5922,0.01933352,4297 MOV
4297,MOV,0.6833,0.02103521,4297 MOV
4297,MOV,0.7744,0.02264585,4297 MOV
4297,MOV,0.8656,0.0241819,4297 MOV
4297,MOV,0.9567,0.02565108,4297 MOV
4297,MOV,1.0478,0.02706372,4297 MOV
4297,MOV,1.1389,0.02842663,4297 MOV
4297,MOV,1.23,0.02974533,4297 MOV
4297,MOV,1.5044,0.03349248,4297 MOV
4297,MOV,1.7789,0.03696758,4297 MOV
4297,MOV,2.0533,0.04022605,4297 MOV
4297,MOV,2.3278,0.0433099,4297 MOV
4297,MOV,2.6022,0.04624544,4297 MOV
4297,MOV,2.8767,0.04905622,4297 MOV
4297,MOV,3.1511,0.05175677,4297 MOV
4297,MOV,3.4256,0.05436221,4297 MOV
4297,MOV,3.7,0.05688128,4297 MOV
4297,MOV,4.5222,0.06399844,4297 MOV
4297,MOV,5.3444,0.07059189,4297 MOV
4297,MOV,6.1667,0.07677253,4297 MOV
4297,MOV,6.9889,0.08261432,4297 MOV
4297,MOV,7.8111,0.08817247,4297 MOV
4297,MOV,8.6333,0.09348787,4297 MOV
4297,MOV,9.4556,0.09859278,4297 MOV
4297,MOV,10.2778,0.10351108,4297 MOV
4297,MOV,11.1,0.10826377,4297 MOV
4297,MOV,13.5667,0.12168339,4297 MOV
4297,MOV,16.0333,0.13407946,4297 MOV
4297,MOV,18.5,0.14566531,4297 MOV
4297,MOV,20.9667,0.15658602,4297 MOV
4297,MOV,23.4333,0.16694637,4297 MOV
4297,MOV,25.9,0.17682631,4297 MOV
4297,MOV,28.3667,0.18628676,4297 MOV
4297,MOV,30.8333,0.19537609,4297 MOV
4297,MOV,33.3,0.20413463,4297 MOV
4297,MOV,40.7111,0.2287593,4297 MOV
4297,MOV,48.1222,0.25130957,4297 MOV
4297,MOV,55.5333,0.27220307,4297 MOV
4297,MOV,62.9444,0.29172737,4297 MOV
4297,MOV,70.3556,0.31009146,4297 MOV
4297,MOV,77.7667,0.3274525,4297 MOV
4297,MOV,85.1778,0.3439336,4297 MOV
4297,MOV,92.5889,0.35963288,4297 MOV
4297,MOV,100.0,0.37463035,4297 MOV
4298,AUC,,,4298 AUC
4298,MOV,,,4298 MOV
4300,AUC,,,4300 AUC
4300,MOV,,,4300 MOV
4301,AUC,,,4301 AUC
4301,MOV,0.0,1.666e-05,4301 MOV
4301,MOV,0.0006,0.00137192,4301 MOV
4301,MOV,0.0011,0.0017449,4301 MOV
4301,MOV,0.0017,0.00207416,4301 MOV
4301,MOV,0.0022,0.00229787,4301 MOV
4301,MOV,0.0028,0.00252895,4301 MOV
4301,MOV,0.0033,0.00269959,4301 MOV
4301,MOV,0.0039,0.00288489,4301 MOV
4301,MOV,0.0044,0.00302657,4301 MOV
4301,MOV,0.005,0.0031843,4301 MOV
4301,MOV,0.0061,0.00344617,4301 MOV
4301,MOV,0.0072,0.00368088,4301 MOV
4301,MOV,0.0083,0.00389483,4301 MOV
4301,MOV,0.0094,0.00409229,4301 MOV
4301,MOV,0.0106,0.00429238,4301 MOV
4301,MOV,0.0117,0.00446411,4301 MOV
4301,MOV,0.0128,0.00462634,4301 MOV
4301,MOV,0.0139,0.00478036,4301 MOV
4301,MOV,0.015,0.00492718,4301 MOV
4301,MOV,0.0184,0.00534361,4301 MOV
4301,MOV,0.0219,0.00572612,4301 MOV
4301,MOV,0.0253,0.00606371,4301 MOV
4301,MOV,0.0288,0.00638365,4301 MOV
4301,MOV,0.0322,0.00667262,4301 MOV
4301,MOV,0.0357,0.00695138,4301 MOV
4301,MOV,0.0391,0.00720674,4301 MOV
4301,MOV,0.0426,0.00745592,4301 MOV
4301,MOV,0.046,0.00768636,4301 MOV
4301,MOV,0.0564,0.00833294,4301 MOV
4301,MOV,0.0669,0.00891588,4301 MOV
4301,MOV,0.0773,0.00944074,4301 MOV
4301,MOV,0.0878,0.00992871,4301 MOV
4301,MOV,0.0982,0.01037818,4301 MOV
4301,MOV,0.1087,0.01080347,4301 MOV
4301,MOV,0.1191,0.01120072,4301 MOV
4301,MOV,0.1296,0.01158089,4301 MOV
4301,MOV,0.14,0.01193935,4301 MOV
4301,MOV,0.17,0.01289022,4301 MOV
4301,MOV,0.2,0.01374337,4301 MOV
4301,MOV,0.23,0.01452145,4301 MOV
4301,MOV,0.26,0.01523965,4301 MOV
4301,MOV,0.29,0.01590874,4301 MOV
4301,MOV,0.32,0.01653663,4301 MOV
4301,MOV,0.35,0.01712938,4301 MOV
4301,MOV,0.38,0.0176917,4301 MOV
4301,MOV,0.41,0.01822738,4301 MOV
4301,MOV,0.5011,0.01971959,4301 MOV
4301,MOV,0.5922,0.02105268,4301 MOV
4301,MOV,0.6833,0.02226449,4301 MOV
4301,MOV,0.7744,0.02338012,4301 MOV
4301,MOV,0.8656,0.02441831,4301 MOV
4301,MOV,0.9567,0.0253897,4301 MOV
4301,MOV,1.0478,0.02630527,4301 MOV
4301,MOV,1.1389,0.02717263,4301 MOV
4301,MOV,1.23,0.02799786,4301 MOV
4301,MOV,1.5044,0.03027431,4301 MOV
4301,MOV,1.7789,0.03230479,4301 MOV
4301,MOV,2.0533,0.03414679,4301 MOV
4301,MOV,2.3278,0.03584069,4301 MOV
4301,MOV,2.6022,0.03741266,4301 MOV
4301,MOV,2.8767,0.03888387,4301 MOV
4301,MOV,3.1511,0.04026845,4301 MOV
4301,MOV,3.4256,0.0415792,4301 MOV
4301,MOV,3.7,0.04282456,4301 MOV
4301,MOV,4.5222,0.04623701,4301 MOV
4301,MOV,5.3444,0.04927373,4301 MOV
4301,MOV,6.1667,0.05202488,4301 MOV
4301,MOV,6.9889,0.0545493,4301 MOV
4301,MOV,7.8111,0.05688909,4301 MOV
4301,MOV,8.6333,0.05907482,4301 MOV
4301,MOV,9.4556,0.06112988,4301 MOV
4301,MOV,10.2778,0.06307177,4301 MOV
4301,MOV,11.1,0.06491506,4301 MOV
4301,MOV,13.5667,0.0699597,4301 MOV
4301,MOV,16.0333,0.07443317,4301 MOV
4301,MOV,18.5,0.07847306,4301 MOV
4301,MOV,20.9667,0.08216999,4301 MOV
4301,MOV,23.4333,0.08558748,4301 MOV
4301,MOV,25.9,0.08877236,4301 MOV
4301,MOV,28.3667,0.09175969,4301 MOV
4301,MOV,30.8333,0.09457673,4301 MOV
4301,MOV,33.3,0.09724545,4301 MOV
4301,MOV,40.7111,0.10453219,4301 MOV
4301,MOV,48.1222,0.11096054,4301 MOV
4301,MOV,55.5333,0.11673879,4301 MOV
4301,MOV,62.9444,0.12200448,4301 MOV
4301,MOV,70.3556,0.12685383,4301 MOV
4301,MOV,77.7667,0.13135691,4301 MOV
4301,MOV,85.1778,0.13556679,4301 MOV
4301,MOV,92.5889,0.13952461,4301 MOV
4301,MOV,100.0,0.143263,4301 MOV
4302,AUC,,,4302 AUC
4302,MOV,,,4302 MOV
4303,AUC,,,4303 AUC
4303,MOV,,,4303 MOV
4304,AUC,,,4304 AUC
4304,MOV,,,4304 MOV
4305,AUC,,,4305 AUC
4305,MOV,,,4305 MOV
4306,AUC,,,4306 AUC
4306,MOV,,,4306 MOV
4307,AUC,,,4307 AUC
4307,MOV,,,4307 MOV
4308,AUC,,,4308 AUC
4308,MOV,,,4308 MOV
4309,AUC,0.0,0.09971376,4309 AUC
4309,AUC,0.0006,0.10188825,4309 AUC
4309,AUC,0.0011,0.10267008,4309 AUC
4309,AUC,0.0017,0.10337883,4309 AUC
4309,AUC,0.0022,0.103867,4309 AUC
4309,AUC,0.0028,0.1043753,4309 AUC
4309,AUC,0.0033,0.1047526,4309 AUC
4309,AUC,0.0039,0.10516379,4309 AUC
4309,AUC,0.0044,0.10547892,4309 AUC
4309,AUC,0.005,0.10583037,4309 AUC
4309,AUC,0.0061,0.10641474,4309 AUC
4309,AUC,0.0072,0.10693899,4309 AUC
4309,AUC,0.0083,0.10741695,4309 AUC
4309,AUC,0.0094,0.10785787,4309 AUC
4309,AUC,0.0106,0.10830433,4309 AUC
4309,AUC,0.0117,0.10868711,4309 AUC
4309,AUC,0.0128,0.10904832,4309 AUC
4309,AUC,0.0139,0.10939081,4309 AUC
4309,AUC,0.015,0.10971688,4309 AUC
4309,AUC,0.0184,0.11063916,4309 AUC
4309,AUC,0.0219,0.11148257,4309 AUC
4309,AUC,0.0253,0.11222365,4309 AUC
4309,AUC,0.0288,0.11292294,4309 AUC
4309,AUC,0.0322,0.11355189,4309 AUC
4309,AUC,0.0357,0.11415617,4309 AUC
4309,AUC,0.0391,0.11470755,4309 AUC
4309,AUC,0.0426,0.11524356,4309 AUC
4309,AUC,0.046,0.11573746,4309 AUC
4309,AUC,0.0564,0.11711393,4309 AUC
4309,AUC,0.0669,0.11834301,4309 AUC
4309,AUC,0.0773,0.11943994,4309 AUC
4309,AUC,0.0878,0.12045159,4309 AUC
4309,AUC,0.0982,0.12137649,4309 AUC
4309,AUC,0.1087,0.12224556,4309 AUC
4309,AUC,0.1191,0.12305204,4309 AUC
4309,AUC,0.1296,0.12381912,4309 AUC
4309,AUC,0.14,0.12453823,4309 AUC
4309,AUC,0.17,0.12642638,4309 AUC
4309,AUC,0.2,0.12809711,4309 AUC
4309,AUC,0.23,0.12960213,4309 AUC
4309,AUC,0.26,0.13097592,4309 AUC
4309,AUC,0.29,0.13224279,4309 AUC
4309,AUC,0.32,0.13342059,4309 AUC
4309,AUC,0.35,0.13452282,4309 AUC
4309,AUC,0.38,0.13556003,4309 AUC
4309,AUC,0.41,0.13654059,4309 AUC
4309,AUC,0.5011,0.13923472,4309 AUC
4309,AUC,0.5922,0.1415969,4309 AUC
4309,AUC,0.6833,0.14370934,4309 AUC
4309,AUC,0.7744,0.14562604,4309 AUC
4309,AUC,0.8656,0.14738641,4309 AUC
4309,AUC,0.9567,0.14901392,4309 AUC
4309,AUC,1.0478,0.1505311,4309 AUC
4309,AUC,1.1389,0.15195382,4309 AUC
4309,AUC,1.23,0.1532946,4309 AUC
4309,AUC,1.5044,0.15693114,4309 AUC
4309,AUC,1.7789,0.16010175,4309 AUC
4309,AUC,2.0533,0.162922,4309 AUC
4309,AUC,2.3278,0.16547093,4309 AUC
4309,AUC,2.6022,0.16779991,4309 AUC
4309,AUC,2.8767,0.16994917,4309 AUC
4309,AUC,3.1511,0.17194599,4309 AUC
4309,AUC,3.4256,0.17381405,4309 AUC
4309,AUC,3.7,0.17556948,4309 AUC
4309,AUC,4.5222,0.18028713,4309 AUC
4309,AUC,5.3444,0.18437815,4309 AUC
4309,AUC,6.1667,0.18800321,4309 AUC
4309,AUC,6.9889,0.19126558,4309 AUC
4309,AUC,7.8111,0.19423758,4309 AUC
4309,AUC,8.6333,0.19697101,4309 AUC
4309,AUC,9.4556,0.19950487,4309 AUC
4309,AUC,10.2778,0.20186824,4309 AUC
4309,AUC,11.1,0.20408482,4309 AUC
4309,AUC,13.5667,0.2100246,4309 AUC
4309,AUC,16.0333,0.21514696,4309 AUC
4309,AUC,18.5,0.21966451,4309 AUC
4309,AUC,20.9667,0.22371429,4309 AUC
4309,AUC,23.4333,0.22739043,4309 AUC
4309,AUC,25.9,0.23076093,4309 AUC
4309,AUC,28.3667,0.23387603,4309 AUC
4309,AUC,30.8333,0.23677421,4309 AUC
4309,AUC,33.3,0.23948597,4309 AUC
4309,AUC,40.7111,0.24673202,4309 AUC
4309,AUC,48.1222,0.25294564,4309 AUC
4309,AUC,55.5333,0.25839924,4309 AUC
4309,AUC,62.9444,0.26326806,4309 AUC
4309,AUC,70.3556,0.26767191,4309 AUC
4309,AUC,77.7667,0.27169638,4309 AUC
4309,AUC,85.1778,0.27540507,4309 AUC
4309,AUC,92.5889,0.2788465,4309 AUC
4309,AUC,100.0,0.28205856,4309 AUC
4309,MOV,0.0,0.05105993,4309 MOV
4309,MOV,0.0006,0.05106328,4309 MOV
4309,MOV,0.0011,0.05106564,4309 MOV
4309,MOV,0.0017,0.05106831,4309 MOV
4309,MOV,0.0022,0.05107045,4309 MOV
4309,MOV,0.0028,0.05107295,4309 MOV
4309,MOV,0.0033,0.05107498,4309 MOV
4309,MOV,0.0039,0.05107737,4309 MOV
4309,MOV,0.0044,0.05107933,4309 MOV
4309,MOV,0.005,0.05108164,4309 MOV
4309,MOV,0.0061,0.0510858,4309 MOV
4309,MOV,0.0072,0.05108988,4309 MOV
4309,MOV,0.0083,0.05109388,4309 MOV
4309,MOV,0.0094,0.05109782,4309 MOV
4309,MOV,0.0106,0.05110205,4309 MOV
4309,MOV,0.0117,0.05110589,4309 MOV
4309,MOV,0.0128,0.05110968,4309 MOV
4309,MOV,0.0139,0.05111343,4309 MOV
4309,MOV,0.015,0.05111715,4309 MOV
4309,MOV,0.0184,0.05112845,4309 MOV
4309,MOV,0.0219,0.05113982,4309 MOV
4309,MOV,0.0253,0.05115067,4309 MOV
4309,MOV,0.0288,0.05116165,4309 MOV
4309,MOV,0.0322,0.05117217,4309 MOV
4309,MOV,0.0357,0.05118287,4309 MOV
4309,MOV,0.0391,0.05119314,4309 MOV
4309,MOV,0.0426,0.0512036,4309 MOV
4309,MOV,0.046,0.05121367,4309 MOV
4309,MOV,0.0564,0.05124395,4309 MOV
4309,MOV,0.0669,0.05127385,4309 MOV
4309,MOV,0.0773,0.05130292,4309 MOV
4309,MOV,0.0878,0.05133181,4309 MOV
4309,MOV,0.0982,0.05136002,4309 MOV
4309,MOV,0.1087,0.05138814,4309 MOV
4309,MOV,0.1191,0.05141568,4309 MOV
4309,MOV,0.1296,0.0514432,4309 MOV
4309,MOV,0.14,0.05147019,4309 MOV
4309,MOV,0.17,0.0515468,4309 MOV
4309,MOV,0.2,0.0516218,4309 MOV
4309,MOV,0.23,0.05169548,4309 MOV
4309,MOV,0.26,0.05176802,4309 MOV
4309,MOV,0.29,0.05183956,4309 MOV
4309,MOV,0.32,0.05191023,4309 MOV
4309,MOV,0.35,0.0519801,4309 MOV
4309,MOV,0.38,0.05204927,4309 MOV
4309,MOV,0.41,0.05211778,4309 MOV
4309,MOV,0.5011,0.05232234,4309 MOV
4309,MOV,0.5922,0.05252246,4309 MOV
4309,MOV,0.6833,0.05271888,4309 MOV
4309,MOV,0.7744,0.05291215,4309 MOV
4309,MOV,0.8656,0.05310288,4309 MOV
4309,MOV,0.9567,0.05329098,4309 MOV
4309,MOV,1.0478,0.05347689,4309 MOV
4309,MOV,1.1389,0.05366084,4309 MOV
4309,MOV,1.23,0.05384299,4309 MOV
4309,MOV,1.5044,0.05438214,4309 MOV
4309,MOV,1.7789,0.05490934,4309 MOV
4309,MOV,2.0533,0.05542625,4309 MOV
4309,MOV,2.3278,0.05593468,4309 MOV
4309,MOV,2.6022,0.05643536,4309 MOV
4309,MOV,2.8767,0.05692951,4309 MOV
4309,MOV,3.1511,0.05741744,4309 MOV
4309,MOV,3.4256,0.05790005,4309 MOV
4309,MOV,3.7,0.05837746,4309 MOV
4309,MOV,4.5222,0.05978149,4309 MOV
4309,MOV,5.3444,0.06115153,4309 MOV
4309,MOV,6.1667,0.06249313,4309 MOV
4309,MOV,6.9889,0.06380984,4309 MOV
4309,MOV,7.8111,0.06510477,4309 MOV
4309,MOV,8.6333,0.06638019,4309 MOV
4309,MOV,9.4556,0.06763809,4309 MOV
4309,MOV,10.2778,0.06887966,4309 MOV
4309,MOV,11.1,0.07010631,4309 MOV
4309,MOV,13.5667,0.07370678,4309 MOV
4309,MOV,16.0333,0.07720344,4309 MOV
4309,MOV,18.5,0.08061156,4309 MOV
4309,MOV,20.9667,0.08394187,4309 MOV
4309,MOV,23.4333,0.08720254,4309 MOV
4309,MOV,25.9,0.09040036,4309 MOV
4309,MOV,28.3667,0.09354047,4309 MOV
4309,MOV,30.8333,0.09662712,4309 MOV
4309,MOV,33.3,0.09966424,4309 MOV
4309,MOV,40.7111,0.10851994,4309 MOV
4309,MOV,48.1222,0.11701951,4309 MOV
4309,MOV,55.5333,0.12520932,4309 MOV
4309,MOV,62.9444,0.13312389,4309 MOV
4309,MOV,70.3556,0.14079021,4309 MOV
4309,MOV,77.7667,0.14822973,4309 MOV
4309,MOV,85.1778,0.15546042,4309 MOV
4309,MOV,92.5889,0.16249737,4309 MOV
4309,MOV,100.0,0.1693535,4309 MOV
4310,AUC,0.0,0.19611323,4310 AUC
4310,AUC,0.0006,0.19612256,4310 AUC
4310,AUC,0.0011,0.19614209,4310 AUC
4310,AUC,0.0017,0.19617562,4310 AUC
4310,AUC,0.0022,0.19621019,4310 AUC
4310,AUC,0.0028,0.19625814,4310 AUC
4310,AUC,0.0033,0.19630266,4310 AUC
4310,AUC,0.0039,0.19636077,4310 AUC
4310,AUC,0.0044,0.19641261,4310 AUC
4310,AUC,0.005,0.19647844,4310 AUC
4310,AUC,0.0061,0.19660793,4310 AUC
4310,AUC,0.0072,0.19674701,4310 AUC
4310,AUC,0.0083,0.19689407,4310 AUC
4310,AUC,0.0094,0.19704787,4310 AUC
4310,AUC,0.0106,0.19722218,4310 AUC
4310,AUC,0.0117,0.19738714,4310 AUC
4310,AUC,0.0128,0.19755638,4310 AUC
4310,AUC,0.0139,0.19772939,4310 AUC
4310,AUC,0.015,0.19790573,4310 AUC
4310,AUC,0.0184,0.1984681,4310 AUC
4310,AUC,0.0219,0.19906802,4310 AUC
4310,AUC,0.0253,0.19966549,4310 AUC
4310,AUC,0.0288,0.20029151,4310 AUC
4310,AUC,0.0322,0.20090743,4310 AUC
4310,AUC,0.0357,0.20154724,4310 AUC
4310,AUC,0.0391,0.20217272,4310 AUC
4310,AUC,0.0426,0.20281935,4310 AUC
4310,AUC,0.046,0.20344916,4310 AUC
4310,AUC,0.0564,0.20537832,4310 AUC
4310,AUC,0.0669,0.20731931,4310 AUC
4310,AUC,0.0773,0.20922662,4310 AUC
4310,AUC,0.0878,0.21113205,4310 AUC
4310,AUC,0.0982,0.21299658,4310 AUC
4310,AUC,0.1087,0.21485459,4310 AUC
4310,AUC,0.1191,0.21666997,4310 AUC
4310,AUC,0.1296,0.21847744,4310 AUC
4310,AUC,0.14,0.22024266,4310 AUC
4310,AUC,0.17,0.2251983,4310 AUC
4310,AUC,0.2,0.22996108,4310 AUC
4310,AUC,0.23,0.23454487,4310 AUC
4310,AUC,0.26,0.23896343,4310 AUC
4310,AUC,0.29,0.24322955,4310 AUC
4310,AUC,0.32,0.24735477,4310 AUC
4310,AUC,0.35,0.25134948,4310 AUC
4310,AUC,0.38,0.25522293,4310 AUC
4310,AUC,0.41,0.25898342,4310 AUC
4310,AUC,0.5011,0.26978303,4310 AUC
4310,AUC,0.5922,0.27977545,4310 AUC
4310,AUC,0.6833,0.28908778,4310 AUC
4310,AUC,0.7744,0.29781738,4310 AUC
4310,AUC,0.8656,0.30604948,4310 AUC
4310,AUC,0.9567,0.31382745,4310 AUC
4310,AUC,1.0478,0.32121066,4310 AUC
4310,AUC,1.1389,0.32824065,4310 AUC
4310,AUC,1.23,0.33495232,4310 AUC
4310,AUC,1.5044,0.35352378,4310 AUC
4310,AUC,1.7789,0.3700748,4310 AUC
4310,AUC,2.0533,0.38500895,4310 AUC
4310,AUC,2.3278,0.39863201,4310 AUC
4310,AUC,2.6022,0.4111518,4310 AUC
4310,AUC,2.8767,0.42274355,4310 AUC
4310,AUC,3.1511,0.43352866,4310 AUC
4310,AUC,3.4256,0.44361879,4310 AUC
4310,AUC,3.7,0.45309086,4310 AUC
4310,AUC,4.5222,0.47843369,4310 AUC
4310,AUC,5.3444,0.50018769,4310 AUC
4310,AUC,6.1667,0.51921921,4310 AUC
4310,AUC,6.9889,0.53610624,4310 AUC
4310,AUC,7.8111,0.55126378,4310 AUC
4310,AUC,8.6333,0.5649952,4310 AUC
4310,AUC,9.4556,0.57753186,4310 AUC
4310,AUC,10.2778,0.58904926,4310 AUC
4310,AUC,11.1,0.59969049,4310 AUC
4310,MOV,0.0,0.09821482,4310 MOV
4310,MOV,0.0006,0.09821482,4310 MOV
4310,MOV,0.0011,0.09821482,4310 MOV
4310,MOV,0.0017,0.09821482,4310 MOV
4310,MOV,0.0022,0.09821482,4310 MOV
4310,MOV,0.0028,0.09821482,4310 MOV
4310,MOV,0.0033,0.09821482,4310 MOV
4310,MOV,0.0039,0.09821482,4310 MOV
4310,MOV,0.0044,0.09821482,4310 MOV
4310,MOV,0.005,0.09821482,4310 MOV
4310,MOV,0.0061,0.09821482,4310 MOV
4310,MOV,0.0072,0.09821482,4310 MOV
4310,MOV,0.0083,0.09821482,4310 MOV
4310,MOV,0.0094,0.09821482,4310 MOV
4310,MOV,0.0106,0.09821482,4310 MOV
4310,MOV,0.0117,0.09821482,4310 MOV
4310,MOV,0.0128,0.09821482,4310 MOV
4310,MOV,0.0139,0.09821482,4310 MOV
4310,MOV,0.015,0.09821482,4310 MOV
4310,MOV,0.0184,0.09821482,4310 MOV
4310,MOV,0.0219,0.09821482,4310 MOV
4310,MOV,0.0253,0.09821482,4310 MOV
4310,MOV,0.0288,0.09821482,4310 MOV
4310,MOV,0.0322,0.09821482,4310 MOV
4310,MOV,0.0357,0.09821482,4310 MOV
4310,MOV,0.0391,0.09821482,4310 MOV
4310,MOV,0.0426,0.09821482,4310 MOV
4310,MOV,0.046,0.09821482,4310 MOV
4310,MOV,0.0564,0.09821482,4310 MOV
4310,MOV,0.0669,0.09821482,4310 MOV
4310,MOV,0.0773,0.09821482,4310 MOV
4310,MOV,0.0878,0.09821482,4310 MOV
4310,MOV,0.0982,0.09821482,4310 MOV
4310,MOV,0.1087,0.09821482,4310 MOV
4310,MOV,0.1191,0.09821482,4310 MOV
4310,MOV,0.1296,0.09821482,4310 MOV
4310,MOV,0.14,0.09821482,4310 MOV
4310,MOV,0.17,0.09821482,4310 MOV
4310,MOV,0.2,0.09821482,4310 MOV
4310,MOV,0.23,0.09821482,4310 MOV
4310,MOV,0.26,0.09821482,4310 MOV
4310,MOV,0.29,0.09821482,4310 MOV
4310,MOV,0.32,0.09821482,4310 MOV
4310,MOV,0.35,0.09821482,4310 MOV
4310,MOV,0.38,0.09821482,4310 MOV
4310,MOV,0.41,0.09821482,4310 MOV
4310,MOV,0.5011,0.09821482,4310 MOV
4310,MOV,0.5922,0.09821482,4310 MOV
4310,MOV,0.6833,0.09821482,4310 MOV
4310,MOV,0.7744,0.09821482,4310 MOV
4310,MOV,0.8656,0.09821482,4310 MOV
4310,MOV,0.9567,0.09821482,4310 MOV
4310,MOV,1.0478,0.09821482,4310 MOV
4310,MOV,1.1389,0.09821482,4310 MOV
4310,MOV,1.23,0.09821482,4310 MOV
4310,MOV,1.5044,0.09821482,4310 MOV
4310,MOV,1.7789,0.09821482,4310 MOV
4310,MOV,2.0533,0.09821482,4310 MOV
4310,MOV,2.3278,0.09821483,4310 MOV
4310,MOV,2.6022,0.09821486,4310 MOV
4310,MOV,2.8767,0.09821499,4310 MOV
4310,MOV,3.1511,0.09821542,4310 MOV
4310,MOV,3.4256,0.09821673,4310 MOV
4310,MOV,3.7,0.09822021,4310 MOV
4310,MOV,4.5222,0.09828539,4310 MOV
4310,MOV,5.3444,0.09872203,4310 MOV
4310,MOV,6.1667,0.10059876,4310 MOV
4310,MOV,6.9889,0.10638296,4310 MOV
4310,MOV,7.8111,0.12016347,4310 MOV
4310,MOV,8.6333,0.14690374,4310 MOV
4310,MOV,9.4556,0.19080811,4310 MOV
4310,MOV,10.2778,0.2535355,4310 MOV
4310,MOV,11.1,0.33326784,4310 MOV
4311,AUC,0.0,0.07777817,4311 AUC
4311,AUC,0.0006,0.07777817,4311 AUC
4311,AUC,0.0011,0.07777817,4311 AUC
4311,AUC,0.0017,0.07777817,4311 AUC
4311,AUC,0.0022,0.07777817,4311 AUC
4311,AUC,0.0028,0.07777817,4311 AUC
4311,AUC,0.0033,0.07777817,4311 AUC
4311,AUC,0.0039,0.07777817,4311 AUC
4311,AUC,0.0044,0.07777817,4311 AUC
4311,AUC,0.005,0.07777817,4311 AUC
4311,AUC,0.0061,0.07777817,4311 AUC
4311,AUC,0.0072,0.07777817,4311 AUC
4311,AUC,0.0083,0.07777817,4311 AUC
4311,AUC,0.0094,0.07777817,4311 AUC
4311,AUC,0.0106,0.07777817,4311 AUC
4311,AUC,0.0117,0.07777817,4311 AUC
4311,AUC,0.0128,0.07777817,4311 AUC
4311,AUC,0.0139,0.07777817,4311 AUC
4311,AUC,0.015,0.07777817,4311 AUC
4311,AUC,0.0184,0.07777817,4311 AUC
4311,AUC,0.0219,0.07777817,4311 AUC
4311,AUC,0.0253,0.07777817,4311 AUC
4311,AUC,0.0288,0.07777817,4311 AUC
4311,AUC,0.0322,0.07777817,4311 AUC
4311,AUC,0.0357,0.07777817,4311 AUC
4311,AUC,0.0391,0.07777817,4311 AUC
4311,AUC,0.0426,0.07777817,4311 AUC
4311,AUC,0.046,0.07777817,4311 AUC
4311,AUC,0.0564,0.07777817,4311 AUC
4311,AUC,0.0669,0.07777817,4311 AUC
4311,AUC,0.0773,0.07777817,4311 AUC
4311,AUC,0.0878,0.07777817,4311 AUC
4311,AUC,0.0982,0.07777817,4311 AUC
4311,AUC,0.1087,0.07777817,4311 AUC
4311,AUC,0.1191,0.07777817,4311 AUC
4311,AUC,0.1296,0.07777817,4311 AUC
4311,AUC,0.14,0.07777817,4311 AUC
4311,AUC,0.17,0.07777817,4311 AUC
4311,AUC,0.2,0.07777818,4311 AUC
4311,AUC,0.23,0.07777819,4311 AUC
4311,AUC,0.26,0.07777823,4311 AUC
4311,AUC,0.29,0.07777831,4311 AUC
4311,AUC,0.32,0.07777845,4311 AUC
4311,AUC,0.35,0.07777872,4311 AUC
4311,AUC,0.38,0.07777918,4311 AUC
4311,AUC,0.41,0.07777993,4311 AUC
4311,AUC,0.5011,0.07778586,4311 AUC
4311,AUC,0.5922,0.07780436,4311 AUC
4311,AUC,0.6833,0.07785299,4311 AUC
4311,AUC,0.7744,0.07796556,4311 AUC
4311,AUC,0.8656,0.07820217,4311 AUC
4311,AUC,0.9567,0.0786612,4311 AUC
4311,AUC,1.0478,0.07949759,4311 AUC
4311,AUC,1.1389,0.08094282,4311 AUC
4311,AUC,1.23,0.08332917,4311 AUC
4311,MOV,,,4311 MOV
4312,AUC,,,4312 AUC
4312,MOV,,,4312 MOV
4313,AUC,,,4313 AUC
4313,MOV,,,4313 MOV
4314,AUC,,,4314 AUC
4314,MOV,,,4314 MOV
4315,AUC,,,4315 AUC
4315,MOV,,,4315 MOV
4316,AUC,0.0,0.11602177,4316 AUC
4316,AUC,0.0006,0.11602185,4316 AUC
4316,AUC,0.0011,0.11602195,4316 AUC
4316,AUC,0.0017,0.11602209,4316 AUC
4316,AUC,0.0022,0.11602222,4316 AUC
4316,AUC,0.0028,0.11602238,4316 AUC
4316,AUC,0.0033,0.11602253,4316 AUC
4316,AUC,0.0039,0.11602271,4316 AUC
4316,AUC,0.0044,0.11602287,4316 AUC
4316,AUC,0.005,0.11602306,4316 AUC
4316,AUC,0.0061,0.11602344,4316 AUC
4316,AUC,0.0072,0.11602384,4316 AUC
4316,AUC,0.0083,0.11602425,4316 AUC
4316,AUC,0.0094,0.11602468,4316 AUC
4316,AUC,0.0106,0.11602517,4316 AUC
4316,AUC,0.0117,0.11602563,4316 AUC
4316,AUC,0.0128,0.1160261,4316 AUC
4316,AUC,0.0139,0.11602659,4316 AUC
4316,AUC,0.015,0.11602708,4316 AUC
4316,AUC,0.0184,0.11602868,4316 AUC
4316,AUC,0.0219,0.11603042,4316 AUC
4316,AUC,0.0253,0.11603218,4316 AUC
4316,AUC,0.0288,0.11603407,4316 AUC
4316,AUC,0.0322,0.11603596,4316 AUC
4316,AUC,0.0357,0.11603798,4316 AUC
4316,AUC,0.0391,0.11603999,4316 AUC
4316,AUC,0.0426,0.11604211,4316 AUC
4316,AUC,0.046,0.11604422,4316 AUC
4316,AUC,0.0564,0.11605095,4316 AUC
4316,AUC,0.0669,0.11605811,4316 AUC
4316,AUC,0.0773,0.11606553,4316 AUC
4316,AUC,0.0878,0.11607332,4316 AUC
4316,AUC,0.0982,0.11608129,4316 AUC
4316,AUC,0.1087,0.1160896,4316 AUC
4316,AUC,0.1191,0.11609805,4316 AUC
4316,AUC,0.1296,0.1161068,4316 AUC
4316,AUC,0.14,0.11611567,4316 AUC
4316,AUC,0.17,0.11614228,4316 AUC
4316,AUC,0.2,0.11617027,4316 AUC
4316,AUC,0.23,0.11619948,4316 AUC
4316,AUC,0.26,0.1162298,4316 AUC
4316,AUC,0.29,0.11626113,4316 AUC
4316,AUC,0.32,0.1162934,4316 AUC
4316,AUC,0.35,0.11632654,4316 AUC
4316,AUC,0.38,0.11636049,4316 AUC
4316,AUC,0.41,0.11639521,4316 AUC
4316,AUC,0.5011,0.11650496,4316 AUC
4316,AUC,0.5922,0.11662052,4316 AUC
4316,AUC,0.6833,0.11674122,4316 AUC
4316,AUC,0.7744,0.11686654,4316 AUC
4316,AUC,0.8656,0.11699623,4316 AUC
4316,AUC,0.9567,0.11712966,4316 AUC
4316,AUC,1.0478,0.11726669,4316 AUC
4316,AUC,1.1389,0.11740708,4316 AUC
4316,AUC,1.23,0.11755064,4316 AUC
4316,AUC,1.5044,0.11800049,4316 AUC
4316,AUC,1.7789,0.11847385,4316 AUC
4316,AUC,2.0533,0.11896756,4316 AUC
4316,AUC,2.3278,0.11947981,4316 AUC
4316,AUC,2.6022,0.12000851,4316 AUC
4316,AUC,2.8767,0.12055264,4316 AUC
4316,AUC,3.1511,0.12111063,4316 AUC
4316,AUC,3.4256,0.12168188,4316 AUC
4316,AUC,3.7,0.12226512,4316 AUC
4316,AUC,4.5222,0.12407862,4316 AUC
4316,AUC,5.3444,0.12597914,4316 AUC
4316,AUC,6.1667,0.12795502,4316 AUC
4316,AUC,6.9889,0.12999666,4316 AUC
4316,AUC,7.8111,0.13209699,4316 AUC
4316,AUC,8.6333,0.13425002,4316 AUC
4316,AUC,9.4556,0.13645102,4316 AUC
4316,AUC,10.2778,0.13869515,4316 AUC
4316,AUC,11.1,0.140979,4316 AUC
4316,AUC,13.5667,0.14803847,4316 AUC
4316,AUC,16.0333,0.15535782,4316 AUC
4316,AUC,18.5,0.16288602,4316 AUC
4316,AUC,20.9667,0.17058307,4316 AUC
4316,AUC,23.4333,0.17841698,4316 AUC
4316,AUC,25.9,0.18636252,4316 AUC
4316,AUC,28.3667,0.1943978,4316 AUC
4316,AUC,30.8333,0.20250421,4316 AUC
4316,AUC,33.3,0.21066677,4316 AUC
4316,AUC,40.7111,0.23539886,4316 AUC
4316,AUC,48.1222,0.26023426,4316 AUC
4316,AUC,55.5333,0.28497172,4316 AUC
4316,AUC,62.9444,0.30946587,4316 AUC
4316,AUC,70.3556,0.33360996,4316 AUC
4316,AUC,77.7667,0.35732363,4316 AUC
4316,AUC,85.1778,0.38054782,4316 AUC
4316,AUC,92.5889,0.40323857,4316 AUC
4316,AUC,100.0,0.42536392,4316 AUC
4316,MOV,0.0,0.11930287,4316 MOV
4316,MOV,0.0006,0.14830887,4316 MOV
4316,MOV,0.0011,0.1520472,4316 MOV
4316,MOV,0.0017,0.15502582,4316 MOV
4316,MOV,0.0022,0.15691623,4316 MOV
4316,MOV,0.0028,0.15877487,4316 MOV
4316,MOV,0.0033,0.16009349,4316 MOV
4316,MOV,0.0039,0.16147936,4316 MOV
4316,MOV,0.0044,0.16250927,4316 MOV
4316,MOV,0.005,0.16362816,4316 MOV
4316,MOV,0.0061,0.1654265,4316 MOV
4316,MOV,0.0072,0.16698153,4316 MOV
4316,MOV,0.0083,0.16835673,4316 MOV
4316,MOV,0.0094,0.16959304,4316 MOV
4316,MOV,0.0106,0.17081609,4316 MOV
4316,MOV,0.0117,0.17184343,4316 MOV
4316,MOV,0.0128,0.17279619,4316 MOV
4316,MOV,0.0139,0.17368554,4316 MOV
4316,MOV,0.015,0.17452025,4316 MOV
4316,MOV,0.0184,0.17682316,4316 MOV
4316,MOV,0.0219,0.17886173,4316 MOV
4316,MOV,0.0253,0.18060585,4316 MOV
4316,MOV,0.0288,0.18221523,4316 MOV
4316,MOV,0.0322,0.18363511,4316 MOV
4316,MOV,0.0357,0.18497652,4316 MOV
4316,MOV,0.0391,0.18618234,4316 MOV
4316,MOV,0.0426,0.18733897,4316 MOV
4316,MOV,0.046,0.18839189,4316 MOV
4316,MOV,0.0564,0.19126653,4316 MOV
4316,MOV,0.0669,0.19376623,4316 MOV
4316,MOV,0.0773,0.19594953,4316 MOV
4316,MOV,0.0878,0.19792707,4316 MOV
4316,MOV,0.0982,0.19970723,4316 MOV
4316,MOV,0.1087,0.20135752,4316 MOV
4316,MOV,0.1191,0.20287079,4316 MOV
4316,MOV,0.1296,0.2042949,4316 MOV
4316,MOV,0.14,0.20561717,4316 MOV
4316,MOV,0.17,0.20903477,4316 MOV
4316,MOV,0.2,0.2119993,4316 MOV
4316,MOV,0.23,0.21462692,4316 MOV
4316,MOV,0.26,0.21699318,4316 MOV
4316,MOV,0.29,0.21915017,4316 MOV
4316,MOV,0.32,0.22113542,4316 MOV
4316,MOV,0.35,0.22297694,4316 MOV
4316,MOV,0.38,0.22469621,4316 MOV
4316,MOV,0.41,0.2263101,4316 MOV
4316,MOV,0.5011,0.23069152,4316 MOV
4316,MOV,0.5922,0.23447555,4316 MOV
4316,MOV,0.6833,0.23781909,4316 MOV
4316,MOV,0.7744,0.24082302,4316 MOV
4316,MOV,0.8656,0.24355917,4316 MOV
4316,MOV,0.9567,0.24607093,4316 MOV
4316,MOV,1.0478,0.24839807,4316 MOV
4316,MOV,1.1389,0.25056857,4316 MOV
4316,MOV,1.23,0.25260432,4316 MOV
4316,MOV,1.5044,0.25808249,4316 MOV
4316,MOV,1.7789,0.26281298,4316 MOV
4316,MOV,2.0533,0.26698972,4316 MOV
4316,MOV,2.3278,0.27074253,4316 MOV
4316,MOV,2.6022,0.27415522,4316 MOV
4316,MOV,2.8767,0.2772922,4316 MOV
4316,MOV,3.1511,0.28019709,4316 MOV
4316,MOV,3.4256,0.28290709,4316 MOV
4316,MOV,3.7,0.28544764,4316 MOV
4316,MOV,4.5222,0.29225016,4316 MOV
4316,MOV,5.3444,0.29812493,4316 MOV
4316,MOV,6.1667,0.30331623,4316 MOV
4316,MOV,6.9889,0.30797948,4316 MOV
4316,MOV,7.8111,0.31222241,4316 MOV
4316,MOV,8.6333,0.3161217,4316 MOV
4316,MOV,9.4556,0.31973465,4316 MOV
4316,MOV,10.2778,0.32310386,4316 MOV
4316,MOV,11.1,0.32626379,4316 MOV
4316,MOV,13.5667,0.3347353,4316 MOV
4316,MOV,16.0333,0.3420506,4316 MOV
4316,MOV,18.5,0.34851391,4316 MOV
4316,MOV,20.9667,0.35432009,4316 MOV
4316,MOV,23.4333,0.35960235,4316 MOV
4316,MOV,25.9,0.36445664,4316 MOV
4316,MOV,28.3667,0.36895361,4316 MOV
4316,MOV,30.8333,0.37314726,4316 MOV
4316,MOV,33.3,0.37708031,4316 MOV
4316,MOV,40.7111,0.38763707,4316 MOV
4316,MOV,48.1222,0.39674982,4316 MOV
4316,MOV,55.5333,0.40479817,4316 MOV
4316,MOV,62.9444,0.41202604,4316 MOV
4316,MOV,70.3556,0.41860019,4316 MOV
4316,MOV,77.7667,0.42463974,4316 MOV
4316,MOV,85.1778,0.4302333,4316 MOV
4316,MOV,92.5889,0.43544847,4316 MOV
4316,MOV,100.0,0.44033817,4316 MOV
4317,AUC,,,4317 AUC
4317,MOV,,,4317 MOV
4321,AUC,,,4321 AUC
4321,MOV,,,4321 MOV
4322,AUC,,,4322 AUC
4322,MOV,,,4322 MOV
4323,AUC,,,4323 AUC
4323,MOV,,,4323 MOV
4324,AUC,,,4324 AUC
4324,MOV,,,4324 MOV
4327,AUC,,,4327 AUC
4327,MOV,,,4327 MOV
4354,AUC,,,4354 AUC
4354,MOV,,,4354 MOV
4360,AUC,,,4360 AUC
4360,MOV,,,4360 MOV
4375,AUC,,,4375 AUC
4375,MOV,,,4375 MOV
4380,AUC,,,4380 AUC
4380,MOV,0.0,1e-05,4380 MOV
4380,MOV,0.0017,1.687e-05,4380 MOV
4380,MOV,0.0033,2.334e-05,4380 MOV
4380,MOV,0.005,3.022e-05,4380 MOV
4380,MOV,0.0067,3.709e-05,4380 MOV
4380,MOV,0.0083,4.356e-05,4380 MOV
4380,MOV,0.01,5.043e-05,4380 MOV
4380,MOV,0.0117,5.73e-05,4380 MOV
4380,MOV,0.0133,6.377e-05,4380 MOV
4380,MOV,0.015,7.064e-05,4380 MOV
4380,MOV,0.0184,8.439e-05,4380 MOV
4380,MOV,0.0219,9.854e-05,4380 MOV
4380,MOV,0.0253,0.00011229,4380 MOV
4380,MOV,0.0288,0.00012643,4380 MOV
4380,MOV,0.0322,0.00014018,4380 MOV
4380,MOV,0.0357,0.00015433,4380 MOV
4380,MOV,0.0391,0.00016807,4380 MOV
4380,MOV,0.0426,0.00018222,4380 MOV
4380,MOV,0.046,0.00019597,4380 MOV
4380,MOV,0.0564,0.00023801,4380 MOV
4380,MOV,0.0669,0.00028045,4380 MOV
4380,MOV,0.0773,0.00032248,4380 MOV
4380,MOV,0.0878,0.00036492,4380 MOV
4380,MOV,0.0982,0.00040695,4380 MOV
4380,MOV,0.1087,0.00044939,4380 MOV
4380,MOV,0.1191,0.00049142,4380 MOV
4380,MOV,0.1296,0.00053385,4380 MOV
4380,MOV,0.14,0.00057588,4380 MOV
4380,MOV,0.17,0.00069709,4380 MOV
4380,MOV,0.2,0.0008183,4380 MOV
4380,MOV,0.23,0.00093948,4380 MOV
4380,MOV,0.26,0.00106066,4380 MOV
4380,MOV,0.29,0.00118182,4380 MOV
4380,MOV,0.32,0.00130296,4380 MOV
4380,MOV,0.35,0.00142409,4380 MOV
4380,MOV,0.38,0.0015452,4380 MOV
4380,MOV,0.41,0.0016663,4380 MOV
4380,MOV,0.7756,0.00314093,4380 MOV
4380,MOV,1.1411,0.00461297,4380 MOV
4380,MOV,1.5067,0.00608324,4380 MOV
4380,MOV,1.8722,0.00755094,4380 MOV
4380,MOV,2.2378,0.00901687,4380 MOV
4380,MOV,2.6033,0.01048023,4380 MOV
4380,MOV,2.9689,0.01194184,4380 MOV
4380,MOV,3.3344,0.01340088,4380 MOV
4380,MOV,3.7,0.01485818,4380 MOV
4380,MOV,4.5222,0.01812762,4380 MOV
4380,MOV,5.3444,0.02138622,4380 MOV
4380,MOV,6.1667,0.0246344,4380 MOV
4380,MOV,6.9889,0.02787141,4380 MOV
4380,MOV,7.8111,0.03109767,4380 MOV
4380,MOV,8.6333,0.03431323,4380 MOV
4380,MOV,9.4556,0.0375185,4380 MOV
4380,MOV,10.2778,0.04071274,4380 MOV
4380,MOV,11.1,0.04389639,4380 MOV
4380,MOV,13.5667,0.05338445,4380 MOV
4380,MOV,16.0333,0.06277798,4380 MOV
4380,MOV,18.5,0.07207866,4380 MOV
4380,MOV,20.9667,0.08128706,4380 MOV
4380,MOV,23.4333,0.0904037,4380 MOV
4380,MOV,25.9,0.09943024,4380 MOV
4380,MOV,28.3667,0.1083672,4380 MOV
4380,MOV,30.8333,0.11721512,4380 MOV
4380,MOV,33.3,0.12597559,4380 MOV
4380,MOV,36.9889,0.13891474,4380 MOV
4380,MOV,40.6778,0.15166234,4380 MOV
4380,MOV,44.3667,0.16422123,4380 MOV
4380,MOV,48.0556,0.17659419,4380 MOV
4380,MOV,51.7444,0.18878365,4380 MOV
4380,MOV,55.4333,0.20079299,4380 MOV
4380,MOV,59.1222,0.21262453,4380 MOV
4380,MOV,62.8111,0.22428093,4380 MOV
4380,MOV,66.5,0.23576476,4380 MOV
4439,AUC,,,4439 AUC
4439,MOV,0.0,0.07746218,4439 MOV
4439,MOV,0.0017,0.07747143,4439 MOV
4439,MOV,0.0033,0.07748014,4439 MOV
4439,MOV,0.005,0.07748939,4439 MOV
4439,MOV,0.0067,0.07749864,4439 MOV
4439,MOV,0.0083,0.07750734,4439 MOV
4439,MOV,0.01,0.07751659,4439 MOV
4439,MOV,0.0117,0.07752584,4439 MOV
4439,MOV,0.0133,0.07753454,4439 MOV
4439,MOV,0.015,0.07754379,4439 MOV
4439,MOV,0.0184,0.07756229,4439 MOV
4439,MOV,0.0219,0.07758133,4439 MOV
4439,MOV,0.0253,0.07759983,4439 MOV
4439,MOV,0.0288,0.07761887,4439 MOV
4439,MOV,0.0322,0.07763736,4439 MOV
4439,MOV,0.0357,0.0776564,4439 MOV
4439,MOV,0.0391,0.0776749,4439 MOV
4439,MOV,0.0426,0.07769393,4439 MOV
4439,MOV,0.046,0.07771243,4439 MOV
4439,MOV,0.0564,0.077769,4439 MOV
4439,MOV,0.0669,0.0778261,4439 MOV
4439,MOV,0.0773,0.07788267,4439 MOV
4439,MOV,0.0878,0.07793977,4439 MOV
4439,MOV,0.0982,0.07799632,4439 MOV
4439,MOV,0.1087,0.07805341,4439 MOV
4439,MOV,0.1191,0.07810996,4439 MOV
4439,MOV,0.1296,0.07816705,4439 MOV
4439,MOV,0.14,0.07822359,4439 MOV
4439,MOV,0.17,0.07838666,4439 MOV
4439,MOV,0.2,0.07854971,4439 MOV
4439,MOV,0.23,0.07871273,4439 MOV
4439,MOV,0.26,0.07887572,4439 MOV
4439,MOV,0.29,0.07903868,4439 MOV
4439,MOV,0.32,0.07920161,4439 MOV
4439,MOV,0.35,0.07936452,4439 MOV
4439,MOV,0.38,0.07952739,4439 MOV
4439,MOV,0.41,0.07969024,4439 MOV
4439,MOV,0.5011,0.08018457,4439 MOV
4439,MOV,0.5922,0.08067864,4439 MOV
4439,MOV,0.6833,0.08117244,4439 MOV
4439,MOV,0.7744,0.08166597,4439 MOV
4439,MOV,0.8656,0.08215978,4439 MOV
4439,MOV,0.9567,0.08265279,4439 MOV
4439,MOV,1.0478,0.08314553,4439 MOV
4439,MOV,1.1389,0.08363801,4439 MOV
4439,MOV,1.23,0.08413022,4439 MOV
4439,MOV,1.5044,0.0856112,4439 MOV
4439,MOV,1.7789,0.08709032,4439 MOV
4439,MOV,2.0533,0.08856651,4439 MOV
4439,MOV,2.3278,0.09004086,4439 MOV
4439,MOV,2.6022,0.09151228,4439 MOV
4439,MOV,2.8767,0.09298186,4439 MOV
4439,MOV,3.1511,0.09444852,4439 MOV
4439,MOV,3.4256,0.09591335,4439 MOV
4439,MOV,3.7,0.09737528,4439 MOV
4439,MOV,4.5222,0.10174159,4439 MOV
4439,MOV,5.3444,0.10608679,4439 MOV
4439,MOV,6.1667,0.11041148,4439 MOV
4439,MOV,6.9889,0.11471474,4439 MOV
4439,MOV,7.8111,0.11899717,4439 MOV
4439,MOV,8.6333,0.12325889,4439 MOV
4439,MOV,9.4556,0.12750051,4439 MOV
4439,MOV,10.2778,0.1317211,4439 MOV
4439,MOV,11.1,0.13592127,4439 MOV
4439,MOV,13.5667,0.14840077,4439 MOV
4439,MOV,16.0333,0.16069954,4439 MOV
4439,MOV,18.5,0.17282118,4439 MOV
4439,MOV,20.9667,0.18476775,4439 MOV
4439,MOV,23.4333,0.19654131,4439 MOV
4439,MOV,25.9,0.2081453,4439 MOV
4439,MOV,28.3667,0.2195817,4439 MOV
4439,MOV,30.8333,0.23085248,4439 MOV
4439,MOV,33.3,0.24196093,4439 MOV
4439,MOV,36.9889,0.25827475,4439 MOV
4439,MOV,40.6778,0.27423747,4439 MOV
4439,MOV,44.3667,0.28985666,4439 MOV
4439,MOV,48.0556,0.30513971,4439 MOV
4439,MOV,51.7444,0.32009345,4439 MOV
4439,MOV,55.4333,0.33472577,4439 MOV
4439,MOV,59.1222,0.34904318,4439 MOV
4439,MOV,62.8111,0.36305247,4439 MOV
4439,MOV,66.5,0.37676027,4439 MOV
4439,MOV,70.2222,0.39029281,4439 MOV
4439,MOV,73.9444,0.40353152,4439 MOV
4439,MOV,77.6667,0.41648311,4439 MOV
4439,MOV,81.3889,0.42915315,4439 MOV
4439,MOV,85.1111,0.44154807,4439 MOV
4439,MOV,88.8333,0.45367386,4439 MOV
4439,MOV,92.5556,0.46553668,4439 MOV
4439,MOV,96.2778,0.4771416,4439 MOV
4439,MOV,100.0,0.48849454,4439 MOV
4440,AUC,,,4440 AUC
4440,MOV,,,4440 MOV
4441,AUC,,,4441 AUC
4441,MOV,,,4441 MOV
4442,AUC,,,4442 AUC
4442,MOV,0.046,0.53173044,4442 MOV
4442,MOV,0.0864,0.53214314,4442 MOV
4442,MOV,0.1269,0.53255649,4442 MOV
4442,MOV,0.1673,0.53296846,4442 MOV
4442,MOV,0.2078,0.53338109,4442 MOV
4442,MOV,0.2482,0.53379233,4442 MOV
4442,MOV,0.2887,0.53420423,4442 MOV
4442,MOV,0.3291,0.53461474,4442 MOV
4442,MOV,0.3696,0.53502591,4442 MOV
4442,MOV,0.41,0.53543571,4442 MOV
4442,MOV,0.5011,0.53635845,4442 MOV
4442,MOV,0.5922,0.53727935,4442 MOV
4442,MOV,0.6833,0.53819843,4442 MOV
4442,MOV,0.7744,0.53911568,4442 MOV
4442,MOV,0.8656,0.54003212,4442 MOV
4442,MOV,0.9567,0.54094573,4442 MOV
4442,MOV,1.0478,0.54185752,4442 MOV
4442,MOV,1.1389,0.54276751,4442 MOV
4442,MOV,1.23,0.54367568,4442 MOV
4442,MOV,2.3267,0.55446815,4442 MOV
4442,MOV,3.4233,0.56500442,4442 MOV
4442,MOV,4.52,0.57529245,4442 MOV
4442,MOV,5.6167,0.58533716,4442 MOV
4442,MOV,6.7133,0.59514342,4442 MOV
4442,MOV,7.81,0.60471863,4442 MOV
4442,MOV,8.9067,0.61406738,4442 MOV
4442,MOV,10.0033,0.6231942,4442 MOV
4442,MOV,11.1,0.63210599,4442 MOV
4442,MOV,13.5667,0.65138781,4442 MOV
4442,MOV,16.0333,0.66965832,4442 MOV
4442,MOV,18.5,0.68697196,4442 MOV
4442,MOV,20.9667,0.70337818,4442 MOV
4442,MOV,23.4333,0.71892391,4442 MOV
4442,MOV,25.9,0.73365548,4442 MOV
4442,MOV,28.3667,0.74761496,4442 MOV
4442,MOV,30.8333,0.76084227,4442 MOV
4442,MOV,33.3,0.77337685,4442 MOV
4443,AUC,0.0,0.05315851,4443 AUC
4443,AUC,0.0017,0.0531756,4443 AUC
4443,AUC,0.0033,0.05319169,4443 AUC
4443,AUC,0.005,0.05320878,4443 AUC
4443,AUC,0.0067,0.05322587,4443 AUC
4443,AUC,0.0083,0.05324195,4443 AUC
4443,AUC,0.01,0.05325904,4443 AUC
4443,AUC,0.0117,0.05327613,4443 AUC
4443,AUC,0.0133,0.05329221,4443 AUC
4443,AUC,0.015,0.0533093,4443 AUC
4443,AUC,0.0289,0.05344901,4443 AUC
4443,AUC,0.0428,0.05358871,4443 AUC
4443,AUC,0.0567,0.05372838,4443 AUC
4443,AUC,0.0706,0.05386803,4443 AUC
4443,AUC,0.0844,0.05400665,4443 AUC
4443,AUC,0.0983,0.05414626,4443 AUC
4443,AUC,0.1122,0.05428585,4443 AUC
4443,AUC,0.1261,0.05442541,4443 AUC
4443,AUC,0.14,0.05456496,4443 AUC
4443,AUC,0.17,0.05486607,4443 AUC
4443,AUC,0.2,0.05516708,4443 AUC
4443,AUC,0.23,0.055468,4443 AUC
4443,AUC,0.26,0.05576883,4443 AUC
4443,AUC,0.29,0.05606955,4443 AUC
4443,AUC,0.32,0.05637018,4443 AUC
4443,AUC,0.35,0.05667072,4443 AUC
4443,AUC,0.38,0.05697116,4443 AUC
4443,AUC,0.41,0.0572715,4443 AUC
4443,AUC,0.5011,0.05818296,4443 AUC
4443,AUC,0.5922,0.05909353,4443 AUC
4443,AUC,0.6833,0.06000323,4443 AUC
4443,AUC,0.7744,0.06091205,4443 AUC
4443,AUC,0.8656,0.06182098,4443 AUC
4443,AUC,0.9567,0.06272804,4443 AUC
4443,AUC,1.0478,0.06363422,4443 AUC
4443,AUC,1.1389,0.06453953,4443 AUC
4443,AUC,1.23,0.06544396,4443 AUC
4443,AUC,1.5044,0.06816289,4443 AUC
4443,AUC,1.7789,0.0708749,4443 AUC
4443,AUC,2.0533,0.07357803,4443 AUC
4443,AUC,2.3278,0.07627428,4443 AUC
4443,AUC,2.6022,0.0789617,4443 AUC
4443,AUC,2.8767,0.08164228,4443 AUC
4443,AUC,3.1511,0.08431409,4443 AUC
4443,AUC,3.4256,0.08697909,4443 AUC
4443,AUC,3.7,0.08963537,4443 AUC
4443,AUC,4.5222,0.09754835,4443 AUC
4443,AUC,5.3444,0.10539254,4443 AUC
4443,AUC,6.1667,0.1131695,4443 AUC
4443,AUC,6.9889,0.12087792,4443 AUC
4443,AUC,7.8111,0.12851933,4443 AUC
4443,AUC,8.6333,0.13609433,4443 AUC
4443,AUC,9.4556,0.14360439,4443 AUC
4443,AUC,10.2778,0.15104826,4443 AUC
4443,AUC,11.1,0.15842743,4443 AUC
4443,AUC,17.2556,0.21167355,4443 AUC
4443,AUC,23.4111,0.26155002,4443 AUC
4443,AUC,29.5667,0.30827159,4443 AUC
4443,AUC,35.7222,0.35203642,4443 AUC
4443,AUC,41.8778,0.39303294,4443 AUC
4443,AUC,48.0333,0.43143501,4443 AUC
4443,AUC,54.1889,0.467408,4443 AUC
4443,AUC,60.3444,0.50110445,4443 AUC
4443,AUC,66.5,0.53266947,4443 AUC
4443,AUC,70.2222,0.55077918,4443 AUC
4443,AUC,73.9444,0.56818711,4443 AUC
4443,AUC,77.6667,0.5849209,4443 AUC
4443,AUC,81.3889,0.60100579,4443 AUC
4443,AUC,85.1111,0.61646737,4443 AUC
4443,AUC,88.8333,0.63132979,4443 AUC
4443,AUC,92.5556,0.64561665,4443 AUC
4443,AUC,96.2778,0.6593495,4443 AUC
4443,AUC,100.0,0.67255018,4443 AUC
4443,MOV,,,4443 MOV
4444,AUC,,,4444 AUC
4444,MOV,,,4444 MOV
4445,AUC,,,4445 AUC
4445,MOV,,,4445 MOV
4446,AUC,,,4446 AUC
4446,MOV,,,4446 MOV
4447,AUC,0.0,0.04538186,4447 AUC
4447,AUC,0.0017,0.04538656,4447 AUC
4447,AUC,0.0033,0.04539099,4447 AUC
4447,AUC,0.005,0.04539569,4447 AUC
4447,AUC,0.0067,0.04540039,4447 AUC
4447,AUC,0.0083,0.04540482,4447 AUC
4447,AUC,0.01,0.04540952,4447 AUC
4447,AUC,0.0117,0.04541422,4447 AUC
4447,AUC,0.0133,0.04541865,4447 AUC
4447,AUC,0.015,0.04542335,4447 AUC
4447,AUC,0.0184,0.04543276,4447 AUC
4447,AUC,0.0219,0.04544244,4447 AUC
4447,AUC,0.0253,0.04545185,4447 AUC
4447,AUC,0.0288,0.04546153,4447 AUC
4447,AUC,0.0322,0.04547094,4447 AUC
4447,AUC,0.0357,0.04548062,4447 AUC
4447,AUC,0.0391,0.04549003,4447 AUC
4447,AUC,0.0426,0.04549971,4447 AUC
4447,AUC,0.046,0.04550911,4447 AUC
4447,AUC,0.0564,0.04553788,4447 AUC
4447,AUC,0.0669,0.04556693,4447 AUC
4447,AUC,0.0773,0.0455957,4447 AUC
4447,AUC,0.0878,0.04562474,4447 AUC
4447,AUC,0.0982,0.0456535,4447 AUC
4447,AUC,0.1087,0.04568255,4447 AUC
4447,AUC,0.1191,0.04571131,4447 AUC
4447,AUC,0.1296,0.04574035,4447 AUC
4447,AUC,0.14,0.04576911,4447 AUC
4447,AUC,0.17,0.04585207,4447 AUC
4447,AUC,0.2,0.04593503,4447 AUC
4447,AUC,0.23,0.04601798,4447 AUC
4447,AUC,0.26,0.04610092,4447 AUC
4447,AUC,0.29,0.04618386,4447 AUC
4447,AUC,0.32,0.04626678,4447 AUC
4447,AUC,0.35,0.0463497,4447 AUC
4447,AUC,0.38,0.04643261,4447 AUC
4447,AUC,0.41,0.04651552,4447 AUC
4447,AUC,0.5011,0.04676723,4447 AUC
4447,AUC,0.5922,0.04701888,4447 AUC
4447,AUC,0.6833,0.04727046,4447 AUC
4447,AUC,0.7744,0.04752197,4447 AUC
4447,AUC,0.8656,0.04777369,4447 AUC
4447,AUC,0.9567,0.04802507,4447 AUC
4447,AUC,1.0478,0.04827639,4447 AUC
4447,AUC,1.1389,0.04852763,4447 AUC
4447,AUC,1.23,0.04877881,4447 AUC
4447,AUC,1.5044,0.04953499,4447 AUC
4447,AUC,1.7789,0.05029084,4447 AUC
4447,AUC,2.0533,0.05104581,4447 AUC
4447,AUC,2.3278,0.05180046,4447 AUC
4447,AUC,2.6022,0.05255423,4447 AUC
4447,AUC,2.8767,0.05330768,4447 AUC
4447,AUC,3.1511,0.05406025,4447 AUC
4447,AUC,3.4256,0.0548125,4447 AUC
4447,AUC,3.7,0.05556388,4447 AUC
4447,AUC,4.5222,0.0578117,4447 AUC
4447,AUC,5.3444,0.06005417,4447 AUC
4447,AUC,6.1667,0.06229158,4447 AUC
4447,AUC,6.9889,0.06452339,4447 AUC
4447,AUC,7.8111,0.06674989,4447 AUC
4447,AUC,8.6333,0.06897109,4447 AUC
4447,AUC,9.4556,0.07118727,4447 AUC
4447,AUC,10.2778,0.07339791,4447 AUC
4447,AUC,11.1,0.07560328,4447 AUC
4447,AUC,13.5667,0.08218823,4447 AUC
4447,AUC,16.0333,0.08872601,4447 AUC
4447,AUC,18.5,0.09521748,4447 AUC
4447,AUC,20.9667,0.10166271,4447 AUC
4447,AUC,23.4333,0.10806176,4447 AUC
4447,AUC,25.9,0.1144155,4447 AUC
4447,AUC,28.3667,0.12072397,4447 AUC
4447,AUC,30.8333,0.12698725,4447 AUC
4447,AUC,33.3,0.13320616,4447 AUC
4447,AUC,40.7111,0.15162541,4447 AUC
4447,AUC,48.1222,0.16965326,4447 AUC
4447,AUC,55.5333,0.18729801,4447 AUC
4447,AUC,62.9444,0.20456782,4447 AUC
4447,AUC,70.3556,0.22147087,4447 AUC
4447,AUC,77.7667,0.23801451,4447 AUC
4447,AUC,85.1778,0.2542066,4447 AUC
4447,AUC,92.5889,0.27005461,4447 AUC
4447,AUC,100.0,0.28556585,4447 AUC
4447,MOV,,,4447 MOV
4448,AUC,,,4448 AUC
4448,MOV,,,4448 MOV
4449,AUC,,,4449 AUC
4449,MOV,,,4449 MOV
4450,AUC,,,4450 AUC
4450,MOV,,,4450 MOV
4451,AUC,0.0,1e-05,4451 AUC
4451,AUC,0.0017,0.00084328,4451 AUC
4451,AUC,0.0033,0.00162691,4451 AUC
4451,AUC,0.005,0.00245885,4451 AUC
4451,AUC,0.0067,0.00329009,4451 AUC
4451,AUC,0.0083,0.0040718,4451 AUC
4451,AUC,0.01,0.00490169,4451 AUC
4451,AUC,0.0117,0.0057309,4451 AUC
4451,AUC,0.0133,0.0065107,4451 AUC
4451,AUC,0.015,0.00733856,4451 AUC
4451,AUC,0.0184,0.00899222,4451 AUC
4451,AUC,0.0219,0.01069164,4451 AUC
4451,AUC,0.0253,0.01233971,4451 AUC
4451,AUC,0.0288,0.01403339,4451 AUC
4451,AUC,0.0322,0.0156759,4451 AUC
4451,AUC,0.0357,0.01736386,4451 AUC
4451,AUC,0.0391,0.01900082,4451 AUC
4451,AUC,0.0426,0.02068307,4451 AUC
4451,AUC,0.046,0.0223145,4451 AUC
4451,AUC,0.0564,0.02728791,4451 AUC
4451,AUC,0.0669,0.03228347,4451 AUC
4451,AUC,0.0773,0.03720616,4451 AUC
4451,AUC,0.0878,0.04215078,4451 AUC
4451,AUC,0.0982,0.04702328,4451 AUC
4451,AUC,0.1087,0.05191748,4451 AUC
4451,AUC,0.1191,0.0567403,4451 AUC
4451,AUC,0.1296,0.0615846,4451 AUC
4451,AUC,0.14,0.06635824,4451 AUC
4451,AUC,0.17,0.07999273,4451 AUC
4451,AUC,0.2,0.09342811,4451 AUC
4451,AUC,0.23,0.10666729,4451 AUC
4451,AUC,0.26,0.11971313,4451 AUC
4451,AUC,0.29,0.13256845,4451 AUC
4451,AUC,0.32,0.14523604,4451 AUC
4451,AUC,0.35,0.15771864,4451 AUC
4451,AUC,0.38,0.17001895,4451 AUC
4451,AUC,0.41,0.18213963,4451 AUC
4451,AUC,0.5011,0.21787194,4451 AUC
4451,AUC,0.5922,0.2520431,4451 AUC
4451,AUC,0.6833,0.28472133,4451 AUC
4451,AUC,0.7744,0.31597185,4451 AUC
4451,AUC,0.8656,0.34588911,4451 AUC
4451,AUC,0.9567,0.37446721,4451 AUC
4451,AUC,1.0478,0.40179673,4451 AUC
4451,AUC,1.1389,0.42793222,4451 AUC
4451,AUC,1.23,0.45292586,4451 AUC
4451,MOV,,,4451 MOV
4452,AUC,,,4452 AUC
4452,MOV,,,4452 MOV
4453,AUC,,,4453 AUC
4453,MOV,0.0,0.25026418,4453 MOV
4453,MOV,0.0017,0.25028995,4453 MOV
4453,MOV,0.0033,0.25031421,4453 MOV
4453,MOV,0.005,0.25033999,4453 MOV
4453,MOV,0.0067,0.25036576,4453 MOV
4453,MOV,0.0083,0.25039002,4453 MOV
4453,MOV,0.01,0.25041579,4453 MOV
4453,MOV,0.0117,0.25044157,4453 MOV
4453,MOV,0.0133,0.25046582,4453 MOV
4453,MOV,0.015,0.25049159,4453 MOV
4453,MOV,0.0184,0.25054313,4453 MOV
4453,MOV,0.0219,0.25059618,4453 MOV
4453,MOV,0.0253,0.25064771,4453 MOV
4453,MOV,0.0288,0.25070075,4453 MOV
4453,MOV,0.0322,0.25075227,4453 MOV
4453,MOV,0.0357,0.25080531,4453 MOV
4453,MOV,0.0391,0.25085682,4453 MOV
4453,MOV,0.0426,0.25090985,4453 MOV
4453,MOV,0.046,0.25096136,4453 MOV
4453,MOV,0.0564,0.25111889,4453 MOV
4453,MOV,0.0669,0.2512779,4453 MOV
4453,MOV,0.0773,0.25143537,4453 MOV
4453,MOV,0.0878,0.25159432,4453 MOV
4453,MOV,0.0982,0.25175172,4453 MOV
4453,MOV,0.1087,0.2519106,4453 MOV
4453,MOV,0.1191,0.25206793,4453 MOV
4453,MOV,0.1296,0.25222674,4453 MOV
4453,MOV,0.14,0.25238401,4453 MOV
4453,MOV,0.17,0.25283748,4453 MOV
4453,MOV,0.2,0.25329067,4453 MOV
4453,MOV,0.23,0.25374359,4453 MOV
4453,MOV,0.26,0.25419624,4453 MOV
4453,MOV,0.29,0.25464861,4453 MOV
4453,MOV,0.32,0.2551007,4453 MOV
4453,MOV,0.35,0.25555252,4453 MOV
4453,MOV,0.38,0.25600407,4453 MOV
4453,MOV,0.41,0.25645535,4453 MOV
4453,MOV,0.5011,0.25782404,4453 MOV
4453,MOV,0.5922,0.25919021,4453 MOV
4453,MOV,0.6833,0.26055386,4453 MOV
4453,MOV,0.7744,0.26191501,4453 MOV
4453,MOV,0.8656,0.26327514,4453 MOV
4453,MOV,0.9567,0.26463128,4453 MOV
4453,MOV,1.0478,0.26598492,4453 MOV
4453,MOV,1.1389,0.26733607,4453 MOV
4453,MOV,1.23,0.26868473,4453 MOV
4453,MOV,1.5044,0.27273202,4453 MOV
4453,MOV,1.7789,0.27675837,4453 MOV
4453,MOV,2.0533,0.28076097,4453 MOV
4453,MOV,2.3278,0.28474287,4453 MOV
4453,MOV,2.6022,0.28870129,4453 MOV
4453,MOV,2.8767,0.29263923,4453 MOV
4453,MOV,3.1511,0.29655395,4453 MOV
4453,MOV,3.4256,0.30044842,4453 MOV
4453,MOV,3.7,0.30431992,4453 MOV
4453,MOV,4.5222,0.31579249,4453 MOV
4453,MOV,5.3444,0.32707587,4453 MOV
4453,MOV,6.1667,0.33817452,4453 MOV
4453,MOV,6.9889,0.34908879,4453 MOV
4453,MOV,7.8111,0.35982308,4453 MOV
4453,MOV,8.6333,0.37038035,4453 MOV
4453,MOV,9.4556,0.38076476,4453 MOV
4453,MOV,10.2778,0.39097668,4453 MOV
4453,MOV,11.1,0.40102018,4453 MOV
4454,AUC,0.0,1e-05,4454 AUC
4454,AUC,0.0017,2.517e-05,4454 AUC
4454,AUC,0.0033,3.945e-05,4454 AUC
4454,AUC,0.005,5.462e-05,4454 AUC
4454,AUC,0.0067,6.979e-05,4454 AUC
4454,AUC,0.0083,8.406e-05,4454 AUC
4454,AUC,0.01,9.923e-05,4454 AUC
4454,AUC,0.0117,0.0001144,4454 AUC
4454,AUC,0.0133,0.00012868,4454 AUC
4454,AUC,0.015,0.00014385,4454 AUC
4454,AUC,0.0184,0.00017418,4454 AUC
4454,AUC,0.0219,0.00020541,4454 AUC
4454,AUC,0.0253,0.00023575,4454 AUC
4454,AUC,0.0288,0.00026697,4454 AUC
4454,AUC,0.0322,0.00029731,4454 AUC
4454,AUC,0.0357,0.00032853,4454 AUC
4454,AUC,0.0391,0.00035886,4454 AUC
4454,AUC,0.0426,0.00039008,4454 AUC
4454,AUC,0.046,0.00042041,4454 AUC
4454,AUC,0.0564,0.00051318,4454 AUC
4454,AUC,0.0669,0.00060683,4454 AUC
4454,AUC,0.0773,0.00069957,4454 AUC
4454,AUC,0.0878,0.0007932,4454 AUC
4454,AUC,0.0982,0.00088594,4454 AUC
4454,AUC,0.1087,0.00097955,4454 AUC
4454,AUC,0.1191,0.00107226,4454 AUC
4454,AUC,0.1296,0.00116586,4454 AUC
4454,AUC,0.14,0.00125855,4454 AUC
4454,AUC,0.17,0.0015259,4454 AUC
4454,AUC,0.2,0.00179317,4454 AUC
4454,AUC,0.23,0.00206037,4454 AUC
4454,AUC,0.26,0.0023275,4454 AUC
4454,AUC,0.29,0.00259456,4454 AUC
4454,AUC,0.32,0.00286155,4454 AUC
4454,AUC,0.35,0.00312846,4454 AUC
4454,AUC,0.38,0.00339531,4454 AUC
4454,AUC,0.41,0.00366208,4454 AUC
4454,AUC,0.5011,0.00447174,4454 AUC
4454,AUC,0.5922,0.00528075,4454 AUC
4454,AUC,0.6833,0.00608909,4454 AUC
4454,AUC,0.7744,0.00689678,4454 AUC
4454,AUC,0.8656,0.0077047,4454 AUC
4454,AUC,0.9567,0.00851108,4454 AUC
4454,AUC,1.0478,0.0093168,4454 AUC
4454,AUC,1.1389,0.01012187,4454 AUC
4454,AUC,1.23,0.01092628,4454 AUC
4454,AUC,1.5044,0.01334528,4454 AUC
4454,AUC,1.7789,0.01575925,4454 AUC
4454,AUC,2.0533,0.01816643,4454 AUC
4454,AUC,2.3278,0.0205686,4454 AUC
4454,AUC,2.6022,0.02296402,4454 AUC
4454,AUC,2.8767,0.02535445,4454 AUC
4454,AUC,3.1511,0.02773816,4454 AUC
4454,AUC,3.4256,0.03011692,4454 AUC
4454,AUC,3.7,0.03248898,4454 AUC
4454,AUC,4.5222,0.03956186,4454 AUC
4454,AUC,5.3444,0.04658304,4454 AUC
4454,AUC,6.1667,0.05355373,4454 AUC
4454,AUC,6.9889,0.06047262,4454 AUC
4454,AUC,7.8111,0.06734093,4454 AUC
4454,AUC,8.6333,0.07415902,4454 AUC
4454,AUC,9.4556,0.0809281,4454 AUC
4454,AUC,10.2778,0.08764687,4454 AUC
4454,AUC,11.1,0.09431653,4454 AUC
4454,AUC,13.5667,0.11403516,4454 AUC
4454,AUC,16.0333,0.1333237,4454 AUC
4454,AUC,18.5,0.15219306,4454 AUC
4454,AUC,20.9667,0.1706516,4454 AUC
4454,AUC,23.4333,0.18870753,4454 AUC
4454,AUC,25.9,0.20637107,4454 AUC
4454,AUC,28.3667,0.22365004,4454 AUC
4454,AUC,30.8333,0.24055213,4454 AUC
4454,AUC,33.3,0.2570869,4454 AUC
4454,AUC,36.9889,0.281145,4454 AUC
4454,AUC,40.6778,0.30442402,4454 AUC
4454,AUC,44.3667,0.32694918,4454 AUC
4454,AUC,48.0556,0.34874489,4454 AUC
4454,AUC,51.7444,0.36983423,4454 AUC
4454,AUC,55.4333,0.39024118,4454 AUC
4454,AUC,59.1222,0.40998728,4454 AUC
4454,AUC,62.8111,0.42909394,4454 AUC
4454,AUC,66.5,0.44758185,4454 AUC
4454,MOV,,,4454 MOV
4455,AUC,,,4455 AUC
4455,MOV,,,4455 MOV
4456,AUC,0.0,0.13546232,4456 AUC
4456,AUC,0.0017,0.135472,4456 AUC
4456,AUC,0.0033,0.13548111,4456 AUC
4456,AUC,0.005,0.13549079,4456 AUC
4456,AUC,0.0067,0.13550047,4456 AUC
4456,AUC,0.0083,0.13550958,4456 AUC
4456,AUC,0.01,0.13551926,4456 AUC
4456,AUC,0.0117,0.13552894,4456 AUC
4456,AUC,0.0133,0.13553805,4456 AUC
4456,AUC,0.015,0.13554773,4456 AUC
4456,AUC,0.0184,0.13556708,4456 AUC
4456,AUC,0.0219,0.13558701,4456 AUC
4456,AUC,0.0253,0.13560637,4456 AUC
4456,AUC,0.0288,0.13562629,4456 AUC
4456,AUC,0.0322,0.13564565,4456 AUC
4456,AUC,0.0357,0.13566557,4456 AUC
4456,AUC,0.0391,0.13568492,4456 AUC
4456,AUC,0.0426,0.13570485,4456 AUC
4456,AUC,0.046,0.1357242,4456 AUC
4456,AUC,0.0564,0.1357834,4456 AUC
4456,AUC,0.0669,0.13584316,4456 AUC
4456,AUC,0.0773,0.13590234,4456 AUC
4456,AUC,0.0878,0.1359621,4456 AUC
4456,AUC,0.0982,0.13602128,4456 AUC
4456,AUC,0.1087,0.13608102,4456 AUC
4456,AUC,0.1191,0.13614019,4456 AUC
4456,AUC,0.1296,0.13619993,4456 AUC
4456,AUC,0.14,0.13625909,4456 AUC
4456,AUC,0.2611,0.13694771,4456 AUC
4456,AUC,0.3822,0.13763577,4456 AUC
4456,AUC,0.5033,0.13832329,4456 AUC
4456,AUC,0.6244,0.13901025,4456 AUC
4456,AUC,0.7456,0.13969724,4456 AUC
4456,AUC,0.8667,0.14038311,4456 AUC
4456,AUC,0.9878,0.14106844,4456 AUC
4456,AUC,1.1089,0.14175322,4456 AUC
4456,AUC,1.23,0.14243745,4456 AUC
4456,AUC,1.5044,0.14398583,4456 AUC
4456,AUC,1.7789,0.14553198,4456 AUC
4456,AUC,2.0533,0.14707478,4456 AUC
4456,AUC,2.3278,0.14861535,4456 AUC
4456,AUC,2.6022,0.15015258,4456 AUC
4456,AUC,2.8767,0.15168759,4456 AUC
4456,AUC,3.1511,0.15321927,4456 AUC
4456,AUC,3.4256,0.15474874,4456 AUC
4456,AUC,3.7,0.1562749,4456 AUC
4456,AUC,6.9889,0.17435403,4456 AUC
4456,AUC,10.2778,0.19204576,4456 AUC
4456,AUC,13.5667,0.2093584,4456 AUC
4456,AUC,16.8556,0.22630007,4456 AUC
4456,AUC,20.1444,0.24287822,4456 AUC
4456,AUC,23.4333,0.25910163,4456 AUC
4456,AUC,26.7222,0.27497742,4456 AUC
4456,AUC,30.0111,0.29051302,4456 AUC
4456,AUC,33.3,0.30571573,4456 AUC
4456,AUC,36.9889,0.32238015,4456 AUC
4456,AUC,40.6778,0.33864458,4456 AUC
4456,AUC,44.3667,0.35451863,4456 AUC
4456,AUC,48.0556,0.37001167,4456 AUC
4456,AUC,51.7444,0.38513244,4456 AUC
4456,AUC,55.4333,0.39989067,4456 AUC
4456,AUC,59.1222,0.41429468,4456 AUC
4456,AUC,62.8111,0.42835295,4456 AUC
4456,AUC,66.5,0.4420738,4456 AUC
4456,MOV,,,4456 MOV
4457,AUC,,,4457 AUC
4457,MOV,,,4457 MOV
4466,AUC,,,4466 AUC
4466,MOV,,,4466 MOV
447,AUC,0.0,0.20960838,447 AUC
447,AUC,0.2778,0.21037572,447 AUC
447,AUC,0.5556,0.21114232,447 AUC
447,AUC,0.8333,0.2119079,447 AUC
447,AUC,1.1111,0.21267302,447 AUC
447,AUC,1.3889,0.21343739,447 AUC
447,AUC,1.6667,0.21420102,447 AUC
447,AUC,1.9444,0.21496363,447 AUC
447,AUC,2.2222,0.21572577,447 AUC
447,AUC,2.5,0.21648718,447 AUC
447,AUC,2.6111,0.21679148,447 AUC
447,AUC,2.7222,0.21709566,447 AUC
447,AUC,2.8333,0.21739973,447 AUC
447,AUC,2.9444,0.21770367,447 AUC
447,AUC,3.0556,0.21800778,447 AUC
447,AUC,3.1667,0.21831149,447 AUC
447,AUC,3.2778,0.21861508,447 AUC
447,AUC,3.3889,0.21891855,447 AUC
447,AUC,3.5,0.21922191,447 AUC
447,AUC,3.6544,0.2196433,447 AUC
447,AUC,3.8089,0.22006474,447 AUC
447,AUC,3.9633,0.22048567,447 AUC
447,AUC,4.1178,0.22090665,447 AUC
447,AUC,4.2722,0.22132713,447 AUC
447,AUC,4.4267,0.22174766,447 AUC
447,AUC,4.5811,0.22216769,447 AUC
447,AUC,4.7356,0.22258776,447 AUC
447,AUC,4.89,0.22300733,447 AUC
447,AUC,5.1067,0.22359582,447 AUC
447,AUC,5.3233,0.2241836,447 AUC
447,AUC,5.54,0.22477119,447 AUC
447,AUC,5.7567,0.22535835,447 AUC
447,AUC,5.9733,0.22594478,447 AUC
447,AUC,6.19,0.22653105,447 AUC
447,AUC,6.4067,0.22711687,447 AUC
447,AUC,6.6233,0.22770198,447 AUC
447,AUC,6.84,0.22828691,447 AUC
447,AUC,7.1422,0.22910189,447 AUC
447,AUC,7.4444,0.22991601,447 AUC
447,AUC,7.7467,0.23072954,447 AUC
447,AUC,8.0489,0.23154195,447 AUC
447,AUC,8.3511,0.23235349,447 AUC
447,AUC,8.6533,0.23316418,447 AUC
447,AUC,8.9556,0.23397428,447 AUC
447,AUC,9.2578,0.23478325,447 AUC
447,AUC,9.56,0.23559138,447 AUC
447,AUC,9.9867,0.23673097,447 AUC
447,AUC,10.4133,0.2378686,447 AUC
447,AUC,10.84,0.23900481,447 AUC
447,AUC,11.2667,0.24013932,447 AUC
447,AUC,11.6933,0.24127187,447 AUC
447,AUC,12.12,0.242403,447 AUC
447,AUC,12.5467,0.24353244,447 AUC
447,AUC,12.9733,0.24465993,447 AUC
447,AUC,13.4,0.24578601,447 AUC
447,AUC,13.9889,0.24733739,447 AUC
447,AUC,14.5778,0.24888557,447 AUC
447,AUC,15.1667,0.25043056,447 AUC
447,AUC,15.7556,0.25197238,447 AUC
447,AUC,16.3444,0.25351077,447 AUC
447,AUC,16.9333,0.25504626,447 AUC
447,AUC,17.5222,0.25657858,447 AUC
447,AUC,18.1111,0.25810775,447 AUC
447,AUC,18.7,0.25963378,447 AUC
447,AUC,19.5222,0.26175912,447 AUC
447,AUC,20.3444,0.26387835,447 AUC
447,AUC,21.1667,0.26599175,447 AUC
447,AUC,21.9889,0.26809884,447 AUC
447,AUC,22.8111,0.27019987,447 AUC
447,AUC,23.6333,0.27229487,447 AUC
447,AUC,24.4556,0.27438411,447 AUC
447,AUC,25.2778,0.27646711,447 AUC
447,AUC,26.1,0.27854412,447 AUC
447,AUC,27.2667,0.28148116,447 AUC
447,AUC,28.4333,0.284406,447 AUC
447,AUC,29.6,0.28731918,447 AUC
447,AUC,30.7667,0.2902205,447 AUC
447,AUC,31.9333,0.29310977,447 AUC
447,AUC,33.1,0.29598752,447 AUC
447,AUC,34.2667,0.29885355,447 AUC
447,AUC,35.4333,0.30170767,447 AUC
447,AUC,36.6,0.30455042,447 AUC
447,AUC,38.2111,0.30845696,447 AUC
447,AUC,39.8222,0.31234156,447 AUC
447,AUC,41.4333,0.31620434,447 AUC
447,AUC,43.0444,0.32004542,447 AUC
447,AUC,44.6556,0.32386516,447 AUC
447,AUC,46.2667,0.32766321,447 AUC
447,AUC,47.8778,0.33143992,447 AUC
447,AUC,49.4889,0.33519542,447 AUC
447,AUC,51.1,0.33892982,447 AUC
447,AUC,53.3667,0.34414836,447 AUC
447,AUC,55.6333,0.34932547,447 AUC
447,AUC,57.9,0.35446195,447 AUC
447,AUC,60.1667,0.35955788,447 AUC
447,AUC,62.4333,0.36461335,447 AUC
447,AUC,64.7,0.36962914,447 AUC
447,AUC,66.9667,0.37460534,447 AUC
447,AUC,69.2333,0.37954204,447 AUC
447,AUC,71.5,0.38443998,447 AUC
447,AUC,74.6667,0.39121799,447 AUC
447,AUC,77.8333,0.39792116,447 AUC
447,AUC,81.0,0.40455073,447 AUC
447,AUC,84.1667,0.41110731,447 AUC
447,AUC,87.3333,0.41759148,447 AUC
447,AUC,90.5,0.42400446,447 AUC
447,AUC,93.6667,0.43034682,447 AUC
447,AUC,96.8333,0.43661915,447 AUC
447,AUC,100.0,0.44282261,447 AUC
447,MOV,,,447 MOV
4498,AUC,,,4498 AUC
4498,MOV,,,4498 MOV
4513,AUC,0.0,0.07323997,4513 AUC
4513,AUC,0.0006,0.07324154,4513 AUC
4513,AUC,0.0011,0.07324402,4513 AUC
4513,AUC,0.0017,0.07324796,4513 AUC
4513,AUC,0.0022,0.07325194,4513 AUC
4513,AUC,0.0028,0.07325742,4513 AUC
4513,AUC,0.0033,0.07326253,4513 AUC
4513,AUC,0.0039,0.07326927,4513 AUC
4513,AUC,0.0044,0.07327536,4513 AUC
4513,AUC,0.005,0.07328319,4513 AUC
4513,AUC,0.0061,0.07329895,4513 AUC
4513,AUC,0.0072,0.07331641,4513 AUC
4513,AUC,0.0083,0.07333545,4513 AUC
4513,AUC,0.0094,0.07335597,4513 AUC
4513,AUC,0.0106,0.07337994,4513 AUC
4513,AUC,0.0117,0.07340331,4513 AUC
4513,AUC,0.0128,0.07342796,4513 AUC
4513,AUC,0.0139,0.07345382,4513 AUC
4513,AUC,0.015,0.07348087,4513 AUC
4513,AUC,0.0184,0.07357155,4513 AUC
4513,AUC,0.0219,0.07367532,4513 AUC
4513,AUC,0.0253,0.07378553,4513 AUC
4513,AUC,0.0288,0.07390803,4513 AUC
4513,AUC,0.0322,0.07403536,4513 AUC
4513,AUC,0.0357,0.07417459,4513 AUC
4513,AUC,0.0391,0.07431741,4513 AUC
4513,AUC,0.0426,0.0744719,4513 AUC
4513,AUC,0.046,0.07462898,4513 AUC
4513,AUC,0.0564,0.07514994,4513 AUC
4513,AUC,0.0669,0.07573371,4513 AUC
4513,AUC,0.0773,0.07636495,4513 AUC
4513,AUC,0.0878,0.07705235,4513 AUC
4513,AUC,0.0982,0.07778002,4513 AUC
4513,AUC,0.1087,0.07855953,4513 AUC
4513,AUC,0.1191,0.07937399,4513 AUC
4513,AUC,0.1296,0.08023724,4513 AUC
4513,AUC,0.14,0.08113123,4513 AUC
4513,AUC,0.17,0.08391485,4513 AUC
4513,AUC,0.2,0.0869811,4513 AUC
4513,AUC,0.23,0.09030712,4513 AUC
4513,AUC,0.26,0.09387403,4513 AUC
4513,AUC,0.29,0.09766573,4513 AUC
4513,AUC,0.32,0.10166819,4513 AUC
4513,AUC,0.35,0.10586897,4513 AUC
4513,AUC,0.38,0.11025687,4513 AUC
4513,AUC,0.41,0.11482167,4513 AUC
4513,AUC,0.5011,0.12967454,4513 AUC
4513,AUC,0.5922,0.14584673,4513 AUC
4513,AUC,0.6833,0.16314645,4513 AUC
4513,AUC,0.7744,0.18140769,4513 AUC
4513,AUC,0.8656,0.20050475,4513 AUC
4513,AUC,0.9567,0.22026343,4513 AUC
4513,AUC,1.0478,0.24058414,4513 AUC
4513,AUC,1.1389,0.26135706,4513 AUC
4513,AUC,1.23,0.28248134,4513 AUC
4513,MOV,,,4513 MOV
4520,AUC,,,4520 AUC
4520,MOV,,,4520 MOV
4579,AUC,,,4579 AUC
4579,MOV,0.0,0.15014375,4579 MOV
4579,MOV,0.2778,0.15064068,4579 MOV
4579,MOV,0.5556,0.15113732,4579 MOV
4579,MOV,0.8333,0.15163349,4579 MOV
4579,MOV,1.1111,0.15212955,4579 MOV
4579,MOV,1.3889,0.15262532,4579 MOV
4579,MOV,1.6667,0.1531208,4579 MOV
4579,MOV,1.9444,0.15361582,4579 MOV
4579,MOV,2.2222,0.15411072,4579 MOV
4579,MOV,2.5,0.15460533,4579 MOV
4579,MOV,2.5694,0.15472885,4579 MOV
4579,MOV,2.6389,0.15485252,4579 MOV
4579,MOV,2.7083,0.15497601,4579 MOV
4579,MOV,2.7778,0.15509965,4579 MOV
4579,MOV,2.8472,0.1552231,4579 MOV
4579,MOV,2.9167,0.1553467,4579 MOV
4579,MOV,2.9861,0.15547011,4579 MOV
4579,MOV,3.0556,0.15559368,4579 MOV
4579,MOV,3.125,0.15571706,4579 MOV
4579,MOV,3.1667,0.15579118,4579 MOV
4579,MOV,3.2083,0.15586512,4579 MOV
4579,MOV,3.25,0.15593923,4579 MOV
4579,MOV,3.2917,0.15601333,4579 MOV
4579,MOV,3.3333,0.15608725,4579 MOV
4579,MOV,3.375,0.15616134,4579 MOV
4579,MOV,3.4167,0.15623542,4579 MOV
4579,MOV,3.4583,0.15630932,4579 MOV
4579,MOV,3.5,0.15638339,4579 MOV
4579,MOV,3.6544,0.15665759,4579 MOV
4579,MOV,3.8089,0.15693188,4579 MOV
4579,MOV,3.9633,0.1572059,4579 MOV
4579,MOV,4.1178,0.15748001,4579 MOV
4579,MOV,4.2722,0.15775386,4579 MOV
4579,MOV,4.4267,0.15802779,4579 MOV
4579,MOV,4.5811,0.15830145,4579 MOV
4579,MOV,4.7356,0.15857521,4579 MOV
4579,MOV,4.89,0.15884869,4579 MOV
4579,MOV,5.0411,0.15911625,4579 MOV
4579,MOV,5.1922,0.15938372,4579 MOV
4579,MOV,5.3433,0.15965111,4579 MOV
4579,MOV,5.4944,0.15991841,4579 MOV
4579,MOV,5.6456,0.1601858,4579 MOV
4579,MOV,5.7967,0.16045293,4579 MOV
4579,MOV,5.9478,0.16071998,4579 MOV
4579,MOV,6.0989,0.16098694,4579 MOV
4579,MOV,6.25,0.16125381,4579 MOV
4579,MOV,6.3156,0.16136965,4579 MOV
4579,MOV,6.3811,0.1614853,4579 MOV
4579,MOV,6.4467,0.1616011,4579 MOV
4579,MOV,6.5122,0.16171671,4579 MOV
4579,MOV,6.5778,0.16183249,4579 MOV
4579,MOV,6.6433,0.16194807,4579 MOV
4579,MOV,6.7089,0.16206381,4579 MOV
4579,MOV,6.7744,0.16217936,4579 MOV
4579,MOV,6.84,0.16229507,4579 MOV
4579,MOV,7.1422,0.1628279,4579 MOV
4579,MOV,7.4444,0.1633604,4579 MOV
4579,MOV,7.7467,0.16389273,4579 MOV
4579,MOV,8.0489,0.16442455,4579 MOV
4579,MOV,8.3511,0.16495603,4579 MOV
4579,MOV,8.6533,0.16548718,4579 MOV
4579,MOV,8.9556,0.16601816,4579 MOV
4579,MOV,9.2578,0.16654862,4579 MOV
4579,MOV,9.56,0.16707875,4579 MOV
4579,MOV,9.8867,0.16765148,4579 MOV
4579,MOV,10.2133,0.16822364,4579 MOV
4579,MOV,10.54,0.16879558,4579 MOV
4579,MOV,10.8667,0.16936713,4579 MOV
4579,MOV,11.1933,0.16993811,4579 MOV
4579,MOV,11.52,0.17050887,4579 MOV
4579,MOV,11.8467,0.17107924,4579 MOV
4579,MOV,12.1733,0.17164905,4579 MOV
4579,MOV,12.5,0.17221863,4579 MOV
4579,MOV,12.6,0.1723929,4579 MOV
4579,MOV,12.7,0.17256713,4579 MOV
4579,MOV,12.8,0.17274132,4579 MOV
4579,MOV,12.9,0.17291548,4579 MOV
4579,MOV,13.0,0.1730896,4579 MOV
4579,MOV,13.1,0.17326368,4579 MOV
4579,MOV,13.2,0.17343773,4579 MOV
4579,MOV,13.3,0.17361174,4579 MOV
4579,MOV,13.4,0.17378572,4579 MOV
4579,MOV,13.9889,0.1748095,4579 MOV
4579,MOV,14.5778,0.17583202,4579 MOV
4579,MOV,15.1667,0.17685328,4579 MOV
4579,MOV,15.7556,0.17787326,4579 MOV
4579,MOV,16.3444,0.17889182,4579 MOV
4579,MOV,16.9333,0.17990928,4579 MOV
4579,MOV,17.5222,0.18092548,4579 MOV
4579,MOV,18.1111,0.18194042,4579 MOV
4579,MOV,18.7,0.1829541,4579 MOV
4579,MOV,19.4,0.18415739,4579 MOV
4579,MOV,20.1,0.18535891,4579 MOV
4579,MOV,20.8,0.18655865,4579 MOV
4579,MOV,21.5,0.18775663,4579 MOV
4579,MOV,22.2,0.18895285,4579 MOV
4579,MOV,22.9,0.1901473,4579 MOV
4579,MOV,23.6,0.19134,4579 MOV
4579,MOV,24.3,0.19253094,4579 MOV
4579,MOV,25.0,0.19372012,4579 MOV
4579,MOV,25.1222,0.19392754,4579 MOV
4579,MOV,25.2444,0.1941349,4579 MOV
4579,MOV,25.3667,0.19434239,4579 MOV
4579,MOV,25.4889,0.19454964,4579 MOV
4579,MOV,25.6111,0.19475685,4579 MOV
4579,MOV,25.7333,0.194964,4579 MOV
4579,MOV,25.8556,0.19517127,4579 MOV
4579,MOV,25.9778,0.19537831,4579 MOV
4579,MOV,26.1,0.1955853,4579 MOV
4579,MOV,27.2667,0.19755887,4579 MOV
4579,MOV,28.4333,0.19952742,4579 MOV
4579,MOV,29.6,0.20149131,4579 MOV
4579,MOV,30.7667,0.20345039,4579 MOV
4579,MOV,31.9333,0.20540449,4579 MOV
4579,MOV,33.1,0.20735396,4579 MOV
4579,MOV,34.2667,0.20929865,4579 MOV
4579,MOV,35.4333,0.2112384,4579 MOV
4579,MOV,36.6,0.21317356,4579 MOV
4579,MOV,38.0889,0.21563625,4579 MOV
4579,MOV,39.5778,0.21809123,4579 MOV
4579,MOV,41.0667,0.22053852,4579 MOV
4579,MOV,42.5556,0.22297816,4579 MOV
4579,MOV,44.0444,0.22541,4579 MOV
4579,MOV,45.5333,0.22783438,4579 MOV
4579,MOV,47.0222,0.23025118,4579 MOV
4579,MOV,48.5111,0.23266042,4579 MOV
4579,MOV,50.0,0.23506211,4579 MOV
4579,MOV,50.1222,0.2352589,4579 MOV
4579,MOV,50.2444,0.23545563,4579 MOV
4579,MOV,50.3667,0.23565247,4579 MOV
4579,MOV,50.4889,0.2358491,4579 MOV
4579,MOV,50.6111,0.23604568,4579 MOV
4579,MOV,50.7333,0.23624221,4579 MOV
4579,MOV,50.8556,0.23643885,4579 MOV
4579,MOV,50.9778,0.23663528,4579 MOV
4579,MOV,51.1,0.23683166,4579 MOV
4579,MOV,53.3667,0.24046515,4579 MOV
4579,MOV,55.6333,0.24408118,4579 MOV
4579,MOV,57.9,0.24768015,4579 MOV
4579,MOV,60.1667,0.25126199,4579 MOV
4579,MOV,62.4333,0.25482661,4579 MOV
4579,MOV,64.7,0.25837443,4579 MOV
4579,MOV,66.9667,0.26190535,4579 MOV
4579,MOV,69.2333,0.2654193,4579 MOV
4579,MOV,71.5,0.26891669,4579 MOV
4579,MOV,74.6667,0.27377485,4579 MOV
4579,MOV,77.8333,0.27860058,4579 MOV
4579,MOV,81.0,0.28339439,4579 MOV
4579,MOV,84.1667,0.28815634,4579 MOV
4579,MOV,87.3333,0.29288651,4579 MOV
4579,MOV,90.5,0.29758539,4579 MOV
4579,MOV,93.6667,0.30225304,4579 MOV
4579,MOV,96.8333,0.30688953,4579 MOV
4579,MOV,100.0,0.31149536,4579 MOV
4750,AUC,,,4750 AUC
4750,MOV,,,4750 MOV
4751,AUC,,,4751 AUC
4751,MOV,0.0,1.012e-05,4751 MOV
4751,MOV,0.2778,0.06109167,4751 MOV
4751,MOV,0.5556,0.07831039,4751 MOV
4751,MOV,0.8333,0.08995953,4751 MOV
4751,MOV,1.1111,0.09897801,4751 MOV
4751,MOV,1.3889,0.10641592,4751 MOV
4751,MOV,1.6667,0.11278627,4751 MOV
4751,MOV,1.9444,0.11837911,4751 MOV
4751,MOV,2.2222,0.12338191,4751 MOV
4751,MOV,2.5,0.12791603,4751 MOV
4751,MOV,2.6111,0.12961861,4751 MOV
4751,MOV,2.7222,0.1312649,4751 MOV
4751,MOV,2.8333,0.13285887,4751 MOV
4751,MOV,2.9444,0.13440404,4751 MOV
4751,MOV,3.0556,0.13590492,4751 MOV
4751,MOV,3.1667,0.13736168,4751 MOV
4751,MOV,3.2778,0.13877829,4751 MOV
4751,MOV,3.3889,0.14015711,4751 MOV
4751,MOV,3.5,0.14150027,4751 MOV
4751,MOV,3.6544,0.14331138,4751 MOV
4751,MOV,3.8089,0.14506328,4751 MOV
4751,MOV,3.9633,0.14675795,4751 MOV
4751,MOV,4.1178,0.14840137,4751 MOV
4751,MOV,4.2722,0.14999484,4751 MOV
4751,MOV,4.4267,0.15154348,4751 MOV
4751,MOV,4.5811,0.15304808,4751 MOV
4751,MOV,4.7356,0.15451312,4751 MOV
4751,MOV,4.89,0.15593901,4751 MOV
4751,MOV,5.1067,0.15787984,4751 MOV
4751,MOV,5.3233,0.15975396,4751 MOV
4751,MOV,5.54,0.1615678,4751 MOV
4751,MOV,5.7567,0.16332464,4751 MOV
4751,MOV,5.9733,0.16502747,4751 MOV
4751,MOV,6.19,0.16668125,4751 MOV
4751,MOV,6.4067,0.16828822,4751 MOV
4751,MOV,6.6233,0.16985047,4751 MOV
4751,MOV,6.84,0.17137195,4751 MOV
4751,MOV,7.1422,0.17342881,4751 MOV
4751,MOV,7.4444,0.1754151,4751 MOV
4751,MOV,7.7467,0.17733649,4751 MOV
4751,MOV,8.0489,0.1791962,4751 MOV
4751,MOV,8.3511,0.1809989,4751 MOV
4751,MOV,8.6533,0.18274824,4751 MOV
4751,MOV,8.9556,0.18444807,4751 MOV
4751,MOV,9.2578,0.18610023,4751 MOV
4751,MOV,9.56,0.18770803,4751 MOV
4751,MOV,9.9867,0.18990743,4751 MOV
4751,MOV,10.4133,0.1920291,4751 MOV
4751,MOV,10.84,0.19407963,4751 MOV
4751,MOV,11.2667,0.19606351,4751 MOV
4751,MOV,11.6933,0.19798476,4751 MOV
4751,MOV,12.12,0.19984833,4751 MOV
4751,MOV,12.5467,0.20165737,4751 MOV
4751,MOV,12.9733,0.2034148,4751 MOV
4751,MOV,13.4,0.20512442,4751 MOV
4751,MOV,13.9889,0.20740975,4751 MOV
4751,MOV,14.5778,0.20961489,4751 MOV
4751,MOV,15.1667,0.21174562,4751 MOV
4751,MOV,15.7556,0.21380709,4751 MOV
4751,MOV,16.3444,0.21580357,4751 MOV
4751,MOV,16.9333,0.21773991,4751 MOV
4751,MOV,17.5222,0.21961953,4751 MOV
4751,MOV,18.1111,0.22144583,4751 MOV
4751,MOV,18.7,0.22322194,4751 MOV
4751,MOV,19.5222,0.22562302,4751 MOV
4751,MOV,20.3444,0.2279387,4751 MOV
4751,MOV,21.1667,0.23017542,4751 MOV
4751,MOV,21.9889,0.23233816,4751 MOV
4751,MOV,22.8111,0.23443214,4751 MOV
4751,MOV,23.6333,0.23646182,4751 MOV
4751,MOV,24.4556,0.23843147,4751 MOV
4751,MOV,25.2778,0.24034425,4751 MOV
4751,MOV,26.1,0.24220374,4751 MOV
4751,MOV,27.2667,0.24475676,4751 MOV
4751,MOV,28.4333,0.24721611,4751 MOV
4751,MOV,29.6,0.24958912,4751 MOV
4751,MOV,30.7667,0.25188175,4751 MOV
4751,MOV,31.9333,0.25409931,4751 MOV
4751,MOV,33.1,0.25624713,4751 MOV
4751,MOV,34.2667,0.25832948,4751 MOV
4751,MOV,35.4333,0.26035024,4751 MOV
4751,MOV,36.6,0.26231342,4751 MOV
4751,MOV,38.2111,0.2649356,4751 MOV
4751,MOV,39.8222,0.26746191,4751 MOV
4751,MOV,41.4333,0.2698994,4751 MOV
4751,MOV,43.0444,0.27225434,4751 MOV
4751,MOV,44.6556,0.27453249,4751 MOV
4751,MOV,46.2667,0.27673862,4751 MOV
4751,MOV,47.8778,0.27887745,4751 MOV
4751,MOV,49.4889,0.28095309,4751 MOV
4751,MOV,51.1,0.28296933,4751 MOV
4751,MOV,53.3667,0.28571194,4751 MOV
4751,MOV,55.6333,0.28835216,4751 MOV
4751,MOV,57.9,0.29089781,4751 MOV
4751,MOV,60.1667,0.29335555,4751 MOV
4751,MOV,62.4333,0.29573134,4751 MOV
4751,MOV,64.7,0.29803083,4751 MOV
4751,MOV,66.9667,0.30025884,4751 MOV
4751,MOV,69.2333,0.30241971,4751 MOV
4751,MOV,71.5,0.30451767,4751 MOV
4751,MOV,74.6667,0.30735005,4751 MOV
4751,MOV,77.8333,0.31007551,4751 MOV
4751,MOV,81.0,0.3127022,4751 MOV
4751,MOV,84.1667,0.31523715,4751 MOV
4751,MOV,87.3333,0.31768665,4751 MOV
4751,MOV,90.5,0.32005655,4751 MOV
4751,MOV,93.6667,0.32235192,4751 MOV
4751,MOV,96.8333,0.32457736,4751 MOV
4751,MOV,100.0,0.32673723,4751 MOV
4752,AUC,0.0,0.0756358,4752 AUC
4752,AUC,0.2778,0.07618863,4752 AUC
4752,AUC,0.5556,0.07674113,4752 AUC
4752,AUC,0.8333,0.07729309,4752 AUC
4752,AUC,1.1111,0.07784493,4752 AUC
4752,AUC,1.3889,0.07839644,4752 AUC
4752,AUC,1.6667,0.07894761,4752 AUC
4752,AUC,1.9444,0.07949826,4752 AUC
4752,AUC,2.2222,0.08004878,4752 AUC
4752,AUC,2.5,0.08059897,4752 AUC
4752,AUC,2.6111,0.08081891,4752 AUC
4752,AUC,2.7222,0.08103881,4752 AUC
4752,AUC,2.8333,0.08125864,4752 AUC
4752,AUC,2.9444,0.08147843,4752 AUC
4752,AUC,3.0556,0.08169836,4752 AUC
4752,AUC,3.1667,0.08191804,4752 AUC
4752,AUC,3.2778,0.08213767,4752 AUC
4752,AUC,3.3889,0.08235725,4752 AUC
4752,AUC,3.5,0.08257677,4752 AUC
4752,AUC,3.6544,0.08288176,4752 AUC
4752,AUC,3.8089,0.08318685,4752 AUC
4752,AUC,3.9633,0.08349164,4752 AUC
4752,AUC,4.1178,0.08379653,4752 AUC
4752,AUC,4.2722,0.08410111,4752 AUC
4752,AUC,4.4267,0.0844058,4752 AUC
4752,AUC,4.5811,0.08471018,4752 AUC
4752,AUC,4.7356,0.08501466,4752 AUC
4752,AUC,4.89,0.08531885,4752 AUC
4752,AUC,5.1067,0.08574559,4752 AUC
4752,AUC,5.3233,0.08617195,4752 AUC
4752,AUC,5.54,0.0865983,4752 AUC
4752,AUC,5.7567,0.08702445,4752 AUC
4752,AUC,5.9733,0.0874502,4752 AUC
4752,AUC,6.19,0.08787596,4752 AUC
4752,AUC,6.4067,0.08830151,4752 AUC
4752,AUC,6.6233,0.08872667,4752 AUC
4752,AUC,6.84,0.08915183,4752 AUC
4752,AUC,7.1422,0.08974441,4752 AUC
4752,AUC,7.4444,0.0903366,4752 AUC
4752,AUC,7.7467,0.0909286,4752 AUC
4752,AUC,8.0489,0.09152002,4752 AUC
4752,AUC,8.3511,0.09211105,4752 AUC
4752,AUC,8.6533,0.0927017,4752 AUC
4752,AUC,8.9556,0.09329217,4752 AUC
4752,AUC,9.2578,0.09388205,4752 AUC
4752,AUC,9.56,0.09447155,4752 AUC
4752,AUC,9.9867,0.09530325,4752 AUC
4752,AUC,10.4133,0.096134,4752 AUC
4752,AUC,10.84,0.09696418,4752 AUC
4752,AUC,11.2667,0.0977936,4752 AUC
4752,AUC,11.6933,0.09862206,4752 AUC
4752,AUC,12.12,0.09944995,4752 AUC
4752,AUC,12.5467,0.10027708,4752 AUC
4752,AUC,12.9733,0.10110326,4752 AUC
4752,AUC,13.4,0.10192888,4752 AUC
4752,AUC,13.9889,0.10306709,4752 AUC
4752,AUC,14.5778,0.10420385,4752 AUC
4752,AUC,15.1667,0.10533918,4752 AUC
4752,AUC,15.7556,0.10647306,4752 AUC
4752,AUC,16.3444,0.10760532,4752 AUC
4752,AUC,16.9333,0.10873633,4752 AUC
4752,AUC,17.5222,0.10986591,4752 AUC
4752,AUC,18.1111,0.11099406,4752 AUC
4752,AUC,18.7,0.11212078,4752 AUC
4752,AUC,19.5222,0.11369148,4752 AUC
4752,AUC,20.3444,0.11525939,4752 AUC
4752,AUC,21.1667,0.11682472,4752 AUC
4752,AUC,21.9889,0.1183871,4752 AUC
4752,AUC,22.8111,0.1199467,4752 AUC
4752,AUC,23.6333,0.12150355,4752 AUC
4752,AUC,24.4556,0.12305784,4752 AUC
4752,AUC,25.2778,0.12460918,4752 AUC
4752,AUC,26.1,0.12615779,4752 AUC
4752,AUC,27.2667,0.12835055,4752 AUC
4752,AUC,28.4333,0.13053762,4752 AUC
4752,AUC,29.6,0.13271939,4752 AUC
4752,AUC,30.7667,0.13489569,4752 AUC
4752,AUC,31.9333,0.13706634,4752 AUC
4752,AUC,33.1,0.13923172,4752 AUC
4752,AUC,34.2667,0.14139168,4752 AUC
4752,AUC,35.4333,0.14354603,4752 AUC
4752,AUC,36.6,0.14569516,4752 AUC
4752,AUC,38.2111,0.14865404,4752 AUC
4752,AUC,39.8222,0.15160266,4752 AUC
4752,AUC,41.4333,0.15454108,4752 AUC
4752,AUC,43.0444,0.15746932,4752 AUC
4752,AUC,44.6556,0.1603876,4752 AUC
4752,AUC,46.2667,0.16329559,4752 AUC
4752,AUC,47.8778,0.1661935,4752 AUC
4752,AUC,49.4889,0.16908138,4752 AUC
4752,AUC,51.1,0.17195926,4752 AUC
4752,AUC,53.3667,0.17599136,4752 AUC
4752,AUC,55.6333,0.18000365,4752 AUC
4752,AUC,57.9,0.18399657,4752 AUC
4752,AUC,60.1667,0.18797005,4752 AUC
4752,AUC,62.4333,0.19192401,4752 AUC
4752,AUC,64.7,0.19585889,4752 AUC
4752,AUC,66.9667,0.19977461,4752 AUC
4752,AUC,69.2333,0.20367109,4752 AUC
4752,AUC,71.5,0.20754876,4752 AUC
4752,AUC,74.6667,0.21293449,4752 AUC
4752,AUC,77.8333,0.21828344,4752 AUC
4752,AUC,81.0,0.22359621,4752 AUC
4752,AUC,84.1667,0.22887287,4752 AUC
4752,AUC,87.3333,0.23411351,4752 AUC
4752,AUC,90.5,0.23931869,4752 AUC
4752,AUC,93.6667,0.2444885,4752 AUC
4752,AUC,96.8333,0.24962301,4752 AUC
4752,AUC,100.0,0.25472278,4752 AUC
4752,MOV,0.0,0.08801017,4752 MOV
4752,MOV,0.2778,0.08828355,4752 MOV
4752,MOV,0.5556,0.08858913,4752 MOV
4752,MOV,0.8333,0.08890792,4752 MOV
4752,MOV,1.1111,0.08923571,4752 MOV
4752,MOV,1.3889,0.08957021,4752 MOV
4752,MOV,1.6667,0.0899101,4752 MOV
4752,MOV,1.9444,0.09025436,4752 MOV
4752,MOV,2.2222,0.0906026,4752 MOV
4752,MOV,2.5,0.09095422,4752 MOV
4752,MOV,2.6111,0.0910957,4752 MOV
4752,MOV,2.7222,0.09123763,4752 MOV
4752,MOV,2.8333,0.09138,4752 MOV
4752,MOV,2.9444,0.09152279,4752 MOV
4752,MOV,3.0556,0.09166612,4752 MOV
4752,MOV,3.1667,0.0918097,4752 MOV
4752,MOV,3.2778,0.09195366,4752 MOV
4752,MOV,3.3889,0.09209797,4752 MOV
4752,MOV,3.5,0.09224264,4752 MOV
4752,MOV,3.6544,0.09244424,4752 MOV
4752,MOV,3.8089,0.09264659,4752 MOV
4752,MOV,3.9633,0.0928494,4752 MOV
4752,MOV,4.1178,0.09305291,4752 MOV
4752,MOV,4.2722,0.09325683,4752 MOV
4752,MOV,4.4267,0.0934614,4752 MOV
4752,MOV,4.5811,0.09366634,4752 MOV
4752,MOV,4.7356,0.0938719,4752 MOV
4752,MOV,4.89,0.09407779,4752 MOV
4752,MOV,5.1067,0.0943675,4752 MOV
4752,MOV,5.3233,0.09465792,4752 MOV
4752,MOV,5.54,0.09494926,4752 MOV
4752,MOV,5.7567,0.09524137,4752 MOV
4752,MOV,5.9733,0.09553406,4752 MOV
4752,MOV,6.19,0.09582759,4752 MOV
4752,MOV,6.4067,0.09612178,4752 MOV
4752,MOV,6.6233,0.09641647,4752 MOV
4752,MOV,6.84,0.0967119,4752 MOV
4752,MOV,7.1422,0.09712487,4752 MOV
4752,MOV,7.4444,0.09753891,4752 MOV
4752,MOV,7.7467,0.09795411,4752 MOV
4752,MOV,8.0489,0.09837013,4752 MOV
4752,MOV,8.3511,0.09878707,4752 MOV
4752,MOV,8.6533,0.09920488,4752 MOV
4752,MOV,8.9556,0.09962365,4752 MOV
4752,MOV,9.2578,0.10004307,4752 MOV
4752,MOV,9.56,0.10046323,4752 MOV
4752,MOV,9.9867,0.1010577,4752 MOV
4752,MOV,10.4133,0.10165334,4752 MOV
4752,MOV,10.84,0.10225037,4752 MOV
4752,MOV,11.2667,0.10284856,4752 MOV
4752,MOV,11.6933,0.10344769,4752 MOV
4752,MOV,12.12,0.10404797,4752 MOV
4752,MOV,12.5467,0.10464921,4752 MOV
4752,MOV,12.9733,0.1052512,4752 MOV
4752,MOV,13.4,0.10585416,4752 MOV
4752,MOV,13.9889,0.1066876,4752 MOV
4752,MOV,14.5778,0.1075224,4752 MOV
4752,MOV,15.1667,0.10835843,4752 MOV
4752,MOV,15.7556,0.1091956,4752 MOV
4752,MOV,16.3444,0.11003365,4752 MOV
4752,MOV,16.9333,0.11087277,4752 MOV
4752,MOV,17.5222,0.11171273,4752 MOV
4752,MOV,18.1111,0.11255345,4752 MOV
4752,MOV,18.7,0.11339484,4752 MOV
4752,MOV,19.5222,0.11457056,4752 MOV
4752,MOV,20.3444,0.11574727,4752 MOV
4752,MOV,21.1667,0.11692493,4752 MOV
4752,MOV,21.9889,0.11810312,4752 MOV
4752,MOV,22.8111,0.11928181,4752 MOV
4752,MOV,23.6333,0.12046088,4752 MOV
4752,MOV,24.4556,0.12164034,4752 MOV
4752,MOV,25.2778,0.12281979,4752 MOV
4752,MOV,26.1,0.12399924,4752 MOV
4752,MOV,27.2667,0.12567271,4752 MOV
4752,MOV,28.4333,0.12734558,4752 MOV
4752,MOV,29.6,0.12901789,4752 MOV
4752,MOV,30.7667,0.13068924,4752 MOV
4752,MOV,31.9333,0.1323593,4752 MOV
4752,MOV,33.1,0.13402814,4752 MOV
4752,MOV,34.2667,0.13569544,4752 MOV
4752,MOV,35.4333,0.13736089,4752 MOV
4752,MOV,36.6,0.1390246,4752 MOV
4752,MOV,38.2111,0.14131869,4752 MOV
4752,MOV,39.8222,0.14360856,4752 MOV
4752,MOV,41.4333,0.1458939,4752 MOV
4752,MOV,43.0444,0.14817442,4752 MOV
4752,MOV,44.6556,0.15044997,4752 MOV
4752,MOV,46.2667,0.15272003,4752 MOV
4752,MOV,47.8778,0.15498452,4752 MOV
4752,MOV,49.4889,0.15724322,4752 MOV
4752,MOV,51.1,0.15949595,4752 MOV
4752,MOV,53.3667,0.16265492,4752 MOV
4752,MOV,55.6333,0.16580114,4752 MOV
4752,MOV,57.9,0.16893449,4752 MOV
4752,MOV,60.1667,0.17205448,4752 MOV
4752,MOV,62.4333,0.17516067,4752 MOV
4752,MOV,64.7,0.17825304,4752 MOV
4752,MOV,66.9667,0.18133123,4752 MOV
4752,MOV,69.2333,0.18439489,4752 MOV
4752,MOV,71.5,0.18744408,4752 MOV
4752,MOV,74.6667,0.1916792,4752 MOV
4752,MOV,77.8333,0.19588499,4752 MOV
4752,MOV,81.0,0.20006139,4752 MOV
4752,MOV,84.1667,0.20420801,4752 MOV
4752,MOV,87.3333,0.20832451,4752 MOV
4752,MOV,90.5,0.212411,4752 MOV
4752,MOV,93.6667,0.21646723,4752 MOV
4752,MOV,96.8333,0.220493,4752 MOV
4752,MOV,100.0,0.22448852,4752 MOV
4753,AUC,,,4753 AUC
4753,MOV,0.0,0.12204148,4753 MOV
4753,MOV,0.2778,0.12252959,4753 MOV
4753,MOV,0.5556,0.12307349,4753 MOV
4753,MOV,0.8333,0.12363999,4753 MOV
4753,MOV,1.1111,0.12422174,4753 MOV
4753,MOV,1.3889,0.12481473,4753 MOV
4753,MOV,1.6667,0.12541666,4753 MOV
4753,MOV,1.9444,0.12602575,4753 MOV
4753,MOV,2.2222,0.12664131,4753 MOV
4753,MOV,2.5,0.12726228,4753 MOV
4753,MOV,2.6111,0.12751199,4753 MOV
4753,MOV,2.7222,0.12776241,4753 MOV
4753,MOV,2.8333,0.12801352,4753 MOV
4753,MOV,2.9444,0.12826528,4753 MOV
4753,MOV,3.0556,0.1285179,4753 MOV
4753,MOV,3.1667,0.12877088,4753 MOV
4753,MOV,3.2778,0.12902444,4753 MOV
4753,MOV,3.3889,0.12927855,4753 MOV
4753,MOV,3.5,0.12953319,4753 MOV
4753,MOV,3.6544,0.12988791,4753 MOV
4753,MOV,3.8089,0.13024379,4753 MOV
4753,MOV,3.9633,0.13060031,4753 MOV
4753,MOV,4.1178,0.1309579,4753 MOV
4753,MOV,4.2722,0.13131605,4753 MOV
4753,MOV,4.4267,0.13167519,4753 MOV
4753,MOV,4.5811,0.13203482,4753 MOV
4753,MOV,4.7356,0.13239536,4753 MOV
4753,MOV,4.89,0.13275633,4753 MOV
4753,MOV,5.1067,0.13326399,4753 MOV
4753,MOV,5.3233,0.13377257,4753 MOV
4753,MOV,5.54,0.13428246,4753 MOV
4753,MOV,5.7567,0.13479338,4753 MOV
4753,MOV,5.9733,0.13530501,4753 MOV
4753,MOV,6.19,0.13581778,4753 MOV
4753,MOV,6.4067,0.13633139,4753 MOV
4753,MOV,6.6233,0.13684557,4753 MOV
4753,MOV,6.84,0.13736074,4753 MOV
4753,MOV,7.1422,0.13808034,4753 MOV
4753,MOV,7.4444,0.1388012,4753 MOV
4753,MOV,7.7467,0.13952348,4753 MOV
4753,MOV,8.0489,0.14024658,4753 MOV
4753,MOV,8.3511,0.14097067,4753 MOV
4753,MOV,8.6533,0.14169567,4753 MOV
4753,MOV,8.9556,0.14242173,4753 MOV
4753,MOV,9.2578,0.14314831,4753 MOV
4753,MOV,9.56,0.14387559,4753 MOV
4753,MOV,9.9867,0.14490353,4753 MOV
4753,MOV,10.4133,0.14593233,4753 MOV
4753,MOV,10.84,0.14696231,4753 MOV
4753,MOV,11.2667,0.14799308,4753 MOV
4753,MOV,11.6933,0.14902429,4753 MOV
4753,MOV,12.12,0.15005629,4753 MOV
4753,MOV,12.5467,0.15108873,4753 MOV
4753,MOV,12.9733,0.15212126,4753 MOV
4753,MOV,13.4,0.15315427,4753 MOV
4753,MOV,13.9889,0.15458018,4753 MOV
4753,MOV,14.5778,0.15600615,4753 MOV
4753,MOV,15.1667,0.15743197,4753 MOV
4753,MOV,15.7556,0.15885746,4753 MOV
4753,MOV,16.3444,0.16028219,4753 MOV
4753,MOV,16.9333,0.1617065,4753 MOV
4753,MOV,17.5222,0.16312998,4753 MOV
4753,MOV,18.1111,0.1645525,4753 MOV
4753,MOV,18.7,0.16597393,4753 MOV
4753,MOV,19.5222,0.16795643,4753 MOV
4753,MOV,20.3444,0.16993625,4753 MOV
4753,MOV,21.1667,0.17191337,4753 MOV
4753,MOV,21.9889,0.17388705,4753 MOV
4753,MOV,22.8111,0.17585729,4753 MOV
4753,MOV,23.6333,0.17782389,4753 MOV
4753,MOV,24.4556,0.17978687,4753 MOV
4753,MOV,25.2778,0.18174559,4753 MOV
4753,MOV,26.1,0.18370011,4753 MOV
4753,MOV,27.2667,0.18646607,4753 MOV
4753,MOV,28.4333,0.18922262,4753 MOV
4753,MOV,29.6,0.19196989,4753 MOV
4753,MOV,30.7667,0.19470731,4753 MOV
4753,MOV,31.9333,0.19743436,4753 MOV
4753,MOV,33.1,0.20015124,4753 MOV
4753,MOV,34.2667,0.20285748,4753 MOV
4753,MOV,35.4333,0.20555265,4753 MOV
4753,MOV,36.6,0.20823702,4753 MOV
4753,MOV,38.2111,0.21192543,4753 MOV
4753,MOV,39.8222,0.21559209,4753 MOV
4753,MOV,41.4333,0.21923667,4753 MOV
4753,MOV,43.0444,0.22285889,4753 MOV
4753,MOV,44.6556,0.22645874,4753 MOV
4753,MOV,46.2667,0.23003558,4753 MOV
4753,MOV,47.8778,0.23358946,4753 MOV
4753,MOV,49.4889,0.23712026,4753 MOV
4753,MOV,51.1,0.24062788,4753 MOV
4753,MOV,53.3667,0.24552347,4753 MOV
4753,MOV,55.6333,0.2503727,4753 MOV
4753,MOV,57.9,0.25517594,4753 MOV
4753,MOV,60.1667,0.259933,4753 MOV
4753,MOV,62.4333,0.26464376,4753 MOV
4753,MOV,64.7,0.26930876,4753 MOV
4753,MOV,66.9667,0.27392796,4753 MOV
4753,MOV,69.2333,0.27850138,4753 MOV
4753,MOV,71.5,0.28302968,4753 MOV
4753,MOV,74.6667,0.28928058,4753 MOV
4753,MOV,77.8333,0.29544422,4753 MOV
4753,MOV,81.0,0.30152191,4753 MOV
4753,MOV,84.1667,0.30751445,4753 MOV
4753,MOV,87.3333,0.3134227,4753 MOV
4753,MOV,90.5,0.31924812,4753 MOV
4753,MOV,93.6667,0.32499166,4753 MOV
4753,MOV,96.8333,0.33065428,4753 MOV
4753,MOV,100.0,0.33623753,4753 MOV
4754,AUC,0.0,0.08894283,4754 AUC
4754,AUC,0.2778,0.09220985,4754 AUC
4754,AUC,0.5556,0.09546515,4754 AUC
4754,AUC,0.8333,0.09870761,4754 AUC
4754,AUC,1.1111,0.10193962,4754 AUC
4754,AUC,1.3889,0.10516003,4754 AUC
4754,AUC,1.6667,0.10836889,4754 AUC
4754,AUC,1.9444,0.1115651,4754 AUC
4754,AUC,2.2222,0.11475099,4754 AUC
4754,AUC,2.5,0.11792546,4754 AUC
4754,AUC,2.6111,0.11919183,4754 AUC
4754,AUC,2.7222,0.12045638,4754 AUC
4754,AUC,2.8333,0.12171912,4754 AUC
4754,AUC,2.9444,0.12298004,4754 AUC
4754,AUC,3.0556,0.12424029,4754 AUC
4754,AUC,3.1667,0.12549759,4754 AUC
4754,AUC,3.2778,0.12675309,4754 AUC
4754,AUC,3.3889,0.12800679,4754 AUC
4754,AUC,3.5,0.12925869,4754 AUC
4754,AUC,3.6544,0.13099551,4754 AUC
4754,AUC,3.8089,0.13273,4754 AUC
4754,AUC,3.9633,0.1344599,4754 AUC
4754,AUC,4.1178,0.13618747,4754 AUC
4754,AUC,4.2722,0.13791047,4754 AUC
4754,AUC,4.4267,0.13963115,4754 AUC
4754,AUC,4.5811,0.14134729,4754 AUC
4754,AUC,4.7356,0.14306111,4754 AUC
4754,AUC,4.89,0.14477041,4754 AUC
4754,AUC,5.1067,0.14716365,4754 AUC
4754,AUC,5.3233,0.14954909,4754 AUC
4754,AUC,5.54,0.15192896,4754 AUC
4754,AUC,5.7567,0.15430217,4754 AUC
4754,AUC,5.9733,0.15666765,4754 AUC
4754,AUC,6.19,0.1590276,4754 AUC
4754,AUC,6.4067,0.16138095,4754 AUC
4754,AUC,6.6233,0.16372662,4754 AUC
4754,AUC,6.84,0.16606682,4754 AUC
4754,AUC,7.1422,0.16931942,4754 AUC
4754,AUC,7.4444,0.17255934,4754 AUC
4754,AUC,7.7467,0.17578768,4754 AUC
4754,AUC,8.0489,0.17900237,4754 AUC
4754,AUC,8.3511,0.18220451,4754 AUC
4754,AUC,8.6533,0.18539417,4754 AUC
4754,AUC,8.9556,0.18857244,4754 AUC
4754,AUC,9.2578,0.19173726,4754 AUC
4754,AUC,9.56,0.19488974,4754 AUC
4754,AUC,9.9867,0.19932005,4754 AUC
4754,AUC,10.4133,0.20372494,4754 AUC
4754,AUC,10.84,0.20810663,4754 AUC
4754,AUC,11.2667,0.21246421,4754 AUC
4754,AUC,11.6933,0.21679679,4754 AUC
4754,AUC,12.12,0.22110655,4754 AUC
4754,AUC,12.5467,0.22539259,4754 AUC
4754,AUC,12.9733,0.22965405,4754 AUC
4754,AUC,13.4,0.23389306,4754 AUC
4754,AUC,13.9889,0.23970514,4754 AUC
4754,AUC,14.5778,0.24547313,4754 AUC
4754,AUC,15.1667,0.25119736,4754 AUC
4754,AUC,15.7556,0.25687816,4754 AUC
4754,AUC,16.3444,0.26251491,4754 AUC
4754,AUC,16.9333,0.26810985,4754 AUC
4754,AUC,17.5222,0.27366235,4754 AUC
4754,AUC,18.1111,0.27917272,4754 AUC
4754,AUC,18.7,0.28464129,4754 AUC
4754,AUC,19.5222,0.29220697,4754 AUC
4754,AUC,20.3444,0.29969263,4754 AUC
4754,AUC,21.1667,0.30710002,4754 AUC
4754,AUC,21.9889,0.31442818,4754 AUC
4754,AUC,22.8111,0.32167883,4754 AUC
4754,AUC,23.6333,0.3288528,4754 AUC
4754,AUC,24.4556,0.33595175,4754 AUC
4754,AUC,25.2778,0.34297477,4754 AUC
4754,AUC,26.1,0.34992351,4754 AUC
4754,AUC,27.2667,0.35965782,4754 AUC
4754,AUC,28.4333,0.36924554,4754 AUC
4754,AUC,29.6,0.37869052,4754 AUC
4754,AUC,30.7667,0.38799407,4754 AUC
4754,AUC,31.9333,0.39715752,4754 AUC
4754,AUC,33.1,0.40618454,4754 AUC
4754,AUC,34.2667,0.41507639,4754 AUC
4754,AUC,35.4333,0.42383434,4754 AUC
4754,AUC,36.6,0.4324619,4754 AUC
4754,AUC,38.2111,0.44416375,4754 AUC
4754,AUC,39.8222,0.45562433,4754 AUC
4754,AUC,41.4333,0.46684861,4754 AUC
4754,AUC,43.0444,0.47784145,4754 AUC
4754,AUC,44.6556,0.4886083,4754 AUC
4754,AUC,46.2667,0.4991525,4754 AUC
4754,AUC,47.8778,0.50947928,4754 AUC
4754,AUC,49.4889,0.51959314,4754 AUC
4754,AUC,51.1,0.52949847,4754 AUC
4754,MOV,,,4754 MOV
4755,AUC,,,4755 AUC
4755,MOV,,,4755 MOV
4756,AUC,,,4756 AUC
4756,MOV,,,4756 MOV
4757,AUC,0.0,0.09286186,4757 AUC
4757,AUC,0.2778,0.12787676,4757 AUC
4757,AUC,0.5556,0.14781338,4757 AUC
4757,AUC,0.8333,0.16305624,4757 AUC
4757,AUC,1.1111,0.17568976,4757 AUC
4757,AUC,1.3889,0.18659472,4757 AUC
4757,AUC,1.6667,0.19625028,4757 AUC
4757,AUC,1.9444,0.20494743,4757 AUC
4757,AUC,2.2222,0.2128881,4757 AUC
4757,AUC,2.5,0.22020704,4757 AUC
4757,AUC,2.7778,0.22700585,4757 AUC
4757,AUC,3.0556,0.23336179,4757 AUC
4757,AUC,3.3333,0.23933313,4757 AUC
4757,AUC,3.6111,0.24497236,4757 AUC
4757,AUC,3.8889,0.25031643,4757 AUC
4757,AUC,4.1667,0.25539765,4757 AUC
4757,AUC,4.4444,0.26024136,4757 AUC
4757,AUC,4.7222,0.26487391,4757 AUC
4757,AUC,5.0,0.26931307,4757 AUC
4757,AUC,5.2778,0.27357567,4757 AUC
4757,AUC,5.5556,0.27767635,4757 AUC
4757,AUC,5.8333,0.28162652,4757 AUC
4757,AUC,6.1111,0.28544031,4757 AUC
4757,AUC,6.3889,0.28912625,4757 AUC
4757,AUC,6.6667,0.29269325,4757 AUC
4757,AUC,6.9444,0.29614804,4757 AUC
4757,AUC,7.2222,0.29950025,4757 AUC
4757,AUC,7.5,0.3027551,4757 AUC
4757,AUC,7.7778,0.30591841,4757 AUC
4757,AUC,8.0556,0.30899551,4757 AUC
4757,AUC,8.3333,0.31199018,4757 AUC
4757,AUC,8.6111,0.31490902,4757 AUC
4757,AUC,8.8889,0.317755,4757 AUC
4757,AUC,9.1667,0.32053185,4757 AUC
4757,AUC,9.4444,0.32324207,4757 AUC
4757,AUC,9.7222,0.3258908,4757 AUC
4757,AUC,10.0,0.32848001,4757 AUC
4757,AUC,10.5556,0.33349061,4757 AUC
4757,AUC,11.1111,0.33829277,4757 AUC
4757,AUC,11.6667,0.34290543,4757 AUC
4757,AUC,12.2222,0.347342,4757 AUC
4757,AUC,12.7778,0.35161737,4757 AUC
4757,AUC,13.3333,0.35574181,4757 AUC
4757,AUC,13.8889,0.35972733,4757 AUC
4757,AUC,14.4444,0.3635819,4757 AUC
4757,AUC,15.0,0.3673154,4757 AUC
4757,AUC,15.5556,0.37093477,4757 AUC
4757,AUC,16.1111,0.37444632,4757 AUC
4757,AUC,16.6667,0.37785762,4757 AUC
4757,AUC,17.2222,0.38117319,4757 AUC
4757,AUC,17.7778,0.3843995,4757 AUC
4757,AUC,18.3333,0.3875402,4757 AUC
4757,AUC,18.8889,0.39060086,4757 AUC
4757,AUC,19.4444,0.39358447,4757 AUC
4757,AUC,20.0,0.3964959,4757 AUC
4757,AUC,21.1111,0.4021138,4757 AUC
4757,AUC,22.2222,0.4074797,4757 AUC
4757,AUC,23.3333,0.41261539,4757 AUC
4757,AUC,24.4444,0.41753991,4757 AUC
4757,AUC,25.5556,0.42227041,4757 AUC
4757,AUC,26.6667,0.42682081,4757 AUC
4757,AUC,27.7778,0.43120468,4757 AUC
4757,AUC,28.8889,0.43543376,4757 AUC
4757,AUC,30.0,0.43951854,4757 AUC
4757,AUC,31.1111,0.44346849,4757 AUC
4757,AUC,32.2222,0.44729215,4757 AUC
4757,AUC,33.3333,0.45099727,4757 AUC
4757,AUC,34.4444,0.45459091,4757 AUC
4757,AUC,35.5556,0.45807979,4757 AUC
4757,AUC,36.6667,0.46146919,4757 AUC
4757,AUC,37.7778,0.4647648,4757 AUC
4757,AUC,38.8889,0.4679716,4757 AUC
4757,AUC,40.0,0.47109417,4757 AUC
4757,AUC,41.1111,0.47413673,4757 AUC
4757,AUC,42.2222,0.4771032,4757 AUC
4757,AUC,43.3333,0.47999721,4757 AUC
4757,AUC,44.4444,0.48282213,4757 AUC
4757,AUC,45.5556,0.48558136,4757 AUC
4757,AUC,46.6667,0.48827734,4757 AUC
4757,AUC,47.7778,0.49091304,4757 AUC
4757,AUC,48.8889,0.49349105,4757 AUC
4757,AUC,50.0,0.49601376,4757 AUC
4757,AUC,51.1111,0.49848342,4757 AUC
4757,AUC,52.2222,0.50090216,4757 AUC
4757,AUC,53.3333,0.50327197,4757 AUC
4757,AUC,54.4444,0.50559472,4757 AUC
4757,AUC,55.5556,0.5078724,4757 AUC
4757,AUC,56.6667,0.51010626,4757 AUC
4757,AUC,57.7778,0.51229811,4757 AUC
4757,AUC,58.8889,0.51444942,4757 AUC
4757,AUC,60.0,0.51656163,4757 AUC
4757,AUC,62.2222,0.52067403,4757 AUC
4757,AUC,64.4444,0.52464528,4757 AUC
4757,AUC,66.6667,0.52848456,4757 AUC
4757,AUC,68.8889,0.5321997,4757 AUC
4757,AUC,71.1111,0.53579832,4757 AUC
4757,AUC,73.3333,0.5392872,4757 AUC
4757,AUC,75.5556,0.54267271,4757 AUC
4757,AUC,77.7778,0.54596024,4757 AUC
4757,AUC,80.0,0.5491552,4757 AUC
4757,AUC,82.2222,0.55226241,4757 AUC
4757,AUC,84.4444,0.55528634,4757 AUC
4757,AUC,86.6667,0.55823125,4757 AUC
4757,AUC,88.8889,0.56110073,4757 AUC
4757,AUC,91.1111,0.56389845,4757 AUC
4757,AUC,93.3333,0.56662775,4757 AUC
4757,AUC,95.5556,0.56929184,4757 AUC
4757,AUC,97.7778,0.57189336,4757 AUC
4757,AUC,100.0,0.57443514,4757 AUC
4757,MOV,,,4757 MOV
4758,AUC,,,4758 AUC
4758,MOV,0.0,0.083334,4758 MOV
4758,MOV,0.2778,0.29527997,4758 MOV
4758,MOV,0.5556,0.29533104,4758 MOV
4758,MOV,0.8333,0.2953609,4758 MOV
4758,MOV,1.1111,0.2953821,4758 MOV
4758,MOV,1.3889,0.29539855,4758 MOV
4758,MOV,1.6667,0.29541198,4758 MOV
4758,MOV,1.9444,0.29542334,4758 MOV
4758,MOV,2.2222,0.29543318,4758 MOV
4758,MOV,2.5,0.29544187,4758 MOV
4758,MOV,2.7778,0.29544963,4758 MOV
4758,MOV,3.0556,0.29545666,4758 MOV
4758,MOV,3.3333,0.29546307,4758 MOV
4758,MOV,3.6111,0.29546897,4758 MOV
4758,MOV,3.8889,0.29547443,4758 MOV
4758,MOV,4.1667,0.29547952,4758 MOV
4758,MOV,4.4444,0.29548428,4758 MOV
4758,MOV,4.7222,0.29548875,4758 MOV
4758,MOV,5.0,0.29549296,4758 MOV
4758,MOV,5.2778,0.29549695,4758 MOV
4758,MOV,5.5556,0.29550073,4758 MOV
4758,MOV,5.8333,0.29550432,4758 MOV
4758,MOV,6.1111,0.29550775,4758 MOV
4758,MOV,6.3889,0.29551103,4758 MOV
4758,MOV,6.6667,0.29551417,4758 MOV
4758,MOV,6.9444,0.29551718,4758 MOV
4758,MOV,7.2222,0.29552007,4758 MOV
4758,MOV,7.5,0.29552285,4758 MOV
4758,MOV,7.7778,0.29552554,4758 MOV
4758,MOV,8.0556,0.29552812,4758 MOV
4758,MOV,8.3333,0.29553062,4758 MOV
4758,MOV,8.6111,0.29553304,4758 MOV
4758,MOV,8.8889,0.29553538,4758 MOV
4758,MOV,9.1667,0.29553765,4758 MOV
4758,MOV,9.4444,0.29553985,4758 MOV
4758,MOV,9.7222,0.29554199,4758 MOV
4758,MOV,10.0,0.29554407,4758 MOV
4758,MOV,10.5556,0.29554805,4758 MOV
4758,MOV,11.1111,0.29555183,4758 MOV
4758,MOV,11.6667,0.29555543,4758 MOV
4758,MOV,12.2222,0.29555886,4758 MOV
4758,MOV,12.7778,0.29556214,4758 MOV
4758,MOV,13.3333,0.29556528,4758 MOV
4758,MOV,13.8889,0.29556829,4758 MOV
4758,MOV,14.4444,0.29557118,4758 MOV
4758,MOV,15.0,0.29557397,4758 MOV
4758,MOV,15.5556,0.29557665,4758 MOV
4758,MOV,16.1111,0.29557923,4758 MOV
4758,MOV,16.6667,0.29558174,4758 MOV
4758,MOV,17.2222,0.29558415,4758 MOV
4758,MOV,17.7778,0.29558649,4758 MOV
4758,MOV,18.3333,0.29558876,4758 MOV
4758,MOV,18.8889,0.29559097,4758 MOV
4758,MOV,19.4444,0.2955931,4758 MOV
4758,MOV,20.0,0.29559518,4758 MOV
4758,MOV,21.1111,0.29559917,4758 MOV
4758,MOV,22.2222,0.29560295,4758 MOV
4758,MOV,23.3333,0.29560655,4758 MOV
4758,MOV,24.4444,0.29560998,4758 MOV
4758,MOV,25.5556,0.29561326,4758 MOV
4758,MOV,26.6667,0.2956164,4758 MOV
4758,MOV,27.7778,0.29561941,4758 MOV
4758,MOV,28.8889,0.2956223,4758 MOV
4758,MOV,30.0,0.29562509,4758 MOV
4758,MOV,31.1111,0.29562777,4758 MOV
4758,MOV,32.2222,0.29563036,4758 MOV
4758,MOV,33.3333,0.29563286,4758 MOV
4758,MOV,34.4444,0.29563528,4758 MOV
4758,MOV,35.5556,0.29563762,4758 MOV
4758,MOV,36.6667,0.29563989,4758 MOV
4758,MOV,37.7778,0.29564209,4758 MOV
4758,MOV,38.8889,0.29564423,4758 MOV
4758,MOV,40.0,0.29564631,4758 MOV
4758,MOV,41.1111,0.29564833,4758 MOV
4758,MOV,42.2222,0.2956503,4758 MOV
4758,MOV,43.3333,0.29565221,4758 MOV
4758,MOV,44.4444,0.29565408,4758 MOV
4758,MOV,45.5556,0.2956559,4758 MOV
4758,MOV,46.6667,0.29565768,4758 MOV
4758,MOV,47.7778,0.29565941,4758 MOV
4758,MOV,48.8889,0.29566111,4758 MOV
4758,MOV,50.0,0.29566277,4758 MOV
4758,MOV,51.1111,0.29566439,4758 MOV
4758,MOV,52.2222,0.29566598,4758 MOV
4758,MOV,53.3333,0.29566753,4758 MOV
4758,MOV,54.4444,0.29566905,4758 MOV
4758,MOV,55.5556,0.29567054,4758 MOV
4758,MOV,56.6667,0.295672,4758 MOV
4758,MOV,57.7778,0.29567343,4758 MOV
4758,MOV,58.8889,0.29567484,4758 MOV
4758,MOV,60.0,0.29567622,4758 MOV
4758,MOV,62.2222,0.2956789,4758 MOV
4758,MOV,64.4444,0.29568149,4758 MOV
4758,MOV,66.6667,0.29568399,4758 MOV
4758,MOV,68.8889,0.29568641,4758 MOV
4758,MOV,71.1111,0.29568875,4758 MOV
4758,MOV,73.3333,0.29569102,4758 MOV
4758,MOV,75.5556,0.29569323,4758 MOV
4758,MOV,77.7778,0.29569536,4758 MOV
4758,MOV,80.0,0.29569744,4758 MOV
4758,MOV,82.2222,0.29569946,4758 MOV
4758,MOV,84.4444,0.29570143,4758 MOV
4758,MOV,86.6667,0.29570335,4758 MOV
4758,MOV,88.8889,0.29570522,4758 MOV
4758,MOV,91.1111,0.29570704,4758 MOV
4758,MOV,93.3333,0.29570882,4758 MOV
4758,MOV,95.5556,0.29571055,4758 MOV
4758,MOV,97.7778,0.29571225,4758 MOV
4758,MOV,100.0,0.29571391,4758 MOV
4759,AUC,,,4759 AUC
4759,MOV,,,4759 MOV
4764,AUC,,,4764 AUC
4764,MOV,,,4764 MOV
4765,AUC,,,4765 AUC
4765,MOV,,,4765 MOV
4766,AUC,,,4766 AUC
4766,MOV,,,4766 MOV
4767,AUC,,,4767 AUC
4767,MOV,0.0,0.17996263,4767 MOV
4767,MOV,0.2778,0.22813255,4767 MOV
4767,MOV,0.5556,0.24038048,4767 MOV
4767,MOV,0.8333,0.24857272,4767 MOV
4767,MOV,1.1111,0.25487555,4767 MOV
4767,MOV,1.3889,0.26005246,4767 MOV
4767,MOV,1.6667,0.26447324,4767 MOV
4767,MOV,1.9444,0.26834573,4767 MOV
4767,MOV,2.2222,0.27180351,4767 MOV
4767,MOV,2.5,0.27493283,4767 MOV
4767,MOV,2.6111,0.27610687,4767 MOV
4767,MOV,2.7222,0.27724159,4767 MOV
4767,MOV,2.8333,0.27833979,4767 MOV
4767,MOV,2.9444,0.27940396,4767 MOV
4767,MOV,3.0556,0.28043725,4767 MOV
4767,MOV,3.1667,0.28143982,4767 MOV
4767,MOV,3.2778,0.28241445,4767 MOV
4767,MOV,3.3889,0.28336278,4767 MOV
4767,MOV,3.5,0.28428633,4767 MOV
4767,MOV,3.6544,0.28553123,4767 MOV
4767,MOV,3.8089,0.28673501,4767 MOV
4767,MOV,3.9633,0.28789909,4767 MOV
4767,MOV,4.1178,0.28902763,4767 MOV
4767,MOV,4.2722,0.29012155,4767 MOV
4767,MOV,4.4267,0.29118442,4767 MOV
4767,MOV,4.5811,0.29221682,4767 MOV
4767,MOV,4.7356,0.29322184,4767 MOV
4767,MOV,4.89,0.29419979,4767 MOV
4767,MOV,5.1067,0.29553059,4767 MOV
4767,MOV,5.3233,0.29681533,4767 MOV
4767,MOV,5.54,0.29805844,4767 MOV
4767,MOV,5.7567,0.29926223,4767 MOV
4767,MOV,5.9733,0.30042878,4767 MOV
4767,MOV,6.19,0.30156151,4767 MOV
4767,MOV,6.4067,0.302662,4767 MOV
4767,MOV,6.6233,0.30373169,4767 MOV
4767,MOV,6.84,0.30477332,4767 MOV
4767,MOV,7.1422,0.30618126,4767 MOV
4767,MOV,7.4444,0.30754066,4767 MOV
4767,MOV,7.7467,0.30885545,4767 MOV
4767,MOV,8.0489,0.31012787,4767 MOV
4767,MOV,8.3511,0.31136113,4767 MOV
4767,MOV,8.6533,0.31255777,4767 MOV
4767,MOV,8.9556,0.31372042,4767 MOV
4767,MOV,9.2578,0.31485038,4767 MOV
4767,MOV,9.56,0.31594992,4767 MOV
4767,MOV,9.9867,0.31745393,4767 MOV
4767,MOV,10.4133,0.31890467,4767 MOV
4767,MOV,10.84,0.32030669,4767 MOV
4767,MOV,11.2667,0.32166307,4767 MOV
4767,MOV,11.6933,0.32297658,4767 MOV
4767,MOV,12.12,0.32425062,4767 MOV
4767,MOV,12.5467,0.32548737,4767 MOV
4767,MOV,12.9733,0.32668881,4767 MOV
4767,MOV,13.4,0.32785758,4767 MOV
4767,MOV,13.9889,0.32941992,4767 MOV
4767,MOV,14.5778,0.33092748,4767 MOV
4767,MOV,15.1667,0.33238421,4767 MOV
4767,MOV,15.7556,0.33379363,4767 MOV
4767,MOV,16.3444,0.33515869,4767 MOV
4767,MOV,16.9333,0.3364827,4767 MOV
4767,MOV,17.5222,0.33776799,4767 MOV
4767,MOV,18.1111,0.33901691,4767 MOV
4767,MOV,18.7,0.34023159,4767 MOV
4767,MOV,19.5222,0.34187383,4767 MOV
4767,MOV,20.3444,0.34345782,4767 MOV
4767,MOV,21.1667,0.34498799,4767 MOV
4767,MOV,21.9889,0.34646772,4767 MOV
4767,MOV,22.8111,0.34790059,4767 MOV
4767,MOV,23.6333,0.34928964,4767 MOV
4767,MOV,24.4556,0.35063779,4767 MOV
4767,MOV,25.2778,0.35194719,4767 MOV
4767,MOV,26.1,0.35322029,4767 MOV
4767,MOV,27.2667,0.3549685,4767 MOV
4767,MOV,28.4333,0.35665293,4767 MOV
4767,MOV,29.6,0.35827855,4767 MOV
4767,MOV,30.7667,0.35984944,4767 MOV
4767,MOV,31.9333,0.36136921,4767 MOV
4767,MOV,33.1,0.36284149,4767 MOV
4767,MOV,34.2667,0.3642692,4767 MOV
4767,MOV,35.4333,0.36565498,4767 MOV
4767,MOV,36.6,0.36700156,4767 MOV
4767,MOV,38.2111,0.3688006,4767 MOV
4767,MOV,39.8222,0.37053439,4767 MOV
4767,MOV,41.4333,0.3722077,4767 MOV
4767,MOV,43.0444,0.37382482,4767 MOV
4767,MOV,44.6556,0.37538965,4767 MOV
4767,MOV,46.2667,0.37690545,4767 MOV
4767,MOV,47.8778,0.37837543,4767 MOV
4767,MOV,49.4889,0.37980239,4767 MOV
4767,MOV,51.1,0.38118889,4767 MOV
4767,MOV,53.3667,0.38307553,4767 MOV
4767,MOV,55.6333,0.38489244,4767 MOV
4767,MOV,57.9,0.38664493,4767 MOV
4767,MOV,60.1667,0.38833755,4767 MOV
4767,MOV,62.4333,0.38997434,4767 MOV
4767,MOV,64.7,0.39155915,4767 MOV
4767,MOV,66.9667,0.39309525,4767 MOV
4767,MOV,69.2333,0.3945856,4767 MOV
4767,MOV,71.5,0.39603307,4767 MOV
4767,MOV,74.6667,0.39798805,4767 MOV
4767,MOV,77.8333,0.39987014,4767 MOV
4767,MOV,81.0,0.40168488,4767 MOV
4767,MOV,84.1667,0.40343705,4767 MOV
4767,MOV,87.3333,0.40513091,4767 MOV
4767,MOV,90.5,0.40677047,4767 MOV
4767,MOV,93.6667,0.40835917,4767 MOV
4767,MOV,96.8333,0.40990012,4767 MOV
4767,MOV,100.0,0.41139631,4767 MOV
4768,AUC,0.0,0.10940914,4768 AUC
4768,AUC,0.2778,0.10980881,4768 AUC
4768,AUC,0.5556,0.11031302,4768 AUC
4768,AUC,0.8333,0.11086532,4768 AUC
4768,AUC,1.1111,0.1114514,4768 AUC
4768,AUC,1.3889,0.11206355,4768 AUC
4768,AUC,1.6667,0.11269711,4768 AUC
4768,AUC,1.9444,0.11334865,4768 AUC
4768,AUC,2.2222,0.11401627,4768 AUC
4768,AUC,2.5,0.11469794,4768 AUC
4768,AUC,2.6111,0.11497416,4768 AUC
4768,AUC,2.7222,0.11525231,4768 AUC
4768,AUC,2.8333,0.11553232,4768 AUC
4768,AUC,2.9444,0.11581413,4768 AUC
4768,AUC,3.0556,0.11609792,4768 AUC
4768,AUC,3.1667,0.11638313,4768 AUC
4768,AUC,3.2778,0.11666995,4768 AUC
4768,AUC,3.3889,0.11695833,4768 AUC
4768,AUC,3.5,0.11724823,4768 AUC
4768,AUC,3.6544,0.11765354,4768 AUC
4768,AUC,3.8089,0.11806183,4768 AUC
4768,AUC,3.9633,0.11847246,4768 AUC
4768,AUC,4.1178,0.11888588,4768 AUC
4768,AUC,4.2722,0.11930144,4768 AUC
4768,AUC,4.4267,0.11971961,4768 AUC
4768,AUC,4.5811,0.12013976,4768 AUC
4768,AUC,4.7356,0.12056235,4768 AUC
4768,AUC,4.89,0.12098677,4768 AUC
4768,AUC,5.1067,0.12158585,4768 AUC
4768,AUC,5.3233,0.12218848,4768 AUC
4768,AUC,5.54,0.12279505,4768 AUC
4768,AUC,5.7567,0.12340513,4768 AUC
4768,AUC,5.9733,0.12401831,4768 AUC
4768,AUC,6.19,0.124635,4768 AUC
4768,AUC,6.4067,0.12525481,4768 AUC
4768,AUC,6.6233,0.12587734,4768 AUC
4768,AUC,6.84,0.12650304,4768 AUC
4768,AUC,7.1422,0.12738025,4768 AUC
4768,AUC,7.4444,0.12826262,4768 AUC
4768,AUC,7.7467,0.1291502,4768 AUC
4768,AUC,8.0489,0.13004219,4768 AUC
4768,AUC,8.3511,0.13093867,4768 AUC
4768,AUC,8.6533,0.13183943,4768 AUC
4768,AUC,8.9556,0.1327446,4768 AUC
4768,AUC,9.2578,0.1336534,4768 AUC
4768,AUC,9.56,0.13456598,4768 AUC
4768,AUC,9.9867,0.13586064,4768 AUC
4768,AUC,10.4133,0.13716181,4768 AUC
4768,AUC,10.84,0.13846972,4768 AUC
4768,AUC,11.2667,0.13978371,4768 AUC
4768,AUC,11.6933,0.14110317,4768 AUC
4768,AUC,12.12,0.14242839,4768 AUC
4768,AUC,12.5467,0.1437588,4768 AUC
4768,AUC,12.9733,0.14509382,4768 AUC
4768,AUC,13.4,0.14643381,4768 AUC
4768,AUC,13.9889,0.1482904,4768 AUC
4768,AUC,14.5778,0.15015485,4768 AUC
4768,AUC,15.1667,0.15202664,4768 AUC
4768,AUC,15.7556,0.15390526,4768 AUC
4768,AUC,16.3444,0.15578992,4768 AUC
4768,AUC,16.9333,0.15768084,4768 AUC
4768,AUC,17.5222,0.15957729,4768 AUC
4768,AUC,18.1111,0.16147889,4768 AUC
4768,AUC,18.7,0.16338528,4768 AUC
4768,AUC,19.5222,0.16605428,4768 AUC
4768,AUC,20.3444,0.1687311,4768 AUC
4768,AUC,21.1667,0.17141529,4768 AUC
4768,AUC,21.9889,0.17410544,4768 AUC
4768,AUC,22.8111,0.1768012,4768 AUC
4768,AUC,23.6333,0.17950193,4768 AUC
4768,AUC,24.4556,0.18220737,4768 AUC
4768,AUC,25.2778,0.18491629,4768 AUC
4768,AUC,26.1,0.1876285,4768 AUC
4768,AUC,27.2667,0.19148181,4768 AUC
4768,AUC,28.4333,0.19533911,4768 AUC
4768,AUC,29.6,0.19919987,4768 AUC
4768,AUC,30.7667,0.20306263,4768 AUC
4768,AUC,31.9333,0.20692604,4768 AUC
4768,AUC,33.1,0.2107898,4768 AUC
4768,AUC,34.2667,0.21465268,4768 AUC
4768,AUC,35.4333,0.21851354,4768 AUC
4768,AUC,36.6,0.22237226,4768 AUC
4768,AUC,38.2111,0.2276954,4768 AUC
4768,AUC,39.8222,0.23301069,4768 AUC
4768,AUC,41.4333,0.23831655,4768 AUC
4768,AUC,43.0444,0.2436115,4768 AUC
4768,AUC,44.6556,0.24889451,4768 AUC
4768,AUC,46.2667,0.25416368,4768 AUC
4768,AUC,47.8778,0.2594182,4768 AUC
4768,AUC,49.4889,0.26465702,4768 AUC
4768,AUC,51.1,0.26987915,4768 AUC
4768,AUC,53.3667,0.27719634,4768 AUC
4768,AUC,55.6333,0.28447613,4768 AUC
4768,AUC,57.9,0.29171711,4768 AUC
4768,AUC,60.1667,0.29891711,4768 AUC
4768,AUC,62.4333,0.30607417,4768 AUC
4768,AUC,64.7,0.31318742,4768 AUC
4768,AUC,66.9667,0.32025522,4768 AUC
4768,AUC,69.2333,0.32727607,4768 AUC
4768,AUC,71.5,0.3342495,4768 AUC
4768,AUC,74.6667,0.34391006,4768 AUC
4768,AUC,77.8333,0.35347303,4768 AUC
4768,AUC,81.0,0.36293708,4768 AUC
4768,AUC,84.1667,0.37230027,4768 AUC
4768,AUC,87.3333,0.38156096,4768 AUC
4768,AUC,90.5,0.39071861,4768 AUC
4768,AUC,93.6667,0.39977203,4768 AUC
4768,AUC,96.8333,0.40872024,4768 AUC
4768,AUC,100.0,0.41756326,4768 AUC
4768,MOV,,,4768 MOV
4769,AUC,0.0,0.07867247,4769 AUC
4769,AUC,0.2778,0.07867247,4769 AUC
4769,AUC,0.5556,0.07867247,4769 AUC
4769,AUC,0.8333,0.07867247,4769 AUC
4769,AUC,1.1111,0.07867247,4769 AUC
4769,AUC,1.3889,0.07867247,4769 AUC
4769,AUC,1.6667,0.07867247,4769 AUC
4769,AUC,1.9444,0.07867247,4769 AUC
4769,AUC,2.2222,0.07867247,4769 AUC
4769,AUC,2.5,0.07867247,4769 AUC
4769,AUC,2.5694,0.07867247,4769 AUC
4769,AUC,2.6389,0.07867247,4769 AUC
4769,AUC,2.7083,0.07867247,4769 AUC
4769,AUC,2.7778,0.07867247,4769 AUC
4769,AUC,2.8472,0.07867247,4769 AUC
4769,AUC,2.9167,0.07867247,4769 AUC
4769,AUC,2.9861,0.07867247,4769 AUC
4769,AUC,3.0556,0.07867247,4769 AUC
4769,AUC,3.125,0.07867247,4769 AUC
4769,AUC,3.1667,0.07867247,4769 AUC
4769,AUC,3.2083,0.07867247,4769 AUC
4769,AUC,3.25,0.07867247,4769 AUC
4769,AUC,3.2917,0.07867247,4769 AUC
4769,AUC,3.3333,0.07867247,4769 AUC
4769,AUC,3.375,0.07867247,4769 AUC
4769,AUC,3.4167,0.07867247,4769 AUC
4769,AUC,3.4583,0.07867247,4769 AUC
4769,AUC,3.5,0.07867247,4769 AUC
4769,AUC,3.6544,0.07867247,4769 AUC
4769,AUC,3.8089,0.07867247,4769 AUC
4769,AUC,3.9633,0.07867247,4769 AUC
4769,AUC,4.1178,0.07867247,4769 AUC
4769,AUC,4.2722,0.07867247,4769 AUC
4769,AUC,4.4267,0.07867247,4769 AUC
4769,AUC,4.5811,0.07867247,4769 AUC
4769,AUC,4.7356,0.07867247,4769 AUC
4769,AUC,4.89,0.07867247,4769 AUC
4769,AUC,5.0411,0.07867247,4769 AUC
4769,AUC,5.1922,0.07867247,4769 AUC
4769,AUC,5.3433,0.07867247,4769 AUC
4769,AUC,5.4944,0.07867247,4769 AUC
4769,AUC,5.6456,0.07867247,4769 AUC
4769,AUC,5.7967,0.07867247,4769 AUC
4769,AUC,5.9478,0.07867247,4769 AUC
4769,AUC,6.0989,0.07867247,4769 AUC
4769,AUC,6.25,0.07867247,4769 AUC
4769,AUC,6.3156,0.07867247,4769 AUC
4769,AUC,6.3811,0.07867247,4769 AUC
4769,AUC,6.4467,0.07867247,4769 AUC
4769,AUC,6.5122,0.07867247,4769 AUC
4769,AUC,6.5778,0.07867247,4769 AUC
4769,AUC,6.6433,0.07867247,4769 AUC
4769,AUC,6.7089,0.07867247,4769 AUC
4769,AUC,6.7744,0.07867247,4769 AUC
4769,AUC,6.84,0.07867247,4769 AUC
4769,AUC,7.1422,0.07867247,4769 AUC
4769,AUC,7.4444,0.07867247,4769 AUC
4769,AUC,7.7467,0.07867247,4769 AUC
4769,AUC,8.0489,0.07867247,4769 AUC
4769,AUC,8.3511,0.07867247,4769 AUC
4769,AUC,8.6533,0.07867247,4769 AUC
4769,AUC,8.9556,0.07867247,4769 AUC
4769,AUC,9.2578,0.07867247,4769 AUC
4769,AUC,9.56,0.07867247,4769 AUC
4769,AUC,9.8867,0.07867247,4769 AUC
4769,AUC,10.2133,0.07867247,4769 AUC
4769,AUC,10.54,0.07867247,4769 AUC
4769,AUC,10.8667,0.07867247,4769 AUC
4769,AUC,11.1933,0.07867247,4769 AUC
4769,AUC,11.52,0.07867247,4769 AUC
4769,AUC,11.8467,0.07867247,4769 AUC
4769,AUC,12.1733,0.07867247,4769 AUC
4769,AUC,12.5,0.07867247,4769 AUC
4769,AUC,12.6,0.07867247,4769 AUC
4769,AUC,12.7,0.07867247,4769 AUC
4769,AUC,12.8,0.07867247,4769 AUC
4769,AUC,12.9,0.07867247,4769 AUC
4769,AUC,13.0,0.07867247,4769 AUC
4769,AUC,13.1,0.07867247,4769 AUC
4769,AUC,13.2,0.07867247,4769 AUC
4769,AUC,13.3,0.07867247,4769 AUC
4769,AUC,13.4,0.07867247,4769 AUC
4769,AUC,13.9889,0.07867247,4769 AUC
4769,AUC,14.5778,0.07867247,4769 AUC
4769,AUC,15.1667,0.07867247,4769 AUC
4769,AUC,15.7556,0.07867247,4769 AUC
4769,AUC,16.3444,0.07867247,4769 AUC
4769,AUC,16.9333,0.07867247,4769 AUC
4769,AUC,17.5222,0.07867247,4769 AUC
4769,AUC,18.1111,0.07867247,4769 AUC
4769,AUC,18.7,0.07867247,4769 AUC
4769,AUC,19.5222,0.07867247,4769 AUC
4769,AUC,20.3444,0.07867247,4769 AUC
4769,AUC,21.1667,0.07867247,4769 AUC
4769,AUC,21.9889,0.07867247,4769 AUC
4769,AUC,22.8111,0.07867248,4769 AUC
4769,AUC,23.6333,0.07867248,4769 AUC
4769,AUC,24.4556,0.07867249,4769 AUC
4769,AUC,25.2778,0.07867251,4769 AUC
4769,AUC,26.1,0.07867254,4769 AUC
4769,AUC,27.2667,0.0786726,4769 AUC
4769,AUC,28.4333,0.0786727,4769 AUC
4769,AUC,29.6,0.07867288,4769 AUC
4769,AUC,30.7667,0.07867318,4769 AUC
4769,AUC,31.9333,0.07867366,4769 AUC
4769,AUC,33.1,0.07867442,4769 AUC
4769,AUC,34.2667,0.0786756,4769 AUC
4769,AUC,35.4333,0.07867737,4769 AUC
4769,AUC,36.6,0.07868001,4769 AUC
4769,AUC,38.2111,0.07868573,4769 AUC
4769,AUC,39.8222,0.07869505,4769 AUC
4769,AUC,41.4333,0.07870981,4769 AUC
4769,AUC,43.0444,0.07873257,4769 AUC
4769,AUC,44.6556,0.07876682,4769 AUC
4769,AUC,46.2667,0.0788172,4769 AUC
4769,AUC,47.8778,0.07888971,4769 AUC
4769,AUC,49.4889,0.07899207,4769 AUC
4769,AUC,51.1,0.07913386,4769 AUC
4769,AUC,53.3667,0.07942334,4769 AUC
4769,AUC,55.6333,0.07985594,4769 AUC
4769,AUC,57.9,0.08048382,4769 AUC
4769,AUC,60.1667,0.08137083,4769 AUC
4769,AUC,62.4333,0.08259291,4769 AUC
4769,AUC,64.7,0.0842382,4769 AUC
4769,AUC,66.9667,0.08640596,4769 AUC
4769,AUC,69.2333,0.08920508,4769 AUC
4769,AUC,71.5,0.09275248,4769 AUC
4769,AUC,74.6667,0.09919187,4769 AUC
4769,AUC,77.8333,0.10766258,4769 AUC
4769,AUC,81.0,0.11848506,4769 AUC
4769,AUC,84.1667,0.13194407,4769 AUC
4769,AUC,87.3333,0.14826909,4769 AUC
4769,AUC,90.5,0.16761876,4769 AUC
4769,AUC,93.6667,0.19006446,4769 AUC
4769,AUC,96.8333,0.2155833,4769 AUC
4769,AUC,100.0,0.24405853,4769 AUC
4769,MOV,,,4769 MOV
4770,AUC,0.0,0.03690396,4770 AUC
4770,AUC,0.2778,0.05895392,4770 AUC
4770,AUC,0.5556,0.06509924,4770 AUC
4770,AUC,0.8333,0.06945859,4770 AUC
4770,AUC,1.1111,0.07295595,4770 AUC
4770,AUC,1.3889,0.07592533,4770 AUC
4770,AUC,1.6667,0.07853207,4770 AUC
4770,AUC,1.9444,0.08087058,4770 AUC
4770,AUC,2.2222,0.08300301,4770 AUC
4770,AUC,2.5,0.08496958,4770 AUC
4770,AUC,2.5694,0.0854386,4770 AUC
4770,AUC,2.6389,0.08590018,4770 AUC
4770,AUC,2.7083,0.08635333,4770 AUC
4770,AUC,2.7778,0.08679968,4770 AUC
4770,AUC,2.8472,0.08723825,4770 AUC
4770,AUC,2.9167,0.08767059,4770 AUC
4770,AUC,2.9861,0.08809572,4770 AUC
4770,AUC,3.0556,0.08851513,4770 AUC
4770,AUC,3.125,0.08892782,4770 AUC
4770,AUC,3.1667,0.08917296,4770 AUC
4770,AUC,3.2083,0.08941544,4770 AUC
4770,AUC,3.25,0.08965648,4770 AUC
4770,AUC,3.2917,0.08989552,4770 AUC
4770,AUC,3.3333,0.09013206,4770 AUC
4770,AUC,3.375,0.09036726,4770 AUC
4770,AUC,3.4167,0.09060058,4770 AUC
4770,AUC,3.4583,0.09083153,4770 AUC
4770,AUC,3.5,0.09106124,4770 AUC
4770,AUC,3.6544,0.0918967,4770 AUC
4770,AUC,3.8089,0.0927102,4770 AUC
4770,AUC,3.9633,0.09350216,4770 AUC
4770,AUC,4.1178,0.09427493,4770 AUC
4770,AUC,4.2722,0.09502873,4770 AUC
4770,AUC,4.4267,0.0957656,4770 AUC
4770,AUC,4.5811,0.0964856,4770 AUC
4770,AUC,4.7356,0.09719054,4770 AUC
4770,AUC,4.89,0.09788035,4770 AUC
4770,AUC,5.0411,0.09854193,4770 AUC
4770,AUC,5.1922,0.09919082,4770 AUC
4770,AUC,5.3433,0.09982764,4770 AUC
4770,AUC,5.4944,0.10045293,4770 AUC
4770,AUC,5.6456,0.10106762,4770 AUC
4770,AUC,5.7967,0.10167137,4770 AUC
4770,AUC,5.9478,0.10226505,4770 AUC
4770,AUC,6.0989,0.10284906,4770 AUC
4770,AUC,6.25,0.10342381,4770 AUC
4770,AUC,6.3156,0.10367054,4770 AUC
4770,AUC,6.3811,0.10391525,4770 AUC
4770,AUC,6.4467,0.10415872,4770 AUC
4770,AUC,6.5122,0.10440022,4770 AUC
4770,AUC,6.5778,0.10464053,4770 AUC
4770,AUC,6.6433,0.10487892,4770 AUC
4770,AUC,6.7089,0.10511617,4770 AUC
4770,AUC,6.7744,0.10535157,4770 AUC
4770,AUC,6.84,0.10558585,4770 AUC
4770,AUC,7.1422,0.1066468,4770 AUC
4770,AUC,7.4444,0.10767915,4770 AUC
4770,AUC,7.7467,0.1086851,4770 AUC
4770,AUC,8.0489,0.10966569,4770 AUC
4770,AUC,8.3511,0.11062278,4770 AUC
4770,AUC,8.6533,0.11155776,4770 AUC
4770,AUC,8.9556,0.11247217,4770 AUC
4770,AUC,9.2578,0.11336657,4770 AUC
4770,AUC,9.56,0.11424231,4770 AUC
4770,AUC,9.8867,0.11516916,4770 AUC
4770,AUC,10.2133,0.11607615,4770 AUC
4770,AUC,10.54,0.11696487,4770 AUC
4770,AUC,10.8667,0.11783596,4770 AUC
4770,AUC,11.1933,0.11869004,4770 AUC
4770,AUC,11.52,0.11952842,4770 AUC
4770,AUC,11.8467,0.12035158,4770 AUC
4770,AUC,12.1733,0.12115996,4770 AUC
4770,AUC,12.5,0.12195468,4770 AUC
4770,AUC,12.6,0.12219525,4770 AUC
4770,AUC,12.7,0.12243459,4770 AUC
4770,AUC,12.8,0.12267272,4770 AUC
4770,AUC,12.9,0.12290965,4770 AUC
4770,AUC,13.0,0.12314539,4770 AUC
4770,AUC,13.1,0.12337997,4770 AUC
4770,AUC,13.2,0.12361339,4770 AUC
4770,AUC,13.3,0.12384567,4770 AUC
4770,AUC,13.4,0.12407682,4770 AUC
4770,AUC,13.9889,0.12541598,4770 AUC
4770,AUC,14.5778,0.12671918,4770 AUC
4770,AUC,15.1667,0.12798879,4770 AUC
4770,AUC,15.7556,0.12922693,4770 AUC
4770,AUC,16.3444,0.13043531,4770 AUC
4770,AUC,16.9333,0.13161607,4770 AUC
4770,AUC,17.5222,0.13277057,4770 AUC
4770,AUC,18.1111,0.13390026,4770 AUC
4770,AUC,18.7,0.13500645,4770 AUC
4770,AUC,19.4,0.13629241,4770 AUC
4770,AUC,20.1,0.13754871,4770 AUC
4770,AUC,20.8,0.13877703,4770 AUC
4770,AUC,21.5,0.13997891,4770 AUC
4770,AUC,22.2,0.14115574,4770 AUC
4770,AUC,22.9,0.14230881,4770 AUC
4770,AUC,23.6,0.14343931,4770 AUC
4770,AUC,24.3,0.14454832,4770 AUC
4770,AUC,25.0,0.14563686,4770 AUC
4770,AUC,25.1222,0.14582486,4770 AUC
4770,AUC,25.2444,0.14601226,4770 AUC
4770,AUC,25.3667,0.14619924,4770 AUC
4770,AUC,25.4889,0.14638548,4770 AUC
4770,AUC,25.6111,0.14657114,4770 AUC
4770,AUC,25.7333,0.14675623,4770 AUC
4770,AUC,25.8556,0.14694091,4770 AUC
4770,AUC,25.9778,0.14712487,4770 AUC
4770,AUC,26.1,0.14730827,4770 AUC
4770,AUC,27.2667,0.14903195,4770 AUC
4770,AUC,28.4333,0.15070841,4770 AUC
4770,AUC,29.6,0.15234106,4770 AUC
4770,AUC,30.7667,0.15393259,4770 AUC
4770,AUC,31.9333,0.15548538,4770 AUC
4770,AUC,33.1,0.15700201,4770 AUC
4770,AUC,34.2667,0.15848441,4770 AUC
4770,AUC,35.4333,0.15993436,4770 AUC
4770,AUC,36.6,0.16135384,4770 AUC
4770,AUC,38.0889,0.1631234,4770 AUC
4770,AUC,39.5778,0.1648487,4770 AUC
4770,AUC,41.0667,0.16653246,4770 AUC
4770,AUC,42.5556,0.16817712,4770 AUC
4770,AUC,44.0444,0.16978479,4770 AUC
4770,AUC,45.5333,0.17135773,4770 AUC
4770,AUC,47.0222,0.17289768,4770 AUC
4770,AUC,48.5111,0.17440634,4770 AUC
4770,AUC,50.0,0.17588527,4770 AUC
4770,AUC,50.1222,0.17600537,4770 AUC
4770,AUC,50.2444,0.17612529,4770 AUC
4770,AUC,50.3667,0.17624512,4770 AUC
4770,AUC,50.4889,0.17636466,4770 AUC
4770,AUC,50.6111,0.17648401,4770 AUC
4770,AUC,50.7333,0.17660317,4770 AUC
4770,AUC,50.8556,0.17672225,4770 AUC
4770,AUC,50.9778,0.17684104,4770 AUC
4770,AUC,51.1,0.17695965,4770 AUC
4770,AUC,53.3667,0.17912718,4770 AUC
4770,AUC,55.6333,0.18123568,4770 AUC
4770,AUC,57.9,0.18328926,4770 AUC
4770,AUC,60.1667,0.18529132,4770 AUC
4770,AUC,62.4333,0.18724491,4770 AUC
4770,AUC,64.7,0.18915307,4770 AUC
4770,AUC,66.9667,0.1910183,4770 AUC
4770,AUC,69.2333,0.19284289,4770 AUC
4770,AUC,71.5,0.19462915,4770 AUC
4770,AUC,74.6667,0.19706408,4770 AUC
4770,AUC,77.8333,0.1994327,4770 AUC
4770,AUC,81.0,0.20173955,4770 AUC
4770,AUC,84.1667,0.20398847,4770 AUC
4770,AUC,87.3333,0.20618293,4770 AUC
4770,AUC,90.5,0.20832627,4770 AUC
4770,AUC,93.6667,0.21042134,4770 AUC
4770,AUC,96.8333,0.21247072,4770 AUC
4770,AUC,100.0,0.21447696,4770 AUC
4770,MOV,,,4770 MOV
4771,AUC,,,4771 AUC
4771,MOV,,,4771 MOV
4772,AUC,,,4772 AUC
4772,MOV,,,4772 MOV
4773,AUC,0.0,0.05798011,4773 AUC
4773,AUC,0.2778,0.05860716,4773 AUC
4773,AUC,0.5556,0.0592338,4773 AUC
4773,AUC,0.8333,0.0598598,4773 AUC
4773,AUC,1.1111,0.06048561,4773 AUC
4773,AUC,1.3889,0.06111099,4773 AUC
4773,AUC,1.6667,0.06173597,4773 AUC
4773,AUC,1.9444,0.0623603,4773 AUC
4773,AUC,2.2222,0.06298444,4773 AUC
4773,AUC,2.5,0.06360817,4773 AUC
4773,AUC,2.5694,0.06376392,4773 AUC
4773,AUC,2.6389,0.06391987,4773 AUC
4773,AUC,2.7083,0.06407558,4773 AUC
4773,AUC,2.7778,0.06423148,4773 AUC
4773,AUC,2.8472,0.06438713,4773 AUC
4773,AUC,2.9167,0.06454298,4773 AUC
4773,AUC,2.9861,0.06469858,4773 AUC
4773,AUC,3.0556,0.06485437,4773 AUC
4773,AUC,3.125,0.06500992,4773 AUC
4773,AUC,3.1667,0.06510337,4773 AUC
4773,AUC,3.2083,0.06519659,4773 AUC
4773,AUC,3.25,0.06529002,4773 AUC
4773,AUC,3.2917,0.06538344,4773 AUC
4773,AUC,3.3333,0.06547663,4773 AUC
4773,AUC,3.375,0.06557003,4773 AUC
4773,AUC,3.4167,0.06566343,4773 AUC
4773,AUC,3.4583,0.06575659,4773 AUC
4773,AUC,3.5,0.06584996,4773 AUC
4773,AUC,3.6544,0.06619562,4773 AUC
4773,AUC,3.8089,0.06654137,4773 AUC
4773,AUC,3.9633,0.06688677,4773 AUC
4773,AUC,4.1178,0.06723226,4773 AUC
4773,AUC,4.2722,0.06757741,4773 AUC
4773,AUC,4.4267,0.06792265,4773 AUC
4773,AUC,4.5811,0.06826753,4773 AUC
4773,AUC,4.7356,0.06861252,4773 AUC
4773,AUC,4.89,0.06895715,4773 AUC
4773,AUC,5.0411,0.06929429,4773 AUC
4773,AUC,5.1922,0.06963131,4773 AUC
4773,AUC,5.3433,0.06996821,4773 AUC
4773,AUC,5.4944,0.07030499,4773 AUC
4773,AUC,5.6456,0.07064187,4773 AUC
4773,AUC,5.7967,0.0709784,4773 AUC
4773,AUC,5.9478,0.07131481,4773 AUC
4773,AUC,6.0989,0.0716511,4773 AUC
4773,AUC,6.25,0.07198727,4773 AUC
4773,AUC,6.3156,0.07213318,4773 AUC
4773,AUC,6.3811,0.07227884,4773 AUC
4773,AUC,6.4467,0.07242471,4773 AUC
4773,AUC,6.5122,0.07257033,4773 AUC
4773,AUC,6.5778,0.07271614,4773 AUC
4773,AUC,6.6433,0.07286172,4773 AUC
4773,AUC,6.7089,0.07300749,4773 AUC
4773,AUC,6.7744,0.07315301,4773 AUC
4773,AUC,6.84,0.07329874,4773 AUC
4773,AUC,7.1422,0.07396976,4773 AUC
4773,AUC,7.4444,0.0746403,4773 AUC
4773,AUC,7.7467,0.07531057,4773 AUC
4773,AUC,8.0489,0.07598013,4773 AUC
4773,AUC,8.3511,0.07664921,4773 AUC
4773,AUC,8.6533,0.07731781,4773 AUC
4773,AUC,8.9556,0.07798614,4773 AUC
4773,AUC,9.2578,0.07865377,4773 AUC
4773,AUC,9.56,0.07932091,4773 AUC
4773,AUC,9.8867,0.0800416,4773 AUC
4773,AUC,10.2133,0.0807615,4773 AUC
4773,AUC,10.54,0.08148106,4773 AUC
4773,AUC,10.8667,0.08220005,4773 AUC
4773,AUC,11.1933,0.08291827,4773 AUC
4773,AUC,11.52,0.08363614,4773 AUC
4773,AUC,11.8467,0.08435345,4773 AUC
4773,AUC,12.1733,0.08506997,4773 AUC
4773,AUC,12.5,0.08578616,4773 AUC
4773,AUC,12.6,0.08600527,4773 AUC
4773,AUC,12.7,0.08622432,4773 AUC
4773,AUC,12.8,0.08644332,4773 AUC
4773,AUC,12.9,0.08666227,4773 AUC
4773,AUC,13.0,0.08688117,4773 AUC
4773,AUC,13.1,0.08710001,4773 AUC
4773,AUC,13.2,0.0873188,4773 AUC
4773,AUC,13.3,0.08753754,4773 AUC
4773,AUC,13.4,0.08775623,4773 AUC
4773,AUC,13.9889,0.08904301,4773 AUC
4773,AUC,14.5778,0.09032798,4773 AUC
4773,AUC,15.1667,0.09161113,4773 AUC
4773,AUC,15.7556,0.09289248,4773 AUC
4773,AUC,16.3444,0.0941718,4773 AUC
4773,AUC,16.9333,0.09544953,4773 AUC
4773,AUC,17.5222,0.09672546,4773 AUC
4773,AUC,18.1111,0.09799959,4773 AUC
4773,AUC,18.7,0.09927192,4773 AUC
4773,AUC,19.4,0.10078196,4773 AUC
4773,AUC,20.1,0.10228946,4773 AUC
4773,AUC,20.8,0.10379443,4773 AUC
4773,AUC,21.5,0.10529689,4773 AUC
4773,AUC,22.2,0.10679682,4773 AUC
4773,AUC,22.9,0.10829424,4773 AUC
4773,AUC,23.6,0.10978915,4773 AUC
4773,AUC,24.3,0.11128155,4773 AUC
4773,AUC,25.0,0.11277145,4773 AUC
4773,AUC,25.1222,0.11303129,4773 AUC
4773,AUC,25.2444,0.11329105,4773 AUC
4773,AUC,25.3667,0.11355095,4773 AUC
4773,AUC,25.4889,0.11381055,4773 AUC
4773,AUC,25.6111,0.11407009,4773 AUC
4773,AUC,25.7333,0.11432955,4773 AUC
4773,AUC,25.8556,0.11458914,4773 AUC
4773,AUC,25.9778,0.11484844,4773 AUC
4773,AUC,26.1,0.11510767,4773 AUC
4773,AUC,27.2667,0.11757884,4773 AUC
4773,AUC,28.4333,0.12004289,4773 AUC
4773,AUC,29.6,0.12250027,4773 AUC
4773,AUC,30.7667,0.12495079,4773 AUC
4773,AUC,31.9333,0.12739426,4773 AUC
4773,AUC,33.1,0.12983111,4773 AUC
4773,AUC,34.2667,0.13226116,4773 AUC
4773,AUC,35.4333,0.13468422,4773 AUC
4773,AUC,36.6,0.13710071,4773 AUC
4773,AUC,38.0889,0.14017475,4773 AUC
4773,AUC,39.5778,0.14323785,4773 AUC
4773,AUC,41.0667,0.14629003,4773 AUC
4773,AUC,42.5556,0.14933133,4773 AUC
4773,AUC,44.0444,0.1523616,4773 AUC
4773,AUC,45.5333,0.15538128,4773 AUC
4773,AUC,47.0222,0.1583902,4773 AUC
4773,AUC,48.5111,0.1613884,4773 AUC
4773,AUC,50.0,0.16437592,4773 AUC
4773,AUC,50.1222,0.16462065,4773 AUC
4773,AUC,50.2444,0.1648653,4773 AUC
4773,AUC,50.3667,0.16511008,4773 AUC
4773,AUC,50.4889,0.16535459,4773 AUC
4773,AUC,50.6111,0.16559903,4773 AUC
4773,AUC,50.7333,0.1658434,4773 AUC
4773,AUC,50.8556,0.16608789,4773 AUC
4773,AUC,50.9778,0.16633211,4773 AUC
4773,AUC,51.1,0.16657627,4773 AUC
4773,AUC,53.3667,0.17109212,4773 AUC
4773,AUC,55.6333,0.1755833,4773 AUC
4773,AUC,57.9,0.18005035,4773 AUC
4773,AUC,60.1667,0.1844932,4773 AUC
4773,AUC,62.4333,0.18891177,4773 AUC
4773,AUC,64.7,0.1933066,4773 AUC
4773,AUC,66.9667,0.19767762,4773 AUC
4773,AUC,69.2333,0.20202476,4773 AUC
4773,AUC,71.5,0.20634854,4773 AUC
4773,AUC,74.6667,0.21234989,4773 AUC
4773,AUC,77.8333,0.21830566,4773 AUC
4773,AUC,81.0,0.22421659,4773 AUC
4773,AUC,84.1667,0.23008283,4773 AUC
4773,AUC,87.3333,0.23590452,4773 AUC
4773,AUC,90.5,0.24168237,4773 AUC
4773,AUC,93.6667,0.24741654,4773 AUC
4773,AUC,96.8333,0.25310716,4773 AUC
4773,AUC,100.0,0.25875493,4773 AUC
4773,MOV,,,4773 MOV
4774,AUC,,,4774 AUC
4774,MOV,0.0,0.28690741,4774 MOV
4774,MOV,0.2778,0.28713339,4774 MOV
4774,MOV,0.5556,0.28735929,4774 MOV
4774,MOV,0.8333,0.28758504,4774 MOV
4774,MOV,1.1111,0.2878108,4774 MOV
4774,MOV,1.3889,0.28803649,4774 MOV
4774,MOV,1.6667,0.28826211,4774 MOV
4774,MOV,1.9444,0.28848757,4774 MOV
4774,MOV,2.2222,0.28871304,4774 MOV
4774,MOV,2.5,0.28893845,4774 MOV
4774,MOV,2.6111,0.28902857,4774 MOV
4774,MOV,2.7222,0.28911868,4774 MOV
4774,MOV,2.8333,0.28920879,4774 MOV
4774,MOV,2.9444,0.28929888,4774 MOV
4774,MOV,3.0556,0.28938904,4774 MOV
4774,MOV,3.1667,0.28947911,4774 MOV
4774,MOV,3.2778,0.28956916,4774 MOV
4774,MOV,3.3889,0.28965921,4774 MOV
4774,MOV,3.5,0.28974924,4774 MOV
4774,MOV,3.6544,0.28987434,4774 MOV
4774,MOV,3.8089,0.28999951,4774 MOV
4774,MOV,3.9633,0.29012457,4774 MOV
4774,MOV,4.1178,0.29024969,4774 MOV
4774,MOV,4.2722,0.2903747,4774 MOV
4774,MOV,4.4267,0.29049978,4774 MOV
4774,MOV,4.5811,0.29062475,4774 MOV
4774,MOV,4.7356,0.29074978,4774 MOV
4774,MOV,4.89,0.29087471,4774 MOV
4774,MOV,5.1067,0.29105001,4774 MOV
4774,MOV,5.3233,0.29122518,4774 MOV
4774,MOV,5.54,0.29140039,4774 MOV
4774,MOV,5.7567,0.29157556,4774 MOV
4774,MOV,5.9733,0.29175061,4774 MOV
4774,MOV,6.19,0.29192569,4774 MOV
4774,MOV,6.4067,0.29210073,4774 MOV
4774,MOV,6.6233,0.29227564,4774 MOV
4774,MOV,6.84,0.2924506,4774 MOV
4774,MOV,7.1422,0.29269451,4774 MOV
4774,MOV,7.4444,0.29293833,4774 MOV
4774,MOV,7.7467,0.29318215,4774 MOV
4774,MOV,8.0489,0.29342581,4774 MOV
4774,MOV,8.3511,0.29366938,4774 MOV
4774,MOV,8.6533,0.29391287,4774 MOV
4774,MOV,8.9556,0.29415635,4774 MOV
4774,MOV,9.2578,0.29439968,4774 MOV
4774,MOV,9.56,0.29464291,4774 MOV
4774,MOV,9.9867,0.29498621,4774 MOV
4774,MOV,10.4133,0.29532927,4774 MOV
4774,MOV,10.84,0.29567224,4774 MOV
4774,MOV,11.2667,0.29601504,4774 MOV
4774,MOV,11.6933,0.29635759,4774 MOV
4774,MOV,12.12,0.29670006,4774 MOV
4774,MOV,12.5467,0.29704236,4774 MOV
4774,MOV,12.9733,0.29738442,4774 MOV
4774,MOV,13.4,0.29772639,4774 MOV
4774,MOV,13.9889,0.29819807,4774 MOV
4774,MOV,14.5778,0.29866944,4774 MOV
4774,MOV,15.1667,0.29914049,4774 MOV
4774,MOV,15.7556,0.29961123,4774 MOV
4774,MOV,16.3444,0.30008157,4774 MOV
4774,MOV,16.9333,0.30055167,4774 MOV
4774,MOV,17.5222,0.30102146,4774 MOV
4774,MOV,18.1111,0.30149093,4774 MOV
4774,MOV,18.7,0.30196009,4774 MOV
4774,MOV,19.5222,0.30261459,4774 MOV
4774,MOV,20.3444,0.30326846,4774 MOV
4774,MOV,21.1667,0.30392181,4774 MOV
4774,MOV,21.9889,0.30457446,4774 MOV
4774,MOV,22.8111,0.30522651,4774 MOV
4774,MOV,23.6333,0.30587794,4774 MOV
4774,MOV,24.4556,0.30652883,4774 MOV
4774,MOV,25.2778,0.30717904,4774 MOV
4774,MOV,26.1,0.30782864,4774 MOV
4774,MOV,27.2667,0.30874938,4774 MOV
4774,MOV,28.4333,0.30966881,4774 MOV
4774,MOV,29.6,0.3105871,4774 MOV
4774,MOV,30.7667,0.31150416,4774 MOV
4774,MOV,31.9333,0.31241993,4774 MOV
4774,MOV,33.1,0.31333456,4774 MOV
4774,MOV,34.2667,0.31424797,4774 MOV
4774,MOV,35.4333,0.31516009,4774 MOV
4774,MOV,36.6,0.31607107,4774 MOV
4774,MOV,38.2111,0.31732706,4774 MOV
4774,MOV,39.8222,0.31858074,4774 MOV
4774,MOV,41.4333,0.31983212,4774 MOV
4774,MOV,43.0444,0.3210812,4774 MOV
4774,MOV,44.6556,0.32232806,4774 MOV
4774,MOV,46.2667,0.32357256,4774 MOV
4774,MOV,47.8778,0.32481477,4774 MOV
4774,MOV,49.4889,0.3260547,4774 MOV
4774,MOV,51.1,0.32729236,4774 MOV
4774,MOV,53.3667,0.3290298,4774 MOV
4774,MOV,55.6333,0.33076267,4774 MOV
4774,MOV,57.9,0.33249115,4774 MOV
4774,MOV,60.1667,0.33421516,4774 MOV
4774,MOV,62.4333,0.33593465,4774 MOV
4774,MOV,64.7,0.33764977,4774 MOV
4774,MOV,66.9667,0.33936046,4774 MOV
4774,MOV,69.2333,0.34106665,4774 MOV
4774,MOV,71.5,0.34276852,4774 MOV
4774,MOV,74.6667,0.34513876,4774 MOV
4774,MOV,77.8333,0.34750037,4774 MOV
4774,MOV,81.0,0.34985355,4774 MOV
4774,MOV,84.1667,0.35219823,4774 MOV
4774,MOV,87.3333,0.35453439,4774 MOV
4774,MOV,90.5,0.35686219,4774 MOV
4774,MOV,93.6667,0.3591816,4774 MOV
4774,MOV,96.8333,0.36149258,4774 MOV
4774,MOV,100.0,0.36379529,4774 MOV
4775,AUC,,,4775 AUC
4775,MOV,,,4775 MOV
4776,AUC,0.0,0.11239589,4776 AUC
4776,AUC,0.2778,0.1131232,4776 AUC
4776,AUC,0.5556,0.11425426,4776 AUC
4776,AUC,0.8333,0.11560766,4776 AUC
4776,AUC,1.1111,0.1171269,4776 AUC
4776,AUC,1.3889,0.11877971,4776 AUC
4776,AUC,1.6667,0.12054518,4776 AUC
4776,AUC,1.9444,0.1224076,4776 AUC
4776,AUC,2.2222,0.12435682,4776 AUC
4776,AUC,2.5,0.12638305,4776 AUC
4776,AUC,2.6111,0.12721324,4776 AUC
4776,AUC,2.7222,0.12805412,4776 AUC
4776,AUC,2.8333,0.12890529,4776 AUC
4776,AUC,2.9444,0.12976639,4776 AUC
4776,AUC,3.0556,0.13063785,4776 AUC
4776,AUC,3.1667,0.13151779,4776 AUC
4776,AUC,3.2778,0.13240668,4776 AUC
4776,AUC,3.3889,0.13330422,4776 AUC
4776,AUC,3.5,0.13421013,4776 AUC
4776,AUC,3.6544,0.13548253,4776 AUC
4776,AUC,3.8089,0.13677078,4776 AUC
4776,AUC,3.9633,0.13807258,4776 AUC
4776,AUC,4.1178,0.13938904,4776 AUC
4776,AUC,4.2722,0.14071789,4776 AUC
4776,AUC,4.4267,0.14206034,4776 AUC
4776,AUC,4.5811,0.14341417,4776 AUC
4776,AUC,4.7356,0.14478065,4776 AUC
4776,AUC,4.89,0.14615759,4776 AUC
4776,AUC,5.1067,0.14810843,4776 AUC
4776,AUC,5.3233,0.15007877,4776 AUC
4776,AUC,5.54,0.15206941,4776 AUC
4776,AUC,5.7567,0.15407847,4776 AUC
4776,AUC,5.9733,0.15610413,4776 AUC
4776,AUC,6.19,0.1581474,4776 AUC
4776,AUC,6.4067,0.16020656,4776 AUC
4776,AUC,6.6233,0.16227989,4776 AUC
4776,AUC,6.84,0.16436857,4776 AUC
4776,AUC,7.1422,0.16730413,4776 AUC
4776,AUC,7.4444,0.17026465,4776 AUC
4776,AUC,7.7467,0.17324949,4776 AUC
4776,AUC,8.0489,0.17625515,4776 AUC
4776,AUC,8.3511,0.17928119,4776 AUC
4776,AUC,8.6533,0.18232626,4776 AUC
4776,AUC,8.9556,0.1853901,4776 AUC
4776,AUC,9.2578,0.1884695,4776 AUC
4776,AUC,9.56,0.19156432,4776 AUC
4776,AUC,9.9867,0.19595835,4776 AUC
4776,AUC,10.4133,0.20037712,4776 AUC
4776,AUC,10.84,0.20482008,4776 AUC
4776,AUC,11.2667,0.20928373,4776 AUC
4776,AUC,11.6933,0.21376471,4776 AUC
4776,AUC,12.12,0.21826297,4776 AUC
4776,AUC,12.5467,0.22277544,4776 AUC
4776,AUC,12.9733,0.22729916,4776 AUC
4776,AUC,13.4,0.23183447,4776 AUC
4776,AUC,13.9889,0.23810795,4776 AUC
4776,AUC,14.5778,0.24439416,4776 AUC
4776,AUC,15.1667,0.25068928,4776 AUC
4776,AUC,15.7556,0.25698978,4776 AUC
4776,AUC,16.3444,0.26329131,4776 AUC
4776,AUC,16.9333,0.26959296,4776 AUC
4776,AUC,17.5222,0.27589083,4776 AUC
4776,AUC,18.1111,0.2821823,4776 AUC
4776,AUC,18.7,0.28846489,4776 AUC
4776,AUC,19.5222,0.29721727,4776 AUC
4776,AUC,20.3444,0.30594217,4776 AUC
4776,AUC,21.1667,0.31463542,4776 AUC
4776,AUC,21.9889,0.32329017,4776 AUC
4776,AUC,22.8111,0.33190313,4776 AUC
4776,AUC,23.6333,0.34047036,4776 AUC
4776,AUC,24.4556,0.34898932,4776 AUC
4776,AUC,25.2778,0.35745466,4776 AUC
4776,AUC,26.1,0.36586443,4776 AUC
4776,AUC,27.2667,0.3776973,4776 AUC
4776,AUC,28.4333,0.38940501,4776 AUC
4776,AUC,29.6,0.40098357,4776 AUC
4776,AUC,30.7667,0.41242678,4776 AUC
4776,AUC,31.9333,0.4237292,4776 AUC
4776,AUC,33.1,0.43488892,4776 AUC
4776,AUC,34.2667,0.44590171,4776 AUC
4776,AUC,35.4333,0.4567639,4776 AUC
4776,AUC,36.6,0.46747507,4776 AUC
4776,AUC,38.2111,0.48201302,4776 AUC
4776,AUC,39.8222,0.49625404,4776 AUC
4776,AUC,41.4333,0.51019568,4776 AUC
4776,AUC,43.0444,0.52383652,4776 AUC
4776,AUC,44.6556,0.53717691,4776 AUC
4776,AUC,46.2667,0.55021551,4776 AUC
4776,AUC,47.8778,0.56295422,4776 AUC
4776,AUC,49.4889,0.57539471,4776 AUC
4776,AUC,51.1,0.58753918,4776 AUC
4776,AUC,53.3667,0.60412957,4776 AUC
4776,AUC,55.6333,0.62014748,4776 AUC
4776,AUC,57.9,0.63560443,4776 AUC
4776,AUC,60.1667,0.65051085,4776 AUC
4776,AUC,62.4333,0.66487813,4776 AUC
4776,AUC,64.7,0.67872019,4776 AUC
4776,AUC,66.9667,0.69204955,4776 AUC
4776,AUC,69.2333,0.70487919,4776 AUC
4776,AUC,71.5,0.71722401,4776 AUC
4776,AUC,74.6667,0.7336841,4776 AUC
4776,AUC,77.8333,0.74926177,4776 AUC
4776,AUC,81.0,0.76399615,4776 AUC
4776,AUC,84.1667,0.77792447,4776 AUC
4776,AUC,87.3333,0.79108348,4776 AUC
4776,AUC,90.5,0.80351037,4776 AUC
4776,AUC,93.6667,0.81524015,4776 AUC
4776,AUC,96.8333,0.82630689,4776 AUC
4776,AUC,100.0,0.83674459,4776 AUC
4776,MOV,0.0,0.0028429,4776 MOV
4776,MOV,0.2778,0.10027079,4776 MOV
4776,MOV,0.5556,0.11534496,4776 MOV
4776,MOV,0.8333,0.12521888,4776 MOV
4776,MOV,1.1111,0.1327488,4776 MOV
4776,MOV,1.3889,0.13890689,4776 MOV
4776,MOV,1.6667,0.14415438,4776 MOV
4776,MOV,1.9444,0.148747,4776 MOV
4776,MOV,2.2222,0.15284732,4776 MOV
4776,MOV,2.5,0.15655952,4776 MOV
4776,MOV,2.6111,0.15795289,4776 MOV
4776,MOV,2.7222,0.15930004,4776 MOV
4776,MOV,2.8333,0.16060429,4776 MOV
4776,MOV,2.9444,0.16186862,4776 MOV
4776,MOV,3.0556,0.16309678,4776 MOV
4776,MOV,3.1667,0.16428895,4776 MOV
4776,MOV,3.2778,0.16544842,4776 MOV
4776,MOV,3.3889,0.16657715,4776 MOV
4776,MOV,3.5,0.16767692,4776 MOV
4776,MOV,3.6544,0.16916026,4776 MOV
4776,MOV,3.8089,0.17059564,4776 MOV
4776,MOV,3.9633,0.17198471,4776 MOV
4776,MOV,4.1178,0.17333238,4776 MOV
4776,MOV,4.2722,0.17463973,4776 MOV
4776,MOV,4.4267,0.17591095,4776 MOV
4776,MOV,4.5811,0.1771467,4776 MOV
4776,MOV,4.7356,0.17835063,4776 MOV
4776,MOV,4.89,0.17952307,4776 MOV
4776,MOV,5.1067,0.18112006,4776 MOV
4776,MOV,5.3233,0.1826635,4776 MOV
4776,MOV,5.54,0.18415862,4776 MOV
4776,MOV,5.7567,0.18560809,4776 MOV
4776,MOV,5.9733,0.18701429,4776 MOV
4776,MOV,6.19,0.18838126,4776 MOV
4776,MOV,6.4067,0.1897108,4776 MOV
4776,MOV,6.6233,0.19100458,4776 MOV
4776,MOV,6.84,0.19226581,4776 MOV
4776,MOV,7.1422,0.19397282,4776 MOV
4776,MOV,7.4444,0.19562349,4776 MOV
4776,MOV,7.7467,0.1972224,4776 MOV
4776,MOV,8.0489,0.19877208,4776 MOV
4776,MOV,8.3511,0.2002763,4776 MOV
4776,MOV,8.6533,0.20173798,4776 MOV
4776,MOV,8.9556,0.20316019,4776 MOV
4776,MOV,9.2578,0.20454439,4776 MOV
4776,MOV,9.56,0.20589322,4776 MOV
4776,MOV,9.9867,0.20774132,4776 MOV
4776,MOV,10.4133,0.20952742,4776 MOV
4776,MOV,10.84,0.21125683,4776 MOV
4776,MOV,11.2667,0.21293308,4776 MOV
4776,MOV,11.6933,0.21455935,4776 MOV
4776,MOV,12.12,0.21613962,4776 MOV
4776,MOV,12.5467,0.21767636,4776 MOV
4776,MOV,12.9733,0.21917187,4776 MOV
4776,MOV,13.4,0.22062922,4776 MOV
4776,MOV,13.9889,0.22258127,4776 MOV
4776,MOV,14.5778,0.22446922,4776 MOV
4776,MOV,15.1667,0.22629763,4776 MOV
4776,MOV,15.7556,0.22807058,4776 MOV
4776,MOV,16.3444,0.22979145,4776 MOV
4776,MOV,16.9333,0.23146412,4776 MOV
4776,MOV,17.5222,0.23309128,4776 MOV
4776,MOV,18.1111,0.23467563,4776 MOV
4776,MOV,18.7,0.23621965,4776 MOV
4776,MOV,19.5222,0.23831208,4776 MOV
4776,MOV,20.3444,0.24033575,4776 MOV
4776,MOV,21.1667,0.24229579,4776 MOV
4776,MOV,21.9889,0.24419612,4776 MOV
4776,MOV,22.8111,0.24604089,4776 MOV
4776,MOV,23.6333,0.24783366,4776 MOV
4776,MOV,24.4556,0.24957783,4776 MOV
4776,MOV,25.2778,0.25127587,4776 MOV
4776,MOV,26.1,0.25293065,4776 MOV
4776,MOV,27.2667,0.25520921,4776 MOV
4776,MOV,28.4333,0.2574115,4776 MOV
4776,MOV,29.6,0.25954341,4776 MOV
4776,MOV,30.7667,0.26160965,4776 MOV
4776,MOV,31.9333,0.26361447,4776 MOV
4776,MOV,33.1,0.26556215,4776 MOV
4776,MOV,34.2667,0.2674561,4776 MOV
4776,MOV,35.4333,0.26929939,4776 MOV
4776,MOV,36.6,0.27109528,4776 MOV
4776,MOV,38.2111,0.27350198,4776 MOV
4776,MOV,39.8222,0.27582945,4776 MOV
4776,MOV,41.4333,0.27808334,4776 MOV
4776,MOV,43.0444,0.28026869,4776 MOV
4776,MOV,44.6556,0.28239018,4776 MOV
4776,MOV,46.2667,0.28445162,4776 MOV
4776,MOV,47.8778,0.28645684,4776 MOV
4776,MOV,49.4889,0.28840917,4776 MOV
4776,MOV,51.1,0.29031167,4776 MOV
4776,MOV,53.3667,0.29290928,4776 MOV
4776,MOV,55.6333,0.29542058,4776 MOV
4776,MOV,57.9,0.297852,4776 MOV
4776,MOV,60.1667,0.30020894,4776 MOV
4776,MOV,62.4333,0.30249627,4776 MOV
4776,MOV,64.7,0.30471865,4776 MOV
4776,MOV,66.9667,0.30688,4776 MOV
4776,MOV,69.2333,0.30898389,4776 MOV
4776,MOV,71.5,0.31103383,4776 MOV
4776,MOV,74.6667,0.3138129,4776 MOV
4776,MOV,77.8333,0.31649973,4776 MOV
4776,MOV,81.0,0.3191011,4776 MOV
4776,MOV,84.1667,0.32162283,4776 MOV
4776,MOV,87.3333,0.32407013,4776 MOV
4776,MOV,90.5,0.32644793,4776 MOV
4776,MOV,93.6667,0.32876044,4776 MOV
4776,MOV,96.8333,0.33101151,4776 MOV
4776,MOV,100.0,0.33320482,4776 MOV
4777,AUC,,,4777 AUC
4777,MOV,0.0,0.08081118,4777 MOV
4777,MOV,0.2778,0.09855567,4777 MOV
4777,MOV,0.5556,0.10885134,4777 MOV
4777,MOV,0.8333,0.11689094,4777 MOV
4777,MOV,1.1111,0.12366527,4777 MOV
4777,MOV,1.3889,0.12959345,4777 MOV
4777,MOV,1.6667,0.1349047,4777 MOV
4777,MOV,1.9444,0.13973874,4777 MOV
4777,MOV,2.2222,0.14419367,4777 MOV
4777,MOV,2.5,0.14833473,4777 MOV
4777,MOV,2.6111,0.14991454,4777 MOV
4777,MOV,2.7222,0.15145481,4777 MOV
4777,MOV,2.8333,0.15295788,4777 MOV
4777,MOV,2.9444,0.15442587,4777 MOV
4777,MOV,3.0556,0.155862,4777 MOV
4777,MOV,3.1667,0.15726544,4777 MOV
4777,MOV,3.2778,0.15863912,4777 MOV
4777,MOV,3.3889,0.15998452,4777 MOV
4777,MOV,3.5,0.16130301,4777 MOV
4777,MOV,3.6544,0.16309304,4777 MOV
4777,MOV,3.8089,0.16483773,4777 MOV
4777,MOV,3.9633,0.16653761,4777 MOV
4777,MOV,4.1178,0.16819743,4777 MOV
4777,MOV,4.2722,0.16981732,4777 MOV
4777,MOV,4.4267,0.1714015,4777 MOV
4777,MOV,4.5811,0.17294983,4777 MOV
4777,MOV,4.7356,0.17446609,4777 MOV
4777,MOV,4.89,0.17594993,4777 MOV
4777,MOV,5.1067,0.17798233,4777 MOV
4777,MOV,5.3233,0.17995864,4777 MOV
4777,MOV,5.54,0.18188409,4777 MOV
4777,MOV,5.7567,0.18376081,4777 MOV
4777,MOV,5.9733,0.18559076,4777 MOV
4777,MOV,6.19,0.18737818,4777 MOV
4777,MOV,6.4067,0.18912453,4777 MOV
4777,MOV,6.6233,0.19083116,4777 MOV
4777,MOV,6.84,0.19250161,4777 MOV
4777,MOV,7.1422,0.19477277,4777 MOV
4777,MOV,7.4444,0.19697996,4777 MOV
4777,MOV,7.7467,0.19912786,4777 MOV
4777,MOV,8.0489,0.2012187,4777 MOV
4777,MOV,8.3511,0.20325647,4777 MOV
4777,MOV,8.6533,0.20524415,4777 MOV
4777,MOV,8.9556,0.20718512,4777 MOV
4777,MOV,9.2578,0.20908057,4777 MOV
4777,MOV,9.56,0.21093346,4777 MOV
4777,MOV,9.9867,0.21348128,4777 MOV
4777,MOV,10.4133,0.21595326,4777 MOV
4777,MOV,10.84,0.2183554,4777 MOV
4777,MOV,11.2667,0.22069148,4777 MOV
4777,MOV,11.6933,0.22296495,4777 MOV
4777,MOV,12.12,0.22518045,4777 MOV
4777,MOV,12.5467,0.22734071,4777 MOV
4777,MOV,12.9733,0.22944824,4777 MOV
4777,MOV,13.4,0.23150677,4777 MOV
4777,MOV,13.9889,0.23427113,4777 MOV
4777,MOV,14.5778,0.236952,4777 MOV
4777,MOV,15.1667,0.23955477,4777 MOV
4777,MOV,15.7556,0.24208432,4777 MOV
4777,MOV,16.3444,0.24454465,4777 MOV
4777,MOV,16.9333,0.24694059,4777 MOV
4777,MOV,17.5222,0.24927537,4777 MOV
4777,MOV,18.1111,0.25155232,4777 MOV
4777,MOV,18.7,0.25377449,4777 MOV
4777,MOV,19.5222,0.25679067,4777 MOV
4777,MOV,20.3444,0.25971245,4777 MOV
4777,MOV,21.1667,0.26254641,4777 MOV
4777,MOV,21.9889,0.26529746,4777 MOV
4777,MOV,22.8111,0.267971,4777 MOV
4777,MOV,23.6333,0.27057163,4777 MOV
4777,MOV,24.4556,0.27310383,4777 MOV
4777,MOV,25.2778,0.2755708,4777 MOV
4777,MOV,26.1,0.27797633,4777 MOV
4777,MOV,27.2667,0.28129058,4777 MOV
4777,MOV,28.4333,0.28449558,4777 MOV
4777,MOV,29.6,0.28759931,4777 MOV
4777,MOV,30.7667,0.29060814,4777 MOV
4777,MOV,31.9333,0.29352784,4777 MOV
4777,MOV,33.1,0.29636432,4777 MOV
4777,MOV,34.2667,0.29912227,4777 MOV
4777,MOV,35.4333,0.30180595,4777 MOV
4777,MOV,36.6,0.30441992,4777 MOV
4777,MOV,38.2111,0.30792149,4777 MOV
4777,MOV,39.8222,0.31130578,4777 MOV
4777,MOV,41.4333,0.31458079,4777 MOV
4777,MOV,43.0444,0.31775371,4777 MOV
4777,MOV,44.6556,0.32083122,4777 MOV
4777,MOV,46.2667,0.3238188,4777 MOV
4777,MOV,47.8778,0.32672197,4777 MOV
4777,MOV,49.4889,0.32954558,4777 MOV
4777,MOV,51.1,0.33229405,4777 MOV
4777,MOV,53.3667,0.3360415,4777 MOV
4777,MOV,55.6333,0.3396583,4777 MOV
4777,MOV,57.9,0.34315389,4777 MOV
4777,MOV,60.1667,0.34653628,4777 MOV
4777,MOV,62.4333,0.34981268,4777 MOV
4777,MOV,64.7,0.35299004,4777 MOV
4777,MOV,66.9667,0.35607421,4777 MOV
4777,MOV,69.2333,0.35907055,4777 MOV
4777,MOV,71.5,0.36198431,4777 MOV
4777,MOV,74.6667,0.36592509,4777 MOV
4777,MOV,77.8333,0.36972445,4777 MOV
4777,MOV,81.0,0.37339264,4777 MOV
4777,MOV,84.1667,0.37693852,4777 MOV
4777,MOV,87.3333,0.38037005,4777 MOV
4777,MOV,90.5,0.38369473,4777 MOV
4777,MOV,93.6667,0.38691902,4777 MOV
4777,MOV,96.8333,0.39004882,4777 MOV
4777,MOV,100.0,0.39308979,4777 MOV
4778,AUC,0.0,0.26086988,4778 AUC
4778,AUC,0.2778,0.52481437,4778 AUC
4778,AUC,0.5556,0.52481582,4778 AUC
4778,AUC,0.8333,0.52481667,4778 AUC
4778,AUC,1.1111,0.52481728,4778 AUC
4778,AUC,1.3889,0.52481775,4778 AUC
4778,AUC,1.6667,0.52481813,4778 AUC
4778,AUC,1.9444,0.52481845,4778 AUC
4778,AUC,2.2222,0.52481873,4778 AUC
4778,AUC,2.5,0.52481898,4778 AUC
4778,AUC,2.6111,0.52481907,4778 AUC
4778,AUC,2.7222,0.52481916,4778 AUC
4778,AUC,2.8333,0.52481924,4778 AUC
4778,AUC,2.9444,0.52481932,4778 AUC
4778,AUC,3.0556,0.5248194,4778 AUC
4778,AUC,3.1667,0.52481948,4778 AUC
4778,AUC,3.2778,0.52481955,4778 AUC
4778,AUC,3.3889,0.52481962,4778 AUC
4778,AUC,3.5,0.52481969,4778 AUC
4778,AUC,3.6544,0.52481978,4778 AUC
4778,AUC,3.8089,0.52481986,4778 AUC
4778,AUC,3.9633,0.52481995,4778 AUC
4778,AUC,4.1178,0.52482003,4778 AUC
4778,AUC,4.2722,0.52482011,4778 AUC
4778,AUC,4.4267,0.52482018,4778 AUC
4778,AUC,4.5811,0.52482025,4778 AUC
4778,AUC,4.7356,0.52482032,4778 AUC
4778,AUC,4.89,0.52482039,4778 AUC
4778,AUC,5.1067,0.52482048,4778 AUC
4778,AUC,5.3233,0.52482057,4778 AUC
4778,AUC,5.54,0.52482065,4778 AUC
4778,AUC,5.7567,0.52482073,4778 AUC
4778,AUC,5.9733,0.52482081,4778 AUC
4778,AUC,6.19,0.52482088,4778 AUC
4778,AUC,6.4067,0.52482096,4778 AUC
4778,AUC,6.6233,0.52482103,4778 AUC
4778,AUC,6.84,0.52482109,4778 AUC
4778,AUC,7.1422,0.52482118,4778 AUC
4778,AUC,7.4444,0.52482127,4778 AUC
4778,AUC,7.7467,0.52482135,4778 AUC
4778,AUC,8.0489,0.52482143,4778 AUC
4778,AUC,8.3511,0.52482151,4778 AUC
4778,AUC,8.6533,0.52482159,4778 AUC
4778,AUC,8.9556,0.52482166,4778 AUC
4778,AUC,9.2578,0.52482173,4778 AUC
4778,AUC,9.56,0.5248218,4778 AUC
4778,AUC,9.9867,0.52482189,4778 AUC
4778,AUC,10.4133,0.52482198,4778 AUC
4778,AUC,10.84,0.52482206,4778 AUC
4778,AUC,11.2667,0.52482214,4778 AUC
4778,AUC,11.6933,0.52482222,4778 AUC
4778,AUC,12.12,0.52482229,4778 AUC
4778,AUC,12.5467,0.52482237,4778 AUC
4778,AUC,12.9733,0.52482244,4778 AUC
4778,AUC,13.4,0.5248225,4778 AUC
4778,AUC,13.9889,0.5248226,4778 AUC
4778,AUC,14.5778,0.52482268,4778 AUC
4778,AUC,15.1667,0.52482276,4778 AUC
4778,AUC,15.7556,0.52482284,4778 AUC
4778,AUC,16.3444,0.52482292,4778 AUC
4778,AUC,16.9333,0.524823,4778 AUC
4778,AUC,17.5222,0.52482307,4778 AUC
4778,AUC,18.1111,0.52482314,4778 AUC
4778,AUC,18.7,0.5248232,4778 AUC
4778,AUC,19.5222,0.52482329,4778 AUC
4778,AUC,20.3444,0.52482338,4778 AUC
4778,AUC,21.1667,0.52482346,4778 AUC
4778,AUC,21.9889,0.52482354,4778 AUC
4778,AUC,22.8111,0.52482362,4778 AUC
4778,AUC,23.6333,0.5248237,4778 AUC
4778,AUC,24.4556,0.52482377,4778 AUC
4778,AUC,25.2778,0.52482384,4778 AUC
4778,AUC,26.1,0.5248239,4778 AUC
4778,AUC,27.2667,0.524824,4778 AUC
4778,AUC,28.4333,0.52482408,4778 AUC
4778,AUC,29.6,0.52482417,4778 AUC
4778,AUC,30.7667,0.52482425,4778 AUC
4778,AUC,31.9333,0.52482433,4778 AUC
4778,AUC,33.1,0.5248244,4778 AUC
4778,AUC,34.2667,0.52482448,4778 AUC
4778,AUC,35.4333,0.52482455,4778 AUC
4778,AUC,36.6,0.52482461,4778 AUC
4778,AUC,38.2111,0.5248247,4778 AUC
4778,AUC,39.8222,0.52482479,4778 AUC
4778,AUC,41.4333,0.52482487,4778 AUC
4778,AUC,43.0444,0.52482495,4778 AUC
4778,AUC,44.6556,0.52482503,4778 AUC
4778,AUC,46.2667,0.52482511,4778 AUC
4778,AUC,47.8778,0.52482518,4778 AUC
4778,AUC,49.4889,0.52482525,4778 AUC
4778,AUC,51.1,0.52482531,4778 AUC
4778,AUC,53.3667,0.52482541,4778 AUC
4778,AUC,55.6333,0.52482549,4778 AUC
4778,AUC,57.9,0.52482558,4778 AUC
4778,AUC,60.1667,0.52482566,4778 AUC
4778,AUC,62.4333,0.52482574,4778 AUC
4778,AUC,64.7,0.52482581,4778 AUC
4778,AUC,66.9667,0.52482588,4778 AUC
4778,AUC,69.2333,0.52482595,4778 AUC
4778,AUC,71.5,0.52482602,4778 AUC
4778,AUC,74.6667,0.52482611,4778 AUC
4778,AUC,77.8333,0.5248262,4778 AUC
4778,AUC,81.0,0.52482628,4778 AUC
4778,AUC,84.1667,0.52482636,4778 AUC
4778,AUC,87.3333,0.52482644,4778 AUC
4778,AUC,90.5,0.52482651,4778 AUC
4778,AUC,93.6667,0.52482659,4778 AUC
4778,AUC,96.8333,0.52482666,4778 AUC
4778,AUC,100.0,0.52482672,4778 AUC
4778,MOV,,,4778 MOV
4779,AUC,,,4779 AUC
4779,MOV,0.0,0.2602821,4779 MOV
4779,MOV,0.2778,0.26057835,4779 MOV
4779,MOV,0.5556,0.26087448,4779 MOV
4779,MOV,0.8333,0.26117038,4779 MOV
4779,MOV,1.1111,0.26146628,4779 MOV
4779,MOV,1.3889,0.26176205,4779 MOV
4779,MOV,1.6667,0.26205771,4779 MOV
4779,MOV,1.9444,0.26235314,4779 MOV
4779,MOV,2.2222,0.26264856,4779 MOV
4779,MOV,2.5,0.26294386,4779 MOV
4779,MOV,2.6111,0.26306193,4779 MOV
4779,MOV,2.7222,0.26317998,4779 MOV
4779,MOV,2.8333,0.263298,4779 MOV
4779,MOV,2.9444,0.26341601,4779 MOV
4779,MOV,3.0556,0.26353411,4779 MOV
4779,MOV,3.1667,0.26365208,4779 MOV
4779,MOV,3.2778,0.26377004,4779 MOV
4779,MOV,3.3889,0.26388797,4779 MOV
4779,MOV,3.5,0.26400588,4779 MOV
4779,MOV,3.6544,0.26416972,4779 MOV
4779,MOV,3.8089,0.26433363,4779 MOV
4779,MOV,3.9633,0.2644974,4779 MOV
4779,MOV,4.1178,0.26466124,4779 MOV
4779,MOV,4.2722,0.26482493,4779 MOV
4779,MOV,4.4267,0.26498869,4779 MOV
4779,MOV,4.5811,0.26515231,4779 MOV
4779,MOV,4.7356,0.265316,4779 MOV
4779,MOV,4.89,0.26547955,4779 MOV
4779,MOV,5.1067,0.26570903,4779 MOV
4779,MOV,5.3233,0.26593833,4779 MOV
4779,MOV,5.54,0.26616767,4779 MOV
4779,MOV,5.7567,0.26639693,4779 MOV
4779,MOV,5.9733,0.26662601,4779 MOV
4779,MOV,6.19,0.26685513,4779 MOV
4779,MOV,6.4067,0.26708418,4779 MOV
4779,MOV,6.6233,0.26731305,4779 MOV
4779,MOV,6.84,0.26754196,4779 MOV
4779,MOV,7.1422,0.26786106,4779 MOV
4779,MOV,7.4444,0.26818002,4779 MOV
4779,MOV,7.7467,0.26849895,4779 MOV
4779,MOV,8.0489,0.26881763,4779 MOV
4779,MOV,8.3511,0.26913618,4779 MOV
4779,MOV,8.6533,0.26945459,4779 MOV
4779,MOV,8.9556,0.26977296,4779 MOV
4779,MOV,9.2578,0.27009109,4779 MOV
4779,MOV,9.56,0.27040908,4779 MOV
4779,MOV,9.9867,0.27085784,4779 MOV
4779,MOV,10.4133,0.27130622,4779 MOV
4779,MOV,10.84,0.27175443,4779 MOV
4779,MOV,11.2667,0.27220236,4779 MOV
4779,MOV,11.6933,0.27264991,4779 MOV
4779,MOV,12.12,0.27309729,4779 MOV
4779,MOV,12.5467,0.2735444,4779 MOV
4779,MOV,12.9733,0.27399113,4779 MOV
4779,MOV,13.4,0.27443768,4779 MOV
4779,MOV,13.9889,0.27505354,4779 MOV
4779,MOV,14.5778,0.27566887,4779 MOV
4779,MOV,15.1667,0.27628368,4779 MOV
4779,MOV,15.7556,0.27689797,4779 MOV
4779,MOV,16.3444,0.27751163,4779 MOV
4779,MOV,16.9333,0.27812487,4779 MOV
4779,MOV,17.5222,0.2787376,4779 MOV
4779,MOV,18.1111,0.2793498,4779 MOV
4779,MOV,18.7,0.27996149,4779 MOV
4779,MOV,19.5222,0.28081463,4779 MOV
4779,MOV,20.3444,0.28166676,4779 MOV
4779,MOV,21.1667,0.28251799,4779 MOV
4779,MOV,21.9889,0.2833681,4779 MOV
4779,MOV,22.8111,0.28421721,4779 MOV
4779,MOV,23.6333,0.28506531,4779 MOV
4779,MOV,24.4556,0.2859125,4779 MOV
4779,MOV,25.2778,0.2867586,4779 MOV
4779,MOV,26.1,0.28760369,4779 MOV
4779,MOV,27.2667,0.28880115,4779 MOV
4779,MOV,28.4333,0.28999649,4779 MOV
4779,MOV,29.6,0.29118993,4779 MOV
4779,MOV,30.7667,0.29238136,4779 MOV
4779,MOV,31.9333,0.29357069,4779 MOV
4779,MOV,33.1,0.29475812,4779 MOV
4779,MOV,34.2667,0.29594356,4779 MOV
4779,MOV,35.4333,0.2971269,4779 MOV
4779,MOV,36.6,0.29830836,4779 MOV
4779,MOV,38.2111,0.29993657,4779 MOV
4779,MOV,39.8222,0.301561,4779 MOV
4779,MOV,41.4333,0.30318166,4779 MOV
4779,MOV,43.0444,0.30479856,4779 MOV
4779,MOV,44.6556,0.30641181,4779 MOV
4779,MOV,46.2667,0.30802122,4779 MOV
4779,MOV,47.8778,0.30962689,4779 MOV
4779,MOV,49.4889,0.31122883,4779 MOV
4779,MOV,51.1,0.31282706,4779 MOV
4779,MOV,53.3667,0.31506938,4779 MOV
4779,MOV,55.6333,0.31730428,4779 MOV
4779,MOV,57.9,0.31953198,4779 MOV
4779,MOV,60.1667,0.32175242,4779 MOV
4779,MOV,62.4333,0.32396551,4779 MOV
4779,MOV,64.7,0.32617148,4779 MOV
4779,MOV,66.9667,0.32837025,4779 MOV
4779,MOV,69.2333,0.33056174,4779 MOV
4779,MOV,71.5,0.33274619,4779 MOV
4779,MOV,74.6667,0.33578604,4779 MOV
4779,MOV,77.8333,0.33881195,4779 MOV
4779,MOV,81.0,0.34182417,4779 MOV
4779,MOV,84.1667,0.34482267,4779 MOV
4779,MOV,87.3333,0.34780741,4779 MOV
4779,MOV,90.5,0.35077865,4779 MOV
4779,MOV,93.6667,0.35373635,4779 MOV
4779,MOV,96.8333,0.35668049,4779 MOV
4779,MOV,100.0,0.3596113,4779 MOV
4780,AUC,0.0,0.14570286,4780 AUC
4780,AUC,0.2778,0.14600969,4780 AUC
4780,AUC,0.5556,0.1463164,4780 AUC
4780,AUC,0.8333,0.14662289,4780 AUC
4780,AUC,1.1111,0.14692939,4780 AUC
4780,AUC,1.3889,0.14723577,4780 AUC
4780,AUC,1.6667,0.14754204,4780 AUC
4780,AUC,1.9444,0.1478481,4780 AUC
4780,AUC,2.2222,0.14815415,4780 AUC
4780,AUC,2.5,0.14846009,4780 AUC
4780,AUC,2.6111,0.14858242,4780 AUC
4780,AUC,2.7222,0.14870472,4780 AUC
4780,AUC,2.8333,0.14882701,4780 AUC
4780,AUC,2.9444,0.14894928,4780 AUC
4780,AUC,3.0556,0.14907165,4780 AUC
4780,AUC,3.1667,0.14919389,4780 AUC
4780,AUC,3.2778,0.1493161,4780 AUC
4780,AUC,3.3889,0.14943831,4780 AUC
4780,AUC,3.5,0.14956049,4780 AUC
4780,AUC,3.6544,0.14973027,4780 AUC
4780,AUC,3.8089,0.14990012,4780 AUC
4780,AUC,3.9633,0.15006982,4780 AUC
4780,AUC,4.1178,0.15023961,4780 AUC
4780,AUC,4.2722,0.15040925,4780 AUC
4780,AUC,4.4267,0.15057896,4780 AUC
4780,AUC,4.5811,0.15074853,4780 AUC
4780,AUC,4.7356,0.15091818,4780 AUC
4780,AUC,4.89,0.15108768,4780 AUC
4780,AUC,5.1067,0.15132552,4780 AUC
4780,AUC,5.3233,0.15156319,4780 AUC
4780,AUC,5.54,0.1518009,4780 AUC
4780,AUC,5.7567,0.15203854,4780 AUC
4780,AUC,5.9733,0.152276,4780 AUC
4780,AUC,6.19,0.15251351,4780 AUC
4780,AUC,6.4067,0.15275095,4780 AUC
4780,AUC,6.6233,0.15298822,4780 AUC
4780,AUC,6.84,0.15322553,4780 AUC
4780,AUC,7.1422,0.15355635,4780 AUC
4780,AUC,7.4444,0.15388705,4780 AUC
4780,AUC,7.7467,0.15421773,4780 AUC
4780,AUC,8.0489,0.15454817,4780 AUC
4780,AUC,8.3511,0.15487849,4780 AUC
4780,AUC,8.6533,0.15520867,4780 AUC
4780,AUC,8.9556,0.15553883,4780 AUC
4780,AUC,9.2578,0.15586876,4780 AUC
4780,AUC,9.56,0.15619855,4780 AUC
4780,AUC,9.9867,0.156664,4780 AUC
4780,AUC,10.4133,0.15712908,4780 AUC
4780,AUC,10.84,0.15759401,4780 AUC
4780,AUC,11.2667,0.15805869,4780 AUC
4780,AUC,11.6933,0.158523,4780 AUC
4780,AUC,12.12,0.15898716,4780 AUC
4780,AUC,12.5467,0.15945107,4780 AUC
4780,AUC,12.9733,0.15991461,4780 AUC
4780,AUC,13.4,0.16037801,4780 AUC
4780,AUC,13.9889,0.16101713,4780 AUC
4780,AUC,14.5778,0.16165577,4780 AUC
4780,AUC,15.1667,0.16229392,4780 AUC
4780,AUC,15.7556,0.16293159,4780 AUC
4780,AUC,16.3444,0.16356866,4780 AUC
4780,AUC,16.9333,0.16420536,4780 AUC
4780,AUC,17.5222,0.16484157,4780 AUC
4780,AUC,18.1111,0.1654773,4780 AUC
4780,AUC,18.7,0.16611254,4780 AUC
4780,AUC,19.5222,0.16699863,4780 AUC
4780,AUC,20.3444,0.16788379,4780 AUC
4780,AUC,21.1667,0.16876811,4780 AUC
4780,AUC,21.9889,0.16965138,4780 AUC
4780,AUC,22.8111,0.17053371,4780 AUC
4780,AUC,23.6333,0.17141511,4780 AUC
4780,AUC,24.4556,0.17229567,4780 AUC
4780,AUC,25.2778,0.1731752,4780 AUC
4780,AUC,26.1,0.17405379,4780 AUC
4780,AUC,27.2667,0.1752989,4780 AUC
4780,AUC,28.4333,0.17654203,4780 AUC
4780,AUC,29.6,0.17778339,4780 AUC
4780,AUC,30.7667,0.17902289,4780 AUC
4780,AUC,31.9333,0.1802604,4780 AUC
4780,AUC,33.1,0.18149616,4780 AUC
4780,AUC,34.2667,0.18273006,4780 AUC
4780,AUC,35.4333,0.18396199,4780 AUC
4780,AUC,36.6,0.18519216,4780 AUC
4780,AUC,38.2111,0.18688787,4780 AUC
4780,AUC,39.8222,0.18858005,4780 AUC
4780,AUC,41.4333,0.19026871,4780 AUC
4780,AUC,43.0444,0.19195385,4780 AUC
4780,AUC,44.6556,0.19363559,4780 AUC
4780,AUC,46.2667,0.19531373,4780 AUC
4780,AUC,47.8778,0.19698837,4780 AUC
4780,AUC,49.4889,0.19865953,4780 AUC
4780,AUC,51.1,0.20032721,4780 AUC
4780,AUC,53.3667,0.20266764,4780 AUC
4780,AUC,55.6333,0.20500112,4780 AUC
4780,AUC,57.9,0.20732787,4780 AUC
4780,AUC,60.1667,0.20964782,4780 AUC
4780,AUC,62.4333,0.21196086,4780 AUC
4780,AUC,64.7,0.21426725,4780 AUC
4780,AUC,66.9667,0.21656688,4780 AUC
4780,AUC,69.2333,0.21885968,4780 AUC
4780,AUC,71.5,0.22114587,4780 AUC
4780,AUC,74.6667,0.2243286,4780 AUC
4780,AUC,77.8333,0.22749823,4780 AUC
4780,AUC,81.0,0.230655,4780 AUC
4780,AUC,84.1667,0.23379887,4780 AUC
4780,AUC,87.3333,0.2369298,4780 AUC
4780,AUC,90.5,0.24004803,4780 AUC
4780,AUC,93.6667,0.24315352,4780 AUC
4780,AUC,96.8333,0.24624622,4780 AUC
4780,AUC,100.0,0.24932638,4780 AUC
4780,MOV,,,4780 MOV
4783,AUC,,,4783 AUC
4783,MOV,,,4783 MOV
4784,AUC,,,4784 AUC
4784,MOV,,,4784 MOV
4785,AUC,0.0,0.11787725,4785 AUC
4785,AUC,0.0111,0.1188939,4785 AUC
4785,AUC,0.0222,0.11990938,4785 AUC
4785,AUC,0.0333,0.12092368,4785 AUC
4785,AUC,0.0444,0.12193682,4785 AUC
4785,AUC,0.0556,0.1229579,4785 AUC
4785,AUC,0.0667,0.12396869,4785 AUC
4785,AUC,0.0778,0.12497832,4785 AUC
4785,AUC,0.0889,0.12598678,4785 AUC
4785,AUC,0.1,0.12699408,4785 AUC
4785,AUC,0.1233,0.12910473,4785 AUC
4785,AUC,0.1467,0.1312193,4785 AUC
4785,AUC,0.17,0.13331974,4785 AUC
4785,AUC,0.1933,0.13541509,4785 AUC
4785,AUC,0.2167,0.13751435,4785 AUC
4785,AUC,0.24,0.13959956,4785 AUC
4785,AUC,0.2633,0.14167974,4785 AUC
4785,AUC,0.2867,0.14376378,4785 AUC
4785,AUC,0.31,0.14583388,4785 AUC
4785,AUC,0.3333,0.14789898,4785 AUC
4785,AUC,0.3567,0.14996792,4785 AUC
4785,AUC,0.38,0.15202303,4785 AUC
4785,AUC,0.4033,0.15407317,4785 AUC
4785,AUC,0.4267,0.15612712,4785 AUC
4785,AUC,0.45,0.15816733,4785 AUC
4785,AUC,0.4733,0.16020261,4785 AUC
4785,AUC,0.4967,0.16224168,4785 AUC
4785,AUC,0.52,0.16426711,4785 AUC
4785,AUC,0.5433,0.16628765,4785 AUC
4785,AUC,0.5667,0.16831194,4785 AUC
4785,AUC,0.59,0.1703227,4785 AUC
4785,AUC,0.6133,0.17232859,4785 AUC
4785,AUC,0.6367,0.17433821,4785 AUC
4785,AUC,0.66,0.1763344,4785 AUC
4785,AUC,0.6833,0.17832576,4785 AUC
4785,AUC,0.7067,0.18032082,4785 AUC
4785,AUC,0.73,0.18230255,4785 AUC
4785,AUC,0.7533,0.18427948,4785 AUC
4785,AUC,0.7767,0.18626009,4785 AUC
4785,AUC,0.8,0.18822745,4785 AUC
4785,AUC,0.8233,0.19019006,4785 AUC
4785,AUC,0.8467,0.19215631,4785 AUC
4785,AUC,0.87,0.19410942,4785 AUC
4785,AUC,0.8933,0.19605781,4785 AUC
4785,AUC,0.9167,0.19800981,4785 AUC
4785,AUC,0.94,0.19994877,4785 AUC
4785,AUC,0.9633,0.20188304,4785 AUC
4785,AUC,0.9867,0.2038209,4785 AUC
4785,AUC,1.01,0.20574581,4785 AUC
4785,AUC,1.0333,0.20766606,4785 AUC
4785,AUC,1.0567,0.20958989,4785 AUC
4785,AUC,1.08,0.21150085,4785 AUC
4785,AUC,1.1033,0.21340719,4785 AUC
4785,AUC,1.1267,0.21531707,4785 AUC
4785,AUC,1.15,0.21721418,4785 AUC
4785,AUC,1.1722,0.21901746,4785 AUC
4785,AUC,1.1944,0.22081659,4785 AUC
4785,AUC,1.2167,0.22261965,4785 AUC
4785,AUC,1.2389,0.22441048,4785 AUC
4785,AUC,1.2611,0.22619719,4785 AUC
4785,AUC,1.2833,0.22797978,4785 AUC
4785,AUC,1.3056,0.22976626,4785 AUC
4785,AUC,1.3278,0.23154063,4785 AUC
4785,AUC,1.35,0.23331091,4785 AUC
4785,AUC,1.3733,0.23516452,4785 AUC
4785,AUC,1.3967,0.23702157,4785 AUC
4785,AUC,1.42,0.23886621,4785 AUC
4785,AUC,1.4433,0.24070639,4785 AUC
4785,AUC,1.4667,0.24254999,4785 AUC
4785,AUC,1.49,0.24438126,4785 AUC
4785,AUC,1.5133,0.24620811,4785 AUC
4785,AUC,1.5367,0.24803835,4785 AUC
4785,AUC,1.56,0.24985635,4785 AUC
4785,AUC,1.5833,0.25166996,4785 AUC
4785,AUC,1.6067,0.25348694,4785 AUC
4785,AUC,1.63,0.25529177,4785 AUC
4785,AUC,1.6533,0.25709224,4785 AUC
4785,AUC,1.6767,0.25889605,4785 AUC
4785,AUC,1.7,0.2606878,4785 AUC
4785,AUC,1.7233,0.26247522,4785 AUC
4785,AUC,1.7467,0.26426597,4785 AUC
4785,AUC,1.77,0.26604474,4785 AUC
4785,AUC,1.7933,0.26781921,4785 AUC
4785,AUC,1.8167,0.26959698,4785 AUC
4785,AUC,1.84,0.27136286,4785 AUC
4785,AUC,1.8633,0.27312447,4785 AUC
4785,AUC,1.8867,0.27488936,4785 AUC
4785,AUC,1.91,0.27664244,4785 AUC
4785,AUC,1.9333,0.27839129,4785 AUC
4785,AUC,1.9567,0.28014339,4785 AUC
4785,AUC,1.98,0.28188377,4785 AUC
4785,AUC,2.0033,0.28361995,4785 AUC
4785,AUC,2.0267,0.28535935,4785 AUC
4785,AUC,2.05,0.28708713,4785 AUC
4785,AUC,2.0733,0.28881072,4785 AUC
4785,AUC,2.0967,0.29053752,4785 AUC
4785,AUC,2.12,0.29225278,4785 AUC
4785,AUC,2.1433,0.29396388,4785 AUC
4785,AUC,2.1667,0.29567817,4785 AUC
4785,AUC,2.19,0.297381,4785 AUC
4785,AUC,2.2356,0.30070166,4785 AUC
4785,AUC,2.2811,0.3039994,4785 AUC
4785,AUC,2.3267,0.30728879,4785 AUC
4785,AUC,2.3722,0.31055546,4785 AUC
4785,AUC,2.4178,0.31381387,4785 AUC
4785,AUC,2.4633,0.31704977,4785 AUC
4785,AUC,2.5089,0.32027748,4785 AUC
4785,AUC,2.5544,0.32348291,4785 AUC
4785,AUC,2.6,0.32668021,4785 AUC
4785,MOV,0.0,0.0423221,4785 MOV
4785,MOV,0.0111,0.24323088,4785 MOV
4785,MOV,0.0222,0.25719939,4785 MOV
4785,MOV,0.0333,0.26555966,4785 MOV
4785,MOV,0.0444,0.27157386,4785 MOV
4785,MOV,0.0556,0.27632326,4785 MOV
4785,MOV,0.0667,0.28019601,4785 MOV
4785,MOV,0.0778,0.2834916,4785 MOV
4785,MOV,0.0889,0.28636184,4785 MOV
4785,MOV,0.1,0.28890533,4785 MOV
4785,MOV,0.1233,0.29345927,4785 MOV
4785,MOV,0.1467,0.29726247,4785 MOV
4785,MOV,0.17,0.30050629,4785 MOV
4785,MOV,0.1933,0.30334576,4785 MOV
4785,MOV,0.2167,0.30588191,4785 MOV
4785,MOV,0.24,0.30815642,4785 MOV
4785,MOV,0.2633,0.3102264,4785 MOV
4785,MOV,0.2867,0.31213387,4785 MOV
4785,MOV,0.31,0.31388881,4785 MOV
4785,MOV,0.3333,0.31552029,4785 MOV
4785,MOV,0.3567,0.31705105,4785 MOV
4785,MOV,0.38,0.31848141,4785 MOV
4785,MOV,0.4033,0.3198291,4785 MOV
4785,MOV,0.4267,0.32110858,4785 MOV
4785,MOV,0.45,0.32231664,4785 MOV
4785,MOV,0.4733,0.32346544,4785 MOV
4785,MOV,0.4967,0.32456518,4785 MOV
4785,MOV,0.52,0.32561133,4785 MOV
4785,MOV,0.5433,0.32661289,4785 MOV
4785,MOV,0.5667,0.32757761,4785 MOV
4785,MOV,0.59,0.32850048,4785 MOV
4785,MOV,0.6133,0.3293886,4785 MOV
4785,MOV,0.6367,0.33024811,4785 MOV
4785,MOV,0.66,0.33107396,4785 MOV
4785,MOV,0.6833,0.33187194,4785 MOV
4785,MOV,0.7067,0.33264714,4785 MOV
4785,MOV,0.73,0.33339461,4785 MOV
4785,MOV,0.7533,0.33411923,4785 MOV
4785,MOV,0.7767,0.33482534,4785 MOV
4785,MOV,0.8,0.33550815,4785 MOV
4785,MOV,0.8233,0.33617188,4785 MOV
4785,MOV,0.8467,0.33682031,4785 MOV
4785,MOV,0.87,0.33744887,4785 MOV
4785,MOV,0.8933,0.33806125,4785 MOV
4785,MOV,0.9167,0.3386608,4785 MOV
4785,MOV,0.94,0.33924317,4785 MOV
4785,MOV,0.9633,0.33981164,4785 MOV
4785,MOV,0.9867,0.34036924,4785 MOV
4785,MOV,1.01,0.3409118,4785 MOV
4785,MOV,1.0333,0.3414423,4785 MOV
4785,MOV,1.0567,0.34196348,4785 MOV
4785,MOV,1.08,0.34247138,4785 MOV
4785,MOV,1.1033,0.34296871,4785 MOV
4785,MOV,1.1267,0.34345798,4785 MOV
4785,MOV,1.15,0.34393542,4785 MOV
4785,MOV,1.1722,0.34438163,4785 MOV
4785,MOV,1.1944,0.34481968,4785 MOV
4785,MOV,1.2167,0.34525179,4785 MOV
4785,MOV,1.2389,0.34567435,4785 MOV
4785,MOV,1.2611,0.3460896,4785 MOV
4785,MOV,1.2833,0.34649778,4785 MOV
4785,MOV,1.3056,0.34690093,4785 MOV
4785,MOV,1.3278,0.34729566,4785 MOV
4785,MOV,1.35,0.347684,4785 MOV
4785,MOV,1.3733,0.34808494,4785 MOV
4785,MOV,1.3967,0.34848098,4785 MOV
4785,MOV,1.42,0.34886895,4785 MOV
4785,MOV,1.4433,0.34925076,4785 MOV
4785,MOV,1.4667,0.34962821,4785 MOV
4785,MOV,1.49,0.34999825,4785 MOV
4785,MOV,1.5133,0.35036268,4785 MOV
4785,MOV,1.5367,0.35072321,4785 MOV
4785,MOV,1.56,0.35107692,4785 MOV
4785,MOV,1.5833,0.35142551,4785 MOV
4785,MOV,1.6067,0.3517706,4785 MOV
4785,MOV,1.63,0.35210937,4785 MOV
4785,MOV,1.6533,0.35244344,4785 MOV
4785,MOV,1.6767,0.35277436,4785 MOV
4785,MOV,1.7,0.35309942,4785 MOV
4785,MOV,1.7233,0.35342015,4785 MOV
4785,MOV,1.7467,0.35373803,4785 MOV
4785,MOV,1.77,0.35405045,4785 MOV
4785,MOV,1.7933,0.35435887,4785 MOV
4785,MOV,1.8167,0.35466471,4785 MOV
4785,MOV,1.84,0.35496544,4785 MOV
4785,MOV,1.8633,0.35526248,4785 MOV
4785,MOV,1.8867,0.35555717,4785 MOV
4785,MOV,1.91,0.35584707,4785 MOV
4785,MOV,1.9333,0.35613353,4785 MOV
4785,MOV,1.9567,0.35641785,4785 MOV
4785,MOV,1.98,0.35669768,4785 MOV
4785,MOV,2.0033,0.35697431,4785 MOV
4785,MOV,2.0267,0.35724898,4785 MOV
4785,MOV,2.05,0.35751942,4785 MOV
4785,MOV,2.0733,0.35778687,4785 MOV
4785,MOV,2.0967,0.35805253,4785 MOV
4785,MOV,2.12,0.35831419,4785 MOV
4785,MOV,2.1433,0.35857305,4785 MOV
4785,MOV,2.1667,0.35883028,4785 MOV
4785,MOV,2.19,0.35908372,4785 MOV
4785,MOV,2.2356,0.3595722,4785 MOV
4785,MOV,2.2811,0.36004999,4785 MOV
4785,MOV,2.3267,0.36051958,4785 MOV
4785,MOV,2.3722,0.36097925,4785 MOV
4785,MOV,2.4178,0.36143138,4785 MOV
4785,MOV,2.4633,0.36187427,4785 MOV
4785,MOV,2.5089,0.36231019,4785 MOV
4785,MOV,2.5544,0.3627375,4785 MOV
4785,MOV,2.6,0.36315835,4785 MOV
4786,AUC,0.0,0.26602831,4786 AUC
4786,AUC,0.0056,0.26652032,4786 AUC
4786,AUC,0.0111,0.26700322,4786 AUC
4786,AUC,0.0167,0.26749457,4786 AUC
4786,AUC,0.0222,0.26797683,4786 AUC
4786,AUC,0.0278,0.26846753,4786 AUC
4786,AUC,0.0333,0.26894915,4786 AUC
4786,AUC,0.0389,0.2694392,4786 AUC
4786,AUC,0.0444,0.26992017,4786 AUC
4786,AUC,0.05,0.27040957,4786 AUC
4786,AUC,0.0528,0.27065415,4786 AUC
4786,AUC,0.0556,0.27089864,4786 AUC
4786,AUC,0.0583,0.27113432,4786 AUC
4786,AUC,0.0611,0.27137866,4786 AUC
4786,AUC,0.0639,0.27162291,4786 AUC
4786,AUC,0.0667,0.27186708,4786 AUC
4786,AUC,0.0694,0.27210245,4786 AUC
4786,AUC,0.0722,0.27234645,4786 AUC
4786,AUC,0.075,0.27259038,4786 AUC
4786,AUC,0.0778,0.27283423,4786 AUC
4786,AUC,0.0806,0.27307799,4786 AUC
4786,AUC,0.0833,0.27331297,4786 AUC
4786,AUC,0.0861,0.27355657,4786 AUC
4786,AUC,0.0889,0.27380009,4786 AUC
4786,AUC,0.0917,0.27404353,4786 AUC
4786,AUC,0.0944,0.2742782,4786 AUC
4786,AUC,0.0972,0.27452148,4786 AUC
4786,AUC,0.1,0.27476467,4786 AUC
4786,AUC,0.1056,0.27525082,4786 AUC
4786,AUC,0.1111,0.27572797,4786 AUC
4786,AUC,0.1167,0.27621348,4786 AUC
4786,AUC,0.1222,0.27669,4786 AUC
4786,AUC,0.1278,0.27717486,4786 AUC
4786,AUC,0.1333,0.27765074,4786 AUC
4786,AUC,0.1389,0.27813496,4786 AUC
4786,AUC,0.1444,0.27861021,4786 AUC
4786,AUC,0.15,0.27909378,4786 AUC
4786,AUC,0.1556,0.27957703,4786 AUC
4786,AUC,0.1611,0.28005133,4786 AUC
4786,AUC,0.1667,0.28053394,4786 AUC
4786,AUC,0.1722,0.28100761,4786 AUC
4786,AUC,0.1778,0.28148958,4786 AUC
4786,AUC,0.1833,0.28196262,4786 AUC
4786,AUC,0.1889,0.28244394,4786 AUC
4786,AUC,0.1944,0.28291636,4786 AUC
4786,AUC,0.2,0.28339705,4786 AUC
4786,AUC,0.2056,0.28387741,4786 AUC
4786,AUC,0.2111,0.28434888,4786 AUC
4786,AUC,0.2167,0.28482861,4786 AUC
4786,AUC,0.2222,0.28529945,4786 AUC
4786,AUC,0.2278,0.28577854,4786 AUC
4786,AUC,0.2333,0.28624876,4786 AUC
4786,AUC,0.2389,0.28672721,4786 AUC
4786,AUC,0.2444,0.28719681,4786 AUC
4786,AUC,0.25,0.28767462,4786 AUC
4786,AUC,0.2778,0.2900419,4786 AUC
4786,AUC,0.3056,0.29240131,4786 AUC
4786,AUC,0.3333,0.29474444,4786 AUC
4786,AUC,0.3611,0.29708822,4786 AUC
4786,AUC,0.3889,0.29942422,4786 AUC
4786,AUC,0.4167,0.30175245,4786 AUC
4786,AUC,0.4444,0.30406461,4786 AUC
4786,AUC,0.4722,0.30637742,4786 AUC
4786,AUC,0.5,0.30868254,4786 AUC
4786,AUC,0.5278,0.31098,4786 AUC
4786,AUC,0.5556,0.31326983,4786 AUC
4786,AUC,0.5833,0.31554385,4786 AUC
4786,AUC,0.6111,0.31781851,4786 AUC
4786,AUC,0.6389,0.32008561,4786 AUC
4786,AUC,0.6667,0.32234518,4786 AUC
4786,AUC,0.6944,0.32458915,4786 AUC
4786,AUC,0.7222,0.32683375,4786 AUC
4786,AUC,0.75,0.32907089,4786 AUC
4786,AUC,0.7778,0.3313006,4786 AUC
4786,AUC,0.8056,0.33352289,4786 AUC
4786,AUC,0.8333,0.33572985,4786 AUC
4786,AUC,0.8611,0.33793743,4786 AUC
4786,AUC,0.8889,0.34013766,4786 AUC
4786,AUC,0.9167,0.34233059,4786 AUC
4786,AUC,0.9444,0.34450838,4786 AUC
4786,AUC,0.9722,0.34668679,4786 AUC
4786,AUC,1.0,0.34885795,4786 AUC
4786,AUC,1.0278,0.3510219,4786 AUC
4786,AUC,1.0556,0.35317865,4786 AUC
4786,AUC,1.0833,0.35532052,4786 AUC
4786,AUC,1.1111,0.35746299,4786 AUC
4786,AUC,1.1389,0.35959834,4786 AUC
4786,AUC,1.1667,0.36172659,4786 AUC
4786,AUC,1.1944,0.36384016,4786 AUC
4786,AUC,1.2222,0.36595431,4786 AUC
4786,AUC,1.25,0.36806144,4786 AUC
4786,AUC,1.2778,0.37016157,4786 AUC
4786,AUC,1.3056,0.37225472,4786 AUC
4786,AUC,1.3333,0.37433342,4786 AUC
4786,AUC,1.3611,0.37641271,4786 AUC
4786,AUC,1.3889,0.37848508,4786 AUC
4786,AUC,1.4167,0.38055057,4786 AUC
4786,AUC,1.4444,0.3826018,4786 AUC
4786,AUC,1.4722,0.3846536,4786 AUC
4786,AUC,1.5,0.38669859,4786 AUC
4786,AUC,1.5444,0.3899506,4786 AUC
4786,AUC,1.5889,0.39319263,4786 AUC
4786,AUC,1.6333,0.39641021,4786 AUC
4786,AUC,1.6778,0.39961791,4786 AUC
4786,AUC,1.7222,0.40280141,4786 AUC
4786,AUC,1.7667,0.40597515,4786 AUC
4786,AUC,1.8111,0.40912495,4786 AUC
4786,AUC,1.8556,0.41226508,4786 AUC
4786,AUC,1.9,0.41538152,4786 AUC
4786,MOV,,,4786 MOV
4787,AUC,,,4787 AUC
4787,MOV,0.0,0.14685326,4787 MOV
4787,MOV,0.1111,0.14686456,4787 MOV
4787,MOV,0.2222,0.14695679,4787 MOV
4787,MOV,0.3333,0.14722425,4787 MOV
4787,MOV,0.4444,0.14775836,4787 MOV
4787,MOV,0.5556,0.14864311,4787 MOV
4787,MOV,0.6667,0.1499495,4787 MOV
4787,MOV,0.7778,0.15173957,4787 MOV
4787,MOV,0.8889,0.15406366,4787 MOV
4787,MOV,1.0,0.15696149,4787 MOV
4787,MOV,1.01,0.15725155,4787 MOV
4787,MOV,1.02,0.15754653,4787 MOV
4787,MOV,1.03,0.15784644,4787 MOV
4787,MOV,1.04,0.1581513,4787 MOV
4787,MOV,1.05,0.15846112,4787 MOV
4787,MOV,1.06,0.15877591,4787 MOV
4787,MOV,1.07,0.15909571,4787 MOV
4787,MOV,1.08,0.15942051,4787 MOV
4787,MOV,1.09,0.15975033,4787 MOV
4787,MOV,1.1011,0.16012233,4787 MOV
4787,MOV,1.1122,0.16050055,4787 MOV
4787,MOV,1.1233,0.160885,4787 MOV
4787,MOV,1.1344,0.16127571,4787 MOV
4787,MOV,1.1456,0.16167629,4787 MOV
4787,MOV,1.1567,0.16207961,4787 MOV
4787,MOV,1.1678,0.16248922,4787 MOV
4787,MOV,1.1789,0.16290513,4787 MOV
4787,MOV,1.19,0.16332737,4787 MOV
4787,MOV,1.2022,0.16379875,4787 MOV
4787,MOV,1.2144,0.16427778,4787 MOV
4787,MOV,1.2267,0.16476851,4787 MOV
4787,MOV,1.2389,0.16526297,4787 MOV
4787,MOV,1.2511,0.16576511,4787 MOV
4787,MOV,1.2633,0.16627496,4787 MOV
4787,MOV,1.2756,0.16679679,4787 MOV
4787,MOV,1.2878,0.16732212,4787 MOV
4787,MOV,1.3,0.16785517,4787 MOV
4787,MOV,1.3133,0.16844509,4787 MOV
4787,MOV,1.3267,0.16904873,4787 MOV
4787,MOV,1.34,0.16965709,4787 MOV
4787,MOV,1.3533,0.17027464,4787 MOV
4787,MOV,1.3667,0.17090612,4787 MOV
4787,MOV,1.38,0.17154212,4787 MOV
4787,MOV,1.3933,0.17218731,4787 MOV
4787,MOV,1.4067,0.17284663,4787 MOV
4787,MOV,1.42,0.17351025,4787 MOV
4787,MOV,1.4333,0.17418304,4787 MOV
4787,MOV,1.4467,0.17487015,4787 MOV
4787,MOV,1.46,0.17556133,4787 MOV
4787,MOV,1.4733,0.17626166,4787 MOV
4787,MOV,1.4867,0.17697648,4787 MOV
4787,MOV,1.5,0.17769513,4787 MOV
4787,MOV,1.5133,0.17842289,4787 MOV
4787,MOV,1.5267,0.17916532,4787 MOV
4787,MOV,1.54,0.17991133,4787 MOV
4787,MOV,1.5556,0.18079788,4787 MOV
4787,MOV,1.5711,0.18169107,4787 MOV
4787,MOV,1.5867,0.18260239,4787 MOV
4787,MOV,1.6022,0.18352013,4787 MOV
4787,MOV,1.6178,0.18445608,4787 MOV
4787,MOV,1.6333,0.18539822,4787 MOV
4787,MOV,1.6489,0.18635866,4787 MOV
4787,MOV,1.6644,0.18732506,4787 MOV
4787,MOV,1.68,0.18830982,4787 MOV
4787,MOV,1.6978,0.18944829,4787 MOV
4787,MOV,1.7156,0.1906025,4787 MOV
4787,MOV,1.7333,0.19176575,4787 MOV
4787,MOV,1.7511,0.19295112,4787 MOV
4787,MOV,1.7689,0.19415201,4787 MOV
4787,MOV,1.7867,0.19536832,4787 MOV
4787,MOV,1.8044,0.19659304,4787 MOV
4787,MOV,1.8222,0.19783989,4787 MOV
4787,MOV,1.84,0.19910194,4787 MOV
4787,MOV,1.8578,0.20037908,4787 MOV
4787,MOV,1.8756,0.20167122,4787 MOV
4787,MOV,1.8933,0.20297089,4787 MOV
4787,MOV,1.9111,0.20429268,4787 MOV
4787,MOV,1.9289,0.2056292,4787 MOV
4787,MOV,1.9467,0.20698033,4787 MOV
4787,MOV,1.9644,0.20833827,4787 MOV
4787,MOV,1.9822,0.20971826,4787 MOV
4787,MOV,2.0,0.21111257,4787 MOV
4787,MOV,2.0211,0.21278376,4787 MOV
4787,MOV,2.0422,0.21447474,4787 MOV
4787,MOV,2.0633,0.21618531,4787 MOV
4787,MOV,2.0844,0.2179153,4787 MOV
4787,MOV,2.1056,0.21967284,4787 MOV
4787,MOV,2.1267,0.22144117,4787 MOV
4787,MOV,2.1478,0.22322833,4787 MOV
4787,MOV,2.1689,0.22503412,4787 MOV
4787,MOV,2.19,0.22685835,4787 MOV
4787,MOV,2.2111,0.2287008,4787 MOV
4787,MOV,2.2322,0.23056129,4787 MOV
4787,MOV,2.2533,0.23243959,4787 MOV
4787,MOV,2.2744,0.2343355,4787 MOV
4787,MOV,2.2956,0.23625791,4787 MOV
4787,MOV,2.3167,0.23818849,4787 MOV
4787,MOV,2.3378,0.24013602,4787 MOV
4787,MOV,2.3589,0.24210031,4787 MOV
4787,MOV,2.38,0.24408114,4787 MOV
4787,MOV,2.4044,0.24639208,4787 MOV
4787,MOV,2.4289,0.24873411,4787 MOV
4787,MOV,2.4533,0.25108774,4787 MOV
4787,MOV,2.4778,0.25347193,4787 MOV
4787,MOV,2.5022,0.25586686,4787 MOV
4787,MOV,2.5267,0.25829182,4787 MOV
4787,MOV,2.5511,0.26072665,4787 MOV
4787,MOV,2.5756,0.26319095,4787 MOV
4787,MOV,2.6,0.26566426,4787 MOV
4788,AUC,0.0,0.20327809,4788 AUC
4788,AUC,0.0056,0.20357816,4788 AUC
4788,AUC,0.0111,0.20387277,4788 AUC
4788,AUC,0.0167,0.20417262,4788 AUC
4788,AUC,0.0222,0.204467,4788 AUC
4788,AUC,0.0278,0.20476663,4788 AUC
4788,AUC,0.0333,0.20506079,4788 AUC
4788,AUC,0.0389,0.20536019,4788 AUC
4788,AUC,0.0444,0.20565414,4788 AUC
4788,AUC,0.05,0.20595332,4788 AUC
4788,AUC,0.0528,0.20610287,4788 AUC
4788,AUC,0.0556,0.20625239,4788 AUC
4788,AUC,0.0583,0.20639654,4788 AUC
4788,AUC,0.0611,0.206546,4788 AUC
4788,AUC,0.0639,0.20669544,4788 AUC
4788,AUC,0.0667,0.20684484,4788 AUC
4788,AUC,0.0694,0.20698889,4788 AUC
4788,AUC,0.0722,0.20713824,4788 AUC
4788,AUC,0.075,0.20728757,4788 AUC
4788,AUC,0.0778,0.20743686,4788 AUC
4788,AUC,0.0806,0.20758613,4788 AUC
4788,AUC,0.0833,0.20773004,4788 AUC
4788,AUC,0.0861,0.20787925,4788 AUC
4788,AUC,0.0889,0.20802844,4788 AUC
4788,AUC,0.0917,0.20817759,4788 AUC
4788,AUC,0.0944,0.2083214,4788 AUC
4788,AUC,0.0972,0.2084705,4788 AUC
4788,AUC,0.1,0.20861957,4788 AUC
4788,AUC,0.1056,0.20891763,4788 AUC
4788,AUC,0.1111,0.20921026,4788 AUC
4788,AUC,0.1167,0.2095081,4788 AUC
4788,AUC,0.1222,0.20980051,4788 AUC
4788,AUC,0.1278,0.21009813,4788 AUC
4788,AUC,0.1333,0.21039032,4788 AUC
4788,AUC,0.1389,0.21068772,4788 AUC
4788,AUC,0.1444,0.21097969,4788 AUC
4788,AUC,0.15,0.21127687,4788 AUC
4788,AUC,0.1556,0.21157393,4788 AUC
4788,AUC,0.1611,0.21186558,4788 AUC
4788,AUC,0.1667,0.21216242,4788 AUC
4788,AUC,0.1722,0.21245385,4788 AUC
4788,AUC,0.1778,0.21275046,4788 AUC
4788,AUC,0.1833,0.21304168,4788 AUC
4788,AUC,0.1889,0.21333807,4788 AUC
4788,AUC,0.1944,0.21362907,4788 AUC
4788,AUC,0.2,0.21392524,4788 AUC
4788,AUC,0.2056,0.21422131,4788 AUC
4788,AUC,0.2111,0.21451197,4788 AUC
4788,AUC,0.2167,0.21480782,4788 AUC
4788,AUC,0.2222,0.21509827,4788 AUC
4788,AUC,0.2278,0.21539389,4788 AUC
4788,AUC,0.2333,0.21568412,4788 AUC
4788,AUC,0.2389,0.21597953,4788 AUC
4788,AUC,0.2444,0.21626954,4788 AUC
4788,AUC,0.25,0.21656472,4788 AUC
4788,AUC,0.2778,0.21802844,4788 AUC
4788,AUC,0.3056,0.21948942,4788 AUC
4788,AUC,0.3333,0.22094243,4788 AUC
4788,AUC,0.3611,0.22239797,4788 AUC
4788,AUC,0.3889,0.22385079,4788 AUC
4788,AUC,0.4167,0.22530089,4788 AUC
4788,AUC,0.4444,0.22674309,4788 AUC
4788,AUC,0.4722,0.22818779,4788 AUC
4788,AUC,0.5,0.22962979,4788 AUC
4788,AUC,0.5278,0.23106909,4788 AUC
4788,AUC,0.5556,0.23250571,4788 AUC
4788,AUC,0.5833,0.23393449,4788 AUC
4788,AUC,0.6111,0.23536575,4788 AUC
4788,AUC,0.6389,0.23679434,4788 AUC
4788,AUC,0.6667,0.23822027,4788 AUC
4788,AUC,0.6944,0.23963841,4788 AUC
4788,AUC,0.7222,0.24105901,4788 AUC
4788,AUC,0.75,0.24247697,4788 AUC
4788,AUC,0.7778,0.24389227,4788 AUC
4788,AUC,0.8056,0.24530493,4788 AUC
4788,AUC,0.8333,0.24670988,4788 AUC
4788,AUC,0.8611,0.24811728,4788 AUC
4788,AUC,0.8889,0.24952204,4788 AUC
4788,AUC,0.9167,0.25092419,4788 AUC
4788,AUC,0.9444,0.25231868,4788 AUC
4788,AUC,0.9722,0.25371559,4788 AUC
4788,AUC,1.0,0.2551099,4788 AUC
4788,AUC,1.0278,0.2565016,4788 AUC
4788,AUC,1.0556,0.2578907,4788 AUC
4788,AUC,1.0833,0.25927223,4788 AUC
4788,AUC,1.1111,0.26065615,4788 AUC
4788,AUC,1.1389,0.26203749,4788 AUC
4788,AUC,1.1667,0.26341625,4788 AUC
4788,AUC,1.1944,0.26478748,4788 AUC
4788,AUC,1.2222,0.2661611,4788 AUC
4788,AUC,1.25,0.26753216,4788 AUC
4788,AUC,1.2778,0.26890065,4788 AUC
4788,AUC,1.3056,0.27026659,4788 AUC
4788,AUC,1.3333,0.27162507,4788 AUC
4788,AUC,1.3611,0.27298592,4788 AUC
4788,AUC,1.3889,0.27434422,4788 AUC
4788,AUC,1.4167,0.27569998,4788 AUC
4788,AUC,1.4444,0.27704835,4788 AUC
4788,AUC,1.4722,0.27839907,4788 AUC
4788,AUC,1.5,0.27974725,4788 AUC
4788,AUC,1.5444,0.28189526,4788 AUC
4788,AUC,1.5889,0.28404167,4788 AUC
4788,AUC,1.6333,0.28617686,4788 AUC
4788,AUC,1.6778,0.28831047,4788 AUC
4788,AUC,1.7222,0.29043294,4788 AUC
4788,AUC,1.7667,0.29255383,4788 AUC
4788,AUC,1.8111,0.29466364,4788 AUC
4788,AUC,1.8556,0.29677189,4788 AUC
4788,AUC,1.9,0.29886911,4788 AUC
4788,MOV,,,4788 MOV
4789,AUC,0.0,0.12334952,4789 AUC
4789,AUC,0.0111,0.12364728,4789 AUC
4789,AUC,0.0222,0.12394494,4789 AUC
4789,AUC,0.0333,0.1242425,4789 AUC
4789,AUC,0.0444,0.12453996,4789 AUC
4789,AUC,0.0556,0.12484,4789 AUC
4789,AUC,0.0667,0.12513725,4789 AUC
4789,AUC,0.0778,0.12543441,4789 AUC
4789,AUC,0.0889,0.12573146,4789 AUC
4789,AUC,0.1,0.12602841,4789 AUC
4789,AUC,0.1233,0.12665141,4789 AUC
4789,AUC,0.1467,0.12727664,4789 AUC
4789,AUC,0.17,0.12789876,4789 AUC
4789,AUC,0.1933,0.12852043,4789 AUC
4789,AUC,0.2167,0.12914432,4789 AUC
4789,AUC,0.24,0.1297651,4789 AUC
4789,AUC,0.2633,0.13038545,4789 AUC
4789,AUC,0.2867,0.131008,4789 AUC
4789,AUC,0.31,0.13162746,4789 AUC
4789,AUC,0.3333,0.13224647,4789 AUC
4789,AUC,0.3567,0.13286769,4789 AUC
4789,AUC,0.38,0.13348582,4789 AUC
4789,AUC,0.4033,0.13410351,4789 AUC
4789,AUC,0.4267,0.13472341,4789 AUC
4789,AUC,0.45,0.13534021,4789 AUC
4789,AUC,0.4733,0.13595658,4789 AUC
4789,AUC,0.4967,0.13657515,4789 AUC
4789,AUC,0.52,0.13719063,4789 AUC
4789,AUC,0.5433,0.13780568,4789 AUC
4789,AUC,0.5667,0.13842293,4789 AUC
4789,AUC,0.59,0.13903709,4789 AUC
4789,AUC,0.6133,0.13965083,4789 AUC
4789,AUC,0.6367,0.14026675,4789 AUC
4789,AUC,0.66,0.1408796,4789 AUC
4789,AUC,0.6833,0.14149202,4789 AUC
4789,AUC,0.7067,0.14210663,4789 AUC
4789,AUC,0.73,0.14271817,4789 AUC
4789,AUC,0.7533,0.14332928,4789 AUC
4789,AUC,0.7767,0.14394257,4789 AUC
4789,AUC,0.8,0.1445528,4789 AUC
4789,AUC,0.8233,0.1451626,4789 AUC
4789,AUC,0.8467,0.14577458,4789 AUC
4789,AUC,0.87,0.14638351,4789 AUC
4789,AUC,0.8933,0.146992,4789 AUC
4789,AUC,0.9167,0.14760267,4789 AUC
4789,AUC,0.94,0.1482103,4789 AUC
4789,AUC,0.9467,0.14838494,4789 AUC
4789,AUC,0.9533,0.14855694,4789 AUC
4789,AUC,0.96,0.14873152,4789 AUC
4789,AUC,0.9667,0.14890605,4789 AUC
4789,AUC,0.9733,0.14907795,4789 AUC
4789,AUC,0.98,0.14925242,4789 AUC
4789,AUC,0.9867,0.14942685,4789 AUC
4789,AUC,0.9933,0.14959864,4789 AUC
4789,AUC,1.0,0.149773,4789 AUC
4789,AUC,1.01,0.15003317,4789 AUC
4789,AUC,1.02,0.15029327,4789 AUC
4789,AUC,1.03,0.15055328,4789 AUC
4789,AUC,1.04,0.15081321,4789 AUC
4789,AUC,1.05,0.15107307,4789 AUC
4789,AUC,1.06,0.15133284,4789 AUC
4789,AUC,1.07,0.15159254,4789 AUC
4789,AUC,1.08,0.15185215,4789 AUC
4789,AUC,1.09,0.15211169,4789 AUC
4789,AUC,1.0967,0.15228553,4789 AUC
4789,AUC,1.1033,0.15245675,4789 AUC
4789,AUC,1.11,0.15263052,4789 AUC
4789,AUC,1.1167,0.15280426,4789 AUC
4789,AUC,1.1233,0.15297537,4789 AUC
4789,AUC,1.13,0.15314904,4789 AUC
4789,AUC,1.1367,0.15332267,4789 AUC
4789,AUC,1.1433,0.15349367,4789 AUC
4789,AUC,1.15,0.15366724,4789 AUC
4789,AUC,1.1544,0.1537812,4789 AUC
4789,AUC,1.1589,0.15389773,4789 AUC
4789,AUC,1.1633,0.15401166,4789 AUC
4789,AUC,1.1678,0.15412817,4789 AUC
4789,AUC,1.1722,0.15424206,4789 AUC
4789,AUC,1.1767,0.15435854,4789 AUC
4789,AUC,1.1811,0.1544724,4789 AUC
4789,AUC,1.1856,0.15458884,4789 AUC
4789,AUC,1.19,0.15470268,4789 AUC
4789,AUC,1.2022,0.15501824,4789 AUC
4789,AUC,1.2144,0.15533368,4789 AUC
4789,AUC,1.2267,0.15565159,4789 AUC
4789,AUC,1.2389,0.15596679,4789 AUC
4789,AUC,1.2511,0.15628188,4789 AUC
4789,AUC,1.2633,0.15659685,4789 AUC
4789,AUC,1.2756,0.15691428,4789 AUC
4789,AUC,1.2878,0.15722902,4789 AUC
4789,AUC,1.3,0.15754363,4789 AUC
4789,AUC,1.3056,0.15768801,4789 AUC
4789,AUC,1.3111,0.15782978,4789 AUC
4789,AUC,1.3167,0.1579741,4789 AUC
4789,AUC,1.3222,0.15811583,4789 AUC
4789,AUC,1.3278,0.15826011,4789 AUC
4789,AUC,1.3333,0.15840178,4789 AUC
4789,AUC,1.3389,0.15854601,4789 AUC
4789,AUC,1.3444,0.15868764,4789 AUC
4789,AUC,1.35,0.15883182,4789 AUC
4789,AUC,1.3578,0.15903259,4789 AUC
4789,AUC,1.3656,0.15923333,4789 AUC
4789,AUC,1.3733,0.15943144,4789 AUC
4789,AUC,1.3811,0.15963207,4789 AUC
4789,AUC,1.3889,0.15983266,4789 AUC
4789,AUC,1.3967,0.1600332,4789 AUC
4789,AUC,1.4044,0.16023112,4789 AUC
4789,AUC,1.4122,0.16043157,4789 AUC
4789,AUC,1.42,0.16063196,4789 AUC
4789,AUC,1.4333,0.16097356,4789 AUC
4789,AUC,1.4467,0.16131758,4789 AUC
4789,AUC,1.46,0.16165889,4789 AUC
4789,AUC,1.4733,0.16200006,4789 AUC
4789,AUC,1.4867,0.16234366,4789 AUC
4789,AUC,1.5,0.16268456,4789 AUC
4789,AUC,1.5133,0.16302531,4789 AUC
4789,AUC,1.5267,0.16336849,4789 AUC
4789,AUC,1.54,0.16370897,4789 AUC
4789,AUC,1.5422,0.16376528,4789 AUC
4789,AUC,1.5444,0.16382158,4789 AUC
4789,AUC,1.5467,0.16388044,4789 AUC
4789,AUC,1.5489,0.16393673,4789 AUC
4789,AUC,1.5511,0.16399302,4789 AUC
4789,AUC,1.5533,0.16404931,4789 AUC
4789,AUC,1.5556,0.16410815,4789 AUC
4789,AUC,1.5578,0.16416443,4789 AUC
4789,AUC,1.56,0.16422071,4789 AUC
4789,AUC,1.5733,0.16456084,4789 AUC
4789,AUC,1.5867,0.16490339,4789 AUC
4789,AUC,1.6,0.16524324,4789 AUC
4789,AUC,1.6133,0.16558296,4789 AUC
4789,AUC,1.6267,0.16592509,4789 AUC
4789,AUC,1.64,0.16626453,4789 AUC
4789,AUC,1.6533,0.16660383,4789 AUC
4789,AUC,1.6667,0.16694554,4789 AUC
4789,AUC,1.68,0.16728456,4789 AUC
4789,AUC,1.69,0.16753938,4789 AUC
4789,AUC,1.7,0.16779411,4789 AUC
4789,AUC,1.71,0.16804877,4789 AUC
4789,AUC,1.72,0.16830335,4789 AUC
4789,AUC,1.73,0.16855785,4789 AUC
4789,AUC,1.74,0.16881227,4789 AUC
4789,AUC,1.75,0.16906662,4789 AUC
4789,AUC,1.76,0.16932089,4789 AUC
4789,AUC,1.77,0.16957508,4789 AUC
4789,AUC,1.7778,0.16977329,4789 AUC
4789,AUC,1.7856,0.16997146,4789 AUC
4789,AUC,1.7933,0.17016704,4789 AUC
4789,AUC,1.8011,0.17036511,4789 AUC
4789,AUC,1.8089,0.17056314,4789 AUC
4789,AUC,1.8167,0.17076112,4789 AUC
4789,AUC,1.8244,0.17095651,4789 AUC
4789,AUC,1.8322,0.1711544,4789 AUC
4789,AUC,1.84,0.17135224,4789 AUC
4789,AUC,1.8556,0.17174777,4789 AUC
4789,AUC,1.8711,0.17214058,4789 AUC
4789,AUC,1.8867,0.17253574,4789 AUC
4789,AUC,1.9022,0.17292817,4789 AUC
4789,AUC,1.9178,0.17332296,4789 AUC
4789,AUC,1.9333,0.17371502,4789 AUC
4789,AUC,1.9489,0.17410943,4789 AUC
4789,AUC,1.9644,0.17450112,4789 AUC
4789,AUC,1.98,0.17489515,4789 AUC
4789,AUC,1.9822,0.1749507,4789 AUC
4789,AUC,1.9844,0.17500625,4789 AUC
4789,AUC,1.9867,0.17506432,4789 AUC
4789,AUC,1.9889,0.17511986,4789 AUC
4789,AUC,1.9911,0.1751754,4789 AUC
4789,AUC,1.9933,0.17523093,4789 AUC
4789,AUC,1.9956,0.17528899,4789 AUC
4789,AUC,1.9978,0.17534452,4789 AUC
4789,AUC,2.0,0.17540004,4789 AUC
4789,AUC,2.0211,0.17593237,4789 AUC
4789,AUC,2.0422,0.17646435,4789 AUC
4789,AUC,2.0633,0.17699599,4789 AUC
4789,AUC,2.0844,0.17752728,4789 AUC
4789,AUC,2.1056,0.17806075,4789 AUC
4789,AUC,2.1267,0.17859136,4789 AUC
4789,AUC,2.1478,0.17912163,4789 AUC
4789,AUC,2.1689,0.17965155,4789 AUC
4789,AUC,2.19,0.18018113,4789 AUC
4789,AUC,2.2111,0.18071037,4789 AUC
4789,AUC,2.2322,0.18123927,4789 AUC
4789,AUC,2.2533,0.18176783,4789 AUC
4789,AUC,2.2744,0.18229604,4789 AUC
4789,AUC,2.2956,0.18282642,4789 AUC
4789,AUC,2.3167,0.18335395,4789 AUC
4789,AUC,2.3378,0.18388114,4789 AUC
4789,AUC,2.3589,0.18440799,4789 AUC
4789,AUC,2.38,0.1849345,4789 AUC
4789,AUC,2.4044,0.18554294,4789 AUC
4789,AUC,2.4289,0.18615341,4789 AUC
4789,AUC,2.4533,0.18676093,4789 AUC
4789,AUC,2.4778,0.18737048,4789 AUC
4789,AUC,2.5022,0.1879771,4789 AUC
4789,AUC,2.5267,0.18858574,4789 AUC
4789,AUC,2.5511,0.18919145,4789 AUC
4789,AUC,2.5756,0.18979919,4789 AUC
4789,AUC,2.6,0.19040399,4789 AUC
4789,MOV,,,4789 MOV
4790,AUC,,,4790 AUC
4790,MOV,,,4790 MOV
4791,AUC,0.0,0.08894838,4791 AUC
4791,AUC,0.0056,0.08936883,4791 AUC
4791,AUC,0.0111,0.08978158,4791 AUC
4791,AUC,0.0167,0.09020164,4791 AUC
4791,AUC,0.0222,0.09061402,4791 AUC
4791,AUC,0.0278,0.09103369,4791 AUC
4791,AUC,0.0333,0.09144569,4791 AUC
4791,AUC,0.0389,0.09186499,4791 AUC
4791,AUC,0.0444,0.0922766,4791 AUC
4791,AUC,0.05,0.09269552,4791 AUC
4791,AUC,0.0528,0.0929049,4791 AUC
4791,AUC,0.0556,0.09311423,4791 AUC
4791,AUC,0.0583,0.09331605,4791 AUC
4791,AUC,0.0611,0.09352529,4791 AUC
4791,AUC,0.0639,0.09373448,4791 AUC
4791,AUC,0.0667,0.09394362,4791 AUC
4791,AUC,0.0694,0.09414525,4791 AUC
4791,AUC,0.0722,0.0943543,4791 AUC
4791,AUC,0.075,0.0945633,4791 AUC
4791,AUC,0.0778,0.09477225,4791 AUC
4791,AUC,0.0806,0.09498116,4791 AUC
4791,AUC,0.0833,0.09518255,4791 AUC
4791,AUC,0.0861,0.09539136,4791 AUC
4791,AUC,0.0889,0.09560012,4791 AUC
4791,AUC,0.0917,0.09580884,4791 AUC
4791,AUC,0.0944,0.09601005,4791 AUC
4791,AUC,0.0972,0.09621867,4791 AUC
4791,AUC,0.1,0.09642724,4791 AUC
4791,AUC,0.1056,0.09684423,4791 AUC
4791,AUC,0.1111,0.0972536,4791 AUC
4791,AUC,0.1167,0.09767021,4791 AUC
4791,AUC,0.1222,0.0980792,4791 AUC
4791,AUC,0.1278,0.09849543,4791 AUC
4791,AUC,0.1333,0.09890405,4791 AUC
4791,AUC,0.1389,0.0993199,4791 AUC
4791,AUC,0.1444,0.09972814,4791 AUC
4791,AUC,0.15,0.10014361,4791 AUC
4791,AUC,0.1556,0.10055889,4791 AUC
4791,AUC,0.1611,0.10096657,4791 AUC
4791,AUC,0.1667,0.10138147,4791 AUC
4791,AUC,0.1722,0.10178878,4791 AUC
4791,AUC,0.1778,0.1022033,4791 AUC
4791,AUC,0.1833,0.10261023,4791 AUC
4791,AUC,0.1889,0.10302437,4791 AUC
4791,AUC,0.1944,0.10343093,4791 AUC
4791,AUC,0.2,0.1038447,4791 AUC
4791,AUC,0.2056,0.10425827,4791 AUC
4791,AUC,0.2111,0.10466427,4791 AUC
4791,AUC,0.2167,0.10507747,4791 AUC
4791,AUC,0.2222,0.1054831,4791 AUC
4791,AUC,0.2278,0.10589591,4791 AUC
4791,AUC,0.2333,0.10630117,4791 AUC
4791,AUC,0.2389,0.10671361,4791 AUC
4791,AUC,0.2444,0.1071185,4791 AUC
4791,AUC,0.25,0.10753056,4791 AUC
4791,AUC,0.2778,0.10957334,4791 AUC
4791,AUC,0.3056,0.11161145,4791 AUC
4791,AUC,0.3333,0.11363758,4791 AUC
4791,AUC,0.3611,0.11566638,4791 AUC
4791,AUC,0.3889,0.11769054,4791 AUC
4791,AUC,0.4167,0.11971006,4791 AUC
4791,AUC,0.4444,0.12171772,4791 AUC
4791,AUC,0.4722,0.12372803,4791 AUC
4791,AUC,0.5,0.12573374,4791 AUC
4791,AUC,0.5278,0.12773485,4791 AUC
4791,AUC,0.5556,0.12973138,4791 AUC
4791,AUC,0.5833,0.13171619,4791 AUC
4791,AUC,0.6111,0.13370361,4791 AUC
4791,AUC,0.6389,0.13568648,4791 AUC
4791,AUC,0.6667,0.13766482,4791 AUC
4791,AUC,0.6944,0.13963153,4791 AUC
4791,AUC,0.7222,0.14160083,4791 AUC
4791,AUC,0.75,0.14356563,4791 AUC
4791,AUC,0.7778,0.14552593,4791 AUC
4791,AUC,0.8056,0.14748174,4791 AUC
4791,AUC,0.8333,0.14942606,4791 AUC
4791,AUC,0.8611,0.15137295,4791 AUC
4791,AUC,0.8889,0.15331538,4791 AUC
4791,AUC,0.9167,0.15525336,4791 AUC
4791,AUC,0.9444,0.15717996,4791 AUC
4791,AUC,0.9722,0.15910909,4791 AUC
4791,AUC,1.0,0.16103382,4791 AUC
4791,AUC,1.0278,0.16295413,4791 AUC
4791,AUC,1.0556,0.16487005,4791 AUC
4791,AUC,1.0833,0.16677472,4791 AUC
4791,AUC,1.1111,0.16868189,4791 AUC
4791,AUC,1.1389,0.1705847,4791 AUC
4791,AUC,1.1667,0.17248316,4791 AUC
4791,AUC,1.1944,0.17437046,4791 AUC
4791,AUC,1.2222,0.17626025,4791 AUC
4791,AUC,1.25,0.17814571,4791 AUC
4791,AUC,1.2778,0.18002686,4791 AUC
4791,AUC,1.3056,0.1819037,4791 AUC
4791,AUC,1.3333,0.18376952,4791 AUC
4791,AUC,1.3611,0.1856378,4791 AUC
4791,AUC,1.3889,0.1875018,4791 AUC
4791,AUC,1.4167,0.18936153,4791 AUC
4791,AUC,1.4444,0.19121034,4791 AUC
4791,AUC,1.4722,0.19306158,4791 AUC
4791,AUC,1.5,0.19490859,4791 AUC
4791,AUC,1.5444,0.19784972,4791 AUC
4791,AUC,1.5889,0.2007867,4791 AUC
4791,AUC,1.6333,0.20370636,4791 AUC
4791,AUC,1.6778,0.20662189,4791 AUC
4791,AUC,1.7222,0.20952023,4791 AUC
4791,AUC,1.7667,0.21241447,4791 AUC
4791,AUC,1.8111,0.21529165,4791 AUC
4791,AUC,1.8556,0.21816477,4791 AUC
4791,AUC,1.9,0.22102094,4791 AUC
4791,MOV,0.0,0.14993185,4791 MOV
4791,MOV,0.0056,0.19684656,4791 MOV
4791,MOV,0.0111,0.21273305,4791 MOV
4791,MOV,0.0167,0.22400988,4791 MOV
4791,MOV,0.0222,0.23272071,4791 MOV
4791,MOV,0.0278,0.24011793,4791 MOV
4791,MOV,0.0333,0.24639095,4791 MOV
4791,MOV,0.0389,0.2520366,4791 MOV
4791,MOV,0.0444,0.25702003,4791 MOV
4791,MOV,0.05,0.26163864,4791 MOV
4791,MOV,0.0528,0.26380265,4791 MOV
4791,MOV,0.0556,0.26588125,4791 MOV
4791,MOV,0.0583,0.26781148,4791 MOV
4791,MOV,0.0611,0.26974241,4791 MOV
4791,MOV,0.0639,0.27160673,4791 MOV
4791,MOV,0.0667,0.27340935,4791 MOV
4791,MOV,0.0694,0.27509323,4791 MOV
4791,MOV,0.0722,0.2767869,4791 MOV
4791,MOV,0.075,0.2784305,4791 MOV
4791,MOV,0.0778,0.28002719,4791 MOV
4791,MOV,0.0806,0.28157982,4791 MOV
4791,MOV,0.0833,0.28303772,4791 MOV
4791,MOV,0.0861,0.28451118,4791 MOV
4791,MOV,0.0889,0.28594762,4791 MOV
4791,MOV,0.0917,0.28734905,4791 MOV
4791,MOV,0.0944,0.28866897,4791 MOV
4791,MOV,0.0972,0.29000679,4791 MOV
4791,MOV,0.1,0.29131459,4791 MOV
4791,MOV,0.1056,0.29384577,4791 MOV
4791,MOV,0.1111,0.29623035,4791 MOV
4791,MOV,0.1167,0.29856386,4791 MOV
4791,MOV,0.1222,0.30077045,4791 MOV
4791,MOV,0.1278,0.30293712,4791 MOV
4791,MOV,0.1333,0.30499234,4791 MOV
4791,MOV,0.1389,0.30701614,4791 MOV
4791,MOV,0.1444,0.30894088,4791 MOV
4791,MOV,0.15,0.31084079,4791 MOV
4791,MOV,0.1556,0.31268422,4791 MOV
4791,MOV,0.1611,0.31444315,4791 MOV
4791,MOV,0.1667,0.31618466,4791 MOV
4791,MOV,0.1722,0.31784937,4791 MOV
4791,MOV,0.1778,0.31950042,4791 MOV
4791,MOV,0.1833,0.32108117,4791 MOV
4791,MOV,0.1889,0.32265129,4791 MOV
4791,MOV,0.1944,0.32415669,4791 MOV
4791,MOV,0.2,0.32565398,4791 MOV
4791,MOV,0.2056,0.32711719,4791 MOV
4791,MOV,0.2111,0.32852268,4791 MOV
4791,MOV,0.2167,0.32992304,4791 MOV
4791,MOV,0.2222,0.33126961,4791 MOV
4791,MOV,0.2278,0.33261263,4791 MOV
4791,MOV,0.2333,0.33390532,4791 MOV
4791,MOV,0.2389,0.33519581,4791 MOV
4791,MOV,0.2444,0.33643903,4791 MOV
4791,MOV,0.25,0.33768118,4791 MOV
4791,MOV,0.2778,0.34352439,4791 MOV
4791,MOV,0.3056,0.34889686,4791 MOV
4791,MOV,0.3333,0.35385524,4791 MOV
4791,MOV,0.3611,0.35849256,4791 MOV
4791,MOV,0.3889,0.36283579,4791 MOV
4791,MOV,0.4167,0.3669217,4791 MOV
4791,MOV,0.4444,0.3707669,4791 MOV
4791,MOV,0.4722,0.37442411,4791 MOV
4791,MOV,0.5,0.37790009,4791 MOV
4791,MOV,0.5278,0.38121268,4791 MOV
4791,MOV,0.5556,0.38437716,4791 MOV
4791,MOV,0.5833,0.38739604,4791 MOV
4791,MOV,0.6111,0.39030256,4791 MOV
4791,MOV,0.6389,0.39309562,4791 MOV
4791,MOV,0.6667,0.39578407,4791 MOV
4791,MOV,0.6944,0.39836657,4791 MOV
4791,MOV,0.7222,0.40086871,4791 MOV
4791,MOV,0.75,0.40328722,4791 MOV
4791,MOV,0.7778,0.4056277,4791 MOV
4791,MOV,0.8056,0.40789518,4791 MOV
4791,MOV,0.8333,0.41008642,4791 MOV
4791,MOV,0.8611,0.41222137,4791 MOV
4791,MOV,0.8889,0.41429575,4791 MOV
4791,MOV,0.9167,0.41631302,4791 MOV
4791,MOV,0.9444,0.41826934,4791 MOV
4791,MOV,0.9722,0.42018173,4791 MOV
4791,MOV,1.0,0.42204569,4791 MOV
4791,MOV,1.0278,0.42386367,4791 MOV
4791,MOV,1.0556,0.42563794,4791 MOV
4791,MOV,1.0833,0.42736446,4791 MOV
4791,MOV,1.1111,0.42905762,4791 MOV
4791,MOV,1.1389,0.43071295,4791 MOV
4791,MOV,1.1667,0.43233213,4791 MOV
4791,MOV,1.1944,0.4339111,4791 MOV
4791,MOV,1.2222,0.43546273,4791 MOV
4791,MOV,1.25,0.43698266,4791 MOV
4791,MOV,1.2778,0.43847217,4791 MOV
4791,MOV,1.3056,0.43993248,4791 MOV
4791,MOV,1.3333,0.44135964,4791 MOV
4791,MOV,1.3611,0.44276502,4791 MOV
4791,MOV,1.3889,0.44414444,4791 MOV
4791,MOV,1.4167,0.44549885,4791 MOV
4791,MOV,1.4444,0.44682443,4791 MOV
4791,MOV,1.4722,0.44813159,4791 MOV
4791,MOV,1.5,0.44941632,4791 MOV
4791,MOV,1.5444,0.45142357,4791 MOV
4791,MOV,1.5889,0.45338282,4791 MOV
4791,MOV,1.6333,0.45528799,4791 MOV
4791,MOV,1.6778,0.45715015,4791 MOV
4791,MOV,1.7222,0.45896324,4791 MOV
4791,MOV,1.7667,0.46073759,4791 MOV
4791,MOV,1.8111,0.46246721,4791 MOV
4791,MOV,1.8556,0.46416175,4791 MOV
4791,MOV,1.9,0.46581533,4791 MOV
4792,AUC,,,4792 AUC
4792,MOV,,,4792 MOV
4793,AUC,0.0,0.19825152,4793 AUC
4793,AUC,0.0056,0.20024437,4793 AUC
4793,AUC,0.0111,0.20219681,4793 AUC
4793,AUC,0.0167,0.20417984,4793 AUC
4793,AUC,0.0222,0.20612267,4793 AUC
4793,AUC,0.0278,0.20809595,4793 AUC
4793,AUC,0.0333,0.21002922,4793 AUC
4793,AUC,0.0389,0.21199279,4793 AUC
4793,AUC,0.0444,0.21391655,4793 AUC
4793,AUC,0.05,0.21587045,4793 AUC
4793,AUC,0.0528,0.21684559,4793 AUC
4793,AUC,0.0556,0.21781951,4793 AUC
4793,AUC,0.0583,0.21875749,4793 AUC
4793,AUC,0.0611,0.21972904,4793 AUC
4793,AUC,0.0639,0.22069937,4793 AUC
4793,AUC,0.0667,0.2216685,4793 AUC
4793,AUC,0.0694,0.22260187,4793 AUC
4793,AUC,0.0722,0.22356863,4793 AUC
4793,AUC,0.075,0.22453419,4793 AUC
4793,AUC,0.0778,0.22549855,4793 AUC
4793,AUC,0.0806,0.2264617,4793 AUC
4793,AUC,0.0833,0.22738933,4793 AUC
4793,AUC,0.0861,0.22835014,4793 AUC
4793,AUC,0.0889,0.22930975,4793 AUC
4793,AUC,0.0917,0.23026817,4793 AUC
4793,AUC,0.0944,0.23119123,4793 AUC
4793,AUC,0.0972,0.23214731,4793 AUC
4793,AUC,0.1,0.2331022,4793 AUC
4793,AUC,0.1056,0.23500842,4793 AUC
4793,AUC,0.1111,0.23687598,4793 AUC
4793,AUC,0.1167,0.23877282,4793 AUC
4793,AUC,0.1222,0.2406312,4793 AUC
4793,AUC,0.1278,0.2425187,4793 AUC
4793,AUC,0.1333,0.24436794,4793 AUC
4793,AUC,0.1389,0.24624615,4793 AUC
4793,AUC,0.1444,0.24808629,4793 AUC
4793,AUC,0.15,0.24995526,4793 AUC
4793,AUC,0.1556,0.25181959,4793 AUC
4793,AUC,0.1611,0.25364612,4793 AUC
4793,AUC,0.1667,0.25550127,4793 AUC
4793,AUC,0.1722,0.25731881,4793 AUC
4793,AUC,0.1778,0.25916484,4793 AUC
4793,AUC,0.1833,0.26097343,4793 AUC
4793,AUC,0.1889,0.26281037,4793 AUC
4793,AUC,0.1944,0.26461007,4793 AUC
4793,AUC,0.2,0.26643797,4793 AUC
4793,AUC,0.2056,0.26826133,4793 AUC
4793,AUC,0.2111,0.27004772,4793 AUC
4793,AUC,0.2167,0.2718621,4793 AUC
4793,AUC,0.2222,0.2736397,4793 AUC
4793,AUC,0.2278,0.27544516,4793 AUC
4793,AUC,0.2333,0.27721401,4793 AUC
4793,AUC,0.2389,0.27901058,4793 AUC
4793,AUC,0.2444,0.28077073,4793 AUC
4793,AUC,0.25,0.28255846,4793 AUC
4793,AUC,0.2778,0.29136771,4793 AUC
4793,AUC,0.3056,0.30006879,4793 AUC
4793,AUC,0.3333,0.30863231,4793 AUC
4793,AUC,0.3611,0.31712141,4793 AUC
4793,AUC,0.3889,0.32550627,4793 AUC
4793,AUC,0.4167,0.33378817,4793 AUC
4793,AUC,0.4444,0.34193915,4793 AUC
4793,AUC,0.4722,0.35001928,4793 AUC
4793,AUC,0.5,0.3580002,4793 AUC
4793,AUC,0.5278,0.36588312,4793 AUC
4793,AUC,0.5556,0.37366925,4793 AUC
4793,AUC,0.5833,0.38133228,4793 AUC
4793,AUC,0.6111,0.38892872,4793 AUC
4793,AUC,0.6389,0.39643188,4793 AUC
4793,AUC,0.6667,0.40384291,4793 AUC
4793,AUC,0.6944,0.41113677,4793 AUC
4793,AUC,0.7222,0.41836725,4793 AUC
4793,AUC,0.75,0.42550894,4793 AUC
4793,AUC,0.7778,0.43256295,4793 AUC
4793,AUC,0.8056,0.43953034,4793 AUC
4793,AUC,0.8333,0.44638757,4793 AUC
4793,AUC,0.8611,0.45318521,4793 AUC
4793,AUC,0.8889,0.45989939,4793 AUC
4793,AUC,0.9167,0.46653112,4793 AUC
4793,AUC,0.9444,0.47305801,4793 AUC
4793,AUC,0.9722,0.47952817,4793 AUC
4793,AUC,1.0,0.48591889,4793 AUC
4793,MOV,,,4793 MOV
4794,AUC,0.0,0.04388802,4794 AUC
4794,AUC,0.1111,0.04413408,4794 AUC
4794,AUC,0.2222,0.04517414,4794 AUC
4794,AUC,0.3333,0.04721851,4794 AUC
4794,AUC,0.4444,0.05035788,4794 AUC
4794,AUC,0.5556,0.0546299,4794 AUC
4794,AUC,0.6667,0.06002536,4794 AUC
4794,AUC,0.7778,0.06652313,4794 AUC
4794,AUC,0.8889,0.07408321,4794 AUC
4794,AUC,1.0,0.08265492,4794 AUC
4794,AUC,1.0078,0.08329325,4794 AUC
4794,AUC,1.0156,0.08393626,4794 AUC
4794,AUC,1.0233,0.08457561,4794 AUC
4794,AUC,1.0311,0.08522786,4794 AUC
4794,AUC,1.0389,0.08588474,4794 AUC
4794,AUC,1.0467,0.08654621,4794 AUC
4794,AUC,1.0544,0.08720369,4794 AUC
4794,AUC,1.0622,0.08787423,4794 AUC
4794,AUC,1.07,0.0885493,4794 AUC
4794,AUC,1.0778,0.08922889,4794 AUC
4794,AUC,1.0856,0.08991296,4794 AUC
4794,AUC,1.0933,0.09059265,4794 AUC
4794,AUC,1.1011,0.09128558,4794 AUC
4794,AUC,1.1089,0.09198293,4794 AUC
4794,AUC,1.1167,0.09268468,4794 AUC
4794,AUC,1.1244,0.09338173,4794 AUC
4794,AUC,1.1322,0.09409216,4794 AUC
4794,AUC,1.14,0.09480693,4794 AUC
4794,AUC,1.1489,0.09562776,4794 AUC
4794,AUC,1.1578,0.09645417,4794 AUC
4794,AUC,1.1667,0.09728612,4794 AUC
4794,AUC,1.1756,0.09812359,4794 AUC
4794,AUC,1.1844,0.09895704,4794 AUC
4794,AUC,1.1933,0.09980537,4794 AUC
4794,AUC,1.2022,0.10065912,4794 AUC
4794,AUC,1.2111,0.10151824,4794 AUC
4794,AUC,1.22,0.10238271,4794 AUC
4794,AUC,1.23,0.10336036,4794 AUC
4794,AUC,1.24,0.10434466,4794 AUC
4794,AUC,1.25,0.10533557,4794 AUC
4794,AUC,1.26,0.10633304,4794 AUC
4794,AUC,1.27,0.10733702,4794 AUC
4794,AUC,1.28,0.10834746,4794 AUC
4794,AUC,1.29,0.10936431,4794 AUC
4794,AUC,1.3,0.11038753,4794 AUC
4794,AUC,1.31,0.11141706,4794 AUC
4794,AUC,1.32,0.11245287,4794 AUC
4794,AUC,1.33,0.11349489,4794 AUC
4794,AUC,1.34,0.11454308,4794 AUC
4794,AUC,1.35,0.11559739,4794 AUC
4794,AUC,1.36,0.11665777,4794 AUC
4794,AUC,1.37,0.11772418,4794 AUC
4794,AUC,1.38,0.11879656,4794 AUC
4794,AUC,1.39,0.11987487,4794 AUC
4794,AUC,1.4,0.12095906,4794 AUC
4794,AUC,1.4111,0.12216933,4794 AUC
4794,AUC,1.4222,0.12338671,4794 AUC
4794,AUC,1.4333,0.12461114,4794 AUC
4794,AUC,1.4444,0.12584256,4794 AUC
4794,AUC,1.4556,0.12709208,4794 AUC
4794,AUC,1.4667,0.12833732,4794 AUC
4794,AUC,1.4778,0.12958934,4794 AUC
4794,AUC,1.4889,0.13084807,4794 AUC
4794,AUC,1.5,0.13211346,4794 AUC
4794,AUC,1.5111,0.13338543,4794 AUC
4794,AUC,1.5222,0.13466392,4794 AUC
4794,AUC,1.5333,0.13594886,4794 AUC
4794,AUC,1.5444,0.13724018,4794 AUC
4794,AUC,1.5556,0.13854955,4794 AUC
4794,AUC,1.5667,0.1398535,4794 AUC
4794,AUC,1.5778,0.14116365,4794 AUC
4794,AUC,1.5889,0.14247992,4794 AUC
4794,AUC,1.6,0.14380225,4794 AUC
4794,AUC,1.6133,0.14539455,4794 AUC
4794,AUC,1.6267,0.14700741,4794 AUC
4794,AUC,1.64,0.14861664,4794 AUC
4794,AUC,1.6533,0.15023415,4794 AUC
4794,AUC,1.6667,0.15187207,4794 AUC
4794,AUC,1.68,0.15350585,4794 AUC
4794,AUC,1.6933,0.15514757,4794 AUC
4794,AUC,1.7067,0.15680955,4794 AUC
4794,AUC,1.72,0.15846688,4794 AUC
4794,AUC,1.7322,0.15999384,4794 AUC
4794,AUC,1.7444,0.16152711,4794 AUC
4794,AUC,1.7567,0.16307927,4794 AUC
4794,AUC,1.7689,0.16462499,4794 AUC
4794,AUC,1.7811,0.16617679,4794 AUC
4794,AUC,1.7933,0.16773457,4794 AUC
4794,AUC,1.8056,0.1693111,4794 AUC
4794,AUC,1.8178,0.17088067,4794 AUC
4794,AUC,1.83,0.17245598,4794 AUC
4794,AUC,1.8444,0.17432264,4794 AUC
4794,AUC,1.8589,0.17621011,4794 AUC
4794,AUC,1.8733,0.17809221,4794 AUC
4794,AUC,1.8878,0.17999495,4794 AUC
4794,AUC,1.9022,0.18189196,4794 AUC
4794,AUC,1.9167,0.18380945,4794 AUC
4794,AUC,1.9311,0.18572085,4794 AUC
4794,AUC,1.9456,0.18765256,4794 AUC
4794,AUC,1.96,0.18957783,4794 AUC
4794,AUC,1.9756,0.19167111,4794 AUC
4794,AUC,1.9911,0.19375862,4794 AUC
4794,AUC,2.0067,0.19586714,4794 AUC
4794,AUC,2.0222,0.19796948,4794 AUC
4794,AUC,2.0378,0.20009261,4794 AUC
4794,AUC,2.0533,0.20220916,4794 AUC
4794,AUC,2.0689,0.20434628,4794 AUC
4794,AUC,2.0844,0.20647642,4794 AUC
4794,AUC,2.1,0.20862692,4794 AUC
4794,MOV,0.0,0.04604486,4794 MOV
4794,MOV,0.1111,0.04612168,4794 MOV
4794,MOV,0.2222,0.04668201,4794 MOV
4794,MOV,0.3333,0.04817601,4794 MOV
4794,MOV,0.4444,0.05096077,4794 MOV
4794,MOV,0.5556,0.05530157,4794 MOV
4794,MOV,0.6667,0.06136356,4794 MOV
4794,MOV,0.7778,0.06924678,4794 MOV
4794,MOV,0.8889,0.07898439,4794 MOV
4794,MOV,1.0,0.09055739,4794 MOV
4794,MOV,1.0078,0.09143749,4794 MOV
4794,MOV,1.0156,0.09232633,4794 MOV
4794,MOV,1.0233,0.09321231,4794 MOV
4794,MOV,1.0311,0.09411841,4794 MOV
4794,MOV,1.0389,0.09503316,4794 MOV
4794,MOV,1.0467,0.09595653,4794 MOV
4794,MOV,1.0544,0.09687648,4794 MOV
4794,MOV,1.0622,0.09781687,4794 MOV
4794,MOV,1.07,0.09876579,4794 MOV
4794,MOV,1.0778,0.09972318,4794 MOV
4794,MOV,1.0856,0.10068904,4794 MOV
4794,MOV,1.0933,0.10165076,4794 MOV
4794,MOV,1.1011,0.10263331,4794 MOV
4794,MOV,1.1089,0.1036242,4794 MOV
4794,MOV,1.1167,0.1046234,4794 MOV
4794,MOV,1.1244,0.1056179,4794 MOV
4794,MOV,1.1322,0.10663351,4794 MOV
4794,MOV,1.14,0.10765731,4794 MOV
4794,MOV,1.1489,0.10883545,4794 MOV
4794,MOV,1.1578,0.11002416,4794 MOV
4794,MOV,1.1667,0.11122338,4794 MOV
4794,MOV,1.1756,0.11243304,4794 MOV
4794,MOV,1.1844,0.11363931,4794 MOV
4794,MOV,1.1933,0.11486956,4794 MOV
4794,MOV,1.2022,0.11611007,4794 MOV
4794,MOV,1.2111,0.11736077,4794 MOV
4794,MOV,1.22,0.1186216,4794 MOV
4794,MOV,1.23,0.12005028,4794 MOV
4794,MOV,1.24,0.12149157,4794 MOV
4794,MOV,1.25,0.12294537,4794 MOV
4794,MOV,1.26,0.12441161,4794 MOV
4794,MOV,1.27,0.12589017,4794 MOV
4794,MOV,1.28,0.12738097,4794 MOV
4794,MOV,1.29,0.1288839,4794 MOV
4794,MOV,1.3,0.13039886,4794 MOV
4794,MOV,1.31,0.13192576,4794 MOV
4794,MOV,1.32,0.13346449,4794 MOV
4794,MOV,1.33,0.13501495,4794 MOV
4794,MOV,1.34,0.13657704,4794 MOV
4794,MOV,1.35,0.13815066,4794 MOV
4794,MOV,1.36,0.1397357,4794 MOV
4794,MOV,1.37,0.14133205,4794 MOV
4794,MOV,1.38,0.14293962,4794 MOV
4794,MOV,1.39,0.14455829,4794 MOV
4794,MOV,1.4,0.14618796,4794 MOV
4794,MOV,1.4111,0.14800964,4794 MOV
4794,MOV,1.4222,0.1498446,4794 MOV
4794,MOV,1.4333,0.15169268,4794 MOV
4794,MOV,1.4444,0.15355373,4794 MOV
4794,MOV,1.4556,0.15544455,4794 MOV
4794,MOV,1.4667,0.15733121,4794 MOV
4794,MOV,1.4778,0.1592304,4794 MOV
4794,MOV,1.4889,0.16114197,4794 MOV
4794,MOV,1.5,0.16306575,4794 MOV
4794,MOV,1.5111,0.1650016,4794 MOV
4794,MOV,1.5222,0.16694936,4794 MOV
4794,MOV,1.5333,0.16890888,4794 MOV
4794,MOV,1.5444,0.17088002,4794 MOV
4794,MOV,1.5556,0.17288052,4794 MOV
4794,MOV,1.5667,0.1748745,4794 MOV
4794,MOV,1.5778,0.17687963,4794 MOV
4794,MOV,1.5889,0.17889575,4794 MOV
4794,MOV,1.6,0.18092271,4794 MOV
4794,MOV,1.6133,0.18336546,4794 MOV
4794,MOV,1.6267,0.1858418,4794 MOV
4794,MOV,1.64,0.18831452,4794 MOV
4794,MOV,1.6533,0.19080178,4794 MOV
4794,MOV,1.6667,0.19332215,4794 MOV
4794,MOV,1.68,0.19583777,4794 MOV
4794,MOV,1.6933,0.19836712,4794 MOV
4794,MOV,1.7067,0.20092909,4794 MOV
4794,MOV,1.72,0.2034852,4794 MOV
4794,MOV,1.7322,0.20584127,4794 MOV
4794,MOV,1.7444,0.20820801,4794 MOV
4794,MOV,1.7567,0.21060475,4794 MOV
4794,MOV,1.7689,0.21299232,4794 MOV
4794,MOV,1.7811,0.21538994,4794 MOV
4794,MOV,1.7933,0.21779742,4794 MOV
4794,MOV,1.8056,0.22023441,4794 MOV
4794,MOV,1.8178,0.22266107,4794 MOV
4794,MOV,1.83,0.22509699,4794 MOV
4794,MOV,1.8444,0.22798379,4794 MOV
4794,MOV,1.8589,0.23090305,4794 MOV
4794,MOV,1.8733,0.23381417,4794 MOV
4794,MOV,1.8878,0.23675724,4794 MOV
4794,MOV,1.9022,0.23969135,4794 MOV
4794,MOV,1.9167,0.24265692,4794 MOV
4794,MOV,1.9311,0.24561272,4794 MOV
4794,MOV,1.9456,0.24859949,4794 MOV
4794,MOV,1.96,0.25157569,4794 MOV
4794,MOV,1.9756,0.25481084,4794 MOV
4794,MOV,1.9911,0.25803612,4794 MOV
4794,MOV,2.0067,0.26129274,4794 MOV
4794,MOV,2.0222,0.26453858,4794 MOV
4794,MOV,2.0378,0.26781511,4794 MOV
4794,MOV,2.0533,0.27107996,4794 MOV
4794,MOV,2.0689,0.27437485,4794 MOV
4794,MOV,2.0844,0.27765718,4794 MOV
4794,MOV,2.1,0.28096891,4794 MOV
4795,AUC,,,4795 AUC
4795,MOV,,,4795 MOV
4796,AUC,0.0,0.10271512,4796 AUC
4796,AUC,0.0011,0.10277094,4796 AUC
4796,AUC,0.0022,0.10282676,4796 AUC
4796,AUC,0.0033,0.10288258,4796 AUC
4796,AUC,0.0044,0.10293839,4796 AUC
4796,AUC,0.0056,0.10299928,4796 AUC
4796,AUC,0.0067,0.10305508,4796 AUC
4796,AUC,0.0078,0.10311089,4796 AUC
4796,AUC,0.0089,0.10316669,4796 AUC
4796,AUC,0.01,0.10322248,4796 AUC
4796,AUC,0.0289,0.10418062,4796 AUC
4796,AUC,0.0478,0.10513774,4796 AUC
4796,AUC,0.0667,0.10609384,4796 AUC
4796,AUC,0.0856,0.10704891,4796 AUC
4796,AUC,0.1044,0.10799792,4796 AUC
4796,AUC,0.1233,0.10895095,4796 AUC
4796,AUC,0.1422,0.10990297,4796 AUC
4796,AUC,0.1611,0.11085398,4796 AUC
4796,AUC,0.18,0.11180396,4796 AUC
4796,AUC,0.1989,0.11275294,4796 AUC
4796,AUC,0.2178,0.11370089,4796 AUC
4796,AUC,0.2367,0.11464784,4796 AUC
4796,AUC,0.2556,0.11559377,4796 AUC
4796,AUC,0.2744,0.1165337,4796 AUC
4796,AUC,0.2933,0.11747762,4796 AUC
4796,AUC,0.3122,0.11842053,4796 AUC
4796,AUC,0.3311,0.11936243,4796 AUC
4796,AUC,0.35,0.12030333,4796 AUC
4796,AUC,0.37,0.12129789,4796 AUC
4796,AUC,0.39,0.12229133,4796 AUC
4796,AUC,0.41,0.12328364,4796 AUC
4796,AUC,0.43,0.12427483,4796 AUC
4796,AUC,0.45,0.12526491,4796 AUC
4796,AUC,0.47,0.12625386,4796 AUC
4796,AUC,0.49,0.1272417,4796 AUC
4796,AUC,0.51,0.12822841,4796 AUC
4796,AUC,0.53,0.12921402,4796 AUC
4796,AUC,0.5489,0.13014439,4796 AUC
4796,AUC,0.5678,0.13107376,4796 AUC
4796,AUC,0.5867,0.13200215,4796 AUC
4796,AUC,0.6056,0.13292954,4796 AUC
4796,AUC,0.6244,0.13385104,4796 AUC
4796,AUC,0.6433,0.13477646,4796 AUC
4796,AUC,0.6622,0.13570088,4796 AUC
4796,AUC,0.6811,0.13662432,4796 AUC
4796,AUC,0.7,0.13754678,4796 AUC
4796,AUC,0.7189,0.13846824,4796 AUC
4796,AUC,0.7378,0.13938873,4796 AUC
4796,AUC,0.7567,0.14030823,4796 AUC
4796,AUC,0.7756,0.14122674,4796 AUC
4796,AUC,0.7944,0.14213943,4796 AUC
4796,AUC,0.8133,0.14305599,4796 AUC
4796,AUC,0.8322,0.14397157,4796 AUC
4796,AUC,0.8511,0.14488617,4796 AUC
4796,AUC,0.87,0.1457998,4796 AUC
4796,AUC,0.8889,0.14671245,4796 AUC
4796,AUC,0.9078,0.14762412,4796 AUC
4796,AUC,0.9267,0.14853482,4796 AUC
4796,AUC,0.9456,0.14944455,4796 AUC
4796,AUC,0.9644,0.1503485,4796 AUC
4796,AUC,0.9833,0.15125629,4796 AUC
4796,AUC,1.0022,0.15216311,4796 AUC
4796,AUC,1.0211,0.15306896,4796 AUC
4796,AUC,1.04,0.15397385,4796 AUC
4796,AUC,1.0589,0.15487776,4796 AUC
4796,AUC,1.0778,0.15578071,4796 AUC
4796,AUC,1.0967,0.1566827,4796 AUC
4796,AUC,1.1156,0.15758372,4796 AUC
4796,AUC,1.1344,0.15847902,4796 AUC
4796,AUC,1.1533,0.15937812,4796 AUC
4796,AUC,1.1722,0.16027627,4796 AUC
4796,AUC,1.1911,0.16117345,4796 AUC
4796,AUC,1.21,0.16206967,4796 AUC
4796,AUC,1.2289,0.16296494,4796 AUC
4796,AUC,1.2478,0.16385925,4796 AUC
4796,AUC,1.2667,0.1647526,4796 AUC
4796,AUC,1.2856,0.16564501,4796 AUC
4796,AUC,1.3044,0.16653174,4796 AUC
4796,AUC,1.3233,0.16742224,4796 AUC
4796,AUC,1.3422,0.16831178,4796 AUC
4796,AUC,1.3611,0.16920038,4796 AUC
4796,AUC,1.38,0.17008803,4796 AUC
4796,AUC,1.4,0.17102631,4796 AUC
4796,AUC,1.42,0.17196352,4796 AUC
4796,AUC,1.44,0.17289968,4796 AUC
4796,AUC,1.46,0.17383478,4796 AUC
4796,AUC,1.48,0.17476882,4796 AUC
4796,AUC,1.5,0.17570181,4796 AUC
4796,AUC,1.52,0.17663374,4796 AUC
4796,AUC,1.54,0.17756461,4796 AUC
4796,AUC,1.56,0.17849444,4796 AUC
4796,AUC,1.5789,0.17937216,4796 AUC
4796,AUC,1.5978,0.18024894,4796 AUC
4796,AUC,1.6167,0.18112478,4796 AUC
4796,AUC,1.6356,0.18199969,4796 AUC
4796,AUC,1.6544,0.18286904,4796 AUC
4796,AUC,1.6733,0.18374208,4796 AUC
4796,AUC,1.6922,0.18461419,4796 AUC
4796,AUC,1.7111,0.18548537,4796 AUC
4796,AUC,1.73,0.18635562,4796 AUC
4796,AUC,1.7489,0.18722494,4796 AUC
4796,AUC,1.7678,0.18809333,4796 AUC
4796,AUC,1.7867,0.18896079,4796 AUC
4796,AUC,1.8056,0.18982733,4796 AUC
4796,AUC,1.8244,0.19068836,4796 AUC
4796,AUC,1.8433,0.19155305,4796 AUC
4796,AUC,1.8622,0.19241682,4796 AUC
4796,AUC,1.8811,0.19327966,4796 AUC
4796,AUC,1.9,0.19414158,4796 AUC
4796,MOV,,,4796 MOV
4797,AUC,,,4797 AUC
4797,MOV,0.0,0.08333352,4797 MOV
4797,MOV,0.0556,0.3963341,4797 MOV
4797,MOV,0.1111,0.39633584,4797 MOV
4797,MOV,0.1667,0.39633687,4797 MOV
4797,MOV,0.2222,0.39633759,4797 MOV
4797,MOV,0.2778,0.39633815,4797 MOV
4797,MOV,0.3333,0.39633861,4797 MOV
4797,MOV,0.3889,0.396339,4797 MOV
4797,MOV,0.4444,0.39633934,4797 MOV
4797,MOV,0.5,0.39633964,4797 MOV
4797,MOV,0.5067,0.39633967,4797 MOV
4797,MOV,0.5133,0.3963397,4797 MOV
4797,MOV,0.52,0.39633973,4797 MOV
4797,MOV,0.5267,0.39633977,4797 MOV
4797,MOV,0.5333,0.3963398,4797 MOV
4797,MOV,0.54,0.39633983,4797 MOV
4797,MOV,0.5467,0.39633986,4797 MOV
4797,MOV,0.5533,0.39633989,4797 MOV
4797,MOV,0.56,0.39633992,4797 MOV
4797,MOV,0.5689,0.39633996,4797 MOV
4797,MOV,0.5778,0.39634,4797 MOV
4797,MOV,0.5867,0.39634004,4797 MOV
4797,MOV,0.5956,0.39634008,4797 MOV
4797,MOV,0.6044,0.39634011,4797 MOV
4797,MOV,0.6133,0.39634015,4797 MOV
4797,MOV,0.6222,0.39634019,4797 MOV
4797,MOV,0.6311,0.39634022,4797 MOV
4797,MOV,0.64,0.39634026,4797 MOV
4797,MOV,0.6489,0.39634029,4797 MOV
4797,MOV,0.6578,0.39634033,4797 MOV
4797,MOV,0.6667,0.39634036,4797 MOV
4797,MOV,0.6756,0.39634039,4797 MOV
4797,MOV,0.6844,0.39634043,4797 MOV
4797,MOV,0.6933,0.39634046,4797 MOV
4797,MOV,0.7022,0.39634049,4797 MOV
4797,MOV,0.7111,0.39634052,4797 MOV
4797,MOV,0.72,0.39634055,4797 MOV
4797,MOV,0.73,0.39634059,4797 MOV
4797,MOV,0.74,0.39634062,4797 MOV
4797,MOV,0.75,0.39634066,4797 MOV
4797,MOV,0.76,0.39634069,4797 MOV
4797,MOV,0.77,0.39634072,4797 MOV
4797,MOV,0.78,0.39634076,4797 MOV
4797,MOV,0.79,0.39634079,4797 MOV
4797,MOV,0.8,0.39634082,4797 MOV
4797,MOV,0.81,0.39634085,4797 MOV
4797,MOV,0.8222,0.39634089,4797 MOV
4797,MOV,0.8344,0.39634093,4797 MOV
4797,MOV,0.8467,0.39634096,4797 MOV
4797,MOV,0.8589,0.396341,4797 MOV
4797,MOV,0.8711,0.39634104,4797 MOV
4797,MOV,0.8833,0.39634107,4797 MOV
4797,MOV,0.8956,0.39634111,4797 MOV
4797,MOV,0.9078,0.39634114,4797 MOV
4797,MOV,0.92,0.39634117,4797 MOV
4797,MOV,0.9333,0.39634121,4797 MOV
4797,MOV,0.9467,0.39634124,4797 MOV
4797,MOV,0.96,0.39634128,4797 MOV
4797,MOV,0.9733,0.39634131,4797 MOV
4797,MOV,0.9867,0.39634135,4797 MOV
4797,MOV,1.0,0.39634138,4797 MOV
4797,MOV,1.0133,0.39634142,4797 MOV
4797,MOV,1.0267,0.39634145,4797 MOV
4797,MOV,1.04,0.39634148,4797 MOV
4797,MOV,1.0544,0.39634152,4797 MOV
4797,MOV,1.0689,0.39634155,4797 MOV
4797,MOV,1.0833,0.39634158,4797 MOV
4797,MOV,1.0978,0.39634162,4797 MOV
4797,MOV,1.1122,0.39634165,4797 MOV
4797,MOV,1.1267,0.39634168,4797 MOV
4797,MOV,1.1411,0.39634172,4797 MOV
4797,MOV,1.1556,0.39634175,4797 MOV
4797,MOV,1.17,0.39634178,4797 MOV
4797,MOV,1.1844,0.39634181,4797 MOV
4797,MOV,1.1989,0.39634184,4797 MOV
4797,MOV,1.2133,0.39634187,4797 MOV
4797,MOV,1.2278,0.3963419,4797 MOV
4797,MOV,1.2422,0.39634193,4797 MOV
4797,MOV,1.2567,0.39634196,4797 MOV
4797,MOV,1.2711,0.39634199,4797 MOV
4797,MOV,1.2856,0.39634202,4797 MOV
4797,MOV,1.3,0.39634204,4797 MOV
4797,MOV,1.3222,0.39634209,4797 MOV
4797,MOV,1.3444,0.39634213,4797 MOV
4797,MOV,1.3667,0.39634217,4797 MOV
4797,MOV,1.3889,0.39634221,4797 MOV
4797,MOV,1.4111,0.39634225,4797 MOV
4797,MOV,1.4333,0.39634229,4797 MOV
4797,MOV,1.4556,0.39634233,4797 MOV
4797,MOV,1.4778,0.39634237,4797 MOV
4797,MOV,1.5,0.39634241,4797 MOV
4797,MOV,1.5222,0.39634244,4797 MOV
4797,MOV,1.5444,0.39634248,4797 MOV
4797,MOV,1.5667,0.39634252,4797 MOV
4797,MOV,1.5889,0.39634255,4797 MOV
4797,MOV,1.6111,0.39634259,4797 MOV
4797,MOV,1.6333,0.39634262,4797 MOV
4797,MOV,1.6556,0.39634265,4797 MOV
4797,MOV,1.6778,0.39634269,4797 MOV
4797,MOV,1.7,0.39634272,4797 MOV
4797,MOV,1.7222,0.39634275,4797 MOV
4797,MOV,1.7444,0.39634279,4797 MOV
4797,MOV,1.7667,0.39634282,4797 MOV
4797,MOV,1.7889,0.39634285,4797 MOV
4797,MOV,1.8111,0.39634288,4797 MOV
4797,MOV,1.8333,0.39634291,4797 MOV
4797,MOV,1.8556,0.39634294,4797 MOV
4797,MOV,1.8778,0.39634297,4797 MOV
4797,MOV,1.9,0.396343,4797 MOV
4812,AUC,0.0,0.06823559,4812 AUC
4812,AUC,0.0056,0.06827048,4812 AUC
4812,AUC,0.0111,0.06830476,4812 AUC
4812,AUC,0.0167,0.06833967,4812 AUC
4812,AUC,0.0222,0.06837398,4812 AUC
4812,AUC,0.0278,0.06840893,4812 AUC
4812,AUC,0.0333,0.06844326,4812 AUC
4812,AUC,0.0389,0.06847823,4812 AUC
4812,AUC,0.0444,0.06851259,4812 AUC
4812,AUC,0.05,0.06854759,4812 AUC
4812,AUC,0.1333,0.06906982,4812 AUC
4812,AUC,0.2167,0.06959575,4812 AUC
4812,AUC,0.3,0.07012412,4812 AUC
4812,AUC,0.3833,0.07065557,4812 AUC
4812,AUC,0.4667,0.07119076,4812 AUC
4812,AUC,0.55,0.0717284,4812 AUC
4812,AUC,0.6333,0.07226915,4812 AUC
4812,AUC,0.7167,0.07281368,4812 AUC
4812,AUC,0.8,0.07336068,4812 AUC
4812,AUC,0.8889,0.07394792,4812 AUC
4812,AUC,0.9778,0.07453874,4812 AUC
4812,AUC,1.0667,0.07513316,4812 AUC
4812,AUC,1.1556,0.07573119,4812 AUC
4812,AUC,1.2444,0.07633215,4812 AUC
4812,AUC,1.3333,0.07693743,4812 AUC
4812,AUC,1.4222,0.07754634,4812 AUC
4812,AUC,1.5111,0.07815891,4812 AUC
4812,AUC,1.6,0.07877514,4812 AUC
4812,AUC,1.6889,0.07939504,4812 AUC
4812,AUC,1.7778,0.08001863,4812 AUC
4812,AUC,1.8667,0.08064591,4812 AUC
4812,AUC,1.9556,0.0812769,4812 AUC
4812,AUC,2.0444,0.0819109,4812 AUC
4812,AUC,2.1333,0.08254933,4812 AUC
4812,AUC,2.2222,0.0831915,4812 AUC
4812,AUC,2.3111,0.08383742,4812 AUC
4812,AUC,2.4,0.0844871,4812 AUC
4812,AUC,2.4778,0.08505876,4812 AUC
4812,AUC,2.5556,0.0856333,4812 AUC
4812,AUC,2.6333,0.08621001,4812 AUC
4812,AUC,2.7111,0.08679036,4812 AUC
4812,AUC,2.7889,0.08737363,4812 AUC
4812,AUC,2.8667,0.08795982,4812 AUC
4812,AUC,2.9444,0.08854817,4812 AUC
4812,AUC,3.0222,0.08914022,4812 AUC
4812,AUC,3.1,0.08973521,4812 AUC
4812,AUC,3.1889,0.09041869,4812 AUC
4812,AUC,3.2778,0.09110604,4812 AUC
4812,AUC,3.3667,0.09179725,4812 AUC
4812,AUC,3.4556,0.09249233,4812 AUC
4812,AUC,3.5444,0.09319052,4812 AUC
4812,AUC,3.6333,0.09389338,4812 AUC
4812,AUC,3.7222,0.09460015,4812 AUC
4812,AUC,3.8111,0.09531084,4812 AUC
4812,AUC,3.9,0.09602544,4812 AUC
4812,AUC,3.9889,0.09674398,4812 AUC
4812,AUC,4.0778,0.09746646,4812 AUC
4812,AUC,4.1667,0.09819289,4812 AUC
4812,AUC,4.2556,0.09892328,4812 AUC
4812,AUC,4.3444,0.0996568,4812 AUC
4812,AUC,4.4333,0.10039513,4812 AUC
4812,AUC,4.5222,0.10113743,4812 AUC
4812,AUC,4.6111,0.10188373,4812 AUC
4812,AUC,4.7,0.10263403,4812 AUC
4812,AUC,4.7778,0.10329394,4812 AUC
4812,AUC,4.8556,0.10395692,4812 AUC
4812,AUC,4.9333,0.10462213,4812 AUC
4812,AUC,5.0111,0.10529127,4812 AUC
4812,AUC,5.0889,0.10596351,4812 AUC
4812,AUC,5.1667,0.10663884,4812 AUC
4812,AUC,5.2444,0.1073164,4812 AUC
4812,AUC,5.3222,0.10799793,4812 AUC
4812,AUC,5.4,0.10868258,4812 AUC
4812,AUC,5.4889,0.10946872,4812 AUC
4812,AUC,5.5778,0.11025893,4812 AUC
4812,AUC,5.6667,0.11105323,4812 AUC
4812,AUC,5.7556,0.11185162,4812 AUC
4812,AUC,5.8444,0.1126532,4812 AUC
4812,AUC,5.9333,0.11345979,4812 AUC
4812,AUC,6.0222,0.11427048,4812 AUC
4812,AUC,6.1111,0.11508529,4812 AUC
4812,AUC,6.2,0.11590423,4812 AUC
4812,AUC,6.2889,0.11672729,4812 AUC
4812,AUC,6.3778,0.11755449,4812 AUC
4812,AUC,6.4667,0.11838583,4812 AUC
4812,AUC,6.5556,0.11922131,4812 AUC
4812,AUC,6.6444,0.12006,4812 AUC
4812,AUC,6.7333,0.1209038,4812 AUC
4812,AUC,6.8222,0.12175176,4812 AUC
4812,AUC,6.9111,0.12260389,4812 AUC
4812,AUC,7.0,0.12346019,4812 AUC
4812,AUC,7.0778,0.12421301,4812 AUC
4812,AUC,7.1556,0.12496903,4812 AUC
4812,AUC,7.2333,0.12572728,4812 AUC
4812,AUC,7.3111,0.12648972,4812 AUC
4812,AUC,7.3889,0.12725537,4812 AUC
4812,AUC,7.4667,0.12802424,4812 AUC
4812,AUC,7.5444,0.12879534,4812 AUC
4812,AUC,7.6222,0.12957065,4812 AUC
4812,AUC,7.7,0.13034919,4812 AUC
4812,AUC,7.7889,0.13124276,4812 AUC
4812,AUC,7.8778,0.13214055,4812 AUC
4812,AUC,7.9667,0.13304257,4812 AUC
4812,AUC,8.0556,0.13394882,4812 AUC
4812,AUC,8.1444,0.13485827,4812 AUC
4812,AUC,8.2333,0.13577299,4812 AUC
4812,AUC,8.3222,0.13669194,4812 AUC
4812,AUC,8.4111,0.13761513,4812 AUC
4812,AUC,8.5,0.13854258,4812 AUC
4812,MOV,,,4812 MOV
4813,AUC,0.0,0.47571607,4813 AUC
4813,AUC,0.1111,0.47586888,4813 AUC
4813,AUC,0.2222,0.47602165,4813 AUC
4813,AUC,0.3333,0.47617437,4813 AUC
4813,AUC,0.4444,0.47632704,4813 AUC
4813,AUC,0.5556,0.47647981,4813 AUC
4813,AUC,0.6667,0.4766324,4813 AUC
4813,AUC,0.7778,0.47678494,4813 AUC
4813,AUC,0.8889,0.47693744,4813 AUC
4813,AUC,1.0,0.4770899,4813 AUC
4813,AUC,1.0389,0.47714326,4813 AUC
4813,AUC,1.0778,0.47719663,4813 AUC
4813,AUC,1.1167,0.47724999,4813 AUC
4813,AUC,1.1556,0.47730334,4813 AUC
4813,AUC,1.1944,0.47735655,4813 AUC
4813,AUC,1.2333,0.47740989,4813 AUC
4813,AUC,1.2722,0.47746323,4813 AUC
4813,AUC,1.3111,0.47751656,4813 AUC
4813,AUC,1.35,0.47756988,4813 AUC
4813,AUC,1.4033,0.47764294,4813 AUC
4813,AUC,1.4567,0.47771612,4813 AUC
4813,AUC,1.51,0.47778916,4813 AUC
4813,AUC,1.5633,0.47786219,4813 AUC
4813,AUC,1.6167,0.47793534,4813 AUC
4813,AUC,1.67,0.47800834,4813 AUC
4813,AUC,1.7233,0.47808134,4813 AUC
4813,AUC,1.7767,0.47815446,4813 AUC
4813,AUC,1.83,0.47822744,4813 AUC
4813,AUC,1.9567,0.47840086,4813 AUC
4813,AUC,2.0833,0.4785741,4813 AUC
4813,AUC,2.21,0.47874741,4813 AUC
4813,AUC,2.3367,0.47892067,4813 AUC
4813,AUC,2.4633,0.47909373,4813 AUC
4813,AUC,2.59,0.47926687,4813 AUC
4813,AUC,2.7167,0.47943995,4813 AUC
4813,AUC,2.8433,0.47961284,4813 AUC
4813,AUC,2.97,0.47978581,4813 AUC
4813,AUC,3.0122,0.47984341,4813 AUC
4813,AUC,3.0544,0.479901,4813 AUC
4813,AUC,3.0967,0.47995872,4813 AUC
4813,AUC,3.1389,0.4800163,4813 AUC
4813,AUC,3.1811,0.48007387,4813 AUC
4813,AUC,3.2233,0.48013144,4813 AUC
4813,AUC,3.2656,0.48018913,4813 AUC
4813,AUC,3.3078,0.48024669,4813 AUC
4813,AUC,3.35,0.48030423,4813 AUC
4813,AUC,3.4811,0.48048297,4813 AUC
4813,AUC,3.6122,0.48066164,4813 AUC
4813,AUC,3.7433,0.48084026,4813 AUC
4813,AUC,3.8744,0.48101881,4813 AUC
4813,AUC,4.0056,0.48119743,4813 AUC
4813,AUC,4.1367,0.48137586,4813 AUC
4813,AUC,4.2678,0.48155423,4813 AUC
4813,AUC,4.3989,0.48173254,4813 AUC
4813,AUC,4.53,0.48191078,4813 AUC
4813,AUC,4.7067,0.48215093,4813 AUC
4813,AUC,4.8833,0.48239083,4813 AUC
4813,AUC,5.06,0.48263075,4813 AUC
4813,AUC,5.2367,0.48287056,4813 AUC
4813,AUC,5.4133,0.48311013,4813 AUC
4813,AUC,5.59,0.48334972,4813 AUC
4813,AUC,5.7667,0.4835892,4813 AUC
4813,AUC,5.9433,0.48382843,4813 AUC
4813,AUC,6.12,0.48406768,4813 AUC
4813,AUC,6.36,0.48439247,4813 AUC
4813,AUC,6.6,0.48471706,4813 AUC
4813,AUC,6.84,0.48504144,4813 AUC
4813,AUC,7.08,0.48536562,4813 AUC
4813,AUC,7.32,0.48568959,4813 AUC
4813,AUC,7.56,0.48601336,4813 AUC
4813,AUC,7.8,0.48633692,4813 AUC
4813,AUC,8.04,0.48666028,4813 AUC
4813,AUC,8.28,0.48698344,4813 AUC
4813,AUC,8.6044,0.48741992,4813 AUC
4813,AUC,8.9289,0.48785616,4813 AUC
4813,AUC,9.2533,0.48829189,4813 AUC
4813,AUC,9.5778,0.48872739,4813 AUC
4813,AUC,9.9022,0.48916239,4813 AUC
4813,AUC,10.2267,0.48959715,4813 AUC
4813,AUC,10.5511,0.4900314,4813 AUC
4813,AUC,10.8756,0.49046542,4813 AUC
4813,AUC,11.2,0.49089893,4813 AUC
4813,AUC,11.6333,0.4914774,4813 AUC
4813,AUC,12.0667,0.49205535,4813 AUC
4813,AUC,12.5,0.4926325,4813 AUC
4813,AUC,12.9333,0.493209,4813 AUC
4813,AUC,13.3667,0.49378498,4813 AUC
4813,AUC,13.8,0.49436017,4813 AUC
4813,AUC,14.2333,0.49493471,4813 AUC
4813,AUC,14.6667,0.49550872,4813 AUC
4813,AUC,15.1,0.49608196,4813 AUC
4813,AUC,15.7,0.49687465,4813 AUC
4813,AUC,16.3,0.49766609,4813 AUC
4813,AUC,16.9,0.49845629,4813 AUC
4813,AUC,17.5,0.49924525,4813 AUC
4813,AUC,18.1,0.50003296,4813 AUC
4813,AUC,18.7,0.50081944,4813 AUC
4813,AUC,19.3,0.50160468,4813 AUC
4813,AUC,19.9,0.50238868,4813 AUC
4813,AUC,20.5,0.50317145,4813 AUC
4813,AUC,21.3,0.50421323,4813 AUC
4813,AUC,22.1,0.50525283,4813 AUC
4813,AUC,22.9,0.50629024,4813 AUC
4813,AUC,23.7,0.50732548,4813 AUC
4813,AUC,24.5,0.50835855,4813 AUC
4813,AUC,25.3,0.50938945,4813 AUC
4813,AUC,26.1,0.51041819,4813 AUC
4813,AUC,26.9,0.51144477,4813 AUC
4813,AUC,27.7,0.51246921,4813 AUC
4813,MOV,,,4813 MOV
4814,AUC,0.0,0.14268944,4814 AUC
4814,AUC,0.0111,0.14269998,4814 AUC
4814,AUC,0.0222,0.14271053,4814 AUC
4814,AUC,0.0333,0.14272107,4814 AUC
4814,AUC,0.0444,0.14273162,4814 AUC
4814,AUC,0.0556,0.14274225,4814 AUC
4814,AUC,0.0667,0.1427528,4814 AUC
4814,AUC,0.0778,0.14276334,4814 AUC
4814,AUC,0.0889,0.14277389,4814 AUC
4814,AUC,0.1,0.14278443,4814 AUC
4814,AUC,0.3944,0.14306402,4814 AUC
4814,AUC,0.6889,0.14334361,4814 AUC
4814,AUC,0.9833,0.14362301,4814 AUC
4814,AUC,1.2778,0.14390242,4814 AUC
4814,AUC,1.5722,0.14418164,4814 AUC
4814,AUC,1.8667,0.14446087,4814 AUC
4814,AUC,2.1611,0.14473991,4814 AUC
4814,AUC,2.4556,0.14501896,4814 AUC
4814,AUC,2.75,0.14529782,4814 AUC
4814,AUC,3.0456,0.14557772,4814 AUC
4814,AUC,3.3411,0.14585744,4814 AUC
4814,AUC,3.6367,0.14613716,4814 AUC
4814,AUC,3.9322,0.14641669,4814 AUC
4814,AUC,4.2278,0.14669623,4814 AUC
4814,AUC,4.5233,0.14697558,4814 AUC
4814,AUC,4.8189,0.14725494,4814 AUC
4814,AUC,5.1144,0.1475341,4814 AUC
4814,AUC,5.41,0.14781328,4814 AUC
4814,AUC,5.7044,0.14809122,4814 AUC
4814,AUC,5.9989,0.14836917,4814 AUC
4814,AUC,6.2933,0.14864694,4814 AUC
4814,AUC,6.5878,0.14892471,4814 AUC
4814,AUC,6.8822,0.1492023,4814 AUC
4814,AUC,7.1767,0.14947988,4814 AUC
4814,AUC,7.4711,0.14975729,4814 AUC
4814,AUC,7.7656,0.1500347,4814 AUC
4814,AUC,8.06,0.15031192,4814 AUC
4814,AUC,8.3533,0.15058802,4814 AUC
4814,AUC,8.6467,0.15086412,4814 AUC
4814,AUC,8.94,0.15114003,4814 AUC
4814,AUC,9.2333,0.15141586,4814 AUC
4814,AUC,9.5267,0.15169169,4814 AUC
4814,AUC,9.82,0.15196734,4814 AUC
4814,AUC,10.1133,0.1522429,4814 AUC
4814,AUC,10.4067,0.15251847,4814 AUC
4814,AUC,10.7,0.15279385,4814 AUC
4814,AUC,11.0,0.15307542,4814 AUC
4814,AUC,11.3,0.15335691,4814 AUC
4814,AUC,11.6,0.1536383,4814 AUC
4814,AUC,11.9,0.1539196,4814 AUC
4814,AUC,12.2,0.1542008,4814 AUC
4814,AUC,12.5,0.15448191,4814 AUC
4814,AUC,12.8,0.15476293,4814 AUC
4814,AUC,13.1,0.15504385,4814 AUC
4814,AUC,13.4,0.15532468,4814 AUC
4814,AUC,13.6889,0.15559504,4814 AUC
4814,AUC,13.9778,0.1558653,4814 AUC
4814,AUC,14.2667,0.15613548,4814 AUC
4814,AUC,14.5556,0.15640557,4814 AUC
4814,AUC,14.8444,0.15667548,4814 AUC
4814,AUC,15.1333,0.1569454,4814 AUC
4814,AUC,15.4222,0.15721524,4814 AUC
4814,AUC,15.7111,0.15748498,4814 AUC
4814,AUC,16.0,0.15775464,4814 AUC
4814,AUC,16.3,0.15803457,4814 AUC
4814,AUC,16.6,0.15831441,4814 AUC
4814,AUC,16.9,0.15859415,4814 AUC
4814,AUC,17.2,0.1588738,4814 AUC
4814,AUC,17.5,0.15915336,4814 AUC
4814,AUC,17.8,0.15943282,4814 AUC
4814,AUC,18.1,0.15971219,4814 AUC
4814,AUC,18.4,0.15999147,4814 AUC
4814,AUC,18.7,0.16027066,4814 AUC
4814,AUC,18.9889,0.16053943,4814 AUC
4814,AUC,19.2778,0.16080811,4814 AUC
4814,AUC,19.5667,0.16107671,4814 AUC
4814,AUC,19.8556,0.16134522,4814 AUC
4814,AUC,20.1444,0.16161355,4814 AUC
4814,AUC,20.4333,0.16188189,4814 AUC
4814,AUC,20.7222,0.16215014,4814 AUC
4814,AUC,21.0111,0.16241831,4814 AUC
4814,AUC,21.3,0.16268639,4814 AUC
4814,AUC,21.6,0.16296468,4814 AUC
4814,AUC,21.9,0.16324288,4814 AUC
4814,AUC,22.2,0.16352098,4814 AUC
4814,AUC,22.5,0.16379899,4814 AUC
4814,AUC,22.8,0.16407692,4814 AUC
4814,AUC,23.1,0.16435474,4814 AUC
4814,AUC,23.4,0.16463248,4814 AUC
4814,AUC,23.7,0.16491012,4814 AUC
4814,AUC,24.0,0.16518767,4814 AUC
4814,AUC,24.2889,0.16545487,4814 AUC
4814,AUC,24.5778,0.16572198,4814 AUC
4814,AUC,24.8667,0.165989,4814 AUC
4814,AUC,25.1556,0.16625594,4814 AUC
4814,AUC,25.4444,0.1665227,4814 AUC
4814,AUC,25.7333,0.16678947,4814 AUC
4814,AUC,26.0222,0.16705615,4814 AUC
4814,AUC,26.3111,0.16732275,4814 AUC
4814,AUC,26.6,0.16758926,4814 AUC
4814,AUC,26.9,0.16786592,4814 AUC
4814,AUC,27.2,0.16814249,4814 AUC
4814,AUC,27.5,0.16841896,4814 AUC
4814,AUC,27.8,0.16869535,4814 AUC
4814,AUC,28.1,0.16897164,4814 AUC
4814,AUC,28.4,0.16924784,4814 AUC
4814,AUC,28.7,0.16952395,4814 AUC
4814,AUC,29.0,0.16979997,4814 AUC
4814,AUC,29.3,0.1700759,4814 AUC
4814,MOV,,,4814 MOV
4815,AUC,,,4815 AUC
4815,MOV,,,4815 MOV
4816,AUC,0.0,0.12142365,4816 AUC
4816,AUC,0.0111,0.1214811,4816 AUC
4816,AUC,0.0222,0.12153855,4816 AUC
4816,AUC,0.0333,0.121596,4816 AUC
4816,AUC,0.0444,0.12165344,4816 AUC
4816,AUC,0.0556,0.1217114,4816 AUC
4816,AUC,0.0667,0.12176883,4816 AUC
4816,AUC,0.0778,0.12182627,4816 AUC
4816,AUC,0.0889,0.1218837,4816 AUC
4816,AUC,0.1,0.12194112,4816 AUC
4816,AUC,0.3789,0.12338275,4816 AUC
4816,AUC,0.6578,0.124822,4816 AUC
4816,AUC,0.9367,0.1262589,4816 AUC
4816,AUC,1.2156,0.12769344,4816 AUC
4816,AUC,1.4944,0.1291251,4816 AUC
4816,AUC,1.7733,0.13055493,4816 AUC
4816,AUC,2.0522,0.13198242,4816 AUC
4816,AUC,2.3311,0.13340756,4816 AUC
4816,AUC,2.61,0.13483036,4816 AUC
4816,AUC,2.8889,0.13625082,4816 AUC
4816,AUC,3.1678,0.13766895,4816 AUC
4816,AUC,3.4467,0.13908475,4816 AUC
4816,AUC,3.7256,0.14049823,4816 AUC
4816,AUC,4.0044,0.14190888,4816 AUC
4816,AUC,4.2833,0.14331772,4816 AUC
4816,AUC,4.5622,0.14472425,4816 AUC
4816,AUC,4.8411,0.14612847,4816 AUC
4816,AUC,5.12,0.14753039,4816 AUC
4816,AUC,5.3989,0.14893,4816 AUC
4816,AUC,5.6778,0.15032731,4816 AUC
4816,AUC,5.9567,0.15172233,4816 AUC
4816,AUC,6.2356,0.15311506,4816 AUC
4816,AUC,6.5144,0.15450501,4816 AUC
4816,AUC,6.7933,0.15589317,4816 AUC
4816,AUC,7.0722,0.15727905,4816 AUC
4816,AUC,7.3511,0.15866266,4816 AUC
4816,AUC,7.63,0.16004399,4816 AUC
4816,AUC,7.9044,0.16140082,4816 AUC
4816,AUC,8.1789,0.16275596,4816 AUC
4816,AUC,8.4533,0.16410841,4816 AUC
4816,AUC,8.7278,0.16545917,4816 AUC
4816,AUC,9.0022,0.16680726,4816 AUC
4816,AUC,9.2767,0.16815366,4816 AUC
4816,AUC,9.5511,0.16949739,4816 AUC
4816,AUC,9.8256,0.17083944,4816 AUC
4816,AUC,10.1,0.17217884,4816 AUC
4816,AUC,10.3778,0.17353263,4816 AUC
4816,AUC,10.6556,0.1748842,4816 AUC
4816,AUC,10.9333,0.17623308,4816 AUC
4816,AUC,11.2111,0.17758023,4816 AUC
4816,AUC,11.4889,0.17892519,4816 AUC
4816,AUC,11.7667,0.18026794,4816 AUC
4816,AUC,12.0444,0.18160802,4816 AUC
4816,AUC,12.3222,0.18294639,4816 AUC
4816,AUC,12.6,0.18428256,4816 AUC
4816,AUC,12.8889,0.18566981,4816 AUC
4816,AUC,13.1778,0.18705471,4816 AUC
4816,AUC,13.4667,0.18843724,4816 AUC
4816,AUC,13.7556,0.18981743,4816 AUC
4816,AUC,14.0444,0.19119479,4816 AUC
4816,AUC,14.3333,0.19257028,4816 AUC
4816,AUC,14.6222,0.19394344,4816 AUC
4816,AUC,14.9111,0.19531426,4816 AUC
4816,AUC,15.2,0.19668275,4816 AUC
4816,AUC,15.4778,0.19799646,4816 AUC
4816,AUC,15.7556,0.19930803,4816 AUC
4816,AUC,16.0333,0.20061698,4816 AUC
4816,AUC,16.3111,0.20192426,4816 AUC
4816,AUC,16.5889,0.2032294,4816 AUC
4816,AUC,16.8667,0.20453241,4816 AUC
4816,AUC,17.1444,0.20583282,4816 AUC
4816,AUC,17.4222,0.20713157,4816 AUC
4816,AUC,17.7,0.2084282,4816 AUC
4816,AUC,17.9778,0.2097227,4816 AUC
4816,AUC,18.2556,0.21101509,4816 AUC
4816,AUC,18.5333,0.2123049,4816 AUC
4816,AUC,18.8111,0.21359307,4816 AUC
4816,AUC,19.0889,0.21487913,4816 AUC
4816,AUC,19.3667,0.21616309,4816 AUC
4816,AUC,19.6444,0.21744448,4816 AUC
4816,AUC,19.9222,0.21872424,4816 AUC
4816,AUC,20.2,0.22000191,4816 AUC
4816,AUC,20.4778,0.22127749,4816 AUC
4816,AUC,20.7556,0.22255099,4816 AUC
4816,AUC,21.0333,0.22382194,4816 AUC
4816,AUC,21.3111,0.22509127,4816 AUC
4816,AUC,21.5889,0.22635853,4816 AUC
4816,AUC,21.8667,0.22762371,4816 AUC
4816,AUC,22.1444,0.22888637,4816 AUC
4816,AUC,22.4222,0.23014742,4816 AUC
4816,AUC,22.7,0.23140641,4816 AUC
4816,AUC,22.9778,0.23266334,4816 AUC
4816,AUC,23.2556,0.23391821,4816 AUC
4816,AUC,23.5333,0.23517058,4816 AUC
4816,AUC,23.8111,0.23642135,4816 AUC
4816,AUC,24.0889,0.23767008,4816 AUC
4816,AUC,24.3667,0.23891677,4816 AUC
4816,AUC,24.6444,0.24016097,4816 AUC
4816,AUC,24.9222,0.24140358,4816 AUC
4816,AUC,25.2,0.24264416,4816 AUC
4816,AUC,25.4778,0.24388271,4816 AUC
4816,AUC,25.7556,0.24511923,4816 AUC
4816,AUC,26.0333,0.24635329,4816 AUC
4816,AUC,26.3111,0.24758578,4816 AUC
4816,AUC,26.5889,0.24881625,4816 AUC
4816,AUC,26.8667,0.25004471,4816 AUC
4816,AUC,27.1444,0.25127071,4816 AUC
4816,AUC,27.4222,0.25249516,4816 AUC
4816,AUC,27.7,0.2537176,4816 AUC
4816,MOV,,,4816 MOV
4817,AUC,,,4817 AUC
4817,MOV,,,4817 MOV
4818,AUC,0.0,0.37762219,4818 AUC
4818,AUC,0.1111,0.37762219,4818 AUC
4818,AUC,0.2222,0.37762219,4818 AUC
4818,AUC,0.3333,0.37762219,4818 AUC
4818,AUC,0.4444,0.37762219,4818 AUC
4818,AUC,0.5556,0.37762219,4818 AUC
4818,AUC,0.6667,0.37762219,4818 AUC
4818,AUC,0.7778,0.37762219,4818 AUC
4818,AUC,0.8889,0.37762219,4818 AUC
4818,AUC,1.0,0.37762219,4818 AUC
4818,AUC,1.0378,0.37762219,4818 AUC
4818,AUC,1.0756,0.37762219,4818 AUC
4818,AUC,1.1133,0.37762219,4818 AUC
4818,AUC,1.1511,0.37762219,4818 AUC
4818,AUC,1.1889,0.37762219,4818 AUC
4818,AUC,1.2267,0.37762219,4818 AUC
4818,AUC,1.2644,0.37762219,4818 AUC
4818,AUC,1.3022,0.37762219,4818 AUC
4818,AUC,1.34,0.37762219,4818 AUC
4818,AUC,1.3889,0.37762219,4818 AUC
4818,AUC,1.4378,0.37762219,4818 AUC
4818,AUC,1.4867,0.37762219,4818 AUC
4818,AUC,1.5356,0.37762219,4818 AUC
4818,AUC,1.5844,0.37762219,4818 AUC
4818,AUC,1.6333,0.37762219,4818 AUC
4818,AUC,1.6822,0.37762219,4818 AUC
4818,AUC,1.7311,0.37762219,4818 AUC
4818,AUC,1.78,0.37762219,4818 AUC
4818,AUC,1.8467,0.37762219,4818 AUC
4818,AUC,1.9133,0.37762219,4818 AUC
4818,AUC,1.98,0.37762219,4818 AUC
4818,AUC,2.0467,0.37762219,4818 AUC
4818,AUC,2.1133,0.37762219,4818 AUC
4818,AUC,2.18,0.37762219,4818 AUC
4818,AUC,2.2467,0.37762219,4818 AUC
4818,AUC,2.3133,0.37762219,4818 AUC
4818,AUC,2.38,0.37762219,4818 AUC
4818,AUC,2.47,0.37762219,4818 AUC
4818,AUC,2.56,0.37762219,4818 AUC
4818,AUC,2.65,0.37762219,4818 AUC
4818,AUC,2.74,0.37762219,4818 AUC
4818,AUC,2.83,0.37762219,4818 AUC
4818,AUC,2.92,0.37762219,4818 AUC
4818,AUC,3.01,0.37762219,4818 AUC
4818,AUC,3.1,0.37762219,4818 AUC
4818,AUC,3.19,0.37762219,4818 AUC
4818,AUC,3.3089,0.37762219,4818 AUC
4818,AUC,3.4278,0.37762219,4818 AUC
4818,AUC,3.5467,0.37762219,4818 AUC
4818,AUC,3.6656,0.37762219,4818 AUC
4818,AUC,3.7844,0.37762219,4818 AUC
4818,AUC,3.9033,0.37762219,4818 AUC
4818,AUC,4.0222,0.37762219,4818 AUC
4818,AUC,4.1411,0.37762219,4818 AUC
4818,AUC,4.26,0.37762219,4818 AUC
4818,AUC,4.4189,0.37762219,4818 AUC
4818,AUC,4.5778,0.37762219,4818 AUC
4818,AUC,4.7367,0.37762219,4818 AUC
4818,AUC,4.8956,0.37762219,4818 AUC
4818,AUC,5.0544,0.37762219,4818 AUC
4818,AUC,5.2133,0.37762219,4818 AUC
4818,AUC,5.3722,0.37762219,4818 AUC
4818,AUC,5.5311,0.37762219,4818 AUC
4818,AUC,5.69,0.37762219,4818 AUC
4818,AUC,5.9022,0.37762219,4818 AUC
4818,AUC,6.1144,0.37762219,4818 AUC
4818,AUC,6.3267,0.37762219,4818 AUC
4818,AUC,6.5389,0.37762219,4818 AUC
4818,AUC,6.7511,0.37762219,4818 AUC
4818,AUC,6.9633,0.37762219,4818 AUC
4818,AUC,7.1756,0.37762219,4818 AUC
4818,AUC,7.3878,0.37762219,4818 AUC
4818,AUC,7.6,0.37762219,4818 AUC
4818,AUC,7.8778,0.37762219,4818 AUC
4818,AUC,8.1556,0.37762219,4818 AUC
4818,AUC,8.4333,0.37762219,4818 AUC
4818,AUC,8.7111,0.37762219,4818 AUC
4818,AUC,8.9889,0.37762219,4818 AUC
4818,AUC,9.2667,0.37762219,4818 AUC
4818,AUC,9.5444,0.37762219,4818 AUC
4818,AUC,9.8222,0.37762219,4818 AUC
4818,AUC,10.1,0.37762219,4818 AUC
4818,AUC,10.4889,0.37762219,4818 AUC
4818,AUC,10.8778,0.37762219,4818 AUC
4818,AUC,11.2667,0.37762219,4818 AUC
4818,AUC,11.6556,0.37762219,4818 AUC
4818,AUC,12.0444,0.37762219,4818 AUC
4818,AUC,12.4333,0.37762219,4818 AUC
4818,AUC,12.8222,0.37762219,4818 AUC
4818,AUC,13.2111,0.37762219,4818 AUC
4818,AUC,13.6,0.37762219,4818 AUC
4818,AUC,14.1,0.37762219,4818 AUC
4818,AUC,14.6,0.37762221,4818 AUC
4818,AUC,15.1,0.37762241,4818 AUC
4818,AUC,15.6,0.37762427,4818 AUC
4818,AUC,16.1,0.37764032,4818 AUC
4818,AUC,16.6,0.37776968,4818 AUC
4818,AUC,17.1,0.37874814,4818 AUC
4818,AUC,17.6,0.38565079,4818 AUC
4818,AUC,18.1,0.42856972,4818 AUC
4818,AUC,18.7778,0.70477203,4818 AUC
4818,AUC,19.4556,0.95422088,4818 AUC
4818,AUC,20.1333,0.9953092,4818 AUC
4818,AUC,20.8111,0.99951193,4818 AUC
4818,AUC,21.4889,0.99994572,4818 AUC
4818,AUC,22.1667,0.99999354,4818 AUC
4818,AUC,22.8444,0.99999918,4818 AUC
4818,AUC,23.5222,0.99999989,4818 AUC
4818,AUC,24.2,0.99999998,4818 AUC
4818,MOV,0.0,0.40682421,4818 MOV
4818,MOV,0.1111,0.40829314,4818 MOV
4818,MOV,0.2222,0.40975842,4818 MOV
4818,MOV,0.3333,0.41122008,4818 MOV
4818,MOV,0.4444,0.41267812,4818 MOV
4818,MOV,0.5556,0.41413385,4818 MOV
4818,MOV,0.6667,0.41558467,4818 MOV
4818,MOV,0.7778,0.4170319,4818 MOV
4818,MOV,0.8889,0.41847555,4818 MOV
4818,MOV,1.0,0.41991562,4818 MOV
4818,MOV,1.0378,0.42040476,4818 MOV
4818,MOV,1.0756,0.4208935,4818 MOV
4818,MOV,1.1133,0.42138053,4818 MOV
4818,MOV,1.1511,0.42186844,4818 MOV
4818,MOV,1.1889,0.42235594,4818 MOV
4818,MOV,1.2267,0.42284303,4818 MOV
4818,MOV,1.2644,0.42332842,4818 MOV
4818,MOV,1.3022,0.42381469,4818 MOV
4818,MOV,1.34,0.42430055,4818 MOV
4818,MOV,1.3889,0.42492848,4818 MOV
4818,MOV,1.4378,0.42555572,4818 MOV
4818,MOV,1.4867,0.42618227,4818 MOV
4818,MOV,1.5356,0.42680815,4818 MOV
4818,MOV,1.5844,0.42743206,4818 MOV
4818,MOV,1.6333,0.42805657,4818 MOV
4818,MOV,1.6822,0.4286804,4818 MOV
4818,MOV,1.7311,0.42930354,4818 MOV
4818,MOV,1.78,0.42992601,4818 MOV
4818,MOV,1.8467,0.43077397,4818 MOV
4818,MOV,1.9133,0.43161939,4818 MOV
4818,MOV,1.98,0.43246483,4818 MOV
4818,MOV,2.0467,0.43330901,4818 MOV
4818,MOV,2.1133,0.43415068,4818 MOV
4818,MOV,2.18,0.43499235,4818 MOV
4818,MOV,2.2467,0.43583277,4818 MOV
4818,MOV,2.3133,0.43667068,4818 MOV
4818,MOV,2.38,0.43750861,4818 MOV
4818,MOV,2.47,0.43863727,4818 MOV
4818,MOV,2.56,0.43976366,4818 MOV
4818,MOV,2.65,0.44088779,4818 MOV
4818,MOV,2.74,0.44200967,4818 MOV
4818,MOV,2.83,0.44312929,4818 MOV
4818,MOV,2.92,0.44424667,4818 MOV
4818,MOV,3.01,0.44536181,4818 MOV
4818,MOV,3.1,0.44647471,4818 MOV
4818,MOV,3.19,0.44758538,4818 MOV
4818,MOV,3.3089,0.44904928,4818 MOV
4818,MOV,3.4278,0.45050929,4818 MOV
4818,MOV,3.5467,0.45196544,4818 MOV
4818,MOV,3.6656,0.45341774,4818 MOV
4818,MOV,3.7844,0.45486496,4818 MOV
4818,MOV,3.9033,0.45630957,4818 MOV
4818,MOV,4.0222,0.45775035,4818 MOV
4818,MOV,4.1411,0.45918731,4818 MOV
4818,MOV,4.26,0.46062046,4818 MOV
4818,MOV,4.4189,0.46252982,4818 MOV
4818,MOV,4.5778,0.46443243,4818 MOV
4818,MOV,4.7367,0.4663283,4818 MOV
4818,MOV,4.8956,0.46821745,4818 MOV
4818,MOV,5.0544,0.47009874,4818 MOV
4818,MOV,5.2133,0.47197455,4818 MOV
4818,MOV,5.3722,0.47384372,4818 MOV
4818,MOV,5.5311,0.47570627,4818 MOV
4818,MOV,5.69,0.47756223,4818 MOV
4818,MOV,5.9022,0.4800305,4818 MOV
4818,MOV,6.1144,0.4824871,4818 MOV
4818,MOV,6.3267,0.48493325,4818 MOV
4818,MOV,6.5389,0.48736669,4818 MOV
4818,MOV,6.7511,0.48978864,4818 MOV
4818,MOV,6.9633,0.49219914,4818 MOV
4818,MOV,7.1756,0.49459938,4818 MOV
4818,MOV,7.3878,0.49698715,4818 MOV
4818,MOV,7.6,0.49936365,4818 MOV
4818,MOV,7.8778,0.50245785,4818 MOV
4818,MOV,8.1556,0.50553293,4818 MOV
4818,MOV,8.4333,0.50858791,4818 MOV
4818,MOV,8.7111,0.5116251,4818 MOV
4818,MOV,8.9889,0.51464352,4818 MOV
4818,MOV,9.2667,0.51764329,4818 MOV
4818,MOV,9.5444,0.52062345,4818 MOV
4818,MOV,9.8222,0.52358625,4818 MOV
4818,MOV,10.1,0.52653075,4818 MOV
4818,MOV,10.4889,0.53062228,4818 MOV
4818,MOV,10.8778,0.53467846,4818 MOV
4818,MOV,11.2667,0.53869959,4818 MOV
4818,MOV,11.6556,0.54268597,4818 MOV
4818,MOV,12.0444,0.54663688,4818 MOV
4818,MOV,12.4333,0.55055467,4818 MOV
4818,MOV,12.8222,0.5544386,4818 MOV
4818,MOV,13.2111,0.55828897,4818 MOV
4818,MOV,13.6,0.56210606,4818 MOV
4818,MOV,14.1,0.56696518,4818 MOV
4818,MOV,14.6,0.57177039,4818 MOV
4818,MOV,15.1,0.57652227,4818 MOV
4818,MOV,15.6,0.58122143,4818 MOV
4818,MOV,16.1,0.58586844,4818 MOV
4818,MOV,16.6,0.59046388,4818 MOV
4818,MOV,17.1,0.59500833,4818 MOV
4818,MOV,17.6,0.59950235,4818 MOV
4818,MOV,18.1,0.6039465,4818 MOV
4818,MOV,18.7778,0.60989237,4818 MOV
4818,MOV,19.4556,0.61574896,4818 MOV
4818,MOV,20.1333,0.62151679,4818 MOV
4818,MOV,20.8111,0.62719887,4818 MOV
4818,MOV,21.4889,0.63279565,4818 MOV
4818,MOV,22.1667,0.63830841,4818 MOV
4818,MOV,22.8444,0.64373761,4818 MOV
4818,MOV,23.5222,0.64908609,4818 MOV
4818,MOV,24.2,0.65435428,4818 MOV
4819,AUC,,,4819 AUC
4819,MOV,,,4819 MOV
4820,AUC,,,4820 AUC
4820,MOV,0.0,0.12101869,4820 MOV
4820,MOV,0.1111,0.12163612,4820 MOV
4820,MOV,0.2222,0.12225312,4820 MOV
4820,MOV,0.3333,0.12286968,4820 MOV
4820,MOV,0.4444,0.12348581,4820 MOV
4820,MOV,0.5556,0.12410207,4820 MOV
4820,MOV,0.6667,0.12471733,4820 MOV
4820,MOV,0.7778,0.12533216,4820 MOV
4820,MOV,0.8889,0.12594657,4820 MOV
4820,MOV,1.0,0.12656054,4820 MOV
4820,MOV,1.0378,0.12676933,4820 MOV
4820,MOV,1.0756,0.12697808,4820 MOV
4820,MOV,1.1133,0.12718622,4820 MOV
4820,MOV,1.1511,0.12739486,4820 MOV
4820,MOV,1.1889,0.12760346,4820 MOV
4820,MOV,1.2267,0.127812,4820 MOV
4820,MOV,1.2644,0.12801995,4820 MOV
4820,MOV,1.3022,0.1282284,4820 MOV
4820,MOV,1.34,0.12843679,4820 MOV
4820,MOV,1.3889,0.12870631,4820 MOV
4820,MOV,1.4378,0.12897574,4820 MOV
4820,MOV,1.4867,0.1292451,4820 MOV
4820,MOV,1.5356,0.12951436,4820 MOV
4820,MOV,1.5844,0.129783,4820 MOV
4820,MOV,1.6333,0.1300521,4820 MOV
4820,MOV,1.6822,0.13032112,4820 MOV
4820,MOV,1.7311,0.13059005,4820 MOV
4820,MOV,1.78,0.13085891,4820 MOV
4820,MOV,1.8467,0.13122549,4820 MOV
4820,MOV,1.9133,0.13159137,4820 MOV
4820,MOV,1.98,0.13195764,4820 MOV
4820,MOV,2.0467,0.13232376,4820 MOV
4820,MOV,2.1133,0.13268918,4820 MOV
4820,MOV,2.18,0.13305499,4820 MOV
4820,MOV,2.2467,0.13342064,4820 MOV
4820,MOV,2.3133,0.1337856,4820 MOV
4820,MOV,2.38,0.13415095,4820 MOV
4820,MOV,2.47,0.13464367,4820 MOV
4820,MOV,2.56,0.13513612,4820 MOV
4820,MOV,2.65,0.13562829,4820 MOV
4820,MOV,2.74,0.13612018,4820 MOV
4820,MOV,2.83,0.13661179,4820 MOV
4820,MOV,2.92,0.13710312,4820 MOV
4820,MOV,3.01,0.13759417,4820 MOV
4820,MOV,3.1,0.13808494,4820 MOV
4820,MOV,3.19,0.13857543,4820 MOV
4820,MOV,3.3089,0.13922299,4820 MOV
4820,MOV,3.4278,0.13987007,4820 MOV
4820,MOV,3.5467,0.14051666,4820 MOV
4820,MOV,3.6656,0.14116277,4820 MOV
4820,MOV,3.7844,0.14180784,4820 MOV
4820,MOV,3.9033,0.14245298,4820 MOV
4820,MOV,4.0222,0.14309763,4820 MOV
4820,MOV,4.1411,0.14374179,4820 MOV
4820,MOV,4.26,0.14438547,4820 MOV
4820,MOV,4.4189,0.14524495,4820 MOV
4820,MOV,4.5778,0.14610355,4820 MOV
4820,MOV,4.7367,0.1469613,4820 MOV
4820,MOV,4.8956,0.14781818,4820 MOV
4820,MOV,5.0544,0.14867367,4820 MOV
4820,MOV,5.2133,0.14952883,4820 MOV
4820,MOV,5.3722,0.15038313,4820 MOV
4820,MOV,5.5311,0.15123658,4820 MOV
4820,MOV,5.69,0.15208917,4820 MOV
4820,MOV,5.9022,0.15322641,4820 MOV
4820,MOV,6.1144,0.15436212,4820 MOV
4820,MOV,6.3267,0.15549684,4820 MOV
4820,MOV,6.5389,0.15662951,4820 MOV
4820,MOV,6.7511,0.15776066,4820 MOV
4820,MOV,6.9633,0.15889029,4820 MOV
4820,MOV,7.1756,0.16001894,4820 MOV
4820,MOV,7.3878,0.16114554,4820 MOV
4820,MOV,7.6,0.16227063,4820 MOV
4820,MOV,7.8778,0.16374126,4820 MOV
4820,MOV,8.1556,0.1652093,4820 MOV
4820,MOV,8.4333,0.16667424,4820 MOV
4820,MOV,8.7111,0.16813713,4820 MOV
4820,MOV,8.9889,0.16959746,4820 MOV
4820,MOV,9.2667,0.17105522,4820 MOV
4820,MOV,9.5444,0.1725099,4820 MOV
4820,MOV,9.8222,0.17396255,4820 MOV
4820,MOV,10.1,0.17541265,4820 MOV
4820,MOV,10.4889,0.17743841,4820 MOV
4820,MOV,10.8778,0.17945919,4820 MOV
4820,MOV,11.2667,0.18147501,4820 MOV
4820,MOV,11.6556,0.18348588,4820 MOV
4820,MOV,12.0444,0.18549129,4820 MOV
4820,MOV,12.4333,0.18749229,4820 MOV
4820,MOV,12.8222,0.18948837,4820 MOV
4820,MOV,13.2111,0.19147955,4820 MOV
4820,MOV,13.6,0.19346584,4820 MOV
4820,MOV,14.1,0.1960124,4820 MOV
4820,MOV,14.6,0.19855091,4820 MOV
4820,MOV,15.1,0.20108141,4820 MOV
4820,MOV,15.6,0.20360393,4820 MOV
4820,MOV,16.1,0.20611847,4820 MOV
4820,MOV,16.6,0.20862508,4820 MOV
4820,MOV,17.1,0.21112378,4820 MOV
4820,MOV,17.6,0.21361458,4820 MOV
4820,MOV,18.1,0.21609752,4820 MOV
4820,MOV,18.7778,0.21945088,4820 MOV
4820,MOV,19.4556,0.2227899,4820 MOV
4820,MOV,20.1333,0.22611414,4820 MOV
4820,MOV,20.8111,0.22942465,4820 MOV
4820,MOV,21.4889,0.232721,4820 MOV
4820,MOV,22.1667,0.23600325,4820 MOV
4820,MOV,22.8444,0.23927098,4820 MOV
4820,MOV,23.5222,0.24252521,4820 MOV
4820,MOV,24.2,0.24576552,4820 MOV
4822,AUC,,,4822 AUC
4822,MOV,,,4822 MOV
4823,AUC,0.0,0.1585271,4823 AUC
4823,AUC,0.0111,0.15855124,4823 AUC
4823,AUC,0.0222,0.15857537,4823 AUC
4823,AUC,0.0333,0.1585995,4823 AUC
4823,AUC,0.0444,0.15862362,4823 AUC
4823,AUC,0.0556,0.15864797,4823 AUC
4823,AUC,0.0667,0.1586721,4823 AUC
4823,AUC,0.0778,0.15869622,4823 AUC
4823,AUC,0.0889,0.15872035,4823 AUC
4823,AUC,0.1,0.15874448,4823 AUC
4823,AUC,0.5556,0.15973411,4823 AUC
4823,AUC,1.0111,0.16072236,4823 AUC
4823,AUC,1.4667,0.16170967,4823 AUC
4823,AUC,1.9222,0.16269559,4823 AUC
4823,AUC,2.3778,0.16368058,4823 AUC
4823,AUC,2.8333,0.16466419,4823 AUC
4823,AUC,3.2889,0.16564686,4823 AUC
4823,AUC,3.7444,0.16662816,4823 AUC
4823,AUC,4.2,0.16760852,4823 AUC
4823,AUC,4.6556,0.16858772,4823 AUC
4823,AUC,5.1111,0.16956556,4823 AUC
4823,AUC,5.5667,0.17054246,4823 AUC
4823,AUC,6.0222,0.171518,4823 AUC
4823,AUC,6.4778,0.17249261,4823 AUC
4823,AUC,6.9333,0.17346586,4823 AUC
4823,AUC,7.3889,0.17443817,4823 AUC
4823,AUC,7.8444,0.17540913,4823 AUC
4823,AUC,8.3,0.17637916,4823 AUC
4823,AUC,8.7667,0.17737164,4823 AUC
4823,AUC,9.2333,0.17836271,4823 AUC
4823,AUC,9.7,0.1793528,4823 AUC
4823,AUC,10.1667,0.18034169,4823 AUC
4823,AUC,10.6333,0.18132918,4823 AUC
4823,AUC,11.1,0.1823157,4823 AUC
4823,AUC,11.5667,0.18330102,4823 AUC
4823,AUC,12.0333,0.18428495,4823 AUC
4823,AUC,12.5,0.1852679,4823 AUC
4823,AUC,12.9556,0.18622633,4823 AUC
4823,AUC,13.4111,0.18718343,4823 AUC
4823,AUC,13.8667,0.18813961,4823 AUC
4823,AUC,14.3222,0.18909445,4823 AUC
4823,AUC,14.7778,0.19004838,4823 AUC
4823,AUC,15.2333,0.19100098,4823 AUC
4823,AUC,15.6889,0.19195267,4823 AUC
4823,AUC,16.1444,0.19290302,4823 AUC
4823,AUC,16.6,0.19385247,4823 AUC
4823,AUC,17.0556,0.19480081,4823 AUC
4823,AUC,17.5111,0.19574782,4823 AUC
4823,AUC,17.9667,0.19669392,4823 AUC
4823,AUC,18.4222,0.1976387,4823 AUC
4823,AUC,18.8778,0.19858258,4823 AUC
4823,AUC,19.3333,0.19952514,4823 AUC
4823,AUC,19.7889,0.2004668,4823 AUC
4823,AUC,20.2444,0.20140715,4823 AUC
4823,AUC,20.7,0.20234659,4823 AUC
4823,AUC,21.1556,0.20328493,4823 AUC
4823,AUC,21.6111,0.20422196,4823 AUC
4823,AUC,22.0667,0.2051581,4823 AUC
4823,AUC,22.5222,0.20609293,4823 AUC
4823,AUC,22.9778,0.20702686,4823 AUC
4823,AUC,23.4333,0.20795949,4823 AUC
4823,AUC,23.8889,0.20889123,4823 AUC
4823,AUC,24.3444,0.20982166,4823 AUC
4823,AUC,24.8,0.21075121,4823 AUC
4823,AUC,25.2667,0.21170227,4823 AUC
4823,AUC,25.7333,0.21265198,4823 AUC
4823,AUC,26.2,0.21360075,4823 AUC
4823,AUC,26.6667,0.21454838,4823 AUC
4823,AUC,27.1333,0.21549466,4823 AUC
4823,AUC,27.6,0.21644,4823 AUC
4823,AUC,28.0667,0.21738421,4823 AUC
4823,AUC,28.5333,0.21832707,4823 AUC
4823,AUC,29.0,0.219269,4823 AUC
4823,AUC,29.4444,0.22016487,4823 AUC
4823,AUC,29.8889,0.22105991,4823 AUC
4823,AUC,30.3333,0.22195373,4823 AUC
4823,AUC,30.7778,0.22284672,4823 AUC
4823,AUC,31.2222,0.22373848,4823 AUC
4823,AUC,31.6667,0.22462942,4823 AUC
4823,AUC,32.1111,0.22551914,4823 AUC
4823,AUC,32.5556,0.22640803,4823 AUC
4823,AUC,33.0,0.22729571,4823 AUC
4823,AUC,33.4667,0.22822683,4823 AUC
4823,AUC,33.9333,0.22915663,4823 AUC
4823,AUC,34.4,0.23008552,4823 AUC
4823,AUC,34.8667,0.23101328,4823 AUC
4823,AUC,35.3333,0.23193972,4823 AUC
4823,AUC,35.8,0.23286525,4823 AUC
4823,AUC,36.2667,0.23378966,4823 AUC
4823,AUC,36.7333,0.23471276,4823 AUC
4823,AUC,37.2,0.23563495,4823 AUC
4823,AUC,37.6556,0.23653413,4823 AUC
4823,AUC,38.1111,0.23743206,4823 AUC
4823,AUC,38.5667,0.23832912,4823 AUC
4823,AUC,39.0222,0.23922494,4823 AUC
4823,AUC,39.4778,0.2401199,4823 AUC
4823,AUC,39.9333,0.2410136,4823 AUC
4823,AUC,40.3889,0.24190646,4823 AUC
4823,AUC,40.8444,0.24279806,4823 AUC
4823,AUC,41.3,0.24368882,4823 AUC
4823,AUC,41.7556,0.24457853,4823 AUC
4823,AUC,42.2111,0.24546699,4823 AUC
4823,AUC,42.6667,0.2463546,4823 AUC
4823,AUC,43.1222,0.24724098,4823 AUC
4823,AUC,43.5778,0.24812651,4823 AUC
4823,AUC,44.0333,0.2490108,4823 AUC
4823,AUC,44.4889,0.24989425,4823 AUC
4823,AUC,44.9444,0.25077646,4823 AUC
4823,AUC,45.4,0.25165783,4823 AUC
4823,MOV,,,4823 MOV
4824,AUC,,,4824 AUC
4824,MOV,0.0,1e-05,4824 MOV
4824,MOV,0.1111,0.11705448,4824 MOV
4824,MOV,0.2222,0.13445848,4824 MOV
4824,MOV,0.3333,0.14581523,4824 MOV
4824,MOV,0.4444,0.15445001,4824 MOV
4824,MOV,0.5556,0.16150401,4824 MOV
4824,MOV,0.6667,0.16750005,4824 MOV
4824,MOV,0.7778,0.17274307,4824 MOV
4824,MOV,0.8889,0.17741728,4824 MOV
4824,MOV,1.0,0.18164512,4824 MOV
4824,MOV,1.0378,0.18299783,4824 MOV
4824,MOV,1.0756,0.18431167,4824 MOV
4824,MOV,1.1133,0.18558574,4824 MOV
4824,MOV,1.1511,0.18682899,4824 MOV
4824,MOV,1.1889,0.18803999,4824 MOV
4824,MOV,1.2267,0.18922056,4824 MOV
4824,MOV,1.2644,0.19036936,4824 MOV
4824,MOV,1.3022,0.19149402,4824 MOV
4824,MOV,1.34,0.19259285,4824 MOV
4824,MOV,1.3911,0.19403953,4824 MOV
4824,MOV,1.4422,0.1954443,4824 MOV
4824,MOV,1.4933,0.19680979,4824 MOV
4824,MOV,1.5444,0.19813838,4824 MOV
4824,MOV,1.5956,0.19943475,4824 MOV
4824,MOV,1.6467,0.20069582,4824 MOV
4824,MOV,1.6978,0.20192594,4824 MOV
4824,MOV,1.7489,0.20312679,4824 MOV
4824,MOV,1.8,0.20429988,4824 MOV
4824,MOV,1.8667,0.20579164,4824 MOV
4824,MOV,1.9333,0.2072392,4824 MOV
4824,MOV,2.0,0.20864947,4824 MOV
4824,MOV,2.0667,0.2100226,4824 MOV
4824,MOV,2.1333,0.21135872,4824 MOV
4824,MOV,2.2,0.2126638,4824 MOV
4824,MOV,2.2667,0.21393759,4824 MOV
4824,MOV,2.3333,0.21517988,4824 MOV
4824,MOV,2.4,0.21639592,4824 MOV
4824,MOV,2.4922,0.21803308,4824 MOV
4824,MOV,2.5844,0.21962246,4824 MOV
4824,MOV,2.6767,0.22116874,4824 MOV
4824,MOV,2.7689,0.22267131,4824 MOV
4824,MOV,2.8611,0.22413435,4824 MOV
4824,MOV,2.9533,0.22556014,4824 MOV
4824,MOV,3.0456,0.22695221,4824 MOV
4824,MOV,3.1378,0.22830947,4824 MOV
4824,MOV,3.23,0.22963517,4824 MOV
4824,MOV,3.3489,0.23130078,4824 MOV
4824,MOV,3.4678,0.2329197,4824 MOV
4824,MOV,3.5867,0.23449479,4824 MOV
4824,MOV,3.7056,0.23602862,4824 MOV
4824,MOV,3.8244,0.2375223,4824 MOV
4824,MOV,3.9433,0.2389805,4824 MOV
4824,MOV,4.0622,0.24040392,4824 MOV
4824,MOV,4.1811,0.24179437,4824 MOV
4824,MOV,4.3,0.24315352,4824 MOV
4824,MOV,4.4667,0.24500928,4824 MOV
4824,MOV,4.6333,0.24680933,4824 MOV
4824,MOV,4.8,0.24855932,4824 MOV
4824,MOV,4.9667,0.25026131,4824 MOV
4824,MOV,5.1333,0.25191718,4824 MOV
4824,MOV,5.3,0.25353153,4824 MOV
4824,MOV,5.4667,0.25510571,4824 MOV
4824,MOV,5.6333,0.25664101,4824 MOV
4824,MOV,5.8,0.25814126,4824 MOV
4824,MOV,6.0211,0.26007871,4824 MOV
4824,MOV,6.2422,0.26196,4824 MOV
4824,MOV,6.4633,0.26378867,4824 MOV
4824,MOV,6.6844,0.2655679,4824 MOV
4824,MOV,6.9056,0.26730138,4824 MOV
4824,MOV,7.1267,0.2689902,4824 MOV
4824,MOV,7.3478,0.27063755,4824 MOV
4824,MOV,7.5689,0.27224568,4824 MOV
4824,MOV,7.79,0.2738166,4824 MOV
4824,MOV,8.0911,0.27589947,4824 MOV
4824,MOV,8.3922,0.27792114,4824 MOV
4824,MOV,8.6933,0.27988552,4824 MOV
4824,MOV,8.9944,0.28179613,4824 MOV
4824,MOV,9.2956,0.28365677,4824 MOV
4824,MOV,9.5967,0.28546913,4824 MOV
4824,MOV,9.8978,0.28723648,4824 MOV
4824,MOV,10.1989,0.28896126,4824 MOV
4824,MOV,10.5,0.29064571,4824 MOV
4824,MOV,10.8889,0.29276498,4824 MOV
4824,MOV,11.2778,0.29482443,4824 MOV
4824,MOV,11.6667,0.29682773,4824 MOV
4824,MOV,12.0556,0.2987782,4824 MOV
4824,MOV,12.4444,0.30067838,4824 MOV
4824,MOV,12.8333,0.30253203,4824 MOV
4824,MOV,13.2222,0.30434118,4824 MOV
4824,MOV,13.6111,0.30610817,4824 MOV
4824,MOV,14.0,0.30783512,4824 MOV
4824,MOV,14.5333,0.31014182,4824 MOV
4824,MOV,15.0667,0.31238202,4824 MOV
4824,MOV,15.6,0.3145591,4824 MOV
4824,MOV,16.1333,0.31667728,4824 MOV
4824,MOV,16.6667,0.3187404,4824 MOV
4824,MOV,17.2,0.32075085,4824 MOV
4824,MOV,17.7333,0.3227119,4824 MOV
4824,MOV,18.2667,0.32462655,4824 MOV
4824,MOV,18.8,0.3264965,4824 MOV
4824,MOV,19.5444,0.32903673,4824 MOV
4824,MOV,20.2889,0.33150079,4824 MOV
4824,MOV,21.0333,0.333893,4824 MOV
4824,MOV,21.7778,0.33621849,4824 MOV
4824,MOV,22.5222,0.33848071,4824 MOV
4824,MOV,23.2667,0.34068397,4824 MOV
4824,MOV,24.0111,0.34283103,4824 MOV
4824,MOV,24.7556,0.34492556,4824 MOV
4824,MOV,25.5,0.34696983,4824 MOV
4825,AUC,0.0,0.17430866,4825 AUC
4825,AUC,0.0111,0.17445632,4825 AUC
4825,AUC,0.0222,0.17460395,4825 AUC
4825,AUC,0.0333,0.17475156,4825 AUC
4825,AUC,0.0444,0.17489914,4825 AUC
4825,AUC,0.0556,0.17504802,4825 AUC
4825,AUC,0.0667,0.17519554,4825 AUC
4825,AUC,0.0778,0.17534304,4825 AUC
4825,AUC,0.0889,0.17549052,4825 AUC
4825,AUC,0.1,0.17563796,4825 AUC
4825,AUC,0.3433,0.17886323,4825 AUC
4825,AUC,0.5867,0.18207719,4825 AUC
4825,AUC,0.83,0.18527726,4825 AUC
4825,AUC,1.0733,0.18846481,4825 AUC
4825,AUC,1.3167,0.1916412,4825 AUC
4825,AUC,1.56,0.19480385,4825 AUC
4825,AUC,1.8033,0.19795413,4825 AUC
4825,AUC,2.0467,0.20109337,4825 AUC
4825,AUC,2.29,0.20421904,4825 AUC
4825,AUC,2.5333,0.20733248,4825 AUC
4825,AUC,2.7767,0.21043501,4825 AUC
4825,AUC,3.02,0.21352414,4825 AUC
4825,AUC,3.2633,0.21660117,4825 AUC
4825,AUC,3.5067,0.21966743,4825 AUC
4825,AUC,3.75,0.22272043,4825 AUC
4825,AUC,3.9933,0.22576149,4825 AUC
4825,AUC,4.2367,0.22879189,4825 AUC
4825,AUC,4.48,0.23180919,4825 AUC
4825,AUC,4.7233,0.23481469,4825 AUC
4825,AUC,4.9667,0.23780966,4825 AUC
4825,AUC,5.21,0.24079168,4825 AUC
4825,AUC,5.4533,0.24376203,4825 AUC
4825,AUC,5.6967,0.24672198,4825 AUC
4825,AUC,5.94,0.24966913,4825 AUC
4825,AUC,6.1833,0.25260475,4825 AUC
4825,AUC,6.4267,0.25553009,4825 AUC
4825,AUC,6.67,0.25844278,4825 AUC
4825,AUC,6.9133,0.26134407,4825 AUC
4825,AUC,7.1567,0.2642352,4825 AUC
4825,AUC,7.4,0.26711384,4825 AUC
4825,AUC,7.6433,0.26998121,4825 AUC
4825,AUC,7.8867,0.27283853,4825 AUC
4825,AUC,8.13,0.2756835,4825 AUC
4825,AUC,8.3733,0.27851735,4825 AUC
4825,AUC,8.6167,0.28134126,4825 AUC
4825,AUC,8.86,0.28415297,4825 AUC
4825,AUC,9.1089,0.28701801,4825 AUC
4825,AUC,9.3578,0.28987158,4825 AUC
4825,AUC,9.6067,0.29271373,4825 AUC
4825,AUC,9.8556,0.29554451,4825 AUC
4825,AUC,10.1044,0.29836283,4825 AUC
4825,AUC,10.3533,0.30117099,4825 AUC
4825,AUC,10.6022,0.30396792,4825 AUC
4825,AUC,10.8511,0.30675366,4825 AUC
4825,AUC,11.1,0.30952824,4825 AUC
4825,AUC,11.3333,0.31211885,4825 AUC
4825,AUC,11.5667,0.31470083,4825 AUC
4825,AUC,11.8,0.31727203,4825 AUC
4825,AUC,12.0333,0.31983358,4825 AUC
4825,AUC,12.2667,0.32238661,4825 AUC
4825,AUC,12.5,0.32492896,4825 AUC
4825,AUC,12.7333,0.32746179,4825 AUC
4825,AUC,12.9667,0.32998618,4825 AUC
4825,AUC,13.2,0.33250003,4825 AUC
4825,AUC,13.4444,0.33512336,4825 AUC
4825,AUC,13.6889,0.33773746,4825 AUC
4825,AUC,13.9333,0.34034021,4825 AUC
4825,AUC,14.1778,0.34293379,4825 AUC
4825,AUC,14.4222,0.34551612,4825 AUC
4825,AUC,14.6667,0.34808935,4825 AUC
4825,AUC,14.9111,0.35065142,4825 AUC
4825,AUC,15.1556,0.35320446,4825 AUC
4825,AUC,15.4,0.35574642,4825 AUC
4825,AUC,15.6444,0.3582784,4825 AUC
4825,AUC,15.8889,0.36080145,4825 AUC
4825,AUC,16.1333,0.36331356,4825 AUC
4825,AUC,16.3778,0.36581682,4825 AUC
4825,AUC,16.6222,0.36830921,4825 AUC
4825,AUC,16.8667,0.37079283,4825 AUC
4825,AUC,17.1111,0.37326567,4825 AUC
4825,AUC,17.3556,0.3757298,4825 AUC
4825,AUC,17.6,0.37818324,4825 AUC
4825,AUC,17.8444,0.38062703,4825 AUC
4825,AUC,18.0889,0.38306222,4825 AUC
4825,AUC,18.3333,0.38548684,4825 AUC
4825,AUC,18.5778,0.38790292,4825 AUC
4825,AUC,18.8222,0.39030851,4825 AUC
4825,AUC,19.0667,0.39270564,4825 AUC
4825,AUC,19.3111,0.39509236,4825 AUC
4825,AUC,19.5556,0.39747067,4825 AUC
4825,AUC,19.8,0.39983866,4825 AUC
4825,AUC,20.0444,0.40219735,4825 AUC
4825,AUC,20.2889,0.40454773,4825 AUC
4825,AUC,20.5333,0.40688791,4825 AUC
4825,AUC,20.7778,0.40921985,4825 AUC
4825,AUC,21.0222,0.41154167,4825 AUC
4825,AUC,21.2667,0.41385531,4825 AUC
4825,AUC,21.5111,0.41615891,4825 AUC
4825,AUC,21.7556,0.41845439,4825 AUC
4825,AUC,22.0,0.42073992,4825 AUC
4825,AUC,22.2444,0.42301646,4825 AUC
4825,AUC,22.4889,0.42528499,4825 AUC
4825,AUC,22.7333,0.42754367,4825 AUC
4825,AUC,22.9778,0.42979439,4825 AUC
4825,AUC,23.2222,0.43203535,4825 AUC
4825,AUC,23.4667,0.43426842,4825 AUC
4825,AUC,23.7111,0.43649179,4825 AUC
4825,AUC,23.9556,0.43870733,4825 AUC
4825,AUC,24.2,0.44091327,4825 AUC
4825,MOV,,,4825 MOV
4826,AUC,,,4826 AUC
4826,MOV,0.0,1e-05,4826 MOV
4826,MOV,0.1111,0.07710339,4826 MOV
4826,MOV,0.2222,0.08856703,4826 MOV
4826,MOV,0.3333,0.09604757,4826 MOV
4826,MOV,0.4444,0.10173525,4826 MOV
4826,MOV,0.5556,0.10638174,4826 MOV
4826,MOV,0.6667,0.11033141,4826 MOV
4826,MOV,0.7778,0.11378508,4826 MOV
4826,MOV,0.8889,0.11686412,4826 MOV
4826,MOV,1.0,0.11964915,4826 MOV
4826,MOV,1.0333,0.12043553,4826 MOV
4826,MOV,1.0667,0.12120416,4826 MOV
4826,MOV,1.1,0.12195156,4826 MOV
4826,MOV,1.1333,0.12268107,4826 MOV
4826,MOV,1.1667,0.12339574,4826 MOV
4826,MOV,1.2,0.12409216,4826 MOV
4826,MOV,1.2333,0.12477328,4826 MOV
4826,MOV,1.2667,0.12544183,4826 MOV
4826,MOV,1.3,0.12609448,4826 MOV
4826,MOV,1.3556,0.12715498,4826 MOV
4826,MOV,1.4111,0.12817941,4826 MOV
4826,MOV,1.4667,0.12917387,4826 MOV
4826,MOV,1.5222,0.13013689,4826 MOV
4826,MOV,1.5778,0.13107388,4826 MOV
4826,MOV,1.6333,0.13198321,4826 MOV
4826,MOV,1.6889,0.13286971,4826 MOV
4826,MOV,1.7444,0.13373163,4826 MOV
4826,MOV,1.8,0.13457338,4826 MOV
4826,MOV,1.8667,0.13555616,4826 MOV
4826,MOV,1.9333,0.13650982,4826 MOV
4826,MOV,2.0,0.13743893,4826 MOV
4826,MOV,2.0667,0.13834356,4826 MOV
4826,MOV,2.1333,0.13922383,4826 MOV
4826,MOV,2.2,0.14008366,4826 MOV
4826,MOV,2.2667,0.14092287,4826 MOV
4826,MOV,2.3333,0.14174134,4826 MOV
4826,MOV,2.4,0.14254251,4826 MOV
4826,MOV,2.4778,0.14345481,4826 MOV
4826,MOV,2.5556,0.14434448,4826 MOV
4826,MOV,2.6333,0.14521163,4826 MOV
4826,MOV,2.7111,0.14605962,4826 MOV
4826,MOV,2.7889,0.14688837,4826 MOV
4826,MOV,2.8667,0.14769881,4826 MOV
4826,MOV,2.9444,0.14849084,4826 MOV
4826,MOV,3.0222,0.14926731,4826 MOV
4826,MOV,3.1,0.15002795,4826 MOV
4826,MOV,3.2222,0.1511924,4826 MOV
4826,MOV,3.3444,0.15232204,4826 MOV
4826,MOV,3.4667,0.15342001,4826 MOV
4826,MOV,3.5889,0.15448656,4826 MOV
4826,MOV,3.7111,0.15552444,4826 MOV
4826,MOV,3.8333,0.15653532,4826 MOV
4826,MOV,3.9556,0.15752154,4826 MOV
4826,MOV,4.0778,0.15848287,4826 MOV
4826,MOV,4.2,0.15942143,4826 MOV
4826,MOV,4.3556,0.16058541,4826 MOV
4826,MOV,4.5111,0.16171585,4826 MOV
4826,MOV,4.6667,0.16281624,4826 MOV
4826,MOV,4.8222,0.16388697,4826 MOV
4826,MOV,4.9778,0.16493109,4826 MOV
4826,MOV,5.1333,0.16594877,4826 MOV
4826,MOV,5.2889,0.1669427,4826 MOV
4826,MOV,5.4444,0.16791289,4826 MOV
4826,MOV,5.6,0.16886176,4826 MOV
4826,MOV,5.8,0.17005088,4826 MOV
4826,MOV,6.0,0.17120764,4826 MOV
4826,MOV,6.2,0.17233395,4826 MOV
4826,MOV,6.4,0.17343155,4826 MOV
4826,MOV,6.6,0.17450204,4826 MOV
4826,MOV,6.8,0.17554688,4826 MOV
4826,MOV,7.0,0.17656742,4826 MOV
4826,MOV,7.2,0.17756489,4826 MOV
4826,MOV,7.4,0.17854043,4826 MOV
4826,MOV,7.6667,0.17980901,4826 MOV
4826,MOV,7.9333,0.1810423,4826 MOV
4826,MOV,8.2,0.1822433,4826 MOV
4826,MOV,8.4667,0.18341345,4826 MOV
4826,MOV,8.7333,0.18455405,4826 MOV
4826,MOV,9.0,0.18566752,4826 MOV
4826,MOV,9.2667,0.18675491,4826 MOV
4826,MOV,9.5333,0.18781713,4826 MOV
4826,MOV,9.8,0.18885624,4826 MOV
4826,MOV,10.1667,0.19024863,4826 MOV
4826,MOV,10.5333,0.19160103,4826 MOV
4826,MOV,10.9,0.19291663,4826 MOV
4826,MOV,11.2667,0.19419728,4826 MOV
4826,MOV,11.6333,0.19544466,4826 MOV
4826,MOV,12.0,0.1966613,4826 MOV
4826,MOV,12.3667,0.19784855,4826 MOV
4826,MOV,12.7333,0.19900764,4826 MOV
4826,MOV,13.1,0.20014063,4826 MOV
4826,MOV,13.5778,0.20157941,4826 MOV
4826,MOV,14.0556,0.20297824,4826 MOV
4826,MOV,14.5333,0.20433923,4826 MOV
4826,MOV,15.0111,0.20566515,4826 MOV
4826,MOV,15.4889,0.20695772,4826 MOV
4826,MOV,15.9667,0.20821877,4826 MOV
4826,MOV,16.4444,0.20944972,4826 MOV
4826,MOV,16.9222,0.21065262,4826 MOV
4826,MOV,17.4,0.21182864,4826 MOV
4826,MOV,18.0444,0.21337446,4826 MOV
4826,MOV,18.6889,0.21487693,4826 MOV
4826,MOV,19.3333,0.21633828,4826 MOV
4826,MOV,19.9778,0.21776136,4826 MOV
4826,MOV,20.6222,0.21914795,4826 MOV
4826,MOV,21.2667,0.22050049,4826 MOV
4826,MOV,21.9111,0.22182042,4826 MOV
4826,MOV,22.5556,0.22310983,4826 MOV
4826,MOV,23.2,0.22436989,4826 MOV
4827,AUC,,,4827 AUC
4827,MOV,0.0,0.15238761,4827 MOV
4827,MOV,0.0111,0.15247707,4827 MOV
4827,MOV,0.0222,0.15256653,4827 MOV
4827,MOV,0.0333,0.15265598,4827 MOV
4827,MOV,0.0444,0.15274542,4827 MOV
4827,MOV,0.0556,0.15283566,4827 MOV
4827,MOV,0.0667,0.15292508,4827 MOV
4827,MOV,0.0778,0.15301449,4827 MOV
4827,MOV,0.0889,0.15310389,4827 MOV
4827,MOV,0.1,0.15319328,4827 MOV
4827,MOV,0.3433,0.1551503,4827 MOV
4827,MOV,0.5867,0.1571036,4827 MOV
4827,MOV,0.83,0.15905158,4827 MOV
4827,MOV,1.0733,0.16099506,4827 MOV
4827,MOV,1.3167,0.16293484,4827 MOV
4827,MOV,1.56,0.16486935,4827 MOV
4827,MOV,1.8033,0.16679938,4827 MOV
4827,MOV,2.0467,0.16872574,4827 MOV
4827,MOV,2.29,0.17064687,4827 MOV
4827,MOV,2.5333,0.17256355,4827 MOV
4827,MOV,2.7767,0.17447658,4827 MOV
4827,MOV,3.02,0.17638441,4827 MOV
4827,MOV,3.2633,0.17828784,4827 MOV
4827,MOV,3.5067,0.18018764,4827 MOV
4827,MOV,3.75,0.18208227,4827 MOV
4827,MOV,3.9933,0.18397252,4827 MOV
4827,MOV,4.2367,0.18585918,4827 MOV
4827,MOV,4.48,0.18774071,4827 MOV
4827,MOV,4.7233,0.18961789,4827 MOV
4827,MOV,4.9667,0.19149149,4827 MOV
4827,MOV,5.21,0.19336,4827 MOV
4827,MOV,5.4533,0.19522419,4827 MOV
4827,MOV,5.6967,0.19708484,4827 MOV
4827,MOV,5.94,0.19894042,4827 MOV
4827,MOV,6.1833,0.20079171,4827 MOV
4827,MOV,6.4267,0.20263949,4827 MOV
4827,MOV,6.67,0.20448223,4827 MOV
4827,MOV,6.9133,0.20632072,4827 MOV
4827,MOV,7.1567,0.20815571,4827 MOV
4827,MOV,7.4,0.2099857,4827 MOV
4827,MOV,7.6433,0.21181147,4827 MOV
4827,MOV,7.8867,0.21363377,4827 MOV
4827,MOV,8.13,0.2154511,4827 MOV
4827,MOV,8.3733,0.21726424,4827 MOV
4827,MOV,8.6167,0.21907393,4827 MOV
4827,MOV,8.86,0.22087869,4827 MOV
4827,MOV,9.1089,0.22272068,4827 MOV
4827,MOV,9.3578,0.22455831,4827 MOV
4827,MOV,9.6067,0.2263916,4827 MOV
4827,MOV,9.8556,0.22822056,4827 MOV
4827,MOV,10.1044,0.23004445,4827 MOV
4827,MOV,10.3533,0.23186477,4827 MOV
4827,MOV,10.6022,0.23368079,4827 MOV
4827,MOV,10.8511,0.23549251,4827 MOV
4827,MOV,11.1,0.23729995,4827 MOV
4827,MOV,11.3333,0.23899022,4827 MOV
4827,MOV,11.5667,0.24067747,4827 MOV
4827,MOV,11.8,0.24236026,4827 MOV
4827,MOV,12.0333,0.24403932,4827 MOV
4827,MOV,12.2667,0.24571538,4827 MOV
4827,MOV,12.5,0.24738701,4827 MOV
4827,MOV,12.7333,0.24905493,4827 MOV
4827,MOV,12.9667,0.25071987,4827 MOV
4827,MOV,13.2,0.2523804,4827 MOV
4827,MOV,13.4444,0.25411599,4827 MOV
4827,MOV,13.6889,0.25584827,4827 MOV
4827,MOV,13.9333,0.25757581,4827 MOV
4827,MOV,14.1778,0.25930004,4827 MOV
4827,MOV,14.4222,0.26101957,4827 MOV
4827,MOV,14.6667,0.26273581,4827 MOV
4827,MOV,14.9111,0.26444737,4827 MOV
4827,MOV,15.1556,0.26615564,4827 MOV
4827,MOV,15.4,0.26785926,4827 MOV
4827,MOV,15.6444,0.26955892,4827 MOV
4827,MOV,15.8889,0.27125532,4827 MOV
4827,MOV,16.1333,0.2729471,4827 MOV
4827,MOV,16.3778,0.27463564,4827 MOV
4827,MOV,16.6222,0.27631956,4827 MOV
4827,MOV,16.8667,0.27800027,4827 MOV
4827,MOV,17.1111,0.27967639,4827 MOV
4827,MOV,17.3556,0.2813493,4827 MOV
4827,MOV,17.6,0.28301764,4827 MOV
4827,MOV,17.8444,0.28468211,4827 MOV
4827,MOV,18.0889,0.28634339,4827 MOV
4827,MOV,18.3333,0.28800014,4827 MOV
4827,MOV,18.5778,0.28965372,4827 MOV
4827,MOV,18.8222,0.29130278,4827 MOV
4827,MOV,19.0667,0.29294869,4827 MOV
4827,MOV,19.3111,0.2945901,4827 MOV
4827,MOV,19.5556,0.29622838,4827 MOV
4827,MOV,19.8,0.29786218,4827 MOV
4827,MOV,20.0444,0.29949218,4827 MOV
4827,MOV,20.2889,0.30111907,4827 MOV
4827,MOV,20.5333,0.30274152,4827 MOV
4827,MOV,20.7778,0.30436086,4827 MOV
4827,MOV,21.0222,0.30597578,4827 MOV
4827,MOV,21.2667,0.30758761,4827 MOV
4827,MOV,21.5111,0.30919504,4827 MOV
4827,MOV,21.7556,0.3107994,4827 MOV
4827,MOV,22.0,0.31239937,4827 MOV
4827,MOV,22.2444,0.31399563,4827 MOV
4827,MOV,22.4889,0.31558884,4827 MOV
4827,MOV,22.7333,0.31717769,4827 MOV
4827,MOV,22.9778,0.31876351,4827 MOV
4827,MOV,23.2222,0.32034499,4827 MOV
4827,MOV,23.4667,0.32192345,4827 MOV
4827,MOV,23.7111,0.3234976,4827 MOV
4827,MOV,23.9556,0.32506874,4827 MOV
4827,MOV,24.2,0.32663558,4827 MOV
4828,AUC,0.0,0.22863553,4828 AUC
4828,AUC,0.1111,0.38535224,4828 AUC
4828,AUC,0.2222,0.40864897,4828 AUC
4828,AUC,0.3333,0.42384768,4828 AUC
4828,AUC,0.4444,0.43540111,4828 AUC
4828,AUC,0.5556,0.44483744,4828 AUC
4828,AUC,0.6667,0.4528568,4828 AUC
4828,AUC,0.7778,0.45986755,4828 AUC
4828,AUC,0.8889,0.46611639,4828 AUC
4828,AUC,1.0,0.47176729,4828 AUC
4828,AUC,1.0378,0.47357505,4828 AUC
4828,AUC,1.0756,0.47533075,4828 AUC
4828,AUC,1.1133,0.47703318,4828 AUC
4828,AUC,1.1511,0.4786943,4828 AUC
4828,AUC,1.1889,0.48031221,4828 AUC
4828,AUC,1.2267,0.48188936,4828 AUC
4828,AUC,1.2644,0.48342396,4828 AUC
4828,AUC,1.3022,0.4849262,4828 AUC
4828,AUC,1.34,0.48639383,4828 AUC
4828,AUC,1.3889,0.48824391,4828 AUC
4828,AUC,1.4378,0.49004241,4828 AUC
4828,AUC,1.4867,0.49179245,4828 AUC
4828,AUC,1.5356,0.49349686,4828 AUC
4828,AUC,1.5844,0.49515487,4828 AUC
4828,AUC,1.6333,0.49677563,4828 AUC
4828,AUC,1.6822,0.49835787,4828 AUC
4828,AUC,1.7311,0.49990357,4828 AUC
4828,AUC,1.78,0.50141458,4828 AUC
4828,AUC,1.8467,0.50342271,4828 AUC
4828,AUC,1.9133,0.50537049,4828 AUC
4828,AUC,1.98,0.50726731,4828 AUC
4828,AUC,2.0467,0.50911343,4828 AUC
4828,AUC,2.1133,0.51090912,4828 AUC
4828,AUC,2.18,0.51266246,4828 AUC
4828,AUC,2.2467,0.51437316,4828 AUC
4828,AUC,2.3133,0.516041,4828 AUC
4828,AUC,2.38,0.51767305,4828 AUC
4828,AUC,2.47,0.51981785,4828 AUC
4828,AUC,2.56,0.52190063,4828 AUC
4828,AUC,2.65,0.52392526,4828 AUC
4828,AUC,2.74,0.52589525,4828 AUC
4828,AUC,2.83,0.52781378,4828 AUC
4828,AUC,2.92,0.52968376,4828 AUC
4828,AUC,3.01,0.53150786,4828 AUC
4828,AUC,3.1,0.5332885,4828 AUC
4828,AUC,3.19,0.53502794,4828 AUC
4828,AUC,3.3089,0.53726624,4828 AUC
4828,AUC,3.4278,0.53944056,4828 AUC
4828,AUC,3.5467,0.54155485,4828 AUC
4828,AUC,3.6656,0.54361268,4828 AUC
4828,AUC,3.7844,0.54561564,4828 AUC
4828,AUC,3.9033,0.54757006,4828 AUC
4828,AUC,4.0222,0.54947696,4828 AUC
4828,AUC,4.1411,0.55133883,4828 AUC
4828,AUC,4.26,0.55315797,4828 AUC
4828,AUC,4.4189,0.55552606,4828 AUC
4828,AUC,4.5778,0.55782623,4828 AUC
4828,AUC,4.7367,0.56006267,4828 AUC
4828,AUC,4.8956,0.56223916,4828 AUC
4828,AUC,5.0544,0.56435786,4828 AUC
4828,AUC,5.2133,0.56642457,4828 AUC
4828,AUC,5.3722,0.56844083,4828 AUC
4828,AUC,5.5311,0.57040929,4828 AUC
4828,AUC,5.69,0.57233241,4828 AUC
4828,AUC,5.9022,0.57483374,4828 AUC
4828,AUC,6.1144,0.57726309,4828 AUC
4828,AUC,6.3267,0.57962598,4828 AUC
4828,AUC,6.5389,0.5819242,4828 AUC
4828,AUC,6.7511,0.58416254,4828 AUC
4828,AUC,6.9633,0.58634434,4828 AUC
4828,AUC,7.1756,0.58847366,4828 AUC
4828,AUC,7.3878,0.5905513,4828 AUC
4828,AUC,7.6,0.59258085,4828 AUC
4828,AUC,7.8778,0.59516911,4828 AUC
4828,AUC,8.1556,0.59768393,4828 AUC
4828,AUC,8.4333,0.60012887,4828 AUC
4828,AUC,8.7111,0.60250973,4828 AUC
4828,AUC,8.9889,0.6048293,4828 AUC
4828,AUC,9.2667,0.60709093,4828 AUC
4828,AUC,9.5444,0.60929692,4828 AUC
4828,AUC,9.8222,0.6114517,4828 AUC
4828,AUC,10.1,0.61355707,4828 AUC
4828,AUC,10.4889,0.616426,4828 AUC
4828,AUC,10.8778,0.61920886,4828 AUC
4828,AUC,11.2667,0.62191109,4828 AUC
4828,AUC,11.6556,0.62453762,4828 AUC
4828,AUC,12.0444,0.62709229,4828 AUC
4828,AUC,12.4333,0.62958047,4828 AUC
4828,AUC,12.8222,0.63200523,4828 AUC
4828,AUC,13.2111,0.63436998,4828 AUC
4828,AUC,13.6,0.63667786,4828 AUC
4828,AUC,14.1,0.63956609,4828 AUC
4828,AUC,14.6,0.64237066,4828 AUC
4828,AUC,15.1,0.64509665,4828 AUC
4828,AUC,15.6,0.64774865,4828 AUC
4828,AUC,16.1,0.65033088,4828 AUC
4828,AUC,16.6,0.65284716,4828 AUC
4828,AUC,17.1,0.65530103,4828 AUC
4828,AUC,17.6,0.65769572,4828 AUC
4828,AUC,18.1,0.66003421,4828 AUC
4828,AUC,18.7778,0.66311942,4828 AUC
4828,AUC,19.4556,0.66611265,4828 AUC
4828,AUC,20.1333,0.66901916,4828 AUC
4828,AUC,20.8111,0.67184494,4828 AUC
4828,AUC,21.4889,0.67459423,4828 AUC
4828,AUC,22.1667,0.67727131,4828 AUC
4828,AUC,22.8444,0.67987971,4828 AUC
4828,AUC,23.5222,0.68242378,4828 AUC
4828,AUC,24.2,0.68490644,4828 AUC
4828,MOV,0.0,0.28340993,4828 MOV
4828,MOV,0.1111,0.28418971,4828 MOV
4828,MOV,0.2222,0.28496865,4828 MOV
4828,MOV,0.3333,0.28574673,4828 MOV
4828,MOV,0.4444,0.28652397,4828 MOV
4828,MOV,0.5556,0.28730107,4828 MOV
4828,MOV,0.6667,0.28807662,4828 MOV
4828,MOV,0.7778,0.28885132,4828 MOV
4828,MOV,0.8889,0.28962519,4828 MOV
4828,MOV,1.0,0.29039821,4828 MOV
4828,MOV,1.0378,0.29066102,4828 MOV
4828,MOV,1.0756,0.29092374,4828 MOV
4828,MOV,1.1133,0.29118567,4828 MOV
4828,MOV,1.1511,0.29144819,4828 MOV
4828,MOV,1.1889,0.29171062,4828 MOV
4828,MOV,1.2267,0.29197295,4828 MOV
4828,MOV,1.2644,0.29223449,4828 MOV
4828,MOV,1.3022,0.29249662,4828 MOV
4828,MOV,1.34,0.29275866,4828 MOV
4828,MOV,1.3889,0.29309751,4828 MOV
4828,MOV,1.4378,0.29343619,4828 MOV
4828,MOV,1.4867,0.2937747,4828 MOV
4828,MOV,1.5356,0.29411306,4828 MOV
4828,MOV,1.5844,0.29445056,4828 MOV
4828,MOV,1.6333,0.2947886,4828 MOV
4828,MOV,1.6822,0.29512647,4828 MOV
4828,MOV,1.7311,0.29546417,4828 MOV
4828,MOV,1.78,0.29580172,4828 MOV
4828,MOV,1.8467,0.29626188,4828 MOV
4828,MOV,1.9133,0.29672104,4828 MOV
4828,MOV,1.98,0.2971806,4828 MOV
4828,MOV,2.0467,0.29763985,4828 MOV
4828,MOV,2.1133,0.29809812,4828 MOV
4828,MOV,2.18,0.29855677,4828 MOV
4828,MOV,2.2467,0.29901513,4828 MOV
4828,MOV,2.3133,0.2994725,4828 MOV
4828,MOV,2.38,0.29993025,4828 MOV
4828,MOV,2.47,0.30054744,4828 MOV
4828,MOV,2.56,0.30116409,4828 MOV
4828,MOV,2.65,0.30178019,4828 MOV
4828,MOV,2.74,0.30239575,4828 MOV
4828,MOV,2.83,0.30301076,4828 MOV
4828,MOV,2.92,0.30362523,4828 MOV
4828,MOV,3.01,0.30423917,4828 MOV
4828,MOV,3.1,0.30485256,4828 MOV
4828,MOV,3.19,0.30546541,4828 MOV
4828,MOV,3.3089,0.30627422,4828 MOV
4828,MOV,3.4278,0.30708209,4828 MOV
4828,MOV,3.5467,0.30788902,4828 MOV
4828,MOV,3.6656,0.30869501,4828 MOV
4828,MOV,3.7844,0.30949939,4828 MOV
4828,MOV,3.9033,0.3103035,4828 MOV
4828,MOV,4.0222,0.31110668,4828 MOV
4828,MOV,4.1411,0.31190893,4828 MOV
4828,MOV,4.26,0.31271024,4828 MOV
4828,MOV,4.4189,0.31377967,4828 MOV
4828,MOV,4.5778,0.31484743,4828 MOV
4828,MOV,4.7367,0.31591353,4828 MOV
4828,MOV,4.8956,0.31697798,4828 MOV
4828,MOV,5.0544,0.31804009,4828 MOV
4828,MOV,5.2133,0.31910123,4828 MOV
4828,MOV,5.3722,0.32016071,4828 MOV
4828,MOV,5.5311,0.32121855,4828 MOV
4828,MOV,5.69,0.32227474,4828 MOV
4828,MOV,5.9022,0.32368264,4828 MOV
4828,MOV,6.1144,0.32508762,4828 MOV
4828,MOV,6.3267,0.32649034,4828 MOV
4828,MOV,6.5389,0.32788949,4828 MOV
4828,MOV,6.7511,0.32928573,4828 MOV
4828,MOV,6.9633,0.33067907,4828 MOV
4828,MOV,7.1756,0.33207017,4828 MOV
4828,MOV,7.3878,0.33345773,4828 MOV
4828,MOV,7.6,0.3348424,4828 MOV
4828,MOV,7.8778,0.33665079,4828 MOV
4828,MOV,8.1556,0.33845426,4828 MOV
4828,MOV,8.4333,0.34025218,4828 MOV
4828,MOV,8.7111,0.34204586,4828 MOV
4828,MOV,8.9889,0.34383466,4828 MOV
4828,MOV,9.2667,0.3456186,4828 MOV
4828,MOV,9.5444,0.34739705,4828 MOV
4828,MOV,9.8222,0.34917131,4828 MOV
4828,MOV,10.1,0.35094074,4828 MOV
4828,MOV,10.4889,0.35340974,4828 MOV
4828,MOV,10.8778,0.35586934,4828 MOV
4828,MOV,11.2667,0.35831959,4828 MOV
4828,MOV,11.6556,0.36076052,4828 MOV
4828,MOV,12.0444,0.36319154,4828 MOV
4828,MOV,12.4333,0.36561394,4828 MOV
4828,MOV,12.8222,0.36802712,4828 MOV
4828,MOV,13.2111,0.37043112,4828 MOV
4828,MOV,13.6,0.37282598,4828 MOV
4828,MOV,14.1,0.37589161,4828 MOV
4828,MOV,14.6,0.37894226,4828 MOV
4828,MOV,15.1,0.381978,4828 MOV
4828,MOV,15.6,0.3849989,4828 MOV
4828,MOV,16.1,0.38800503,4828 MOV
4828,MOV,16.6,0.39099647,4828 MOV
4828,MOV,17.1,0.39397329,4828 MOV
4828,MOV,17.6,0.39693555,4828 MOV
4828,MOV,18.1,0.39988334,4828 MOV
4828,MOV,18.7778,0.40385636,4828 MOV
4828,MOV,19.4556,0.40780309,4828 MOV
4828,MOV,20.1333,0.4117231,4828 MOV
4828,MOV,20.8111,0.41561775,4828 MOV
4828,MOV,21.4889,0.4194866,4828 MOV
4828,MOV,22.1667,0.42332985,4828 MOV
4828,MOV,22.8444,0.42714709,4828 MOV
4828,MOV,23.5222,0.43093962,4828 MOV
4828,MOV,24.2,0.43470704,4828 MOV
4830,AUC,0.0,0.20177603,4830 AUC
4830,AUC,0.0111,0.20184349,4830 AUC
4830,AUC,0.0222,0.20191096,4830 AUC
4830,AUC,0.0333,0.20197842,4830 AUC
4830,AUC,0.0444,0.20204587,4830 AUC
4830,AUC,0.0556,0.20211392,4830 AUC
4830,AUC,0.0667,0.20218137,4830 AUC
4830,AUC,0.0778,0.2022488,4830 AUC
4830,AUC,0.0889,0.20231623,4830 AUC
4830,AUC,0.1,0.20238365,4830 AUC
4830,AUC,0.3111,0.20366484,4830 AUC
4830,AUC,0.5222,0.20494397,4830 AUC
4830,AUC,0.7333,0.20622104,4830 AUC
4830,AUC,0.9444,0.20749607,4830 AUC
4830,AUC,1.1556,0.20876965,4830 AUC
4830,AUC,1.3667,0.21004057,4830 AUC
4830,AUC,1.5778,0.21130946,4830 AUC
4830,AUC,1.7889,0.21257631,4830 AUC
4830,AUC,2.0,0.21384113,4830 AUC
4830,AUC,2.2111,0.21510391,4830 AUC
4830,AUC,2.4222,0.21636467,4830 AUC
4830,AUC,2.6333,0.21762339,4830 AUC
4830,AUC,2.8444,0.2188801,4830 AUC
4830,AUC,3.0556,0.22013539,4830 AUC
4830,AUC,3.2667,0.22138806,4830 AUC
4830,AUC,3.4778,0.22263872,4830 AUC
4830,AUC,3.6889,0.22388737,4830 AUC
4830,AUC,3.9,0.22513402,4830 AUC
4830,AUC,4.1,0.22631327,4830 AUC
4830,AUC,4.3,0.22749072,4830 AUC
4830,AUC,4.5,0.22866638,4830 AUC
4830,AUC,4.7,0.22984025,4830 AUC
4830,AUC,4.9,0.23101234,4830 AUC
4830,AUC,5.1,0.23218264,4830 AUC
4830,AUC,5.3,0.23335116,4830 AUC
4830,AUC,5.5,0.2345179,4830 AUC
4830,AUC,5.7,0.23568287,4830 AUC
4830,AUC,5.9111,0.23691057,4830 AUC
4830,AUC,6.1222,0.2381363,4830 AUC
4830,AUC,6.3333,0.23936006,4830 AUC
4830,AUC,6.5444,0.24058185,4830 AUC
4830,AUC,6.7556,0.24180226,4830 AUC
4830,AUC,6.9667,0.24302013,4830 AUC
4830,AUC,7.1778,0.24423604,4830 AUC
4830,AUC,7.3889,0.24545,4830 AUC
4830,AUC,7.6,0.24666201,4830 AUC
4830,AUC,7.8111,0.24787208,4830 AUC
4830,AUC,8.0222,0.2490802,4830 AUC
4830,AUC,8.2333,0.25028638,4830 AUC
4830,AUC,8.4444,0.25149062,4830 AUC
4830,AUC,8.6556,0.2526935,4830 AUC
4830,AUC,8.8667,0.25389387,4830 AUC
4830,AUC,9.0778,0.25509232,4830 AUC
4830,AUC,9.2889,0.25628884,4830 AUC
4830,AUC,9.5,0.25748344,4830 AUC
4830,AUC,9.7111,0.25867612,4830 AUC
4830,AUC,9.9222,0.25986689,4830 AUC
4830,AUC,10.1333,0.26105574,4830 AUC
4830,AUC,10.3444,0.26224269,4830 AUC
4830,AUC,10.5556,0.26342829,4830 AUC
4830,AUC,10.7667,0.26461142,4830 AUC
4830,AUC,10.9778,0.26579265,4830 AUC
4830,AUC,11.1889,0.26697199,4830 AUC
4830,AUC,11.4,0.26814943,4830 AUC
4830,AUC,11.6111,0.26932498,4830 AUC
4830,AUC,11.8222,0.27049864,4830 AUC
4830,AUC,12.0333,0.27167041,4830 AUC
4830,AUC,12.2444,0.27284031,4830 AUC
4830,AUC,12.4556,0.27400887,4830 AUC
4830,AUC,12.6667,0.27517501,4830 AUC
4830,AUC,12.8778,0.27633928,4830 AUC
4830,AUC,13.0889,0.27750167,4830 AUC
4830,AUC,13.3,0.2786622,4830 AUC
4830,AUC,13.4889,0.2796991,4830 AUC
4830,AUC,13.6778,0.28073451,4830 AUC
4830,AUC,13.8667,0.28176843,4830 AUC
4830,AUC,14.0556,0.28280087,4830 AUC
4830,AUC,14.2444,0.28383128,4830 AUC
4830,AUC,14.4333,0.28486075,4830 AUC
4830,AUC,14.6222,0.28588874,4830 AUC
4830,AUC,14.8111,0.28691525,4830 AUC
4830,AUC,15.0,0.28794029,4830 AUC
4830,AUC,15.2222,0.28914414,4830 AUC
4830,AUC,15.4444,0.29034596,4830 AUC
4830,AUC,15.6667,0.29154628,4830 AUC
4830,AUC,15.8889,0.29274403,4830 AUC
4830,AUC,16.1111,0.29393976,4830 AUC
4830,AUC,16.3333,0.29513347,4830 AUC
4830,AUC,16.5556,0.29632569,4830 AUC
4830,AUC,16.7778,0.29751537,4830 AUC
4830,AUC,17.0,0.29870303,4830 AUC
4830,AUC,17.2222,0.29988868,4830 AUC
4830,AUC,17.4444,0.30107233,4830 AUC
4830,AUC,17.6667,0.30225451,4830 AUC
4830,AUC,17.8889,0.30343416,4830 AUC
4830,AUC,18.1111,0.30461181,4830 AUC
4830,AUC,18.3333,0.30578748,4830 AUC
4830,AUC,18.5556,0.30696168,4830 AUC
4830,AUC,18.7778,0.30813337,4830 AUC
4830,AUC,19.0,0.30930308,4830 AUC
4830,AUC,19.2,0.31035424,4830 AUC
4830,AUC,19.4,0.31140379,4830 AUC
4830,AUC,19.6,0.31245175,4830 AUC
4830,AUC,19.8,0.31349811,4830 AUC
4830,AUC,20.0,0.31454288,4830 AUC
4830,AUC,20.2,0.31558606,4830 AUC
4830,AUC,20.4,0.31662765,4830 AUC
4830,AUC,20.6,0.31766766,4830 AUC
4830,AUC,20.8,0.31870608,4830 AUC
4830,MOV,0.0,0.05555625,4830 MOV
4830,MOV,0.0111,0.17360424,4830 MOV
4830,MOV,0.0222,0.173605,4830 MOV
4830,MOV,0.0333,0.17360545,4830 MOV
4830,MOV,0.0444,0.17360577,4830 MOV
4830,MOV,0.0556,0.17360602,4830 MOV
4830,MOV,0.0667,0.17360622,4830 MOV
4830,MOV,0.0778,0.17360639,4830 MOV
4830,MOV,0.0889,0.17360654,4830 MOV
4830,MOV,0.1,0.17360666,4830 MOV
4830,MOV,0.3111,0.17360792,4830 MOV
4830,MOV,0.5222,0.17360849,4830 MOV
4830,MOV,0.7333,0.17360886,4830 MOV
4830,MOV,0.9444,0.17360914,4830 MOV
4830,MOV,1.1556,0.17360937,4830 MOV
4830,MOV,1.3667,0.17360955,4830 MOV
4830,MOV,1.5778,0.17360971,4830 MOV
4830,MOV,1.7889,0.17360985,4830 MOV
4830,MOV,2.0,0.17360997,4830 MOV
4830,MOV,2.2111,0.17361008,4830 MOV
4830,MOV,2.4222,0.17361018,4830 MOV
4830,MOV,2.6333,0.17361027,4830 MOV
4830,MOV,2.8444,0.17361036,4830 MOV
4830,MOV,3.0556,0.17361044,4830 MOV
4830,MOV,3.2667,0.17361051,4830 MOV
4830,MOV,3.4778,0.17361058,4830 MOV
4830,MOV,3.6889,0.17361065,4830 MOV
4830,MOV,3.9,0.17361071,4830 MOV
4830,MOV,4.1,0.17361076,4830 MOV
4830,MOV,4.3,0.17361082,4830 MOV
4830,MOV,4.5,0.17361087,4830 MOV
4830,MOV,4.7,0.17361091,4830 MOV
4830,MOV,4.9,0.17361096,4830 MOV
4830,MOV,5.1,0.173611,4830 MOV
4830,MOV,5.3,0.17361105,4830 MOV
4830,MOV,5.5,0.17361109,4830 MOV
4830,MOV,5.7,0.17361113,4830 MOV
4830,MOV,5.9111,0.17361117,4830 MOV
4830,MOV,6.1222,0.17361121,4830 MOV
4830,MOV,6.3333,0.17361124,4830 MOV
4830,MOV,6.5444,0.17361128,4830 MOV
4830,MOV,6.7556,0.17361131,4830 MOV
4830,MOV,6.9667,0.17361135,4830 MOV
4830,MOV,7.1778,0.17361138,4830 MOV
4830,MOV,7.3889,0.17361141,4830 MOV
4830,MOV,7.6,0.17361144,4830 MOV
4830,MOV,7.8111,0.17361147,4830 MOV
4830,MOV,8.0222,0.1736115,4830 MOV
4830,MOV,8.2333,0.17361153,4830 MOV
4830,MOV,8.4444,0.17361156,4830 MOV
4830,MOV,8.6556,0.17361159,4830 MOV
4830,MOV,8.8667,0.17361161,4830 MOV
4830,MOV,9.0778,0.17361164,4830 MOV
4830,MOV,9.2889,0.17361167,4830 MOV
4830,MOV,9.5,0.17361169,4830 MOV
4830,MOV,9.7111,0.17361171,4830 MOV
4830,MOV,9.9222,0.17361174,4830 MOV
4830,MOV,10.1333,0.17361176,4830 MOV
4830,MOV,10.3444,0.17361178,4830 MOV
4830,MOV,10.5556,0.17361181,4830 MOV
4830,MOV,10.7667,0.17361183,4830 MOV
4830,MOV,10.9778,0.17361185,4830 MOV
4830,MOV,11.1889,0.17361187,4830 MOV
4830,MOV,11.4,0.17361189,4830 MOV
4830,MOV,11.6111,0.17361191,4830 MOV
4830,MOV,11.8222,0.17361193,4830 MOV
4830,MOV,12.0333,0.17361195,4830 MOV
4830,MOV,12.2444,0.17361197,4830 MOV
4830,MOV,12.4556,0.17361199,4830 MOV
4830,MOV,12.6667,0.17361201,4830 MOV
4830,MOV,12.8778,0.17361203,4830 MOV
4830,MOV,13.0889,0.17361204,4830 MOV
4830,MOV,13.3,0.17361206,4830 MOV
4830,MOV,13.4889,0.17361208,4830 MOV
4830,MOV,13.6778,0.17361209,4830 MOV
4830,MOV,13.8667,0.17361211,4830 MOV
4830,MOV,14.0556,0.17361212,4830 MOV
4830,MOV,14.2444,0.17361214,4830 MOV
4830,MOV,14.4333,0.17361215,4830 MOV
4830,MOV,14.6222,0.17361217,4830 MOV
4830,MOV,14.8111,0.17361218,4830 MOV
4830,MOV,15.0,0.17361219,4830 MOV
4830,MOV,15.2222,0.17361221,4830 MOV
4830,MOV,15.4444,0.17361223,4830 MOV
4830,MOV,15.6667,0.17361224,4830 MOV
4830,MOV,15.8889,0.17361226,4830 MOV
4830,MOV,16.1111,0.17361227,4830 MOV
4830,MOV,16.3333,0.17361229,4830 MOV
4830,MOV,16.5556,0.1736123,4830 MOV
4830,MOV,16.7778,0.17361232,4830 MOV
4830,MOV,17.0,0.17361233,4830 MOV
4830,MOV,17.2222,0.17361235,4830 MOV
4830,MOV,17.4444,0.17361236,4830 MOV
4830,MOV,17.6667,0.17361237,4830 MOV
4830,MOV,17.8889,0.17361239,4830 MOV
4830,MOV,18.1111,0.1736124,4830 MOV
4830,MOV,18.3333,0.17361242,4830 MOV
4830,MOV,18.5556,0.17361243,4830 MOV
4830,MOV,18.7778,0.17361244,4830 MOV
4830,MOV,19.0,0.17361245,4830 MOV
4830,MOV,19.2,0.17361247,4830 MOV
4830,MOV,19.4,0.17361248,4830 MOV
4830,MOV,19.6,0.17361249,4830 MOV
4830,MOV,19.8,0.1736125,4830 MOV
4830,MOV,20.0,0.17361251,4830 MOV
4830,MOV,20.2,0.17361252,4830 MOV
4830,MOV,20.4,0.17361253,4830 MOV
4830,MOV,20.6,0.17361254,4830 MOV
4830,MOV,20.8,0.17361255,4830 MOV
4831,AUC,,,4831 AUC
4831,MOV,,,4831 MOV
4832,AUC,0.0,0.00134673,4832 AUC
4832,AUC,0.1111,0.07158359,4832 AUC
4832,AUC,0.2222,0.0823397,4832 AUC
4832,AUC,0.3333,0.08929539,4832 AUC
4832,AUC,0.4444,0.09454764,4832 AUC
4832,AUC,0.5556,0.09881396,4832 AUC
4832,AUC,0.6667,0.10242265,4832 AUC
4832,AUC,0.7778,0.10556444,4832 AUC
4832,AUC,0.8889,0.10835445,4832 AUC
4832,AUC,1.0,0.11086901,4832 AUC
4832,AUC,1.0367,0.11164872,4832 AUC
4832,AUC,1.0733,0.11240381,4832 AUC
4832,AUC,1.11,0.11313979,4832 AUC
4832,AUC,1.1467,0.11385582,4832 AUC
4832,AUC,1.1833,0.11455119,4832 AUC
4832,AUC,1.22,0.11523072,4832 AUC
4832,AUC,1.2567,0.11589346,4832 AUC
4832,AUC,1.2933,0.11653855,4832 AUC
4832,AUC,1.33,0.11717033,4832 AUC
4832,AUC,1.38,0.1180081,4832 AUC
4832,AUC,1.43,0.11882096,4832 AUC
4832,AUC,1.48,0.11961048,4832 AUC
4832,AUC,1.53,0.12037807,4832 AUC
4832,AUC,1.58,0.12112502,4832 AUC
4832,AUC,1.63,0.1218525,4832 AUC
4832,AUC,1.68,0.1225616,4832 AUC
4832,AUC,1.73,0.12325328,4832 AUC
4832,AUC,1.78,0.12392847,4832 AUC
4832,AUC,1.8467,0.12480493,4832 AUC
4832,AUC,1.9133,0.12565406,4832 AUC
4832,AUC,1.98,0.12648004,4832 AUC
4832,AUC,2.0467,0.12728306,4832 AUC
4832,AUC,2.1133,0.12806332,4832 AUC
4832,AUC,2.18,0.12882438,4832 AUC
4832,AUC,2.2467,0.12956618,4832 AUC
4832,AUC,2.3133,0.13028868,4832 AUC
4832,AUC,2.38,0.130995,4832 AUC
4832,AUC,2.4689,0.13191104,4832 AUC
4832,AUC,2.5578,0.13279981,4832 AUC
4832,AUC,2.6467,0.13366302,4832 AUC
4832,AUC,2.7356,0.13450222,4832 AUC
4832,AUC,2.8244,0.13531791,4832 AUC
4832,AUC,2.9133,0.1361132,4832 AUC
4832,AUC,3.0022,0.13688835,4832 AUC
4832,AUC,3.0911,0.13764443,4832 AUC
4832,AUC,3.18,0.13838242,4832 AUC
4832,AUC,3.2978,0.13933402,4832 AUC
4832,AUC,3.4156,0.14025742,4832 AUC
4832,AUC,3.5333,0.1411536,4832 AUC
4832,AUC,3.6511,0.1420257,4832 AUC
4832,AUC,3.7689,0.14287438,4832 AUC
4832,AUC,3.8867,0.14370097,4832 AUC
4832,AUC,4.0044,0.144506,4832 AUC
4832,AUC,4.1222,0.14529195,4832 AUC
4832,AUC,4.24,0.14605915,4832 AUC
4832,AUC,4.3978,0.14705911,4832 AUC
4832,AUC,4.5556,0.14802919,4832 AUC
4832,AUC,4.7133,0.14897065,4832 AUC
4832,AUC,4.8711,0.14988639,4832 AUC
4832,AUC,5.0289,0.15077734,4832 AUC
4832,AUC,5.1867,0.15164492,4832 AUC
4832,AUC,5.3444,0.15248987,4832 AUC
4832,AUC,5.5022,0.15331446,4832 AUC
4832,AUC,5.66,0.15411923,4832 AUC
4832,AUC,5.8711,0.15516656,4832 AUC
4832,AUC,6.0822,0.15618239,4832 AUC
4832,AUC,6.2933,0.15716869,4832 AUC
4832,AUC,6.5044,0.15812727,4832 AUC
4832,AUC,6.7156,0.15906018,4832 AUC
4832,AUC,6.9267,0.15996802,4832 AUC
4832,AUC,7.1378,0.16085262,4832 AUC
4832,AUC,7.3489,0.16171521,4832 AUC
4832,AUC,7.56,0.16255694,4832 AUC
4832,AUC,7.8422,0.16365142,4832 AUC
4832,AUC,8.1244,0.16471281,4832 AUC
4832,AUC,8.4067,0.16574356,4832 AUC
4832,AUC,8.6889,0.16674482,4832 AUC
4832,AUC,8.9711,0.16771868,4832 AUC
4832,AUC,9.2533,0.1686667,4832 AUC
4832,AUC,9.5356,0.16959064,4832 AUC
4832,AUC,9.8178,0.17049115,4832 AUC
4832,AUC,10.1,0.17136978,4832 AUC
4832,AUC,10.4778,0.17251372,4832 AUC
4832,AUC,10.8556,0.17362286,4832 AUC
4832,AUC,11.2333,0.1746991,4832 AUC
4832,AUC,11.6111,0.17574502,4832 AUC
4832,AUC,11.9889,0.17676214,4832 AUC
4832,AUC,12.3667,0.17775209,4832 AUC
4832,AUC,12.7444,0.17871615,4832 AUC
4832,AUC,13.1222,0.17965621,4832 AUC
4832,AUC,13.5,0.18057328,4832 AUC
4832,AUC,14.0,0.18175361,4832 AUC
4832,AUC,14.5,0.1828982,4832 AUC
4832,AUC,15.0,0.18400929,4832 AUC
4832,AUC,15.5,0.18508891,4832 AUC
4832,AUC,16.0,0.18613891,4832 AUC
4832,AUC,16.5,0.18716097,4832 AUC
4832,AUC,17.0,0.18815665,4832 AUC
4832,AUC,17.5,0.18912735,4832 AUC
4832,AUC,18.0,0.19007437,4832 AUC
4832,AUC,18.6667,0.19130237,4832 AUC
4832,AUC,19.3333,0.19249283,4832 AUC
4832,AUC,20.0,0.19364846,4832 AUC
4832,AUC,20.6667,0.19477119,4832 AUC
4832,AUC,21.3333,0.19586281,4832 AUC
4832,AUC,22.0,0.1969254,4832 AUC
4832,AUC,22.6667,0.19796043,4832 AUC
4832,AUC,23.3333,0.19896921,4832 AUC
4832,AUC,24.0,0.19995342,4832 AUC
4832,MOV,0.0,1e-05,4832 MOV
4832,MOV,0.1111,0.00437651,4832 MOV
4832,MOV,0.2222,0.00678241,4832 MOV
4832,MOV,0.3333,0.0087645,4832 MOV
4832,MOV,0.4444,0.01051329,4832 MOV
4832,MOV,0.5556,0.01210815,4832 MOV
4832,MOV,0.6667,0.01358775,4832 MOV
4832,MOV,0.7778,0.01497894,4832 MOV
4832,MOV,0.8889,0.01629864,4832 MOV
4832,MOV,1.0,0.01755884,4832 MOV
4832,MOV,1.0367,0.01796364,4832 MOV
4832,MOV,1.0733,0.01836211,4832 MOV
4832,MOV,1.11,0.01875667,4832 MOV
4832,MOV,1.1467,0.01914646,4832 MOV
4832,MOV,1.1833,0.01953063,4832 MOV
4832,MOV,1.22,0.01991148,4832 MOV
4832,MOV,1.2567,0.02028813,4832 MOV
4832,MOV,1.2933,0.02065975,4832 MOV
4832,MOV,1.33,0.0210285,4832 MOV
4832,MOV,1.38,0.02152491,4832 MOV
4832,MOV,1.43,0.02201473,4832 MOV
4832,MOV,1.48,0.02249828,4832 MOV
4832,MOV,1.53,0.02297583,4832 MOV
4832,MOV,1.58,0.02344766,4832 MOV
4832,MOV,1.63,0.02391402,4832 MOV
4832,MOV,1.68,0.02437512,4832 MOV
4832,MOV,1.73,0.02483118,4832 MOV
4832,MOV,1.78,0.02528241,4832 MOV
4832,MOV,1.8467,0.02587712,4832 MOV
4832,MOV,1.9133,0.02646307,4832 MOV
4832,MOV,1.98,0.0270424,4832 MOV
4832,MOV,2.0467,0.02761456,4832 MOV
4832,MOV,2.1133,0.02817903,4832 MOV
4832,MOV,2.18,0.02873778,4832 MOV
4832,MOV,2.2467,0.02929025,4832 MOV
4832,MOV,2.3133,0.02983587,4832 MOV
4832,MOV,2.38,0.03037652,4832 MOV
4832,MOV,2.4689,0.03108847,4832 MOV
4832,MOV,2.5578,0.03179098,4832 MOV
4832,MOV,2.6467,0.03248451,4832 MOV
4832,MOV,2.7356,0.03316947,4832 MOV
4832,MOV,2.8244,0.03384546,4832 MOV
4832,MOV,2.9133,0.03451436,4832 MOV
4832,MOV,3.0022,0.03517574,4832 MOV
4832,MOV,3.0911,0.03582989,4832 MOV
4832,MOV,3.18,0.03647709,4832 MOV
4832,MOV,3.2978,0.03732444,4832 MOV
4832,MOV,3.4156,0.03816061,4832 MOV
4832,MOV,3.5333,0.03898544,4832 MOV
4832,MOV,3.6511,0.0398008,4832 MOV
4832,MOV,3.7689,0.04060643,4832 MOV
4832,MOV,3.8867,0.04140275,4832 MOV
4832,MOV,4.0044,0.04218947,4832 MOV
4832,MOV,4.1222,0.04296827,4832 MOV
4832,MOV,4.24,0.04373883,4832 MOV
4832,MOV,4.3978,0.04475865,4832 MOV
4832,MOV,4.5556,0.0457649,4832 MOV
4832,MOV,4.7133,0.04675761,4832 MOV
4832,MOV,4.8711,0.0477386,4832 MOV
4832,MOV,5.0289,0.04870778,4832 MOV
4832,MOV,5.1867,0.04966566,4832 MOV
4832,MOV,5.3444,0.0506121,4832 MOV
4832,MOV,5.5022,0.05154873,4832 MOV
4832,MOV,5.66,0.05247535,4832 MOV
4832,MOV,5.8711,0.05369996,4832 MOV
4832,MOV,6.0822,0.05490815,4832 MOV
4832,MOV,6.2933,0.05610071,4832 MOV
4832,MOV,6.5044,0.05727832,4832 MOV
4832,MOV,6.7156,0.0584422,4832 MOV
4832,MOV,6.9267,0.05959184,4832 MOV
4832,MOV,7.1378,0.06072836,4832 MOV
4832,MOV,7.3489,0.06185228,4832 MOV
4832,MOV,7.56,0.06296408,4832 MOV
4832,MOV,7.8422,0.06443222,4832 MOV
4832,MOV,8.1244,0.06588051,4832 MOV
4832,MOV,8.4067,0.0673104,4832 MOV
4832,MOV,8.6889,0.06872173,4832 MOV
4832,MOV,8.9711,0.07011577,4832 MOV
4832,MOV,9.2533,0.07149327,4832 MOV
4832,MOV,9.5356,0.07285538,4832 MOV
4832,MOV,9.8178,0.07420176,4832 MOV
4832,MOV,10.1,0.07553349,4832 MOV
4832,MOV,10.4778,0.07729437,4832 MOV
4832,MOV,10.8556,0.07903117,4832 MOV
4832,MOV,11.2333,0.08074457,4832 MOV
4832,MOV,11.6111,0.0824365,4832 MOV
4832,MOV,11.9889,0.08410746,4832 MOV
4832,MOV,12.3667,0.08575833,4832 MOV
4832,MOV,12.7444,0.08738949,4832 MOV
4832,MOV,13.1222,0.08900258,4832 MOV
4832,MOV,13.5,0.09059786,4832 MOV
4832,MOV,14.0,0.09268289,4832 MOV
4832,MOV,14.5,0.09473931,4832 MOV
4832,MOV,15.0,0.09676844,4832 MOV
4832,MOV,15.5,0.09877148,4832 MOV
4832,MOV,16.0,0.10074956,4832 MOV
4832,MOV,16.5,0.10270369,4832 MOV
4832,MOV,17.0,0.10463485,4832 MOV
4832,MOV,17.5,0.10654393,4832 MOV
4832,MOV,18.0,0.10843176,4832 MOV
4832,MOV,18.6667,0.11091728,4832 MOV
4832,MOV,19.3333,0.11336775,4832 MOV
4832,MOV,20.0,0.11578549,4832 MOV
4832,MOV,20.6667,0.11817158,4832 MOV
4832,MOV,21.3333,0.12052701,4832 MOV
4832,MOV,22.0,0.12285374,4832 MOV
4832,MOV,22.6667,0.12515256,4832 MOV
4832,MOV,23.3333,0.12742421,4832 MOV
4832,MOV,24.0,0.12967038,4832 MOV
4833,AUC,0.0,0.04994727,4833 AUC
4833,AUC,0.1111,0.06360481,4833 AUC
4833,AUC,0.2222,0.0736515,4833 AUC
4833,AUC,0.3333,0.08199444,4833 AUC
4833,AUC,0.4444,0.08927296,4833 AUC
4833,AUC,0.5556,0.09580232,4833 AUC
4833,AUC,0.6667,0.10175161,4833 AUC
4833,AUC,0.7778,0.10724425,4833 AUC
4833,AUC,0.8889,0.11236177,4833 AUC
4833,AUC,1.0,0.11716378,4833 AUC
4833,AUC,1.0367,0.11868875,4833 AUC
4833,AUC,1.0733,0.12018162,4833 AUC
4833,AUC,1.11,0.12165183,4833 AUC
4833,AUC,1.1467,0.12309641,4833 AUC
4833,AUC,1.1833,0.12451263,4833 AUC
4833,AUC,1.22,0.12590923,4833 AUC
4833,AUC,1.2567,0.12728326,4833 AUC
4833,AUC,1.2933,0.12863194,4833 AUC
4833,AUC,1.33,0.12996347,4833 AUC
4833,AUC,1.38,0.13174536,4833 AUC
4833,AUC,1.43,0.13349179,4833 AUC
4833,AUC,1.48,0.13520443,4833 AUC
4833,AUC,1.53,0.13688485,4833 AUC
4833,AUC,1.58,0.13853448,4833 AUC
4833,AUC,1.63,0.14015466,4833 AUC
4833,AUC,1.68,0.14174663,4833 AUC
4833,AUC,1.73,0.14331156,4833 AUC
4833,AUC,1.78,0.14485052,4833 AUC
4833,AUC,1.8467,0.14686482,4833 AUC
4833,AUC,1.9133,0.14883402,4833 AUC
4833,AUC,1.98,0.15076608,4833 AUC
4833,AUC,2.0467,0.15265991,4833 AUC
4833,AUC,2.1133,0.15451451,4833 AUC
4833,AUC,2.18,0.15633707,4833 AUC
4833,AUC,2.2467,0.15812628,4833 AUC
4833,AUC,2.3133,0.15988095,4833 AUC
4833,AUC,2.38,0.16160764,4833 AUC
4833,AUC,2.4689,0.16386353,4833 AUC
4833,AUC,2.5578,0.16606988,4833 AUC
4833,AUC,2.6467,0.16822915,4833 AUC
4833,AUC,2.7356,0.17034362,4833 AUC
4833,AUC,2.8244,0.17241309,4833 AUC
4833,AUC,2.9133,0.17444417,4833 AUC
4833,AUC,3.0022,0.17643632,4833 AUC
4833,AUC,3.0911,0.17839121,4833 AUC
4833,AUC,3.18,0.18031041,4833 AUC
4833,AUC,3.2978,0.18280103,4833 AUC
4833,AUC,3.4156,0.18523469,4833 AUC
4833,AUC,3.5333,0.18761231,4833 AUC
4833,AUC,3.6511,0.18994057,4833 AUC
4833,AUC,3.7689,0.19221989,4833 AUC
4833,AUC,3.8867,0.19445256,4833 AUC
4833,AUC,4.0044,0.19663884,4833 AUC
4833,AUC,4.1222,0.19878441,4833 AUC
4833,AUC,4.24,0.20088921,4833 AUC
4833,AUC,4.3978,0.20364779,4833 AUC
4833,AUC,4.5556,0.20634005,4833 AUC
4833,AUC,4.7133,0.20896782,4833 AUC
4833,AUC,4.8711,0.21153761,4833 AUC
4833,AUC,5.0289,0.21405067,4833 AUC
4833,AUC,5.1867,0.21650972,4833 AUC
4833,AUC,5.3444,0.21891576,4833 AUC
4833,AUC,5.5022,0.22127416,4833 AUC
4833,AUC,5.66,0.22358557,4833 AUC
4833,AUC,5.8711,0.22660768,4833 AUC
4833,AUC,6.0822,0.22955374,4833 AUC
4833,AUC,6.2933,0.23242781,4833 AUC
4833,AUC,6.5044,0.23523365,4833 AUC
4833,AUC,6.7156,0.23797599,4833 AUC
4833,AUC,6.9267,0.2406554,4833 AUC
4833,AUC,7.1378,0.24327614,4833 AUC
4833,AUC,7.3489,0.24584093,4833 AUC
4833,AUC,7.56,0.2483523,4833 AUC
4833,AUC,7.8422,0.25163014,4833 AUC
4833,AUC,8.1244,0.25482188,4833 AUC
4833,AUC,8.4067,0.25793333,4833 AUC
4833,AUC,8.6889,0.26096663,4833 AUC
4833,AUC,8.9711,0.26392688,4833 AUC
4833,AUC,9.2533,0.26681774,4833 AUC
4833,AUC,9.5356,0.26964359,4833 AUC
4833,AUC,9.8178,0.27240556,4833 AUC
4833,AUC,10.1,0.27510757,4833 AUC
4833,AUC,10.4778,0.27863574,4833 AUC
4833,AUC,10.8556,0.28206723,4833 AUC
4833,AUC,11.2333,0.28540661,4833 AUC
4833,AUC,11.6111,0.28866063,4833 AUC
4833,AUC,11.9889,0.29183294,4833 AUC
4833,AUC,12.3667,0.29492776,4833 AUC
4833,AUC,12.7444,0.29794816,4833 AUC
4833,AUC,13.1222,0.30089932,4833 AUC
4833,AUC,13.5,0.30378375,4833 AUC
4833,AUC,14.0,0.30750375,4833 AUC
4833,AUC,14.5,0.31111878,4833 AUC
4833,AUC,15.0,0.31463484,4833 AUC
4833,AUC,15.5,0.31805737,4833 AUC
4833,AUC,16.0,0.3213914,4833 AUC
4833,AUC,16.5,0.32464153,4833 AUC
4833,AUC,17.0,0.32781201,4833 AUC
4833,AUC,17.5,0.33090675,4833 AUC
4833,AUC,18.0,0.33392939,4833 AUC
4833,AUC,18.6667,0.33785341,4833 AUC
4833,AUC,19.3333,0.34166196,4833 AUC
4833,AUC,20.0,0.34536289,4833 AUC
4833,AUC,20.6667,0.3489617,4833 AUC
4833,AUC,21.3333,0.35246346,4833 AUC
4833,AUC,22.0,0.35587435,4833 AUC
4833,AUC,22.6667,0.35919856,4833 AUC
4833,AUC,23.3333,0.36243996,4833 AUC
4833,AUC,24.0,0.36560355,4833 AUC
4833,MOV,0.0,0.07342992,4833 MOV
4833,MOV,0.1111,0.07343462,4833 MOV
4833,MOV,0.2222,0.07344712,4833 MOV
4833,MOV,0.3333,0.07346664,4833 MOV
4833,MOV,0.4444,0.0734928,4833 MOV
4833,MOV,0.5556,0.07352536,4833 MOV
4833,MOV,0.6667,0.07356406,4833 MOV
4833,MOV,0.7778,0.07360875,4833 MOV
4833,MOV,0.8889,0.0736593,4833 MOV
4833,MOV,1.0,0.07371558,4833 MOV
4833,MOV,1.0367,0.07373541,4833 MOV
4833,MOV,1.0733,0.07375579,4833 MOV
4833,MOV,1.11,0.07377684,4833 MOV
4833,MOV,1.1467,0.07379848,4833 MOV
4833,MOV,1.1833,0.07382067,4833 MOV
4833,MOV,1.22,0.07384351,4833 MOV
4833,MOV,1.2567,0.07386695,4833 MOV
4833,MOV,1.2933,0.0738909,4833 MOV
4833,MOV,1.33,0.07391551,4833 MOV
4833,MOV,1.38,0.07394998,4833 MOV
4833,MOV,1.43,0.07398553,4833 MOV
4833,MOV,1.48,0.07402214,4833 MOV
4833,MOV,1.53,0.07405982,4833 MOV
4833,MOV,1.58,0.07409855,4833 MOV
4833,MOV,1.63,0.07413834,4833 MOV
4833,MOV,1.68,0.07417916,4833 MOV
4833,MOV,1.73,0.07422103,4833 MOV
4833,MOV,1.78,0.07426393,4833 MOV
4833,MOV,1.8467,0.07432275,4833 MOV
4833,MOV,1.9133,0.0743833,4833 MOV
4833,MOV,1.98,0.07444573,4833 MOV
4833,MOV,2.0467,0.07450995,4833 MOV
4833,MOV,2.1133,0.07457585,4833 MOV
4833,MOV,2.18,0.07464361,4833 MOV
4833,MOV,2.2467,0.07471312,4833 MOV
4833,MOV,2.3133,0.07478426,4833 MOV
4833,MOV,2.38,0.07485724,4833 MOV
4833,MOV,2.4689,0.07495718,4833 MOV
4833,MOV,2.5578,0.07506014,4833 MOV
4833,MOV,2.6467,0.07516612,4833 MOV
4833,MOV,2.7356,0.07527507,4833 MOV
4833,MOV,2.8244,0.07538685,4833 MOV
4833,MOV,2.9133,0.07550169,4833 MOV
4833,MOV,3.0022,0.07561944,4833 MOV
4833,MOV,3.0911,0.07574009,4833 MOV
4833,MOV,3.18,0.07586361,4833 MOV
4833,MOV,3.2978,0.07603166,4833 MOV
4833,MOV,3.4156,0.07620468,4833 MOV
4833,MOV,3.5333,0.07638245,4833 MOV
4833,MOV,3.6511,0.07656524,4833 MOV
4833,MOV,3.7689,0.07675286,4833 MOV
4833,MOV,3.8867,0.07694525,4833 MOV
4833,MOV,4.0044,0.07714222,4833 MOV
4833,MOV,4.1222,0.07734405,4833 MOV
4833,MOV,4.24,0.07755054,4833 MOV
4833,MOV,4.3978,0.07783438,4833 MOV
4833,MOV,4.5556,0.07812642,4833 MOV
4833,MOV,4.7133,0.07842637,4833 MOV
4833,MOV,4.8711,0.07873454,4833 MOV
4833,MOV,5.0289,0.07905064,4833 MOV
4833,MOV,5.1867,0.0793746,4833 MOV
4833,MOV,5.3444,0.07970612,4833 MOV
4833,MOV,5.5022,0.08004553,4833 MOV
4833,MOV,5.66,0.08039255,4833 MOV
4833,MOV,5.8711,0.08086856,4833 MOV
4833,MOV,6.0822,0.08135788,4833 MOV
4833,MOV,6.2933,0.08186031,4833 MOV
4833,MOV,6.5044,0.08237571,4833 MOV
4833,MOV,6.7156,0.08290414,4833 MOV
4833,MOV,6.9267,0.08344494,4833 MOV
4833,MOV,7.1378,0.0839982,4833 MOV
4833,MOV,7.3489,0.08456375,4833 MOV
4833,MOV,7.56,0.08514145,4833 MOV
4833,MOV,7.8422,0.08593241,4833 MOV
4833,MOV,8.1244,0.08674445,4833 MOV
4833,MOV,8.4067,0.08757749,4833 MOV
4833,MOV,8.6889,0.08843062,4833 MOV
4833,MOV,8.9711,0.08930379,4833 MOV
4833,MOV,9.2533,0.09019667,4833 MOV
4833,MOV,9.5356,0.09110926,4833 MOV
4833,MOV,9.8178,0.09204061,4833 MOV
4833,MOV,10.1,0.09299073,4833 MOV
4833,MOV,10.4778,0.09429158,4833 MOV
4833,MOV,10.8556,0.09562481,4833 MOV
4833,MOV,11.2333,0.09698937,4833 MOV
4833,MOV,11.6111,0.0983853,4833 MOV
4833,MOV,11.9889,0.09981159,4833 MOV
4833,MOV,12.3667,0.10126759,4833 MOV
4833,MOV,12.7444,0.10275227,4833 MOV
4833,MOV,13.1222,0.10426581,4833 MOV
4833,MOV,13.5,0.10580719,4833 MOV
4833,MOV,14.0,0.10788896,4833 MOV
4833,MOV,14.5,0.11001714,4833 MOV
4833,MOV,15.0,0.11219041,4833 MOV
4833,MOV,15.5,0.11440751,4833 MOV
4833,MOV,16.0,0.1166672,4833 MOV
4833,MOV,16.5,0.11896825,4833 MOV
4833,MOV,17.0,0.12130949,4833 MOV
4833,MOV,17.5,0.12368977,4833 MOV
4833,MOV,18.0,0.12610796,4833 MOV
4833,MOV,18.6667,0.12938944,4833 MOV
4833,MOV,19.3333,0.13273331,4833 MOV
4833,MOV,20.0,0.13613813,4833 MOV
4833,MOV,20.6667,0.13960099,4833 MOV
4833,MOV,21.3333,0.14311904,4833 MOV
4833,MOV,22.0,0.14669109,4833 MOV
4833,MOV,22.6667,0.15031442,4833 MOV
4833,MOV,23.3333,0.15398635,4833 MOV
4833,MOV,24.0,0.15770592,4833 MOV
4834,AUC,0.0,0.09430943,4834 AUC
4834,AUC,0.1111,0.09497267,4834 AUC
4834,AUC,0.2222,0.0957975,4834 AUC
4834,AUC,0.3333,0.09669559,4834 AUC
4834,AUC,0.4444,0.09764412,4834 AUC
4834,AUC,0.5556,0.09863234,4834 AUC
4834,AUC,0.6667,0.09965128,4834 AUC
4834,AUC,0.7778,0.10069689,4834 AUC
4834,AUC,0.8889,0.10176554,4834 AUC
4834,AUC,1.0,0.10285445,4834 AUC
4834,AUC,1.0378,0.10322914,4834 AUC
4834,AUC,1.0756,0.10360585,4834 AUC
4834,AUC,1.1133,0.10398349,4834 AUC
4834,AUC,1.1511,0.10436401,4834 AUC
4834,AUC,1.1889,0.10474634,4834 AUC
4834,AUC,1.2267,0.10513042,4834 AUC
4834,AUC,1.2644,0.10551517,4834 AUC
4834,AUC,1.3022,0.10590259,4834 AUC
4834,AUC,1.34,0.10629161,4834 AUC
4834,AUC,1.3889,0.10679715,4834 AUC
4834,AUC,1.4378,0.10730519,4834 AUC
4834,AUC,1.4867,0.10781564,4834 AUC
4834,AUC,1.5356,0.10832841,4834 AUC
4834,AUC,1.5844,0.10884236,4834 AUC
4834,AUC,1.6333,0.10935953,4834 AUC
4834,AUC,1.6822,0.1098788,4834 AUC
4834,AUC,1.7311,0.1104001,4834 AUC
4834,AUC,1.78,0.11092336,4834 AUC
4834,AUC,1.8467,0.11164014,4834 AUC
4834,AUC,1.9133,0.11235924,4834 AUC
4834,AUC,1.98,0.11308268,4834 AUC
4834,AUC,2.0467,0.11380924,4834 AUC
4834,AUC,2.1133,0.11453772,4834 AUC
4834,AUC,2.18,0.11527019,4834 AUC
4834,AUC,2.2467,0.11600544,4834 AUC
4834,AUC,2.3133,0.11674228,4834 AUC
4834,AUC,2.38,0.1174828,4834 AUC
4834,AUC,2.47,0.11848596,4834 AUC
4834,AUC,2.56,0.11949345,4834 AUC
4834,AUC,2.65,0.12050509,4834 AUC
4834,AUC,2.74,0.12152067,4834 AUC
4834,AUC,2.83,0.12254004,4834 AUC
4834,AUC,2.92,0.12356301,4834 AUC
4834,AUC,3.01,0.12458945,4834 AUC
4834,AUC,3.1,0.12561919,4834 AUC
4834,AUC,3.19,0.1266521,4834 AUC
4834,AUC,3.3089,0.12802133,4834 AUC
4834,AUC,3.4278,0.12939557,4834 AUC
4834,AUC,3.5467,0.13077455,4834 AUC
4834,AUC,3.6656,0.13215803,4834 AUC
4834,AUC,3.7844,0.13354459,4834 AUC
4834,AUC,3.9033,0.13493634,4834 AUC
4834,AUC,4.0222,0.13633191,4834 AUC
4834,AUC,4.1411,0.13773109,4834 AUC
4834,AUC,4.26,0.1391337,4834 AUC
4834,AUC,4.4189,0.1410132,4834 AUC
4834,AUC,4.5778,0.1428981,4834 AUC
4834,AUC,4.7367,0.144788,4834 AUC
4834,AUC,4.8956,0.14668255,4834 AUC
4834,AUC,5.0544,0.14858022,4834 AUC
4834,AUC,5.2133,0.15048309,4834 AUC
4834,AUC,5.3722,0.15238967,4834 AUC
4834,AUC,5.5311,0.15429967,4834 AUC
4834,AUC,5.69,0.15621282,4834 AUC
4834,AUC,5.9022,0.15877219,4834 AUC
4834,AUC,6.1144,0.16133617,4834 AUC
4834,AUC,6.3267,0.16390545,4834 AUC
4834,AUC,6.5389,0.16647712,4834 AUC
4834,AUC,6.7511,0.1690519,4834 AUC
4834,AUC,6.9633,0.17162938,4834 AUC
4834,AUC,7.1756,0.17421034,4834 AUC
4834,AUC,7.3878,0.17679198,4834 AUC
4834,AUC,7.6,0.17937514,4834 AUC
4834,AUC,7.8778,0.1827586,4834 AUC
4834,AUC,8.1556,0.18614333,4834 AUC
4834,AUC,8.4333,0.18952746,4834 AUC
4834,AUC,8.7111,0.19291277,4834 AUC
4834,AUC,8.9889,0.19629745,4834 AUC
4834,AUC,9.2667,0.19968094,4834 AUC
4834,AUC,9.5444,0.20306151,4834 AUC
4834,AUC,9.8222,0.20644109,4834 AUC
4834,AUC,10.1,0.209818,4834 AUC
4834,AUC,10.4889,0.21454012,4834 AUC
4834,AUC,10.8778,0.21925503,4834 AUC
4834,AUC,11.2667,0.22396171,4834 AUC
4834,AUC,11.6556,0.22865918,4834 AUC
4834,AUC,12.0444,0.23334536,4834 AUC
4834,AUC,12.4333,0.23802184,4834 AUC
4834,AUC,12.8222,0.24268665,4834 AUC
4834,AUC,13.2111,0.24733907,4834 AUC
4834,AUC,13.6,0.25197845,4834 AUC
4834,AUC,14.1,0.25792303,4834 AUC
4834,AUC,14.6,0.26384383,4834 AUC
4834,AUC,15.1,0.26973974,4834 AUC
4834,AUC,15.6,0.27560974,4834 AUC
4834,AUC,16.1,0.28145292,4834 AUC
4834,AUC,16.6,0.28726841,4834 AUC
4834,AUC,17.1,0.29305545,4834 AUC
4834,AUC,17.6,0.29881333,4834 AUC
4834,AUC,18.1,0.30454139,4834 AUC
4834,AUC,18.7778,0.31225769,4834 AUC
4834,AUC,19.4556,0.31991677,4834 AUC
4834,AUC,20.1333,0.32751635,4834 AUC
4834,AUC,20.8111,0.33505763,4834 AUC
4834,AUC,21.4889,0.34253857,4834 AUC
4834,AUC,22.1667,0.34995837,4834 AUC
4834,AUC,22.8444,0.35731527,4834 AUC
4834,AUC,23.5222,0.36461084,4834 AUC
4834,AUC,24.2,0.37184349,4834 AUC
4834,MOV,,,4834 MOV
4835,AUC,0.0,0.0551566,4835 AUC
4835,AUC,0.0111,0.05522637,4835 AUC
4835,AUC,0.0222,0.05529621,4835 AUC
4835,AUC,0.0333,0.05536613,4835 AUC
4835,AUC,0.0444,0.05543611,4835 AUC
4835,AUC,0.0556,0.05550679,4835 AUC
4835,AUC,0.0667,0.05557691,4835 AUC
4835,AUC,0.0778,0.05564711,4835 AUC
4835,AUC,0.0889,0.05571737,4835 AUC
4835,AUC,0.1,0.0557877,4835 AUC
4835,AUC,0.3433,0.05734697,4835 AUC
4835,AUC,0.5867,0.058941,4835 AUC
4835,AUC,0.83,0.0605689,4835 AUC
4835,AUC,1.0733,0.06223177,4835 AUC
4835,AUC,1.3167,0.06393073,4835 AUC
4835,AUC,1.56,0.06566484,4835 AUC
4835,AUC,1.8033,0.06743519,4835 AUC
4835,AUC,2.0467,0.06924295,4835 AUC
4835,AUC,2.29,0.07108705,4835 AUC
4835,AUC,2.5333,0.07296864,4835 AUC
4835,AUC,2.7767,0.07488892,4835 AUC
4835,AUC,3.02,0.07684669,4835 AUC
4835,AUC,3.2633,0.07884313,4835 AUC
4835,AUC,3.5067,0.08087946,4835 AUC
4835,AUC,3.75,0.08295439,4835 AUC
4835,AUC,3.9933,0.08506911,4835 AUC
4835,AUC,4.2367,0.08722488,4835 AUC
4835,AUC,4.48,0.08942026,4835 AUC
4835,AUC,4.7233,0.09165648,4835 AUC
4835,AUC,4.9667,0.09393481,4835 AUC
4835,AUC,5.21,0.09625371,4835 AUC
4835,AUC,5.4533,0.09861441,4835 AUC
4835,AUC,5.6967,0.10101821,4835 AUC
4835,AUC,5.94,0.10346343,4835 AUC
4835,AUC,6.1833,0.10595133,4835 AUC
4835,AUC,6.4267,0.10848322,4835 AUC
4835,AUC,6.67,0.11105729,4835 AUC
4835,AUC,6.9133,0.11367481,4835 AUC
4835,AUC,7.1567,0.11633711,4835 AUC
4835,AUC,7.4,0.11904223,4835 AUC
4835,AUC,7.6433,0.12179146,4835 AUC
4835,AUC,7.8867,0.12458616,4835 AUC
4835,AUC,8.13,0.1274242,4835 AUC
4835,AUC,8.3733,0.13030689,4835 AUC
4835,AUC,8.6167,0.1332356,4835 AUC
4835,AUC,8.86,0.13620806,4835 AUC
4835,AUC,9.1089,0.13929557,4835 AUC
4835,AUC,9.3578,0.14243035,4835 AUC
4835,AUC,9.6067,0.14561252,4835 AUC
4835,AUC,9.8556,0.14884213,4835 AUC
4835,AUC,10.1044,0.15211795,4835 AUC
4835,AUC,10.3533,0.15544263,4835 AUC
4835,AUC,10.6022,0.1588149,4835 AUC
4835,AUC,10.8511,0.16223478,4835 AUC
4835,AUC,11.1,0.16570224,4835 AUC
4835,AUC,11.3333,0.16899556,4835 AUC
4835,AUC,11.5667,0.17233206,4835 AUC
4835,AUC,11.8,0.17570884,4835 AUC
4835,AUC,12.0333,0.17912724,4835 AUC
4835,AUC,12.2667,0.18258866,4835 AUC
4835,AUC,12.5,0.18609005,4835 AUC
4835,AUC,12.7333,0.18963276,4835 AUC
4835,AUC,12.9667,0.1932182,4835 AUC
4835,AUC,13.2,0.19684315,4835 AUC
4835,AUC,13.4444,0.20068441,4835 AUC
4835,AUC,13.6889,0.20457192,4835 AUC
4835,AUC,13.9333,0.20850227,4835 AUC
4835,AUC,14.1778,0.21247844,4835 AUC
4835,AUC,14.4222,0.21649691,4835 AUC
4835,AUC,14.6667,0.22056067,4835 AUC
4835,AUC,14.9111,0.2246661,4835 AUC
4835,AUC,15.1556,0.22881624,4835 AUC
4835,AUC,15.4,0.23300734,4835 AUC
4835,AUC,15.6444,0.23724073,4835 AUC
4835,AUC,15.8889,0.24151778,4835 AUC
4835,AUC,16.1333,0.24583459,4835 AUC
4835,AUC,16.3778,0.25019427,4835 AUC
4835,AUC,16.6222,0.25459281,4835 AUC
4835,AUC,16.8667,0.25903334,4835 AUC
4835,AUC,17.1111,0.26351175,4835 AUC
4835,AUC,17.3556,0.2680312,4835 AUC
4835,AUC,17.6,0.27258747,4835 AUC
4835,AUC,17.8444,0.27718186,4835 AUC
4835,AUC,18.0889,0.28181572,4835 AUC
4835,AUC,18.3333,0.28648468,4835 AUC
4835,AUC,18.5778,0.29119195,4835 AUC
4835,AUC,18.8222,0.29593308,4835 AUC
4835,AUC,19.0667,0.30071131,4835 AUC
4835,AUC,19.3111,0.30552207,4835 AUC
4835,AUC,19.5556,0.31036863,4835 AUC
4835,AUC,19.8,0.31524635,4835 AUC
4835,AUC,20.0444,0.32015648,4835 AUC
4835,AUC,20.2889,0.32510035,4835 AUC
4835,AUC,20.5333,0.33007316,4835 AUC
4835,AUC,20.7778,0.33507822,4835 AUC
4835,AUC,21.0222,0.34011068,4835 AUC
4835,AUC,21.2667,0.34517387,4835 AUC
4835,AUC,21.5111,0.35026283,4835 AUC
4835,AUC,21.7556,0.35538092,4835 AUC
4835,AUC,22.0,0.36052311,4835 AUC
4835,AUC,22.2444,0.36569066,4835 AUC
4835,AUC,22.4889,0.37088482,4835 AUC
4835,AUC,22.7333,0.37610048,4835 AUC
4835,AUC,22.9778,0.38134101,4835 AUC
4835,AUC,23.2222,0.38660124,4835 AUC
4835,AUC,23.4667,0.39188455,4835 AUC
4835,AUC,23.7111,0.3971857,4835 AUC
4835,AUC,23.9556,0.40250809,4835 AUC
4835,AUC,24.2,0.40784643,4835 AUC
4835,MOV,0.0,0.05000233,4835 MOV
4835,MOV,0.0111,0.22367301,4835 MOV
4835,MOV,0.0222,0.22367409,4835 MOV
4835,MOV,0.0333,0.22367473,4835 MOV
4835,MOV,0.0444,0.22367518,4835 MOV
4835,MOV,0.0556,0.22367553,4835 MOV
4835,MOV,0.0667,0.22367582,4835 MOV
4835,MOV,0.0778,0.22367606,4835 MOV
4835,MOV,0.0889,0.22367627,4835 MOV
4835,MOV,0.1,0.22367645,4835 MOV
4835,MOV,0.3433,0.22367838,4835 MOV
4835,MOV,0.5867,0.22367922,4835 MOV
4835,MOV,0.83,0.22367977,4835 MOV
4835,MOV,1.0733,0.22368017,4835 MOV
4835,MOV,1.3167,0.22368049,4835 MOV
4835,MOV,1.56,0.22368076,4835 MOV
4835,MOV,1.8033,0.22368098,4835 MOV
4835,MOV,2.0467,0.22368118,4835 MOV
4835,MOV,2.29,0.22368136,4835 MOV
4835,MOV,2.5333,0.22368152,4835 MOV
4835,MOV,2.7767,0.22368166,4835 MOV
4835,MOV,3.02,0.22368179,4835 MOV
4835,MOV,3.2633,0.22368191,4835 MOV
4835,MOV,3.5067,0.22368203,4835 MOV
4835,MOV,3.75,0.22368213,4835 MOV
4835,MOV,3.9933,0.22368223,4835 MOV
4835,MOV,4.2367,0.22368232,4835 MOV
4835,MOV,4.48,0.22368241,4835 MOV
4835,MOV,4.7233,0.22368249,4835 MOV
4835,MOV,4.9667,0.22368257,4835 MOV
4835,MOV,5.21,0.22368265,4835 MOV
4835,MOV,5.4533,0.22368272,4835 MOV
4835,MOV,5.6967,0.22368279,4835 MOV
4835,MOV,5.94,0.22368285,4835 MOV
4835,MOV,6.1833,0.22368292,4835 MOV
4835,MOV,6.4267,0.22368298,4835 MOV
4835,MOV,6.67,0.22368303,4835 MOV
4835,MOV,6.9133,0.22368309,4835 MOV
4835,MOV,7.1567,0.22368315,4835 MOV
4835,MOV,7.4,0.2236832,4835 MOV
4835,MOV,7.6433,0.22368325,4835 MOV
4835,MOV,7.8867,0.2236833,4835 MOV
4835,MOV,8.13,0.22368335,4835 MOV
4835,MOV,8.3733,0.22368339,4835 MOV
4835,MOV,8.6167,0.22368344,4835 MOV
4835,MOV,8.86,0.22368348,4835 MOV
4835,MOV,9.1089,0.22368352,4835 MOV
4835,MOV,9.3578,0.22368357,4835 MOV
4835,MOV,9.6067,0.22368361,4835 MOV
4835,MOV,9.8556,0.22368365,4835 MOV
4835,MOV,10.1044,0.22368369,4835 MOV
4835,MOV,10.3533,0.22368372,4835 MOV
4835,MOV,10.6022,0.22368376,4835 MOV
4835,MOV,10.8511,0.2236838,4835 MOV
4835,MOV,11.1,0.22368383,4835 MOV
4835,MOV,11.3333,0.22368387,4835 MOV
4835,MOV,11.5667,0.2236839,4835 MOV
4835,MOV,11.8,0.22368393,4835 MOV
4835,MOV,12.0333,0.22368396,4835 MOV
4835,MOV,12.2667,0.22368399,4835 MOV
4835,MOV,12.5,0.22368402,4835 MOV
4835,MOV,12.7333,0.22368405,4835 MOV
4835,MOV,12.9667,0.22368408,4835 MOV
4835,MOV,13.2,0.2236841,4835 MOV
4835,MOV,13.4444,0.22368413,4835 MOV
4835,MOV,13.6889,0.22368416,4835 MOV
4835,MOV,13.9333,0.22368419,4835 MOV
4835,MOV,14.1778,0.22368422,4835 MOV
4835,MOV,14.4222,0.22368424,4835 MOV
4835,MOV,14.6667,0.22368427,4835 MOV
4835,MOV,14.9111,0.2236843,4835 MOV
4835,MOV,15.1556,0.22368432,4835 MOV
4835,MOV,15.4,0.22368435,4835 MOV
4835,MOV,15.6444,0.22368437,4835 MOV
4835,MOV,15.8889,0.2236844,4835 MOV
4835,MOV,16.1333,0.22368442,4835 MOV
4835,MOV,16.3778,0.22368444,4835 MOV
4835,MOV,16.6222,0.22368447,4835 MOV
4835,MOV,16.8667,0.22368449,4835 MOV
4835,MOV,17.1111,0.22368451,4835 MOV
4835,MOV,17.3556,0.22368453,4835 MOV
4835,MOV,17.6,0.22368456,4835 MOV
4835,MOV,17.8444,0.22368458,4835 MOV
4835,MOV,18.0889,0.2236846,4835 MOV
4835,MOV,18.3333,0.22368462,4835 MOV
4835,MOV,18.5778,0.22368464,4835 MOV
4835,MOV,18.8222,0.22368466,4835 MOV
4835,MOV,19.0667,0.22368468,4835 MOV
4835,MOV,19.3111,0.2236847,4835 MOV
4835,MOV,19.5556,0.22368472,4835 MOV
4835,MOV,19.8,0.22368474,4835 MOV
4835,MOV,20.0444,0.22368476,4835 MOV
4835,MOV,20.2889,0.22368478,4835 MOV
4835,MOV,20.5333,0.2236848,4835 MOV
4835,MOV,20.7778,0.22368482,4835 MOV
4835,MOV,21.0222,0.22368483,4835 MOV
4835,MOV,21.2667,0.22368485,4835 MOV
4835,MOV,21.5111,0.22368487,4835 MOV
4835,MOV,21.7556,0.22368489,4835 MOV
4835,MOV,22.0,0.22368491,4835 MOV
4835,MOV,22.2444,0.22368492,4835 MOV
4835,MOV,22.4889,0.22368494,4835 MOV
4835,MOV,22.7333,0.22368496,4835 MOV
4835,MOV,22.9778,0.22368497,4835 MOV
4835,MOV,23.2222,0.22368499,4835 MOV
4835,MOV,23.4667,0.22368501,4835 MOV
4835,MOV,23.7111,0.22368502,4835 MOV
4835,MOV,23.9556,0.22368504,4835 MOV
4835,MOV,24.2,0.22368505,4835 MOV
4836,AUC,,,4836 AUC
4836,MOV,,,4836 MOV
4837,AUC,,,4837 AUC
4837,MOV,0.0,0.08484458,4837 MOV
4837,MOV,0.0111,0.0848788,4837 MOV
4837,MOV,0.0222,0.08491303,4837 MOV
4837,MOV,0.0333,0.08494726,4837 MOV
4837,MOV,0.0444,0.08498148,4837 MOV
4837,MOV,0.0556,0.08501602,4837 MOV
4837,MOV,0.0667,0.08505024,4837 MOV
4837,MOV,0.0778,0.08508446,4837 MOV
4837,MOV,0.0889,0.08511868,4837 MOV
4837,MOV,0.1,0.0851529,4837 MOV
4837,MOV,0.5556,0.08655631,4837 MOV
4837,MOV,1.0111,0.08795725,4837 MOV
4837,MOV,1.4667,0.08935636,4837 MOV
4837,MOV,1.9222,0.09075301,4837 MOV
4837,MOV,2.3778,0.09214783,4837 MOV
4837,MOV,2.8333,0.0935402,4837 MOV
4837,MOV,3.2889,0.09493074,4837 MOV
4837,MOV,3.7444,0.09631884,4837 MOV
4837,MOV,4.2,0.09770512,4837 MOV
4837,MOV,4.6556,0.09908927,4837 MOV
4837,MOV,5.1111,0.100471,4837 MOV
4837,MOV,5.5667,0.10185091,4837 MOV
4837,MOV,6.0222,0.1032284,4837 MOV
4837,MOV,6.4778,0.10460408,4837 MOV
4837,MOV,6.9333,0.10597734,4837 MOV
4837,MOV,7.3889,0.10734881,4837 MOV
4837,MOV,7.8444,0.10871786,4837 MOV
4837,MOV,8.3,0.11008512,4837 MOV
4837,MOV,8.7667,0.11148352,4837 MOV
4837,MOV,9.2333,0.11287941,4837 MOV
4837,MOV,9.7,0.11427342,4837 MOV
4837,MOV,10.1667,0.11566523,4837 MOV
4837,MOV,10.6333,0.11705456,4837 MOV
4837,MOV,11.1,0.118442,4837 MOV
4837,MOV,11.5667,0.11982726,4837 MOV
4837,MOV,12.0333,0.12121005,4837 MOV
4837,MOV,12.5,0.12259097,4837 MOV
4837,MOV,12.9556,0.12393694,4837 MOV
4837,MOV,13.4111,0.12528056,4837 MOV
4837,MOV,13.8667,0.12662241,4837 MOV
4837,MOV,14.3222,0.12796191,4837 MOV
4837,MOV,14.7778,0.12929964,4837 MOV
4837,MOV,15.2333,0.13063504,4837 MOV
4837,MOV,15.6889,0.13196867,4837 MOV
4837,MOV,16.1444,0.13329997,4837 MOV
4837,MOV,16.6,0.13462952,4837 MOV
4837,MOV,17.0556,0.13595703,4837 MOV
4837,MOV,17.5111,0.13728221,4837 MOV
4837,MOV,17.9667,0.13860565,4837 MOV
4837,MOV,18.4222,0.13992677,4837 MOV
4837,MOV,18.8778,0.14124615,4837 MOV
4837,MOV,19.3333,0.14256322,4837 MOV
4837,MOV,19.7889,0.14387856,4837 MOV
4837,MOV,20.2444,0.14519159,4837 MOV
4837,MOV,20.7,0.14650289,4837 MOV
4837,MOV,21.1556,0.14781219,4837 MOV
4837,MOV,21.6111,0.14911919,4837 MOV
4837,MOV,22.0667,0.15042447,4837 MOV
4837,MOV,22.5222,0.15172746,4837 MOV
4837,MOV,22.9778,0.15302874,4837 MOV
4837,MOV,23.4333,0.15432774,4837 MOV
4837,MOV,23.8889,0.15562503,4837 MOV
4837,MOV,24.3444,0.15692005,4837 MOV
4837,MOV,24.8,0.15821336,4837 MOV
4837,MOV,25.2667,0.15953613,4837 MOV
4837,MOV,25.7333,0.16085653,4837 MOV
4837,MOV,26.2,0.16217515,4837 MOV
4837,MOV,26.6667,0.16349169,4837 MOV
4837,MOV,27.1333,0.16480588,4837 MOV
4837,MOV,27.6,0.16611829,4837 MOV
4837,MOV,28.0667,0.16742863,4837 MOV
4837,MOV,28.5333,0.16873664,4837 MOV
4837,MOV,29.0,0.17004287,4837 MOV
4837,MOV,29.4444,0.17128477,4837 MOV
4837,MOV,29.8889,0.1725251,4837 MOV
4837,MOV,30.3333,0.1737633,4837 MOV
4837,MOV,30.7778,0.17499992,4837 MOV
4837,MOV,31.2222,0.17623441,4837 MOV
4837,MOV,31.6667,0.17746733,4837 MOV
4837,MOV,32.1111,0.17869813,4837 MOV
4837,MOV,32.5556,0.17992736,4837 MOV
4837,MOV,33.0,0.18115448,4837 MOV
4837,MOV,33.4667,0.18244119,4837 MOV
4837,MOV,33.9333,0.18372561,4837 MOV
4837,MOV,34.4,0.18500829,4837 MOV
4837,MOV,34.8667,0.18628895,4837 MOV
4837,MOV,35.3333,0.18756733,4837 MOV
4837,MOV,35.8,0.18884397,4837 MOV
4837,MOV,36.2667,0.1901186,4837 MOV
4837,MOV,36.7333,0.19139096,4837 MOV
4837,MOV,37.2,0.19266159,4837 MOV
4837,MOV,37.6556,0.19390008,4837 MOV
4837,MOV,38.1111,0.19513639,4837 MOV
4837,MOV,38.5667,0.19637108,4837 MOV
4837,MOV,39.0222,0.19760361,4837 MOV
4837,MOV,39.4778,0.19883451,4837 MOV
4837,MOV,39.9333,0.20006326,4837 MOV
4837,MOV,40.3889,0.20129039,4837 MOV
4837,MOV,40.8444,0.20251537,4837 MOV
4837,MOV,41.3,0.20373874,4837 MOV
4837,MOV,41.7556,0.20496023,4837 MOV
4837,MOV,42.2111,0.20617958,4837 MOV
4837,MOV,42.6667,0.20739733,4837 MOV
4837,MOV,43.1222,0.20861294,4837 MOV
4837,MOV,43.5778,0.20982696,4837 MOV
4837,MOV,44.0333,0.21103884,4837 MOV
4837,MOV,44.4889,0.21224914,4837 MOV
4837,MOV,44.9444,0.21345731,4837 MOV
4837,MOV,45.4,0.21466389,4837 MOV
4838,AUC,0.0,0.14542788,4838 AUC
4838,AUC,0.2778,0.2250202,4838 AUC
4838,AUC,0.5556,0.23689425,4838 AUC
4838,AUC,0.8333,0.24464278,4838 AUC
4838,AUC,1.1111,0.25053775,4838 AUC
4838,AUC,1.3889,0.25535027,4838 AUC
4838,AUC,1.6667,0.25944542,4838 AUC
4838,AUC,1.9444,0.26302536,4838 AUC
4838,AUC,2.2222,0.26621837,4838 AUC
4838,AUC,2.5,0.26910664,4838 AUC
4838,AUC,2.6111,0.27019015,4838 AUC
4838,AUC,2.7222,0.27123741,4838 AUC
4838,AUC,2.8333,0.27225104,4838 AUC
4838,AUC,2.9444,0.27323337,4838 AUC
4838,AUC,3.0556,0.27418735,4838 AUC
4838,AUC,3.1667,0.27511315,4838 AUC
4838,AUC,3.2778,0.27601333,4838 AUC
4838,AUC,3.3889,0.27688945,4838 AUC
4838,AUC,3.5,0.27774289,4838 AUC
4838,AUC,3.6544,0.27889369,4838 AUC
4838,AUC,3.8089,0.28000696,4838 AUC
4838,AUC,3.9633,0.28108401,4838 AUC
4838,AUC,4.1178,0.28212869,4838 AUC
4838,AUC,4.2722,0.28314184,4838 AUC
4838,AUC,4.4267,0.28412675,4838 AUC
4838,AUC,4.5811,0.28508395,4838 AUC
4838,AUC,4.7356,0.28601628,4838 AUC
4838,AUC,4.89,0.28692403,4838 AUC
4838,AUC,5.1067,0.28816016,4838 AUC
4838,AUC,5.3233,0.28935449,4838 AUC
4838,AUC,5.54,0.29051111,4838 AUC
4838,AUC,5.7567,0.29163211,4838 AUC
4838,AUC,5.9733,0.29271937,4838 AUC
4838,AUC,6.19,0.29377603,4838 AUC
4838,AUC,6.4067,0.29480352,4838 AUC
4838,AUC,6.6233,0.29580314,4838 AUC
4838,AUC,6.84,0.29677739,4838 AUC
4838,AUC,7.1422,0.29809564,4838 AUC
4838,AUC,7.4444,0.29937003,4838 AUC
4838,AUC,7.7467,0.3006041,4838 AUC
4838,AUC,8.0489,0.30179987,4838 AUC
4838,AUC,8.3511,0.30296026,4838 AUC
4838,AUC,8.6533,0.30408755,4838 AUC
4838,AUC,8.9556,0.30518414,4838 AUC
4838,AUC,9.2578,0.30625118,4838 AUC
4838,AUC,9.56,0.30729073,4838 AUC
4838,AUC,9.9867,0.30871469,4838 AUC
4838,AUC,10.4133,0.31009049,4838 AUC
4838,AUC,10.84,0.31142224,4838 AUC
4838,AUC,11.2667,0.31271272,4838 AUC
4838,AUC,11.6933,0.3139644,4838 AUC
4838,AUC,12.12,0.31518036,4838 AUC
4838,AUC,12.5467,0.31636257,4838 AUC
4838,AUC,12.9733,0.31751278,4838 AUC
4838,AUC,13.4,0.3186334,4838 AUC
4838,AUC,13.9889,0.32013403,4838 AUC
4838,AUC,14.5778,0.32158498,4838 AUC
4838,AUC,15.1667,0.32298978,4838 AUC
4838,AUC,15.7556,0.32435162,4838 AUC
4838,AUC,16.3444,0.32567312,4838 AUC
4838,AUC,16.9333,0.32695731,4838 AUC
4838,AUC,17.5222,0.32820626,4838 AUC
4838,AUC,18.1111,0.32942208,4838 AUC
4838,AUC,18.7,0.33060669,4838 AUC
4838,AUC,19.5222,0.33221166,4838 AUC
4838,AUC,20.3444,0.33376345,4838 AUC
4838,AUC,21.1667,0.33526605,4838 AUC
4838,AUC,21.9889,0.33672249,4838 AUC
4838,AUC,22.8111,0.33813601,4838 AUC
4838,AUC,23.6333,0.33950935,4838 AUC
4838,AUC,24.4556,0.34084515,4838 AUC
4838,AUC,25.2778,0.34214535,4838 AUC
4838,AUC,26.1,0.34341215,4838 AUC
4838,AUC,27.2667,0.34515604,4838 AUC
4838,AUC,28.4333,0.34684109,4838 AUC
4838,AUC,29.6,0.34847185,4838 AUC
4838,AUC,30.7667,0.35005198,4838 AUC
4838,AUC,31.9333,0.35158476,4838 AUC
4838,AUC,33.1,0.3530735,4838 AUC
4838,AUC,34.2667,0.35452085,4838 AUC
4838,AUC,35.4333,0.35592917,4838 AUC
4838,AUC,36.6,0.35730099,4838 AUC
4838,AUC,38.2111,0.35913894,4838 AUC
4838,AUC,39.8222,0.36091591,4838 AUC
4838,AUC,41.4333,0.36263626,4838 AUC
4838,AUC,43.0444,0.36430389,4838 AUC
4838,AUC,44.6556,0.3659224,4838 AUC
4838,AUC,46.2667,0.36749475,4838 AUC
4838,AUC,47.8778,0.36902387,4838 AUC
4838,AUC,49.4889,0.37051236,4838 AUC
4838,AUC,51.1,0.37196257,4838 AUC
4838,AUC,53.3667,0.37394217,4838 AUC
4838,AUC,55.6333,0.37585549,4838 AUC
4838,AUC,57.9,0.37770749,4838 AUC
4838,AUC,60.1667,0.37950235,4838 AUC
4838,AUC,62.4333,0.38124379,4838 AUC
4838,AUC,64.7,0.38293541,4838 AUC
4838,AUC,66.9667,0.38458024,4838 AUC
4838,AUC,69.2333,0.38618102,4838 AUC
4838,AUC,71.5,0.38774044,4838 AUC
4838,AUC,74.6667,0.38985407,4838 AUC
4838,AUC,77.8333,0.39189703,4838 AUC
4838,AUC,81.0,0.39387455,4838 AUC
4838,AUC,84.1667,0.3957911,4838 AUC
4838,AUC,87.3333,0.39765069,4838 AUC
4838,AUC,90.5,0.39945709,4838 AUC
4838,AUC,93.6667,0.40121356,4838 AUC
4838,AUC,96.8333,0.40292304,4838 AUC
4838,AUC,100.0,0.40458836,4838 AUC
4838,MOV,0.0,0.13733174,4838 MOV
4838,MOV,0.2778,0.26878193,4838 MOV
4838,MOV,0.5556,0.28098967,4838 MOV
4838,MOV,0.8333,0.28859172,4838 MOV
4838,MOV,1.1111,0.29420301,4838 MOV
4838,MOV,1.3889,0.2986815,4838 MOV
4838,MOV,1.6667,0.30242388,4838 MOV
4838,MOV,1.9444,0.30564612,4838 MOV
4838,MOV,2.2222,0.30848274,4838 MOV
4838,MOV,2.5,0.31101929,4838 MOV
4838,MOV,2.6111,0.31196383,4838 MOV
4838,MOV,2.7222,0.31287319,4838 MOV
4838,MOV,2.8333,0.31375003,4838 MOV
4838,MOV,2.9444,0.31459672,4838 MOV
4838,MOV,3.0556,0.31541609,4838 MOV
4838,MOV,3.1667,0.31620856,4838 MOV
4838,MOV,3.2778,0.3169766,4838 MOV
4838,MOV,3.3889,0.31772174,4838 MOV
4838,MOV,3.5,0.31844538,4838 MOV
4838,MOV,3.6544,0.3194177,4838 MOV
4838,MOV,3.8089,0.3203546,4838 MOV
4838,MOV,3.9633,0.32125756,4838 MOV
4838,MOV,4.1178,0.32213017,4838 MOV
4838,MOV,4.2722,0.32297345,4838 MOV
4838,MOV,4.4267,0.32379044,4838 MOV
4838,MOV,4.5811,0.32458181,4838 MOV
4838,MOV,4.7356,0.32535017,4838 MOV
4838,MOV,4.89,0.32609595,4838 MOV
4838,MOV,5.1067,0.32710788,4838 MOV
4838,MOV,5.3233,0.32808164,4838 MOV
4838,MOV,5.54,0.32902099,4838 MOV
4838,MOV,5.7567,0.32992801,4838 MOV
4838,MOV,5.9733,0.33080455,4838 MOV
4838,MOV,6.19,0.33165346,4838 MOV
4838,MOV,6.4067,0.33247616,4838 MOV
4838,MOV,6.6233,0.33327392,4838 MOV
4838,MOV,6.84,0.334049,4838 MOV
4838,MOV,7.1422,0.33509392,4838 MOV
4838,MOV,7.4444,0.33609993,4838 MOV
4838,MOV,7.7467,0.33707028,4838 MOV
4838,MOV,8.0489,0.33800693,4838 MOV
4838,MOV,8.3511,0.33891255,4838 MOV
4838,MOV,8.6533,0.33978923,4838 MOV
4838,MOV,8.9556,0.34063913,4838 MOV
4838,MOV,9.2578,0.34146338,4838 MOV
4838,MOV,9.56,0.34226382,4838 MOV
4838,MOV,9.9867,0.34335616,4838 MOV
4838,MOV,10.4133,0.34440712,4838 MOV
4838,MOV,10.84,0.34542032,4838 MOV
4838,MOV,11.2667,0.34639829,4838 MOV
4838,MOV,11.6933,0.34734329,4838 MOV
4838,MOV,12.12,0.348258,4838 MOV
4838,MOV,12.5467,0.3491442,4838 MOV
4838,MOV,12.9733,0.35000349,4838 MOV
4838,MOV,13.4,0.35083792,4838 MOV
4838,MOV,13.9889,0.35195109,4838 MOV
4838,MOV,14.5778,0.35302286,4838 MOV
4838,MOV,15.1667,0.35405634,4838 MOV
4838,MOV,15.7556,0.35505428,4838 MOV
4838,MOV,16.3444,0.35601902,4838 MOV
4838,MOV,16.9333,0.35695309,4838 MOV
4838,MOV,17.5222,0.35785833,4838 MOV
4838,MOV,18.1111,0.35873655,4838 MOV
4838,MOV,18.7,0.3595894,4838 MOV
4838,MOV,19.5222,0.36074046,4838 MOV
4838,MOV,20.3444,0.36184859,4838 MOV
4838,MOV,21.1667,0.36291716,4838 MOV
4838,MOV,21.9889,0.36394878,4838 MOV
4838,MOV,22.8111,0.36494614,4838 MOV
4838,MOV,23.6333,0.36591156,4838 MOV
4838,MOV,24.4556,0.36684722,4838 MOV
4838,MOV,25.2778,0.36775477,4838 MOV
4838,MOV,26.1,0.36863602,4838 MOV
4838,MOV,27.2667,0.36984441,4838 MOV
4838,MOV,28.4333,0.37100682,4838 MOV
4838,MOV,29.6,0.37212698,4838 MOV
4838,MOV,30.7667,0.37320788,4838 MOV
4838,MOV,31.9333,0.37425223,4838 MOV
4838,MOV,33.1,0.37526269,4838 MOV
4838,MOV,34.2667,0.37624141,4838 MOV
4838,MOV,35.4333,0.37719033,4838 MOV
4838,MOV,36.6,0.37811144,4838 MOV
4838,MOV,38.2111,0.37934062,4838 MOV
4838,MOV,39.8222,0.3805237,4838 MOV
4838,MOV,41.4333,0.38166417,4838 MOV
4838,MOV,43.0444,0.38276511,4838 MOV
4838,MOV,44.6556,0.38382936,4838 MOV
4838,MOV,46.2667,0.38485927,4838 MOV
4838,MOV,47.8778,0.38585714,4838 MOV
4838,MOV,49.4889,0.38682498,4838 MOV
4838,MOV,51.1,0.38776463,4838 MOV
4838,MOV,53.3667,0.38904209,4838 MOV
4838,MOV,55.6333,0.39027112,4838 MOV
4838,MOV,57.9,0.39145553,4838 MOV
4838,MOV,60.1667,0.39259851,4838 MOV
4838,MOV,62.4333,0.39370295,4838 MOV
4838,MOV,64.7,0.39477155,4838 MOV
4838,MOV,66.9667,0.39580663,4838 MOV
4838,MOV,69.2333,0.39681026,4838 MOV
4838,MOV,71.5,0.39778446,4838 MOV
4838,MOV,74.6667,0.39909941,4838 MOV
4838,MOV,77.8333,0.40036448,4838 MOV
4838,MOV,81.0,0.40158355,4838 MOV
4838,MOV,84.1667,0.40275993,4838 MOV
4838,MOV,87.3333,0.40389661,4838 MOV
4838,MOV,90.5,0.40499634,4838 MOV
4838,MOV,93.6667,0.40606152,4838 MOV
4838,MOV,96.8333,0.40709431,4838 MOV
4838,MOV,100.0,0.40809675,4838 MOV
4839,AUC,0.0,0.1659078,4839 AUC
4839,AUC,0.1111,0.16644936,4839 AUC
4839,AUC,0.2222,0.16699056,4839 AUC
4839,AUC,0.3333,0.16753141,4839 AUC
4839,AUC,0.4444,0.16807191,4839 AUC
4839,AUC,0.5556,0.16861255,4839 AUC
4839,AUC,0.6667,0.16915235,4839 AUC
4839,AUC,0.7778,0.1696918,4839 AUC
4839,AUC,0.8889,0.1702309,4839 AUC
4839,AUC,1.0,0.17076964,4839 AUC
4839,AUC,1.0556,0.17103913,4839 AUC
4839,AUC,1.1111,0.17130804,4839 AUC
4839,AUC,1.1667,0.17157735,4839 AUC
4839,AUC,1.2222,0.17184609,4839 AUC
4839,AUC,1.2778,0.17211523,4839 AUC
4839,AUC,1.3333,0.17238379,4839 AUC
4839,AUC,1.3889,0.17265275,4839 AUC
4839,AUC,1.4444,0.17292114,4839 AUC
4839,AUC,1.5,0.17318993,4839 AUC
4839,AUC,1.5556,0.17345863,4839 AUC
4839,AUC,1.6111,0.17372675,4839 AUC
4839,AUC,1.6667,0.17399528,4839 AUC
4839,AUC,1.7222,0.17426323,4839 AUC
4839,AUC,1.7778,0.17453158,4839 AUC
4839,AUC,1.8333,0.17479936,4839 AUC
4839,AUC,1.8889,0.17506754,4839 AUC
4839,AUC,1.9444,0.17533514,4839 AUC
4839,AUC,2.0,0.17560315,4839 AUC
4839,AUC,2.0556,0.17587106,4839 AUC
4839,AUC,2.1111,0.17613841,4839 AUC
4839,AUC,2.1667,0.17640615,4839 AUC
4839,AUC,2.2222,0.17667332,4839 AUC
4839,AUC,2.2778,0.17694089,4839 AUC
4839,AUC,2.3333,0.17720788,4839 AUC
4839,AUC,2.3889,0.17747528,4839 AUC
4839,AUC,2.4444,0.1777421,4839 AUC
4839,AUC,2.5,0.17800932,4839 AUC
4839,AUC,2.7778,0.17934316,4839 AUC
4839,AUC,3.0556,0.18067483,4839 AUC
4839,AUC,3.3333,0.18200386,4839 AUC
4839,AUC,3.6111,0.18333121,4839 AUC
4839,AUC,3.8889,0.18465641,4839 AUC
4839,AUC,4.1667,0.18597946,4839 AUC
4839,AUC,4.4444,0.18729989,4839 AUC
4839,AUC,4.7222,0.18861865,4839 AUC
4839,AUC,5.0,0.18993526,4839 AUC
4839,AUC,5.2778,0.19124975,4839 AUC
4839,AUC,5.5556,0.1925621,4839 AUC
4839,AUC,5.8333,0.19387185,4839 AUC
4839,AUC,6.1111,0.19517994,4839 AUC
4839,AUC,6.3889,0.19648591,4839 AUC
4839,AUC,6.6667,0.19778977,4839 AUC
4839,AUC,6.9444,0.19909104,4839 AUC
4839,AUC,7.2222,0.20039066,4839 AUC
4839,AUC,7.5,0.20168818,4839 AUC
4839,AUC,7.7778,0.20298359,4839 AUC
4839,AUC,8.0556,0.2042769,4839 AUC
4839,AUC,8.3333,0.20556765,4839 AUC
4839,AUC,8.6111,0.20685676,4839 AUC
4839,AUC,8.8889,0.20814379,4839 AUC
4839,AUC,9.1667,0.20942872,4839 AUC
4839,AUC,9.4444,0.21071111,4839 AUC
4839,AUC,9.7222,0.21199188,4839 AUC
4839,AUC,10.0,0.21327057,4839 AUC
4839,AUC,10.5556,0.21582174,4839 AUC
4839,AUC,11.1111,0.21836417,4839 AUC
4839,AUC,11.6667,0.22089881,4839 AUC
4839,AUC,12.2222,0.22342478,4839 AUC
4839,AUC,12.7778,0.22594302,4839 AUC
4839,AUC,13.3333,0.22845264,4839 AUC
4839,AUC,13.8889,0.23095457,4839 AUC
4839,AUC,14.4444,0.23344794,4839 AUC
4839,AUC,15.0,0.23593367,4839 AUC
4839,AUC,15.5556,0.23841134,4839 AUC
4839,AUC,16.1111,0.24088053,4839 AUC
4839,AUC,16.6667,0.24334216,4839 AUC
4839,AUC,17.2222,0.24579537,4839 AUC
4839,AUC,17.7778,0.24824106,4839 AUC
4839,AUC,18.3333,0.25067839,4839 AUC
4839,AUC,18.8889,0.25310824,4839 AUC
4839,AUC,19.4444,0.25552979,4839 AUC
4839,AUC,20.0,0.25794391,4839 AUC
4839,AUC,20.5556,0.26035021,4839 AUC
4839,AUC,21.1111,0.26274828,4839 AUC
4839,AUC,21.6667,0.26513899,4839 AUC
4839,AUC,22.2222,0.26752153,4839 AUC
4839,AUC,22.7778,0.26989677,4839 AUC
4839,AUC,23.3333,0.27226388,4839 AUC
4839,AUC,23.8889,0.27462375,4839 AUC
4839,AUC,24.4444,0.27697553,4839 AUC
4839,AUC,25.0,0.27932012,4839 AUC
4839,AUC,26.1111,0.28398608,4839 AUC
4839,AUC,27.2222,0.28862184,4839 AUC
4839,AUC,28.3333,0.29322758,4839 AUC
4839,AUC,29.4444,0.2978035,4839 AUC
4839,AUC,30.5556,0.3023502,4839 AUC
4839,AUC,31.6667,0.30686706,4839 AUC
4839,AUC,32.7778,0.31135467,4839 AUC
4839,AUC,33.8889,0.31581323,4839 AUC
4839,AUC,35.0,0.32024293,4839 AUC
4839,AUC,35.5556,0.3224472,4839 AUC
4839,AUC,36.1111,0.32464394,4839 AUC
4839,AUC,36.6667,0.32683395,4839 AUC
4839,AUC,37.2222,0.32901646,4839 AUC
4839,AUC,37.7778,0.33119229,4839 AUC
4839,AUC,38.3333,0.33336067,4839 AUC
4839,AUC,38.8889,0.33552241,4839 AUC
4839,AUC,39.4444,0.33767675,4839 AUC
4839,AUC,40.0,0.3398245,4839 AUC
4839,MOV,,,4839 MOV
4840,AUC,0.0,0.14880198,4840 AUC
4840,AUC,0.2778,0.14911272,4840 AUC
4840,AUC,0.5556,0.14945144,4840 AUC
4840,AUC,0.8333,0.14980132,4840 AUC
4840,AUC,1.1111,0.15015879,4840 AUC
4840,AUC,1.3889,0.15052186,4840 AUC
4840,AUC,1.6667,0.15088942,4840 AUC
4840,AUC,1.9444,0.15126058,4840 AUC
4840,AUC,2.2222,0.15163506,4840 AUC
4840,AUC,2.5,0.15201232,4840 AUC
4840,AUC,2.7778,0.15239206,4840 AUC
4840,AUC,3.0556,0.152774,4840 AUC
4840,AUC,3.3333,0.1531578,4840 AUC
4840,AUC,3.6111,0.15354356,4840 AUC
4840,AUC,3.8889,0.15393099,4840 AUC
4840,AUC,4.1667,0.15431996,4840 AUC
4840,AUC,4.4444,0.15471022,4840 AUC
4840,AUC,4.7222,0.15510194,4840 AUC
4840,AUC,5.0,0.15549491,4840 AUC
4840,AUC,5.2778,0.15588904,4840 AUC
4840,AUC,5.5556,0.15628425,4840 AUC
4840,AUC,5.8333,0.15668036,4840 AUC
4840,AUC,6.1111,0.15707757,4840 AUC
4840,AUC,6.3889,0.1574757,4840 AUC
4840,AUC,6.6667,0.1578747,4840 AUC
4840,AUC,6.9444,0.15827438,4840 AUC
4840,AUC,7.2222,0.15867498,4840 AUC
4840,AUC,7.5,0.15907633,4840 AUC
4840,AUC,7.7778,0.15947838,4840 AUC
4840,AUC,8.0556,0.15988112,4840 AUC
4840,AUC,8.3333,0.16028435,4840 AUC
4840,AUC,8.6111,0.16068835,4840 AUC
4840,AUC,8.8889,0.16109293,4840 AUC
4840,AUC,9.1667,0.16149809,4840 AUC
4840,AUC,9.4444,0.16190363,4840 AUC
4840,AUC,9.7222,0.16230984,4840 AUC
4840,AUC,10.0,0.16271655,4840 AUC
4840,AUC,10.5556,0.16353138,4840 AUC
4840,AUC,11.1111,0.16434782,4840 AUC
4840,AUC,11.6667,0.16516604,4840 AUC
4840,AUC,12.2222,0.16598562,4840 AUC
4840,AUC,12.7778,0.16680674,4840 AUC
4840,AUC,13.3333,0.16762901,4840 AUC
4840,AUC,13.8889,0.16845262,4840 AUC
4840,AUC,14.4444,0.1692772,4840 AUC
4840,AUC,15.0,0.17010297,4840 AUC
4840,AUC,15.5556,0.17092969,4840 AUC
4840,AUC,16.1111,0.17175715,4840 AUC
4840,AUC,16.6667,0.17258559,4840 AUC
4840,AUC,17.2222,0.17341465,4840 AUC
4840,AUC,17.7778,0.17424457,4840 AUC
4840,AUC,18.3333,0.17507499,4840 AUC
4840,AUC,18.8889,0.17590617,4840 AUC
4840,AUC,19.4444,0.17673777,4840 AUC
4840,AUC,20.0,0.17757003,4840 AUC
4840,AUC,21.1111,0.17923577,4840 AUC
4840,AUC,22.2222,0.18090311,4840 AUC
4840,AUC,23.3333,0.18257176,4840 AUC
4840,AUC,24.4444,0.18424146,4840 AUC
4840,AUC,25.5556,0.18591214,4840 AUC
4840,AUC,26.6667,0.18758328,4840 AUC
4840,AUC,27.7778,0.18925484,4840 AUC
4840,AUC,28.8889,0.19092664,4840 AUC
4840,AUC,30.0,0.19259852,4840 AUC
4840,AUC,31.1111,0.19427032,4840 AUC
4840,AUC,32.2222,0.19594191,4840 AUC
4840,AUC,33.3333,0.19761315,4840 AUC
4840,AUC,34.4444,0.19928392,4840 AUC
4840,AUC,35.5556,0.20095425,4840 AUC
4840,AUC,36.6667,0.20262374,4840 AUC
4840,AUC,37.7778,0.20429243,4840 AUC
4840,AUC,38.8889,0.20596024,4840 AUC
4840,AUC,40.0,0.20762707,4840 AUC
4840,AUC,41.1111,0.20929283,4840 AUC
4840,AUC,42.2222,0.21095746,4840 AUC
4840,AUC,43.3333,0.21262087,4840 AUC
4840,AUC,44.4444,0.21428299,4840 AUC
4840,AUC,45.5556,0.2159439,4840 AUC
4840,AUC,46.6667,0.21760325,4840 AUC
4840,AUC,47.7778,0.21926112,4840 AUC
4840,AUC,48.8889,0.22091746,4840 AUC
4840,AUC,50.0,0.2225722,4840 AUC
4840,AUC,51.1111,0.22422531,4840 AUC
4840,AUC,52.2222,0.22587672,4840 AUC
4840,AUC,53.3333,0.2275264,4840 AUC
4840,AUC,54.4444,0.22917429,4840 AUC
4840,AUC,55.5556,0.2308205,4840 AUC
4840,AUC,56.6667,0.2324647,4840 AUC
4840,AUC,57.7778,0.23410699,4840 AUC
4840,AUC,58.8889,0.23574734,4840 AUC
4840,AUC,60.0,0.23738571,4840 AUC
4840,AUC,62.2222,0.24065637,4840 AUC
4840,AUC,64.4444,0.24391873,4840 AUC
4840,AUC,66.6667,0.24717269,4840 AUC
4840,AUC,68.8889,0.25041775,4840 AUC
4840,AUC,71.1111,0.25365385,4840 AUC
4840,AUC,73.3333,0.2568808,4840 AUC
4840,AUC,75.5556,0.26009859,4840 AUC
4840,AUC,77.7778,0.26330677,4840 AUC
4840,AUC,80.0,0.26650533,4840 AUC
4840,AUC,82.2222,0.26969415,4840 AUC
4840,AUC,84.4444,0.27287311,4840 AUC
4840,AUC,86.6667,0.27604222,4840 AUC
4840,AUC,88.8889,0.27920111,4840 AUC
4840,AUC,91.1111,0.28234981,4840 AUC
4840,AUC,93.3333,0.28548824,4840 AUC
4840,AUC,95.5556,0.28861646,4840 AUC
4840,AUC,97.7778,0.2917341,4840 AUC
4840,AUC,100.0,0.29484124,4840 AUC
4840,MOV,0.0,0.1571107,4840 MOV
4840,MOV,0.2778,0.15825501,4840 MOV
4840,MOV,0.5556,0.15939776,4840 MOV
4840,MOV,0.8333,0.16053856,4840 MOV
4840,MOV,1.1111,0.16167821,4840 MOV
4840,MOV,1.3889,0.16281632,4840 MOV
4840,MOV,1.6667,0.16395288,4840 MOV
4840,MOV,1.9444,0.16508749,4840 MOV
4840,MOV,2.2222,0.16622097,4840 MOV
4840,MOV,2.5,0.16735291,4840 MOV
4840,MOV,2.7778,0.16848332,4840 MOV
4840,MOV,3.0556,0.16961219,4840 MOV
4840,MOV,3.3333,0.17073912,4840 MOV
4840,MOV,3.6111,0.17186493,4840 MOV
4840,MOV,3.8889,0.17298921,4840 MOV
4840,MOV,4.1667,0.17411196,4840 MOV
4840,MOV,4.4444,0.17523278,4840 MOV
4840,MOV,4.7222,0.17635249,4840 MOV
4840,MOV,5.0,0.17747067,4840 MOV
4840,MOV,5.2778,0.17858734,4840 MOV
4840,MOV,5.5556,0.17970249,4840 MOV
4840,MOV,5.8333,0.18081573,4840 MOV
4840,MOV,6.1111,0.18192786,4840 MOV
4840,MOV,6.3889,0.18303848,4840 MOV
4840,MOV,6.6667,0.18414759,4840 MOV
4840,MOV,6.9444,0.18525479,4840 MOV
4840,MOV,7.2222,0.18636089,4840 MOV
4840,MOV,7.5,0.18746549,4840 MOV
4840,MOV,7.7778,0.18856859,4840 MOV
4840,MOV,8.0556,0.18967019,4840 MOV
4840,MOV,8.3333,0.1907699,4840 MOV
4840,MOV,8.6111,0.19186851,4840 MOV
4840,MOV,8.8889,0.19296563,4840 MOV
4840,MOV,9.1667,0.19406127,4840 MOV
4840,MOV,9.4444,0.19515502,4840 MOV
4840,MOV,9.7222,0.19624768,4840 MOV
4840,MOV,10.0,0.19733885,4840 MOV
4840,MOV,10.5556,0.19951676,4840 MOV
4840,MOV,11.1111,0.20168838,4840 MOV
4840,MOV,11.6667,0.20385448,4840 MOV
4840,MOV,12.2222,0.20601433,4840 MOV
4840,MOV,12.7778,0.2081687,4840 MOV
4840,MOV,13.3333,0.21031684,4840 MOV
4840,MOV,13.8889,0.21245953,4840 MOV
4840,MOV,14.4444,0.21459603,4840 MOV
4840,MOV,15.0,0.21672712,4840 MOV
4840,MOV,15.5556,0.21885242,4840 MOV
4840,MOV,16.1111,0.22097158,4840 MOV
4840,MOV,16.6667,0.22308536,4840 MOV
4840,MOV,17.2222,0.22519304,4840 MOV
4840,MOV,17.7778,0.22729537,4840 MOV
4840,MOV,18.3333,0.22939162,4840 MOV
4840,MOV,18.8889,0.23148256,4840 MOV
4840,MOV,19.4444,0.23356745,4840 MOV
4840,MOV,20.0,0.23564706,4840 MOV
4840,MOV,21.1111,0.23978899,4840 MOV
4840,MOV,22.2222,0.24390848,4840 MOV
4840,MOV,23.3333,0.24800565,4840 MOV
4840,MOV,24.4444,0.25208061,4840 MOV
4840,MOV,25.5556,0.25613386,4840 MOV
4840,MOV,26.6667,0.26016478,4840 MOV
4840,MOV,27.7778,0.26417386,4840 MOV
4840,MOV,28.8889,0.26816121,4840 MOV
4840,MOV,30.0,0.27212695,4840 MOV
4840,MOV,31.1111,0.2760712,4840 MOV
4840,MOV,32.2222,0.27999408,4840 MOV
4840,MOV,33.3333,0.28389571,4840 MOV
4840,MOV,34.4444,0.28777619,4840 MOV
4840,MOV,35.5556,0.29163599,4840 MOV
4840,MOV,36.6667,0.29547452,4840 MOV
4840,MOV,37.7778,0.29929226,4840 MOV
4840,MOV,38.8889,0.30308931,4840 MOV
4840,MOV,40.0,0.30686578,4840 MOV
4840,MOV,41.1111,0.31062179,4840 MOV
4840,MOV,42.2222,0.31435745,4840 MOV
4840,MOV,43.3333,0.31807286,4840 MOV
4840,MOV,44.4444,0.32176814,4840 MOV
4840,MOV,45.5556,0.32544372,4840 MOV
4840,MOV,46.6667,0.32909906,4840 MOV
4840,MOV,47.7778,0.33273459,4840 MOV
4840,MOV,48.8889,0.33635042,4840 MOV
4840,MOV,50.0,0.33994665,4840 MOV
4840,MOV,51.1111,0.3435234,4840 MOV
4840,MOV,52.2222,0.34708076,4840 MOV
4840,MOV,53.3333,0.35061885,4840 MOV
4840,MOV,54.4444,0.35413777,4840 MOV
4840,MOV,55.5556,0.35763793,4840 MOV
4840,MOV,56.6667,0.36111881,4840 MOV
4840,MOV,57.7778,0.36458083,4840 MOV
4840,MOV,58.8889,0.36802409,4840 MOV
4840,MOV,60.0,0.37144869,4840 MOV
4840,MOV,62.2222,0.37824231,4840 MOV
4840,MOV,64.4444,0.38496251,4840 MOV
4840,MOV,66.6667,0.39161037,4840 MOV
4840,MOV,68.8889,0.39818608,4840 MOV
4840,MOV,71.1111,0.40469072,4840 MOV
4840,MOV,73.3333,0.41112506,4840 MOV
4840,MOV,75.5556,0.41749013,4840 MOV
4840,MOV,77.7778,0.42378612,4840 MOV
4840,MOV,80.0,0.43001407,4840 MOV
4840,MOV,82.2222,0.4361747,4840 MOV
4840,MOV,84.4444,0.44226874,4840 MOV
4840,MOV,86.6667,0.44829719,4840 MOV
4840,MOV,88.8889,0.4542602,4840 MOV
4840,MOV,91.1111,0.46015877,4840 MOV
4840,MOV,93.3333,0.46599358,4840 MOV
4840,MOV,95.5556,0.47176559,4840 MOV
4840,MOV,97.7778,0.47747495,4840 MOV
4840,MOV,100.0,0.48312261,4840 MOV
488,AUC,,,488 AUC
488,MOV,,,488 MOV
4894,AUC,0.0,0.21508306,4894 AUC
4894,AUC,0.2778,0.21573097,4894 AUC
4894,AUC,0.5556,0.21637834,4894 AUC
4894,AUC,0.8333,0.21702494,4894 AUC
4894,AUC,1.1111,0.21767125,4894 AUC
4894,AUC,1.3889,0.21831702,4894 AUC
4894,AUC,1.6667,0.21896225,4894 AUC
4894,AUC,1.9444,0.21960672,4894 AUC
4894,AUC,2.2222,0.22025089,4894 AUC
4894,AUC,2.5,0.22089453,4894 AUC
4894,AUC,2.6111,0.2211518,4894 AUC
4894,AUC,2.7222,0.22140897,4894 AUC
4894,AUC,2.8333,0.22166606,4894 AUC
4894,AUC,2.9444,0.22192307,4894 AUC
4894,AUC,3.0556,0.22218022,4894 AUC
4894,AUC,3.1667,0.22243706,4894 AUC
4894,AUC,3.2778,0.22269381,4894 AUC
4894,AUC,3.3889,0.22295048,4894 AUC
4894,AUC,3.5,0.22320706,4894 AUC
4894,AUC,3.6544,0.2235635,4894 AUC
4894,AUC,3.8089,0.22392001,4894 AUC
4894,AUC,3.9633,0.22427612,4894 AUC
4894,AUC,4.1178,0.2246323,4894 AUC
4894,AUC,4.2722,0.22498809,4894 AUC
4894,AUC,4.4267,0.22534394,4894 AUC
4894,AUC,4.5811,0.22569941,4894 AUC
4894,AUC,4.7356,0.22605493,4894 AUC
4894,AUC,4.89,0.22641007,4894 AUC
4894,AUC,5.1067,0.22690822,4894 AUC
4894,AUC,5.3233,0.22740583,4894 AUC
4894,AUC,5.54,0.22790334,4894 AUC
4894,AUC,5.7567,0.22840054,4894 AUC
4894,AUC,5.9733,0.22889718,4894 AUC
4894,AUC,6.19,0.22939374,4894 AUC
4894,AUC,6.4067,0.22988997,4894 AUC
4894,AUC,6.6233,0.23038566,4894 AUC
4894,AUC,6.84,0.23088125,4894 AUC
4894,AUC,7.1422,0.23157185,4894 AUC
4894,AUC,7.4444,0.23226184,4894 AUC
4894,AUC,7.7467,0.23295143,4894 AUC
4894,AUC,8.0489,0.23364017,4894 AUC
4894,AUC,8.3511,0.23432829,4894 AUC
4894,AUC,8.6533,0.2350158,4894 AUC
4894,AUC,8.9556,0.23570292,4894 AUC
4894,AUC,9.2578,0.23638919,4894 AUC
4894,AUC,9.56,0.23707485,4894 AUC
4894,AUC,9.9867,0.23804193,4894 AUC
4894,AUC,10.4133,0.23900756,4894 AUC
4894,AUC,10.84,0.2399722,4894 AUC
4894,AUC,11.2667,0.24093561,4894 AUC
4894,AUC,11.6933,0.24189757,4894 AUC
4894,AUC,12.12,0.24285855,4894 AUC
4894,AUC,12.5467,0.2438183,4894 AUC
4894,AUC,12.9733,0.24477661,4894 AUC
4894,AUC,13.4,0.24573393,4894 AUC
4894,AUC,13.9889,0.24705316,4894 AUC
4894,AUC,14.5778,0.24837009,4894 AUC
4894,AUC,15.1667,0.24968471,4894 AUC
4894,AUC,15.7556,0.25099703,4894 AUC
4894,AUC,16.3444,0.25230684,4894 AUC
4894,AUC,16.9333,0.25361457,4894 AUC
4894,AUC,17.5222,0.25492002,4894 AUC
4894,AUC,18.1111,0.25622319,4894 AUC
4894,AUC,18.7,0.25752407,4894 AUC
4894,AUC,19.5222,0.25933651,4894 AUC
4894,AUC,20.3444,0.26114453,4894 AUC
4894,AUC,21.1667,0.26294836,4894 AUC
4894,AUC,21.9889,0.26474756,4894 AUC
4894,AUC,22.8111,0.26654237,4894 AUC
4894,AUC,23.6333,0.2683328,4894 AUC
4894,AUC,24.4556,0.27011907,4894 AUC
4894,AUC,25.2778,0.27190077,4894 AUC
4894,AUC,26.1,0.27367812,4894 AUC
4894,AUC,27.2667,0.27619273,4894 AUC
4894,AUC,28.4333,0.27869842,4894 AUC
4894,AUC,29.6,0.28119565,4894 AUC
4894,AUC,30.7667,0.28368423,4894 AUC
4894,AUC,31.9333,0.28616399,4894 AUC
4894,AUC,33.1,0.28863537,4894 AUC
4894,AUC,34.2667,0.29109819,4894 AUC
4894,AUC,35.4333,0.29355228,4894 AUC
4894,AUC,36.6,0.29599809,4894 AUC
4894,AUC,38.2111,0.29936159,4894 AUC
4894,AUC,39.8222,0.30270902,4894 AUC
4894,AUC,41.4333,0.30604047,4894 AUC
4894,AUC,43.0444,0.30935599,4894 AUC
4894,AUC,44.6556,0.31265588,4894 AUC
4894,AUC,46.2667,0.3159398,4894 AUC
4894,AUC,47.8778,0.31920803,4894 AUC
4894,AUC,49.4889,0.32246064,4894 AUC
4894,AUC,51.1,0.32569771,4894 AUC
4894,AUC,53.3667,0.33022587,4894 AUC
4894,AUC,55.6333,0.33472342,4894 AUC
4894,AUC,57.9,0.33919097,4894 AUC
4894,AUC,60.1667,0.34362851,4894 AUC
4894,AUC,62.4333,0.34803607,4894 AUC
4894,AUC,64.7,0.35241422,4894 AUC
4894,AUC,66.9667,0.35676296,4894 AUC
4894,AUC,69.2333,0.36108232,4894 AUC
4894,AUC,71.5,0.36537285,4894 AUC
4894,AUC,74.6667,0.37131876,4894 AUC
4894,AUC,77.8333,0.37720878,4894 AUC
4894,AUC,81.0,0.3830438,4894 AUC
4894,AUC,84.1667,0.38882414,4894 AUC
4894,AUC,87.3333,0.39455015,4894 AUC
4894,AUC,90.5,0.4002227,4894 AUC
4894,AUC,93.6667,0.40584209,4894 AUC
4894,AUC,96.8333,0.41140866,4894 AUC
4894,AUC,100.0,0.41692326,4894 AUC
4894,MOV,0.0,0.11474672,4894 MOV
4894,MOV,0.2778,0.19670361,4894 MOV
4894,MOV,0.5556,0.20889039,4894 MOV
4894,MOV,0.8333,0.21684035,4894 MOV
4894,MOV,1.1111,0.2228873,4894 MOV
4894,MOV,1.3889,0.22782311,4894 MOV
4894,MOV,1.6667,0.23202265,4894 MOV
4894,MOV,1.9444,0.23569347,4894 MOV
4894,MOV,2.2222,0.23896726,4894 MOV
4894,MOV,2.5,0.24192837,4894 MOV
4894,MOV,2.6111,0.24303915,4894 MOV
4894,MOV,2.7222,0.24411273,4894 MOV
4894,MOV,2.8333,0.24515182,4894 MOV
4894,MOV,2.9444,0.2461588,4894 MOV
4894,MOV,3.0556,0.2471367,4894 MOV
4894,MOV,3.1667,0.24808568,4894 MOV
4894,MOV,3.2778,0.24900839,4894 MOV
4894,MOV,3.3889,0.2499064,4894 MOV
4894,MOV,3.5,0.25078117,4894 MOV
4894,MOV,3.6544,0.25196069,4894 MOV
4894,MOV,3.8089,0.25310172,4894 MOV
4894,MOV,3.9633,0.25420559,4894 MOV
4894,MOV,4.1178,0.25527626,4894 MOV
4894,MOV,4.2722,0.25631459,4894 MOV
4894,MOV,4.4267,0.25732397,4894 MOV
4894,MOV,4.5811,0.25830492,4894 MOV
4894,MOV,4.7356,0.25926037,4894 MOV
4894,MOV,4.89,0.2601906,4894 MOV
4894,MOV,5.1067,0.26145732,4894 MOV
4894,MOV,5.3233,0.26268119,4894 MOV
4894,MOV,5.54,0.26386637,4894 MOV
4894,MOV,5.7567,0.26501503,4894 MOV
4894,MOV,5.9733,0.26612909,4894 MOV
4894,MOV,6.19,0.26721177,4894 MOV
4894,MOV,6.4067,0.26826454,4894 MOV
4894,MOV,6.6233,0.26928873,4894 MOV
4894,MOV,6.84,0.27028692,4894 MOV
4894,MOV,7.1422,0.27163752,4894 MOV
4894,MOV,7.4444,0.27294315,4894 MOV
4894,MOV,7.7467,0.27420744,4894 MOV
4894,MOV,8.0489,0.27543246,4894 MOV
4894,MOV,8.3511,0.27662121,4894 MOV
4894,MOV,8.6533,0.27777603,4894 MOV
4894,MOV,8.9556,0.27889938,4894 MOV
4894,MOV,9.2578,0.27999243,4894 MOV
4894,MOV,9.56,0.28105729,4894 MOV
4894,MOV,9.9867,0.2825159,4894 MOV
4894,MOV,10.4133,0.28392514,4894 MOV
4894,MOV,10.84,0.28528923,4894 MOV
4894,MOV,11.2667,0.28661101,4894 MOV
4894,MOV,11.6933,0.28789303,4894 MOV
4894,MOV,12.12,0.28913843,4894 MOV
4894,MOV,12.5467,0.29034923,4894 MOV
4894,MOV,12.9733,0.29152725,4894 MOV
4894,MOV,13.4,0.29267492,4894 MOV
4894,MOV,13.9889,0.29421176,4894 MOV
4894,MOV,14.5778,0.29569767,4894 MOV
4894,MOV,15.1667,0.2971363,4894 MOV
4894,MOV,15.7556,0.29853089,4894 MOV
4894,MOV,16.3444,0.29988415,4894 MOV
4894,MOV,16.9333,0.30119916,4894 MOV
4894,MOV,17.5222,0.30247807,4894 MOV
4894,MOV,18.1111,0.30372303,4894 MOV
4894,MOV,18.7,0.304936,4894 MOV
4894,MOV,19.5222,0.30657936,4894 MOV
4894,MOV,20.3444,0.30816824,4894 MOV
4894,MOV,21.1667,0.30970671,4894 MOV
4894,MOV,21.9889,0.31119788,4894 MOV
4894,MOV,22.8111,0.31264508,4894 MOV
4894,MOV,23.6333,0.31405112,4894 MOV
4894,MOV,24.4556,0.31541869,4894 MOV
4894,MOV,25.2778,0.31674978,4894 MOV
4894,MOV,26.1,0.31804666,4894 MOV
4894,MOV,27.2667,0.31983192,4894 MOV
4894,MOV,28.4333,0.3215569,4894 MOV
4894,MOV,29.6,0.32322626,4894 MOV
4894,MOV,30.7667,0.32484376,4894 MOV
4894,MOV,31.9333,0.32641275,4894 MOV
4894,MOV,33.1,0.32793664,4894 MOV
4894,MOV,34.2667,0.32941811,4894 MOV
4894,MOV,35.4333,0.33085962,4894 MOV
4894,MOV,36.6,0.33226373,4894 MOV
4894,MOV,38.2111,0.33414492,4894 MOV
4894,MOV,39.8222,0.33596364,4894 MOV
4894,MOV,41.4333,0.33772437,4894 MOV
4894,MOV,43.0444,0.33943111,4894 MOV
4894,MOV,44.6556,0.34108754,4894 MOV
4894,MOV,46.2667,0.34269669,4894 MOV
4894,MOV,47.8778,0.34426158,4894 MOV
4894,MOV,49.4889,0.34578486,4894 MOV
4894,MOV,51.1,0.34726892,4894 MOV
4894,MOV,53.3667,0.3492947,4894 MOV
4894,MOV,55.6333,0.35125262,4894 MOV
4894,MOV,57.9,0.35314773,4894 MOV
4894,MOV,60.1667,0.35498433,4894 MOV
4894,MOV,62.4333,0.35676625,4894 MOV
4894,MOV,64.7,0.35849715,4894 MOV
4894,MOV,66.9667,0.36018013,4894 MOV
4894,MOV,69.2333,0.36181802,4894 MOV
4894,MOV,71.5,0.36341356,4894 MOV
4894,MOV,74.6667,0.3655761,4894 MOV
4894,MOV,77.8333,0.36766629,4894 MOV
4894,MOV,81.0,0.36968948,4894 MOV
4894,MOV,84.1667,0.37165026,4894 MOV
4894,MOV,87.3333,0.37355272,4894 MOV
4894,MOV,90.5,0.37540074,4894 MOV
4894,MOV,93.6667,0.37719763,4894 MOV
4894,MOV,96.8333,0.37894643,4894 MOV
4894,MOV,100.0,0.38065002,4894 MOV
4895,AUC,,,4895 AUC
4895,MOV,,,4895 MOV
4896,AUC,0.0,0.14121762,4896 AUC
4896,AUC,0.2778,0.16544418,4896 AUC
4896,AUC,0.5556,0.17786915,4896 AUC
4896,AUC,0.8333,0.18725357,4896 AUC
4896,AUC,1.1111,0.19500116,4896 AUC
4896,AUC,1.3889,0.20168231,4896 AUC
4896,AUC,1.6667,0.2076004,4896 AUC
4896,AUC,1.9444,0.21293706,4896 AUC
4896,AUC,2.2222,0.21781699,4896 AUC
4896,AUC,2.5,0.22232277,4896 AUC
4896,AUC,2.6111,0.22403444,4896 AUC
4896,AUC,2.7222,0.22569954,4896 AUC
4896,AUC,2.8333,0.22732097,4896 AUC
4896,AUC,2.9444,0.22890134,4896 AUC
4896,AUC,3.0556,0.23044437,4896 AUC
4896,AUC,3.1667,0.23194947,4896 AUC
4896,AUC,3.2778,0.23342,4896 AUC
4896,AUC,3.3889,0.23485776,4896 AUC
4896,AUC,3.5,0.23626442,4896 AUC
4896,AUC,3.6544,0.23817049,4896 AUC
4896,AUC,3.8089,0.24002432,4896 AUC
4896,AUC,3.9633,0.24182687,4896 AUC
4896,AUC,4.1178,0.24358351,4896 AUC
4896,AUC,4.2722,0.2452947,4896 AUC
4896,AUC,4.4267,0.24696517,4896 AUC
4896,AUC,4.5811,0.24859503,4896 AUC
4896,AUC,4.7356,0.25018849,4896 AUC
4896,AUC,4.89,0.25174539,4896 AUC
4896,AUC,5.1067,0.25387396,4896 AUC
4896,AUC,5.3233,0.25593952,4896 AUC
4896,AUC,5.54,0.25794798,4896 AUC
4896,AUC,5.7567,0.25990194,4896 AUC
4896,AUC,5.9733,0.26180379,4896 AUC
4896,AUC,6.19,0.26365823,4896 AUC
4896,AUC,6.4067,0.26546707,4896 AUC
4896,AUC,6.6233,0.26723196,4896 AUC
4896,AUC,6.84,0.26895678,4896 AUC
4896,AUC,7.1422,0.27129774,4896 AUC
4896,AUC,7.4444,0.27356829,4896 AUC
4896,AUC,7.7467,0.27577372,4896 AUC
4896,AUC,8.0489,0.27791671,4896 AUC
4896,AUC,8.3511,0.28000171,4896 AUC
4896,AUC,8.6533,0.28203213,4896 AUC
4896,AUC,8.9556,0.28401169,4896 AUC
4896,AUC,9.2578,0.2859419,4896 AUC
4896,AUC,9.56,0.287826,4896 AUC
4896,AUC,9.9867,0.29041235,4896 AUC
4896,AUC,10.4133,0.29291695,4896 AUC
4896,AUC,10.84,0.29534639,4896 AUC
4896,AUC,11.2667,0.29770495,4896 AUC
4896,AUC,11.6933,0.29999649,4896 AUC
4896,AUC,12.12,0.30222606,4896 AUC
4896,AUC,12.5467,0.30439673,4896 AUC
4896,AUC,12.9733,0.30651132,4896 AUC
4896,AUC,13.4,0.30857384,4896 AUC
4896,AUC,13.9889,0.3113391,4896 AUC
4896,AUC,14.5778,0.31401606,4896 AUC
4896,AUC,15.1667,0.31661061,4896 AUC
4896,AUC,15.7556,0.31912808,4896 AUC
4896,AUC,16.3444,0.32157285,4896 AUC
4896,AUC,16.9333,0.32395007,4896 AUC
4896,AUC,17.5222,0.3262633,4896 AUC
4896,AUC,18.1111,0.32851611,4896 AUC
4896,AUC,18.7,0.33071182,4896 AUC
4896,AUC,19.5222,0.33368752,4896 AUC
4896,AUC,20.3444,0.33656521,4896 AUC
4896,AUC,21.1667,0.33935187,4896 AUC
4896,AUC,21.9889,0.3420528,4896 AUC
4896,AUC,22.8111,0.34467376,4896 AUC
4896,AUC,23.6333,0.34721961,4896 AUC
4896,AUC,24.4556,0.34969508,4896 AUC
4896,AUC,25.2778,0.35210363,4896 AUC
4896,AUC,26.1,0.35444923,4896 AUC
4896,AUC,27.2667,0.35767618,4896 AUC
4896,AUC,28.4333,0.36079163,4896 AUC
4896,AUC,29.6,0.36380393,4896 AUC
4896,AUC,30.7667,0.36671977,4896 AUC
4896,AUC,31.9333,0.36954519,4896 AUC
4896,AUC,33.1,0.37228633,4896 AUC
4896,AUC,34.2667,0.37494808,4896 AUC
4896,AUC,35.4333,0.37753489,4896 AUC
4896,AUC,36.6,0.38005146,4896 AUC
4896,AUC,38.2111,0.3834179,4896 AUC
4896,AUC,39.8222,0.38666659,4896 AUC
4896,AUC,41.4333,0.3898058,4896 AUC
4896,AUC,43.0444,0.39284291,4896 AUC
4896,AUC,44.6556,0.39578477,4896 AUC
4896,AUC,46.2667,0.39863701,4896 AUC
4896,AUC,47.8778,0.40140527,4896 AUC
4896,AUC,49.4889,0.40409449,4896 AUC
4896,AUC,51.1,0.4067092,4896 AUC
4896,AUC,53.3667,0.41026961,4896 AUC
4896,AUC,55.6333,0.41370088,4896 AUC
4896,AUC,57.9,0.41701255,4896 AUC
4896,AUC,60.1667,0.42021274,4896 AUC
4896,AUC,62.4333,0.42330872,4896 AUC
4896,AUC,64.7,0.42630747,4896 AUC
4896,AUC,66.9667,0.42921489,4896 AUC
4896,AUC,69.2333,0.43203635,4896 AUC
4896,AUC,71.5,0.43477712,4896 AUC
4896,AUC,74.6667,0.43847938,4896 AUC
4896,AUC,77.8333,0.44204388,4896 AUC
4896,AUC,81.0,0.44548083,4896 AUC
4896,AUC,84.1667,0.44879905,4896 AUC
4896,AUC,87.3333,0.45200644,4896 AUC
4896,AUC,90.5,0.45511042,4896 AUC
4896,AUC,93.6667,0.4581174,4896 AUC
4896,AUC,96.8333,0.46103321,4896 AUC
4896,AUC,100.0,0.4638634,4896 AUC
4896,MOV,0.0,1e-05,4896 MOV
4896,MOV,0.2778,0.09151092,4896 MOV
4896,MOV,0.5556,0.10525006,4896 MOV
4896,MOV,0.8333,0.11422159,4896 MOV
4896,MOV,1.1111,0.12104988,4896 MOV
4896,MOV,1.3889,0.12662605,4896 MOV
4896,MOV,1.6667,0.1313722,4896 MOV
4896,MOV,1.9444,0.13552207,4896 MOV
4896,MOV,2.2222,0.13922406,4896 MOV
4896,MOV,2.5,0.14257325,4896 MOV
4896,MOV,2.6111,0.14382979,4896 MOV
4896,MOV,2.7222,0.14504435,4896 MOV
4896,MOV,2.8333,0.14621997,4896 MOV
4896,MOV,2.9444,0.14735935,4896 MOV
4896,MOV,3.0556,0.14846589,4896 MOV
4896,MOV,3.1667,0.14953979,4896 MOV
4896,MOV,3.2778,0.15058402,4896 MOV
4896,MOV,3.3889,0.15160037,4896 MOV
4896,MOV,3.5,0.15259047,4896 MOV
4896,MOV,3.6544,0.15392559,4896 MOV
4896,MOV,3.8089,0.15521724,4896 MOV
4896,MOV,3.9633,0.15646692,4896 MOV
4896,MOV,4.1178,0.15767911,4896 MOV
4896,MOV,4.2722,0.15885476,4896 MOV
4896,MOV,4.4267,0.1599977,4896 MOV
4896,MOV,4.5811,0.16110851,4896 MOV
4896,MOV,4.7356,0.16219053,4896 MOV
4896,MOV,4.89,0.16324405,4896 MOV
4896,MOV,5.1067,0.16467875,4896 MOV
4896,MOV,5.3233,0.16606502,4896 MOV
4896,MOV,5.54,0.16740757,4896 MOV
4896,MOV,5.7567,0.16870884,4896 MOV
4896,MOV,5.9733,0.169971,4896 MOV
4896,MOV,6.19,0.1711977,4896 MOV
4896,MOV,6.4067,0.17239058,4896 MOV
4896,MOV,6.6233,0.17355115,4896 MOV
4896,MOV,6.84,0.17468232,4896 MOV
4896,MOV,7.1422,0.17621296,4896 MOV
4896,MOV,7.4444,0.17769274,4896 MOV
4896,MOV,7.7467,0.17912579,4896 MOV
4896,MOV,8.0489,0.18051441,4896 MOV
4896,MOV,8.3511,0.18186202,4896 MOV
4896,MOV,8.6533,0.18317124,4896 MOV
4896,MOV,8.9556,0.18444487,4896 MOV
4896,MOV,9.2578,0.18568422,4896 MOV
4896,MOV,9.56,0.18689169,4896 MOV
4896,MOV,9.9867,0.18854574,4896 MOV
4896,MOV,10.4133,0.19014394,4896 MOV
4896,MOV,10.84,0.19169104,4896 MOV
4896,MOV,11.2667,0.19319027,4896 MOV
4896,MOV,11.6933,0.19464449,4896 MOV
4896,MOV,12.12,0.19605728,4896 MOV
4896,MOV,12.5467,0.1974309,4896 MOV
4896,MOV,12.9733,0.19876741,4896 MOV
4896,MOV,13.4,0.20006958,4896 MOV
4896,MOV,13.9889,0.20181341,4896 MOV
4896,MOV,14.5778,0.20349958,4896 MOV
4896,MOV,15.1667,0.20513222,4896 MOV
4896,MOV,15.7556,0.206715,4896 MOV
4896,MOV,16.3444,0.20825097,4896 MOV
4896,MOV,16.9333,0.20974362,4896 MOV
4896,MOV,17.5222,0.21119539,4896 MOV
4896,MOV,18.1111,0.2126087,4896 MOV
4896,MOV,18.7,0.21398579,4896 MOV
4896,MOV,19.5222,0.21585162,4896 MOV
4896,MOV,20.3444,0.21765573,4896 MOV
4896,MOV,21.1667,0.21940273,4896 MOV
4896,MOV,21.9889,0.22109615,4896 MOV
4896,MOV,22.8111,0.22273973,4896 MOV
4896,MOV,23.6333,0.22433667,4896 MOV
4896,MOV,24.4556,0.22589003,4896 MOV
4896,MOV,25.2778,0.22740204,4896 MOV
4896,MOV,26.1,0.22887527,4896 MOV
4896,MOV,27.2667,0.23090343,4896 MOV
4896,MOV,28.4333,0.23286326,4896 MOV
4896,MOV,29.6,0.23476005,4896 MOV
4896,MOV,30.7667,0.23659803,4896 MOV
4896,MOV,31.9333,0.23838101,4896 MOV
4896,MOV,33.1,0.24011286,4896 MOV
4896,MOV,34.2667,0.24179661,4896 MOV
4896,MOV,35.4333,0.24343503,4896 MOV
4896,MOV,36.6,0.24503106,4896 MOV
4896,MOV,38.2111,0.2471695,4896 MOV
4896,MOV,39.8222,0.24923708,4896 MOV
4896,MOV,41.4333,0.25123889,4896 MOV
4896,MOV,43.0444,0.25317945,4896 MOV
4896,MOV,44.6556,0.25506294,4896 MOV
4896,MOV,46.2667,0.25689279,4896 MOV
4896,MOV,47.8778,0.25867241,4896 MOV
4896,MOV,49.4889,0.26040482,4896 MOV
4896,MOV,51.1,0.26209273,4896 MOV
4896,MOV,53.3667,0.26439691,4896 MOV
4896,MOV,55.6333,0.26662407,4896 MOV
4896,MOV,57.9,0.26877996,4896 MOV
4896,MOV,60.1667,0.27086942,4896 MOV
4896,MOV,62.4333,0.2728968,4896 MOV
4896,MOV,64.7,0.27486626,4896 MOV
4896,MOV,66.9667,0.27678133,4896 MOV
4896,MOV,69.2333,0.27864519,4896 MOV
4896,MOV,71.5,0.28046097,4896 MOV
4896,MOV,74.6667,0.28292218,4896 MOV
4896,MOV,77.8333,0.28530122,4896 MOV
4896,MOV,81.0,0.28760418,4896 MOV
4896,MOV,84.1667,0.28983623,4896 MOV
4896,MOV,87.3333,0.29200205,4896 MOV
4896,MOV,90.5,0.29410602,4896 MOV
4896,MOV,93.6667,0.29615192,4896 MOV
4896,MOV,96.8333,0.29814317,4896 MOV
4896,MOV,100.0,0.30008305,4896 MOV
4897,AUC,0.0,0.21435739,4897 AUC
4897,AUC,0.2778,0.21440722,4897 AUC
4897,AUC,0.5556,0.21451042,4897 AUC
4897,AUC,0.8333,0.21465209,4897 AUC
4897,AUC,1.1111,0.21482635,4897 AUC
4897,AUC,1.3889,0.21502949,4897 AUC
4897,AUC,1.6667,0.21525891,4897 AUC
4897,AUC,1.9444,0.21551254,4897 AUC
4897,AUC,2.2222,0.21578898,4897 AUC
4897,AUC,2.5,0.21608684,4897 AUC
4897,AUC,2.6111,0.2162117,4897 AUC
4897,AUC,2.7222,0.21633974,4897 AUC
4897,AUC,2.8333,0.2164709,4897 AUC
4897,AUC,2.9444,0.21660513,4897 AUC
4897,AUC,3.0556,0.21674249,4897 AUC
4897,AUC,3.1667,0.21688268,4897 AUC
4897,AUC,3.2778,0.21702577,4897 AUC
4897,AUC,3.3889,0.21717173,4897 AUC
4897,AUC,3.5,0.21732049,4897 AUC
4897,AUC,3.6544,0.21753182,4897 AUC
4897,AUC,3.8089,0.21774853,4897 AUC
4897,AUC,3.9633,0.21797023,4897 AUC
4897,AUC,4.1178,0.2181971,4897 AUC
4897,AUC,4.2722,0.21842875,4897 AUC
4897,AUC,4.4267,0.2186654,4897 AUC
4897,AUC,4.5811,0.21890664,4897 AUC
4897,AUC,4.7356,0.21915271,4897 AUC
4897,AUC,4.89,0.2194032,4897 AUC
4897,AUC,5.1067,0.21976235,4897 AUC
4897,AUC,5.3233,0.22012999,4897 AUC
4897,AUC,5.54,0.22050627,4897 AUC
4897,AUC,5.7567,0.22089084,4897 AUC
4897,AUC,5.9733,0.22128334,4897 AUC
4897,AUC,6.19,0.22168396,4897 AUC
4897,AUC,6.4067,0.22209236,4897 AUC
4897,AUC,6.6233,0.22250818,4897 AUC
4897,AUC,6.84,0.22293167,4897 AUC
4897,AUC,7.1422,0.22353446,4897 AUC
4897,AUC,7.4444,0.22415113,4897 AUC
4897,AUC,7.7467,0.22478155,4897 AUC
4897,AUC,8.0489,0.22542495,4897 AUC
4897,AUC,8.3511,0.22608122,4897 AUC
4897,AUC,8.6533,0.22675006,4897 AUC
4897,AUC,8.9556,0.22743139,4897 AUC
4897,AUC,9.2578,0.22812448,4897 AUC
4897,AUC,9.56,0.22882929,4897 AUC
4897,AUC,9.9867,0.2298439,4897 AUC
4897,AUC,10.4133,0.23088039,4897 AUC
4897,AUC,10.84,0.23193858,4897 AUC
4897,AUC,11.2667,0.23301758,4897 AUC
4897,AUC,11.6933,0.23411654,4897 AUC
4897,AUC,12.12,0.23523537,4897 AUC
4897,AUC,12.5467,0.23637326,4897 AUC
4897,AUC,12.9733,0.23752941,4897 AUC
4897,AUC,13.4,0.23870384,4897 AUC
4897,AUC,13.9889,0.24035337,4897 AUC
4897,AUC,14.5778,0.24203502,4897 AUC
4897,AUC,15.1667,0.2437476,4897 AUC
4897,AUC,15.7556,0.24548997,4897 AUC
4897,AUC,16.3444,0.24726076,4897 AUC
4897,AUC,16.9333,0.24905953,4897 AUC
4897,AUC,17.5222,0.250885,4897 AUC
4897,AUC,18.1111,0.25273621,4897 AUC
4897,AUC,18.7,0.25461224,4897 AUC
4897,AUC,19.5222,0.25727138,4897 AUC
4897,AUC,20.3444,0.25997493,4897 AUC
4897,AUC,21.1667,0.26272106,4897 AUC
4897,AUC,21.9889,0.26550704,4897 AUC
4897,AUC,22.8111,0.26833125,4897 AUC
4897,AUC,23.6333,0.2711918,4897 AUC
4897,AUC,24.4556,0.27408726,4897 AUC
4897,AUC,25.2778,0.27701521,4897 AUC
4897,AUC,26.1,0.27997437,4897 AUC
4897,AUC,27.2667,0.28422389,4897 AUC
4897,AUC,28.4333,0.28852843,4897 AUC
4897,AUC,29.6,0.29288469,4897 AUC
4897,AUC,30.7667,0.29728849,4897 AUC
4897,AUC,31.9333,0.30173582,4897 AUC
4897,AUC,33.1,0.30622401,4897 AUC
4897,AUC,34.2667,0.31074943,4897 AUC
4897,AUC,35.4333,0.31530858,4897 AUC
4897,AUC,36.6,0.31989932,4897 AUC
4897,AUC,38.2111,0.32628477,4897 AUC
4897,AUC,39.8222,0.33271741,4897 AUC
4897,AUC,41.4333,0.33919069,4897 AUC
4897,AUC,43.0444,0.3456985,4897 AUC
4897,AUC,44.6556,0.35223552,4897 AUC
4897,AUC,46.2667,0.35879555,4897 AUC
4897,AUC,47.8778,0.36537393,4897 AUC
4897,AUC,49.4889,0.3719659,4897 AUC
4897,AUC,51.1,0.37856701,4897 AUC
4897,AUC,53.3667,0.3878617,4897 AUC
4897,AUC,55.6333,0.39715488,4897 AUC
4897,AUC,57.9,0.40643736,4897 AUC
4897,AUC,60.1667,0.41569955,4897 AUC
4897,AUC,62.4333,0.42493261,4897 AUC
4897,AUC,64.7,0.43412963,4897 AUC
4897,AUC,66.9667,0.44328308,4897 AUC
4897,AUC,69.2333,0.45238606,4897 AUC
4897,AUC,71.5,0.46143341,4897 AUC
4897,AUC,74.6667,0.47396894,4897 AUC
4897,AUC,77.8333,0.48637078,4897 AUC
4897,AUC,81.0,0.49862794,4897 AUC
4897,AUC,84.1667,0.51072976,4897 AUC
4897,AUC,87.3333,0.52266689,4897 AUC
4897,AUC,90.5,0.53443234,4897 AUC
4897,AUC,93.6667,0.54601905,4897 AUC
4897,AUC,96.8333,0.55742099,4897 AUC
4897,AUC,100.0,0.56863409,4897 AUC
4897,MOV,,,4897 MOV
4898,AUC,0.0,0.20056863,4898 AUC
4898,AUC,0.2778,0.22341027,4898 AUC
4898,AUC,0.5556,0.23153226,4898 AUC
4898,AUC,0.8333,0.23728353,4898 AUC
4898,AUC,1.1111,0.24186432,4898 AUC
4898,AUC,1.3889,0.24572124,4898 AUC
4898,AUC,1.6667,0.24907868,4898 AUC
4898,AUC,1.9444,0.25206599,4898 AUC
4898,AUC,2.2222,0.25476859,4898 AUC
4898,AUC,2.5,0.25724221,4898 AUC
4898,AUC,2.6111,0.25817689,4898 AUC
4898,AUC,2.7222,0.25908367,4898 AUC
4898,AUC,2.8333,0.25996441,4898 AUC
4898,AUC,2.9444,0.26082078,4898 AUC
4898,AUC,3.0556,0.26165503,4898 AUC
4898,AUC,3.1667,0.26246704,4898 AUC
4898,AUC,3.2778,0.26325879,4898 AUC
4898,AUC,3.3889,0.26403142,4898 AUC
4898,AUC,3.5,0.26478597,4898 AUC
4898,AUC,3.6544,0.26580633,4898 AUC
4898,AUC,3.8089,0.26679653,4898 AUC
4898,AUC,3.9633,0.26775733,4898 AUC
4898,AUC,4.1178,0.26869185,4898 AUC
4898,AUC,4.2722,0.26960053,4898 AUC
4898,AUC,4.4267,0.27048607,4898 AUC
4898,AUC,4.5811,0.2713487,4898 AUC
4898,AUC,4.7356,0.27219078,4898 AUC
4898,AUC,4.89,0.27301237,4898 AUC
4898,AUC,5.1067,0.27413384,4898 AUC
4898,AUC,5.3233,0.27522021,4898 AUC
4898,AUC,5.54,0.27627484,4898 AUC
4898,AUC,5.7567,0.27729931,4898 AUC
4898,AUC,5.9733,0.27829508,4898 AUC
4898,AUC,6.19,0.27926476,4898 AUC
4898,AUC,6.4067,0.28020945,4898 AUC
4898,AUC,6.6233,0.28113014,4898 AUC
4898,AUC,6.84,0.28202898,4898 AUC
4898,AUC,7.1422,0.28324749,4898 AUC
4898,AUC,7.4444,0.28442785,4898 AUC
4898,AUC,7.7467,0.28557305,4898 AUC
4898,AUC,8.0489,0.28668465,4898 AUC
4898,AUC,8.3511,0.28776515,4898 AUC
4898,AUC,8.6533,0.28881642,4898 AUC
4898,AUC,8.9556,0.28984054,4898 AUC
4898,AUC,9.2578,0.29083838,4898 AUC
4898,AUC,9.56,0.29181173,4898 AUC
4898,AUC,9.9867,0.29314688,4898 AUC
4898,AUC,10.4133,0.29443881,4898 AUC
4898,AUC,10.84,0.29569112,4898 AUC
4898,AUC,11.2667,0.29690615,4898 AUC
4898,AUC,11.6933,0.29808603,4898 AUC
4898,AUC,12.12,0.29923346,4898 AUC
4898,AUC,12.5467,0.30035013,4898 AUC
4898,AUC,12.9733,0.30143756,4898 AUC
4898,AUC,13.4,0.30249789,4898 AUC
4898,AUC,13.9889,0.30391907,4898 AUC
4898,AUC,14.5778,0.30529448,4898 AUC
4898,AUC,15.1667,0.30662726,4898 AUC
4898,AUC,15.7556,0.30792025,4898 AUC
4898,AUC,16.3444,0.30917578,4898 AUC
4898,AUC,16.9333,0.31039656,4898 AUC
4898,AUC,17.5222,0.31158447,4898 AUC
4898,AUC,18.1111,0.3127414,4898 AUC
4898,AUC,18.7,0.31386908,4898 AUC
4898,AUC,19.5222,0.31539754,4898 AUC
4898,AUC,20.3444,0.31687596,4898 AUC
4898,AUC,21.1667,0.31830796,4898 AUC
4898,AUC,21.9889,0.31969632,4898 AUC
4898,AUC,22.8111,0.32104401,4898 AUC
4898,AUC,23.6333,0.32235355,4898 AUC
4898,AUC,24.4556,0.32362739,4898 AUC
4898,AUC,25.2778,0.32486731,4898 AUC
4898,AUC,26.1,0.32607537,4898 AUC
4898,AUC,27.2667,0.32773827,4898 AUC
4898,AUC,28.4333,0.32934483,4898 AUC
4898,AUC,29.6,0.33089931,4898 AUC
4898,AUC,30.7667,0.33240515,4898 AUC
4898,AUC,31.9333,0.33386541,4898 AUC
4898,AUC,33.1,0.33528323,4898 AUC
4898,AUC,34.2667,0.33666109,4898 AUC
4898,AUC,35.4333,0.33800126,4898 AUC
4898,AUC,36.6,0.33930611,4898 AUC
4898,AUC,38.2111,0.34105336,4898 AUC
4898,AUC,39.8222,0.34274147,4898 AUC
4898,AUC,41.4333,0.34437462,4898 AUC
4898,AUC,43.0444,0.34595652,4898 AUC
4898,AUC,44.6556,0.34749064,4898 AUC
4898,AUC,46.2667,0.34897979,4898 AUC
4898,AUC,47.8778,0.35042683,4898 AUC
4898,AUC,49.4889,0.35183423,4898 AUC
4898,AUC,51.1,0.35320426,4898 AUC
4898,AUC,53.3667,0.35507247,4898 AUC
4898,AUC,55.6333,0.35687592,4898 AUC
4898,AUC,57.9,0.35861939,4898 AUC
4898,AUC,60.1667,0.36030693,4898 AUC
4898,AUC,62.4333,0.36194219,4898 AUC
4898,AUC,64.7,0.36352865,4898 AUC
4898,AUC,66.9667,0.36506927,4898 AUC
4898,AUC,69.2333,0.36656671,4898 AUC
4898,AUC,71.5,0.36802362,4898 AUC
4898,AUC,74.6667,0.36999529,4898 AUC
4898,AUC,77.8333,0.37189767,4898 AUC
4898,AUC,81.0,0.37373588,4898 AUC
4898,AUC,84.1667,0.37551429,4898 AUC
4898,AUC,87.3333,0.37723686,4898 AUC
4898,AUC,90.5,0.37890727,4898 AUC
4898,AUC,93.6667,0.38052872,4898 AUC
4898,AUC,96.8333,0.38210412,4898 AUC
4898,AUC,100.0,0.38363624,4898 AUC
4898,MOV,,,4898 MOV
4899,AUC,,,4899 AUC
4899,MOV,,,4899 MOV
49,AUC,0.0,0.33008941,49 AUC
49,AUC,0.1111,0.33008966,49 AUC
49,AUC,0.2222,0.3300899,49 AUC
49,AUC,0.3333,0.33009015,49 AUC
49,AUC,0.4444,0.33009039,49 AUC
49,AUC,0.5556,0.33009064,49 AUC
49,AUC,0.6667,0.33009088,49 AUC
49,AUC,0.7778,0.33009113,49 AUC
49,AUC,0.8889,0.33009138,49 AUC
49,AUC,1.0,0.33009162,49 AUC
49,AUC,1.4444,0.3300926,49 AUC
49,AUC,1.8889,0.33009359,49 AUC
49,AUC,2.3333,0.33009457,49 AUC
49,AUC,2.7778,0.33009555,49 AUC
49,AUC,3.2222,0.33009654,49 AUC
49,AUC,3.6667,0.33009752,49 AUC
49,AUC,4.1111,0.3300985,49 AUC
49,AUC,4.5556,0.33009948,49 AUC
49,AUC,5.0,0.33010047,49 AUC
49,AUC,5.6889,0.33010199,49 AUC
49,AUC,6.3778,0.33010351,49 AUC
49,AUC,7.0667,0.33010504,49 AUC
49,AUC,7.7556,0.33010656,49 AUC
49,AUC,8.4444,0.33010808,49 AUC
49,AUC,9.1333,0.33010961,49 AUC
49,AUC,9.8222,0.33011113,49 AUC
49,AUC,10.5111,0.33011265,49 AUC
49,AUC,11.2,0.33011418,49 AUC
49,MOV,,,49 MOV
4900,AUC,,,4900 AUC
4900,MOV,,,4900 MOV
4901,AUC,0.0,0.04920701,4901 AUC
4901,AUC,0.1111,0.11359944,4901 AUC
4901,AUC,0.2222,0.12331068,4901 AUC
4901,AUC,0.3333,0.12965685,4901 AUC
4901,AUC,0.4444,0.13448647,4901 AUC
4901,AUC,0.5556,0.13843465,4901 AUC
4901,AUC,0.6667,0.14179253,4901 AUC
4901,AUC,0.7778,0.14473005,4901 AUC
4901,AUC,0.8889,0.14734993,4901 AUC
4901,AUC,1.0,0.14972043,4901 AUC
4901,AUC,1.04,0.15052251,4901 AUC
4901,AUC,1.08,0.15130036,4901 AUC
4901,AUC,1.12,0.15205556,4901 AUC
4901,AUC,1.16,0.15278956,4901 AUC
4901,AUC,1.2,0.15350364,4901 AUC
4901,AUC,1.24,0.15419899,4901 AUC
4901,AUC,1.28,0.15487668,4901 AUC
4901,AUC,1.32,0.15553769,4901 AUC
4901,AUC,1.36,0.15618291,4901 AUC
4901,AUC,1.4156,0.15705509,4901 AUC
4901,AUC,1.4711,0.15789888,4901 AUC
4901,AUC,1.5267,0.1587191,4901 AUC
4901,AUC,1.5822,0.15951443,4901 AUC
4901,AUC,1.6378,0.16028919,4901 AUC
4901,AUC,1.6933,0.16104191,4901 AUC
4901,AUC,1.7489,0.16177652,4901 AUC
4901,AUC,1.8044,0.16249146,4901 AUC
4901,AUC,1.86,0.16319032,4901 AUC
4901,AUC,1.9344,0.16409989,4901 AUC
4901,AUC,2.0089,0.16498313,4901 AUC
4901,AUC,2.0833,0.16583951,4901 AUC
4901,AUC,2.1578,0.16667293,4901 AUC
4901,AUC,2.2322,0.16748264,4901 AUC
4901,AUC,2.3067,0.16827216,4901 AUC
4901,AUC,2.3811,0.16904058,4901 AUC
4901,AUC,2.4556,0.16979109,4901 AUC
4901,AUC,2.53,0.17052268,4901 AUC
4901,AUC,2.6311,0.1714898,4901 AUC
4901,AUC,2.7322,0.17242774,4901 AUC
4901,AUC,2.8333,0.17333839,4901 AUC
4901,AUC,2.9344,0.17422349,4901 AUC
4901,AUC,3.0356,0.17508544,4901 AUC
4901,AUC,3.1367,0.17592396,4901 AUC
4901,AUC,3.2378,0.17674119,4901 AUC
4901,AUC,3.3389,0.17753832,4901 AUC
4901,AUC,3.44,0.17831644,4901 AUC
4901,AUC,3.5789,0.17935627,4901 AUC
4901,AUC,3.7178,0.1803644,4901 AUC
4901,AUC,3.8567,0.18134294,4901 AUC
4901,AUC,3.9956,0.18229376,4901 AUC
4901,AUC,4.1344,0.18321793,4901 AUC
4901,AUC,4.2733,0.18411832,4901 AUC
4901,AUC,4.4122,0.18499566,4901 AUC
4901,AUC,4.5511,0.18585125,4901 AUC
4901,AUC,4.69,0.18668627,4901 AUC
4901,AUC,4.8789,0.18779078,4901 AUC
4901,AUC,5.0678,0.1888617,4901 AUC
4901,AUC,5.2567,0.18990125,4901 AUC
4901,AUC,5.4456,0.19091143,4901 AUC
4901,AUC,5.6344,0.19189352,4901 AUC
4901,AUC,5.8233,0.19285021,4901 AUC
4901,AUC,6.0122,0.19378247,4901 AUC
4901,AUC,6.2011,0.19469166,4901 AUC
4901,AUC,6.39,0.19557902,4901 AUC
4901,AUC,6.6478,0.19675689,4901 AUC
4901,AUC,6.9056,0.19789888,4901 AUC
4901,AUC,7.1633,0.19900694,4901 AUC
4901,AUC,7.4211,0.20008407,4901 AUC
4901,AUC,7.6789,0.20113176,4901 AUC
4901,AUC,7.9367,0.20215176,4901 AUC
4901,AUC,8.1944,0.2031453,4901 AUC
4901,AUC,8.4522,0.2041146,4901 AUC
4901,AUC,8.71,0.2050606,4901 AUC
4901,AUC,9.0644,0.20632529,4901 AUC
4901,AUC,9.4189,0.20755148,4901 AUC
4901,AUC,9.7733,0.20874107,4901 AUC
4901,AUC,10.1278,0.20989707,4901 AUC
4901,AUC,10.4822,0.21102092,4901 AUC
4901,AUC,10.8367,0.21211517,4901 AUC
4901,AUC,11.1911,0.21318095,4901 AUC
4901,AUC,11.5456,0.21422043,4901 AUC
4901,AUC,11.9,0.21523447,4901 AUC
4901,AUC,12.3778,0.21656416,4901 AUC
4901,AUC,12.8556,0.21785351,4901 AUC
4901,AUC,13.3333,0.21910495,4901 AUC
4901,AUC,13.8111,0.22032137,4901 AUC
4901,AUC,14.2889,0.22150469,4901 AUC
4901,AUC,14.7667,0.22265685,4901 AUC
4901,AUC,15.2444,0.22377943,4901 AUC
4901,AUC,15.7222,0.22487452,4901 AUC
4901,AUC,16.2,0.22594339,4901 AUC
4901,AUC,16.8444,0.22734582,4901 AUC
4901,AUC,17.4889,0.2287063,4901 AUC
4901,AUC,18.1333,0.23002717,4901 AUC
4901,AUC,18.7778,0.23131131,4901 AUC
4901,AUC,19.4222,0.23256058,4901 AUC
4901,AUC,20.0667,0.2337774,4901 AUC
4901,AUC,20.7111,0.23496326,4901 AUC
4901,AUC,21.3556,0.23612022,4901 AUC
4901,AUC,22.0,0.23724949,4901 AUC
4901,AUC,22.8889,0.23876471,4901 AUC
4901,AUC,23.7778,0.24023369,4901 AUC
4901,AUC,24.6667,0.24165951,4901 AUC
4901,AUC,25.5556,0.24304492,4901 AUC
4901,AUC,26.4444,0.24439227,4901 AUC
4901,AUC,27.3333,0.24570411,4901 AUC
4901,AUC,28.2222,0.24698235,4901 AUC
4901,AUC,29.1111,0.24822887,4901 AUC
4901,AUC,30.0,0.24944539,4901 AUC
4901,MOV,0.0,1e-05,4901 MOV
4901,MOV,0.1111,0.01920102,4901 MOV
4901,MOV,0.2222,0.02738966,4901 MOV
4901,MOV,0.3333,0.03371417,4901 MOV
4901,MOV,0.4444,0.03906762,4901 MOV
4901,MOV,0.5556,0.04380188,4901 MOV
4901,MOV,0.6667,0.04808756,4901 MOV
4901,MOV,0.7778,0.05203581,4901 MOV
4901,MOV,0.8889,0.05571626,4901 MOV
4901,MOV,1.0,0.05917739,4901 MOV
4901,MOV,1.04,0.06037693,4901 MOV
4901,MOV,1.08,0.06155405,4901 MOV
4901,MOV,1.12,0.06270996,4901 MOV
4901,MOV,1.16,0.06384579,4901 MOV
4901,MOV,1.2,0.06496255,4901 MOV
4901,MOV,1.24,0.06606118,4901 MOV
4901,MOV,1.28,0.06714253,4901 MOV
4901,MOV,1.32,0.06820741,4901 MOV
4901,MOV,1.36,0.06925655,4901 MOV
4901,MOV,1.4156,0.07068997,4901 MOV
4901,MOV,1.4711,0.07209347,4901 MOV
4901,MOV,1.5267,0.07347361,4901 MOV
4901,MOV,1.5822,0.07482682,4901 MOV
4901,MOV,1.6378,0.07615924,4901 MOV
4901,MOV,1.6933,0.07746722,4901 MOV
4901,MOV,1.7489,0.07875656,4901 MOV
4901,MOV,1.8044,0.08002358,4901 MOV
4901,MOV,1.86,0.08127377,4901 MOV
4901,MOV,1.9344,0.0829182,4901 MOV
4901,MOV,2.0089,0.08453386,4901 MOV
4901,MOV,2.0833,0.08611811,4901 MOV
4901,MOV,2.1578,0.08767672,4901 MOV
4901,MOV,2.2322,0.08920692,4901 MOV
4901,MOV,2.3067,0.09071413,4901 MOV
4901,MOV,2.3811,0.09219547,4901 MOV
4901,MOV,2.4556,0.09365603,4901 MOV
4901,MOV,2.53,0.0950929,4901 MOV
4901,MOV,2.6311,0.09701228,4901 MOV
4901,MOV,2.7322,0.09889545,4901 MOV
4901,MOV,2.8333,0.10074437,4901 MOV
4901,MOV,2.9344,0.10256084,4901 MOV
4901,MOV,3.0356,0.10434823,4901 MOV
4901,MOV,3.1367,0.10610454,4901 MOV
4901,MOV,3.2378,0.10783291,4901 MOV
4901,MOV,3.3389,0.10953465,4901 MOV
4901,MOV,3.44,0.11121091,4901 MOV
4901,MOV,3.5789,0.11347439,4901 MOV
4901,MOV,3.7178,0.11569447,4901 MOV
4901,MOV,3.8567,0.11787353,4901 MOV
4901,MOV,3.9956,0.12001374,4901 MOV
4901,MOV,4.1344,0.12211556,4901 MOV
4901,MOV,4.2733,0.12418383,4901 MOV
4901,MOV,4.4122,0.1262187,4901 MOV
4901,MOV,4.5511,0.12822171,4901 MOV
4901,MOV,4.69,0.13019428,4901 MOV
4901,MOV,4.8789,0.13283041,4901 MOV
4901,MOV,5.0678,0.13541572,4901 MOV
4901,MOV,5.2567,0.13795295,4901 MOV
4901,MOV,5.4456,0.14044464,4901 MOV
4901,MOV,5.6344,0.1428918,4901 MOV
4901,MOV,5.8233,0.14529914,4901 MOV
4901,MOV,6.0122,0.1476673,4901 MOV
4901,MOV,6.2011,0.14999807,4901 MOV
4901,MOV,6.39,0.15229311,4901 MOV
4901,MOV,6.6478,0.15537038,4901 MOV
4901,MOV,6.9056,0.15838755,4901 MOV
4901,MOV,7.1633,0.16134675,4901 MOV
4901,MOV,7.4211,0.16425325,4901 MOV
4901,MOV,7.6789,0.16710861,4901 MOV
4901,MOV,7.9367,0.16991533,4901 MOV
4901,MOV,8.1944,0.17267464,4901 MOV
4901,MOV,8.4522,0.17539079,4901 MOV
4901,MOV,8.71,0.17806467,4901 MOV
4901,MOV,9.0644,0.18167479,4901 MOV
4901,MOV,9.4189,0.18521376,4901 MOV
4901,MOV,9.7733,0.1886835,4901 MOV
4901,MOV,10.1278,0.19208956,4901 MOV
4901,MOV,10.4822,0.1954333,4901 MOV
4901,MOV,10.8367,0.19871959,4901 MOV
4901,MOV,11.1911,0.20194935,4901 MOV
4901,MOV,11.5456,0.20512694,4901 MOV
4901,MOV,11.9,0.20825293,4901 MOV
4901,MOV,12.3778,0.21239094,4901 MOV
4901,MOV,12.8556,0.21644563,4901 MOV
4901,MOV,13.3333,0.22042065,4901 MOV
4901,MOV,13.8111,0.22432172,4901 MOV
4901,MOV,14.2889,0.22815172,4901 MOV
4901,MOV,14.7667,0.23191408,4901 MOV
4901,MOV,15.2444,0.23561116,4901 MOV
4901,MOV,15.7222,0.23924742,4901 MOV
4901,MOV,16.2,0.24282476,4901 MOV
4901,MOV,16.8444,0.24756052,4901 MOV
4901,MOV,17.4889,0.25219995,4901 MOV
4901,MOV,18.1333,0.25674674,4901 MOV
4901,MOV,18.7778,0.26120696,4901 MOV
4901,MOV,19.4222,0.2655835,4901 MOV
4901,MOV,20.0667,0.26988165,4901 MOV
4901,MOV,20.7111,0.27410371,4901 MOV
4901,MOV,21.3556,0.27825431,4901 MOV
4901,MOV,22.0,0.28233528,4901 MOV
4901,MOV,22.8889,0.28785674,4901 MOV
4901,MOV,23.7778,0.2932593,4901 MOV
4901,MOV,24.6667,0.29854928,4901 MOV
4901,MOV,25.5556,0.30373243,4901 MOV
4901,MOV,26.4444,0.30881344,4901 MOV
4901,MOV,27.3333,0.31379829,4901 MOV
4901,MOV,28.2222,0.31869084,4901 MOV
4901,MOV,29.1111,0.3234952,4901 MOV
4901,MOV,30.0,0.32821519,4901 MOV
4902,AUC,,,4902 AUC
4902,MOV,,,4902 MOV
4904,AUC,,,4904 AUC
4904,MOV,0.0,0.17916044,4904 MOV
4904,MOV,0.0556,0.18146093,4904 MOV
4904,MOV,0.1111,0.18375085,4904 MOV
4904,MOV,0.1667,0.18603847,4904 MOV
4904,MOV,0.2222,0.18831558,4904 MOV
4904,MOV,0.2778,0.19059041,4904 MOV
4904,MOV,0.3333,0.19285479,4904 MOV
4904,MOV,0.3889,0.1951169,4904 MOV
4904,MOV,0.4444,0.19736862,4904 MOV
4904,MOV,0.5,0.19961807,4904 MOV
4904,MOV,0.5178,0.20033689,4904 MOV
4904,MOV,0.5356,0.20105506,4904 MOV
4904,MOV,0.5533,0.20176856,4904 MOV
4904,MOV,0.5711,0.20248545,4904 MOV
4904,MOV,0.5889,0.20320169,4904 MOV
4904,MOV,0.6067,0.20391729,4904 MOV
4904,MOV,0.6244,0.20462823,4904 MOV
4904,MOV,0.6422,0.20534254,4904 MOV
4904,MOV,0.66,0.20605622,4904 MOV
4904,MOV,0.6822,0.20694541,4904 MOV
4904,MOV,0.7044,0.20783361,4904 MOV
4904,MOV,0.7267,0.2087248,4904 MOV
4904,MOV,0.7489,0.20961101,4904 MOV
4904,MOV,0.7711,0.21049622,4904 MOV
4904,MOV,0.7933,0.21138044,4904 MOV
4904,MOV,0.8156,0.21226764,4904 MOV
4904,MOV,0.8378,0.21314988,4904 MOV
4904,MOV,0.86,0.21403112,4904 MOV
4904,MOV,0.89,0.21522043,4904 MOV
4904,MOV,0.92,0.21640794,4904 MOV
4904,MOV,0.95,0.21759365,4904 MOV
4904,MOV,0.98,0.21877756,4904 MOV
4904,MOV,1.01,0.21995969,4904 MOV
4904,MOV,1.04,0.22114003,4904 MOV
4904,MOV,1.07,0.22231858,4904 MOV
4904,MOV,1.1,0.22349534,4904 MOV
4904,MOV,1.13,0.22467033,4904 MOV
4904,MOV,1.17,0.22623421,4904 MOV
4904,MOV,1.21,0.22779494,4904 MOV
4904,MOV,1.25,0.22935252,4904 MOV
4904,MOV,1.29,0.23090696,4904 MOV
4904,MOV,1.33,0.23245826,4904 MOV
4904,MOV,1.37,0.23400643,4904 MOV
4904,MOV,1.41,0.23555148,4904 MOV
4904,MOV,1.45,0.23709342,4904 MOV
4904,MOV,1.49,0.23863224,4904 MOV
4904,MOV,1.5411,0.24059358,4904 MOV
4904,MOV,1.5922,0.24254986,4904 MOV
4904,MOV,1.6433,0.2445011,4904 MOV
4904,MOV,1.6944,0.24644732,4904 MOV
4904,MOV,1.7456,0.24839231,4904 MOV
4904,MOV,1.7967,0.2503285,4904 MOV
4904,MOV,1.8478,0.25225971,4904 MOV
4904,MOV,1.8989,0.25418593,4904 MOV
4904,MOV,1.95,0.2561072,4904 MOV
4904,MOV,2.0178,0.25864872,4904 MOV
4904,MOV,2.0856,0.26118155,4904 MOV
4904,MOV,2.1533,0.26370202,4904 MOV
4904,MOV,2.2211,0.26621759,4904 MOV
4904,MOV,2.2889,0.26872457,4904 MOV
4904,MOV,2.3567,0.27122298,4904 MOV
4904,MOV,2.4244,0.27370918,4904 MOV
4904,MOV,2.4922,0.27619057,4904 MOV
4904,MOV,2.56,0.27866347,4904 MOV
4904,MOV,2.6489,0.28189317,4904 MOV
4904,MOV,2.7378,0.2851084,4904 MOV
4904,MOV,2.8267,0.28830924,4904 MOV
4904,MOV,2.9156,0.29149575,4904 MOV
4904,MOV,3.0044,0.29466443,4904 MOV
4904,MOV,3.0933,0.29782249,4904 MOV
4904,MOV,3.1822,0.3009664,4904 MOV
4904,MOV,3.2711,0.30409624,4904 MOV
4904,MOV,3.36,0.30721206,4904 MOV
4904,MOV,3.4778,0.31131931,4904 MOV
4904,MOV,3.5956,0.31540221,4904 MOV
4904,MOV,3.7133,0.31945747,4904 MOV
4904,MOV,3.8311,0.32349212,4904 MOV
4904,MOV,3.9489,0.32750286,4904 MOV
4904,MOV,4.0667,0.33148981,4904 MOV
4904,MOV,4.1844,0.33544977,4904 MOV
4904,MOV,4.3022,0.33938961,4904 MOV
4904,MOV,4.42,0.3433061,4904 MOV
4904,MOV,4.5733,0.3483681,4904 MOV
4904,MOV,4.7267,0.35339434,4904 MOV
4904,MOV,4.88,0.35837857,4904 MOV
4904,MOV,5.0333,0.36332439,4904 MOV
4904,MOV,5.1867,0.36823527,4904 MOV
4904,MOV,5.34,0.37310511,4904 MOV
4904,MOV,5.4933,0.3779374,4904 MOV
4904,MOV,5.6467,0.38273557,4904 MOV
4904,MOV,5.8,0.38749363,4904 MOV
4904,MOV,6.0022,0.39371339,4904 MOV
4904,MOV,6.2044,0.39986999,4904 MOV
4904,MOV,6.4067,0.40596707,4904 MOV
4904,MOV,6.6089,0.41199924,4904 MOV
4904,MOV,6.8111,0.41797015,4904 MOV
4904,MOV,7.0133,0.42388043,4904 MOV
4904,MOV,7.2156,0.42973357,4904 MOV
4904,MOV,7.4178,0.4355244,4904 MOV
4904,MOV,7.62,0.44125642,4904 MOV
4904,MOV,7.8844,0.44866398,4904 MOV
4904,MOV,8.1489,0.45597609,4904 MOV
4904,MOV,8.4133,0.4631885,4904 MOV
4904,MOV,8.6778,0.47030797,4904 MOV
4904,MOV,8.9422,0.47733038,4904 MOV
4904,MOV,9.2067,0.48426229,4904 MOV
4904,MOV,9.4711,0.4910997,4904 MOV
4904,MOV,9.7356,0.497849,4904 MOV
4904,MOV,10.0,0.50450628,4904 MOV
4905,AUC,0.0,0.45520955,4905 AUC
4905,AUC,0.1111,0.45734661,4905 AUC
4905,AUC,0.2222,0.4594753,4905 AUC
4905,AUC,0.3333,0.46159563,4905 AUC
4905,AUC,0.4444,0.46370764,4905 AUC
4905,AUC,0.5556,0.46581326,4905 AUC
4905,AUC,0.6667,0.46790873,4905 AUC
4905,AUC,0.7778,0.46999598,4905 AUC
4905,AUC,0.8889,0.47207504,4905 AUC
4905,AUC,1.0,0.47414595,4905 AUC
4905,AUC,1.0356,0.47480782,4905 AUC
4905,AUC,1.0711,0.47546699,4905 AUC
4905,AUC,1.1067,0.47612719,4905 AUC
4905,AUC,1.1422,0.47678471,4905 AUC
4905,AUC,1.1778,0.47744326,4905 AUC
4905,AUC,1.2133,0.47809912,4905 AUC
4905,AUC,1.2489,0.47875601,4905 AUC
4905,AUC,1.2844,0.47941023,4905 AUC
4905,AUC,1.32,0.48006547,4905 AUC
4905,AUC,1.3678,0.48094396,4905 AUC
4905,AUC,1.4156,0.48182097,4905 AUC
4905,AUC,1.4633,0.48269466,4905 AUC
4905,AUC,1.5111,0.48356871,4905 AUC
4905,AUC,1.5589,0.48444128,4905 AUC
4905,AUC,1.6067,0.48531238,4905 AUC
4905,AUC,1.6544,0.48618019,4905 AUC
4905,AUC,1.7022,0.48704834,4905 AUC
4905,AUC,1.75,0.48791504,4905 AUC
4905,AUC,1.8133,0.48906052,4905 AUC
4905,AUC,1.8767,0.49020524,4905 AUC
4905,AUC,1.94,0.49134559,4905 AUC
4905,AUC,2.0033,0.4924834,4905 AUC
4905,AUC,2.0667,0.49362045,4905 AUC
4905,AUC,2.13,0.49475316,4905 AUC
4905,AUC,2.1933,0.49588335,4905 AUC
4905,AUC,2.2567,0.49701278,4905 AUC
4905,AUC,2.32,0.49813791,4905 AUC
4905,AUC,2.4044,0.49963416,4905 AUC
4905,AUC,2.4889,0.50112773,4905 AUC
4905,AUC,2.5733,0.50261507,4905 AUC
4905,AUC,2.6578,0.50409973,4905 AUC
4905,AUC,2.7422,0.50557821,4905 AUC
4905,AUC,2.8267,0.50705403,4905 AUC
4905,AUC,2.9111,0.50852371,4905 AUC
4905,AUC,2.9956,0.50999073,4905 AUC
4905,AUC,3.08,0.51145165,4905 AUC
4905,AUC,3.1911,0.51336809,4905 AUC
4905,AUC,3.3022,0.51527702,4905 AUC
4905,AUC,3.4133,0.51717845,4905 AUC
4905,AUC,3.5244,0.51907243,4905 AUC
4905,AUC,3.6356,0.52096068,4905 AUC
4905,AUC,3.7467,0.52283982,4905 AUC
4905,AUC,3.8578,0.52471159,4905 AUC
4905,AUC,3.9689,0.52657602,4905 AUC
4905,AUC,4.08,0.52843313,4905 AUC
4905,AUC,4.2267,0.53087417,4905 AUC
4905,AUC,4.3733,0.53330092,4905 AUC
4905,AUC,4.52,0.53571676,4905 AUC
4905,AUC,4.6667,0.53812009,4905 AUC
4905,AUC,4.8133,0.54050936,4905 AUC
4905,AUC,4.96,0.54288788,4905 AUC
4905,AUC,5.1067,0.5452541,4905 AUC
4905,AUC,5.2533,0.54760646,4905 AUC
4905,AUC,5.4,0.54994825,4905 AUC
4905,AUC,5.5944,0.55303281,4905 AUC
4905,AUC,5.7889,0.5560978,4905 AUC
4905,AUC,5.9833,0.55914022,4905 AUC
4905,AUC,6.1778,0.56216333,4905 AUC
4905,AUC,6.3722,0.56516418,4905 AUC
4905,AUC,6.5667,0.56814598,4905 AUC
4905,AUC,6.7611,0.57110582,4905 AUC
4905,AUC,6.9556,0.57404688,4905 AUC
4905,AUC,7.15,0.57696628,4905 AUC
4905,AUC,7.4633,0.5816292,4905 AUC
4905,AUC,7.7767,0.58624219,4905 AUC
4905,AUC,8.09,0.59080287,4905 AUC
4905,AUC,8.4033,0.59531328,4905 AUC
4905,AUC,8.7167,0.59977538,4905 AUC
4905,AUC,9.03,0.60418689,4905 AUC
4905,AUC,9.3433,0.60854977,4905 AUC
4905,AUC,9.6567,0.61286594,4905 AUC
4905,AUC,9.97,0.61713315,4905 AUC
4905,AUC,10.2511,0.62092175,4905 AUC
4905,AUC,10.5322,0.62467286,4905 AUC
4905,AUC,10.8133,0.62838685,4905 AUC
4905,AUC,11.0944,0.63206408,4905 AUC
4905,AUC,11.3756,0.63570622,4905 AUC
4905,AUC,11.6567,0.63931103,4905 AUC
4905,AUC,11.9378,0.64288017,4905 AUC
4905,AUC,12.2189,0.64641399,4905 AUC
4905,AUC,12.5,0.64991285,4905 AUC
4905,AUC,12.9556,0.65551032,4905 AUC
4905,AUC,13.4111,0.6610171,4905 AUC
4905,AUC,13.8667,0.66643703,4905 AUC
4905,AUC,14.3222,0.67176914,4905 AUC
4905,AUC,14.7778,0.67701716,4905 AUC
4905,AUC,15.2333,0.68218014,4905 AUC
4905,AUC,15.6889,0.6872617,4905 AUC
4905,AUC,16.1444,0.69226093,4905 AUC
4905,AUC,16.6,0.6971813,4905 AUC
4905,AUC,17.2,0.70354135,4905 AUC
4905,AUC,17.8,0.70976782,4905 AUC
4905,AUC,18.4,0.71586351,4905 AUC
4905,AUC,19.0,0.72183118,4905 AUC
4905,AUC,19.6,0.72767351,4905 AUC
4905,AUC,20.2,0.73339313,4905 AUC
4905,AUC,20.8,0.73899263,4905 AUC
4905,AUC,21.4,0.74447452,4905 AUC
4905,AUC,22.0,0.74984128,4905 AUC
4905,MOV,,,4905 MOV
4906,AUC,,,4906 AUC
4906,MOV,,,4906 MOV
4907,AUC,,,4907 AUC
4907,MOV,0.0,0.25042967,4907 MOV
4907,MOV,0.2778,0.25070795,4907 MOV
4907,MOV,0.5556,0.25098613,4907 MOV
4907,MOV,0.8333,0.2512641,4907 MOV
4907,MOV,1.1111,0.25154207,4907 MOV
4907,MOV,1.3889,0.25181994,4907 MOV
4907,MOV,1.6667,0.2520977,4907 MOV
4907,MOV,1.9444,0.25237526,4907 MOV
4907,MOV,2.2222,0.25265282,4907 MOV
4907,MOV,2.5,0.25293028,4907 MOV
4907,MOV,2.5694,0.25299957,4907 MOV
4907,MOV,2.6389,0.25306897,4907 MOV
4907,MOV,2.7083,0.25313825,4907 MOV
4907,MOV,2.7778,0.25320763,4907 MOV
4907,MOV,2.8472,0.2532769,4907 MOV
4907,MOV,2.9167,0.25334627,4907 MOV
4907,MOV,2.9861,0.25341553,4907 MOV
4907,MOV,3.0556,0.25348488,4907 MOV
4907,MOV,3.125,0.25355412,4907 MOV
4907,MOV,3.1667,0.25359573,4907 MOV
4907,MOV,3.2083,0.25363723,4907 MOV
4907,MOV,3.25,0.25367883,4907 MOV
4907,MOV,3.2917,0.25372043,4907 MOV
4907,MOV,3.3333,0.25376192,4907 MOV
4907,MOV,3.375,0.25380352,4907 MOV
4907,MOV,3.4167,0.25384511,4907 MOV
4907,MOV,3.4583,0.2538866,4907 MOV
4907,MOV,3.5,0.25392818,4907 MOV
4907,MOV,3.6544,0.25408214,4907 MOV
4907,MOV,3.8089,0.25423617,4907 MOV
4907,MOV,3.9633,0.25439006,4907 MOV
4907,MOV,4.1178,0.25454402,4907 MOV
4907,MOV,4.2722,0.25469785,4907 MOV
4907,MOV,4.4267,0.25485175,4907 MOV
4907,MOV,4.5811,0.25500552,4907 MOV
4907,MOV,4.7356,0.25515935,4907 MOV
4907,MOV,4.89,0.25531306,4907 MOV
4907,MOV,5.0411,0.25546345,4907 MOV
4907,MOV,5.1922,0.2556138,4907 MOV
4907,MOV,5.3433,0.25576413,4907 MOV
4907,MOV,5.4944,0.25591443,4907 MOV
4907,MOV,5.6456,0.25606479,4907 MOV
4907,MOV,5.7967,0.25621503,4907 MOV
4907,MOV,5.9478,0.25636523,4907 MOV
4907,MOV,6.0989,0.25651541,4907 MOV
4907,MOV,6.25,0.25666555,4907 MOV
4907,MOV,6.3156,0.25673073,4907 MOV
4907,MOV,6.3811,0.2567958,4907 MOV
4907,MOV,6.4467,0.25686097,4907 MOV
4907,MOV,6.5122,0.25692603,4907 MOV
4907,MOV,6.5778,0.25699118,4907 MOV
4907,MOV,6.6433,0.25705623,4907 MOV
4907,MOV,6.7089,0.25712137,4907 MOV
4907,MOV,6.7744,0.25718641,4907 MOV
4907,MOV,6.84,0.25725154,4907 MOV
4907,MOV,7.1422,0.2575515,4907 MOV
4907,MOV,7.4444,0.25785134,4907 MOV
4907,MOV,7.7467,0.25815116,4907 MOV
4907,MOV,8.0489,0.25845076,4907 MOV
4907,MOV,8.3511,0.25875024,4907 MOV
4907,MOV,8.6533,0.25904959,4907 MOV
4907,MOV,8.9556,0.25934893,4907 MOV
4907,MOV,9.2578,0.25964804,4907 MOV
4907,MOV,9.56,0.25994704,4907 MOV
4907,MOV,9.8867,0.26027014,4907 MOV
4907,MOV,10.2133,0.260593,4907 MOV
4907,MOV,10.54,0.26091581,4907 MOV
4907,MOV,10.8667,0.26123849,4907 MOV
4907,MOV,11.1933,0.26156093,4907 MOV
4907,MOV,11.52,0.26188332,4907 MOV
4907,MOV,11.8467,0.26220557,4907 MOV
4907,MOV,12.1733,0.26252759,4907 MOV
4907,MOV,12.5,0.26284956,4907 MOV
4907,MOV,12.6,0.26294809,4907 MOV
4907,MOV,12.7,0.2630466,4907 MOV
4907,MOV,12.8,0.2631451,4907 MOV
4907,MOV,12.9,0.26324358,4907 MOV
4907,MOV,13.0,0.26334205,4907 MOV
4907,MOV,13.1,0.26344051,4907 MOV
4907,MOV,13.2,0.26353896,4907 MOV
4907,MOV,13.3,0.26363739,4907 MOV
4907,MOV,13.4,0.26373581,4907 MOV
4907,MOV,13.9889,0.26431514,4907 MOV
4907,MOV,14.5778,0.26489401,4907 MOV
4907,MOV,15.1667,0.26547242,4907 MOV
4907,MOV,15.7556,0.26605038,4907 MOV
4907,MOV,16.3444,0.26662779,4907 MOV
4907,MOV,16.9333,0.26720484,4907 MOV
4907,MOV,17.5222,0.26778143,4907 MOV
4907,MOV,18.1111,0.26835757,4907 MOV
4907,MOV,18.7,0.26893326,4907 MOV
4907,MOV,19.4,0.26961697,4907 MOV
4907,MOV,20.1,0.27030004,4907 MOV
4907,MOV,20.8,0.27098247,4907 MOV
4907,MOV,21.5,0.27166426,4907 MOV
4907,MOV,22.2,0.27234541,4907 MOV
4907,MOV,22.9,0.27302593,4907 MOV
4907,MOV,23.6,0.27370581,4907 MOV
4907,MOV,24.3,0.27438505,4907 MOV
4907,MOV,25.0,0.27506366,4907 MOV
4907,MOV,25.1222,0.27518206,4907 MOV
4907,MOV,25.2444,0.27530044,4907 MOV
4907,MOV,25.3667,0.2754189,4907 MOV
4907,MOV,25.4889,0.27553725,4907 MOV
4907,MOV,25.6111,0.27565557,4907 MOV
4907,MOV,25.7333,0.27577387,4907 MOV
4907,MOV,25.8556,0.27589225,4907 MOV
4907,MOV,25.9778,0.27601052,4907 MOV
4907,MOV,26.1,0.27612877,4907 MOV
4907,MOV,27.2667,0.27725674,4907 MOV
4907,MOV,28.4333,0.27838287,4907 MOV
4907,MOV,29.6,0.27950733,4907 MOV
4907,MOV,30.7667,0.28063004,4907 MOV
4907,MOV,31.9333,0.28175091,4907 MOV
4907,MOV,33.1,0.28287013,4907 MOV
4907,MOV,34.2667,0.2839876,4907 MOV
4907,MOV,35.4333,0.28510324,4907 MOV
4907,MOV,36.6,0.28621723,4907 MOV
4907,MOV,38.0889,0.28763634,4907 MOV
4907,MOV,39.5778,0.28905264,4907 MOV
4907,MOV,41.0667,0.29046612,4907 MOV
4907,MOV,42.5556,0.29187679,4907 MOV
4907,MOV,44.0444,0.29328456,4907 MOV
4907,MOV,45.5333,0.29468962,4907 MOV
4907,MOV,47.0222,0.29609189,4907 MOV
4907,MOV,48.5111,0.29749138,4907 MOV
4907,MOV,50.0,0.29888808,4907 MOV
4907,MOV,50.1222,0.29900259,4907 MOV
4907,MOV,50.2444,0.29911708,4907 MOV
4907,MOV,50.3667,0.29923165,4907 MOV
4907,MOV,50.4889,0.2993461,4907 MOV
4907,MOV,50.6111,0.29946053,4907 MOV
4907,MOV,50.7333,0.29957495,4907 MOV
4907,MOV,50.8556,0.29968944,4907 MOV
4907,MOV,50.9778,0.29980382,4907 MOV
4907,MOV,51.1,0.29991818,4907 MOV
4907,MOV,53.3667,0.30203607,4907 MOV
4907,MOV,55.6333,0.30414746,4907 MOV
4907,MOV,57.9,0.30625256,4907 MOV
4907,MOV,60.1667,0.30835128,4907 MOV
4907,MOV,62.4333,0.31044357,4907 MOV
4907,MOV,64.7,0.31252962,4907 MOV
4907,MOV,66.9667,0.31460936,4907 MOV
4907,MOV,69.2333,0.31668271,4907 MOV
4907,MOV,71.5,0.31874989,4907 MOV
4907,MOV,74.6667,0.32162737,4907 MOV
4907,MOV,77.8333,0.32449262,4907 MOV
4907,MOV,81.0,0.32734584,4907 MOV
4907,MOV,84.1667,0.33018702,4907 MOV
4907,MOV,87.3333,0.33301611,4907 MOV
4907,MOV,90.5,0.33583334,4907 MOV
4907,MOV,93.6667,0.33863867,4907 MOV
4907,MOV,96.8333,0.34143206,4907 MOV
4907,MOV,100.0,0.34421374,4907 MOV
4908,AUC,,,4908 AUC
4908,MOV,,,4908 MOV
4909,AUC,,,4909 AUC
4909,MOV,0.0,0.2633824,4909 MOV
4909,MOV,0.0111,0.26498379,4909 MOV
4909,MOV,0.0222,0.26658169,4909 MOV
4909,MOV,0.0333,0.26817613,4909 MOV
4909,MOV,0.0444,0.26976709,4909 MOV
4909,MOV,0.0556,0.27136888,4909 MOV
4909,MOV,0.0667,0.27295291,4909 MOV
4909,MOV,0.0778,0.27453349,4909 MOV
4909,MOV,0.0889,0.27611063,4909 MOV
4909,MOV,0.1,0.27768435,4909 MOV
4909,MOV,0.12,0.28051124,4909 MOV
4909,MOV,0.14,0.28332707,4909 MOV
4909,MOV,0.16,0.28613188,4909 MOV
4909,MOV,0.18,0.28892571,4909 MOV
4909,MOV,0.2,0.29170861,4909 MOV
4909,MOV,0.22,0.29448061,4909 MOV
4909,MOV,0.24,0.29724177,4909 MOV
4909,MOV,0.26,0.29999212,4909 MOV
4909,MOV,0.28,0.30273171,4909 MOV
4909,MOV,0.3,0.30546058,4909 MOV
4909,MOV,0.32,0.30817876,4909 MOV
4909,MOV,0.34,0.31088631,4909 MOV
4909,MOV,0.36,0.31358326,4909 MOV
4909,MOV,0.38,0.31626966,4909 MOV
4909,MOV,0.4,0.31894554,4909 MOV
4909,MOV,0.42,0.32161095,4909 MOV
4909,MOV,0.44,0.32426593,4909 MOV
4909,MOV,0.46,0.32691052,4909 MOV
4909,MOV,0.4811,0.32968934,4909 MOV
4909,MOV,0.5022,0.33245669,4909 MOV
4909,MOV,0.5233,0.33521262,4909 MOV
4909,MOV,0.5444,0.33795716,4909 MOV
4909,MOV,0.5656,0.34070331,4909 MOV
4909,MOV,0.5867,0.34342518,4909 MOV
4909,MOV,0.6078,0.34613583,4909 MOV
4909,MOV,0.6289,0.34883528,4909 MOV
4909,MOV,0.65,0.35152358,4909 MOV
4909,MOV,0.67,0.3540615,4909 MOV
4909,MOV,0.69,0.35658947,4909 MOV
4909,MOV,0.71,0.35910756,4909 MOV
4909,MOV,0.73,0.36161579,4909 MOV
4909,MOV,0.75,0.3641142,4909 MOV
4909,MOV,0.77,0.36660284,4909 MOV
4909,MOV,0.79,0.36908174,4909 MOV
4909,MOV,0.81,0.37155093,4909 MOV
4909,MOV,0.83,0.37401046,4909 MOV
4909,MOV,0.85,0.37646037,4909 MOV
4909,MOV,0.87,0.37890069,4909 MOV
4909,MOV,0.89,0.38133145,4909 MOV
4909,MOV,0.91,0.38375271,4909 MOV
4909,MOV,0.93,0.38616448,4909 MOV
4909,MOV,0.95,0.38856682,4909 MOV
4909,MOV,0.97,0.39095976,4909 MOV
4909,MOV,0.99,0.39334333,4909 MOV
4909,MOV,1.01,0.39571758,4909 MOV
4909,MOV,1.03,0.39808253,4909 MOV
4909,MOV,1.05,0.40043822,4909 MOV
4909,MOV,1.07,0.4027847,4909 MOV
4909,MOV,1.09,0.40512199,4909 MOV
4909,MOV,1.11,0.40745014,4909 MOV
4909,MOV,1.13,0.40976917,4909 MOV
4909,MOV,1.15,0.41207913,4909 MOV
4909,MOV,1.17,0.41438005,4909 MOV
4909,MOV,1.19,0.41667196,4909 MOV
4909,MOV,1.21,0.41895491,4909 MOV
4909,MOV,1.23,0.42122891,4909 MOV
4909,MOV,1.25,0.42349402,4909 MOV
4909,MOV,1.27,0.42575027,4909 MOV
4909,MOV,1.29,0.42799768,4909 MOV
4909,MOV,1.31,0.4302363,4909 MOV
4909,MOV,1.33,0.43246616,4909 MOV
4909,MOV,1.35,0.43468729,4909 MOV
4909,MOV,1.37,0.43689972,4909 MOV
4909,MOV,1.39,0.4391035,4909 MOV
4909,MOV,1.41,0.44129866,4909 MOV
4909,MOV,1.43,0.44348522,4909 MOV
4909,MOV,1.45,0.44566323,4909 MOV
4909,MOV,1.47,0.44783271,4909 MOV
4909,MOV,1.49,0.4499937,4909 MOV
4909,MOV,1.51,0.45214623,4909 MOV
4909,MOV,1.53,0.45429034,4909 MOV
4909,MOV,1.55,0.45642606,4909 MOV
4909,MOV,1.5711,0.45867018,4909 MOV
4909,MOV,1.5922,0.46090504,4909 MOV
4909,MOV,1.6133,0.46313067,4909 MOV
4909,MOV,1.6344,0.46534711,4909 MOV
4909,MOV,1.6556,0.46756485,4909 MOV
4909,MOV,1.6767,0.46976298,4909 MOV
4909,MOV,1.6978,0.47195204,4909 MOV
4909,MOV,1.7189,0.47413207,4909 MOV
4909,MOV,1.74,0.47630309,4909 MOV
4909,MOV,1.76,0.47835266,4909 MOV
4909,MOV,1.78,0.48039421,4909 MOV
4909,MOV,1.8,0.48242776,4909 MOV
4909,MOV,1.82,0.48445336,4909 MOV
4909,MOV,1.84,0.48647103,4909 MOV
4909,MOV,1.86,0.4884808,4909 MOV
4909,MOV,1.88,0.49048271,4909 MOV
4909,MOV,1.9,0.49247679,4909 MOV
4909,MOV,1.92,0.49446306,4909 MOV
4909,MOV,1.94,0.49644155,4909 MOV
4909,MOV,1.96,0.49841231,4909 MOV
4909,MOV,1.98,0.50037535,4909 MOV
4909,MOV,2.0,0.5023307,4909 MOV
4909,MOV,2.02,0.50427841,4909 MOV
4909,MOV,2.04,0.50621849,4909 MOV
4909,MOV,2.06,0.50815098,4909 MOV
4909,MOV,2.08,0.5100759,4909 MOV
4909,MOV,2.1,0.5119933,4909 MOV
4910,AUC,0.0,0.07502339,4910 AUC
4910,AUC,0.1111,0.07596874,4910 AUC
4910,AUC,0.2222,0.07691312,4910 AUC
4910,AUC,0.3333,0.07785654,4910 AUC
4910,AUC,0.4444,0.07879899,4910 AUC
4910,AUC,0.5556,0.07974132,4910 AUC
4910,AUC,0.6667,0.08068185,4910 AUC
4910,AUC,0.7778,0.08162141,4910 AUC
4910,AUC,0.8889,0.08256002,4910 AUC
4910,AUC,1.0,0.08349766,4910 AUC
4910,AUC,1.0344,0.08378779,4910 AUC
4910,AUC,1.0689,0.08407867,4910 AUC
4910,AUC,1.1033,0.08436862,4910 AUC
4910,AUC,1.1378,0.08465931,4910 AUC
4910,AUC,1.1722,0.08494907,4910 AUC
4910,AUC,1.2067,0.08523959,4910 AUC
4910,AUC,1.2411,0.08552916,4910 AUC
4910,AUC,1.2756,0.08581949,4910 AUC
4910,AUC,1.31,0.08610889,4910 AUC
4910,AUC,1.3567,0.08650161,4910 AUC
4910,AUC,1.4033,0.08689332,4910 AUC
4910,AUC,1.45,0.08728571,4910 AUC
4910,AUC,1.4967,0.08767793,4910 AUC
4910,AUC,1.5433,0.08806914,4910 AUC
4910,AUC,1.59,0.08846102,4910 AUC
4910,AUC,1.6367,0.08885273,4910 AUC
4910,AUC,1.6833,0.08924344,4910 AUC
4910,AUC,1.73,0.08963481,4910 AUC
4910,AUC,1.79,0.0901374,4910 AUC
4910,AUC,1.85,0.09063972,4910 AUC
4910,AUC,1.91,0.09114176,4910 AUC
4910,AUC,1.97,0.09164352,4910 AUC
4910,AUC,2.03,0.092145,4910 AUC
4910,AUC,2.09,0.0926462,4910 AUC
4910,AUC,2.15,0.09314713,4910 AUC
4910,AUC,2.21,0.09364779,4910 AUC
4910,AUC,2.27,0.09414816,4910 AUC
4910,AUC,2.3478,0.09479657,4910 AUC
4910,AUC,2.4256,0.09544452,4910 AUC
4910,AUC,2.5033,0.09609117,4910 AUC
4910,AUC,2.5811,0.09673819,4910 AUC
4910,AUC,2.6589,0.09738475,4910 AUC
4910,AUC,2.7367,0.09803084,4910 AUC
4910,AUC,2.8144,0.09867564,4910 AUC
4910,AUC,2.8922,0.09932081,4910 AUC
4910,AUC,2.97,0.09996552,4910 AUC
4910,AUC,3.0733,0.10082082,4910 AUC
4910,AUC,3.1767,0.10167614,4910 AUC
4910,AUC,3.28,0.10252982,4910 AUC
4910,AUC,3.3833,0.10338269,4910 AUC
4910,AUC,3.4867,0.10423558,4910 AUC
4910,AUC,3.59,0.10508683,4910 AUC
4910,AUC,3.6933,0.10593727,4910 AUC
4910,AUC,3.7967,0.10678772,4910 AUC
4910,AUC,3.9,0.10763654,4910 AUC
4910,AUC,4.0356,0.10874955,4910 AUC
4910,AUC,4.1711,0.10986035,4910 AUC
4910,AUC,4.3067,0.11097059,4910 AUC
4910,AUC,4.4422,0.11207862,4910 AUC
4910,AUC,4.5778,0.11318609,4910 AUC
4910,AUC,4.7133,0.11429137,4910 AUC
4910,AUC,4.8489,0.11539608,4910 AUC
4910,AUC,4.9844,0.1164986,4910 AUC
4910,AUC,5.12,0.11760055,4910 AUC
4910,AUC,5.2978,0.11904337,4910 AUC
4910,AUC,5.4756,0.12048382,4910 AUC
4910,AUC,5.6533,0.12192111,4910 AUC
4910,AUC,5.8311,0.12335686,4910 AUC
4910,AUC,6.0089,0.12479026,4910 AUC
4910,AUC,6.1867,0.12622132,4910 AUC
4910,AUC,6.3644,0.12764923,4910 AUC
4910,AUC,6.5422,0.12907562,4910 AUC
4910,AUC,6.72,0.13049967,4910 AUC
4910,AUC,6.9544,0.13237349,4910 AUC
4910,AUC,7.1889,0.13424406,4910 AUC
4910,AUC,7.4233,0.13610981,4910 AUC
4910,AUC,7.6578,0.13797234,4910 AUC
4910,AUC,7.8922,0.13983005,4910 AUC
4910,AUC,8.1267,0.14168455,4910 AUC
4910,AUC,8.3611,0.14353427,4910 AUC
4910,AUC,8.5956,0.14538078,4910 AUC
4910,AUC,8.83,0.14722253,4910 AUC
4910,AUC,9.1378,0.14963498,4910 AUC
4910,AUC,9.4456,0.1520406,4910 AUC
4910,AUC,9.7533,0.15443864,4910 AUC
4910,AUC,10.0611,0.15683067,4910 AUC
4910,AUC,10.3689,0.15921594,4910 AUC
4910,AUC,10.6767,0.16159446,4910 AUC
4910,AUC,10.9844,0.16396548,4910 AUC
4910,AUC,11.2922,0.16633056,4910 AUC
4910,AUC,11.6,0.16868895,4910 AUC
4910,AUC,12.0,0.17174383,4910 AUC
4910,AUC,12.4,0.17478747,4910 AUC
4910,AUC,12.8,0.17781993,4910 AUC
4910,AUC,13.2,0.18084125,4910 AUC
4910,AUC,13.6,0.18385146,4910 AUC
4910,AUC,14.0,0.18685062,4910 AUC
4910,AUC,14.4,0.18983875,4910 AUC
4910,AUC,14.8,0.1928159,4910 AUC
4910,AUC,15.2,0.19578211,4910 AUC
4910,AUC,15.7333,0.19971986,4910 AUC
4910,AUC,16.2667,0.20363907,4910 AUC
4910,AUC,16.8,0.20753835,4910 AUC
4910,AUC,17.3333,0.21141854,4910 AUC
4910,AUC,17.8667,0.21528045,4910 AUC
4910,AUC,18.4,0.21912274,4910 AUC
4910,AUC,18.9333,0.2229462,4910 AUC
4910,AUC,19.4667,0.22675166,4910 AUC
4910,AUC,20.0,0.23053778,4910 AUC
4910,MOV,,,4910 MOV
4911,AUC,0.0,0.14171093,4911 AUC
4911,AUC,0.1111,0.14317037,4911 AUC
4911,AUC,0.2222,0.14449385,4911 AUC
4911,AUC,0.3333,0.14576925,4911 AUC
4911,AUC,0.4444,0.1470138,4911 AUC
4911,AUC,0.5556,0.14823655,4911 AUC
4911,AUC,0.6667,0.14943994,4911 AUC
4911,AUC,0.7778,0.1506281,4911 AUC
4911,AUC,0.8889,0.15180314,4911 AUC
4911,AUC,1.0,0.15296665,4911 AUC
4911,AUC,1.0478,0.15346401,4911 AUC
4911,AUC,1.0956,0.15395954,4911 AUC
4911,AUC,1.1433,0.15445229,4911 AUC
4911,AUC,1.1911,0.15494439,4911 AUC
4911,AUC,1.2389,0.15543488,4911 AUC
4911,AUC,1.2867,0.15592379,4911 AUC
4911,AUC,1.3344,0.15641018,4911 AUC
4911,AUC,1.3822,0.15689613,4911 AUC
4911,AUC,1.43,0.15738067,4911 AUC
4911,AUC,1.4989,0.15807668,4911 AUC
4911,AUC,1.5678,0.15876996,4911 AUC
4911,AUC,1.6367,0.15946061,4911 AUC
4911,AUC,1.7056,0.16014873,4911 AUC
4911,AUC,1.7744,0.16083341,4911 AUC
4911,AUC,1.8433,0.16151674,4911 AUC
4911,AUC,1.9122,0.16219778,4911 AUC
4911,AUC,1.9811,0.16287661,4911 AUC
4911,AUC,2.05,0.16355329,4911 AUC
4911,AUC,2.1467,0.16449951,4911 AUC
4911,AUC,2.2433,0.16544081,4911 AUC
4911,AUC,2.34,0.16637927,4911 AUC
4911,AUC,2.4367,0.16731407,4911 AUC
4911,AUC,2.5333,0.16824435,4911 AUC
4911,AUC,2.63,0.16917215,4911 AUC
4911,AUC,2.7267,0.17009662,4911 AUC
4911,AUC,2.8233,0.17101689,4911 AUC
4911,AUC,2.92,0.17193497,4911 AUC
4911,AUC,3.0578,0.17323796,4911 AUC
4911,AUC,3.1956,0.17453495,4911 AUC
4911,AUC,3.3333,0.17582519,4911 AUC
4911,AUC,3.4711,0.17711074,4911 AUC
4911,AUC,3.6089,0.17839085,4911 AUC
4911,AUC,3.7467,0.17966568,4911 AUC
4911,AUC,3.8844,0.18093444,4911 AUC
4911,AUC,4.0222,0.18219911,4911 AUC
4911,AUC,4.16,0.18345892,4911 AUC
4911,AUC,4.3589,0.18526895,4911 AUC
4911,AUC,4.5578,0.18706941,4911 AUC
4911,AUC,4.7567,0.18886059,4911 AUC
4911,AUC,4.9556,0.19064278,4911 AUC
4911,AUC,5.1544,0.19241534,4911 AUC
4911,AUC,5.3533,0.1941803,4911 AUC
4911,AUC,5.5522,0.19593698,4911 AUC
4911,AUC,5.7511,0.19768558,4911 AUC
4911,AUC,5.95,0.19942631,4911 AUC
4911,AUC,6.2333,0.20189243,4911 AUC
4911,AUC,6.5167,0.20434428,4911 AUC
4911,AUC,6.8,0.20678056,4911 AUC
4911,AUC,7.0833,0.20920255,4911 AUC
4911,AUC,7.3667,0.21161147,4911 AUC
4911,AUC,7.65,0.21400597,4911 AUC
4911,AUC,7.9333,0.21638723,4911 AUC
4911,AUC,8.2167,0.21875638,4911 AUC
4911,AUC,8.5,0.22111204,4911 AUC
4911,AUC,8.9111,0.2245084,4911 AUC
4911,AUC,9.3222,0.22787942,4911 AUC
4911,AUC,9.7333,0.2312258,4911 AUC
4911,AUC,10.1444,0.23454818,4911 AUC
4911,AUC,10.5556,0.23784796,4911 AUC
4911,AUC,10.9667,0.24112409,4911 AUC
4911,AUC,11.3778,0.24437787,4911 AUC
4911,AUC,11.7889,0.24760981,4911 AUC
4911,AUC,12.2,0.25082035,4911 AUC
4911,AUC,12.7778,0.2552974,4911 AUC
4911,AUC,13.3556,0.25973413,4911 AUC
4911,AUC,13.9333,0.2641308,4911 AUC
4911,AUC,14.5111,0.2684899,4911 AUC
4911,AUC,15.0889,0.27281154,4911 AUC
4911,AUC,15.6667,0.27709655,4911 AUC
4911,AUC,16.2444,0.28134499,4911 AUC
4911,AUC,16.8222,0.28555906,4911 AUC
4911,AUC,17.4,0.28973871,4911 AUC
4911,AUC,18.2333,0.2957073,4911 AUC
4911,AUC,19.0667,0.30160823,4911 AUC
4911,AUC,19.9,0.30744179,4911 AUC
4911,AUC,20.7333,0.31321032,4911 AUC
4911,AUC,21.5667,0.31891599,4911 AUC
4911,AUC,22.4,0.32455887,4911 AUC
4911,AUC,23.2333,0.33014097,4911 AUC
4911,AUC,24.0667,0.33566422,4911 AUC
4911,AUC,24.9,0.34112851,4911 AUC
4911,AUC,26.0778,0.34875459,4911 AUC
4911,AUC,27.2556,0.35626951,4911 AUC
4911,AUC,28.4333,0.36367551,4911 AUC
4911,AUC,29.6111,0.37097653,4911 AUC
4911,AUC,30.7889,0.37817449,4911 AUC
4911,AUC,31.9667,0.38527177,4911 AUC
4911,AUC,33.1444,0.39227007,4911 AUC
4911,AUC,34.3222,0.39917276,4911 AUC
4911,AUC,35.5,0.40598129,4911 AUC
4911,AUC,37.2,0.41564648,4911 AUC
4911,AUC,38.9,0.42512526,4911 AUC
4911,AUC,40.6,0.43442296,4911 AUC
4911,AUC,42.3,0.4435446,4911 AUC
4911,AUC,44.0,0.45249492,4911 AUC
4911,AUC,45.7,0.46127846,4911 AUC
4911,AUC,47.4,0.46989952,4911 AUC
4911,AUC,49.1,0.4783622,4911 AUC
4911,AUC,50.8,0.48667044,4911 AUC
4911,MOV,0.0,0.15753157,4911 MOV
4911,MOV,0.1111,0.15777717,4911 MOV
4911,MOV,0.2222,0.15802269,4911 MOV
4911,MOV,0.3333,0.15826815,4911 MOV
4911,MOV,0.4444,0.15851354,4911 MOV
4911,MOV,0.5556,0.15875907,4911 MOV
4911,MOV,0.6667,0.15900431,4911 MOV
4911,MOV,0.7778,0.15924949,4911 MOV
4911,MOV,0.8889,0.15949458,4911 MOV
4911,MOV,1.0,0.15973961,4911 MOV
4911,MOV,1.0478,0.15984501,4911 MOV
4911,MOV,1.0956,0.1599504,4911 MOV
4911,MOV,1.1433,0.16005555,4911 MOV
4911,MOV,1.1911,0.16016091,4911 MOV
4911,MOV,1.2389,0.16026626,4911 MOV
4911,MOV,1.2867,0.16037159,4911 MOV
4911,MOV,1.3344,0.16047669,4911 MOV
4911,MOV,1.3822,0.160582,4911 MOV
4911,MOV,1.43,0.16068729,4911 MOV
4911,MOV,1.4989,0.16083904,4911 MOV
4911,MOV,1.5678,0.16099077,4911 MOV
4911,MOV,1.6367,0.16114246,4911 MOV
4911,MOV,1.7056,0.16129413,4911 MOV
4911,MOV,1.7744,0.16144555,4911 MOV
4911,MOV,1.8433,0.16159716,4911 MOV
4911,MOV,1.9122,0.16174875,4911 MOV
4911,MOV,1.9811,0.1619003,4911 MOV
4911,MOV,2.05,0.16205183,4911 MOV
4911,MOV,2.1467,0.16226446,4911 MOV
4911,MOV,2.2433,0.16247681,4911 MOV
4911,MOV,2.34,0.16268933,4911 MOV
4911,MOV,2.4367,0.16290179,4911 MOV
4911,MOV,2.5333,0.16311398,4911 MOV
4911,MOV,2.63,0.16332633,4911 MOV
4911,MOV,2.7267,0.16353863,4911 MOV
4911,MOV,2.8233,0.16375066,4911 MOV
4911,MOV,2.92,0.16396285,4911 MOV
4911,MOV,3.0578,0.16426514,4911 MOV
4911,MOV,3.1956,0.16456732,4911 MOV
4911,MOV,3.3333,0.16486917,4911 MOV
4911,MOV,3.4711,0.16517113,4911 MOV
4911,MOV,3.6089,0.16547298,4911 MOV
4911,MOV,3.7467,0.16577472,4911 MOV
4911,MOV,3.8844,0.16607614,4911 MOV
4911,MOV,4.0222,0.16637766,4911 MOV
4911,MOV,4.16,0.16667908,4911 MOV
4911,MOV,4.3589,0.16711394,4911 MOV
4911,MOV,4.5578,0.16754859,4911 MOV
4911,MOV,4.7567,0.167983,4911 MOV
4911,MOV,4.9556,0.16841719,4911 MOV
4911,MOV,5.1544,0.16885093,4911 MOV
4911,MOV,5.3533,0.16928467,4911 MOV
4911,MOV,5.5522,0.16971818,4911 MOV
4911,MOV,5.7511,0.17015146,4911 MOV
4911,MOV,5.95,0.17058452,4911 MOV
4911,MOV,6.2333,0.17120094,4911 MOV
4911,MOV,6.5167,0.17181713,4911 MOV
4911,MOV,6.8,0.17243264,4911 MOV
4911,MOV,7.0833,0.17304769,4911 MOV
4911,MOV,7.3667,0.17366251,4911 MOV
4911,MOV,7.65,0.17427665,4911 MOV
4911,MOV,7.9333,0.17489033,4911 MOV
4911,MOV,8.2167,0.17550377,4911 MOV
4911,MOV,8.5,0.17611654,4911 MOV
4911,MOV,8.9111,0.17700493,4911 MOV
4911,MOV,9.3222,0.17789237,4911 MOV
4911,MOV,9.7333,0.17877884,4911 MOV
4911,MOV,10.1444,0.17966436,4911 MOV
4911,MOV,10.5556,0.18054914,4911 MOV
4911,MOV,10.9667,0.18143275,4911 MOV
4911,MOV,11.3778,0.18231541,4911 MOV
4911,MOV,11.7889,0.18319711,4911 MOV
4911,MOV,12.2,0.18407787,4911 MOV
4911,MOV,12.7778,0.18531416,4911 MOV
4911,MOV,13.3556,0.18654858,4911 MOV
4911,MOV,13.9333,0.18778091,4911 MOV
4911,MOV,14.5111,0.1890116,4911 MOV
4911,MOV,15.0889,0.19024041,4911 MOV
4911,MOV,15.6667,0.19146737,4911 MOV
4911,MOV,16.2444,0.19269225,4911 MOV
4911,MOV,16.8222,0.1939155,4911 MOV
4911,MOV,17.4,0.19513688,4911 MOV
4911,MOV,18.2333,0.1968951,4911 MOV
4911,MOV,19.0667,0.19864969,4911 MOV
4911,MOV,19.9,0.20040024,4911 MOV
4911,MOV,20.7333,0.20214696,4911 MOV
4911,MOV,21.5667,0.20389007,4911 MOV
4911,MOV,22.4,0.20562917,4911 MOV
4911,MOV,23.2333,0.20736447,4911 MOV
4911,MOV,24.0667,0.20909619,4911 MOV
4911,MOV,24.9,0.21082391,4911 MOV
4911,MOV,26.0778,0.21325947,4911 MOV
4911,MOV,27.2556,0.21568751,4911 MOV
4911,MOV,28.4333,0.21810786,4911 MOV
4911,MOV,29.6111,0.22052094,4911 MOV
4911,MOV,30.7889,0.22292657,4911 MOV
4911,MOV,31.9667,0.22532478,4911 MOV
4911,MOV,33.1444,0.22771539,4911 MOV
4911,MOV,34.3222,0.23009882,4911 MOV
4911,MOV,35.5,0.23247489,4911 MOV
4911,MOV,37.2,0.23589152,4911 MOV
4911,MOV,38.9,0.23929293,4911 MOV
4911,MOV,40.6,0.24267921,4911 MOV
4911,MOV,42.3,0.24605041,4911 MOV
4911,MOV,44.0,0.24940661,4911 MOV
4911,MOV,45.7,0.25274786,4911 MOV
4911,MOV,47.4,0.25607425,4911 MOV
4911,MOV,49.1,0.25938582,4911 MOV
4911,MOV,50.8,0.26268265,4911 MOV
4912,AUC,,,4912 AUC
4912,MOV,0.0,0.13506091,4912 MOV
4912,MOV,0.0111,0.13511033,4912 MOV
4912,MOV,0.0222,0.13515974,4912 MOV
4912,MOV,0.0333,0.13520915,4912 MOV
4912,MOV,0.0444,0.13525855,4912 MOV
4912,MOV,0.0556,0.1353084,4912 MOV
4912,MOV,0.0667,0.1353578,4912 MOV
4912,MOV,0.0778,0.1354072,4912 MOV
4912,MOV,0.0889,0.13545659,4912 MOV
4912,MOV,0.1,0.13550599,4912 MOV
4912,MOV,0.12,0.13559497,4912 MOV
4912,MOV,0.14,0.13568395,4912 MOV
4912,MOV,0.16,0.13577292,4912 MOV
4912,MOV,0.18,0.13586188,4912 MOV
4912,MOV,0.2,0.13595083,4912 MOV
4912,MOV,0.22,0.13603977,4912 MOV
4912,MOV,0.24,0.1361287,4912 MOV
4912,MOV,0.26,0.13621763,4912 MOV
4912,MOV,0.28,0.13630654,4912 MOV
4912,MOV,0.3433,0.13658789,4912 MOV
4912,MOV,0.4067,0.1368696,4912 MOV
4912,MOV,0.47,0.13715077,4912 MOV
4912,MOV,0.5333,0.13743185,4912 MOV
4912,MOV,0.5967,0.13771328,4912 MOV
4912,MOV,0.66,0.13799417,4912 MOV
4912,MOV,0.7233,0.13827497,4912 MOV
4912,MOV,0.7867,0.13855613,4912 MOV
4912,MOV,0.85,0.13883675,4912 MOV
4912,MOV,1.0289,0.13962935,4912 MOV
4912,MOV,1.2078,0.14042122,4912 MOV
4912,MOV,1.3867,0.14121236,4912 MOV
4912,MOV,1.5656,0.14200278,4912 MOV
4912,MOV,1.7444,0.14279202,4912 MOV
4912,MOV,1.9233,0.14358098,4912 MOV
4912,MOV,2.1022,0.14436922,4912 MOV
4912,MOV,2.2811,0.14515673,4912 MOV
4912,MOV,2.46,0.14594351,4912 MOV
4912,MOV,2.9833,0.14824078,4912 MOV
4912,MOV,3.5067,0.1505323,4912 MOV
4912,MOV,4.03,0.15281722,4912 MOV
4912,MOV,4.5533,0.155096,4912 MOV
4912,MOV,5.0767,0.15736908,4912 MOV
4912,MOV,5.6,0.15963561,4912 MOV
4912,MOV,6.1233,0.16189605,4912 MOV
4912,MOV,6.6467,0.16415083,4912 MOV
4912,MOV,7.17,0.16639912,4912 MOV
4912,MOV,7.4544,0.16761847,4912 MOV
4912,MOV,7.7389,0.16883647,4912 MOV
4912,MOV,8.0233,0.17005225,4912 MOV
4912,MOV,8.3078,0.17126669,4912 MOV
4912,MOV,8.5922,0.17247892,4912 MOV
4912,MOV,8.8767,0.1736898,4912 MOV
4912,MOV,9.1611,0.17489848,4912 MOV
4912,MOV,9.4456,0.17610583,4912 MOV
4912,MOV,9.73,0.17731098,4912 MOV
4912,MOV,10.1156,0.17894215,4912 MOV
4912,MOV,10.5011,0.18056967,4912 MOV
4912,MOV,10.8867,0.18219438,4912 MOV
4912,MOV,11.2722,0.18381546,4912 MOV
4912,MOV,11.6578,0.18543373,4912 MOV
4912,MOV,12.0433,0.18704838,4912 MOV
4912,MOV,12.4289,0.18866025,4912 MOV
4912,MOV,12.8144,0.19026851,4912 MOV
4912,MOV,13.2,0.19187399,4912 MOV
4912,MOV,13.7333,0.19408919,4912 MOV
4912,MOV,14.2667,0.19629874,4912 MOV
4912,MOV,14.8,0.19850181,4912 MOV
4912,MOV,15.3333,0.20069884,4912 MOV
4912,MOV,15.8667,0.20289026,4912 MOV
4912,MOV,16.4,0.20507527,4912 MOV
4912,MOV,16.9333,0.20725428,4912 MOV
4912,MOV,17.4667,0.20942773,4912 MOV
4912,MOV,18.0,0.21159482,4912 MOV
4912,MOV,18.7222,0.21452004,4912 MOV
4912,MOV,19.4444,0.2174344,4912 MOV
4912,MOV,20.1667,0.22033836,4912 MOV
4912,MOV,20.8889,0.22323114,4912 MOV
4912,MOV,21.6111,0.22611318,4912 MOV
4912,MOV,22.3333,0.22898454,4912 MOV
4912,MOV,23.0556,0.23184563,4912 MOV
4912,MOV,23.7778,0.23469572,4912 MOV
4912,MOV,24.5,0.23753523,4912 MOV
4912,MOV,25.4778,0.24136291,4912 MOV
4912,MOV,26.4556,0.24517138,4912 MOV
4912,MOV,27.4333,0.24896034,4912 MOV
4912,MOV,28.4111,0.25273067,4912 MOV
4912,MOV,29.3889,0.25648207,4912 MOV
4912,MOV,30.3667,0.26021463,4912 MOV
4912,MOV,31.3444,0.26392808,4912 MOV
4912,MOV,32.3222,0.26762327,4912 MOV
4912,MOV,33.3,0.27129991,4912 MOV
4912,MOV,34.6222,0.27624219,4912 MOV
4912,MOV,35.9444,0.28115095,4912 MOV
4912,MOV,37.2667,0.28602679,4912 MOV
4912,MOV,38.5889,0.29086919,4912 MOV
4912,MOV,39.9111,0.29567875,4912 MOV
4912,MOV,41.2333,0.30045569,4912 MOV
4912,MOV,42.5556,0.30520058,4912 MOV
4912,MOV,43.8778,0.30991294,4912 MOV
4912,MOV,45.2,0.31459334,4912 MOV
4912,MOV,45.7333,0.31647214,4912 MOV
4912,MOV,46.2667,0.31834615,4912 MOV
4912,MOV,46.8,0.32021468,4912 MOV
4912,MOV,47.3333,0.32207808,4912 MOV
4912,MOV,47.8667,0.32393672,4912 MOV
4912,MOV,48.4,0.32578991,4912 MOV
4912,MOV,48.9333,0.32763803,4912 MOV
4912,MOV,49.4667,0.32948143,4912 MOV
4912,MOV,50.0,0.33131942,4912 MOV
4913,AUC,,,4913 AUC
4913,MOV,,,4913 MOV
4914,AUC,0.0,0.20041002,4914 AUC
4914,AUC,0.2778,0.30142999,4914 AUC
4914,AUC,0.5556,0.31645108,4914 AUC
4914,AUC,0.8333,0.32624982,4914 AUC
4914,AUC,1.1111,0.33370287,4914 AUC
4914,AUC,1.3889,0.33978631,4914 AUC
4914,AUC,1.6667,0.3449622,4914 AUC
4914,AUC,1.9444,0.34948638,4914 AUC
4914,AUC,2.2222,0.35352115,4914 AUC
4914,AUC,2.5,0.35717051,4914 AUC
4914,AUC,2.6111,0.35853945,4914 AUC
4914,AUC,2.7222,0.35986254,4914 AUC
4914,AUC,2.8333,0.36114311,4914 AUC
4914,AUC,2.9444,0.36238411,4914 AUC
4914,AUC,3.0556,0.36358925,4914 AUC
4914,AUC,3.1667,0.36475875,4914 AUC
4914,AUC,3.2778,0.36589586,4914 AUC
4914,AUC,3.3889,0.36700254,4914 AUC
4914,AUC,3.5,0.36808055,4914 AUC
4914,AUC,3.6544,0.36953412,4914 AUC
4914,AUC,3.8089,0.37094024,4914 AUC
4914,AUC,3.9633,0.37230057,4914 AUC
4914,AUC,4.1178,0.37361996,4914 AUC
4914,AUC,4.2722,0.37489949,4914 AUC
4914,AUC,4.4267,0.37614333,4914 AUC
4914,AUC,4.5811,0.37735212,4914 AUC
4914,AUC,4.7356,0.37852948,4914 AUC
4914,AUC,4.89,0.37967576,4914 AUC
4914,AUC,5.1067,0.38123666,4914 AUC
4914,AUC,5.3233,0.38274473,4914 AUC
4914,AUC,5.54,0.38420512,4914 AUC
4914,AUC,5.7567,0.38562048,4914 AUC
4914,AUC,5.9733,0.38699319,4914 AUC
4914,AUC,6.19,0.38832722,4914 AUC
4914,AUC,6.4067,0.38962439,4914 AUC
4914,AUC,6.6233,0.39088631,4914 AUC
4914,AUC,6.84,0.39211618,4914 AUC
4914,AUC,7.1422,0.39378025,4914 AUC
4914,AUC,7.4444,0.39538886,4914 AUC
4914,AUC,7.7467,0.39694653,4914 AUC
4914,AUC,8.0489,0.39845578,4914 AUC
4914,AUC,8.3511,0.39992032,4914 AUC
4914,AUC,8.6533,0.40134303,4914 AUC
4914,AUC,8.9556,0.40272695,4914 AUC
4914,AUC,9.2578,0.40407351,4914 AUC
4914,AUC,9.56,0.40538533,4914 AUC
4914,AUC,9.9867,0.40718217,4914 AUC
4914,AUC,10.4133,0.40891814,4914 AUC
4914,AUC,10.84,0.41059846,4914 AUC
4914,AUC,11.2667,0.41222661,4914 AUC
4914,AUC,11.6933,0.41380575,4914 AUC
4914,AUC,12.12,0.41533975,4914 AUC
4914,AUC,12.5467,0.41683109,4914 AUC
4914,AUC,12.9733,0.41828201,4914 AUC
4914,AUC,13.4,0.41969552,4914 AUC
4914,AUC,13.9889,0.42158829,4914 AUC
4914,AUC,14.5778,0.42341826,4914 AUC
4914,AUC,15.1667,0.42518994,4914 AUC
4914,AUC,15.7556,0.42690734,4914 AUC
4914,AUC,16.3444,0.42857377,4914 AUC
4914,AUC,16.9333,0.43019305,4914 AUC
4914,AUC,17.5222,0.43176782,4914 AUC
4914,AUC,18.1111,0.43330073,4914 AUC
4914,AUC,18.7,0.4347942,4914 AUC
4914,AUC,19.5222,0.43681751,4914 AUC
4914,AUC,20.3444,0.43877363,4914 AUC
4914,AUC,21.1667,0.44066761,4914 AUC
4914,AUC,21.9889,0.44250327,4914 AUC
4914,AUC,22.8111,0.44428471,4914 AUC
4914,AUC,23.6333,0.44601539,4914 AUC
4914,AUC,24.4556,0.44769865,4914 AUC
4914,AUC,25.2778,0.44933693,4914 AUC
4914,AUC,26.1,0.45093302,4914 AUC
4914,AUC,27.2667,0.45313003,4914 AUC
4914,AUC,28.4333,0.45525271,4914 AUC
4914,AUC,29.6,0.45730682,4914 AUC
4914,AUC,30.7667,0.45929697,4914 AUC
4914,AUC,31.9333,0.4612273,4914 AUC
4914,AUC,33.1,0.463102,4914 AUC
4914,AUC,34.2667,0.4649244,4914 AUC
4914,AUC,35.4333,0.46669752,4914 AUC
4914,AUC,36.6,0.46842452,4914 AUC
4914,AUC,38.2111,0.47073811,4914 AUC
4914,AUC,39.8222,0.47297466,4914 AUC
4914,AUC,41.4333,0.47513969,4914 AUC
4914,AUC,43.0444,0.47723813,4914 AUC
4914,AUC,44.6556,0.47927452,4914 AUC
4914,AUC,46.2667,0.48125259,4914 AUC
4914,AUC,47.8778,0.48317607,4914 AUC
4914,AUC,49.4889,0.48504822,4914 AUC
4914,AUC,51.1,0.48687201,4914 AUC
4914,AUC,53.3667,0.48936122,4914 AUC
4914,AUC,55.6333,0.49176672,4914 AUC
4914,AUC,57.9,0.49409476,4914 AUC
4914,AUC,60.1667,0.4963506,4914 AUC
4914,AUC,62.4333,0.49853897,4914 AUC
4914,AUC,64.7,0.50066441,4914 AUC
4914,AUC,66.9667,0.50273074,4914 AUC
4914,AUC,69.2333,0.50474142,4914 AUC
4914,AUC,71.5,0.50669985,4914 AUC
4914,AUC,74.6667,0.50935381,4914 AUC
4914,AUC,77.8333,0.5119185,4914 AUC
4914,AUC,81.0,0.51440051,4914 AUC
4914,AUC,84.1667,0.51680549,4914 AUC
4914,AUC,87.3333,0.51913851,4914 AUC
4914,AUC,90.5,0.52140433,4914 AUC
4914,AUC,93.6667,0.52360707,4914 AUC
4914,AUC,96.8333,0.52575042,4914 AUC
4914,AUC,100.0,0.52783799,4914 AUC
4914,MOV,,,4914 MOV
4915,AUC,,,4915 AUC
4915,MOV,,,4915 MOV
4978,AUC,,,4978 AUC
4978,MOV,,,4978 MOV
5115,AUC,,,5115 AUC
5115,MOV,,,5115 MOV
5219,AUC,,,5219 AUC
5219,MOV,0.0,0.09669253,5219 MOV
5219,MOV,0.2778,0.17344163,5219 MOV
5219,MOV,0.5556,0.18485405,5219 MOV
5219,MOV,0.8333,0.19229887,5219 MOV
5219,MOV,1.1111,0.1979616,5219 MOV
5219,MOV,1.3889,0.2025838,5219 MOV
5219,MOV,1.6667,0.20651653,5219 MOV
5219,MOV,1.9444,0.20995413,5219 MOV
5219,MOV,2.2222,0.21301992,5219 MOV
5219,MOV,2.5,0.21579291,5219 MOV
5219,MOV,2.5694,0.21644692,5219 MOV
5219,MOV,2.6389,0.21708785,5219 MOV
5219,MOV,2.7083,0.21771453,5219 MOV
5219,MOV,2.7778,0.21832937,5219 MOV
5219,MOV,2.8472,0.21893116,5219 MOV
5219,MOV,2.9167,0.21952217,5219 MOV
5219,MOV,2.9861,0.22010119,5219 MOV
5219,MOV,3.0556,0.22067036,5219 MOV
5219,MOV,3.125,0.22122846,5219 MOV
5219,MOV,3.3333,0.22284606,5219 MOV
5219,MOV,3.5417,0.22438542,5219 MOV
5219,MOV,3.75,0.22585325,5219 MOV
5219,MOV,3.9583,0.22725723,5219 MOV
5219,MOV,4.1667,0.22860393,5219 MOV
5219,MOV,4.375,0.22989717,5219 MOV
5219,MOV,4.5833,0.23114204,5219 MOV
5219,MOV,4.7917,0.23234301,5219 MOV
5219,MOV,5.0,0.23350235,5219 MOV
5219,MOV,5.1389,0.23425412,5219 MOV
5219,MOV,5.2778,0.23498981,5219 MOV
5219,MOV,5.4167,0.23571017,5219 MOV
5219,MOV,5.5556,0.23641589,5219 MOV
5219,MOV,5.6944,0.23710715,5219 MOV
5219,MOV,5.8333,0.23778554,5219 MOV
5219,MOV,5.9722,0.23845112,5219 MOV
5219,MOV,6.1111,0.23910444,5219 MOV
5219,MOV,6.25,0.23974597,5219 MOV
5219,MOV,6.3889,0.24037621,5219 MOV
5219,MOV,6.5278,0.24099557,5219 MOV
5219,MOV,6.6667,0.24160447,5219 MOV
5219,MOV,6.8056,0.24220331,5219 MOV
5219,MOV,6.9444,0.24279203,5219 MOV
5219,MOV,7.0833,0.24337183,5219 MOV
5219,MOV,7.2222,0.24394259,5219 MOV
5219,MOV,7.3611,0.24450464,5219 MOV
5219,MOV,7.5,0.24505827,5219 MOV
5219,MOV,7.7778,0.24614136,5219 MOV
5219,MOV,8.0556,0.24719393,5219 MOV
5219,MOV,8.3333,0.24821748,5219 MOV
5219,MOV,8.6111,0.24921445,5219 MOV
5219,MOV,8.8889,0.25018601,5219 MOV
5219,MOV,9.1667,0.25113357,5219 MOV
5219,MOV,9.4444,0.2520581,5219 MOV
5219,MOV,9.7222,0.25296145,5219 MOV
5219,MOV,10.0,0.25384438,5219 MOV
5219,MOV,10.2778,0.25470789,5219 MOV
5219,MOV,10.5556,0.25555293,5219 MOV
5219,MOV,10.8333,0.25638007,5219 MOV
5219,MOV,11.1111,0.25719069,5219 MOV
5219,MOV,11.3889,0.25798526,5219 MOV
5219,MOV,11.6667,0.25876447,5219 MOV
5219,MOV,11.9444,0.25952871,5219 MOV
5219,MOV,12.2222,0.26027912,5219 MOV
5219,MOV,12.5,0.26101601,5219 MOV
5219,MOV,12.5333,0.26110345,5219 MOV
5219,MOV,12.5667,0.26119098,5219 MOV
5219,MOV,12.6,0.26127806,5219 MOV
5219,MOV,12.6333,0.26136495,5219 MOV
5219,MOV,12.6667,0.26145192,5219 MOV
5219,MOV,12.7,0.26153845,5219 MOV
5219,MOV,12.7333,0.2616248,5219 MOV
5219,MOV,12.7667,0.26171122,5219 MOV
5219,MOV,12.8,0.26179721,5219 MOV
5219,MOV,13.0444,0.26242287,5219 MOV
5219,MOV,13.2889,0.26303947,5219 MOV
5219,MOV,13.5333,0.26364682,5219 MOV
5219,MOV,13.7778,0.26424569,5219 MOV
5219,MOV,14.0222,0.26483588,5219 MOV
5219,MOV,14.2667,0.26541813,5219 MOV
5219,MOV,14.5111,0.26599222,5219 MOV
5219,MOV,14.7556,0.26655885,5219 MOV
5219,MOV,15.0,0.2671178,5219 MOV
5219,MOV,15.1111,0.26736947,5219 MOV
5219,MOV,15.2222,0.26761968,5219 MOV
5219,MOV,15.3333,0.26786842,5219 MOV
5219,MOV,15.4444,0.26811573,5219 MOV
5219,MOV,15.5556,0.26836184,5219 MOV
5219,MOV,15.6667,0.26860633,5219 MOV
5219,MOV,15.7778,0.26884943,5219 MOV
5219,MOV,15.8889,0.26909117,5219 MOV
5219,MOV,16.0,0.26933155,5219 MOV
5219,MOV,16.4444,0.27027995,5219 MOV
5219,MOV,16.8889,0.27120826,5219 MOV
5219,MOV,17.3333,0.27211702,5219 MOV
5219,MOV,17.7778,0.27300752,5219 MOV
5219,MOV,18.2222,0.27388019,5219 MOV
5219,MOV,18.6667,0.27473617,5219 MOV
5219,MOV,19.1111,0.27557582,5219 MOV
5219,MOV,19.5556,0.27640016,5219 MOV
5219,MOV,20.0,0.27720947,5219 MOV
5219,MOV,20.5556,0.27820128,5219 MOV
5219,MOV,21.1111,0.2791717,5219 MOV
5219,MOV,21.6667,0.28012206,5219 MOV
5219,MOV,22.2222,0.28105295,5219 MOV
5219,MOV,22.7778,0.28196557,5219 MOV
5219,MOV,23.3333,0.28286038,5219 MOV
5219,MOV,23.8889,0.28373846,5219 MOV
5219,MOV,24.4444,0.28460019,5219 MOV
5219,MOV,25.0,0.28544655,5219 MOV
5219,MOV,25.5556,0.28627798,5219 MOV
5219,MOV,26.1111,0.28709492,5219 MOV
5219,MOV,26.6667,0.28789821,5219 MOV
5219,MOV,27.2222,0.28868808,5219 MOV
5219,MOV,27.7778,0.28946529,5219 MOV
5219,MOV,28.3333,0.29023003,5219 MOV
5219,MOV,28.8889,0.29098299,5219 MOV
5219,MOV,29.4444,0.29172431,5219 MOV
5219,MOV,30.0,0.29245466,5219 MOV
5219,MOV,31.1111,0.29388334,5219 MOV
5219,MOV,32.2222,0.29527175,5219 MOV
5219,MOV,33.3333,0.29662236,5219 MOV
5219,MOV,34.4444,0.2979374,5219 MOV
5219,MOV,35.5556,0.29921903,5219 MOV
5219,MOV,36.6667,0.30046888,5219 MOV
5219,MOV,37.7778,0.30168878,5219 MOV
5219,MOV,38.8889,0.30288029,5219 MOV
5219,MOV,40.0,0.30404485,5219 MOV
5219,MOV,41.1111,0.30518381,5219 MOV
5219,MOV,42.2222,0.30629838,5219 MOV
5219,MOV,43.3333,0.30738972,5219 MOV
5219,MOV,44.4444,0.30845889,5219 MOV
5219,MOV,45.5556,0.30950696,5219 MOV
5219,MOV,46.6667,0.31053468,5219 MOV
5219,MOV,47.7778,0.31154299,5219 MOV
5219,MOV,48.8889,0.3125327,5219 MOV
5219,MOV,50.0,0.31350456,5219 MOV
5219,MOV,51.1111,0.31445929,5219 MOV
5219,MOV,52.2222,0.31539754,5219 MOV
5219,MOV,53.3333,0.31631995,5219 MOV
5219,MOV,54.4444,0.3172271,5219 MOV
5219,MOV,55.5556,0.31811963,5219 MOV
5219,MOV,56.6667,0.3189979,5219 MOV
5219,MOV,57.7778,0.31986248,5219 MOV
5219,MOV,58.8889,0.32071386,5219 MOV
5219,MOV,60.0,0.32155248,5219 MOV
5219,MOV,62.2222,0.32319308,5219 MOV
5219,MOV,64.4444,0.32478741,5219 MOV
5219,MOV,66.6667,0.32633839,5219 MOV
5219,MOV,68.8889,0.32784845,5219 MOV
5219,MOV,71.1111,0.32931998,5219 MOV
5219,MOV,73.3333,0.33075515,5219 MOV
5219,MOV,75.5556,0.33215597,5219 MOV
5219,MOV,77.7778,0.3335241,5219 MOV
5219,MOV,80.0,0.33486129,5219 MOV
5219,MOV,82.2222,0.33616905,5219 MOV
5219,MOV,84.4444,0.33744881,5219 MOV
5219,MOV,86.6667,0.33870193,5219 MOV
5219,MOV,88.8889,0.33992952,5219 MOV
5219,MOV,91.1111,0.34113277,5219 MOV
5219,MOV,93.3333,0.34231273,5219 MOV
5219,MOV,95.5556,0.34347046,5219 MOV
5219,MOV,97.7778,0.34460677,5219 MOV
5219,MOV,100.0,0.34572258,5219 MOV
53,AUC,,,53 AUC
53,MOV,0.0,0.10471341,53 MOV
53,MOV,0.2778,0.10501815,53 MOV
53,MOV,0.5556,0.10542066,53 MOV
53,MOV,0.8333,0.1058703,53 MOV
53,MOV,1.1111,0.10635366,53 MOV
53,MOV,1.3889,0.10686344,53 MOV
53,MOV,1.6667,0.10739518,53 MOV
53,MOV,1.9444,0.10794555,53 MOV
53,MOV,2.2222,0.10851266,53 MOV
53,MOV,2.5,0.10909453,53 MOV
53,MOV,2.5694,0.10924202,53 MOV
53,MOV,2.6389,0.10939054,53 MOV
53,MOV,2.7083,0.10953963,53 MOV
53,MOV,2.7778,0.10968972,53 MOV
53,MOV,2.8472,0.10984035,53 MOV
53,MOV,2.9167,0.10999194,53 MOV
53,MOV,2.9861,0.11014404,53 MOV
53,MOV,3.0556,0.11029707,53 MOV
53,MOV,3.125,0.11045057,53 MOV
53,MOV,3.1667,0.11054314,53 MOV
53,MOV,3.2083,0.11063572,53 MOV
53,MOV,3.25,0.11072877,53 MOV
53,MOV,3.2917,0.11082206,53 MOV
53,MOV,3.3333,0.11091535,53 MOV
53,MOV,3.375,0.11100911,53 MOV
53,MOV,3.4167,0.11110309,53 MOV
53,MOV,3.4583,0.11119707,53 MOV
53,MOV,3.5,0.11129151,53 MOV
53,MOV,3.6544,0.11164308,53 MOV
53,MOV,3.8089,0.11199782,53 MOV
53,MOV,3.9633,0.11235515,53 MOV
53,MOV,4.1178,0.11271544,53 MOV
53,MOV,4.2722,0.11307811,53 MOV
53,MOV,4.4267,0.11344356,53 MOV
53,MOV,4.5811,0.11381122,53 MOV
53,MOV,4.7356,0.11418148,53 MOV
53,MOV,4.89,0.11455381,53 MOV
53,MOV,5.0411,0.11492033,53 MOV
53,MOV,5.1922,0.11528892,53 MOV
53,MOV,5.3433,0.11565951,53 MOV
53,MOV,5.4944,0.11603206,53 MOV
53,MOV,5.6456,0.11640675,53 MOV
53,MOV,5.7967,0.11678303,53 MOV
53,MOV,5.9478,0.11716111,53 MOV
53,MOV,6.0989,0.11754094,53 MOV
53,MOV,6.25,0.11792247,53 MOV
53,MOV,6.3156,0.11808863,53 MOV
53,MOV,6.3811,0.11825485,53 MOV
53,MOV,6.4467,0.11842162,53 MOV
53,MOV,6.5122,0.11858845,53 MOV
53,MOV,6.5778,0.11875582,53 MOV
53,MOV,6.6433,0.11892324,53 MOV
53,MOV,6.7089,0.1190912,53 MOV
53,MOV,6.7744,0.1192592,53 MOV
53,MOV,6.84,0.11942774,53 MOV
53,MOV,7.1422,0.12020778,53 MOV
53,MOV,7.4444,0.12099355,53 MOV
53,MOV,7.7467,0.12178507,53 MOV
53,MOV,8.0489,0.12258155,53 MOV
53,MOV,8.3511,0.12338305,53 MOV
53,MOV,8.6533,0.12418933,53 MOV
53,MOV,8.9556,0.12500047,53 MOV
53,MOV,9.2578,0.12581573,53 MOV
53,MOV,9.56,0.12663522,53 MOV
53,MOV,9.8867,0.12752569,53 MOV
53,MOV,10.2133,0.1284204,53 MOV
53,MOV,10.54,0.12931973,53 MOV
53,MOV,10.8667,0.1302232,53 MOV
53,MOV,11.1933,0.13113037,53 MOV
53,MOV,11.52,0.13204163,53 MOV
53,MOV,11.8467,0.13295655,53 MOV
53,MOV,12.1733,0.13387468,53 MOV
53,MOV,12.5,0.13479646,53 MOV
53,MOV,12.6,0.13507926,53 MOV
53,MOV,12.7,0.13536236,53 MOV
53,MOV,12.8,0.13564575,53 MOV
53,MOV,12.9,0.13592944,53 MOV
53,MOV,13.0,0.13621341,53 MOV
53,MOV,13.1,0.13649766,53 MOV
53,MOV,13.2,0.1367822,53 MOV
53,MOV,13.3,0.13706701,53 MOV
53,MOV,13.4,0.13735209,53 MOV
53,MOV,13.9889,0.13903631,53 MOV
53,MOV,14.5778,0.14072921,53 MOV
53,MOV,15.1667,0.14243017,53 MOV
53,MOV,15.7556,0.14413861,53 MOV
53,MOV,16.3444,0.14585368,53 MOV
53,MOV,16.9333,0.14757547,53 MOV
53,MOV,17.5222,0.14930319,53 MOV
53,MOV,18.1111,0.15103639,53 MOV
53,MOV,18.7,0.15277465,53 MOV
53,MOV,19.4,0.15484686,53 MOV
53,MOV,20.1,0.156925,53 MOV
53,MOV,20.8,0.15900848,53 MOV
53,MOV,21.5,0.16109672,53 MOV
53,MOV,22.2,0.1631892,53 MOV
53,MOV,22.9,0.16528542,53 MOV
53,MOV,23.6,0.1673849,53 MOV
53,MOV,24.3,0.16948719,53 MOV
53,MOV,25.0,0.17159188,53 MOV
53,MOV,25.1222,0.17195951,53 MOV
53,MOV,25.2444,0.1723272,53 MOV
53,MOV,25.3667,0.17269525,53 MOV
53,MOV,25.4889,0.17306306,53 MOV
53,MOV,25.6111,0.17343091,53 MOV
53,MOV,25.7333,0.17379882,53 MOV
53,MOV,25.8556,0.17416707,53 MOV
53,MOV,25.9778,0.17453507,53 MOV
53,MOV,26.1,0.17490312,53 MOV
53,MOV,26.5333,0.17620847,53 MOV
53,MOV,26.9667,0.17751458,53 MOV
53,MOV,27.4,0.17882075,53 MOV
53,MOV,27.8333,0.18012722,53 MOV
53,MOV,28.2667,0.18143421,53 MOV
53,MOV,28.7,0.18274103,53 MOV
53,MOV,29.1333,0.18404792,53 MOV
53,MOV,29.5667,0.18535511,53 MOV
53,MOV,30.0,0.18666193,53 MOV
53,MOV,30.7333,0.1888732,53 MOV
53,MOV,31.4667,0.19108408,53 MOV
53,MOV,32.2,0.19329367,53 MOV
53,MOV,32.9333,0.19550199,53 MOV
53,MOV,33.6667,0.19770908,53 MOV
53,MOV,34.4,0.19991408,53 MOV
53,MOV,35.1333,0.20211706,53 MOV
53,MOV,35.8667,0.20431807,53 MOV
53,MOV,36.6,0.20651631,53 MOV
53,MOV,36.7,0.20681588,53 MOV
53,MOV,36.8,0.2071154,53 MOV
53,MOV,36.9,0.20741487,53 MOV
53,MOV,37.0,0.20771429,53 MOV
53,MOV,37.1,0.20801365,53 MOV
53,MOV,37.2,0.20831296,53 MOV
53,MOV,37.3,0.20861222,53 MOV
53,MOV,37.4,0.20891143,53 MOV
53,MOV,37.5,0.20921058,53 MOV
53,MOV,38.3333,0.21170124,53 MOV
53,MOV,39.1667,0.21418813,53 MOV
53,MOV,40.0,0.2166704,53 MOV
53,MOV,40.8333,0.21914808,53 MOV
53,MOV,41.6667,0.22162125,53 MOV
53,MOV,42.5,0.22408907,53 MOV
53,MOV,43.3333,0.22655164,53 MOV
53,MOV,44.1667,0.22900904,53 MOV
53,MOV,45.0,0.23146048,53 MOV
53,MOV,45.5556,0.23309174,53 MOV
53,MOV,46.1111,0.23472006,53 MOV
53,MOV,46.6667,0.23634598,53 MOV
53,MOV,47.2222,0.23796885,53 MOV
53,MOV,47.7778,0.23958922,53 MOV
53,MOV,48.3333,0.24120646,53 MOV
53,MOV,48.8889,0.24282111,53 MOV
53,MOV,49.4444,0.24443254,53 MOV
53,MOV,50.0,0.24604129,53 MOV
53,MOV,50.1222,0.24639473,53 MOV
53,MOV,50.2444,0.24674801,53 MOV
53,MOV,50.3667,0.24710144,53 MOV
53,MOV,50.4889,0.24745443,53 MOV
53,MOV,50.6111,0.24780727,53 MOV
53,MOV,50.7333,0.24815997,53 MOV
53,MOV,50.8556,0.24851281,53 MOV
53,MOV,50.9778,0.24886521,53 MOV
53,MOV,51.1,0.24921746,53 MOV
53,MOV,53.3667,0.255724,53 MOV
53,MOV,55.6333,0.26217669,53 MOV
53,MOV,57.9,0.26857414,53 MOV
53,MOV,60.1667,0.27491437,53 MOV
53,MOV,62.4333,0.28119567,53 MOV
53,MOV,64.7,0.28741738,53 MOV
53,MOV,66.9667,0.29357821,53 MOV
53,MOV,69.2333,0.29967706,53 MOV
53,MOV,71.5,0.30571382,53 MOV
53,MOV,74.6667,0.31404209,53 MOV
53,MOV,77.8333,0.32224637,53 MOV
53,MOV,81.0,0.33032663,53 MOV
53,MOV,84.1667,0.33828239,53 MOV
53,MOV,87.3333,0.34611355,53 MOV
53,MOV,90.5,0.353821,53 MOV
53,MOV,93.6667,0.36140514,53 MOV
53,MOV,96.8333,0.36886657,53 MOV
53,MOV,100.0,0.3762068,53 MOV
5360,AUC,,,5360 AUC
5360,MOV,0.0,0.04999995,5360 MOV
5360,MOV,0.1111,0.39284332,5360 MOV
5360,MOV,0.2222,0.3928452,5360 MOV
5360,MOV,0.3333,0.3928463,5360 MOV
5360,MOV,0.4444,0.39284709,5360 MOV
5360,MOV,0.5556,0.39284769,5360 MOV
5360,MOV,0.6667,0.39284819,5360 MOV
5360,MOV,0.7778,0.39284861,5360 MOV
5360,MOV,0.8889,0.39284897,5360 MOV
5360,MOV,1.0,0.39284929,5360 MOV
5360,MOV,1.4944,0.39285038,5360 MOV
5360,MOV,1.9889,0.39285116,5360 MOV
5360,MOV,2.4833,0.39285176,5360 MOV
5360,MOV,2.9778,0.39285226,5360 MOV
5360,MOV,3.4722,0.39285267,5360 MOV
5360,MOV,3.9667,0.39285304,5360 MOV
5360,MOV,4.4611,0.39285336,5360 MOV
5360,MOV,4.9556,0.39285364,5360 MOV
5360,MOV,5.45,0.3928539,5360 MOV
5360,MOV,5.9456,0.39285414,5360 MOV
5360,MOV,6.4411,0.39285435,5360 MOV
5360,MOV,6.9367,0.39285456,5360 MOV
5360,MOV,7.4322,0.39285474,5360 MOV
5360,MOV,7.9278,0.39285492,5360 MOV
5360,MOV,8.4233,0.39285508,5360 MOV
5360,MOV,8.9189,0.39285524,5360 MOV
5360,MOV,9.4144,0.39285539,5360 MOV
5360,MOV,9.91,0.39285553,5360 MOV
5360,MOV,10.4089,0.39285566,5360 MOV
5360,MOV,10.9078,0.39285579,5360 MOV
5360,MOV,11.4067,0.39285591,5360 MOV
5360,MOV,11.9056,0.39285602,5360 MOV
5360,MOV,12.4044,0.39285614,5360 MOV
5360,MOV,12.9033,0.39285624,5360 MOV
5360,MOV,13.4022,0.39285635,5360 MOV
5360,MOV,13.9011,0.39285645,5360 MOV
5360,MOV,14.4,0.39285654,5360 MOV
5360,MOV,14.8889,0.39285663,5360 MOV
5360,MOV,15.3778,0.39285672,5360 MOV
5360,MOV,15.8667,0.3928568,5360 MOV
5360,MOV,16.3556,0.39285689,5360 MOV
5360,MOV,16.8444,0.39285697,5360 MOV
5360,MOV,17.3333,0.39285705,5360 MOV
5360,MOV,17.8222,0.39285712,5360 MOV
5360,MOV,18.3111,0.39285719,5360 MOV
5360,MOV,18.8,0.39285727,5360 MOV
5360,MOV,19.3,0.39285734,5360 MOV
5360,MOV,19.8,0.39285741,5360 MOV
5360,MOV,20.3,0.39285747,5360 MOV
5360,MOV,20.8,0.39285754,5360 MOV
5360,MOV,21.3,0.39285761,5360 MOV
5360,MOV,21.8,0.39285767,5360 MOV
5360,MOV,22.3,0.39285773,5360 MOV
5360,MOV,22.8,0.39285779,5360 MOV
5360,MOV,23.3,0.39285785,5360 MOV
5360,MOV,23.7889,0.39285791,5360 MOV
5360,MOV,24.2778,0.39285796,5360 MOV
5360,MOV,24.7667,0.39285802,5360 MOV
5360,MOV,25.2556,0.39285807,5360 MOV
5360,MOV,25.7444,0.39285812,5360 MOV
5360,MOV,26.2333,0.39285817,5360 MOV
5360,MOV,26.7222,0.39285822,5360 MOV
5360,MOV,27.2111,0.39285827,5360 MOV
5360,MOV,27.7,0.39285832,5360 MOV
5360,MOV,28.2,0.39285837,5360 MOV
5360,MOV,28.7,0.39285842,5360 MOV
5360,MOV,29.2,0.39285846,5360 MOV
5360,MOV,29.7,0.39285851,5360 MOV
5360,MOV,30.2,0.39285855,5360 MOV
5360,MOV,30.7,0.3928586,5360 MOV
5360,MOV,31.2,0.39285864,5360 MOV
5360,MOV,31.7,0.39285869,5360 MOV
5360,MOV,32.2,0.39285873,5360 MOV
5360,MOV,32.6889,0.39285877,5360 MOV
5360,MOV,33.1778,0.39285881,5360 MOV
5360,MOV,33.6667,0.39285885,5360 MOV
5360,MOV,34.1556,0.39285889,5360 MOV
5360,MOV,34.6444,0.39285893,5360 MOV
5360,MOV,35.1333,0.39285897,5360 MOV
5360,MOV,35.6222,0.392859,5360 MOV
5360,MOV,36.1111,0.39285904,5360 MOV
5360,MOV,36.6,0.39285908,5360 MOV
5360,MOV,37.1,0.39285911,5360 MOV
5360,MOV,37.6,0.39285915,5360 MOV
5360,MOV,38.1,0.39285919,5360 MOV
5360,MOV,38.6,0.39285922,5360 MOV
5360,MOV,39.1,0.39285926,5360 MOV
5360,MOV,39.6,0.39285929,5360 MOV
5360,MOV,40.1,0.39285933,5360 MOV
5360,MOV,40.6,0.39285936,5360 MOV
5360,MOV,41.1,0.39285939,5360 MOV
5360,MOV,41.5889,0.39285942,5360 MOV
5360,MOV,42.0778,0.39285946,5360 MOV
5360,MOV,42.5667,0.39285949,5360 MOV
5360,MOV,43.0556,0.39285952,5360 MOV
5360,MOV,43.5444,0.39285955,5360 MOV
5360,MOV,44.0333,0.39285958,5360 MOV
5360,MOV,44.5222,0.39285961,5360 MOV
5360,MOV,45.0111,0.39285964,5360 MOV
5360,MOV,45.5,0.39285967,5360 MOV
5360,MOV,46.0,0.3928597,5360 MOV
5360,MOV,46.5,0.39285973,5360 MOV
5360,MOV,47.0,0.39285976,5360 MOV
5360,MOV,47.5,0.39285979,5360 MOV
5360,MOV,48.0,0.39285981,5360 MOV
5360,MOV,48.5,0.39285984,5360 MOV
5360,MOV,49.0,0.39285987,5360 MOV
5360,MOV,49.5,0.3928599,5360 MOV
5360,MOV,50.0,0.39285992,5360 MOV
5670,AUC,,,5670 AUC
5670,MOV,,,5670 MOV
60,AUC,,,60 AUC
60,MOV,,,60 MOV
64,AUC,0.0,0.03371234,64 AUC
64,AUC,0.3472,0.03514719,64 AUC
64,AUC,0.6944,0.03657991,64 AUC
64,AUC,1.0417,0.03801092,64 AUC
64,AUC,1.3889,0.03943938,64 AUC
64,AUC,1.7361,0.04086573,64 AUC
64,AUC,2.0833,0.04228996,64 AUC
64,AUC,2.4306,0.04371248,64 AUC
64,AUC,2.7778,0.04513249,64 AUC
64,AUC,3.125,0.04655038,64 AUC
64,AUC,3.4722,0.04796617,64 AUC
64,AUC,3.8194,0.04937985,64 AUC
64,AUC,4.1667,0.05079185,64 AUC
64,AUC,4.5139,0.05220134,64 AUC
64,AUC,4.8611,0.05360873,64 AUC
64,AUC,5.2083,0.05501404,64 AUC
64,AUC,5.5556,0.05641766,64 AUC
64,AUC,5.9028,0.0578188,64 AUC
64,AUC,6.25,0.05921785,64 AUC
64,AUC,6.9444,0.06200974,64 AUC
64,AUC,7.6389,0.06479373,64 AUC
64,AUC,8.3333,0.06756907,64 AUC
64,AUC,9.0278,0.07033656,64 AUC
64,AUC,9.7222,0.07309545,64 AUC
64,AUC,10.4167,0.07584654,64 AUC
64,AUC,11.1111,0.07858907,64 AUC
64,AUC,11.8056,0.08132386,64 AUC
64,AUC,12.5,0.08405014,64 AUC
64,AUC,13.8889,0.08947884,64 AUC
64,AUC,15.2778,0.09487537,64 AUC
64,AUC,16.6667,0.10023991,64 AUC
64,AUC,18.0556,0.10557265,64 AUC
64,AUC,19.4444,0.11087341,64 AUC
64,AUC,20.8333,0.11614313,64 AUC
64,AUC,22.2222,0.12138162,64 AUC
64,AUC,23.6111,0.12658906,64 AUC
64,AUC,25.0,0.13176564,64 AUC
64,AUC,25.5556,0.13382782,64 AUC
64,AUC,26.1111,0.13588473,64 AUC
64,AUC,26.6667,0.13793713,64 AUC
64,AUC,27.2222,0.13998428,64 AUC
64,AUC,27.7778,0.14202694,64 AUC
64,AUC,28.3333,0.14406438,64 AUC
64,AUC,28.8889,0.14609735,64 AUC
64,AUC,29.4444,0.14812512,64 AUC
64,AUC,30.0,0.15014844,64 AUC
64,AUC,30.8333,0.15317406,64 AUC
64,AUC,31.6667,0.15618926,64 AUC
64,AUC,32.5,0.15919337,64 AUC
64,AUC,33.3333,0.16218678,64 AUC
64,AUC,34.1667,0.1651699,64 AUC
64,AUC,35.0,0.16814203,64 AUC
64,AUC,35.8333,0.17110359,64 AUC
64,AUC,36.6667,0.17405495,64 AUC
64,AUC,37.5,0.17699545,64 AUC
64,AUC,38.3333,0.17992549,64 AUC
64,AUC,39.1667,0.18284544,64 AUC
64,AUC,40.0,0.18575465,64 AUC
64,AUC,40.8333,0.1886535,64 AUC
64,AUC,41.6667,0.19154238,64 AUC
64,AUC,42.5,0.19442062,64 AUC
64,AUC,43.3333,0.19728862,64 AUC
64,AUC,44.1667,0.20014675,64 AUC
64,AUC,45.0,0.20299436,64 AUC
64,AUC,45.5556,0.20488736,64 AUC
64,AUC,46.1111,0.20677553,64 AUC
64,AUC,46.6667,0.20865955,64 AUC
64,AUC,47.2222,0.21053875,64 AUC
64,AUC,47.7778,0.21241383,64 AUC
64,AUC,48.3333,0.21428413,64 AUC
64,AUC,48.8889,0.21615031,64 AUC
64,AUC,49.4444,0.21801173,64 AUC
64,AUC,50.0,0.21986906,64 AUC
64,MOV,0.0,0.16467006,64 MOV
64,MOV,0.3472,0.16470481,64 MOV
64,MOV,0.6944,0.1647924,64 MOV
64,MOV,1.0417,0.16492555,64 MOV
64,MOV,1.3889,0.16510078,64 MOV
64,MOV,1.7361,0.16531588,64 MOV
64,MOV,2.0833,0.16556921,64 MOV
64,MOV,2.4306,0.16585954,64 MOV
64,MOV,2.7778,0.16618564,64 MOV
64,MOV,3.125,0.16654665,64 MOV
64,MOV,3.4722,0.16694179,64 MOV
64,MOV,3.8194,0.16737035,64 MOV
64,MOV,4.1667,0.16783182,64 MOV
64,MOV,4.5139,0.16832536,64 MOV
64,MOV,4.8611,0.16885057,64 MOV
64,MOV,5.2083,0.16940695,64 MOV
64,MOV,5.5556,0.16999422,64 MOV
64,MOV,5.9028,0.17061161,64 MOV
64,MOV,6.25,0.17125886,64 MOV
64,MOV,6.9444,0.17264146,64 MOV
64,MOV,7.6389,0.17413933,64 MOV
64,MOV,8.3333,0.17574937,64 MOV
64,MOV,9.0278,0.17746956,64 MOV
64,MOV,9.7222,0.17929704,64 MOV
64,MOV,10.4167,0.1812301,64 MOV
64,MOV,11.1111,0.18326605,64 MOV
64,MOV,11.8056,0.1854034,64 MOV
64,MOV,12.5,0.18763955,64 MOV
64,MOV,13.8889,0.19240179,64 MOV
64,MOV,15.2778,0.19753776,64 MOV
64,MOV,16.6667,0.20303302,64 MOV
64,MOV,18.0556,0.20887353,64 MOV
64,MOV,19.4444,0.21504512,64 MOV
64,MOV,20.8333,0.22153519,64 MOV
64,MOV,22.2222,0.22833003,64 MOV
64,MOV,23.6111,0.2354165,64 MOV
64,MOV,25.0,0.24278159,64 MOV
64,MOV,25.5556,0.24580297,64 MOV
64,MOV,26.1111,0.24886549,64 MOV
64,MOV,26.6667,0.25196944,64 MOV
64,MOV,27.2222,0.25511288,64 MOV
64,MOV,27.7778,0.25829614,64 MOV
64,MOV,28.3333,0.26151726,64 MOV
64,MOV,28.8889,0.26477659,64 MOV
64,MOV,29.4444,0.26807215,64 MOV
64,MOV,30.0,0.27140433,64 MOV
64,MOV,30.8333,0.27646777,64 MOV
64,MOV,31.6667,0.28160837,64 MOV
64,MOV,32.5,0.28682222,64 MOV
64,MOV,33.3333,0.29210726,64 MOV
64,MOV,34.1667,0.29746149,64 MOV
64,MOV,35.0,0.30288099,64 MOV
64,MOV,35.8333,0.30836376,64 MOV
64,MOV,36.6667,0.31390788,64 MOV
64,MOV,37.5,0.31950941,64 MOV
64,MOV,38.3333,0.32516645,64 MOV
64,MOV,39.1667,0.33087713,64 MOV
64,MOV,40.0,0.33663754,64 MOV
64,MOV,40.8333,0.34244584,64 MOV
64,MOV,41.6667,0.34830024,64 MOV
64,MOV,42.5,0.35419686,64 MOV
64,MOV,43.3333,0.36013392,64 MOV
64,MOV,44.1667,0.36610973,64 MOV
64,MOV,45.0,0.37212043,64 MOV
64,MOV,45.5556,0.37614664,64 MOV
64,MOV,46.1111,0.38018619,64 MOV
64,MOV,46.6667,0.38423984,64 MOV
64,MOV,47.2222,0.38830542,64 MOV
64,MOV,47.7778,0.39238372,64 MOV
64,MOV,48.3333,0.39647258,64 MOV
64,MOV,48.8889,0.40057281,64 MOV
64,MOV,49.4444,0.40468225,64 MOV
64,MOV,50.0,0.40880171,64 MOV
646,AUC,,,646 AUC
646,MOV,,,646 MOV
66,AUC,,,66 AUC
66,MOV,,,66 MOV
660,AUC,,,660 AUC
660,MOV,,,660 MOV
69,AUC,,,69 AUC
69,MOV,0.0,0.12707417,69 MOV
69,MOV,0.2778,0.12967651,69 MOV
69,MOV,0.5556,0.13128266,69 MOV
69,MOV,0.8333,0.13264851,69 MOV
69,MOV,1.1111,0.13387914,69 MOV
69,MOV,1.3889,0.13501772,69 MOV
69,MOV,1.6667,0.13608788,69 MOV
69,MOV,1.9444,0.13710393,69 MOV
69,MOV,2.2222,0.13807646,69 MOV
69,MOV,2.5,0.13901214,69 MOV
69,MOV,2.5694,0.13924079,69 MOV
69,MOV,2.6389,0.13946787,69 MOV
69,MOV,2.7083,0.13969279,69 MOV
69,MOV,2.7778,0.13991626,69 MOV
69,MOV,2.8472,0.14013769,69 MOV
69,MOV,2.9167,0.14035778,69 MOV
69,MOV,2.9861,0.14057595,69 MOV
69,MOV,3.0556,0.14079286,69 MOV
69,MOV,3.125,0.14100795,69 MOV
69,MOV,3.1667,0.14113649,69 MOV
69,MOV,3.2083,0.14126419,69 MOV
69,MOV,3.25,0.14139169,69 MOV
69,MOV,3.2917,0.14151868,69 MOV
69,MOV,3.3333,0.14164488,69 MOV
69,MOV,3.375,0.14177089,69 MOV
69,MOV,3.4167,0.14189642,69 MOV
69,MOV,3.4583,0.14202118,69 MOV
69,MOV,3.5,0.14214578,69 MOV
69,MOV,3.6544,0.14260318,69 MOV
69,MOV,3.8089,0.14305494,69 MOV
69,MOV,3.9633,0.14350078,69 MOV
69,MOV,4.1178,0.14394157,69 MOV
69,MOV,4.2722,0.14437699,69 MOV
69,MOV,4.4267,0.14480784,69 MOV
69,MOV,4.5811,0.14523378,69 MOV
69,MOV,4.7356,0.14565558,69 MOV
69,MOV,4.89,0.14607286,69 MOV
69,MOV,5.0411,0.14647729,69 MOV
69,MOV,5.1922,0.14687797,69 MOV
69,MOV,5.3433,0.14727506,69 MOV
69,MOV,5.4944,0.14766868,69 MOV
69,MOV,5.6456,0.14805921,69 MOV
69,MOV,5.7967,0.14844625,69 MOV
69,MOV,5.9478,0.14883017,69 MOV
69,MOV,6.0989,0.14921108,69 MOV
69,MOV,6.25,0.14958906,69 MOV
69,MOV,6.3156,0.14975227,69 MOV
69,MOV,6.3811,0.14991471,69 MOV
69,MOV,6.4467,0.15007688,69 MOV
69,MOV,6.5122,0.15023829,69 MOV
69,MOV,6.5778,0.15039944,69 MOV
69,MOV,6.6433,0.15055985,69 MOV
69,MOV,6.7089,0.15072001,69 MOV
69,MOV,6.7744,0.15087944,69 MOV
69,MOV,6.84,0.15103864,69 MOV
69,MOV,7.1422,0.15176596,69 MOV
69,MOV,7.4444,0.15248376,69 MOV
69,MOV,7.7467,0.15319276,69 MOV
69,MOV,8.0489,0.15389295,69 MOV
69,MOV,8.3511,0.15458498,69 MOV
69,MOV,8.6533,0.15526923,69 MOV
69,MOV,8.9556,0.15594627,69 MOV
69,MOV,9.2578,0.15661598,69 MOV
69,MOV,9.56,0.15727888,69 MOV
69,MOV,9.8867,0.15798818,69 MOV
69,MOV,10.2133,0.15868996,69 MOV
69,MOV,10.54,0.15938495,69 MOV
69,MOV,10.8667,0.1600732,69 MOV
69,MOV,11.1933,0.16075477,69 MOV
69,MOV,11.52,0.16143033,69 MOV
69,MOV,11.8467,0.16209988,69 MOV
69,MOV,12.1733,0.16276345,69 MOV
69,MOV,12.5,0.16342162,69 MOV
69,MOV,12.6,0.163622,69 MOV
69,MOV,12.7,0.16382187,69 MOV
69,MOV,12.8,0.16402125,69 MOV
69,MOV,12.9,0.16422013,69 MOV
69,MOV,13.0,0.16441853,69 MOV
69,MOV,13.1,0.16461645,69 MOV
69,MOV,13.2,0.16481389,69 MOV
69,MOV,13.3,0.16501086,69 MOV
69,MOV,13.4,0.16520737,69 MOV
69,MOV,13.9889,0.16635533,69 MOV
69,MOV,14.5778,0.1674881,69 MOV
69,MOV,15.1667,0.16860646,69 MOV
69,MOV,15.7556,0.16971112,69 MOV
69,MOV,16.3444,0.17080256,69 MOV
69,MOV,16.9333,0.17188174,69 MOV
69,MOV,17.5222,0.17294903,69 MOV
69,MOV,18.1111,0.17400494,69 MOV
69,MOV,18.7,0.17504995,69 MOV
69,MOV,19.4,0.17627851,69 MOV
69,MOV,20.1,0.17749295,69 MOV
69,MOV,20.8,0.1786939,69 MOV
69,MOV,21.5,0.17988193,69 MOV
69,MOV,22.2,0.18105758,69 MOV
69,MOV,22.9,0.18222134,69 MOV
69,MOV,23.6,0.18337367,69 MOV
69,MOV,24.3,0.18451501,69 MOV
69,MOV,25.0,0.18564575,69 MOV
69,MOV,25.1222,0.18584208,69 MOV
69,MOV,25.2444,0.18603811,69 MOV
69,MOV,25.3667,0.18623399,69 MOV
69,MOV,25.4889,0.1864294,69 MOV
69,MOV,25.6111,0.18662451,69 MOV
69,MOV,25.7333,0.18681932,69 MOV
69,MOV,25.8556,0.18701399,69 MOV
69,MOV,25.9778,0.18720819,69 MOV
69,MOV,26.1,0.18740211,69 MOV
69,MOV,26.5333,0.18808732,69 MOV
69,MOV,26.9667,0.18876906,69 MOV
69,MOV,27.4,0.18944708,69 MOV
69,MOV,27.8333,0.19012162,69 MOV
69,MOV,28.2667,0.19079289,69 MOV
69,MOV,28.7,0.19146066,69 MOV
69,MOV,29.1333,0.19212514,69 MOV
69,MOV,29.5667,0.19278655,69 MOV
69,MOV,30.0,0.19344463,69 MOV
69,MOV,30.7333,0.1945513,69 MOV
69,MOV,31.4667,0.19564948,69 MOV
69,MOV,32.2,0.19673912,69 MOV
69,MOV,32.9333,0.19782062,69 MOV
69,MOV,33.6667,0.19889435,69 MOV
69,MOV,34.4,0.19996023,69 MOV
69,MOV,35.1333,0.20101862,69 MOV
69,MOV,35.8667,0.20206985,69 MOV
69,MOV,36.6,0.20311382,69 MOV
69,MOV,36.7,0.20325565,69 MOV
69,MOV,36.8,0.20339735,69 MOV
69,MOV,36.9,0.20353891,69 MOV
69,MOV,37.0,0.20368036,69 MOV
69,MOV,37.1,0.20382167,69 MOV
69,MOV,37.2,0.20396286,69 MOV
69,MOV,37.3,0.20410392,69 MOV
69,MOV,37.4,0.20424485,69 MOV
69,MOV,37.5,0.20438566,69 MOV
69,MOV,38.3333,0.20555421,69 MOV
69,MOV,39.1667,0.20671444,69 MOV
69,MOV,40.0,0.20786631,69 MOV
69,MOV,40.8333,0.20901017,69 MOV
69,MOV,41.6667,0.21014636,69 MOV
69,MOV,42.5,0.2112748,69 MOV
69,MOV,43.3333,0.21239581,69 MOV
69,MOV,44.1667,0.2135097,69 MOV
69,MOV,45.0,0.21461639,69 MOV
69,MOV,45.5556,0.21535041,69 MOV
69,MOV,46.1111,0.21608127,69 MOV
69,MOV,46.6667,0.21680928,69 MOV
69,MOV,47.2222,0.21753423,69 MOV
69,MOV,47.7778,0.2182564,69 MOV
69,MOV,48.3333,0.2189756,69 MOV
69,MOV,48.8889,0.21969211,69 MOV
69,MOV,49.4444,0.22040571,69 MOV
69,MOV,50.0,0.22111671,69 MOV
69,MOV,50.1222,0.22127273,69 MOV
69,MOV,50.2444,0.22142862,69 MOV
69,MOV,50.3667,0.2215845,69 MOV
69,MOV,50.4889,0.22174013,69 MOV
69,MOV,50.6111,0.22189562,69 MOV
69,MOV,50.7333,0.22205099,69 MOV
69,MOV,50.8556,0.22220636,69 MOV
69,MOV,50.9778,0.22236147,69 MOV
69,MOV,51.1,0.22251646,69 MOV
69,MOV,53.3667,0.22536866,69 MOV
69,MOV,55.6333,0.22817928,69 MOV
69,MOV,57.9,0.23095066,69 MOV
69,MOV,60.1667,0.23368455,69 MOV
69,MOV,62.4333,0.23638256,69 MOV
69,MOV,64.7,0.23904652,69 MOV
69,MOV,66.9667,0.24167776,69 MOV
69,MOV,69.2333,0.24427751,69 MOV
69,MOV,71.5,0.24684726,69 MOV
69,MOV,74.6667,0.25038908,69 MOV
69,MOV,77.8333,0.25387714,69 MOV
69,MOV,81.0,0.25731429,69 MOV
69,MOV,84.1667,0.26070283,69 MOV
69,MOV,87.3333,0.26404484,69 MOV
69,MOV,90.5,0.26734255,69 MOV
69,MOV,93.6667,0.2705977,69 MOV
69,MOV,96.8333,0.27381192,69 MOV
69,MOV,100.0,0.27698699,69 MOV
700,AUC,,,700 AUC
700,MOV,,,700 MOV
702,AUC,,,702 AUC
702,MOV,,,702 MOV
961,AUC,,,961 AUC
961,MOV,,,961 MOV
