Chemical_ID,End_Point,Dose,bmdrc.Endpoint.ID,num.affected,num.nonna,CI_Lo,CI_Hi,Response
1016,AUC,0.0,1016 AUC,0.0,5,0.0,0.43448246,0.0
1016,AUC,0.015,1016 AUC,2.0,2,0.34238023,1.0,1.0
1016,AUC,0.046,1016 AUC,0.0,1,0.0,0.79345069,0.0
1016,AUC,0.41,1016 AUC,1.0,3,0.06149194,0.7923404,0.33333333
1016,AUC,1.23,1016 AUC,1.0,2,0.09453121,0.90546879,0.5
1016,AUC,3.7,1016 AUC,0.0,1,0.0,0.79345069,0.0
1016,AUC,11.1,1016 AUC,1.0,1,0.20654931,1.0,1.0
1016,AUC,33.3,1016 AUC,1.0,2,0.09453121,0.90546879,0.5
1016,AUC,66.5,1016 AUC,1.0,3,0.06149194,0.7923404,0.33333333
1016,AUC,100.0,1016 AUC,0.0,2,0.0,0.65761977,0.0
1016,MOV,0.0,1016 MOV,0.0,5,0.0,0.43448246,0.0
1016,MOV,0.015,1016 MOV,0.0,2,0.0,0.65761977,0.0
1016,MOV,0.046,1016 MOV,0.0,1,0.0,0.79345069,0.0
1016,MOV,0.41,1016 MOV,0.0,3,0.0,0.56149703,0.0
1016,MOV,1.23,1016 MOV,0.0,2,0.0,0.65761977,0.0
1016,MOV,3.7,1016 MOV,0.0,1,0.0,0.79345069,0.0
1016,MOV,11.1,1016 MOV,0.0,1,0.0,0.79345069,0.0
1016,MOV,33.3,1016 MOV,1.0,2,0.09453121,0.90546879,0.5
1016,MOV,66.5,1016 MOV,1.0,3,0.06149194,0.7923404,0.33333333
1016,MOV,100.0,1016 MOV,0.0,2,0.0,0.65761977,0.0
1376,AUC,0.0,1376 AUC,2.0,28,0.01981206,0.22645363,0.07142857
1376,AUC,1.0,1376 AUC,4.0,29,0.0549744,0.30558994,0.13793103
1376,AUC,5.0,1376 AUC,4.0,27,0.05915928,0.32478685,0.14814815
1376,AUC,11.2,1376 AUC,6.0,31,0.09187008,0.36280258,0.19354839
1376,AUC,35.6,1376 AUC,8.0,24,0.1797219,0.53293683,0.33333333
1376,AUC,50.0,1376 AUC,9.0,20,0.25819786,0.65791466,0.45
1376,MOV,0.0,1376 MOV,4.0,28,0.05699005,0.31489802,0.14285714
1376,MOV,1.0,1376 MOV,6.0,29,0.0984607,0.3839009,0.20689655
1376,MOV,5.0,1376 MOV,4.0,27,0.05915928,0.32478685,0.14814815
1376,MOV,11.2,1376 MOV,3.0,31,0.03346464,0.24899938,0.09677419
1376,MOV,35.6,1376 MOV,4.0,24,0.06678676,0.35853071,0.16666667
1376,MOV,50.0,1376 MOV,1.0,20,0.00888145,0.23613119,0.05
1947,AUC,0.0,1947 AUC,2.0,14,0.04009392,0.39941379,0.14285714
1947,AUC,100.0,1947 AUC,0.0,14,0.0,0.2153108,0.0
1947,MOV,0.0,1947 MOV,1.0,14,0.01272222,0.31468704,0.07142857
1947,MOV,100.0,1947 MOV,1.0,14,0.01272222,0.31468704,0.07142857
2323,AUC,0.0,2323 AUC,2.0,29,0.01912127,0.2196458,0.06896552
2323,AUC,3.125,2323 AUC,1.0,29,0.00611321,0.17175522,0.03448276
2323,AUC,6.25,2323 AUC,1.0,31,0.00571722,0.16194105,0.03225806
2323,AUC,12.5,2323 AUC,1.0,30,0.00590859,0.16670391,0.03333333
2323,AUC,25.0,2323 AUC,2.0,31,0.01787478,0.20718637,0.06451613
2323,AUC,50.0,2323 AUC,2.0,29,0.01912127,0.2196458,0.06896552
2323,MOV,0.0,2323 MOV,7.0,29,0.12218422,0.42107602,0.24137931
2323,MOV,3.125,2323 MOV,3.0,29,0.03581489,0.26385081,0.10344828
2323,MOV,6.25,2323 MOV,9.0,31,0.160958,0.46592329,0.29032258
2323,MOV,12.5,2323 MOV,5.0,30,0.07336542,0.33564351,0.16666667
2323,MOV,25.0,2323 MOV,6.0,31,0.09187008,0.36280258,0.19354839
2323,MOV,50.0,2323 MOV,3.0,29,0.03581489,0.26385081,0.10344828
250,AUC,0.0,250 AUC,1.0,31,0.00571722,0.16194105,0.03225806
250,AUC,3.125,250 AUC,0.0,29,0.0,0.1169698,0.0
250,AUC,6.25,250 AUC,2.0,30,0.01847702,0.21323458,0.06666667
250,AUC,12.5,250 AUC,1.0,28,0.00633252,0.17712198,0.03571429
250,AUC,25.0,250 AUC,1.0,28,0.00633252,0.17712198,0.03571429
250,AUC,50.0,250 AUC,1.0,18,0.00987519,0.25757301,0.05555556
250,MOV,0.0,250 MOV,4.0,31,0.05134284,0.28852406,0.12903226
250,MOV,3.125,250 MOV,6.0,29,0.0984607,0.3839009,0.20689655
250,MOV,6.25,250 MOV,5.0,30,0.07336542,0.33564351,0.16666667
250,MOV,12.5,250 MOV,1.0,28,0.00633252,0.17712198,0.03571429
250,MOV,25.0,250 MOV,5.0,28,0.07878502,0.35591425,0.17857143
250,MOV,50.0,250 MOV,3.0,18,0.05836577,0.39222038,0.16666667
2532,AUC,0.0,2532 AUC,536.0,3629,0.13652815,0.1596151,0.14769909
2532,AUC,14.3,2532 AUC,2.0,10,0.05668215,0.50983753,0.2
2532,AUC,19.3,2532 AUC,85.0,258,0.27497436,0.38894441,0.32945736
2532,AUC,24.2,2532 AUC,47.0,137,0.26882637,0.4258658,0.34306569
2532,AUC,29.1,2532 AUC,32.0,81,0.29568104,0.50394523,0.39506173
2532,AUC,34.0,2532 AUC,23.0,49,0.33703504,0.60619136,0.46938776
2532,MOV,0.0,2532 MOV,146.0,3629,0.03430932,0.04712596,0.04023147
2532,MOV,14.3,2532 MOV,1.0,10,0.01787621,0.40415003,0.1
2532,MOV,19.3,2532 MOV,25.0,258,0.06649748,0.1391287,0.09689922
2532,MOV,24.2,2532 MOV,9.0,137,0.03494334,0.120135,0.06569343
2532,MOV,29.1,2532 MOV,5.0,81,0.02665251,0.13649248,0.0617284
2532,MOV,34.0,2532 MOV,5.0,49,0.04437955,0.21756362,0.10204082
2585,AUC,0.0,2585 AUC,1.0,5,0.03622411,0.62446537,0.2
2585,AUC,0.015,2585 AUC,0.0,3,0.0,0.56149703,0.0
2585,AUC,0.046,2585 AUC,1.0,3,0.06149194,0.7923404,0.33333333
2585,AUC,0.14,2585 AUC,0.0,1,0.0,0.79345069,0.0
2585,AUC,0.41,2585 AUC,0.0,1,0.0,0.79345069,0.0
2585,AUC,1.23,2585 AUC,1.0,3,0.06149194,0.7923404,0.33333333
2585,AUC,33.3,2585 AUC,0.0,1,0.0,0.79345069,0.0
2585,AUC,66.5,2585 AUC,3.0,5,0.23072428,0.88237923,0.6
2585,AUC,100.0,2585 AUC,2.0,3,0.2076596,0.93850806,0.66666667
2585,MOV,0.0,2585 MOV,0.0,5,0.0,0.43448246,0.0
2585,MOV,0.015,2585 MOV,0.0,3,0.0,0.56149703,0.0
2585,MOV,0.046,2585 MOV,0.0,3,0.0,0.56149703,0.0
2585,MOV,0.14,2585 MOV,0.0,1,0.0,0.79345069,0.0
2585,MOV,0.41,2585 MOV,0.0,1,0.0,0.79345069,0.0
2585,MOV,1.23,2585 MOV,0.0,3,0.0,0.56149703,0.0
2585,MOV,33.3,2585 MOV,0.0,1,0.0,0.79345069,0.0
2585,MOV,66.5,2585 MOV,2.0,5,0.11762077,0.76927572,0.4
2585,MOV,100.0,2585 MOV,0.0,3,0.0,0.56149703,0.0
2589,AUC,0.0,2589 AUC,0.0,2,0.0,0.65761977,0.0
2589,AUC,0.14,2589 AUC,1.0,2,0.09453121,0.90546879,0.5
2589,AUC,0.41,2589 AUC,1.0,1,0.20654931,1.0,1.0
2589,AUC,1.23,2589 AUC,0.0,1,0.0,0.79345069,0.0
2589,AUC,3.7,2589 AUC,0.0,1,0.0,0.79345069,0.0
2589,AUC,11.1,2589 AUC,1.0,3,0.06149194,0.7923404,0.33333333
2589,AUC,33.3,2589 AUC,0.0,1,0.0,0.79345069,0.0
2589,MOV,0.0,2589 MOV,0.0,2,0.0,0.65761977,0.0
2589,MOV,0.14,2589 MOV,0.0,2,0.0,0.65761977,0.0
2589,MOV,0.41,2589 MOV,0.0,1,0.0,0.79345069,0.0
2589,MOV,1.23,2589 MOV,0.0,1,0.0,0.79345069,0.0
2589,MOV,3.7,2589 MOV,0.0,1,0.0,0.79345069,0.0
2589,MOV,11.1,2589 MOV,0.0,3,0.0,0.56149703,0.0
2589,MOV,33.3,2589 MOV,0.0,1,0.0,0.79345069,0.0
2596,AUC,0.0,2596 AUC,0.0,4,0.0,0.48989084,0.0
2596,AUC,0.015,2596 AUC,1.0,2,0.09453121,0.90546879,0.5
2596,AUC,0.046,2596 AUC,1.0,4,0.04558726,0.69935816,0.25
2596,AUC,0.14,2596 AUC,0.0,2,0.0,0.65761977,0.0
2596,AUC,0.41,2596 AUC,0.0,1,0.0,0.79345069,0.0
2596,AUC,11.1,2596 AUC,0.0,2,0.0,0.65761977,0.0
2596,AUC,33.3,2596 AUC,1.0,4,0.04558726,0.69935816,0.25
2596,AUC,66.5,2596 AUC,0.0,2,0.0,0.65761977,0.0
2596,AUC,100.0,2596 AUC,0.0,1,0.0,0.79345069,0.0
2596,MOV,0.0,2596 MOV,0.0,4,0.0,0.48989084,0.0
2596,MOV,0.015,2596 MOV,2.0,2,0.34238023,1.0,1.0
2596,MOV,0.046,2596 MOV,1.0,4,0.04558726,0.69935816,0.25
2596,MOV,0.14,2596 MOV,0.0,2,0.0,0.65761977,0.0
2596,MOV,0.41,2596 MOV,0.0,1,0.0,0.79345069,0.0
2596,MOV,11.1,2596 MOV,0.0,2,0.0,0.65761977,0.0
2596,MOV,33.3,2596 MOV,0.0,4,0.0,0.48989084,0.0
2596,MOV,66.5,2596 MOV,0.0,2,0.0,0.65761977,0.0
2596,MOV,100.0,2596 MOV,0.0,1,0.0,0.79345069,0.0
2597,AUC,0.0,2597 AUC,1.0,3,0.06149194,0.7923404,0.33333333
2597,AUC,0.14,2597 AUC,1.0,1,0.20654931,1.0,1.0
2597,AUC,0.41,2597 AUC,0.0,3,0.0,0.56149703,0.0
2597,AUC,1.23,2597 AUC,1.0,2,0.09453121,0.90546879,0.5
2597,AUC,3.7,2597 AUC,0.0,1,0.0,0.79345069,0.0
2597,AUC,11.1,2597 AUC,1.0,1,0.20654931,1.0,1.0
2597,AUC,66.5,2597 AUC,0.0,1,0.0,0.79345069,0.0
2597,AUC,100.0,2597 AUC,1.0,2,0.09453121,0.90546879,0.5
2597,MOV,0.0,2597 MOV,0.0,3,0.0,0.56149703,0.0
2597,MOV,0.14,2597 MOV,0.0,1,0.0,0.79345069,0.0
2597,MOV,0.41,2597 MOV,0.0,3,0.0,0.56149703,0.0
2597,MOV,1.23,2597 MOV,1.0,2,0.09453121,0.90546879,0.5
2597,MOV,3.7,2597 MOV,0.0,1,0.0,0.79345069,0.0
2597,MOV,11.1,2597 MOV,0.0,1,0.0,0.79345069,0.0
2597,MOV,66.5,2597 MOV,0.0,1,0.0,0.79345069,0.0
2597,MOV,100.0,2597 MOV,0.0,2,0.0,0.65761977,0.0
2599,AUC,0.0,2599 AUC,0.0,3,0.0,0.56149703,0.0
2599,AUC,0.015,2599 AUC,1.0,2,0.09453121,0.90546879,0.5
2599,AUC,0.14,2599 AUC,0.0,1,0.0,0.79345069,0.0
2599,AUC,11.1,2599 AUC,1.0,1,0.20654931,1.0,1.0
2599,AUC,41.7,2599 AUC,0.0,4,0.0,0.48989084,0.0
2599,AUC,50.0,2599 AUC,1.0,1,0.20654931,1.0,1.0
2599,MOV,0.0,2599 MOV,0.0,3,0.0,0.56149703,0.0
2599,MOV,0.015,2599 MOV,0.0,2,0.0,0.65761977,0.0
2599,MOV,0.14,2599 MOV,0.0,1,0.0,0.79345069,0.0
2599,MOV,11.1,2599 MOV,0.0,1,0.0,0.79345069,0.0
2599,MOV,41.7,2599 MOV,0.0,4,0.0,0.48989084,0.0
2599,MOV,50.0,2599 MOV,0.0,1,0.0,0.79345069,0.0
2743,AUC,0.0,2743 AUC,4.0,28,0.05699005,0.31489802,0.14285714
2743,AUC,0.005,2743 AUC,3.0,13,0.08179529,0.50256376,0.23076923
2743,AUC,0.015,2743 AUC,2.0,13,0.04325818,0.42234631,0.15384615
2743,AUC,0.046,2743 AUC,2.0,14,0.04009392,0.39941379,0.14285714
2743,AUC,0.14,2743 AUC,2.0,13,0.04325818,0.42234631,0.15384615
2743,AUC,0.41,2743 AUC,6.0,14,0.21380799,0.67409355,0.42857143
2743,AUC,1.23,2743 AUC,4.0,14,0.11721379,0.54649084,0.28571429
2743,AUC,3.7,2743 AUC,2.0,10,0.05668215,0.50983753,0.2
2743,AUC,11.1,2743 AUC,2.0,9,0.06322511,0.54741103,0.22222222
2743,MOV,0.0,2743 MOV,2.0,28,0.01981206,0.22645363,0.07142857
2743,MOV,0.005,2743 MOV,0.0,13,0.0,0.22809537,0.0
2743,MOV,0.015,2743 MOV,2.0,13,0.04325818,0.42234631,0.15384615
2743,MOV,0.046,2743 MOV,0.0,14,0.0,0.2153108,0.0
2743,MOV,0.14,2743 MOV,2.0,13,0.04325818,0.42234631,0.15384615
2743,MOV,0.41,2743 MOV,4.0,14,0.11721379,0.54649084,0.28571429
2743,MOV,1.23,2743 MOV,0.0,14,0.0,0.2153108,0.0
2743,MOV,3.7,2743 MOV,0.0,10,0.0,0.2775328,0.0
2743,MOV,11.1,2743 MOV,0.0,9,0.0,0.29914505,0.0
2900,AUC,0.0,2900 AUC,8.0,15,0.3011698,0.75190465,0.53333333
2900,AUC,100.0,2900 AUC,9.0,16,0.33178556,0.76901348,0.5625
2900,MOV,0.0,2900 MOV,2.0,15,0.03736126,0.37881983,0.13333333
2900,MOV,100.0,2900 MOV,4.0,16,0.10182067,0.49498317,0.25
295,AUC,0.0,295 AUC,1.0,29,0.00611321,0.17175522,0.03448276
295,AUC,3.125,295 AUC,0.0,31,0.0,0.1102554,0.0
295,AUC,6.25,295 AUC,2.0,30,0.01847702,0.21323458,0.06666667
295,AUC,12.5,295 AUC,2.0,28,0.01981206,0.22645363,0.07142857
295,AUC,25.0,295 AUC,2.0,24,0.02315882,0.25848802,0.08333333
295,AUC,50.0,295 AUC,1.0,25,0.00709623,0.19544064,0.04
295,MOV,0.0,295 MOV,4.0,29,0.0549744,0.30558994,0.13793103
295,MOV,3.125,295 MOV,9.0,31,0.160958,0.46592329,0.29032258
295,MOV,6.25,295 MOV,5.0,30,0.07336542,0.33564351,0.16666667
295,MOV,12.5,295 MOV,6.0,28,0.1021246,0.39538586,0.21428571
295,MOV,25.0,295 MOV,6.0,24,0.11999366,0.44899444,0.25
295,MOV,50.0,295 MOV,1.0,25,0.00709623,0.19544064,0.04
3191,AUC,0.0,3191 AUC,1.0,14,0.01272222,0.31468704,0.07142857
3191,AUC,100.0,3191 AUC,2.0,16,0.03497749,0.36022827,0.125
3191,MOV,0.0,3191 MOV,1.0,14,0.01272222,0.31468704,0.07142857
3191,MOV,100.0,3191 MOV,0.0,16,0.0,0.19360768,0.0
325,AUC,0.0,325 AUC,1.0,15,0.0118669,0.2981653,0.06666667
325,AUC,100.0,325 AUC,1.0,16,0.01111934,0.28328738,0.0625
325,MOV,0.0,325 MOV,0.0,15,0.0,0.2038833,0.0
325,MOV,100.0,325 MOV,2.0,16,0.03497749,0.36022827,0.125
3408,AUC,0.0,3408 AUC,6.0,29,0.0984607,0.3839009,0.20689655
3408,AUC,1.0,3408 AUC,6.0,33,0.08610768,0.34388232,0.18181818
3408,AUC,1.92,3408 AUC,8.0,31,0.13701706,0.43246136,0.25806452
3408,AUC,3.68,3408 AUC,5.0,32,0.0686442,0.3175415,0.15625
3408,AUC,7.07,3408 AUC,6.0,28,0.1021246,0.39538586,0.21428571
3408,AUC,13.6,3408 AUC,7.0,14,0.26799202,0.73200798,0.5
3408,AUC,26.1,3408 AUC,1.0,2,0.09453121,0.90546879,0.5
3408,AUC,50.0,3408 AUC,0.0,1,0.0,0.79345069,0.0
3408,MOV,0.0,3408 MOV,3.0,29,0.03581489,0.26385081,0.10344828
3408,MOV,1.0,3408 MOV,2.0,33,0.01678088,0.19606245,0.06060606
3408,MOV,1.92,3408 MOV,3.0,31,0.03346464,0.24899938,0.09677419
3408,MOV,3.68,3408 MOV,1.0,32,0.00553786,0.15744264,0.03125
3408,MOV,7.07,3408 MOV,1.0,28,0.00633252,0.17712198,0.03571429
3408,MOV,13.6,3408 MOV,0.0,14,0.0,0.2153108,0.0
3408,MOV,26.1,3408 MOV,0.0,2,0.0,0.65761977,0.0
3408,MOV,50.0,3408 MOV,0.0,1,0.0,0.79345069,0.0
3409,AUC,0.0,3409 AUC,3.0,35,0.02958237,0.22379274,0.08571429
3409,AUC,2.54,3409 AUC,8.0,30,0.14182663,0.44447962,0.26666667
3409,AUC,4.47,3409 AUC,8.0,29,0.14698755,0.45717132,0.27586207
3409,AUC,7.75,3409 AUC,7.0,22,0.16360593,0.52681402,0.31818182
3409,AUC,13.8,3409 AUC,2.0,3,0.2076596,0.93850806,0.66666667
3409,MOV,0.0,3409 MOV,1.0,35,0.00506149,0.14533087,0.02857143
3409,MOV,2.54,3409 MOV,1.0,30,0.00590859,0.16670391,0.03333333
3409,MOV,4.47,3409 MOV,4.0,29,0.0549744,0.30558994,0.13793103
3409,MOV,7.75,3409 MOV,3.0,22,0.04749004,0.33334987,0.13636364
3409,MOV,13.8,3409 MOV,0.0,3,0.0,0.56149703,0.0
3689,AUC,0.0,3689 AUC,6.0,19,0.15364379,0.53989592,0.31578947
3689,AUC,2.5,3689 AUC,3.0,11,0.09746059,0.5656453,0.27272727
3689,AUC,5.0,3689 AUC,2.0,9,0.06322511,0.54741103,0.22222222
3689,AUC,7.5,3689 AUC,4.0,9,0.18877852,0.73334871,0.44444444
3689,AUC,10.0,3689 AUC,2.0,9,0.06322511,0.54741103,0.22222222
3689,AUC,15.0,3689 AUC,6.0,9,0.35420214,0.87941618,0.66666667
3689,AUC,20.0,3689 AUC,2.0,8,0.07147921,0.59072457,0.25
3689,AUC,30.0,3689 AUC,4.0,6,0.29999332,0.90322859,0.66666667
3689,AUC,40.0,3689 AUC,5.0,9,0.26665129,0.81122148,0.55555556
3689,AUC,50.0,3689 AUC,5.0,10,0.23659309,0.76340691,0.5
3689,AUC,60.0,3689 AUC,5.0,7,0.35893445,0.91778108,0.71428571
3689,AUC,80.0,3689 AUC,0.0,4,0.0,0.48989084,0.0
3689,AUC,100.0,3689 AUC,2.0,6,0.09677141,0.70000668,0.33333333
3689,MOV,0.0,3689 MOV,4.0,19,0.08507677,0.43334278,0.21052632
3689,MOV,2.5,3689 MOV,5.0,11,0.21271272,0.71990846,0.45454545
3689,MOV,5.0,3689 MOV,6.0,9,0.35420214,0.87941618,0.66666667
3689,MOV,7.5,3689 MOV,3.0,9,0.12058382,0.64579786,0.33333333
3689,MOV,10.0,3689 MOV,2.0,9,0.06322511,0.54741103,0.22222222
3689,MOV,15.0,3689 MOV,5.0,9,0.26665129,0.81122148,0.55555556
3689,MOV,20.0,3689 MOV,4.0,8,0.21521606,0.78478394,0.5
3689,MOV,30.0,3689 MOV,2.0,6,0.09677141,0.70000668,0.33333333
3689,MOV,40.0,3689 MOV,7.0,9,0.45258897,0.93677489,0.77777778
3689,MOV,50.0,3689 MOV,6.0,10,0.31267377,0.83181967,0.6
3689,MOV,60.0,3689 MOV,6.0,7,0.48687217,0.97432038,0.85714286
3689,MOV,80.0,3689 MOV,3.0,4,0.30064184,0.95441274,0.75
3689,MOV,100.0,3689 MOV,2.0,6,0.09677141,0.70000668,0.33333333
3690,AUC,0.0,3690 AUC,13.0,72,0.10866817,0.28480342,0.18055556
3690,AUC,2.5,3690 AUC,1.0,5,0.03622411,0.62446537,0.2
3690,AUC,3.125,3690 AUC,3.0,30,0.03459989,0.25621083,0.1
3690,AUC,5.0,3690 AUC,2.0,5,0.11762077,0.76927572,0.4
3690,AUC,6.25,3690 AUC,3.0,32,0.03240155,0.24218155,0.09375
3690,AUC,7.5,3690 AUC,1.0,3,0.06149194,0.7923404,0.33333333
3690,AUC,10.0,3690 AUC,0.0,3,0.0,0.56149703,0.0
3690,AUC,12.5,3690 AUC,7.0,27,0.13170375,0.44678571,0.25925926
3690,AUC,15.0,3690 AUC,2.0,3,0.2076596,0.93850806,0.66666667
3690,AUC,20.0,3690 AUC,3.0,6,0.18761631,0.81238369,0.5
3690,AUC,25.0,3690 AUC,5.0,30,0.07336542,0.33564351,0.16666667
3690,AUC,30.0,3690 AUC,17.0,26,0.46220571,0.8058777,0.65384615
3690,AUC,37.5,3690 AUC,6.0,11,0.28009154,0.78728728,0.54545455
3690,AUC,40.0,3690 AUC,0.0,6,0.0,0.39033429,0.0
3690,AUC,45.0,3690 AUC,3.0,4,0.30064184,0.95441274,0.75
3690,AUC,50.0,3690 AUC,1.0,10,0.01787621,0.40415003,0.1
3690,AUC,60.0,3690 AUC,3.0,5,0.23072428,0.88237923,0.6
3690,AUC,80.0,3690 AUC,2.0,2,0.34238023,1.0,1.0
3690,AUC,100.0,3690 AUC,1.0,4,0.04558726,0.69935816,0.25
3690,MOV,0.0,3690 MOV,22.0,72,0.21126631,0.41954248,0.30555556
3690,MOV,2.5,3690 MOV,0.0,5,0.0,0.43448246,0.0
3690,MOV,3.125,3690 MOV,9.0,30,0.16664748,0.47875787,0.3
3690,MOV,5.0,3690 MOV,2.0,5,0.11762077,0.76927572,0.4
3690,MOV,6.25,3690 MOV,5.0,32,0.0686442,0.3175415,0.15625
3690,MOV,7.5,3690 MOV,1.0,3,0.06149194,0.7923404,0.33333333
3690,MOV,10.0,3690 MOV,0.0,3,0.0,0.56149703,0.0
3690,MOV,12.5,3690 MOV,5.0,27,0.08180707,0.36698684,0.18518519
3690,MOV,15.0,3690 MOV,0.0,3,0.0,0.56149703,0.0
3690,MOV,20.0,3690 MOV,2.0,6,0.09677141,0.70000668,0.33333333
3690,MOV,25.0,3690 MOV,4.0,30,0.05309655,0.29681327,0.13333333
3690,MOV,30.0,3690 MOV,6.0,26,0.11033849,0.42051554,0.23076923
3690,MOV,37.5,3690 MOV,3.0,11,0.09746059,0.5656453,0.27272727
3690,MOV,40.0,3690 MOV,1.0,6,0.03005337,0.56350282,0.16666667
3690,MOV,45.0,3690 MOV,0.0,4,0.0,0.48989084,0.0
3690,MOV,50.0,3690 MOV,1.0,10,0.01787621,0.40415003,0.1
3690,MOV,60.0,3690 MOV,1.0,5,0.03622411,0.62446537,0.2
3690,MOV,80.0,3690 MOV,1.0,2,0.09453121,0.90546879,0.5
3690,MOV,100.0,3690 MOV,0.0,4,0.0,0.48989084,0.0
3756,AUC,0.0,3756 AUC,2.0,30,0.01847702,0.21323458,0.06666667
3756,AUC,2.16,3756 AUC,2.0,33,0.01678088,0.19606245,0.06060606
3756,AUC,6.8,3756 AUC,5.0,30,0.07336542,0.33564351,0.16666667
3756,AUC,14.7,3756 AUC,5.0,28,0.07878502,0.35591425,0.17857143
3756,AUC,31.6,3756 AUC,4.0,27,0.05915928,0.32478685,0.14814815
3756,AUC,56.2,3756 AUC,7.0,23,0.15604024,0.50865756,0.30434783
3756,AUC,75.0,3756 AUC,6.0,23,0.12548616,0.46470005,0.26086957
3756,AUC,100.0,3756 AUC,7.0,29,0.12218422,0.42107602,0.24137931
3756,MOV,0.0,3756 MOV,0.0,30,0.0,0.11351339,0.0
3756,MOV,2.16,3756 MOV,3.0,33,0.03140394,0.23572606,0.09090909
3756,MOV,6.8,3756 MOV,2.0,30,0.01847702,0.21323458,0.06666667
3756,MOV,14.7,3756 MOV,5.0,28,0.07878502,0.35591425,0.17857143
3756,MOV,31.6,3756 MOV,4.0,27,0.05915928,0.32478685,0.14814815
3756,MOV,56.2,3756 MOV,5.0,23,0.09663978,0.41903483,0.2173913
3756,MOV,75.0,3756 MOV,6.0,23,0.12548616,0.46470005,0.26086957
3756,MOV,100.0,3756 MOV,7.0,29,0.12218422,0.42107602,0.24137931
3758,AUC,0.0,3758 AUC,2.0,33,0.01678088,0.19606245,0.06060606
3758,AUC,2.5,3758 AUC,1.0,29,0.00611321,0.17175522,0.03448276
3758,AUC,4.5,3758 AUC,1.0,31,0.00571722,0.16194105,0.03225806
3758,AUC,8.0,3758 AUC,4.0,27,0.05915928,0.32478685,0.14814815
3758,AUC,14.2,3758 AUC,6.0,22,0.1315076,0.48151734,0.27272727
3758,AUC,25.2,3758 AUC,7.0,18,0.20305247,0.61380958,0.38888889
3758,AUC,44.8,3758 AUC,3.0,4,0.30064184,0.95441274,0.75
3758,MOV,0.0,3758 MOV,1.0,33,0.00536941,0.15318725,0.03030303
3758,MOV,2.5,3758 MOV,5.0,29,0.07597857,0.3454844,0.17241379
3758,MOV,4.5,3758 MOV,3.0,31,0.03346464,0.24899938,0.09677419
3758,MOV,8.0,3758 MOV,4.0,27,0.05915928,0.32478685,0.14814815
3758,MOV,14.2,3758 MOV,7.0,22,0.16360593,0.52681402,0.31818182
3758,MOV,25.2,3758 MOV,6.0,18,0.16278775,0.56250533,0.33333333
3758,MOV,44.8,3758 MOV,0.0,4,0.0,0.48989084,0.0
3759,AUC,0.0,3759 AUC,1.0,34,0.00521091,0.14915573,0.02941176
3759,AUC,2.16,3759 AUC,4.0,32,0.04970134,0.28068305,0.125
3759,AUC,6.8,3759 AUC,9.0,31,0.160958,0.46592329,0.29032258
3759,AUC,14.7,3759 AUC,15.0,26,0.38948614,0.74455557,0.57692308
3759,AUC,31.6,3759 AUC,15.0,25,0.40739457,0.76596698,0.6
3759,AUC,56.2,3759 AUC,14.0,25,0.37067332,0.73334361,0.56
3759,AUC,75.0,3759 AUC,17.0,27,0.44229234,0.78467487,0.62962963
3759,AUC,100.0,3759 AUC,11.0,20,0.34208534,0.74180214,0.55
3759,MOV,0.0,3759 MOV,2.0,34,0.01628266,0.19093607,0.05882353
3759,MOV,2.16,3759 MOV,4.0,32,0.04970134,0.28068305,0.125
3759,MOV,6.8,3759 MOV,8.0,31,0.13701706,0.43246136,0.25806452
3759,MOV,14.7,3759 MOV,7.0,26,0.13704448,0.4608304,0.26923077
3759,MOV,31.6,3759 MOV,4.0,25,0.06403451,0.34653622,0.16
3759,MOV,56.2,3759 MOV,4.0,25,0.06403451,0.34653622,0.16
3759,MOV,75.0,3759 MOV,4.0,27,0.05915928,0.32478685,0.14814815
3759,MOV,100.0,3759 MOV,3.0,20,0.05236875,0.36041886,0.15
3760,AUC,0.0,3760 AUC,7.0,47,0.0740672,0.27685622,0.14893617
3760,AUC,2.16,3760 AUC,2.0,32,0.01731057,0.20147123,0.0625
3760,AUC,2.5,3760 AUC,7.0,9,0.45258897,0.93677489,0.77777778
3760,AUC,5.0,3760 AUC,3.0,9,0.12058382,0.64579786,0.33333333
3760,AUC,6.8,3760 AUC,2.0,26,0.02135509,0.24141554,0.07692308
3760,AUC,7.5,3760 AUC,5.0,8,0.30574239,0.86315571,0.625
3760,AUC,10.0,3760 AUC,4.0,10,0.16818033,0.68732623,0.4
3760,AUC,14.7,3760 AUC,3.0,28,0.03711837,0.27195852,0.10714286
3760,AUC,15.0,3760 AUC,2.0,6,0.09677141,0.70000668,0.33333333
3760,AUC,20.0,3760 AUC,3.0,5,0.23072428,0.88237923,0.6
3760,AUC,30.0,3760 AUC,5.0,5,0.56551754,1.0,1.0
3760,AUC,31.6,3760 AUC,2.0,27,0.02055465,0.23369593,0.07407407
3760,AUC,40.0,3760 AUC,0.0,4,0.0,0.48989084,0.0
3760,AUC,50.0,3760 AUC,0.0,2,0.0,0.65761977,0.0
3760,AUC,56.2,3760 AUC,4.0,20,0.08065766,0.41601743,0.2
3760,AUC,60.0,3760 AUC,1.0,3,0.06149194,0.7923404,0.33333333
3760,AUC,75.0,3760 AUC,1.0,26,0.00682198,0.18892779,0.03846154
3760,AUC,80.0,3760 AUC,2.0,2,0.34238023,1.0,1.0
3760,AUC,100.0,3760 AUC,6.0,23,0.12548616,0.46470005,0.26086957
3760,MOV,0.0,3760 MOV,6.0,47,0.05984604,0.25173941,0.12765957
3760,MOV,2.16,3760 MOV,10.0,32,0.17952542,0.48566678,0.3125
3760,MOV,2.5,3760 MOV,4.0,9,0.18877852,0.73334871,0.44444444
3760,MOV,5.0,3760 MOV,1.0,9,0.01989089,0.43499971,0.11111111
3760,MOV,6.8,3760 MOV,7.0,26,0.13704448,0.4608304,0.26923077
3760,MOV,7.5,3760 MOV,2.0,8,0.07147921,0.59072457,0.25
3760,MOV,10.0,3760 MOV,2.0,10,0.05668215,0.50983753,0.2
3760,MOV,14.7,3760 MOV,8.0,28,0.15253996,0.47059288,0.28571429
3760,MOV,15.0,3760 MOV,1.0,6,0.03005337,0.56350282,0.16666667
3760,MOV,20.0,3760 MOV,2.0,5,0.11762077,0.76927572,0.4
3760,MOV,30.0,3760 MOV,2.0,5,0.11762077,0.76927572,0.4
3760,MOV,31.6,3760 MOV,12.0,27,0.27585858,0.62686975,0.44444444
3760,MOV,40.0,3760 MOV,1.0,4,0.04558726,0.69935816,0.25
3760,MOV,50.0,3760 MOV,0.0,2,0.0,0.65761977,0.0
3760,MOV,56.2,3760 MOV,7.0,20,0.18119182,0.56714572,0.35
3760,MOV,60.0,3760 MOV,0.0,3,0.0,0.56149703,0.0
3760,MOV,75.0,3760 MOV,7.0,26,0.13704448,0.4608304,0.26923077
3760,MOV,80.0,3760 MOV,1.0,2,0.09453121,0.90546879,0.5
3760,MOV,100.0,3760 MOV,7.0,23,0.15604024,0.50865756,0.30434783
3761,AUC,0.0,3761 AUC,2.0,35,0.01581316,0.18607057,0.05714286
3761,AUC,0.18,3761 AUC,1.0,35,0.00506149,0.14533087,0.02857143
3761,AUC,0.24,3761 AUC,2.0,35,0.01581316,0.18607057,0.05714286
3761,AUC,0.32,3761 AUC,1.0,33,0.00536941,0.15318725,0.03030303
3761,AUC,0.42,3761 AUC,2.0,35,0.01581316,0.18607057,0.05714286
3761,AUC,0.56,3761 AUC,3.0,34,0.03046594,0.22960487,0.08823529
3761,AUC,0.75,3761 AUC,3.0,35,0.02958237,0.22379274,0.08571429
3761,AUC,1.0,3761 AUC,5.0,34,0.06449441,0.30128056,0.14705882
3761,MOV,0.0,3761 MOV,0.0,35,0.0,0.09890099,0.0
3761,MOV,0.18,3761 MOV,1.0,35,0.00506149,0.14533087,0.02857143
3761,MOV,0.24,3761 MOV,2.0,35,0.01581316,0.18607057,0.05714286
3761,MOV,0.32,3761 MOV,2.0,33,0.01678088,0.19606245,0.06060606
3761,MOV,0.42,3761 MOV,0.0,35,0.0,0.09890099,0.0
3761,MOV,0.56,3761 MOV,0.0,34,0.0,0.10151455,0.0
3761,MOV,0.75,3761 MOV,0.0,35,0.0,0.09890099,0.0
3761,MOV,1.0,3761 MOV,1.0,34,0.00521091,0.14915573,0.02941176
3762,AUC,0.0,3762 AUC,3.0,58,0.01774613,0.14139401,0.05172414
3762,AUC,2.16,3762 AUC,9.0,34,0.14601191,0.43117141,0.26470588
3762,AUC,2.5,3762 AUC,1.0,13,0.01371042,0.33313951,0.07692308
3762,AUC,3.5,3762 AUC,1.0,13,0.01371042,0.33313951,0.07692308
3762,AUC,4.89,3762 AUC,0.0,12,0.0,0.24249401,0.0
3762,AUC,6.8,3762 AUC,15.0,36,0.27140562,0.57799748,0.41666667
3762,AUC,6.84,3762 AUC,1.0,12,0.01486509,0.35387991,0.08333333
3762,AUC,9.56,3762 AUC,1.0,10,0.01787621,0.40415003,0.1
3762,AUC,13.4,3762 AUC,0.0,10,0.0,0.2775328,0.0
3762,AUC,14.7,3762 AUC,9.0,36,0.13750478,0.41070454,0.25
3762,AUC,18.7,3762 AUC,0.0,11,0.0,0.25883297,0.0
3762,AUC,26.1,3762 AUC,0.0,10,0.0,0.2775328,0.0
3762,AUC,31.6,3762 AUC,5.0,33,0.06650457,0.30919876,0.15151515
3762,AUC,36.6,3762 AUC,3.0,8,0.13684429,0.69425761,0.375
3762,AUC,51.1,3762 AUC,4.0,11,0.15166471,0.64619883,0.36363636
3762,AUC,56.2,3762 AUC,15.0,34,0.28883482,0.60546101,0.44117647
3762,AUC,71.5,3762 AUC,0.0,9,0.0,0.29914505,0.0
3762,AUC,75.0,3762 AUC,6.0,32,0.08889545,0.35309155,0.1875
3762,AUC,100.0,3762 AUC,7.0,30,0.11792388,0.40928326,0.23333333
3762,MOV,0.0,3762 MOV,8.0,58,0.07158487,0.24925909,0.13793103
3762,MOV,2.16,3762 MOV,6.0,34,0.08348969,0.33513737,0.17647059
3762,MOV,2.5,3762 MOV,3.0,13,0.08179529,0.50256376,0.23076923
3762,MOV,3.5,3762 MOV,0.0,13,0.0,0.22809537,0.0
3762,MOV,4.89,3762 MOV,2.0,12,0.04696514,0.44803086,0.16666667
3762,MOV,6.8,3762 MOV,6.0,36,0.07870448,0.31890794,0.16666667
3762,MOV,6.84,3762 MOV,1.0,12,0.01486509,0.35387991,0.08333333
3762,MOV,9.56,3762 MOV,0.0,10,0.0,0.2775328,0.0
3762,MOV,13.4,3762 MOV,3.0,10,0.10779127,0.60322185,0.3
3762,MOV,14.7,3762 MOV,3.0,36,0.02874861,0.21826691,0.08333333
3762,MOV,18.7,3762 MOV,2.0,11,0.05136769,0.47698056,0.18181818
3762,MOV,26.1,3762 MOV,2.0,10,0.05668215,0.50983753,0.2
3762,MOV,31.6,3762 MOV,4.0,33,0.04816161,0.27325505,0.12121212
3762,MOV,36.6,3762 MOV,1.0,8,0.02241749,0.47088818,0.125
3762,MOV,51.1,3762 MOV,2.0,11,0.05136769,0.47698056,0.18181818
3762,MOV,56.2,3762 MOV,7.0,34,0.10349527,0.36798388,0.20588235
3762,MOV,71.5,3762 MOV,1.0,9,0.01989089,0.43499971,0.11111111
3762,MOV,75.0,3762 MOV,9.0,32,0.1556458,0.45374509,0.28125
3762,MOV,100.0,3762 MOV,4.0,30,0.05309655,0.29681327,0.13333333
3771,AUC,0.0,3771 AUC,0.0,2,0.0,0.65761977,0.0
3771,AUC,0.015,3771 AUC,0.0,2,0.0,0.65761977,0.0
3771,AUC,1.23,3771 AUC,0.0,1,0.0,0.79345069,0.0
3771,AUC,11.1,3771 AUC,0.0,2,0.0,0.65761977,0.0
3771,AUC,33.3,3771 AUC,0.0,1,0.0,0.79345069,0.0
3771,AUC,66.5,3771 AUC,0.0,1,0.0,0.79345069,0.0
3771,AUC,100.0,3771 AUC,2.0,3,0.2076596,0.93850806,0.66666667
3771,MOV,0.0,3771 MOV,0.0,2,0.0,0.65761977,0.0
3771,MOV,0.015,3771 MOV,0.0,2,0.0,0.65761977,0.0
3771,MOV,1.23,3771 MOV,0.0,1,0.0,0.79345069,0.0
3771,MOV,11.1,3771 MOV,0.0,2,0.0,0.65761977,0.0
3771,MOV,33.3,3771 MOV,0.0,1,0.0,0.79345069,0.0
3771,MOV,66.5,3771 MOV,1.0,1,0.20654931,1.0,1.0
3771,MOV,100.0,3771 MOV,1.0,3,0.06149194,0.7923404,0.33333333
3859,AUC,0.0,3859 AUC,8.0,50,0.08337421,0.28514216,0.16
3859,AUC,1.0,3859 AUC,3.0,29,0.03581489,0.26385081,0.10344828
3859,AUC,2.5,3859 AUC,1.0,14,0.01272222,0.31468704,0.07142857
3859,AUC,2.54,3859 AUC,6.0,35,0.0810264,0.32682282,0.17142857
3859,AUC,3.5,3859 AUC,2.0,14,0.04009392,0.39941379,0.14285714
3859,AUC,4.89,3859 AUC,3.0,13,0.08179529,0.50256376,0.23076923
3859,AUC,6.45,3859 AUC,1.0,30,0.00590859,0.16670391,0.03333333
3859,AUC,6.84,3859 AUC,3.0,12,0.08894167,0.53230533,0.25
3859,AUC,9.56,3859 AUC,3.0,9,0.12058382,0.64579786,0.33333333
3859,AUC,13.4,3859 AUC,3.0,9,0.12058382,0.64579786,0.33333333
3859,AUC,16.4,3859 AUC,8.0,27,0.1585304,0.48480683,0.2962963
3859,AUC,18.7,3859 AUC,9.0,13,0.42369343,0.87319296,0.69230769
3859,AUC,26.1,3859 AUC,6.0,9,0.35420214,0.87941618,0.66666667
3859,AUC,35.0,3859 AUC,7.0,15,0.24809535,0.6988302,0.46666667
3859,AUC,36.6,3859 AUC,3.0,6,0.18761631,0.81238369,0.5
3859,AUC,51.1,3859 AUC,4.0,4,0.51010916,1.0,1.0
3859,AUC,71.5,3859 AUC,1.0,3,0.06149194,0.7923404,0.33333333
3859,AUC,74.8,3859 AUC,0.0,6,0.0,0.39033429,0.0
3859,AUC,100.0,3859 AUC,0.0,5,0.0,0.43448246,0.0
3859,MOV,0.0,3859 MOV,4.0,50,0.03154951,0.18838247,0.08
3859,MOV,1.0,3859 MOV,5.0,29,0.07597857,0.3454844,0.17241379
3859,MOV,2.5,3859 MOV,4.0,14,0.11721379,0.54649084,0.28571429
3859,MOV,2.54,3859 MOV,4.0,35,0.04535179,0.25951469,0.11428571
3859,MOV,3.5,3859 MOV,4.0,14,0.11721379,0.54649084,0.28571429
3859,MOV,4.89,3859 MOV,3.0,13,0.08179529,0.50256376,0.23076923
3859,MOV,6.45,3859 MOV,1.0,30,0.00590859,0.16670391,0.03333333
3859,MOV,6.84,3859 MOV,2.0,12,0.04696514,0.44803086,0.16666667
3859,MOV,9.56,3859 MOV,1.0,9,0.01989089,0.43499971,0.11111111
3859,MOV,13.4,3859 MOV,4.0,9,0.18877852,0.73334871,0.44444444
3859,MOV,16.4,3859 MOV,5.0,27,0.08180707,0.36698684,0.18518519
3859,MOV,18.7,3859 MOV,4.0,13,0.12680704,0.57630657,0.30769231
3859,MOV,26.1,3859 MOV,4.0,9,0.18877852,0.73334871,0.44444444
3859,MOV,35.0,3859 MOV,3.0,15,0.07047549,0.45185449,0.2
3859,MOV,36.6,3859 MOV,2.0,6,0.09677141,0.70000668,0.33333333
3859,MOV,51.1,3859 MOV,2.0,4,0.15003899,0.84996101,0.5
3859,MOV,71.5,3859 MOV,0.0,3,0.0,0.56149703,0.0
3859,MOV,74.8,3859 MOV,0.0,6,0.0,0.39033429,0.0
3859,MOV,100.0,3859 MOV,0.0,5,0.0,0.43448246,0.0
3860,AUC,0.0,3860 AUC,12.0,78,0.09025505,0.24993267,0.15384615
3860,AUC,2.5,3860 AUC,1.0,13,0.01371042,0.33313951,0.07692308
3860,AUC,3.125,3860 AUC,2.0,27,0.02055465,0.23369593,0.07407407
3860,AUC,3.5,3860 AUC,2.0,14,0.04009392,0.39941379,0.14285714
3860,AUC,4.89,3860 AUC,5.0,14,0.16344732,0.61235577,0.35714286
3860,AUC,6.25,3860 AUC,6.0,32,0.08889545,0.35309155,0.1875
3860,AUC,6.84,3860 AUC,3.0,13,0.08179529,0.50256376,0.23076923
3860,AUC,9.56,3860 AUC,2.0,13,0.04325818,0.42234631,0.15384615
3860,AUC,12.5,3860 AUC,4.0,29,0.0549744,0.30558994,0.13793103
3860,AUC,13.4,3860 AUC,2.0,13,0.04325818,0.42234631,0.15384615
3860,AUC,18.7,3860 AUC,3.0,13,0.08179529,0.50256376,0.23076923
3860,AUC,25.0,3860 AUC,4.0,29,0.0549744,0.30558994,0.13793103
3860,AUC,26.1,3860 AUC,4.0,13,0.12680704,0.57630657,0.30769231
3860,AUC,30.0,3860 AUC,11.0,24,0.27891334,0.64925135,0.45833333
3860,AUC,36.6,3860 AUC,4.0,13,0.12680704,0.57630657,0.30769231
3860,AUC,37.5,3860 AUC,11.0,18,0.38619042,0.79694753,0.61111111
3860,AUC,45.0,3860 AUC,5.0,14,0.16344732,0.61235577,0.35714286
3860,AUC,50.0,3860 AUC,4.0,11,0.15166471,0.64619883,0.36363636
3860,AUC,51.1,3860 AUC,5.0,12,0.19326031,0.68048869,0.41666667
3860,AUC,71.5,3860 AUC,5.0,13,0.17709708,0.64477108,0.38461538
3860,AUC,100.0,3860 AUC,5.0,13,0.17709708,0.64477108,0.38461538
3860,MOV,0.0,3860 MOV,17.0,78,0.14076812,0.32160705,0.21794872
3860,MOV,2.5,3860 MOV,3.0,13,0.08179529,0.50256376,0.23076923
3860,MOV,3.125,3860 MOV,5.0,27,0.08180707,0.36698684,0.18518519
3860,MOV,3.5,3860 MOV,4.0,14,0.11721379,0.54649084,0.28571429
3860,MOV,4.89,3860 MOV,6.0,14,0.21380799,0.67409355,0.42857143
3860,MOV,6.25,3860 MOV,5.0,32,0.0686442,0.3175415,0.15625
3860,MOV,6.84,3860 MOV,6.0,13,0.23206068,0.70856204,0.46153846
3860,MOV,9.56,3860 MOV,4.0,13,0.12680704,0.57630657,0.30769231
3860,MOV,12.5,3860 MOV,7.0,29,0.12218422,0.42107602,0.24137931
3860,MOV,13.4,3860 MOV,5.0,13,0.17709708,0.64477108,0.38461538
3860,MOV,18.7,3860 MOV,3.0,13,0.08179529,0.50256376,0.23076923
3860,MOV,25.0,3860 MOV,8.0,29,0.14698755,0.45717132,0.27586207
3860,MOV,26.1,3860 MOV,5.0,13,0.17709708,0.64477108,0.38461538
3860,MOV,30.0,3860 MOV,5.0,24,0.09244825,0.40470453,0.20833333
3860,MOV,36.6,3860 MOV,6.0,13,0.23206068,0.70856204,0.46153846
3860,MOV,37.5,3860 MOV,9.0,18,0.29031022,0.70968978,0.5
3860,MOV,45.0,3860 MOV,4.0,14,0.11721379,0.54649084,0.28571429
3860,MOV,50.0,3860 MOV,3.0,11,0.09746059,0.5656453,0.27272727
3860,MOV,51.1,3860 MOV,4.0,12,0.13812009,0.60937791,0.33333333
3860,MOV,71.5,3860 MOV,5.0,13,0.17709708,0.64477108,0.38461538
3860,MOV,100.0,3860 MOV,6.0,13,0.23206068,0.70856204,0.46153846
3862,AUC,0.0,3862 AUC,5.0,24,0.09244825,0.40470453,0.20833333
3862,AUC,2.5,3862 AUC,1.0,14,0.01272222,0.31468704,0.07142857
3862,AUC,3.5,3862 AUC,1.0,14,0.01272222,0.31468704,0.07142857
3862,AUC,4.89,3862 AUC,3.0,13,0.08179529,0.50256376,0.23076923
3862,AUC,6.84,3862 AUC,3.0,13,0.08179529,0.50256376,0.23076923
3862,AUC,9.56,3862 AUC,3.0,14,0.07571387,0.47589231,0.21428571
3862,AUC,13.4,3862 AUC,3.0,10,0.10779127,0.60322185,0.3
3862,AUC,18.7,3862 AUC,4.0,12,0.13812009,0.60937791,0.33333333
3862,AUC,26.1,3862 AUC,1.0,7,0.02567962,0.51312783,0.14285714
3862,AUC,36.6,3862 AUC,6.0,12,0.2537816,0.7462184,0.5
3862,AUC,51.1,3862 AUC,4.0,9,0.18877852,0.73334871,0.44444444
3862,AUC,71.5,3862 AUC,4.0,7,0.25045836,0.84178014,0.57142857
3862,AUC,100.0,3862 AUC,3.0,4,0.30064184,0.95441274,0.75
3862,MOV,0.0,3862 MOV,3.0,24,0.04344334,0.31003881,0.125
3862,MOV,2.5,3862 MOV,3.0,14,0.07571387,0.47589231,0.21428571
3862,MOV,3.5,3862 MOV,1.0,14,0.01272222,0.31468704,0.07142857
3862,MOV,4.89,3862 MOV,3.0,13,0.08179529,0.50256376,0.23076923
3862,MOV,6.84,3862 MOV,1.0,13,0.01371042,0.33313951,0.07692308
3862,MOV,9.56,3862 MOV,1.0,14,0.01272222,0.31468704,0.07142857
3862,MOV,13.4,3862 MOV,0.0,10,0.0,0.2775328,0.0
3862,MOV,18.7,3862 MOV,3.0,12,0.08894167,0.53230533,0.25
3862,MOV,26.1,3862 MOV,0.0,7,0.0,0.35433044,0.0
3862,MOV,36.6,3862 MOV,3.0,12,0.08894167,0.53230533,0.25
3862,MOV,51.1,3862 MOV,2.0,9,0.06322511,0.54741103,0.22222222
3862,MOV,71.5,3862 MOV,0.0,7,0.0,0.35433044,0.0
3862,MOV,100.0,3862 MOV,1.0,4,0.04558726,0.69935816,0.25
3901,AUC,0.0,3901 AUC,7.0,29,0.12218422,0.42107602,0.24137931
3901,AUC,100.0,3901 AUC,15.0,29,0.34431022,0.6861391,0.51724138
3901,MOV,0.0,3901 MOV,1.0,29,0.00611321,0.17175522,0.03448276
3901,MOV,100.0,3901 MOV,3.0,29,0.03581489,0.26385081,0.10344828
3902,AUC,0.0,3902 AUC,6.0,27,0.10607239,0.40756929,0.22222222
3902,AUC,0.005,3902 AUC,3.0,11,0.09746059,0.5656453,0.27272727
3902,AUC,0.015,3902 AUC,0.0,12,0.0,0.24249401,0.0
3902,AUC,0.046,3902 AUC,2.0,13,0.04325818,0.42234631,0.15384615
3902,AUC,0.14,3902 AUC,3.0,11,0.09746059,0.5656453,0.27272727
3902,AUC,0.41,3902 AUC,2.0,12,0.04696514,0.44803086,0.16666667
3902,AUC,1.23,3902 AUC,1.0,11,0.01623217,0.37735844,0.09090909
3902,AUC,3.7,3902 AUC,0.0,10,0.0,0.2775328,0.0
3902,MOV,0.0,3902 MOV,1.0,27,0.00656815,0.18283466,0.03703704
3902,MOV,0.005,3902 MOV,5.0,11,0.21271272,0.71990846,0.45454545
3902,MOV,0.015,3902 MOV,4.0,12,0.13812009,0.60937791,0.33333333
3902,MOV,0.046,3902 MOV,5.0,13,0.17709708,0.64477108,0.38461538
3902,MOV,0.14,3902 MOV,6.0,11,0.28009154,0.78728728,0.54545455
3902,MOV,0.41,3902 MOV,2.0,12,0.04696514,0.44803086,0.16666667
3902,MOV,1.23,3902 MOV,5.0,11,0.21271272,0.71990846,0.45454545
3902,MOV,3.7,3902 MOV,5.0,10,0.23659309,0.76340691,0.5
3903,AUC,0.0,3903 AUC,2.0,24,0.02315882,0.25848802,0.08333333
3903,AUC,0.005,3903 AUC,3.0,14,0.07571387,0.47589231,0.21428571
3903,AUC,0.015,3903 AUC,2.0,9,0.06322511,0.54741103,0.22222222
3903,AUC,0.046,3903 AUC,0.0,10,0.0,0.2775328,0.0
3903,AUC,0.14,3903 AUC,0.0,11,0.0,0.25883297,0.0
3903,AUC,0.41,3903 AUC,1.0,10,0.01787621,0.40415003,0.1
3903,AUC,1.23,3903 AUC,1.0,12,0.01486509,0.35387991,0.08333333
3903,AUC,3.7,3903 AUC,0.0,11,0.0,0.25883297,0.0
3903,AUC,11.1,3903 AUC,0.0,7,0.0,0.35433044,0.0
3903,AUC,33.3,3903 AUC,1.0,8,0.02241749,0.47088818,0.125
3903,MOV,0.0,3903 MOV,1.0,24,0.00739346,0.20241806,0.04166667
3903,MOV,0.005,3903 MOV,2.0,14,0.04009392,0.39941379,0.14285714
3903,MOV,0.015,3903 MOV,0.0,9,0.0,0.29914505,0.0
3903,MOV,0.046,3903 MOV,0.0,10,0.0,0.2775328,0.0
3903,MOV,0.14,3903 MOV,0.0,11,0.0,0.25883297,0.0
3903,MOV,0.41,3903 MOV,0.0,10,0.0,0.2775328,0.0
3903,MOV,1.23,3903 MOV,0.0,12,0.0,0.24249401,0.0
3903,MOV,3.7,3903 MOV,1.0,11,0.01623217,0.37735844,0.09090909
3903,MOV,11.1,3903 MOV,0.0,7,0.0,0.35433044,0.0
3903,MOV,33.3,3903 MOV,0.0,8,0.0,0.32440756,0.0
3904,AUC,0.0,3904 AUC,3.0,23,0.04537659,0.32127482,0.13043478
3904,AUC,0.005,3904 AUC,2.0,7,0.08221892,0.64106555,0.28571429
3904,AUC,0.015,3904 AUC,2.0,12,0.04696514,0.44803086,0.16666667
3904,AUC,0.046,3904 AUC,3.0,7,0.15821986,0.74954164,0.42857143
3904,AUC,0.14,3904 AUC,0.0,12,0.0,0.24249401,0.0
3904,AUC,0.41,3904 AUC,5.0,14,0.16344732,0.61235577,0.35714286
3904,AUC,1.23,3904 AUC,0.0,9,0.0,0.29914505,0.0
3904,AUC,3.7,3904 AUC,1.0,11,0.01623217,0.37735844,0.09090909
3904,AUC,11.1,3904 AUC,2.0,8,0.07147921,0.59072457,0.25
3904,AUC,33.3,3904 AUC,2.0,12,0.04696514,0.44803086,0.16666667
3904,AUC,100.0,3904 AUC,2.0,8,0.07147921,0.59072457,0.25
3904,MOV,0.0,3904 MOV,1.0,23,0.00771667,0.20991155,0.04347826
3904,MOV,0.005,3904 MOV,1.0,7,0.02567962,0.51312783,0.14285714
3904,MOV,0.015,3904 MOV,3.0,12,0.08894167,0.53230533,0.25
3904,MOV,0.046,3904 MOV,3.0,7,0.15821986,0.74954164,0.42857143
3904,MOV,0.14,3904 MOV,4.0,12,0.13812009,0.60937791,0.33333333
3904,MOV,0.41,3904 MOV,2.0,14,0.04009392,0.39941379,0.14285714
3904,MOV,1.23,3904 MOV,2.0,9,0.06322511,0.54741103,0.22222222
3904,MOV,3.7,3904 MOV,2.0,11,0.05136769,0.47698056,0.18181818
3904,MOV,11.1,3904 MOV,3.0,8,0.13684429,0.69425761,0.375
3904,MOV,33.3,3904 MOV,6.0,12,0.2537816,0.7462184,0.5
3904,MOV,100.0,3904 MOV,1.0,8,0.02241749,0.47088818,0.125
3905,AUC,0.0,3905 AUC,1.0,26,0.00682198,0.18892779,0.03846154
3905,AUC,0.005,3905 AUC,1.0,13,0.01371042,0.33313951,0.07692308
3905,AUC,0.015,3905 AUC,0.0,10,0.0,0.2775328,0.0
3905,AUC,0.046,3905 AUC,1.0,12,0.01486509,0.35387991,0.08333333
3905,AUC,0.14,3905 AUC,2.0,13,0.04325818,0.42234631,0.15384615
3905,AUC,0.41,3905 AUC,1.0,9,0.01989089,0.43499971,0.11111111
3905,AUC,1.23,3905 AUC,0.0,12,0.0,0.24249401,0.0
3905,AUC,3.7,3905 AUC,0.0,8,0.0,0.32440756,0.0
3905,AUC,11.1,3905 AUC,0.0,14,0.0,0.2153108,0.0
3905,AUC,33.3,3905 AUC,0.0,11,0.0,0.25883297,0.0
3905,AUC,100.0,3905 AUC,1.0,14,0.01272222,0.31468704,0.07142857
3905,MOV,0.0,3905 MOV,0.0,26,0.0,0.12872892,0.0
3905,MOV,0.005,3905 MOV,0.0,13,0.0,0.22809537,0.0
3905,MOV,0.015,3905 MOV,0.0,10,0.0,0.2775328,0.0
3905,MOV,0.046,3905 MOV,0.0,12,0.0,0.24249401,0.0
3905,MOV,0.14,3905 MOV,0.0,13,0.0,0.22809537,0.0
3905,MOV,0.41,3905 MOV,0.0,9,0.0,0.29914505,0.0
3905,MOV,1.23,3905 MOV,0.0,12,0.0,0.24249401,0.0
3905,MOV,3.7,3905 MOV,1.0,8,0.02241749,0.47088818,0.125
3905,MOV,11.1,3905 MOV,1.0,14,0.01272222,0.31468704,0.07142857
3905,MOV,33.3,3905 MOV,0.0,11,0.0,0.25883297,0.0
3905,MOV,100.0,3905 MOV,2.0,14,0.04009392,0.39941379,0.14285714
3906,AUC,0.0,3906 AUC,1.0,26,0.00682198,0.18892779,0.03846154
3906,AUC,0.005,3906 AUC,2.0,12,0.04696514,0.44803086,0.16666667
3906,AUC,0.015,3906 AUC,3.0,12,0.08894167,0.53230533,0.25
3906,AUC,0.046,3906 AUC,1.0,11,0.01623217,0.37735844,0.09090909
3906,AUC,0.14,3906 AUC,2.0,11,0.05136769,0.47698056,0.18181818
3906,AUC,0.41,3906 AUC,2.0,11,0.05136769,0.47698056,0.18181818
3906,AUC,1.23,3906 AUC,2.0,11,0.05136769,0.47698056,0.18181818
3906,MOV,0.0,3906 MOV,3.0,26,0.04003245,0.28975903,0.11538462
3906,MOV,0.005,3906 MOV,0.0,12,0.0,0.24249401,0.0
3906,MOV,0.015,3906 MOV,1.0,12,0.01486509,0.35387991,0.08333333
3906,MOV,0.046,3906 MOV,1.0,11,0.01623217,0.37735844,0.09090909
3906,MOV,0.14,3906 MOV,0.0,11,0.0,0.25883297,0.0
3906,MOV,0.41,3906 MOV,2.0,11,0.05136769,0.47698056,0.18181818
3906,MOV,1.23,3906 MOV,1.0,11,0.01623217,0.37735844,0.09090909
3907,AUC,0.0,3907 AUC,2.0,30,0.01847702,0.21323458,0.06666667
3907,AUC,100.0,3907 AUC,3.0,31,0.03346464,0.24899938,0.09677419
3907,MOV,0.0,3907 MOV,0.0,30,0.0,0.11351339,0.0
3907,MOV,100.0,3907 MOV,0.0,31,0.0,0.1102554,0.0
3910,AUC,0.0,3910 AUC,6.0,31,0.09187008,0.36280258,0.19354839
3910,AUC,100.0,3910 AUC,3.0,31,0.03346464,0.24899938,0.09677419
3910,MOV,0.0,3910 MOV,2.0,31,0.01787478,0.20718637,0.06451613
3910,MOV,100.0,3910 MOV,3.0,31,0.03346464,0.24899938,0.09677419
3911,AUC,0.0,3911 AUC,3.0,24,0.04344334,0.31003881,0.125
3911,AUC,0.005,3911 AUC,2.0,10,0.05668215,0.50983753,0.2
3911,AUC,0.015,3911 AUC,1.0,10,0.01787621,0.40415003,0.1
3911,AUC,0.046,3911 AUC,4.0,14,0.11721379,0.54649084,0.28571429
3911,AUC,0.14,3911 AUC,2.0,10,0.05668215,0.50983753,0.2
3911,AUC,0.41,3911 AUC,1.0,8,0.02241749,0.47088818,0.125
3911,AUC,1.23,3911 AUC,1.0,11,0.01623217,0.37735844,0.09090909
3911,AUC,3.7,3911 AUC,1.0,13,0.01371042,0.33313951,0.07692308
3911,AUC,11.1,3911 AUC,2.0,8,0.07147921,0.59072457,0.25
3911,MOV,0.0,3911 MOV,0.0,24,0.0,0.1379762,0.0
3911,MOV,0.005,3911 MOV,3.0,10,0.10779127,0.60322185,0.3
3911,MOV,0.015,3911 MOV,1.0,10,0.01787621,0.40415003,0.1
3911,MOV,0.046,3911 MOV,3.0,14,0.07571387,0.47589231,0.21428571
3911,MOV,0.14,3911 MOV,2.0,10,0.05668215,0.50983753,0.2
3911,MOV,0.41,3911 MOV,1.0,8,0.02241749,0.47088818,0.125
3911,MOV,1.23,3911 MOV,1.0,11,0.01623217,0.37735844,0.09090909
3911,MOV,3.7,3911 MOV,1.0,13,0.01371042,0.33313951,0.07692308
3911,MOV,11.1,3911 MOV,1.0,8,0.02241749,0.47088818,0.125
3912,AUC,0.0,3912 AUC,10.0,32,0.17952542,0.48566678,0.3125
3912,AUC,3.7,3912 AUC,9.0,16,0.33178556,0.76901348,0.5625
3912,AUC,11.1,3912 AUC,7.0,15,0.24809535,0.6988302,0.46666667
3912,AUC,33.3,3912 AUC,5.0,14,0.16344732,0.61235577,0.35714286
3912,MOV,0.0,3912 MOV,5.0,32,0.0686442,0.3175415,0.15625
3912,MOV,3.7,3912 MOV,2.0,16,0.03497749,0.36022827,0.125
3912,MOV,11.1,3912 MOV,2.0,15,0.03736126,0.37881983,0.13333333
3912,MOV,33.3,3912 MOV,0.0,14,0.0,0.2153108,0.0
3913,AUC,0.0,3913 AUC,6.0,30,0.09505107,0.37305696,0.2
3913,AUC,100.0,3913 AUC,7.0,32,0.11023836,0.38754994,0.21875
3913,MOV,0.0,3913 MOV,1.0,30,0.00590859,0.16670391,0.03333333
3913,MOV,100.0,3913 MOV,3.0,32,0.03240155,0.24218155,0.09375
3915,AUC,0.0,3915 AUC,2.0,29,0.01912127,0.2196458,0.06896552
3915,AUC,100.0,3915 AUC,7.0,30,0.11792388,0.40928326,0.23333333
3915,MOV,0.0,3915 MOV,0.0,29,0.0,0.1169698,0.0
3915,MOV,100.0,3915 MOV,3.0,30,0.03459989,0.25621083,0.1
3916,AUC,0.0,3916 AUC,5.0,26,0.08507061,0.37876257,0.19230769
3916,AUC,0.005,3916 AUC,1.0,12,0.01486509,0.35387991,0.08333333
3916,AUC,0.015,3916 AUC,5.0,14,0.16344732,0.61235577,0.35714286
3916,AUC,0.046,3916 AUC,4.0,13,0.12680704,0.57630657,0.30769231
3916,AUC,0.14,3916 AUC,5.0,14,0.16344732,0.61235577,0.35714286
3916,AUC,0.41,3916 AUC,5.0,14,0.16344732,0.61235577,0.35714286
3916,AUC,1.23,3916 AUC,3.0,13,0.08179529,0.50256376,0.23076923
3916,AUC,3.7,3916 AUC,4.0,13,0.12680704,0.57630657,0.30769231
3916,AUC,11.1,3916 AUC,5.0,13,0.17709708,0.64477108,0.38461538
3916,MOV,0.0,3916 MOV,0.0,26,0.0,0.12872892,0.0
3916,MOV,0.005,3916 MOV,1.0,12,0.01486509,0.35387991,0.08333333
3916,MOV,0.015,3916 MOV,2.0,14,0.04009392,0.39941379,0.14285714
3916,MOV,0.046,3916 MOV,2.0,13,0.04325818,0.42234631,0.15384615
3916,MOV,0.14,3916 MOV,3.0,14,0.07571387,0.47589231,0.21428571
3916,MOV,0.41,3916 MOV,2.0,14,0.04009392,0.39941379,0.14285714
3916,MOV,1.23,3916 MOV,2.0,13,0.04325818,0.42234631,0.15384615
3916,MOV,3.7,3916 MOV,3.0,13,0.08179529,0.50256376,0.23076923
3916,MOV,11.1,3916 MOV,2.0,13,0.04325818,0.42234631,0.15384615
3917,AUC,0.0,3917 AUC,9.0,30,0.16664748,0.47875787,0.3
3917,AUC,100.0,3917 AUC,10.0,31,0.18569427,0.49858991,0.32258065
3917,MOV,0.0,3917 MOV,5.0,30,0.07336542,0.33564351,0.16666667
3917,MOV,100.0,3917 MOV,1.0,31,0.00571722,0.16194105,0.03225806
3918,AUC,0.0,3918 AUC,2.0,26,0.02135509,0.24141554,0.07692308
3918,AUC,0.005,3918 AUC,1.0,11,0.01623217,0.37735844,0.09090909
3918,AUC,0.015,3918 AUC,0.0,13,0.0,0.22809537,0.0
3918,AUC,0.046,3918 AUC,1.0,10,0.01787621,0.40415003,0.1
3918,AUC,0.14,3918 AUC,3.0,12,0.08894167,0.53230533,0.25
3918,AUC,0.41,3918 AUC,1.0,12,0.01486509,0.35387991,0.08333333
3918,AUC,1.23,3918 AUC,1.0,12,0.01486509,0.35387991,0.08333333
3918,AUC,3.7,3918 AUC,2.0,11,0.05136769,0.47698056,0.18181818
3918,AUC,11.1,3918 AUC,2.0,8,0.07147921,0.59072457,0.25
3918,MOV,0.0,3918 MOV,2.0,26,0.02135509,0.24141554,0.07692308
3918,MOV,0.005,3918 MOV,2.0,11,0.05136769,0.47698056,0.18181818
3918,MOV,0.015,3918 MOV,3.0,13,0.08179529,0.50256376,0.23076923
3918,MOV,0.046,3918 MOV,2.0,10,0.05668215,0.50983753,0.2
3918,MOV,0.14,3918 MOV,3.0,12,0.08894167,0.53230533,0.25
3918,MOV,0.41,3918 MOV,3.0,12,0.08894167,0.53230533,0.25
3918,MOV,1.23,3918 MOV,2.0,12,0.04696514,0.44803086,0.16666667
3918,MOV,3.7,3918 MOV,4.0,11,0.15166471,0.64619883,0.36363636
3918,MOV,11.1,3918 MOV,1.0,8,0.02241749,0.47088818,0.125
3919,AUC,0.0,3919 AUC,7.0,32,0.11023836,0.38754994,0.21875
3919,AUC,100.0,3919 AUC,11.0,31,0.21116659,0.53052046,0.35483871
3919,MOV,0.0,3919 MOV,2.0,32,0.01731057,0.20147123,0.0625
3919,MOV,100.0,3919 MOV,1.0,31,0.00571722,0.16194105,0.03225806
3920,AUC,0.0,3920 AUC,7.0,32,0.11023836,0.38754994,0.21875
3920,AUC,100.0,3920 AUC,9.0,31,0.160958,0.46592329,0.29032258
3920,MOV,0.0,3920 MOV,2.0,32,0.01731057,0.20147123,0.0625
3920,MOV,100.0,3920 MOV,3.0,31,0.03346464,0.24899938,0.09677419
3921,AUC,0.0,3921 AUC,12.0,31,0.23733101,0.56175891,0.38709677
3921,AUC,100.0,3921 AUC,7.0,31,0.11395136,0.39812418,0.22580645
3921,MOV,0.0,3921 MOV,6.0,31,0.09187008,0.36280258,0.19354839
3921,MOV,100.0,3921 MOV,1.0,31,0.00571722,0.16194105,0.03225806
3922,AUC,0.0,3922 AUC,1.0,23,0.00771667,0.20991155,0.04347826
3922,AUC,0.005,3922 AUC,3.0,13,0.08179529,0.50256376,0.23076923
3922,AUC,0.015,3922 AUC,7.0,12,0.31951131,0.80673969,0.58333333
3922,AUC,0.046,3922 AUC,6.0,11,0.28009154,0.78728728,0.54545455
3922,AUC,0.14,3922 AUC,4.0,13,0.12680704,0.57630657,0.30769231
3922,AUC,0.41,3922 AUC,2.0,8,0.07147921,0.59072457,0.25
3922,AUC,1.23,3922 AUC,4.0,12,0.13812009,0.60937791,0.33333333
3922,AUC,3.7,3922 AUC,2.0,11,0.05136769,0.47698056,0.18181818
3922,AUC,11.1,3922 AUC,7.0,13,0.29143796,0.76793932,0.53846154
3922,MOV,0.0,3922 MOV,0.0,23,0.0,0.14311662,0.0
3922,MOV,0.005,3922 MOV,0.0,13,0.0,0.22809537,0.0
3922,MOV,0.015,3922 MOV,0.0,12,0.0,0.24249401,0.0
3922,MOV,0.046,3922 MOV,1.0,11,0.01623217,0.37735844,0.09090909
3922,MOV,0.14,3922 MOV,1.0,13,0.01371042,0.33313951,0.07692308
3922,MOV,0.41,3922 MOV,0.0,8,0.0,0.32440756,0.0
3922,MOV,1.23,3922 MOV,1.0,12,0.01486509,0.35387991,0.08333333
3922,MOV,3.7,3922 MOV,0.0,11,0.0,0.25883297,0.0
3922,MOV,11.1,3922 MOV,1.0,13,0.01371042,0.33313951,0.07692308
3923,AUC,0.0,3923 AUC,1.0,29,0.00611321,0.17175522,0.03448276
3923,AUC,100.0,3923 AUC,3.0,30,0.03459989,0.25621083,0.1
3923,MOV,0.0,3923 MOV,0.0,29,0.0,0.1169698,0.0
3923,MOV,100.0,3923 MOV,1.0,30,0.00590859,0.16670391,0.03333333
3924,AUC,0.0,3924 AUC,5.0,24,0.09244825,0.40470453,0.20833333
3924,AUC,0.005,3924 AUC,3.0,11,0.09746059,0.5656453,0.27272727
3924,AUC,0.015,3924 AUC,3.0,12,0.08894167,0.53230533,0.25
3924,AUC,0.046,3924 AUC,3.0,13,0.08179529,0.50256376,0.23076923
3924,AUC,0.14,3924 AUC,4.0,11,0.15166471,0.64619883,0.36363636
3924,AUC,0.41,3924 AUC,3.0,12,0.08894167,0.53230533,0.25
3924,AUC,1.23,3924 AUC,3.0,10,0.10779127,0.60322185,0.3
3924,AUC,3.7,3924 AUC,4.0,12,0.13812009,0.60937791,0.33333333
3924,AUC,11.1,3924 AUC,1.0,11,0.01623217,0.37735844,0.09090909
3924,AUC,33.3,3924 AUC,3.0,12,0.08894167,0.53230533,0.25
3924,MOV,0.0,3924 MOV,3.0,24,0.04344334,0.31003881,0.125
3924,MOV,0.005,3924 MOV,1.0,11,0.01623217,0.37735844,0.09090909
3924,MOV,0.015,3924 MOV,0.0,12,0.0,0.24249401,0.0
3924,MOV,0.046,3924 MOV,2.0,13,0.04325818,0.42234631,0.15384615
3924,MOV,0.14,3924 MOV,1.0,11,0.01623217,0.37735844,0.09090909
3924,MOV,0.41,3924 MOV,1.0,12,0.01486509,0.35387991,0.08333333
3924,MOV,1.23,3924 MOV,1.0,10,0.01787621,0.40415003,0.1
3924,MOV,3.7,3924 MOV,2.0,12,0.04696514,0.44803086,0.16666667
3924,MOV,11.1,3924 MOV,1.0,11,0.01623217,0.37735844,0.09090909
3924,MOV,33.3,3924 MOV,0.0,12,0.0,0.24249401,0.0
3925,AUC,0.0,3925 AUC,6.0,24,0.11999366,0.44899444,0.25
3925,AUC,0.005,3925 AUC,6.0,13,0.23206068,0.70856204,0.46153846
3925,AUC,0.015,3925 AUC,5.0,13,0.17709708,0.64477108,0.38461538
3925,AUC,0.046,3925 AUC,2.0,14,0.04009392,0.39941379,0.14285714
3925,AUC,0.14,3925 AUC,2.0,12,0.04696514,0.44803086,0.16666667
3925,AUC,0.41,3925 AUC,3.0,14,0.07571387,0.47589231,0.21428571
3925,AUC,1.23,3925 AUC,4.0,13,0.12680704,0.57630657,0.30769231
3925,AUC,3.7,3925 AUC,5.0,13,0.17709708,0.64477108,0.38461538
3925,AUC,11.1,3925 AUC,1.0,3,0.06149194,0.7923404,0.33333333
3925,MOV,0.0,3925 MOV,0.0,24,0.0,0.1379762,0.0
3925,MOV,0.005,3925 MOV,2.0,13,0.04325818,0.42234631,0.15384615
3925,MOV,0.015,3925 MOV,2.0,13,0.04325818,0.42234631,0.15384615
3925,MOV,0.046,3925 MOV,1.0,14,0.01272222,0.31468704,0.07142857
3925,MOV,0.14,3925 MOV,1.0,12,0.01486509,0.35387991,0.08333333
3925,MOV,0.41,3925 MOV,1.0,14,0.01272222,0.31468704,0.07142857
3925,MOV,1.23,3925 MOV,3.0,13,0.08179529,0.50256376,0.23076923
3925,MOV,3.7,3925 MOV,1.0,13,0.01371042,0.33313951,0.07692308
3925,MOV,11.1,3925 MOV,0.0,3,0.0,0.56149703,0.0
3926,AUC,0.0,3926 AUC,6.0,27,0.10607239,0.40756929,0.22222222
3926,AUC,0.005,3926 AUC,4.0,13,0.12680704,0.57630657,0.30769231
3926,AUC,0.015,3926 AUC,4.0,13,0.12680704,0.57630657,0.30769231
3926,AUC,0.046,3926 AUC,3.0,11,0.09746059,0.5656453,0.27272727
3926,AUC,0.14,3926 AUC,3.0,13,0.08179529,0.50256376,0.23076923
3926,AUC,0.41,3926 AUC,5.0,10,0.23659309,0.76340691,0.5
3926,AUC,1.23,3926 AUC,1.0,10,0.01787621,0.40415003,0.1
3926,AUC,3.7,3926 AUC,1.0,4,0.04558726,0.69935816,0.25
3926,MOV,0.0,3926 MOV,3.0,27,0.03852035,0.28057801,0.11111111
3926,MOV,0.005,3926 MOV,0.0,13,0.0,0.22809537,0.0
3926,MOV,0.015,3926 MOV,2.0,13,0.04325818,0.42234631,0.15384615
3926,MOV,0.046,3926 MOV,1.0,11,0.01623217,0.37735844,0.09090909
3926,MOV,0.14,3926 MOV,1.0,13,0.01371042,0.33313951,0.07692308
3926,MOV,0.41,3926 MOV,1.0,10,0.01787621,0.40415003,0.1
3926,MOV,1.23,3926 MOV,1.0,10,0.01787621,0.40415003,0.1
3926,MOV,3.7,3926 MOV,1.0,4,0.04558726,0.69935816,0.25
3927,AUC,0.0,3927 AUC,3.0,25,0.04166817,0.29955794,0.12
3927,AUC,100.0,3927 AUC,6.0,25,0.11496314,0.43429683,0.24
3927,MOV,0.0,3927 MOV,1.0,25,0.00709623,0.19544064,0.04
3927,MOV,100.0,3927 MOV,4.0,25,0.06403451,0.34653622,0.16
3929,AUC,0.0,3929 AUC,4.0,25,0.06403451,0.34653622,0.16
3929,AUC,0.005,3929 AUC,2.0,13,0.04325818,0.42234631,0.15384615
3929,AUC,0.015,3929 AUC,0.0,12,0.0,0.24249401,0.0
3929,AUC,0.046,3929 AUC,1.0,13,0.01371042,0.33313951,0.07692308
3929,AUC,0.14,3929 AUC,2.0,12,0.04696514,0.44803086,0.16666667
3929,AUC,0.41,3929 AUC,2.0,14,0.04009392,0.39941379,0.14285714
3929,AUC,1.23,3929 AUC,3.0,13,0.08179529,0.50256376,0.23076923
3929,AUC,3.7,3929 AUC,1.0,10,0.01787621,0.40415003,0.1
3929,AUC,11.1,3929 AUC,4.0,12,0.13812009,0.60937791,0.33333333
3929,AUC,33.3,3929 AUC,6.0,12,0.2537816,0.7462184,0.5
3929,AUC,100.0,3929 AUC,2.0,9,0.06322511,0.54741103,0.22222222
3929,MOV,0.0,3929 MOV,5.0,25,0.08860585,0.3913095,0.2
3929,MOV,0.005,3929 MOV,5.0,13,0.17709708,0.64477108,0.38461538
3929,MOV,0.015,3929 MOV,2.0,12,0.04696514,0.44803086,0.16666667
3929,MOV,0.046,3929 MOV,2.0,13,0.04325818,0.42234631,0.15384615
3929,MOV,0.14,3929 MOV,1.0,12,0.01486509,0.35387991,0.08333333
3929,MOV,0.41,3929 MOV,1.0,14,0.01272222,0.31468704,0.07142857
3929,MOV,1.23,3929 MOV,1.0,13,0.01371042,0.33313951,0.07692308
3929,MOV,3.7,3929 MOV,1.0,10,0.01787621,0.40415003,0.1
3929,MOV,11.1,3929 MOV,4.0,12,0.13812009,0.60937791,0.33333333
3929,MOV,33.3,3929 MOV,1.0,12,0.01486509,0.35387991,0.08333333
3929,MOV,100.0,3929 MOV,1.0,9,0.01989089,0.43499971,0.11111111
3930,AUC,0.0,3930 AUC,2.0,26,0.02135509,0.24141554,0.07692308
3930,AUC,0.005,3930 AUC,1.0,13,0.01371042,0.33313951,0.07692308
3930,AUC,0.015,3930 AUC,0.0,13,0.0,0.22809537,0.0
3930,AUC,0.046,3930 AUC,2.0,12,0.04696514,0.44803086,0.16666667
3930,AUC,0.14,3930 AUC,2.0,12,0.04696514,0.44803086,0.16666667
3930,AUC,0.41,3930 AUC,1.0,14,0.01272222,0.31468704,0.07142857
3930,AUC,1.23,3930 AUC,1.0,12,0.01486509,0.35387991,0.08333333
3930,AUC,3.7,3930 AUC,3.0,12,0.08894167,0.53230533,0.25
3930,MOV,0.0,3930 MOV,2.0,26,0.02135509,0.24141554,0.07692308
3930,MOV,0.005,3930 MOV,0.0,13,0.0,0.22809537,0.0
3930,MOV,0.015,3930 MOV,0.0,13,0.0,0.22809537,0.0
3930,MOV,0.046,3930 MOV,0.0,12,0.0,0.24249401,0.0
3930,MOV,0.14,3930 MOV,1.0,12,0.01486509,0.35387991,0.08333333
3930,MOV,0.41,3930 MOV,3.0,14,0.07571387,0.47589231,0.21428571
3930,MOV,1.23,3930 MOV,1.0,12,0.01486509,0.35387991,0.08333333
3930,MOV,3.7,3930 MOV,4.0,12,0.13812009,0.60937791,0.33333333
3931,AUC,0.0,3931 AUC,2.0,25,0.0222204,0.24966109,0.08
3931,AUC,0.005,3931 AUC,2.0,13,0.04325818,0.42234631,0.15384615
3931,AUC,0.015,3931 AUC,3.0,13,0.08179529,0.50256376,0.23076923
3931,AUC,0.046,3931 AUC,0.0,10,0.0,0.2775328,0.0
3931,AUC,0.14,3931 AUC,3.0,12,0.08894167,0.53230533,0.25
3931,AUC,0.41,3931 AUC,2.0,12,0.04696514,0.44803086,0.16666667
3931,AUC,1.23,3931 AUC,1.0,12,0.01486509,0.35387991,0.08333333
3931,MOV,0.0,3931 MOV,0.0,25,0.0,0.13319225,0.0
3931,MOV,0.005,3931 MOV,4.0,13,0.12680704,0.57630657,0.30769231
3931,MOV,0.015,3931 MOV,4.0,13,0.12680704,0.57630657,0.30769231
3931,MOV,0.046,3931 MOV,2.0,10,0.05668215,0.50983753,0.2
3931,MOV,0.14,3931 MOV,4.0,12,0.13812009,0.60937791,0.33333333
3931,MOV,0.41,3931 MOV,1.0,12,0.01486509,0.35387991,0.08333333
3931,MOV,1.23,3931 MOV,2.0,12,0.04696514,0.44803086,0.16666667
3932,AUC,0.0,3932 AUC,2.0,26,0.02135509,0.24141554,0.07692308
3932,AUC,0.005,3932 AUC,0.0,12,0.0,0.24249401,0.0
3932,AUC,0.015,3932 AUC,0.0,11,0.0,0.25883297,0.0
3932,AUC,0.046,3932 AUC,0.0,11,0.0,0.25883297,0.0
3932,AUC,0.14,3932 AUC,2.0,12,0.04696514,0.44803086,0.16666667
3932,AUC,0.41,3932 AUC,1.0,14,0.01272222,0.31468704,0.07142857
3932,AUC,1.23,3932 AUC,4.0,12,0.13812009,0.60937791,0.33333333
3932,AUC,3.7,3932 AUC,5.0,14,0.16344732,0.61235577,0.35714286
3932,AUC,11.1,3932 AUC,1.0,14,0.01272222,0.31468704,0.07142857
3932,AUC,33.3,3932 AUC,2.0,12,0.04696514,0.44803086,0.16666667
3932,AUC,100.0,3932 AUC,2.0,14,0.04009392,0.39941379,0.14285714
3932,MOV,0.0,3932 MOV,1.0,26,0.00682198,0.18892779,0.03846154
3932,MOV,0.005,3932 MOV,0.0,12,0.0,0.24249401,0.0
3932,MOV,0.015,3932 MOV,1.0,11,0.01623217,0.37735844,0.09090909
3932,MOV,0.046,3932 MOV,1.0,11,0.01623217,0.37735844,0.09090909
3932,MOV,0.14,3932 MOV,0.0,12,0.0,0.24249401,0.0
3932,MOV,0.41,3932 MOV,2.0,14,0.04009392,0.39941379,0.14285714
3932,MOV,1.23,3932 MOV,0.0,12,0.0,0.24249401,0.0
3932,MOV,3.7,3932 MOV,1.0,14,0.01272222,0.31468704,0.07142857
3932,MOV,11.1,3932 MOV,0.0,14,0.0,0.2153108,0.0
3932,MOV,33.3,3932 MOV,0.0,12,0.0,0.24249401,0.0
3932,MOV,100.0,3932 MOV,2.0,14,0.04009392,0.39941379,0.14285714
3933,AUC,0.0,3933 AUC,2.0,30,0.01847702,0.21323458,0.06666667
3933,AUC,100.0,3933 AUC,5.0,29,0.07597857,0.3454844,0.17241379
3933,MOV,0.0,3933 MOV,0.0,30,0.0,0.11351339,0.0
3933,MOV,100.0,3933 MOV,0.0,29,0.0,0.1169698,0.0
3934,AUC,0.0,3934 AUC,2.0,30,0.01847702,0.21323458,0.06666667
3934,AUC,100.0,3934 AUC,4.0,30,0.05309655,0.29681327,0.13333333
3934,MOV,0.0,3934 MOV,0.0,30,0.0,0.11351339,0.0
3934,MOV,100.0,3934 MOV,1.0,30,0.00590859,0.16670391,0.03333333
3935,AUC,0.0,3935 AUC,2.0,29,0.01912127,0.2196458,0.06896552
3935,AUC,100.0,3935 AUC,3.0,27,0.03852035,0.28057801,0.11111111
3935,MOV,0.0,3935 MOV,0.0,29,0.0,0.1169698,0.0
3935,MOV,100.0,3935 MOV,1.0,27,0.00656815,0.18283466,0.03703704
3936,AUC,0.0,3936 AUC,2.0,29,0.01912127,0.2196458,0.06896552
3936,AUC,100.0,3936 AUC,3.0,27,0.03852035,0.28057801,0.11111111
3936,MOV,0.0,3936 MOV,0.0,29,0.0,0.1169698,0.0
3936,MOV,100.0,3936 MOV,0.0,27,0.0,0.12455503,0.0
3937,AUC,0.0,3937 AUC,2.0,26,0.02135509,0.24141554,0.07692308
3937,AUC,0.005,3937 AUC,3.0,13,0.08179529,0.50256376,0.23076923
3937,AUC,0.015,3937 AUC,0.0,12,0.0,0.24249401,0.0
3937,AUC,0.046,3937 AUC,2.0,13,0.04325818,0.42234631,0.15384615
3937,AUC,0.14,3937 AUC,2.0,13,0.04325818,0.42234631,0.15384615
3937,AUC,0.41,3937 AUC,6.0,14,0.21380799,0.67409355,0.42857143
3937,AUC,1.23,3937 AUC,3.0,12,0.08894167,0.53230533,0.25
3937,AUC,3.7,3937 AUC,8.0,14,0.32590645,0.78619201,0.57142857
3937,MOV,0.0,3937 MOV,1.0,26,0.00682198,0.18892779,0.03846154
3937,MOV,0.005,3937 MOV,1.0,13,0.01371042,0.33313951,0.07692308
3937,MOV,0.015,3937 MOV,0.0,12,0.0,0.24249401,0.0
3937,MOV,0.046,3937 MOV,2.0,13,0.04325818,0.42234631,0.15384615
3937,MOV,0.14,3937 MOV,2.0,13,0.04325818,0.42234631,0.15384615
3937,MOV,0.41,3937 MOV,1.0,14,0.01272222,0.31468704,0.07142857
3937,MOV,1.23,3937 MOV,2.0,12,0.04696514,0.44803086,0.16666667
3937,MOV,3.7,3937 MOV,10.0,14,0.45350916,0.88278621,0.71428571
3938,AUC,0.0,3938 AUC,6.0,29,0.0984607,0.3839009,0.20689655
3938,AUC,100.0,3938 AUC,1.0,27,0.00656815,0.18283466,0.03703704
3938,MOV,0.0,3938 MOV,1.0,29,0.00611321,0.17175522,0.03448276
3938,MOV,100.0,3938 MOV,0.0,27,0.0,0.12455503,0.0
3939,AUC,0.0,3939 AUC,5.0,31,0.07092624,0.32634354,0.16129032
3939,AUC,100.0,3939 AUC,8.0,29,0.14698755,0.45717132,0.27586207
3939,MOV,0.0,3939 MOV,1.0,31,0.00571722,0.16194105,0.03225806
3939,MOV,100.0,3939 MOV,3.0,29,0.03581489,0.26385081,0.10344828
3940,AUC,0.0,3940 AUC,3.0,25,0.04166817,0.29955794,0.12
3940,AUC,0.005,3940 AUC,0.0,11,0.0,0.25883297,0.0
3940,AUC,0.015,3940 AUC,1.0,13,0.01371042,0.33313951,0.07692308
3940,AUC,0.046,3940 AUC,3.0,12,0.08894167,0.53230533,0.25
3940,AUC,0.14,3940 AUC,2.0,13,0.04325818,0.42234631,0.15384615
3940,AUC,0.41,3940 AUC,1.0,13,0.01371042,0.33313951,0.07692308
3940,AUC,1.23,3940 AUC,1.0,12,0.01486509,0.35387991,0.08333333
3940,MOV,0.0,3940 MOV,2.0,25,0.0222204,0.24966109,0.08
3940,MOV,0.005,3940 MOV,2.0,11,0.05136769,0.47698056,0.18181818
3940,MOV,0.015,3940 MOV,1.0,13,0.01371042,0.33313951,0.07692308
3940,MOV,0.046,3940 MOV,4.0,12,0.13812009,0.60937791,0.33333333
3940,MOV,0.14,3940 MOV,2.0,13,0.04325818,0.42234631,0.15384615
3940,MOV,0.41,3940 MOV,3.0,13,0.08179529,0.50256376,0.23076923
3940,MOV,1.23,3940 MOV,2.0,12,0.04696514,0.44803086,0.16666667
3941,AUC,0.0,3941 AUC,8.0,25,0.1720519,0.51589731,0.32
3941,AUC,0.005,3941 AUC,2.0,14,0.04009392,0.39941379,0.14285714
3941,AUC,0.015,3941 AUC,1.0,9,0.01989089,0.43499971,0.11111111
3941,AUC,0.046,3941 AUC,0.0,10,0.0,0.2775328,0.0
3941,AUC,0.14,3941 AUC,3.0,12,0.08894167,0.53230533,0.25
3941,AUC,0.41,3941 AUC,1.0,12,0.01486509,0.35387991,0.08333333
3941,AUC,1.23,3941 AUC,2.0,13,0.04325818,0.42234631,0.15384615
3941,AUC,3.7,3941 AUC,3.0,12,0.08894167,0.53230533,0.25
3941,AUC,11.1,3941 AUC,1.0,12,0.01486509,0.35387991,0.08333333
3941,AUC,33.3,3941 AUC,0.0,8,0.0,0.32440756,0.0
3941,MOV,0.0,3941 MOV,1.0,25,0.00709623,0.19544064,0.04
3941,MOV,0.005,3941 MOV,5.0,14,0.16344732,0.61235577,0.35714286
3941,MOV,0.015,3941 MOV,4.0,9,0.18877852,0.73334871,0.44444444
3941,MOV,0.046,3941 MOV,5.0,10,0.23659309,0.76340691,0.5
3941,MOV,0.14,3941 MOV,4.0,12,0.13812009,0.60937791,0.33333333
3941,MOV,0.41,3941 MOV,3.0,12,0.08894167,0.53230533,0.25
3941,MOV,1.23,3941 MOV,5.0,13,0.17709708,0.64477108,0.38461538
3941,MOV,3.7,3941 MOV,4.0,12,0.13812009,0.60937791,0.33333333
3941,MOV,11.1,3941 MOV,3.0,12,0.08894167,0.53230533,0.25
3941,MOV,33.3,3941 MOV,0.0,8,0.0,0.32440756,0.0
3942,AUC,0.0,3942 AUC,0.0,27,0.0,0.12455503,0.0
3942,AUC,100.0,3942 AUC,2.0,29,0.01912127,0.2196458,0.06896552
3942,MOV,0.0,3942 MOV,0.0,27,0.0,0.12455503,0.0
3942,MOV,100.0,3942 MOV,1.0,29,0.00611321,0.17175522,0.03448276
3943,AUC,0.0,3943 AUC,2.0,25,0.0222204,0.24966109,0.08
3943,AUC,0.005,3943 AUC,1.0,11,0.01623217,0.37735844,0.09090909
3943,AUC,0.015,3943 AUC,1.0,9,0.01989089,0.43499971,0.11111111
3943,AUC,0.046,3943 AUC,0.0,12,0.0,0.24249401,0.0
3943,AUC,0.14,3943 AUC,0.0,9,0.0,0.29914505,0.0
3943,AUC,0.41,3943 AUC,0.0,10,0.0,0.2775328,0.0
3943,AUC,1.23,3943 AUC,1.0,10,0.01787621,0.40415003,0.1
3943,AUC,3.7,3943 AUC,0.0,13,0.0,0.22809537,0.0
3943,MOV,0.0,3943 MOV,2.0,25,0.0222204,0.24966109,0.08
3943,MOV,0.005,3943 MOV,0.0,11,0.0,0.25883297,0.0
3943,MOV,0.015,3943 MOV,0.0,9,0.0,0.29914505,0.0
3943,MOV,0.046,3943 MOV,0.0,12,0.0,0.24249401,0.0
3943,MOV,0.14,3943 MOV,0.0,9,0.0,0.29914505,0.0
3943,MOV,0.41,3943 MOV,1.0,10,0.01787621,0.40415003,0.1
3943,MOV,1.23,3943 MOV,0.0,10,0.0,0.2775328,0.0
3943,MOV,3.7,3943 MOV,2.0,13,0.04325818,0.42234631,0.15384615
3944,AUC,0.0,3944 AUC,2.0,30,0.01847702,0.21323458,0.06666667
3944,AUC,100.0,3944 AUC,2.0,31,0.01787478,0.20718637,0.06451613
3944,MOV,0.0,3944 MOV,2.0,30,0.01847702,0.21323458,0.06666667
3944,MOV,100.0,3944 MOV,0.0,31,0.0,0.1102554,0.0
3945,AUC,0.0,3945 AUC,12.0,31,0.23733101,0.56175891,0.38709677
3945,AUC,1.23,3945 AUC,4.0,14,0.11721379,0.54649084,0.28571429
3945,AUC,3.7,3945 AUC,6.0,6,0.60966571,1.0,1.0
3945,MOV,0.0,3945 MOV,2.0,31,0.01787478,0.20718637,0.06451613
3945,MOV,1.23,3945 MOV,0.0,14,0.0,0.2153108,0.0
3945,MOV,3.7,3945 MOV,3.0,6,0.18761631,0.81238369,0.5
3946,AUC,0.0,3946 AUC,2.0,21,0.02651877,0.28914139,0.0952381
3946,AUC,0.005,3946 AUC,1.0,11,0.01623217,0.37735844,0.09090909
3946,AUC,0.015,3946 AUC,2.0,11,0.05136769,0.47698056,0.18181818
3946,AUC,0.046,3946 AUC,0.0,10,0.0,0.2775328,0.0
3946,AUC,0.14,3946 AUC,1.0,11,0.01623217,0.37735844,0.09090909
3946,AUC,0.41,3946 AUC,0.0,9,0.0,0.29914505,0.0
3946,AUC,1.23,3946 AUC,2.0,12,0.04696514,0.44803086,0.16666667
3946,AUC,3.7,3946 AUC,2.0,8,0.07147921,0.59072457,0.25
3946,AUC,11.1,3946 AUC,3.0,13,0.08179529,0.50256376,0.23076923
3946,AUC,33.3,3946 AUC,0.0,1,0.0,0.79345069,0.0
3946,MOV,0.0,3946 MOV,1.0,21,0.00845599,0.2266936,0.04761905
3946,MOV,0.005,3946 MOV,1.0,11,0.01623217,0.37735844,0.09090909
3946,MOV,0.015,3946 MOV,2.0,11,0.05136769,0.47698056,0.18181818
3946,MOV,0.046,3946 MOV,1.0,10,0.01787621,0.40415003,0.1
3946,MOV,0.14,3946 MOV,1.0,11,0.01623217,0.37735844,0.09090909
3946,MOV,0.41,3946 MOV,0.0,9,0.0,0.29914505,0.0
3946,MOV,1.23,3946 MOV,1.0,12,0.01486509,0.35387991,0.08333333
3946,MOV,3.7,3946 MOV,0.0,8,0.0,0.32440756,0.0
3946,MOV,11.1,3946 MOV,0.0,13,0.0,0.22809537,0.0
3946,MOV,33.3,3946 MOV,0.0,1,0.0,0.79345069,0.0
3947,AUC,0.0,3947 AUC,4.0,29,0.0549744,0.30558994,0.13793103
3947,AUC,100.0,3947 AUC,6.0,30,0.09505107,0.37305696,0.2
3947,MOV,0.0,3947 MOV,1.0,29,0.00611321,0.17175522,0.03448276
3947,MOV,100.0,3947 MOV,1.0,30,0.00590859,0.16670391,0.03333333
3948,AUC,0.0,3948 AUC,4.0,29,0.0549744,0.30558994,0.13793103
3948,AUC,100.0,3948 AUC,7.0,31,0.11395136,0.39812418,0.22580645
3948,MOV,0.0,3948 MOV,1.0,29,0.00611321,0.17175522,0.03448276
3948,MOV,100.0,3948 MOV,1.0,31,0.00571722,0.16194105,0.03225806
3949,AUC,0.0,3949 AUC,0.0,30,0.0,0.11351339,0.0
3949,AUC,100.0,3949 AUC,6.0,29,0.0984607,0.3839009,0.20689655
3949,MOV,0.0,3949 MOV,0.0,30,0.0,0.11351339,0.0
3949,MOV,100.0,3949 MOV,3.0,29,0.03581489,0.26385081,0.10344828
3950,AUC,0.0,3950 AUC,0.0,30,0.0,0.11351339,0.0
3950,AUC,100.0,3950 AUC,8.0,30,0.14182663,0.44447962,0.26666667
3950,MOV,0.0,3950 MOV,0.0,30,0.0,0.11351339,0.0
3950,MOV,100.0,3950 MOV,2.0,30,0.01847702,0.21323458,0.06666667
3951,AUC,0.0,3951 AUC,5.0,30,0.07336542,0.33564351,0.16666667
3951,AUC,100.0,3951 AUC,11.0,31,0.21116659,0.53052046,0.35483871
3951,MOV,0.0,3951 MOV,1.0,30,0.00590859,0.16670391,0.03333333
3951,MOV,100.0,3951 MOV,1.0,31,0.00571722,0.16194105,0.03225806
3952,AUC,0.0,3952 AUC,1.0,46,0.00384785,0.11335295,0.02173913
3952,AUC,0.005,3952 AUC,0.0,18,0.0,0.17587922,0.0
3952,AUC,0.015,3952 AUC,0.0,16,0.0,0.19360768,0.0
3952,AUC,0.046,3952 AUC,0.0,18,0.0,0.17587922,0.0
3952,AUC,0.14,3952 AUC,2.0,22,0.02529543,0.27814947,0.09090909
3952,AUC,0.41,3952 AUC,1.0,23,0.00771667,0.20991155,0.04347826
3952,AUC,1.23,3952 AUC,0.0,20,0.0,0.16112516,0.0
3952,AUC,3.7,3952 AUC,3.0,26,0.04003245,0.28975903,0.11538462
3952,AUC,11.1,3952 AUC,1.0,18,0.00987519,0.25757301,0.05555556
3952,MOV,0.0,3952 MOV,0.0,46,0.0,0.07707356,0.0
3952,MOV,0.005,3952 MOV,0.0,18,0.0,0.17587922,0.0
3952,MOV,0.015,3952 MOV,2.0,16,0.03497749,0.36022827,0.125
3952,MOV,0.046,3952 MOV,3.0,18,0.05836577,0.39222038,0.16666667
3952,MOV,0.14,3952 MOV,3.0,22,0.04749004,0.33334987,0.13636364
3952,MOV,0.41,3952 MOV,2.0,23,0.02418,0.26795981,0.08695652
3952,MOV,1.23,3952 MOV,1.0,20,0.00888145,0.23613119,0.05
3952,MOV,3.7,3952 MOV,4.0,26,0.06150034,0.33531199,0.15384615
3952,MOV,11.1,3952 MOV,0.0,18,0.0,0.17587922,0.0
3953,AUC,0.0,3953 AUC,4.0,27,0.05915928,0.32478685,0.14814815
3953,AUC,0.005,3953 AUC,6.0,10,0.31267377,0.83181967,0.6
3953,AUC,0.015,3953 AUC,3.0,13,0.08179529,0.50256376,0.23076923
3953,AUC,0.046,3953 AUC,7.0,11,0.35380117,0.84833529,0.63636364
3953,AUC,0.14,3953 AUC,4.0,10,0.16818033,0.68732623,0.4
3953,AUC,0.41,3953 AUC,10.0,13,0.49743624,0.91820471,0.76923077
3953,AUC,1.23,3953 AUC,4.0,12,0.13812009,0.60937791,0.33333333
3953,AUC,3.7,3953 AUC,6.0,11,0.28009154,0.78728728,0.54545455
3953,AUC,11.1,3953 AUC,7.0,13,0.29143796,0.76793932,0.53846154
3953,AUC,33.3,3953 AUC,1.0,6,0.03005337,0.56350282,0.16666667
3953,MOV,0.0,3953 MOV,2.0,27,0.02055465,0.23369593,0.07407407
3953,MOV,0.005,3953 MOV,0.0,10,0.0,0.2775328,0.0
3953,MOV,0.015,3953 MOV,0.0,13,0.0,0.22809537,0.0
3953,MOV,0.046,3953 MOV,1.0,11,0.01623217,0.37735844,0.09090909
3953,MOV,0.14,3953 MOV,0.0,10,0.0,0.2775328,0.0
3953,MOV,0.41,3953 MOV,0.0,13,0.0,0.22809537,0.0
3953,MOV,1.23,3953 MOV,1.0,12,0.01486509,0.35387991,0.08333333
3953,MOV,3.7,3953 MOV,2.0,11,0.05136769,0.47698056,0.18181818
3953,MOV,11.1,3953 MOV,0.0,13,0.0,0.22809537,0.0
3953,MOV,33.3,3953 MOV,0.0,6,0.0,0.39033429,0.0
3954,AUC,0.0,3954 AUC,4.0,26,0.06150034,0.33531199,0.15384615
3954,AUC,0.005,3954 AUC,1.0,11,0.01623217,0.37735844,0.09090909
3954,AUC,0.015,3954 AUC,1.0,13,0.01371042,0.33313951,0.07692308
3954,AUC,0.046,3954 AUC,3.0,11,0.09746059,0.5656453,0.27272727
3954,AUC,0.14,3954 AUC,2.0,13,0.04325818,0.42234631,0.15384615
3954,AUC,0.41,3954 AUC,2.0,14,0.04009392,0.39941379,0.14285714
3954,AUC,1.23,3954 AUC,0.0,10,0.0,0.2775328,0.0
3954,AUC,3.7,3954 AUC,1.0,12,0.01486509,0.35387991,0.08333333
3954,MOV,0.0,3954 MOV,0.0,26,0.0,0.12872892,0.0
3954,MOV,0.005,3954 MOV,1.0,11,0.01623217,0.37735844,0.09090909
3954,MOV,0.015,3954 MOV,0.0,13,0.0,0.22809537,0.0
3954,MOV,0.046,3954 MOV,1.0,11,0.01623217,0.37735844,0.09090909
3954,MOV,0.14,3954 MOV,1.0,13,0.01371042,0.33313951,0.07692308
3954,MOV,0.41,3954 MOV,0.0,14,0.0,0.2153108,0.0
3954,MOV,1.23,3954 MOV,0.0,10,0.0,0.2775328,0.0
3954,MOV,3.7,3954 MOV,0.0,12,0.0,0.24249401,0.0
3955,AUC,0.0,3955 AUC,2.0,30,0.01847702,0.21323458,0.06666667
3955,AUC,100.0,3955 AUC,12.0,29,0.25513177,0.59262164,0.4137931
3955,MOV,0.0,3955 MOV,0.0,30,0.0,0.11351339,0.0
3955,MOV,100.0,3955 MOV,10.0,29,0.19940719,0.52654896,0.34482759
3956,AUC,0.0,3956 AUC,2.0,30,0.01847702,0.21323458,0.06666667
3956,AUC,100.0,3956 AUC,2.0,28,0.01981206,0.22645363,0.07142857
3956,MOV,0.0,3956 MOV,0.0,30,0.0,0.11351339,0.0
3956,MOV,100.0,3956 MOV,3.0,28,0.03711837,0.27195852,0.10714286
3957,AUC,0.0,3957 AUC,3.0,27,0.03852035,0.28057801,0.11111111
3957,AUC,0.005,3957 AUC,1.0,10,0.01787621,0.40415003,0.1
3957,AUC,0.015,3957 AUC,1.0,12,0.01486509,0.35387991,0.08333333
3957,AUC,0.046,3957 AUC,2.0,10,0.05668215,0.50983753,0.2
3957,AUC,0.14,3957 AUC,1.0,13,0.01371042,0.33313951,0.07692308
3957,AUC,0.41,3957 AUC,2.0,11,0.05136769,0.47698056,0.18181818
3957,AUC,1.23,3957 AUC,2.0,10,0.05668215,0.50983753,0.2
3957,AUC,3.7,3957 AUC,8.0,12,0.39062209,0.86187991,0.66666667
3957,AUC,11.1,3957 AUC,7.0,11,0.35380117,0.84833529,0.63636364
3957,AUC,33.3,3957 AUC,9.0,11,0.52301944,0.94863231,0.81818182
3957,AUC,100.0,3957 AUC,2.0,2,0.34238023,1.0,1.0
3957,MOV,0.0,3957 MOV,0.0,27,0.0,0.12455503,0.0
3957,MOV,0.005,3957 MOV,0.0,10,0.0,0.2775328,0.0
3957,MOV,0.015,3957 MOV,2.0,12,0.04696514,0.44803086,0.16666667
3957,MOV,0.046,3957 MOV,0.0,10,0.0,0.2775328,0.0
3957,MOV,0.14,3957 MOV,0.0,13,0.0,0.22809537,0.0
3957,MOV,0.41,3957 MOV,0.0,11,0.0,0.25883297,0.0
3957,MOV,1.23,3957 MOV,0.0,10,0.0,0.2775328,0.0
3957,MOV,3.7,3957 MOV,1.0,12,0.01486509,0.35387991,0.08333333
3957,MOV,11.1,3957 MOV,1.0,11,0.01623217,0.37735844,0.09090909
3957,MOV,33.3,3957 MOV,1.0,11,0.01623217,0.37735844,0.09090909
3957,MOV,100.0,3957 MOV,1.0,2,0.09453121,0.90546879,0.5
3958,AUC,0.0,3958 AUC,5.0,30,0.07336542,0.33564351,0.16666667
3958,AUC,100.0,3958 AUC,3.0,29,0.03581489,0.26385081,0.10344828
3958,MOV,0.0,3958 MOV,1.0,30,0.00590859,0.16670391,0.03333333
3958,MOV,100.0,3958 MOV,3.0,29,0.03581489,0.26385081,0.10344828
3959,AUC,0.0,3959 AUC,2.0,29,0.01912127,0.2196458,0.06896552
3959,AUC,100.0,3959 AUC,1.0,30,0.00590859,0.16670391,0.03333333
3959,MOV,0.0,3959 MOV,2.0,29,0.01912127,0.2196458,0.06896552
3959,MOV,100.0,3959 MOV,1.0,30,0.00590859,0.16670391,0.03333333
3960,AUC,0.0,3960 AUC,2.0,29,0.01912127,0.2196458,0.06896552
3960,AUC,100.0,3960 AUC,3.0,30,0.03459989,0.25621083,0.1
3960,MOV,0.0,3960 MOV,2.0,29,0.01912127,0.2196458,0.06896552
3960,MOV,100.0,3960 MOV,0.0,30,0.0,0.11351339,0.0
3961,AUC,0.0,3961 AUC,0.0,30,0.0,0.11351339,0.0
3961,AUC,100.0,3961 AUC,1.0,30,0.00590859,0.16670391,0.03333333
3961,MOV,0.0,3961 MOV,0.0,30,0.0,0.11351339,0.0
3961,MOV,100.0,3961 MOV,0.0,30,0.0,0.11351339,0.0
3962,AUC,0.0,3962 AUC,0.0,30,0.0,0.11351339,0.0
3962,AUC,100.0,3962 AUC,0.0,27,0.0,0.12455503,0.0
3962,MOV,0.0,3962 MOV,0.0,30,0.0,0.11351339,0.0
3962,MOV,100.0,3962 MOV,0.0,27,0.0,0.12455503,0.0
3963,AUC,0.0,3963 AUC,0.0,25,0.0,0.13319225,0.0
3963,AUC,100.0,3963 AUC,0.0,30,0.0,0.11351339,0.0
3963,MOV,0.0,3963 MOV,0.0,25,0.0,0.13319225,0.0
3963,MOV,100.0,3963 MOV,2.0,30,0.01847702,0.21323458,0.06666667
3964,AUC,0.0,3964 AUC,6.0,19,0.15364379,0.53989592,0.31578947
3964,AUC,0.005,3964 AUC,1.0,12,0.01486509,0.35387991,0.08333333
3964,AUC,0.015,3964 AUC,1.0,12,0.01486509,0.35387991,0.08333333
3964,AUC,0.046,3964 AUC,5.0,12,0.19326031,0.68048869,0.41666667
3964,AUC,0.14,3964 AUC,0.0,9,0.0,0.29914505,0.0
3964,AUC,0.41,3964 AUC,1.0,10,0.01787621,0.40415003,0.1
3964,AUC,1.23,3964 AUC,2.0,12,0.04696514,0.44803086,0.16666667
3964,AUC,3.7,3964 AUC,0.0,10,0.0,0.2775328,0.0
3964,MOV,0.0,3964 MOV,1.0,19,0.00935199,0.24638731,0.05263158
3964,MOV,0.005,3964 MOV,1.0,12,0.01486509,0.35387991,0.08333333
3964,MOV,0.015,3964 MOV,0.0,12,0.0,0.24249401,0.0
3964,MOV,0.046,3964 MOV,3.0,12,0.08894167,0.53230533,0.25
3964,MOV,0.14,3964 MOV,1.0,9,0.01989089,0.43499971,0.11111111
3964,MOV,0.41,3964 MOV,0.0,10,0.0,0.2775328,0.0
3964,MOV,1.23,3964 MOV,3.0,12,0.08894167,0.53230533,0.25
3964,MOV,3.7,3964 MOV,2.0,10,0.05668215,0.50983753,0.2
3965,AUC,0.0,3965 AUC,0.0,25,0.0,0.13319225,0.0
3965,AUC,0.005,3965 AUC,3.0,13,0.08179529,0.50256376,0.23076923
3965,AUC,0.015,3965 AUC,3.0,10,0.10779127,0.60322185,0.3
3965,AUC,0.046,3965 AUC,0.0,13,0.0,0.22809537,0.0
3965,AUC,0.14,3965 AUC,1.0,11,0.01623217,0.37735844,0.09090909
3965,AUC,0.41,3965 AUC,1.0,10,0.01787621,0.40415003,0.1
3965,AUC,1.23,3965 AUC,3.0,13,0.08179529,0.50256376,0.23076923
3965,AUC,3.7,3965 AUC,3.0,12,0.08894167,0.53230533,0.25
3965,AUC,11.1,3965 AUC,2.0,2,0.34238023,1.0,1.0
3965,MOV,0.0,3965 MOV,0.0,25,0.0,0.13319225,0.0
3965,MOV,0.005,3965 MOV,2.0,13,0.04325818,0.42234631,0.15384615
3965,MOV,0.015,3965 MOV,3.0,10,0.10779127,0.60322185,0.3
3965,MOV,0.046,3965 MOV,0.0,13,0.0,0.22809537,0.0
3965,MOV,0.14,3965 MOV,3.0,11,0.09746059,0.5656453,0.27272727
3965,MOV,0.41,3965 MOV,2.0,10,0.05668215,0.50983753,0.2
3965,MOV,1.23,3965 MOV,2.0,13,0.04325818,0.42234631,0.15384615
3965,MOV,3.7,3965 MOV,2.0,12,0.04696514,0.44803086,0.16666667
3965,MOV,11.1,3965 MOV,0.0,2,0.0,0.65761977,0.0
3966,AUC,0.0,3966 AUC,0.0,30,0.0,0.11351339,0.0
3966,AUC,100.0,3966 AUC,0.0,27,0.0,0.12455503,0.0
3966,MOV,0.0,3966 MOV,0.0,30,0.0,0.11351339,0.0
3966,MOV,100.0,3966 MOV,0.0,27,0.0,0.12455503,0.0
3967,AUC,0.0,3967 AUC,6.0,31,0.09187008,0.36280258,0.19354839
3967,AUC,100.0,3967 AUC,5.0,29,0.07597857,0.3454844,0.17241379
3967,MOV,0.0,3967 MOV,2.0,31,0.01787478,0.20718637,0.06451613
3967,MOV,100.0,3967 MOV,0.0,29,0.0,0.1169698,0.0
3968,AUC,0.0,3968 AUC,6.0,31,0.09187008,0.36280258,0.19354839
3968,AUC,100.0,3968 AUC,13.0,32,0.25519635,0.57739975,0.40625
3968,MOV,0.0,3968 MOV,2.0,31,0.01787478,0.20718637,0.06451613
3968,MOV,100.0,3968 MOV,4.0,32,0.04970134,0.28068305,0.125
3969,AUC,0.0,3969 AUC,2.0,26,0.02135509,0.24141554,0.07692308
3969,AUC,100.0,3969 AUC,4.0,30,0.05309655,0.29681327,0.13333333
3969,MOV,0.0,3969 MOV,0.0,26,0.0,0.12872892,0.0
3969,MOV,100.0,3969 MOV,0.0,30,0.0,0.11351339,0.0
3970,AUC,0.0,3970 AUC,2.0,26,0.02135509,0.24141554,0.07692308
3970,AUC,100.0,3970 AUC,2.0,31,0.01787478,0.20718637,0.06451613
3970,MOV,0.0,3970 MOV,0.0,26,0.0,0.12872892,0.0
3970,MOV,100.0,3970 MOV,2.0,31,0.01787478,0.20718637,0.06451613
3971,AUC,0.0,3971 AUC,1.0,21,0.00845599,0.2266936,0.04761905
3971,AUC,0.005,3971 AUC,0.0,10,0.0,0.2775328,0.0
3971,AUC,0.015,3971 AUC,3.0,11,0.09746059,0.5656453,0.27272727
3971,AUC,0.046,3971 AUC,4.0,10,0.16818033,0.68732623,0.4
3971,AUC,0.14,3971 AUC,1.0,7,0.02567962,0.51312783,0.14285714
3971,AUC,0.41,3971 AUC,4.0,9,0.18877852,0.73334871,0.44444444
3971,AUC,1.23,3971 AUC,1.0,1,0.20654931,1.0,1.0
3971,MOV,0.0,3971 MOV,0.0,21,0.0,0.15463902,0.0
3971,MOV,0.005,3971 MOV,1.0,10,0.01787621,0.40415003,0.1
3971,MOV,0.015,3971 MOV,1.0,11,0.01623217,0.37735844,0.09090909
3971,MOV,0.046,3971 MOV,4.0,10,0.16818033,0.68732623,0.4
3971,MOV,0.14,3971 MOV,1.0,7,0.02567962,0.51312783,0.14285714
3971,MOV,0.41,3971 MOV,5.0,9,0.26665129,0.81122148,0.55555556
3971,MOV,1.23,3971 MOV,1.0,1,0.20654931,1.0,1.0
3972,AUC,0.0,3972 AUC,3.0,28,0.03711837,0.27195852,0.10714286
3972,AUC,100.0,3972 AUC,3.0,30,0.03459989,0.25621083,0.1
3972,MOV,0.0,3972 MOV,0.0,28,0.0,0.1206433,0.0
3972,MOV,100.0,3972 MOV,2.0,30,0.01847702,0.21323458,0.06666667
3973,AUC,0.0,3973 AUC,3.0,22,0.04749004,0.33334987,0.13636364
3973,AUC,100.0,3973 AUC,3.0,32,0.03240155,0.24218155,0.09375
3973,MOV,0.0,3973 MOV,0.0,22,0.0,0.14865487,0.0
3973,MOV,100.0,3973 MOV,3.0,32,0.03240155,0.24218155,0.09375
3974,AUC,0.0,3974 AUC,3.0,22,0.04749004,0.33334987,0.13636364
3974,AUC,100.0,3974 AUC,2.0,31,0.01787478,0.20718637,0.06451613
3974,MOV,0.0,3974 MOV,0.0,22,0.0,0.14865487,0.0
3974,MOV,100.0,3974 MOV,0.0,31,0.0,0.1102554,0.0
3977,AUC,0.0,3977 AUC,3.0,26,0.04003245,0.28975903,0.11538462
3977,AUC,0.005,3977 AUC,5.0,10,0.23659309,0.76340691,0.5
3977,AUC,0.015,3977 AUC,3.0,13,0.08179529,0.50256376,0.23076923
3977,AUC,0.046,3977 AUC,4.0,12,0.13812009,0.60937791,0.33333333
3977,AUC,0.14,3977 AUC,5.0,11,0.21271272,0.71990846,0.45454545
3977,AUC,0.41,3977 AUC,5.0,14,0.16344732,0.61235577,0.35714286
3977,AUC,1.23,3977 AUC,7.0,10,0.39677815,0.89220873,0.7
3977,AUC,3.7,3977 AUC,8.0,9,0.56500029,0.98010911,0.88888889
3977,MOV,0.0,3977 MOV,1.0,26,0.00682198,0.18892779,0.03846154
3977,MOV,0.005,3977 MOV,0.0,10,0.0,0.2775328,0.0
3977,MOV,0.015,3977 MOV,0.0,13,0.0,0.22809537,0.0
3977,MOV,0.046,3977 MOV,0.0,12,0.0,0.24249401,0.0
3977,MOV,0.14,3977 MOV,0.0,11,0.0,0.25883297,0.0
3977,MOV,0.41,3977 MOV,0.0,14,0.0,0.2153108,0.0
3977,MOV,1.23,3977 MOV,0.0,10,0.0,0.2775328,0.0
3977,MOV,3.7,3977 MOV,0.0,9,0.0,0.29914505,0.0
3978,AUC,0.0,3978 AUC,3.0,25,0.04166817,0.29955794,0.12
3978,AUC,0.005,3978 AUC,1.0,10,0.01787621,0.40415003,0.1
3978,AUC,0.015,3978 AUC,1.0,8,0.02241749,0.47088818,0.125
3978,AUC,0.046,3978 AUC,4.0,12,0.13812009,0.60937791,0.33333333
3978,AUC,0.14,3978 AUC,5.0,12,0.19326031,0.68048869,0.41666667
3978,AUC,0.41,3978 AUC,4.0,13,0.12680704,0.57630657,0.30769231
3978,AUC,1.23,3978 AUC,4.0,12,0.13812009,0.60937791,0.33333333
3978,AUC,3.7,3978 AUC,2.0,10,0.05668215,0.50983753,0.2
3978,AUC,11.1,3978 AUC,2.0,2,0.34238023,1.0,1.0
3978,MOV,0.0,3978 MOV,0.0,25,0.0,0.13319225,0.0
3978,MOV,0.005,3978 MOV,3.0,10,0.10779127,0.60322185,0.3
3978,MOV,0.015,3978 MOV,2.0,8,0.07147921,0.59072457,0.25
3978,MOV,0.046,3978 MOV,2.0,12,0.04696514,0.44803086,0.16666667
3978,MOV,0.14,3978 MOV,5.0,12,0.19326031,0.68048869,0.41666667
3978,MOV,0.41,3978 MOV,3.0,13,0.08179529,0.50256376,0.23076923
3978,MOV,1.23,3978 MOV,2.0,12,0.04696514,0.44803086,0.16666667
3978,MOV,3.7,3978 MOV,3.0,10,0.10779127,0.60322185,0.3
3978,MOV,11.1,3978 MOV,0.0,2,0.0,0.65761977,0.0
3979,AUC,0.0,3979 AUC,4.0,25,0.06403451,0.34653622,0.16
3979,AUC,0.005,3979 AUC,1.0,10,0.01787621,0.40415003,0.1
3979,AUC,0.015,3979 AUC,3.0,11,0.09746059,0.5656453,0.27272727
3979,AUC,0.046,3979 AUC,3.0,10,0.10779127,0.60322185,0.3
3979,AUC,0.14,3979 AUC,2.0,12,0.04696514,0.44803086,0.16666667
3979,AUC,0.41,3979 AUC,4.0,9,0.18877852,0.73334871,0.44444444
3979,AUC,1.23,3979 AUC,2.0,9,0.06322511,0.54741103,0.22222222
3979,AUC,3.7,3979 AUC,2.0,9,0.06322511,0.54741103,0.22222222
3979,AUC,11.1,3979 AUC,1.0,1,0.20654931,1.0,1.0
3979,MOV,0.0,3979 MOV,1.0,25,0.00709623,0.19544064,0.04
3979,MOV,0.005,3979 MOV,0.0,10,0.0,0.2775328,0.0
3979,MOV,0.015,3979 MOV,0.0,11,0.0,0.25883297,0.0
3979,MOV,0.046,3979 MOV,0.0,10,0.0,0.2775328,0.0
3979,MOV,0.14,3979 MOV,0.0,12,0.0,0.24249401,0.0
3979,MOV,0.41,3979 MOV,0.0,9,0.0,0.29914505,0.0
3979,MOV,1.23,3979 MOV,1.0,9,0.01989089,0.43499971,0.11111111
3979,MOV,3.7,3979 MOV,0.0,9,0.0,0.29914505,0.0
3979,MOV,11.1,3979 MOV,0.0,1,0.0,0.79345069,0.0
3980,AUC,0.0,3980 AUC,1.0,27,0.00656815,0.18283466,0.03703704
3980,AUC,100.0,3980 AUC,1.0,29,0.00611321,0.17175522,0.03448276
3980,MOV,0.0,3980 MOV,1.0,27,0.00656815,0.18283466,0.03703704
3980,MOV,100.0,3980 MOV,1.0,29,0.00611321,0.17175522,0.03448276
3981,AUC,0.0,3981 AUC,1.0,25,0.00709623,0.19544064,0.04
3981,AUC,0.005,3981 AUC,1.0,14,0.01272222,0.31468704,0.07142857
3981,AUC,0.015,3981 AUC,0.0,14,0.0,0.2153108,0.0
3981,AUC,0.046,3981 AUC,1.0,11,0.01623217,0.37735844,0.09090909
3981,AUC,0.14,3981 AUC,0.0,10,0.0,0.2775328,0.0
3981,AUC,0.41,3981 AUC,2.0,13,0.04325818,0.42234631,0.15384615
3981,AUC,1.23,3981 AUC,0.0,9,0.0,0.29914505,0.0
3981,MOV,0.0,3981 MOV,0.0,25,0.0,0.13319225,0.0
3981,MOV,0.005,3981 MOV,2.0,14,0.04009392,0.39941379,0.14285714
3981,MOV,0.015,3981 MOV,0.0,14,0.0,0.2153108,0.0
3981,MOV,0.046,3981 MOV,2.0,11,0.05136769,0.47698056,0.18181818
3981,MOV,0.14,3981 MOV,1.0,10,0.01787621,0.40415003,0.1
3981,MOV,0.41,3981 MOV,1.0,13,0.01371042,0.33313951,0.07692308
3981,MOV,1.23,3981 MOV,1.0,9,0.01989089,0.43499971,0.11111111
3982,AUC,0.0,3982 AUC,0.0,25,0.0,0.13319225,0.0
3982,AUC,0.005,3982 AUC,0.0,12,0.0,0.24249401,0.0
3982,AUC,0.015,3982 AUC,1.0,12,0.01486509,0.35387991,0.08333333
3982,AUC,0.046,3982 AUC,1.0,14,0.01272222,0.31468704,0.07142857
3982,AUC,0.14,3982 AUC,0.0,12,0.0,0.24249401,0.0
3982,AUC,0.41,3982 AUC,0.0,11,0.0,0.25883297,0.0
3982,AUC,1.23,3982 AUC,0.0,11,0.0,0.25883297,0.0
3982,AUC,3.7,3982 AUC,0.0,14,0.0,0.2153108,0.0
3982,AUC,11.1,3982 AUC,0.0,11,0.0,0.25883297,0.0
3982,AUC,33.3,3982 AUC,0.0,12,0.0,0.24249401,0.0
3982,MOV,0.0,3982 MOV,1.0,25,0.00709623,0.19544064,0.04
3982,MOV,0.005,3982 MOV,1.0,12,0.01486509,0.35387991,0.08333333
3982,MOV,0.015,3982 MOV,1.0,12,0.01486509,0.35387991,0.08333333
3982,MOV,0.046,3982 MOV,1.0,14,0.01272222,0.31468704,0.07142857
3982,MOV,0.14,3982 MOV,1.0,12,0.01486509,0.35387991,0.08333333
3982,MOV,0.41,3982 MOV,0.0,11,0.0,0.25883297,0.0
3982,MOV,1.23,3982 MOV,2.0,11,0.05136769,0.47698056,0.18181818
3982,MOV,3.7,3982 MOV,4.0,14,0.11721379,0.54649084,0.28571429
3982,MOV,11.1,3982 MOV,0.0,11,0.0,0.25883297,0.0
3982,MOV,33.3,3982 MOV,0.0,12,0.0,0.24249401,0.0
3983,AUC,0.0,3983 AUC,1.0,15,0.0118669,0.2981653,0.06666667
3983,AUC,100.0,3983 AUC,0.0,15,0.0,0.2038833,0.0
3983,MOV,0.0,3983 MOV,0.0,15,0.0,0.2038833,0.0
3983,MOV,100.0,3983 MOV,0.0,15,0.0,0.2038833,0.0
3984,AUC,0.0,3984 AUC,1.0,28,0.00633252,0.17712198,0.03571429
3984,AUC,0.005,3984 AUC,0.0,11,0.0,0.25883297,0.0
3984,AUC,0.015,3984 AUC,0.0,13,0.0,0.22809537,0.0
3984,AUC,0.046,3984 AUC,0.0,14,0.0,0.2153108,0.0
3984,AUC,0.14,3984 AUC,1.0,13,0.01371042,0.33313951,0.07692308
3984,AUC,0.41,3984 AUC,1.0,12,0.01486509,0.35387991,0.08333333
3984,AUC,1.23,3984 AUC,0.0,14,0.0,0.2153108,0.0
3984,AUC,3.7,3984 AUC,0.0,8,0.0,0.32440756,0.0
3984,MOV,0.0,3984 MOV,0.0,28,0.0,0.1206433,0.0
3984,MOV,0.005,3984 MOV,0.0,11,0.0,0.25883297,0.0
3984,MOV,0.015,3984 MOV,0.0,13,0.0,0.22809537,0.0
3984,MOV,0.046,3984 MOV,0.0,14,0.0,0.2153108,0.0
3984,MOV,0.14,3984 MOV,0.0,13,0.0,0.22809537,0.0
3984,MOV,0.41,3984 MOV,1.0,12,0.01486509,0.35387991,0.08333333
3984,MOV,1.23,3984 MOV,1.0,14,0.01272222,0.31468704,0.07142857
3984,MOV,3.7,3984 MOV,1.0,8,0.02241749,0.47088818,0.125
3986,AUC,0.0,3986 AUC,4.0,16,0.10182067,0.49498317,0.25
3986,AUC,100.0,3986 AUC,4.0,13,0.12680704,0.57630657,0.30769231
3986,MOV,0.0,3986 MOV,1.0,16,0.01111934,0.28328738,0.0625
3986,MOV,100.0,3986 MOV,3.0,13,0.08179529,0.50256376,0.23076923
3987,AUC,0.0,3987 AUC,0.0,24,0.0,0.1379762,0.0
3987,AUC,0.005,3987 AUC,0.0,12,0.0,0.24249401,0.0
3987,AUC,0.015,3987 AUC,0.0,11,0.0,0.25883297,0.0
3987,AUC,0.046,3987 AUC,1.0,13,0.01371042,0.33313951,0.07692308
3987,AUC,0.14,3987 AUC,0.0,12,0.0,0.24249401,0.0
3987,AUC,0.41,3987 AUC,1.0,8,0.02241749,0.47088818,0.125
3987,AUC,1.23,3987 AUC,1.0,11,0.01623217,0.37735844,0.09090909
3987,AUC,3.7,3987 AUC,0.0,13,0.0,0.22809537,0.0
3987,AUC,11.1,3987 AUC,0.0,12,0.0,0.24249401,0.0
3987,AUC,33.3,3987 AUC,0.0,13,0.0,0.22809537,0.0
3987,AUC,100.0,3987 AUC,0.0,13,0.0,0.22809537,0.0
3987,MOV,0.0,3987 MOV,0.0,24,0.0,0.1379762,0.0
3987,MOV,0.005,3987 MOV,0.0,12,0.0,0.24249401,0.0
3987,MOV,0.015,3987 MOV,0.0,11,0.0,0.25883297,0.0
3987,MOV,0.046,3987 MOV,0.0,13,0.0,0.22809537,0.0
3987,MOV,0.14,3987 MOV,0.0,12,0.0,0.24249401,0.0
3987,MOV,0.41,3987 MOV,0.0,8,0.0,0.32440756,0.0
3987,MOV,1.23,3987 MOV,0.0,11,0.0,0.25883297,0.0
3987,MOV,3.7,3987 MOV,0.0,13,0.0,0.22809537,0.0
3987,MOV,11.1,3987 MOV,0.0,12,0.0,0.24249401,0.0
3987,MOV,33.3,3987 MOV,0.0,13,0.0,0.22809537,0.0
3987,MOV,100.0,3987 MOV,0.0,13,0.0,0.22809537,0.0
3988,AUC,0.0,3988 AUC,4.0,16,0.10182067,0.49498317,0.25
3988,AUC,100.0,3988 AUC,6.0,14,0.21380799,0.67409355,0.42857143
3988,MOV,0.0,3988 MOV,1.0,16,0.01111934,0.28328738,0.0625
3988,MOV,100.0,3988 MOV,1.0,14,0.01272222,0.31468704,0.07142857
3989,AUC,0.0,3989 AUC,1.0,26,0.00682198,0.18892779,0.03846154
3989,AUC,0.005,3989 AUC,0.0,12,0.0,0.24249401,0.0
3989,AUC,0.015,3989 AUC,2.0,12,0.04696514,0.44803086,0.16666667
3989,AUC,0.046,3989 AUC,0.0,13,0.0,0.22809537,0.0
3989,AUC,0.14,3989 AUC,1.0,13,0.01371042,0.33313951,0.07692308
3989,AUC,0.41,3989 AUC,0.0,14,0.0,0.2153108,0.0
3989,AUC,1.23,3989 AUC,0.0,11,0.0,0.25883297,0.0
3989,AUC,3.7,3989 AUC,0.0,12,0.0,0.24249401,0.0
3989,AUC,11.1,3989 AUC,1.0,13,0.01371042,0.33313951,0.07692308
3989,MOV,0.0,3989 MOV,0.0,26,0.0,0.12872892,0.0
3989,MOV,0.005,3989 MOV,1.0,12,0.01486509,0.35387991,0.08333333
3989,MOV,0.015,3989 MOV,2.0,12,0.04696514,0.44803086,0.16666667
3989,MOV,0.046,3989 MOV,0.0,13,0.0,0.22809537,0.0
3989,MOV,0.14,3989 MOV,0.0,13,0.0,0.22809537,0.0
3989,MOV,0.41,3989 MOV,1.0,14,0.01272222,0.31468704,0.07142857
3989,MOV,1.23,3989 MOV,0.0,11,0.0,0.25883297,0.0
3989,MOV,3.7,3989 MOV,0.0,12,0.0,0.24249401,0.0
3989,MOV,11.1,3989 MOV,0.0,13,0.0,0.22809537,0.0
3991,AUC,0.0,3991 AUC,0.0,14,0.0,0.2153108,0.0
3991,AUC,100.0,3991 AUC,2.0,15,0.03736126,0.37881983,0.13333333
3991,MOV,0.0,3991 MOV,0.0,14,0.0,0.2153108,0.0
3991,MOV,100.0,3991 MOV,0.0,15,0.0,0.2038833,0.0
3992,AUC,0.0,3992 AUC,2.0,24,0.02315882,0.25848802,0.08333333
3992,AUC,0.005,3992 AUC,2.0,11,0.05136769,0.47698056,0.18181818
3992,AUC,0.015,3992 AUC,1.0,11,0.01623217,0.37735844,0.09090909
3992,AUC,0.046,3992 AUC,0.0,13,0.0,0.22809537,0.0
3992,AUC,0.14,3992 AUC,2.0,12,0.04696514,0.44803086,0.16666667
3992,AUC,0.41,3992 AUC,0.0,13,0.0,0.22809537,0.0
3992,AUC,1.23,3992 AUC,2.0,14,0.04009392,0.39941379,0.14285714
3992,AUC,3.7,3992 AUC,4.0,10,0.16818033,0.68732623,0.4
3992,MOV,0.0,3992 MOV,0.0,24,0.0,0.1379762,0.0
3992,MOV,0.005,3992 MOV,2.0,11,0.05136769,0.47698056,0.18181818
3992,MOV,0.015,3992 MOV,5.0,11,0.21271272,0.71990846,0.45454545
3992,MOV,0.046,3992 MOV,0.0,13,0.0,0.22809537,0.0
3992,MOV,0.14,3992 MOV,4.0,12,0.13812009,0.60937791,0.33333333
3992,MOV,0.41,3992 MOV,4.0,13,0.12680704,0.57630657,0.30769231
3992,MOV,1.23,3992 MOV,4.0,14,0.11721379,0.54649084,0.28571429
3992,MOV,3.7,3992 MOV,2.0,10,0.05668215,0.50983753,0.2
3993,AUC,0.0,3993 AUC,0.0,14,0.0,0.2153108,0.0
3993,AUC,100.0,3993 AUC,1.0,15,0.0118669,0.2981653,0.06666667
3993,MOV,0.0,3993 MOV,0.0,14,0.0,0.2153108,0.0
3993,MOV,100.0,3993 MOV,1.0,15,0.0118669,0.2981653,0.06666667
3994,AUC,0.0,3994 AUC,3.0,24,0.04344334,0.31003881,0.125
3994,AUC,0.005,3994 AUC,1.0,9,0.01989089,0.43499971,0.11111111
3994,AUC,0.015,3994 AUC,2.0,12,0.04696514,0.44803086,0.16666667
3994,AUC,0.046,3994 AUC,1.0,10,0.01787621,0.40415003,0.1
3994,AUC,0.14,3994 AUC,1.0,11,0.01623217,0.37735844,0.09090909
3994,AUC,0.41,3994 AUC,1.0,9,0.01989089,0.43499971,0.11111111
3994,AUC,1.23,3994 AUC,3.0,13,0.08179529,0.50256376,0.23076923
3994,AUC,3.7,3994 AUC,1.0,7,0.02567962,0.51312783,0.14285714
3994,MOV,0.0,3994 MOV,0.0,24,0.0,0.1379762,0.0
3994,MOV,0.005,3994 MOV,1.0,9,0.01989089,0.43499971,0.11111111
3994,MOV,0.015,3994 MOV,0.0,12,0.0,0.24249401,0.0
3994,MOV,0.046,3994 MOV,1.0,10,0.01787621,0.40415003,0.1
3994,MOV,0.14,3994 MOV,0.0,11,0.0,0.25883297,0.0
3994,MOV,0.41,3994 MOV,0.0,9,0.0,0.29914505,0.0
3994,MOV,1.23,3994 MOV,1.0,13,0.01371042,0.33313951,0.07692308
3994,MOV,3.7,3994 MOV,0.0,7,0.0,0.35433044,0.0
3995,AUC,0.0,3995 AUC,0.0,14,0.0,0.2153108,0.0
3995,AUC,100.0,3995 AUC,1.0,13,0.01371042,0.33313951,0.07692308
3995,MOV,0.0,3995 MOV,0.0,14,0.0,0.2153108,0.0
3995,MOV,100.0,3995 MOV,0.0,13,0.0,0.22809537,0.0
3996,AUC,0.0,3996 AUC,3.0,13,0.08179529,0.50256376,0.23076923
3996,AUC,100.0,3996 AUC,3.0,15,0.07047549,0.45185449,0.2
3996,MOV,0.0,3996 MOV,1.0,13,0.01371042,0.33313951,0.07692308
3996,MOV,100.0,3996 MOV,0.0,15,0.0,0.2038833,0.0
3997,AUC,0.0,3997 AUC,3.0,13,0.08179529,0.50256376,0.23076923
3997,AUC,100.0,3997 AUC,4.0,14,0.11721379,0.54649084,0.28571429
3997,MOV,0.0,3997 MOV,1.0,13,0.01371042,0.33313951,0.07692308
3997,MOV,100.0,3997 MOV,0.0,14,0.0,0.2153108,0.0
3998,AUC,0.0,3998 AUC,1.0,23,0.00771667,0.20991155,0.04347826
3998,AUC,0.005,3998 AUC,0.0,14,0.0,0.2153108,0.0
3998,AUC,0.015,3998 AUC,1.0,10,0.01787621,0.40415003,0.1
3998,AUC,0.046,3998 AUC,0.0,8,0.0,0.32440756,0.0
3998,AUC,0.14,3998 AUC,1.0,11,0.01623217,0.37735844,0.09090909
3998,AUC,0.41,3998 AUC,3.0,5,0.23072428,0.88237923,0.6
3998,AUC,1.23,3998 AUC,0.0,2,0.0,0.65761977,0.0
3998,MOV,0.0,3998 MOV,0.0,23,0.0,0.14311662,0.0
3998,MOV,0.005,3998 MOV,1.0,14,0.01272222,0.31468704,0.07142857
3998,MOV,0.015,3998 MOV,1.0,10,0.01787621,0.40415003,0.1
3998,MOV,0.046,3998 MOV,0.0,8,0.0,0.32440756,0.0
3998,MOV,0.14,3998 MOV,0.0,11,0.0,0.25883297,0.0
3998,MOV,0.41,3998 MOV,0.0,5,0.0,0.43448246,0.0
3998,MOV,1.23,3998 MOV,0.0,2,0.0,0.65761977,0.0
3999,AUC,0.0,3999 AUC,0.0,25,0.0,0.13319225,0.0
3999,AUC,0.005,3999 AUC,0.0,14,0.0,0.2153108,0.0
3999,AUC,0.015,3999 AUC,0.0,13,0.0,0.22809537,0.0
3999,AUC,0.046,3999 AUC,0.0,13,0.0,0.22809537,0.0
3999,AUC,0.14,3999 AUC,1.0,12,0.01486509,0.35387991,0.08333333
3999,AUC,0.41,3999 AUC,2.0,11,0.05136769,0.47698056,0.18181818
3999,AUC,1.23,3999 AUC,0.0,11,0.0,0.25883297,0.0
3999,AUC,3.7,3999 AUC,1.0,5,0.03622411,0.62446537,0.2
3999,MOV,0.0,3999 MOV,0.0,25,0.0,0.13319225,0.0
3999,MOV,0.005,3999 MOV,0.0,14,0.0,0.2153108,0.0
3999,MOV,0.015,3999 MOV,0.0,13,0.0,0.22809537,0.0
3999,MOV,0.046,3999 MOV,1.0,13,0.01371042,0.33313951,0.07692308
3999,MOV,0.14,3999 MOV,2.0,12,0.04696514,0.44803086,0.16666667
3999,MOV,0.41,3999 MOV,2.0,11,0.05136769,0.47698056,0.18181818
3999,MOV,1.23,3999 MOV,2.0,11,0.05136769,0.47698056,0.18181818
3999,MOV,3.7,3999 MOV,2.0,5,0.11762077,0.76927572,0.4
4000,AUC,0.0,4000 AUC,3.0,13,0.08179529,0.50256376,0.23076923
4000,AUC,100.0,4000 AUC,4.0,16,0.10182067,0.49498317,0.25
4000,MOV,0.0,4000 MOV,1.0,13,0.01371042,0.33313951,0.07692308
4000,MOV,100.0,4000 MOV,2.0,16,0.03497749,0.36022827,0.125
4001,AUC,0.0,4001 AUC,0.0,15,0.0,0.2038833,0.0
4001,AUC,100.0,4001 AUC,6.0,16,0.18481233,0.61358959,0.375
4001,MOV,0.0,4001 MOV,1.0,15,0.0118669,0.2981653,0.06666667
4001,MOV,100.0,4001 MOV,2.0,16,0.03497749,0.36022827,0.125
4002,AUC,0.0,4002 AUC,2.0,26,0.02135509,0.24141554,0.07692308
4002,AUC,0.005,4002 AUC,0.0,12,0.0,0.24249401,0.0
4002,AUC,0.015,4002 AUC,0.0,13,0.0,0.22809537,0.0
4002,AUC,0.046,4002 AUC,1.0,14,0.01272222,0.31468704,0.07142857
4002,AUC,0.14,4002 AUC,1.0,11,0.01623217,0.37735844,0.09090909
4002,AUC,0.41,4002 AUC,2.0,12,0.04696514,0.44803086,0.16666667
4002,AUC,1.23,4002 AUC,0.0,3,0.0,0.56149703,0.0
4002,MOV,0.0,4002 MOV,0.0,26,0.0,0.12872892,0.0
4002,MOV,0.005,4002 MOV,0.0,12,0.0,0.24249401,0.0
4002,MOV,0.015,4002 MOV,0.0,13,0.0,0.22809537,0.0
4002,MOV,0.046,4002 MOV,1.0,14,0.01272222,0.31468704,0.07142857
4002,MOV,0.14,4002 MOV,0.0,11,0.0,0.25883297,0.0
4002,MOV,0.41,4002 MOV,0.0,12,0.0,0.24249401,0.0
4002,MOV,1.23,4002 MOV,0.0,3,0.0,0.56149703,0.0
4003,AUC,0.0,4003 AUC,1.0,23,0.00771667,0.20991155,0.04347826
4003,AUC,0.005,4003 AUC,0.0,12,0.0,0.24249401,0.0
4003,AUC,0.015,4003 AUC,0.0,13,0.0,0.22809537,0.0
4003,AUC,0.046,4003 AUC,0.0,11,0.0,0.25883297,0.0
4003,AUC,0.14,4003 AUC,0.0,7,0.0,0.35433044,0.0
4003,AUC,0.41,4003 AUC,3.0,6,0.18761631,0.81238369,0.5
4003,MOV,0.0,4003 MOV,0.0,23,0.0,0.14311662,0.0
4003,MOV,0.005,4003 MOV,1.0,12,0.01486509,0.35387991,0.08333333
4003,MOV,0.015,4003 MOV,0.0,13,0.0,0.22809537,0.0
4003,MOV,0.046,4003 MOV,3.0,11,0.09746059,0.5656453,0.27272727
4003,MOV,0.14,4003 MOV,1.0,7,0.02567962,0.51312783,0.14285714
4003,MOV,0.41,4003 MOV,0.0,6,0.0,0.39033429,0.0
4004,AUC,0.0,4004 AUC,0.0,15,0.0,0.2038833,0.0
4004,AUC,100.0,4004 AUC,5.0,15,0.15176324,0.58286452,0.33333333
4004,MOV,0.0,4004 MOV,1.0,15,0.0118669,0.2981653,0.06666667
4004,MOV,100.0,4004 MOV,0.0,15,0.0,0.2038833,0.0
4005,AUC,0.0,4005 AUC,1.0,26,0.00682198,0.18892779,0.03846154
4005,AUC,0.005,4005 AUC,1.0,12,0.01486509,0.35387991,0.08333333
4005,AUC,0.015,4005 AUC,1.0,13,0.01371042,0.33313951,0.07692308
4005,AUC,0.046,4005 AUC,0.0,10,0.0,0.2775328,0.0
4005,AUC,0.14,4005 AUC,0.0,14,0.0,0.2153108,0.0
4005,AUC,0.41,4005 AUC,2.0,11,0.05136769,0.47698056,0.18181818
4005,AUC,1.23,4005 AUC,2.0,12,0.04696514,0.44803086,0.16666667
4005,AUC,3.7,4005 AUC,1.0,14,0.01272222,0.31468704,0.07142857
4005,AUC,11.1,4005 AUC,0.0,12,0.0,0.24249401,0.0
4005,AUC,33.3,4005 AUC,1.0,13,0.01371042,0.33313951,0.07692308
4005,AUC,100.0,4005 AUC,0.0,13,0.0,0.22809537,0.0
4005,MOV,0.0,4005 MOV,0.0,26,0.0,0.12872892,0.0
4005,MOV,0.005,4005 MOV,0.0,12,0.0,0.24249401,0.0
4005,MOV,0.015,4005 MOV,0.0,13,0.0,0.22809537,0.0
4005,MOV,0.046,4005 MOV,1.0,10,0.01787621,0.40415003,0.1
4005,MOV,0.14,4005 MOV,0.0,14,0.0,0.2153108,0.0
4005,MOV,0.41,4005 MOV,0.0,11,0.0,0.25883297,0.0
4005,MOV,1.23,4005 MOV,0.0,12,0.0,0.24249401,0.0
4005,MOV,3.7,4005 MOV,0.0,14,0.0,0.2153108,0.0
4005,MOV,11.1,4005 MOV,0.0,12,0.0,0.24249401,0.0
4005,MOV,33.3,4005 MOV,1.0,13,0.01371042,0.33313951,0.07692308
4005,MOV,100.0,4005 MOV,0.0,13,0.0,0.22809537,0.0
4006,AUC,0.0,4006 AUC,3.0,26,0.04003245,0.28975903,0.11538462
4006,AUC,0.005,4006 AUC,4.0,13,0.12680704,0.57630657,0.30769231
4006,AUC,0.015,4006 AUC,1.0,12,0.01486509,0.35387991,0.08333333
4006,AUC,0.046,4006 AUC,0.0,10,0.0,0.2775328,0.0
4006,AUC,0.14,4006 AUC,1.0,10,0.01787621,0.40415003,0.1
4006,AUC,0.41,4006 AUC,2.0,9,0.06322511,0.54741103,0.22222222
4006,AUC,1.23,4006 AUC,1.0,12,0.01486509,0.35387991,0.08333333
4006,AUC,3.7,4006 AUC,1.0,11,0.01623217,0.37735844,0.09090909
4006,AUC,11.1,4006 AUC,2.0,11,0.05136769,0.47698056,0.18181818
4006,AUC,33.3,4006 AUC,2.0,13,0.04325818,0.42234631,0.15384615
4006,MOV,0.0,4006 MOV,0.0,26,0.0,0.12872892,0.0
4006,MOV,0.005,4006 MOV,1.0,13,0.01371042,0.33313951,0.07692308
4006,MOV,0.015,4006 MOV,0.0,12,0.0,0.24249401,0.0
4006,MOV,0.046,4006 MOV,0.0,10,0.0,0.2775328,0.0
4006,MOV,0.14,4006 MOV,0.0,10,0.0,0.2775328,0.0
4006,MOV,0.41,4006 MOV,0.0,9,0.0,0.29914505,0.0
4006,MOV,1.23,4006 MOV,0.0,12,0.0,0.24249401,0.0
4006,MOV,3.7,4006 MOV,0.0,11,0.0,0.25883297,0.0
4006,MOV,11.1,4006 MOV,0.0,11,0.0,0.25883297,0.0
4006,MOV,33.3,4006 MOV,1.0,13,0.01371042,0.33313951,0.07692308
4008,AUC,0.0,4008 AUC,4.0,16,0.10182067,0.49498317,0.25
4008,AUC,100.0,4008 AUC,5.0,15,0.15176324,0.58286452,0.33333333
4008,MOV,0.0,4008 MOV,0.0,16,0.0,0.19360768,0.0
4008,MOV,100.0,4008 MOV,3.0,15,0.07047549,0.45185449,0.2
4009,AUC,0.0,4009 AUC,4.0,16,0.10182067,0.49498317,0.25
4009,AUC,100.0,4009 AUC,2.0,16,0.03497749,0.36022827,0.125
4009,MOV,0.0,4009 MOV,0.0,16,0.0,0.19360768,0.0
4009,MOV,100.0,4009 MOV,3.0,16,0.06591599,0.43008881,0.1875
4010,AUC,0.0,4010 AUC,4.0,16,0.10182067,0.49498317,0.25
4010,AUC,100.0,4010 AUC,3.0,15,0.07047549,0.45185449,0.2
4010,MOV,0.0,4010 MOV,0.0,16,0.0,0.19360768,0.0
4010,MOV,100.0,4010 MOV,2.0,15,0.03736126,0.37881983,0.13333333
4011,AUC,0.0,4011 AUC,0.0,26,0.0,0.12872892,0.0
4011,AUC,0.005,4011 AUC,1.0,12,0.01486509,0.35387991,0.08333333
4011,AUC,0.015,4011 AUC,1.0,12,0.01486509,0.35387991,0.08333333
4011,AUC,0.046,4011 AUC,1.0,11,0.01623217,0.37735844,0.09090909
4011,AUC,0.14,4011 AUC,2.0,14,0.04009392,0.39941379,0.14285714
4011,AUC,0.41,4011 AUC,0.0,13,0.0,0.22809537,0.0
4011,AUC,1.23,4011 AUC,1.0,14,0.01272222,0.31468704,0.07142857
4011,AUC,3.7,4011 AUC,0.0,11,0.0,0.25883297,0.0
4011,AUC,11.1,4011 AUC,0.0,14,0.0,0.2153108,0.0
4011,AUC,33.3,4011 AUC,1.0,14,0.01272222,0.31468704,0.07142857
4011,AUC,100.0,4011 AUC,1.0,12,0.01486509,0.35387991,0.08333333
4011,MOV,0.0,4011 MOV,0.0,26,0.0,0.12872892,0.0
4011,MOV,0.005,4011 MOV,0.0,12,0.0,0.24249401,0.0
4011,MOV,0.015,4011 MOV,0.0,12,0.0,0.24249401,0.0
4011,MOV,0.046,4011 MOV,3.0,11,0.09746059,0.5656453,0.27272727
4011,MOV,0.14,4011 MOV,1.0,14,0.01272222,0.31468704,0.07142857
4011,MOV,0.41,4011 MOV,3.0,13,0.08179529,0.50256376,0.23076923
4011,MOV,1.23,4011 MOV,1.0,14,0.01272222,0.31468704,0.07142857
4011,MOV,3.7,4011 MOV,1.0,11,0.01623217,0.37735844,0.09090909
4011,MOV,11.1,4011 MOV,0.0,14,0.0,0.2153108,0.0
4011,MOV,33.3,4011 MOV,0.0,14,0.0,0.2153108,0.0
4011,MOV,100.0,4011 MOV,0.0,12,0.0,0.24249401,0.0
4012,AUC,0.0,4012 AUC,0.0,15,0.0,0.2038833,0.0
4012,AUC,100.0,4012 AUC,1.0,16,0.01111934,0.28328738,0.0625
4012,MOV,0.0,4012 MOV,0.0,15,0.0,0.2038833,0.0
4012,MOV,100.0,4012 MOV,1.0,16,0.01111934,0.28328738,0.0625
4013,AUC,0.0,4013 AUC,2.0,32,0.01731057,0.20147123,0.0625
4013,AUC,1.23,4013 AUC,7.0,15,0.24809535,0.6988302,0.46666667
4013,AUC,3.7,4013 AUC,4.0,12,0.13812009,0.60937791,0.33333333
4013,MOV,0.0,4013 MOV,3.0,32,0.03240155,0.24218155,0.09375
4013,MOV,1.23,4013 MOV,3.0,15,0.07047549,0.45185449,0.2
4013,MOV,3.7,4013 MOV,3.0,12,0.08894167,0.53230533,0.25
4014,AUC,0.0,4014 AUC,0.0,15,0.0,0.2038833,0.0
4014,AUC,100.0,4014 AUC,1.0,14,0.01272222,0.31468704,0.07142857
4014,MOV,0.0,4014 MOV,0.0,15,0.0,0.2038833,0.0
4014,MOV,100.0,4014 MOV,1.0,14,0.01272222,0.31468704,0.07142857
4015,AUC,0.0,4015 AUC,0.0,15,0.0,0.2038833,0.0
4015,AUC,100.0,4015 AUC,6.0,15,0.19824496,0.6425317,0.4
4015,MOV,0.0,4015 MOV,0.0,15,0.0,0.2038833,0.0
4015,MOV,100.0,4015 MOV,1.0,15,0.0118669,0.2981653,0.06666667
4016,AUC,0.0,4016 AUC,1.0,26,0.00682198,0.18892779,0.03846154
4016,AUC,0.005,4016 AUC,0.0,14,0.0,0.2153108,0.0
4016,AUC,0.015,4016 AUC,3.0,13,0.08179529,0.50256376,0.23076923
4016,AUC,0.046,4016 AUC,2.0,13,0.04325818,0.42234631,0.15384615
4016,AUC,0.14,4016 AUC,2.0,13,0.04325818,0.42234631,0.15384615
4016,AUC,0.41,4016 AUC,3.0,13,0.08179529,0.50256376,0.23076923
4016,AUC,1.23,4016 AUC,2.0,13,0.04325818,0.42234631,0.15384615
4016,AUC,3.7,4016 AUC,2.0,13,0.04325818,0.42234631,0.15384615
4016,AUC,11.1,4016 AUC,2.0,9,0.06322511,0.54741103,0.22222222
4016,AUC,33.3,4016 AUC,5.0,12,0.19326031,0.68048869,0.41666667
4016,AUC,100.0,4016 AUC,1.0,8,0.02241749,0.47088818,0.125
4016,MOV,0.0,4016 MOV,0.0,26,0.0,0.12872892,0.0
4016,MOV,0.005,4016 MOV,1.0,14,0.01272222,0.31468704,0.07142857
4016,MOV,0.015,4016 MOV,0.0,13,0.0,0.22809537,0.0
4016,MOV,0.046,4016 MOV,1.0,13,0.01371042,0.33313951,0.07692308
4016,MOV,0.14,4016 MOV,0.0,13,0.0,0.22809537,0.0
4016,MOV,0.41,4016 MOV,0.0,13,0.0,0.22809537,0.0
4016,MOV,1.23,4016 MOV,0.0,13,0.0,0.22809537,0.0
4016,MOV,3.7,4016 MOV,1.0,13,0.01371042,0.33313951,0.07692308
4016,MOV,11.1,4016 MOV,1.0,9,0.01989089,0.43499971,0.11111111
4016,MOV,33.3,4016 MOV,1.0,12,0.01486509,0.35387991,0.08333333
4016,MOV,100.0,4016 MOV,1.0,8,0.02241749,0.47088818,0.125
4017,AUC,0.0,4017 AUC,2.0,16,0.03497749,0.36022827,0.125
4017,AUC,100.0,4017 AUC,1.0,15,0.0118669,0.2981653,0.06666667
4017,MOV,0.0,4017 MOV,0.0,16,0.0,0.19360768,0.0
4017,MOV,100.0,4017 MOV,0.0,15,0.0,0.2038833,0.0
4018,AUC,0.0,4018 AUC,2.0,16,0.03497749,0.36022827,0.125
4018,AUC,100.0,4018 AUC,2.0,16,0.03497749,0.36022827,0.125
4018,MOV,0.0,4018 MOV,0.0,16,0.0,0.19360768,0.0
4018,MOV,100.0,4018 MOV,2.0,16,0.03497749,0.36022827,0.125
4019,AUC,0.0,4019 AUC,2.0,16,0.03497749,0.36022827,0.125
4019,AUC,100.0,4019 AUC,1.0,12,0.01486509,0.35387991,0.08333333
4019,MOV,0.0,4019 MOV,0.0,16,0.0,0.19360768,0.0
4019,MOV,100.0,4019 MOV,3.0,12,0.08894167,0.53230533,0.25
4020,AUC,0.0,4020 AUC,0.0,28,0.0,0.1206433,0.0
4020,AUC,0.005,4020 AUC,1.0,13,0.01371042,0.33313951,0.07692308
4020,AUC,0.015,4020 AUC,0.0,13,0.0,0.22809537,0.0
4020,AUC,0.046,4020 AUC,3.0,12,0.08894167,0.53230533,0.25
4020,AUC,0.14,4020 AUC,1.0,14,0.01272222,0.31468704,0.07142857
4020,AUC,0.41,4020 AUC,0.0,13,0.0,0.22809537,0.0
4020,AUC,1.23,4020 AUC,0.0,12,0.0,0.24249401,0.0
4020,MOV,0.0,4020 MOV,0.0,28,0.0,0.1206433,0.0
4020,MOV,0.005,4020 MOV,0.0,13,0.0,0.22809537,0.0
4020,MOV,0.015,4020 MOV,0.0,13,0.0,0.22809537,0.0
4020,MOV,0.046,4020 MOV,0.0,12,0.0,0.24249401,0.0
4020,MOV,0.14,4020 MOV,0.0,14,0.0,0.2153108,0.0
4020,MOV,0.41,4020 MOV,0.0,13,0.0,0.22809537,0.0
4020,MOV,1.23,4020 MOV,0.0,12,0.0,0.24249401,0.0
4021,AUC,0.0,4021 AUC,3.0,16,0.06591599,0.43008881,0.1875
4021,AUC,100.0,4021 AUC,3.0,14,0.07571387,0.47589231,0.21428571
4021,MOV,0.0,4021 MOV,0.0,16,0.0,0.19360768,0.0
4021,MOV,100.0,4021 MOV,1.0,14,0.01272222,0.31468704,0.07142857
4022,AUC,0.0,4022 AUC,3.0,16,0.06591599,0.43008881,0.1875
4022,AUC,100.0,4022 AUC,6.0,15,0.19824496,0.6425317,0.4
4022,MOV,0.0,4022 MOV,0.0,16,0.0,0.19360768,0.0
4022,MOV,100.0,4022 MOV,1.0,15,0.0118669,0.2981653,0.06666667
4023,AUC,0.0,4023 AUC,3.0,16,0.06591599,0.43008881,0.1875
4023,AUC,100.0,4023 AUC,3.0,14,0.07571387,0.47589231,0.21428571
4023,MOV,0.0,4023 MOV,0.0,16,0.0,0.19360768,0.0
4023,MOV,100.0,4023 MOV,5.0,14,0.16344732,0.61235577,0.35714286
4024,AUC,0.0,4024 AUC,3.0,16,0.06591599,0.43008881,0.1875
4024,AUC,100.0,4024 AUC,4.0,15,0.10897453,0.51950434,0.26666667
4024,MOV,0.0,4024 MOV,0.0,16,0.0,0.19360768,0.0
4024,MOV,100.0,4024 MOV,2.0,15,0.03736126,0.37881983,0.13333333
4026,AUC,0.0,4026 AUC,1.0,15,0.0118669,0.2981653,0.06666667
4026,AUC,100.0,4026 AUC,6.0,15,0.19824496,0.6425317,0.4
4026,MOV,0.0,4026 MOV,0.0,15,0.0,0.2038833,0.0
4026,MOV,100.0,4026 MOV,3.0,15,0.07047549,0.45185449,0.2
4027,AUC,0.0,4027 AUC,2.0,26,0.02135509,0.24141554,0.07692308
4027,AUC,0.005,4027 AUC,0.0,13,0.0,0.22809537,0.0
4027,AUC,0.015,4027 AUC,0.0,8,0.0,0.32440756,0.0
4027,AUC,0.046,4027 AUC,2.0,13,0.04325818,0.42234631,0.15384615
4027,AUC,0.14,4027 AUC,1.0,12,0.01486509,0.35387991,0.08333333
4027,MOV,0.0,4027 MOV,0.0,26,0.0,0.12872892,0.0
4027,MOV,0.005,4027 MOV,0.0,13,0.0,0.22809537,0.0
4027,MOV,0.015,4027 MOV,0.0,8,0.0,0.32440756,0.0
4027,MOV,0.046,4027 MOV,1.0,13,0.01371042,0.33313951,0.07692308
4027,MOV,0.14,4027 MOV,1.0,12,0.01486509,0.35387991,0.08333333
4028,AUC,0.0,4028 AUC,6.0,26,0.11033849,0.42051554,0.23076923
4028,AUC,0.005,4028 AUC,1.0,12,0.01486509,0.35387991,0.08333333
4028,AUC,0.015,4028 AUC,1.0,10,0.01787621,0.40415003,0.1
4028,AUC,0.046,4028 AUC,1.0,12,0.01486509,0.35387991,0.08333333
4028,AUC,0.14,4028 AUC,0.0,13,0.0,0.22809537,0.0
4028,AUC,0.41,4028 AUC,2.0,13,0.04325818,0.42234631,0.15384615
4028,AUC,1.23,4028 AUC,2.0,12,0.04696514,0.44803086,0.16666667
4028,AUC,3.7,4028 AUC,3.0,13,0.08179529,0.50256376,0.23076923
4028,AUC,11.1,4028 AUC,1.0,3,0.06149194,0.7923404,0.33333333
4028,AUC,33.3,4028 AUC,0.0,1,0.0,0.79345069,0.0
4028,MOV,0.0,4028 MOV,1.0,26,0.00682198,0.18892779,0.03846154
4028,MOV,0.005,4028 MOV,2.0,12,0.04696514,0.44803086,0.16666667
4028,MOV,0.015,4028 MOV,2.0,10,0.05668215,0.50983753,0.2
4028,MOV,0.046,4028 MOV,2.0,12,0.04696514,0.44803086,0.16666667
4028,MOV,0.14,4028 MOV,0.0,13,0.0,0.22809537,0.0
4028,MOV,0.41,4028 MOV,1.0,13,0.01371042,0.33313951,0.07692308
4028,MOV,1.23,4028 MOV,2.0,12,0.04696514,0.44803086,0.16666667
4028,MOV,3.7,4028 MOV,2.0,13,0.04325818,0.42234631,0.15384615
4028,MOV,11.1,4028 MOV,1.0,3,0.06149194,0.7923404,0.33333333
4028,MOV,33.3,4028 MOV,0.0,1,0.0,0.79345069,0.0
4029,AUC,0.0,4029 AUC,1.0,15,0.0118669,0.2981653,0.06666667
4029,AUC,100.0,4029 AUC,2.0,15,0.03736126,0.37881983,0.13333333
4029,MOV,0.0,4029 MOV,0.0,15,0.0,0.2038833,0.0
4029,MOV,100.0,4029 MOV,0.0,15,0.0,0.2038833,0.0
4030,AUC,0.0,4030 AUC,1.0,15,0.0118669,0.2981653,0.06666667
4030,AUC,100.0,4030 AUC,2.0,16,0.03497749,0.36022827,0.125
4030,MOV,0.0,4030 MOV,0.0,15,0.0,0.2038833,0.0
4030,MOV,100.0,4030 MOV,0.0,16,0.0,0.19360768,0.0
4031,AUC,0.0,4031 AUC,3.0,24,0.04344334,0.31003881,0.125
4031,AUC,0.005,4031 AUC,2.0,14,0.04009392,0.39941379,0.14285714
4031,AUC,0.015,4031 AUC,2.0,13,0.04325818,0.42234631,0.15384615
4031,AUC,0.046,4031 AUC,3.0,12,0.08894167,0.53230533,0.25
4031,AUC,0.14,4031 AUC,3.0,12,0.08894167,0.53230533,0.25
4031,AUC,0.41,4031 AUC,2.0,12,0.04696514,0.44803086,0.16666667
4031,AUC,1.23,4031 AUC,2.0,8,0.07147921,0.59072457,0.25
4031,MOV,0.0,4031 MOV,2.0,24,0.02315882,0.25848802,0.08333333
4031,MOV,0.005,4031 MOV,0.0,14,0.0,0.2153108,0.0
4031,MOV,0.015,4031 MOV,0.0,13,0.0,0.22809537,0.0
4031,MOV,0.046,4031 MOV,0.0,12,0.0,0.24249401,0.0
4031,MOV,0.14,4031 MOV,1.0,12,0.01486509,0.35387991,0.08333333
4031,MOV,0.41,4031 MOV,0.0,12,0.0,0.24249401,0.0
4031,MOV,1.23,4031 MOV,1.0,8,0.02241749,0.47088818,0.125
4032,AUC,0.0,4032 AUC,3.0,22,0.04749004,0.33334987,0.13636364
4032,AUC,0.005,4032 AUC,3.0,13,0.08179529,0.50256376,0.23076923
4032,AUC,0.015,4032 AUC,1.0,13,0.01371042,0.33313951,0.07692308
4032,AUC,0.046,4032 AUC,2.0,13,0.04325818,0.42234631,0.15384615
4032,AUC,0.14,4032 AUC,2.0,11,0.05136769,0.47698056,0.18181818
4032,AUC,0.41,4032 AUC,0.0,13,0.0,0.22809537,0.0
4032,AUC,1.23,4032 AUC,3.0,9,0.12058382,0.64579786,0.33333333
4032,MOV,0.0,4032 MOV,0.0,22,0.0,0.14865487,0.0
4032,MOV,0.005,4032 MOV,1.0,13,0.01371042,0.33313951,0.07692308
4032,MOV,0.015,4032 MOV,1.0,13,0.01371042,0.33313951,0.07692308
4032,MOV,0.046,4032 MOV,0.0,13,0.0,0.22809537,0.0
4032,MOV,0.14,4032 MOV,2.0,11,0.05136769,0.47698056,0.18181818
4032,MOV,0.41,4032 MOV,2.0,13,0.04325818,0.42234631,0.15384615
4032,MOV,1.23,4032 MOV,4.0,9,0.18877852,0.73334871,0.44444444
4033,AUC,0.0,4033 AUC,2.0,23,0.02418,0.26795981,0.08695652
4033,AUC,0.005,4033 AUC,2.0,6,0.09677141,0.70000668,0.33333333
4033,AUC,0.015,4033 AUC,6.0,12,0.2537816,0.7462184,0.5
4033,AUC,0.046,4033 AUC,3.0,10,0.10779127,0.60322185,0.3
4033,AUC,0.14,4033 AUC,6.0,11,0.28009154,0.78728728,0.54545455
4033,AUC,0.41,4033 AUC,7.0,12,0.31951131,0.80673969,0.58333333
4033,AUC,1.23,4033 AUC,2.0,10,0.05668215,0.50983753,0.2
4033,MOV,0.0,4033 MOV,1.0,23,0.00771667,0.20991155,0.04347826
4033,MOV,0.005,4033 MOV,0.0,6,0.0,0.39033429,0.0
4033,MOV,0.015,4033 MOV,1.0,12,0.01486509,0.35387991,0.08333333
4033,MOV,0.046,4033 MOV,1.0,10,0.01787621,0.40415003,0.1
4033,MOV,0.14,4033 MOV,1.0,11,0.01623217,0.37735844,0.09090909
4033,MOV,0.41,4033 MOV,1.0,12,0.01486509,0.35387991,0.08333333
4033,MOV,1.23,4033 MOV,1.0,10,0.01787621,0.40415003,0.1
4034,AUC,0.0,4034 AUC,0.0,12,0.0,0.24249401,0.0
4034,AUC,100.0,4034 AUC,0.0,15,0.0,0.2038833,0.0
4034,MOV,0.0,4034 MOV,1.0,12,0.01486509,0.35387991,0.08333333
4034,MOV,100.0,4034 MOV,0.0,15,0.0,0.2038833,0.0
4035,AUC,0.0,4035 AUC,4.0,27,0.05915928,0.32478685,0.14814815
4035,AUC,0.005,4035 AUC,0.0,13,0.0,0.22809537,0.0
4035,AUC,0.015,4035 AUC,1.0,14,0.01272222,0.31468704,0.07142857
4035,AUC,0.046,4035 AUC,1.0,10,0.01787621,0.40415003,0.1
4035,AUC,0.14,4035 AUC,0.0,14,0.0,0.2153108,0.0
4035,AUC,0.41,4035 AUC,5.0,13,0.17709708,0.64477108,0.38461538
4035,AUC,1.23,4035 AUC,5.0,14,0.16344732,0.61235577,0.35714286
4035,AUC,3.7,4035 AUC,4.0,14,0.11721379,0.54649084,0.28571429
4035,AUC,11.1,4035 AUC,8.0,14,0.32590645,0.78619201,0.57142857
4035,AUC,33.3,4035 AUC,12.0,14,0.60058621,0.95990608,0.85714286
4035,MOV,0.0,4035 MOV,1.0,27,0.00656815,0.18283466,0.03703704
4035,MOV,0.005,4035 MOV,1.0,13,0.01371042,0.33313951,0.07692308
4035,MOV,0.015,4035 MOV,0.0,14,0.0,0.2153108,0.0
4035,MOV,0.046,4035 MOV,1.0,10,0.01787621,0.40415003,0.1
4035,MOV,0.14,4035 MOV,0.0,14,0.0,0.2153108,0.0
4035,MOV,0.41,4035 MOV,1.0,13,0.01371042,0.33313951,0.07692308
4035,MOV,1.23,4035 MOV,2.0,14,0.04009392,0.39941379,0.14285714
4035,MOV,3.7,4035 MOV,0.0,14,0.0,0.2153108,0.0
4035,MOV,11.1,4035 MOV,4.0,14,0.11721379,0.54649084,0.28571429
4035,MOV,33.3,4035 MOV,0.0,14,0.0,0.2153108,0.0
4036,AUC,0.0,4036 AUC,0.0,14,0.0,0.2153108,0.0
4036,AUC,100.0,4036 AUC,2.0,14,0.04009392,0.39941379,0.14285714
4036,MOV,0.0,4036 MOV,3.0,14,0.07571387,0.47589231,0.21428571
4036,MOV,100.0,4036 MOV,0.0,14,0.0,0.2153108,0.0
4037,AUC,0.0,4037 AUC,3.0,22,0.04749004,0.33334987,0.13636364
4037,AUC,0.005,4037 AUC,4.0,11,0.15166471,0.64619883,0.36363636
4037,AUC,0.015,4037 AUC,6.0,13,0.23206068,0.70856204,0.46153846
4037,AUC,0.046,4037 AUC,1.0,12,0.01486509,0.35387991,0.08333333
4037,AUC,0.14,4037 AUC,1.0,13,0.01371042,0.33313951,0.07692308
4037,AUC,0.41,4037 AUC,4.0,13,0.12680704,0.57630657,0.30769231
4037,AUC,1.23,4037 AUC,6.0,12,0.2537816,0.7462184,0.5
4037,AUC,11.1,4037 AUC,0.0,1,0.0,0.79345069,0.0
4037,MOV,0.0,4037 MOV,2.0,22,0.02529543,0.27814947,0.09090909
4037,MOV,0.005,4037 MOV,1.0,11,0.01623217,0.37735844,0.09090909
4037,MOV,0.015,4037 MOV,4.0,13,0.12680704,0.57630657,0.30769231
4037,MOV,0.046,4037 MOV,2.0,12,0.04696514,0.44803086,0.16666667
4037,MOV,0.14,4037 MOV,2.0,13,0.04325818,0.42234631,0.15384615
4037,MOV,0.41,4037 MOV,2.0,13,0.04325818,0.42234631,0.15384615
4037,MOV,1.23,4037 MOV,1.0,12,0.01486509,0.35387991,0.08333333
4037,MOV,11.1,4037 MOV,0.0,1,0.0,0.79345069,0.0
4038,AUC,0.0,4038 AUC,0.0,14,0.0,0.2153108,0.0
4038,AUC,100.0,4038 AUC,3.0,15,0.07047549,0.45185449,0.2
4038,MOV,0.0,4038 MOV,3.0,14,0.07571387,0.47589231,0.21428571
4038,MOV,100.0,4038 MOV,0.0,15,0.0,0.2038833,0.0
4039,AUC,0.0,4039 AUC,0.0,14,0.0,0.2153108,0.0
4039,AUC,100.0,4039 AUC,4.0,13,0.12680704,0.57630657,0.30769231
4039,MOV,0.0,4039 MOV,3.0,14,0.07571387,0.47589231,0.21428571
4039,MOV,100.0,4039 MOV,1.0,13,0.01371042,0.33313951,0.07692308
4040,AUC,0.0,4040 AUC,0.0,14,0.0,0.2153108,0.0
4040,AUC,100.0,4040 AUC,4.0,14,0.11721379,0.54649084,0.28571429
4040,MOV,0.0,4040 MOV,3.0,14,0.07571387,0.47589231,0.21428571
4040,MOV,100.0,4040 MOV,0.0,14,0.0,0.2153108,0.0
4041,AUC,0.0,4041 AUC,1.0,14,0.01272222,0.31468704,0.07142857
4041,AUC,100.0,4041 AUC,4.0,16,0.10182067,0.49498317,0.25
4041,MOV,0.0,4041 MOV,1.0,14,0.01272222,0.31468704,0.07142857
4041,MOV,100.0,4041 MOV,1.0,16,0.01111934,0.28328738,0.0625
4042,AUC,0.0,4042 AUC,1.0,14,0.01272222,0.31468704,0.07142857
4042,AUC,100.0,4042 AUC,3.0,15,0.07047549,0.45185449,0.2
4042,MOV,0.0,4042 MOV,1.0,14,0.01272222,0.31468704,0.07142857
4042,MOV,100.0,4042 MOV,2.0,15,0.03736126,0.37881983,0.13333333
4043,AUC,0.0,4043 AUC,1.0,14,0.01272222,0.31468704,0.07142857
4043,AUC,100.0,4043 AUC,4.0,16,0.10182067,0.49498317,0.25
4043,MOV,0.0,4043 MOV,1.0,14,0.01272222,0.31468704,0.07142857
4043,MOV,100.0,4043 MOV,1.0,16,0.01111934,0.28328738,0.0625
4044,AUC,0.0,4044 AUC,1.0,14,0.01272222,0.31468704,0.07142857
4044,AUC,100.0,4044 AUC,4.0,14,0.11721379,0.54649084,0.28571429
4044,MOV,0.0,4044 MOV,1.0,14,0.01272222,0.31468704,0.07142857
4044,MOV,100.0,4044 MOV,4.0,14,0.11721379,0.54649084,0.28571429
4046,AUC,0.0,4046 AUC,8.0,15,0.3011698,0.75190465,0.53333333
4046,AUC,100.0,4046 AUC,3.0,14,0.07571387,0.47589231,0.21428571
4046,MOV,0.0,4046 MOV,2.0,15,0.03736126,0.37881983,0.13333333
4046,MOV,100.0,4046 MOV,3.0,14,0.07571387,0.47589231,0.21428571
4048,AUC,0.0,4048 AUC,2.0,24,0.02315882,0.25848802,0.08333333
4048,AUC,0.005,4048 AUC,1.0,12,0.01486509,0.35387991,0.08333333
4048,AUC,0.015,4048 AUC,0.0,11,0.0,0.25883297,0.0
4048,AUC,0.046,4048 AUC,5.0,12,0.19326031,0.68048869,0.41666667
4048,AUC,0.14,4048 AUC,2.0,14,0.04009392,0.39941379,0.14285714
4048,AUC,0.41,4048 AUC,3.0,13,0.08179529,0.50256376,0.23076923
4048,AUC,1.23,4048 AUC,1.0,14,0.01272222,0.31468704,0.07142857
4048,AUC,3.7,4048 AUC,3.0,9,0.12058382,0.64579786,0.33333333
4048,AUC,11.1,4048 AUC,1.0,3,0.06149194,0.7923404,0.33333333
4048,MOV,0.0,4048 MOV,0.0,24,0.0,0.1379762,0.0
4048,MOV,0.005,4048 MOV,0.0,12,0.0,0.24249401,0.0
4048,MOV,0.015,4048 MOV,0.0,11,0.0,0.25883297,0.0
4048,MOV,0.046,4048 MOV,0.0,12,0.0,0.24249401,0.0
4048,MOV,0.14,4048 MOV,0.0,14,0.0,0.2153108,0.0
4048,MOV,0.41,4048 MOV,1.0,13,0.01371042,0.33313951,0.07692308
4048,MOV,1.23,4048 MOV,0.0,14,0.0,0.2153108,0.0
4048,MOV,3.7,4048 MOV,0.0,9,0.0,0.29914505,0.0
4048,MOV,11.1,4048 MOV,1.0,3,0.06149194,0.7923404,0.33333333
4049,AUC,0.0,4049 AUC,8.0,15,0.3011698,0.75190465,0.53333333
4049,AUC,100.0,4049 AUC,10.0,15,0.41713548,0.84823676,0.66666667
4049,MOV,0.0,4049 MOV,2.0,15,0.03736126,0.37881983,0.13333333
4049,MOV,100.0,4049 MOV,5.0,15,0.15176324,0.58286452,0.33333333
4050,AUC,0.0,4050 AUC,8.0,15,0.3011698,0.75190465,0.53333333
4050,AUC,100.0,4050 AUC,10.0,15,0.41713548,0.84823676,0.66666667
4050,MOV,0.0,4050 MOV,2.0,15,0.03736126,0.37881983,0.13333333
4050,MOV,100.0,4050 MOV,2.0,15,0.03736126,0.37881983,0.13333333
4051,AUC,0.0,4051 AUC,2.0,15,0.03736126,0.37881983,0.13333333
4051,AUC,100.0,4051 AUC,0.0,15,0.0,0.2038833,0.0
4051,MOV,0.0,4051 MOV,0.0,15,0.0,0.2038833,0.0
4051,MOV,100.0,4051 MOV,1.0,15,0.0118669,0.2981653,0.06666667
4052,AUC,0.0,4052 AUC,5.0,27,0.08180707,0.36698684,0.18518519
4052,AUC,0.005,4052 AUC,3.0,11,0.09746059,0.5656453,0.27272727
4052,AUC,0.015,4052 AUC,1.0,13,0.01371042,0.33313951,0.07692308
4052,AUC,0.046,4052 AUC,4.0,13,0.12680704,0.57630657,0.30769231
4052,AUC,0.14,4052 AUC,1.0,13,0.01371042,0.33313951,0.07692308
4052,AUC,0.41,4052 AUC,3.0,13,0.08179529,0.50256376,0.23076923
4052,AUC,1.23,4052 AUC,2.0,13,0.04325818,0.42234631,0.15384615
4052,AUC,3.7,4052 AUC,4.0,12,0.13812009,0.60937791,0.33333333
4052,AUC,11.1,4052 AUC,4.0,5,0.37553463,0.96377589,0.8
4052,MOV,0.0,4052 MOV,2.0,27,0.02055465,0.23369593,0.07407407
4052,MOV,0.005,4052 MOV,2.0,11,0.05136769,0.47698056,0.18181818
4052,MOV,0.015,4052 MOV,2.0,13,0.04325818,0.42234631,0.15384615
4052,MOV,0.046,4052 MOV,1.0,13,0.01371042,0.33313951,0.07692308
4052,MOV,0.14,4052 MOV,1.0,13,0.01371042,0.33313951,0.07692308
4052,MOV,0.41,4052 MOV,2.0,13,0.04325818,0.42234631,0.15384615
4052,MOV,1.23,4052 MOV,2.0,13,0.04325818,0.42234631,0.15384615
4052,MOV,3.7,4052 MOV,3.0,12,0.08894167,0.53230533,0.25
4052,MOV,11.1,4052 MOV,1.0,5,0.03622411,0.62446537,0.2
4053,AUC,0.0,4053 AUC,2.0,15,0.03736126,0.37881983,0.13333333
4053,AUC,100.0,4053 AUC,1.0,13,0.01371042,0.33313951,0.07692308
4053,MOV,0.0,4053 MOV,0.0,15,0.0,0.2038833,0.0
4053,MOV,100.0,4053 MOV,0.0,13,0.0,0.22809537,0.0
4054,AUC,0.0,4054 AUC,2.0,15,0.03736126,0.37881983,0.13333333
4054,AUC,100.0,4054 AUC,2.0,16,0.03497749,0.36022827,0.125
4054,MOV,0.0,4054 MOV,0.0,15,0.0,0.2038833,0.0
4054,MOV,100.0,4054 MOV,1.0,16,0.01111934,0.28328738,0.0625
4055,AUC,0.0,4055 AUC,2.0,15,0.03736126,0.37881983,0.13333333
4055,AUC,100.0,4055 AUC,3.0,15,0.07047549,0.45185449,0.2
4055,MOV,0.0,4055 MOV,0.0,15,0.0,0.2038833,0.0
4055,MOV,100.0,4055 MOV,0.0,15,0.0,0.2038833,0.0
4057,AUC,0.0,4057 AUC,2.0,13,0.04325818,0.42234631,0.15384615
4057,AUC,100.0,4057 AUC,3.0,15,0.07047549,0.45185449,0.2
4057,MOV,0.0,4057 MOV,1.0,13,0.01371042,0.33313951,0.07692308
4057,MOV,100.0,4057 MOV,1.0,15,0.0118669,0.2981653,0.06666667
4058,AUC,0.0,4058 AUC,2.0,13,0.04325818,0.42234631,0.15384615
4058,AUC,100.0,4058 AUC,2.0,13,0.04325818,0.42234631,0.15384615
4058,MOV,0.0,4058 MOV,1.0,13,0.01371042,0.33313951,0.07692308
4058,MOV,100.0,4058 MOV,2.0,13,0.04325818,0.42234631,0.15384615
4059,AUC,0.0,4059 AUC,7.0,26,0.13704448,0.4608304,0.26923077
4059,AUC,0.005,4059 AUC,1.0,11,0.01623217,0.37735844,0.09090909
4059,AUC,0.015,4059 AUC,4.0,12,0.13812009,0.60937791,0.33333333
4059,AUC,0.046,4059 AUC,2.0,14,0.04009392,0.39941379,0.14285714
4059,AUC,0.14,4059 AUC,3.0,14,0.07571387,0.47589231,0.21428571
4059,AUC,0.41,4059 AUC,5.0,14,0.16344732,0.61235577,0.35714286
4059,AUC,1.23,4059 AUC,2.0,12,0.04696514,0.44803086,0.16666667
4059,AUC,3.7,4059 AUC,3.0,11,0.09746059,0.5656453,0.27272727
4059,AUC,11.1,4059 AUC,0.0,6,0.0,0.39033429,0.0
4059,MOV,0.0,4059 MOV,1.0,26,0.00682198,0.18892779,0.03846154
4059,MOV,0.005,4059 MOV,0.0,11,0.0,0.25883297,0.0
4059,MOV,0.015,4059 MOV,0.0,12,0.0,0.24249401,0.0
4059,MOV,0.046,4059 MOV,3.0,14,0.07571387,0.47589231,0.21428571
4059,MOV,0.14,4059 MOV,0.0,14,0.0,0.2153108,0.0
4059,MOV,0.41,4059 MOV,0.0,14,0.0,0.2153108,0.0
4059,MOV,1.23,4059 MOV,0.0,12,0.0,0.24249401,0.0
4059,MOV,3.7,4059 MOV,1.0,11,0.01623217,0.37735844,0.09090909
4059,MOV,11.1,4059 MOV,1.0,6,0.03005337,0.56350282,0.16666667
4060,AUC,0.0,4060 AUC,2.0,13,0.04325818,0.42234631,0.15384615
4060,AUC,100.0,4060 AUC,4.0,16,0.10182067,0.49498317,0.25
4060,MOV,0.0,4060 MOV,1.0,13,0.01371042,0.33313951,0.07692308
4060,MOV,100.0,4060 MOV,3.0,16,0.06591599,0.43008881,0.1875
4061,AUC,0.0,4061 AUC,0.0,13,0.0,0.22809537,0.0
4061,AUC,100.0,4061 AUC,0.0,14,0.0,0.2153108,0.0
4061,MOV,0.0,4061 MOV,1.0,13,0.01371042,0.33313951,0.07692308
4061,MOV,100.0,4061 MOV,0.0,14,0.0,0.2153108,0.0
4062,AUC,0.0,4062 AUC,6.0,22,0.1315076,0.48151734,0.27272727
4062,AUC,0.005,4062 AUC,6.0,14,0.21380799,0.67409355,0.42857143
4062,AUC,0.015,4062 AUC,2.0,13,0.04325818,0.42234631,0.15384615
4062,AUC,0.046,4062 AUC,3.0,12,0.08894167,0.53230533,0.25
4062,AUC,0.14,4062 AUC,1.0,12,0.01486509,0.35387991,0.08333333
4062,AUC,0.41,4062 AUC,2.0,11,0.05136769,0.47698056,0.18181818
4062,AUC,1.23,4062 AUC,2.0,12,0.04696514,0.44803086,0.16666667
4062,AUC,3.7,4062 AUC,2.0,12,0.04696514,0.44803086,0.16666667
4062,AUC,11.1,4062 AUC,0.0,3,0.0,0.56149703,0.0
4062,AUC,33.3,4062 AUC,0.0,1,0.0,0.79345069,0.0
4062,MOV,0.0,4062 MOV,0.0,22,0.0,0.14865487,0.0
4062,MOV,0.005,4062 MOV,0.0,14,0.0,0.2153108,0.0
4062,MOV,0.015,4062 MOV,0.0,13,0.0,0.22809537,0.0
4062,MOV,0.046,4062 MOV,1.0,12,0.01486509,0.35387991,0.08333333
4062,MOV,0.14,4062 MOV,0.0,12,0.0,0.24249401,0.0
4062,MOV,0.41,4062 MOV,2.0,11,0.05136769,0.47698056,0.18181818
4062,MOV,1.23,4062 MOV,0.0,12,0.0,0.24249401,0.0
4062,MOV,3.7,4062 MOV,1.0,12,0.01486509,0.35387991,0.08333333
4062,MOV,11.1,4062 MOV,0.0,3,0.0,0.56149703,0.0
4062,MOV,33.3,4062 MOV,0.0,1,0.0,0.79345069,0.0
4063,AUC,0.0,4063 AUC,0.0,13,0.0,0.22809537,0.0
4063,AUC,100.0,4063 AUC,0.0,14,0.0,0.2153108,0.0
4063,MOV,0.0,4063 MOV,1.0,13,0.01371042,0.33313951,0.07692308
4063,MOV,100.0,4063 MOV,1.0,14,0.01272222,0.31468704,0.07142857
4064,AUC,0.0,4064 AUC,0.0,13,0.0,0.22809537,0.0
4064,AUC,100.0,4064 AUC,1.0,14,0.01272222,0.31468704,0.07142857
4064,MOV,0.0,4064 MOV,1.0,13,0.01371042,0.33313951,0.07692308
4064,MOV,100.0,4064 MOV,0.0,14,0.0,0.2153108,0.0
4065,AUC,0.0,4065 AUC,0.0,13,0.0,0.22809537,0.0
4065,AUC,100.0,4065 AUC,4.0,15,0.10897453,0.51950434,0.26666667
4065,MOV,0.0,4065 MOV,1.0,13,0.01371042,0.33313951,0.07692308
4065,MOV,100.0,4065 MOV,2.0,15,0.03736126,0.37881983,0.13333333
4066,AUC,0.0,4066 AUC,1.0,25,0.00709623,0.19544064,0.04
4066,AUC,0.005,4066 AUC,2.0,14,0.04009392,0.39941379,0.14285714
4066,AUC,0.015,4066 AUC,2.0,14,0.04009392,0.39941379,0.14285714
4066,AUC,0.046,4066 AUC,2.0,14,0.04009392,0.39941379,0.14285714
4066,AUC,0.14,4066 AUC,3.0,14,0.07571387,0.47589231,0.21428571
4066,AUC,0.41,4066 AUC,0.0,14,0.0,0.2153108,0.0
4066,AUC,1.23,4066 AUC,4.0,13,0.12680704,0.57630657,0.30769231
4066,AUC,3.7,4066 AUC,4.0,6,0.29999332,0.90322859,0.66666667
4066,MOV,0.0,4066 MOV,0.0,25,0.0,0.13319225,0.0
4066,MOV,0.005,4066 MOV,1.0,14,0.01272222,0.31468704,0.07142857
4066,MOV,0.015,4066 MOV,1.0,14,0.01272222,0.31468704,0.07142857
4066,MOV,0.046,4066 MOV,0.0,14,0.0,0.2153108,0.0
4066,MOV,0.14,4066 MOV,1.0,14,0.01272222,0.31468704,0.07142857
4066,MOV,0.41,4066 MOV,1.0,14,0.01272222,0.31468704,0.07142857
4066,MOV,1.23,4066 MOV,0.0,13,0.0,0.22809537,0.0
4066,MOV,3.7,4066 MOV,2.0,6,0.09677141,0.70000668,0.33333333
4068,AUC,0.0,4068 AUC,3.0,16,0.06591599,0.43008881,0.1875
4068,AUC,100.0,4068 AUC,1.0,16,0.01111934,0.28328738,0.0625
4068,MOV,0.0,4068 MOV,2.0,16,0.03497749,0.36022827,0.125
4068,MOV,100.0,4068 MOV,2.0,16,0.03497749,0.36022827,0.125
4069,AUC,0.0,4069 AUC,6.0,26,0.11033849,0.42051554,0.23076923
4069,AUC,0.005,4069 AUC,1.0,13,0.01371042,0.33313951,0.07692308
4069,AUC,0.015,4069 AUC,1.0,14,0.01272222,0.31468704,0.07142857
4069,AUC,0.046,4069 AUC,0.0,14,0.0,0.2153108,0.0
4069,AUC,0.14,4069 AUC,4.0,11,0.15166471,0.64619883,0.36363636
4069,AUC,0.41,4069 AUC,3.0,13,0.08179529,0.50256376,0.23076923
4069,AUC,1.23,4069 AUC,0.0,14,0.0,0.2153108,0.0
4069,AUC,3.7,4069 AUC,3.0,14,0.07571387,0.47589231,0.21428571
4069,AUC,11.1,4069 AUC,2.0,13,0.04325818,0.42234631,0.15384615
4069,AUC,33.3,4069 AUC,4.0,14,0.11721379,0.54649084,0.28571429
4069,AUC,100.0,4069 AUC,5.0,13,0.17709708,0.64477108,0.38461538
4069,MOV,0.0,4069 MOV,1.0,26,0.00682198,0.18892779,0.03846154
4069,MOV,0.005,4069 MOV,1.0,13,0.01371042,0.33313951,0.07692308
4069,MOV,0.015,4069 MOV,0.0,14,0.0,0.2153108,0.0
4069,MOV,0.046,4069 MOV,2.0,14,0.04009392,0.39941379,0.14285714
4069,MOV,0.14,4069 MOV,2.0,11,0.05136769,0.47698056,0.18181818
4069,MOV,0.41,4069 MOV,1.0,13,0.01371042,0.33313951,0.07692308
4069,MOV,1.23,4069 MOV,0.0,14,0.0,0.2153108,0.0
4069,MOV,3.7,4069 MOV,2.0,14,0.04009392,0.39941379,0.14285714
4069,MOV,11.1,4069 MOV,0.0,13,0.0,0.22809537,0.0
4069,MOV,33.3,4069 MOV,0.0,14,0.0,0.2153108,0.0
4069,MOV,100.0,4069 MOV,0.0,13,0.0,0.22809537,0.0
4070,AUC,0.0,4070 AUC,3.0,27,0.03852035,0.28057801,0.11111111
4070,AUC,0.005,4070 AUC,0.0,11,0.0,0.25883297,0.0
4070,AUC,0.015,4070 AUC,1.0,14,0.01272222,0.31468704,0.07142857
4070,AUC,0.046,4070 AUC,4.0,14,0.11721379,0.54649084,0.28571429
4070,AUC,0.14,4070 AUC,2.0,14,0.04009392,0.39941379,0.14285714
4070,AUC,0.41,4070 AUC,0.0,12,0.0,0.24249401,0.0
4070,AUC,1.23,4070 AUC,2.0,14,0.04009392,0.39941379,0.14285714
4070,AUC,3.7,4070 AUC,2.0,14,0.04009392,0.39941379,0.14285714
4070,AUC,11.1,4070 AUC,1.0,12,0.01486509,0.35387991,0.08333333
4070,AUC,33.3,4070 AUC,1.0,12,0.01486509,0.35387991,0.08333333
4070,AUC,100.0,4070 AUC,1.0,11,0.01623217,0.37735844,0.09090909
4070,MOV,0.0,4070 MOV,0.0,27,0.0,0.12455503,0.0
4070,MOV,0.005,4070 MOV,2.0,11,0.05136769,0.47698056,0.18181818
4070,MOV,0.015,4070 MOV,3.0,14,0.07571387,0.47589231,0.21428571
4070,MOV,0.046,4070 MOV,1.0,14,0.01272222,0.31468704,0.07142857
4070,MOV,0.14,4070 MOV,0.0,14,0.0,0.2153108,0.0
4070,MOV,0.41,4070 MOV,1.0,12,0.01486509,0.35387991,0.08333333
4070,MOV,1.23,4070 MOV,1.0,14,0.01272222,0.31468704,0.07142857
4070,MOV,3.7,4070 MOV,2.0,14,0.04009392,0.39941379,0.14285714
4070,MOV,11.1,4070 MOV,0.0,12,0.0,0.24249401,0.0
4070,MOV,33.3,4070 MOV,1.0,12,0.01486509,0.35387991,0.08333333
4070,MOV,100.0,4070 MOV,0.0,11,0.0,0.25883297,0.0
4071,AUC,0.0,4071 AUC,0.0,13,0.0,0.22809537,0.0
4071,AUC,100.0,4071 AUC,3.0,14,0.07571387,0.47589231,0.21428571
4071,MOV,0.0,4071 MOV,0.0,13,0.0,0.22809537,0.0
4071,MOV,100.0,4071 MOV,3.0,14,0.07571387,0.47589231,0.21428571
4072,AUC,0.0,4072 AUC,0.0,13,0.0,0.22809537,0.0
4072,AUC,100.0,4072 AUC,6.0,16,0.18481233,0.61358959,0.375
4072,MOV,0.0,4072 MOV,0.0,13,0.0,0.22809537,0.0
4072,MOV,100.0,4072 MOV,1.0,16,0.01111934,0.28328738,0.0625
4073,AUC,0.0,4073 AUC,0.0,13,0.0,0.22809537,0.0
4073,AUC,100.0,4073 AUC,3.0,15,0.07047549,0.45185449,0.2
4073,MOV,0.0,4073 MOV,0.0,13,0.0,0.22809537,0.0
4073,MOV,100.0,4073 MOV,1.0,15,0.0118669,0.2981653,0.06666667
4074,AUC,0.0,4074 AUC,0.0,13,0.0,0.22809537,0.0
4074,AUC,100.0,4074 AUC,2.0,16,0.03497749,0.36022827,0.125
4074,MOV,0.0,4074 MOV,0.0,13,0.0,0.22809537,0.0
4074,MOV,100.0,4074 MOV,2.0,16,0.03497749,0.36022827,0.125
4075,AUC,0.0,4075 AUC,0.0,13,0.0,0.22809537,0.0
4075,AUC,100.0,4075 AUC,7.0,14,0.26799202,0.73200798,0.5
4075,MOV,0.0,4075 MOV,0.0,13,0.0,0.22809537,0.0
4075,MOV,100.0,4075 MOV,3.0,14,0.07571387,0.47589231,0.21428571
4076,AUC,0.0,4076 AUC,2.0,16,0.03497749,0.36022827,0.125
4076,AUC,100.0,4076 AUC,0.0,15,0.0,0.2038833,0.0
4076,MOV,0.0,4076 MOV,1.0,16,0.01111934,0.28328738,0.0625
4076,MOV,100.0,4076 MOV,0.0,15,0.0,0.2038833,0.0
4077,AUC,0.0,4077 AUC,2.0,16,0.03497749,0.36022827,0.125
4077,AUC,100.0,4077 AUC,0.0,16,0.0,0.19360768,0.0
4077,MOV,0.0,4077 MOV,1.0,16,0.01111934,0.28328738,0.0625
4077,MOV,100.0,4077 MOV,1.0,16,0.01111934,0.28328738,0.0625
4078,AUC,0.0,4078 AUC,10.0,26,0.22428594,0.5746515,0.38461538
4078,AUC,0.005,4078 AUC,3.0,11,0.09746059,0.5656453,0.27272727
4078,AUC,0.015,4078 AUC,6.0,14,0.21380799,0.67409355,0.42857143
4078,AUC,0.046,4078 AUC,1.0,11,0.01623217,0.37735844,0.09090909
4078,AUC,0.14,4078 AUC,2.0,10,0.05668215,0.50983753,0.2
4078,AUC,0.41,4078 AUC,2.0,13,0.04325818,0.42234631,0.15384615
4078,AUC,1.23,4078 AUC,4.0,14,0.11721379,0.54649084,0.28571429
4078,AUC,3.7,4078 AUC,2.0,9,0.06322511,0.54741103,0.22222222
4078,AUC,11.1,4078 AUC,4.0,7,0.25045836,0.84178014,0.57142857
4078,AUC,33.3,4078 AUC,1.0,7,0.02567962,0.51312783,0.14285714
4078,AUC,100.0,4078 AUC,1.0,5,0.03622411,0.62446537,0.2
4078,MOV,0.0,4078 MOV,1.0,26,0.00682198,0.18892779,0.03846154
4078,MOV,0.005,4078 MOV,1.0,11,0.01623217,0.37735844,0.09090909
4078,MOV,0.015,4078 MOV,1.0,14,0.01272222,0.31468704,0.07142857
4078,MOV,0.046,4078 MOV,3.0,11,0.09746059,0.5656453,0.27272727
4078,MOV,0.14,4078 MOV,1.0,10,0.01787621,0.40415003,0.1
4078,MOV,0.41,4078 MOV,1.0,13,0.01371042,0.33313951,0.07692308
4078,MOV,1.23,4078 MOV,2.0,14,0.04009392,0.39941379,0.14285714
4078,MOV,3.7,4078 MOV,0.0,9,0.0,0.29914505,0.0
4078,MOV,11.1,4078 MOV,2.0,7,0.08221892,0.64106555,0.28571429
4078,MOV,33.3,4078 MOV,0.0,7,0.0,0.35433044,0.0
4078,MOV,100.0,4078 MOV,2.0,5,0.11762077,0.76927572,0.4
4079,AUC,0.0,4079 AUC,2.0,16,0.03497749,0.36022827,0.125
4079,AUC,100.0,4079 AUC,1.0,16,0.01111934,0.28328738,0.0625
4079,MOV,0.0,4079 MOV,1.0,16,0.01111934,0.28328738,0.0625
4079,MOV,100.0,4079 MOV,0.0,16,0.0,0.19360768,0.0
4082,AUC,0.0,4082 AUC,1.0,27,0.00656815,0.18283466,0.03703704
4082,AUC,0.005,4082 AUC,2.0,14,0.04009392,0.39941379,0.14285714
4082,AUC,0.015,4082 AUC,0.0,14,0.0,0.2153108,0.0
4082,AUC,0.046,4082 AUC,0.0,11,0.0,0.25883297,0.0
4082,AUC,0.14,4082 AUC,4.0,14,0.11721379,0.54649084,0.28571429
4082,AUC,0.41,4082 AUC,1.0,13,0.01371042,0.33313951,0.07692308
4082,AUC,1.23,4082 AUC,2.0,13,0.04325818,0.42234631,0.15384615
4082,AUC,3.7,4082 AUC,1.0,13,0.01371042,0.33313951,0.07692308
4082,MOV,0.0,4082 MOV,0.0,27,0.0,0.12455503,0.0
4082,MOV,0.005,4082 MOV,3.0,14,0.07571387,0.47589231,0.21428571
4082,MOV,0.015,4082 MOV,4.0,14,0.11721379,0.54649084,0.28571429
4082,MOV,0.046,4082 MOV,3.0,11,0.09746059,0.5656453,0.27272727
4082,MOV,0.14,4082 MOV,3.0,14,0.07571387,0.47589231,0.21428571
4082,MOV,0.41,4082 MOV,5.0,13,0.17709708,0.64477108,0.38461538
4082,MOV,1.23,4082 MOV,2.0,13,0.04325818,0.42234631,0.15384615
4082,MOV,3.7,4082 MOV,4.0,13,0.12680704,0.57630657,0.30769231
4083,AUC,0.0,4083 AUC,3.0,15,0.07047549,0.45185449,0.2
4083,AUC,100.0,4083 AUC,1.0,12,0.01486509,0.35387991,0.08333333
4083,MOV,0.0,4083 MOV,0.0,15,0.0,0.2038833,0.0
4083,MOV,100.0,4083 MOV,0.0,12,0.0,0.24249401,0.0
4084,AUC,0.0,4084 AUC,3.0,15,0.07047549,0.45185449,0.2
4084,AUC,100.0,4084 AUC,0.0,16,0.0,0.19360768,0.0
4084,MOV,0.0,4084 MOV,0.0,15,0.0,0.2038833,0.0
4084,MOV,100.0,4084 MOV,0.0,16,0.0,0.19360768,0.0
4085,AUC,0.0,4085 AUC,3.0,15,0.07047549,0.45185449,0.2
4085,AUC,100.0,4085 AUC,0.0,12,0.0,0.24249401,0.0
4085,MOV,0.0,4085 MOV,0.0,15,0.0,0.2038833,0.0
4085,MOV,100.0,4085 MOV,0.0,12,0.0,0.24249401,0.0
4086,AUC,0.0,4086 AUC,3.0,25,0.04166817,0.29955794,0.12
4086,AUC,0.005,4086 AUC,3.0,12,0.08894167,0.53230533,0.25
4086,AUC,0.015,4086 AUC,3.0,13,0.08179529,0.50256376,0.23076923
4086,AUC,0.046,4086 AUC,3.0,13,0.08179529,0.50256376,0.23076923
4086,AUC,0.14,4086 AUC,2.0,14,0.04009392,0.39941379,0.14285714
4086,AUC,0.41,4086 AUC,4.0,11,0.15166471,0.64619883,0.36363636
4086,AUC,1.23,4086 AUC,4.0,14,0.11721379,0.54649084,0.28571429
4086,AUC,3.7,4086 AUC,2.0,13,0.04325818,0.42234631,0.15384615
4086,AUC,11.1,4086 AUC,6.0,9,0.35420214,0.87941618,0.66666667
4086,MOV,0.0,4086 MOV,0.0,25,0.0,0.13319225,0.0
4086,MOV,0.005,4086 MOV,0.0,12,0.0,0.24249401,0.0
4086,MOV,0.015,4086 MOV,1.0,13,0.01371042,0.33313951,0.07692308
4086,MOV,0.046,4086 MOV,0.0,13,0.0,0.22809537,0.0
4086,MOV,0.14,4086 MOV,2.0,14,0.04009392,0.39941379,0.14285714
4086,MOV,0.41,4086 MOV,0.0,11,0.0,0.25883297,0.0
4086,MOV,1.23,4086 MOV,1.0,14,0.01272222,0.31468704,0.07142857
4086,MOV,3.7,4086 MOV,0.0,13,0.0,0.22809537,0.0
4086,MOV,11.1,4086 MOV,1.0,9,0.01989089,0.43499971,0.11111111
4088,AUC,0.0,4088 AUC,1.0,15,0.0118669,0.2981653,0.06666667
4088,AUC,100.0,4088 AUC,4.0,15,0.10897453,0.51950434,0.26666667
4088,MOV,0.0,4088 MOV,1.0,15,0.0118669,0.2981653,0.06666667
4088,MOV,100.0,4088 MOV,3.0,15,0.07047549,0.45185449,0.2
4089,AUC,0.0,4089 AUC,3.0,24,0.04344334,0.31003881,0.125
4089,AUC,0.005,4089 AUC,1.0,12,0.01486509,0.35387991,0.08333333
4089,AUC,0.015,4089 AUC,4.0,13,0.12680704,0.57630657,0.30769231
4089,AUC,0.046,4089 AUC,3.0,12,0.08894167,0.53230533,0.25
4089,AUC,0.14,4089 AUC,3.0,11,0.09746059,0.5656453,0.27272727
4089,AUC,0.41,4089 AUC,0.0,11,0.0,0.25883297,0.0
4089,AUC,1.23,4089 AUC,3.0,9,0.12058382,0.64579786,0.33333333
4089,AUC,3.7,4089 AUC,0.0,11,0.0,0.25883297,0.0
4089,AUC,11.1,4089 AUC,2.0,11,0.05136769,0.47698056,0.18181818
4089,AUC,33.3,4089 AUC,0.0,13,0.0,0.22809537,0.0
4089,AUC,100.0,4089 AUC,1.0,2,0.09453121,0.90546879,0.5
4089,MOV,0.0,4089 MOV,2.0,24,0.02315882,0.25848802,0.08333333
4089,MOV,0.005,4089 MOV,0.0,12,0.0,0.24249401,0.0
4089,MOV,0.015,4089 MOV,1.0,13,0.01371042,0.33313951,0.07692308
4089,MOV,0.046,4089 MOV,1.0,12,0.01486509,0.35387991,0.08333333
4089,MOV,0.14,4089 MOV,2.0,11,0.05136769,0.47698056,0.18181818
4089,MOV,0.41,4089 MOV,1.0,11,0.01623217,0.37735844,0.09090909
4089,MOV,1.23,4089 MOV,1.0,9,0.01989089,0.43499971,0.11111111
4089,MOV,3.7,4089 MOV,0.0,11,0.0,0.25883297,0.0
4089,MOV,11.1,4089 MOV,0.0,11,0.0,0.25883297,0.0
4089,MOV,33.3,4089 MOV,1.0,13,0.01371042,0.33313951,0.07692308
4089,MOV,100.0,4089 MOV,0.0,2,0.0,0.65761977,0.0
409,AUC,0.0,409 AUC,3.0,29,0.03581489,0.26385081,0.10344828
409,AUC,3.125,409 AUC,2.0,31,0.01787478,0.20718637,0.06451613
409,AUC,6.25,409 AUC,0.0,25,0.0,0.13319225,0.0
409,AUC,12.5,409 AUC,1.0,30,0.00590859,0.16670391,0.03333333
409,AUC,25.0,409 AUC,1.0,30,0.00590859,0.16670391,0.03333333
409,AUC,50.0,409 AUC,3.0,19,0.05520472,0.37565475,0.15789474
409,MOV,0.0,409 MOV,1.0,29,0.00611321,0.17175522,0.03448276
409,MOV,3.125,409 MOV,6.0,31,0.09187008,0.36280258,0.19354839
409,MOV,6.25,409 MOV,6.0,25,0.11496314,0.43429683,0.24
409,MOV,12.5,409 MOV,6.0,30,0.09505107,0.37305696,0.2
409,MOV,25.0,409 MOV,3.0,30,0.03459989,0.25621083,0.1
409,MOV,50.0,409 MOV,1.0,19,0.00935199,0.24638731,0.05263158
4090,AUC,0.0,4090 AUC,3.0,26,0.04003245,0.28975903,0.11538462
4090,AUC,0.005,4090 AUC,1.0,7,0.02567962,0.51312783,0.14285714
4090,AUC,0.015,4090 AUC,1.0,13,0.01371042,0.33313951,0.07692308
4090,AUC,0.046,4090 AUC,3.0,13,0.08179529,0.50256376,0.23076923
4090,AUC,0.14,4090 AUC,3.0,14,0.07571387,0.47589231,0.21428571
4090,AUC,0.41,4090 AUC,5.0,13,0.17709708,0.64477108,0.38461538
4090,AUC,1.23,4090 AUC,1.0,14,0.01272222,0.31468704,0.07142857
4090,AUC,3.7,4090 AUC,5.0,12,0.19326031,0.68048869,0.41666667
4090,AUC,11.1,4090 AUC,9.0,13,0.42369343,0.87319296,0.69230769
4090,AUC,33.3,4090 AUC,1.0,1,0.20654931,1.0,1.0
4090,MOV,0.0,4090 MOV,0.0,26,0.0,0.12872892,0.0
4090,MOV,0.005,4090 MOV,0.0,7,0.0,0.35433044,0.0
4090,MOV,0.015,4090 MOV,1.0,13,0.01371042,0.33313951,0.07692308
4090,MOV,0.046,4090 MOV,0.0,13,0.0,0.22809537,0.0
4090,MOV,0.14,4090 MOV,1.0,14,0.01272222,0.31468704,0.07142857
4090,MOV,0.41,4090 MOV,0.0,13,0.0,0.22809537,0.0
4090,MOV,1.23,4090 MOV,1.0,14,0.01272222,0.31468704,0.07142857
4090,MOV,3.7,4090 MOV,2.0,12,0.04696514,0.44803086,0.16666667
4090,MOV,11.1,4090 MOV,0.0,13,0.0,0.22809537,0.0
4090,MOV,33.3,4090 MOV,1.0,1,0.20654931,1.0,1.0
4091,AUC,0.0,4091 AUC,0.0,14,0.0,0.2153108,0.0
4091,AUC,100.0,4091 AUC,0.0,12,0.0,0.24249401,0.0
4091,MOV,0.0,4091 MOV,0.0,14,0.0,0.2153108,0.0
4091,MOV,100.0,4091 MOV,1.0,12,0.01486509,0.35387991,0.08333333
4092,AUC,0.0,4092 AUC,0.0,14,0.0,0.2153108,0.0
4092,AUC,100.0,4092 AUC,7.0,16,0.23098652,0.66821444,0.4375
4092,MOV,0.0,4092 MOV,0.0,14,0.0,0.2153108,0.0
4092,MOV,100.0,4092 MOV,0.0,16,0.0,0.19360768,0.0
4093,AUC,0.0,4093 AUC,3.0,27,0.03852035,0.28057801,0.11111111
4093,AUC,0.005,4093 AUC,1.0,13,0.01371042,0.33313951,0.07692308
4093,AUC,0.015,4093 AUC,2.0,11,0.05136769,0.47698056,0.18181818
4093,AUC,0.046,4093 AUC,4.0,14,0.11721379,0.54649084,0.28571429
4093,AUC,0.14,4093 AUC,2.0,12,0.04696514,0.44803086,0.16666667
4093,AUC,0.41,4093 AUC,2.0,11,0.05136769,0.47698056,0.18181818
4093,AUC,1.23,4093 AUC,1.0,12,0.01486509,0.35387991,0.08333333
4093,AUC,3.7,4093 AUC,0.0,13,0.0,0.22809537,0.0
4093,AUC,11.1,4093 AUC,1.0,13,0.01371042,0.33313951,0.07692308
4093,AUC,33.3,4093 AUC,2.0,14,0.04009392,0.39941379,0.14285714
4093,AUC,100.0,4093 AUC,0.0,14,0.0,0.2153108,0.0
4093,MOV,0.0,4093 MOV,0.0,27,0.0,0.12455503,0.0
4093,MOV,0.005,4093 MOV,2.0,13,0.04325818,0.42234631,0.15384615
4093,MOV,0.015,4093 MOV,1.0,11,0.01623217,0.37735844,0.09090909
4093,MOV,0.046,4093 MOV,0.0,14,0.0,0.2153108,0.0
4093,MOV,0.14,4093 MOV,0.0,12,0.0,0.24249401,0.0
4093,MOV,0.41,4093 MOV,1.0,11,0.01623217,0.37735844,0.09090909
4093,MOV,1.23,4093 MOV,0.0,12,0.0,0.24249401,0.0
4093,MOV,3.7,4093 MOV,0.0,13,0.0,0.22809537,0.0
4093,MOV,11.1,4093 MOV,0.0,13,0.0,0.22809537,0.0
4093,MOV,33.3,4093 MOV,0.0,14,0.0,0.2153108,0.0
4093,MOV,100.0,4093 MOV,2.0,14,0.04009392,0.39941379,0.14285714
4094,AUC,0.0,4094 AUC,0.0,14,0.0,0.2153108,0.0
4094,AUC,100.0,4094 AUC,0.0,16,0.0,0.19360768,0.0
4094,MOV,0.0,4094 MOV,0.0,14,0.0,0.2153108,0.0
4094,MOV,100.0,4094 MOV,0.0,16,0.0,0.19360768,0.0
4095,AUC,0.0,4095 AUC,2.0,25,0.0222204,0.24966109,0.08
4095,AUC,0.005,4095 AUC,1.0,13,0.01371042,0.33313951,0.07692308
4095,AUC,0.015,4095 AUC,1.0,13,0.01371042,0.33313951,0.07692308
4095,AUC,0.046,4095 AUC,4.0,11,0.15166471,0.64619883,0.36363636
4095,AUC,0.14,4095 AUC,4.0,13,0.12680704,0.57630657,0.30769231
4095,AUC,0.41,4095 AUC,1.0,12,0.01486509,0.35387991,0.08333333
4095,AUC,1.23,4095 AUC,0.0,13,0.0,0.22809537,0.0
4095,MOV,0.0,4095 MOV,1.0,25,0.00709623,0.19544064,0.04
4095,MOV,0.005,4095 MOV,2.0,13,0.04325818,0.42234631,0.15384615
4095,MOV,0.015,4095 MOV,4.0,13,0.12680704,0.57630657,0.30769231
4095,MOV,0.046,4095 MOV,1.0,11,0.01623217,0.37735844,0.09090909
4095,MOV,0.14,4095 MOV,2.0,13,0.04325818,0.42234631,0.15384615
4095,MOV,0.41,4095 MOV,0.0,12,0.0,0.24249401,0.0
4095,MOV,1.23,4095 MOV,2.0,13,0.04325818,0.42234631,0.15384615
4096,AUC,0.0,4096 AUC,16.0,32,0.33630883,0.66369117,0.5
4096,AUC,1.23,4096 AUC,4.0,14,0.11721379,0.54649084,0.28571429
4096,AUC,3.7,4096 AUC,1.0,4,0.04558726,0.69935816,0.25
4096,MOV,0.0,4096 MOV,2.0,32,0.01731057,0.20147123,0.0625
4096,MOV,1.23,4096 MOV,0.0,14,0.0,0.2153108,0.0
4096,MOV,3.7,4096 MOV,0.0,4,0.0,0.48989084,0.0
4097,AUC,0.0,4097 AUC,3.0,13,0.08179529,0.50256376,0.23076923
4097,AUC,0.005,4097 AUC,0.0,7,0.0,0.35433044,0.0
4097,AUC,0.015,4097 AUC,0.0,6,0.0,0.39033429,0.0
4097,AUC,0.046,4097 AUC,0.0,6,0.0,0.39033429,0.0
4097,AUC,0.14,4097 AUC,1.0,7,0.02567962,0.51312783,0.14285714
4097,AUC,0.41,4097 AUC,0.0,6,0.0,0.39033429,0.0
4097,AUC,1.23,4097 AUC,0.0,7,0.0,0.35433044,0.0
4097,AUC,3.7,4097 AUC,1.0,6,0.03005337,0.56350282,0.16666667
4097,MOV,0.0,4097 MOV,1.0,13,0.01371042,0.33313951,0.07692308
4097,MOV,0.005,4097 MOV,1.0,7,0.02567962,0.51312783,0.14285714
4097,MOV,0.015,4097 MOV,2.0,6,0.09677141,0.70000668,0.33333333
4097,MOV,0.046,4097 MOV,2.0,6,0.09677141,0.70000668,0.33333333
4097,MOV,0.14,4097 MOV,1.0,7,0.02567962,0.51312783,0.14285714
4097,MOV,0.41,4097 MOV,0.0,6,0.0,0.39033429,0.0
4097,MOV,1.23,4097 MOV,1.0,7,0.02567962,0.51312783,0.14285714
4097,MOV,3.7,4097 MOV,3.0,6,0.18761631,0.81238369,0.5
4098,AUC,0.0,4098 AUC,3.0,26,0.04003245,0.28975903,0.11538462
4098,AUC,0.005,4098 AUC,1.0,11,0.01623217,0.37735844,0.09090909
4098,AUC,0.015,4098 AUC,1.0,13,0.01371042,0.33313951,0.07692308
4098,AUC,0.046,4098 AUC,1.0,12,0.01486509,0.35387991,0.08333333
4098,AUC,0.14,4098 AUC,0.0,12,0.0,0.24249401,0.0
4098,AUC,0.41,4098 AUC,1.0,13,0.01371042,0.33313951,0.07692308
4098,AUC,1.23,4098 AUC,0.0,10,0.0,0.2775328,0.0
4098,AUC,3.7,4098 AUC,0.0,12,0.0,0.24249401,0.0
4098,AUC,11.1,4098 AUC,1.0,13,0.01371042,0.33313951,0.07692308
4098,AUC,33.3,4098 AUC,0.0,13,0.0,0.22809537,0.0
4098,AUC,100.0,4098 AUC,2.0,12,0.04696514,0.44803086,0.16666667
4098,MOV,0.0,4098 MOV,0.0,26,0.0,0.12872892,0.0
4098,MOV,0.005,4098 MOV,1.0,11,0.01623217,0.37735844,0.09090909
4098,MOV,0.015,4098 MOV,0.0,13,0.0,0.22809537,0.0
4098,MOV,0.046,4098 MOV,0.0,12,0.0,0.24249401,0.0
4098,MOV,0.14,4098 MOV,0.0,12,0.0,0.24249401,0.0
4098,MOV,0.41,4098 MOV,0.0,13,0.0,0.22809537,0.0
4098,MOV,1.23,4098 MOV,2.0,10,0.05668215,0.50983753,0.2
4098,MOV,3.7,4098 MOV,0.0,12,0.0,0.24249401,0.0
4098,MOV,11.1,4098 MOV,1.0,13,0.01371042,0.33313951,0.07692308
4098,MOV,33.3,4098 MOV,0.0,13,0.0,0.22809537,0.0
4098,MOV,100.0,4098 MOV,0.0,12,0.0,0.24249401,0.0
4099,AUC,0.0,4099 AUC,1.0,25,0.00709623,0.19544064,0.04
4099,AUC,0.005,4099 AUC,1.0,12,0.01486509,0.35387991,0.08333333
4099,AUC,0.015,4099 AUC,1.0,11,0.01623217,0.37735844,0.09090909
4099,AUC,0.046,4099 AUC,1.0,13,0.01371042,0.33313951,0.07692308
4099,AUC,0.14,4099 AUC,0.0,13,0.0,0.22809537,0.0
4099,AUC,0.41,4099 AUC,1.0,13,0.01371042,0.33313951,0.07692308
4099,AUC,1.23,4099 AUC,1.0,11,0.01623217,0.37735844,0.09090909
4099,AUC,3.7,4099 AUC,1.0,13,0.01371042,0.33313951,0.07692308
4099,AUC,11.1,4099 AUC,1.0,14,0.01272222,0.31468704,0.07142857
4099,AUC,33.3,4099 AUC,1.0,12,0.01486509,0.35387991,0.08333333
4099,MOV,0.0,4099 MOV,0.0,25,0.0,0.13319225,0.0
4099,MOV,0.005,4099 MOV,2.0,12,0.04696514,0.44803086,0.16666667
4099,MOV,0.015,4099 MOV,4.0,11,0.15166471,0.64619883,0.36363636
4099,MOV,0.046,4099 MOV,1.0,13,0.01371042,0.33313951,0.07692308
4099,MOV,0.14,4099 MOV,2.0,13,0.04325818,0.42234631,0.15384615
4099,MOV,0.41,4099 MOV,3.0,13,0.08179529,0.50256376,0.23076923
4099,MOV,1.23,4099 MOV,1.0,11,0.01623217,0.37735844,0.09090909
4099,MOV,3.7,4099 MOV,1.0,13,0.01371042,0.33313951,0.07692308
4099,MOV,11.1,4099 MOV,4.0,14,0.11721379,0.54649084,0.28571429
4099,MOV,33.3,4099 MOV,3.0,12,0.08894167,0.53230533,0.25
4100,AUC,0.0,4100 AUC,2.0,27,0.02055465,0.23369593,0.07407407
4100,AUC,0.005,4100 AUC,1.0,11,0.01623217,0.37735844,0.09090909
4100,AUC,0.015,4100 AUC,1.0,11,0.01623217,0.37735844,0.09090909
4100,AUC,0.046,4100 AUC,1.0,11,0.01623217,0.37735844,0.09090909
4100,AUC,0.14,4100 AUC,0.0,13,0.0,0.22809537,0.0
4100,AUC,0.41,4100 AUC,0.0,12,0.0,0.24249401,0.0
4100,AUC,1.23,4100 AUC,1.0,10,0.01787621,0.40415003,0.1
4100,AUC,3.7,4100 AUC,0.0,1,0.0,0.79345069,0.0
4100,MOV,0.0,4100 MOV,0.0,27,0.0,0.12455503,0.0
4100,MOV,0.005,4100 MOV,4.0,11,0.15166471,0.64619883,0.36363636
4100,MOV,0.015,4100 MOV,1.0,11,0.01623217,0.37735844,0.09090909
4100,MOV,0.046,4100 MOV,3.0,11,0.09746059,0.5656453,0.27272727
4100,MOV,0.14,4100 MOV,1.0,13,0.01371042,0.33313951,0.07692308
4100,MOV,0.41,4100 MOV,2.0,12,0.04696514,0.44803086,0.16666667
4100,MOV,1.23,4100 MOV,4.0,10,0.16818033,0.68732623,0.4
4100,MOV,3.7,4100 MOV,1.0,1,0.20654931,1.0,1.0
4101,AUC,0.0,4101 AUC,1.0,27,0.00656815,0.18283466,0.03703704
4101,AUC,0.005,4101 AUC,0.0,12,0.0,0.24249401,0.0
4101,AUC,0.015,4101 AUC,2.0,14,0.04009392,0.39941379,0.14285714
4101,AUC,0.046,4101 AUC,1.0,11,0.01623217,0.37735844,0.09090909
4101,AUC,0.14,4101 AUC,1.0,13,0.01371042,0.33313951,0.07692308
4101,AUC,0.41,4101 AUC,0.0,11,0.0,0.25883297,0.0
4101,AUC,1.23,4101 AUC,2.0,12,0.04696514,0.44803086,0.16666667
4101,AUC,3.7,4101 AUC,0.0,13,0.0,0.22809537,0.0
4101,AUC,11.1,4101 AUC,0.0,12,0.0,0.24249401,0.0
4101,AUC,33.3,4101 AUC,0.0,14,0.0,0.2153108,0.0
4101,AUC,100.0,4101 AUC,1.0,13,0.01371042,0.33313951,0.07692308
4101,MOV,0.0,4101 MOV,1.0,27,0.00656815,0.18283466,0.03703704
4101,MOV,0.005,4101 MOV,0.0,12,0.0,0.24249401,0.0
4101,MOV,0.015,4101 MOV,0.0,14,0.0,0.2153108,0.0
4101,MOV,0.046,4101 MOV,1.0,11,0.01623217,0.37735844,0.09090909
4101,MOV,0.14,4101 MOV,1.0,13,0.01371042,0.33313951,0.07692308
4101,MOV,0.41,4101 MOV,0.0,11,0.0,0.25883297,0.0
4101,MOV,1.23,4101 MOV,0.0,12,0.0,0.24249401,0.0
4101,MOV,3.7,4101 MOV,0.0,13,0.0,0.22809537,0.0
4101,MOV,11.1,4101 MOV,1.0,12,0.01486509,0.35387991,0.08333333
4101,MOV,33.3,4101 MOV,0.0,14,0.0,0.2153108,0.0
4101,MOV,100.0,4101 MOV,1.0,13,0.01371042,0.33313951,0.07692308
4102,AUC,0.0,4102 AUC,1.0,22,0.00806943,0.21798046,0.04545455
4102,AUC,3.7,4102 AUC,4.0,8,0.21521606,0.78478394,0.5
4102,AUC,11.1,4102 AUC,3.0,4,0.30064184,0.95441274,0.75
4102,MOV,0.0,4102 MOV,1.0,22,0.00806943,0.21798046,0.04545455
4102,MOV,3.7,4102 MOV,2.0,8,0.07147921,0.59072457,0.25
4102,MOV,11.1,4102 MOV,0.0,4,0.0,0.48989084,0.0
4103,AUC,0.0,4103 AUC,1.0,25,0.00709623,0.19544064,0.04
4103,AUC,0.005,4103 AUC,1.0,12,0.01486509,0.35387991,0.08333333
4103,AUC,0.015,4103 AUC,0.0,12,0.0,0.24249401,0.0
4103,AUC,0.046,4103 AUC,1.0,12,0.01486509,0.35387991,0.08333333
4103,AUC,0.14,4103 AUC,0.0,11,0.0,0.25883297,0.0
4103,AUC,0.41,4103 AUC,2.0,13,0.04325818,0.42234631,0.15384615
4103,AUC,1.23,4103 AUC,0.0,14,0.0,0.2153108,0.0
4103,AUC,3.7,4103 AUC,0.0,11,0.0,0.25883297,0.0
4103,AUC,11.1,4103 AUC,1.0,14,0.01272222,0.31468704,0.07142857
4103,AUC,33.3,4103 AUC,0.0,14,0.0,0.2153108,0.0
4103,AUC,100.0,4103 AUC,0.0,2,0.0,0.65761977,0.0
4103,MOV,0.0,4103 MOV,1.0,25,0.00709623,0.19544064,0.04
4103,MOV,0.005,4103 MOV,1.0,12,0.01486509,0.35387991,0.08333333
4103,MOV,0.015,4103 MOV,1.0,12,0.01486509,0.35387991,0.08333333
4103,MOV,0.046,4103 MOV,0.0,12,0.0,0.24249401,0.0
4103,MOV,0.14,4103 MOV,0.0,11,0.0,0.25883297,0.0
4103,MOV,0.41,4103 MOV,1.0,13,0.01371042,0.33313951,0.07692308
4103,MOV,1.23,4103 MOV,1.0,14,0.01272222,0.31468704,0.07142857
4103,MOV,3.7,4103 MOV,0.0,11,0.0,0.25883297,0.0
4103,MOV,11.1,4103 MOV,0.0,14,0.0,0.2153108,0.0
4103,MOV,33.3,4103 MOV,0.0,14,0.0,0.2153108,0.0
4103,MOV,100.0,4103 MOV,0.0,2,0.0,0.65761977,0.0
4104,AUC,0.0,4104 AUC,2.0,24,0.02315882,0.25848802,0.08333333
4104,AUC,0.005,4104 AUC,2.0,11,0.05136769,0.47698056,0.18181818
4104,AUC,0.015,4104 AUC,5.0,13,0.17709708,0.64477108,0.38461538
4104,AUC,0.046,4104 AUC,3.0,13,0.08179529,0.50256376,0.23076923
4104,AUC,0.14,4104 AUC,6.0,13,0.23206068,0.70856204,0.46153846
4104,AUC,0.41,4104 AUC,3.0,13,0.08179529,0.50256376,0.23076923
4104,AUC,1.23,4104 AUC,2.0,3,0.2076596,0.93850806,0.66666667
4104,AUC,3.7,4104 AUC,1.0,5,0.03622411,0.62446537,0.2
4104,AUC,11.1,4104 AUC,1.0,3,0.06149194,0.7923404,0.33333333
4104,AUC,33.3,4104 AUC,2.0,4,0.15003899,0.84996101,0.5
4104,AUC,100.0,4104 AUC,3.0,5,0.23072428,0.88237923,0.6
4104,MOV,0.0,4104 MOV,0.0,24,0.0,0.1379762,0.0
4104,MOV,0.005,4104 MOV,2.0,11,0.05136769,0.47698056,0.18181818
4104,MOV,0.015,4104 MOV,0.0,13,0.0,0.22809537,0.0
4104,MOV,0.046,4104 MOV,1.0,13,0.01371042,0.33313951,0.07692308
4104,MOV,0.14,4104 MOV,2.0,13,0.04325818,0.42234631,0.15384615
4104,MOV,0.41,4104 MOV,10.0,13,0.49743624,0.91820471,0.76923077
4104,MOV,1.23,4104 MOV,0.0,3,0.0,0.56149703,0.0
4104,MOV,3.7,4104 MOV,3.0,5,0.23072428,0.88237923,0.6
4104,MOV,11.1,4104 MOV,2.0,3,0.2076596,0.93850806,0.66666667
4104,MOV,33.3,4104 MOV,0.0,4,0.0,0.48989084,0.0
4104,MOV,100.0,4104 MOV,2.0,5,0.11762077,0.76927572,0.4
4105,AUC,0.0,4105 AUC,2.0,25,0.0222204,0.24966109,0.08
4105,AUC,0.005,4105 AUC,1.0,13,0.01371042,0.33313951,0.07692308
4105,AUC,0.015,4105 AUC,1.0,12,0.01486509,0.35387991,0.08333333
4105,AUC,0.046,4105 AUC,1.0,14,0.01272222,0.31468704,0.07142857
4105,AUC,0.14,4105 AUC,0.0,12,0.0,0.24249401,0.0
4105,AUC,0.41,4105 AUC,0.0,10,0.0,0.2775328,0.0
4105,AUC,1.23,4105 AUC,0.0,13,0.0,0.22809537,0.0
4105,AUC,3.7,4105 AUC,1.0,11,0.01623217,0.37735844,0.09090909
4105,AUC,11.1,4105 AUC,0.0,13,0.0,0.22809537,0.0
4105,AUC,33.3,4105 AUC,2.0,13,0.04325818,0.42234631,0.15384615
4105,AUC,100.0,4105 AUC,2.0,9,0.06322511,0.54741103,0.22222222
4105,MOV,0.0,4105 MOV,0.0,25,0.0,0.13319225,0.0
4105,MOV,0.005,4105 MOV,0.0,13,0.0,0.22809537,0.0
4105,MOV,0.015,4105 MOV,3.0,12,0.08894167,0.53230533,0.25
4105,MOV,0.046,4105 MOV,1.0,14,0.01272222,0.31468704,0.07142857
4105,MOV,0.14,4105 MOV,2.0,12,0.04696514,0.44803086,0.16666667
4105,MOV,0.41,4105 MOV,0.0,10,0.0,0.2775328,0.0
4105,MOV,1.23,4105 MOV,2.0,13,0.04325818,0.42234631,0.15384615
4105,MOV,3.7,4105 MOV,1.0,11,0.01623217,0.37735844,0.09090909
4105,MOV,11.1,4105 MOV,0.0,13,0.0,0.22809537,0.0
4105,MOV,33.3,4105 MOV,2.0,13,0.04325818,0.42234631,0.15384615
4105,MOV,100.0,4105 MOV,1.0,9,0.01989089,0.43499971,0.11111111
4106,AUC,0.0,4106 AUC,1.0,15,0.0118669,0.2981653,0.06666667
4106,AUC,100.0,4106 AUC,1.0,16,0.01111934,0.28328738,0.0625
4106,MOV,0.0,4106 MOV,0.0,15,0.0,0.2038833,0.0
4106,MOV,100.0,4106 MOV,2.0,16,0.03497749,0.36022827,0.125
4107,AUC,0.0,4107 AUC,3.0,28,0.03711837,0.27195852,0.10714286
4107,AUC,0.005,4107 AUC,2.0,14,0.04009392,0.39941379,0.14285714
4107,AUC,0.015,4107 AUC,3.0,11,0.09746059,0.5656453,0.27272727
4107,AUC,0.046,4107 AUC,2.0,14,0.04009392,0.39941379,0.14285714
4107,AUC,0.14,4107 AUC,1.0,12,0.01486509,0.35387991,0.08333333
4107,AUC,0.41,4107 AUC,5.0,12,0.19326031,0.68048869,0.41666667
4107,AUC,1.23,4107 AUC,0.0,12,0.0,0.24249401,0.0
4107,AUC,3.7,4107 AUC,4.0,11,0.15166471,0.64619883,0.36363636
4107,AUC,11.1,4107 AUC,4.0,9,0.18877852,0.73334871,0.44444444
4107,AUC,33.3,4107 AUC,2.0,2,0.34238023,1.0,1.0
4107,AUC,100.0,4107 AUC,1.0,2,0.09453121,0.90546879,0.5
4107,MOV,0.0,4107 MOV,1.0,28,0.00633252,0.17712198,0.03571429
4107,MOV,0.005,4107 MOV,3.0,14,0.07571387,0.47589231,0.21428571
4107,MOV,0.015,4107 MOV,3.0,11,0.09746059,0.5656453,0.27272727
4107,MOV,0.046,4107 MOV,4.0,14,0.11721379,0.54649084,0.28571429
4107,MOV,0.14,4107 MOV,3.0,12,0.08894167,0.53230533,0.25
4107,MOV,0.41,4107 MOV,3.0,12,0.08894167,0.53230533,0.25
4107,MOV,1.23,4107 MOV,2.0,12,0.04696514,0.44803086,0.16666667
4107,MOV,3.7,4107 MOV,2.0,11,0.05136769,0.47698056,0.18181818
4107,MOV,11.1,4107 MOV,4.0,9,0.18877852,0.73334871,0.44444444
4107,MOV,33.3,4107 MOV,0.0,2,0.0,0.65761977,0.0
4107,MOV,100.0,4107 MOV,2.0,2,0.34238023,1.0,1.0
4109,AUC,0.0,4109 AUC,1.0,28,0.00633252,0.17712198,0.03571429
4109,AUC,0.005,4109 AUC,1.0,12,0.01486509,0.35387991,0.08333333
4109,AUC,0.015,4109 AUC,5.0,14,0.16344732,0.61235577,0.35714286
4109,AUC,0.046,4109 AUC,3.0,13,0.08179529,0.50256376,0.23076923
4109,AUC,0.14,4109 AUC,2.0,13,0.04325818,0.42234631,0.15384615
4109,AUC,0.41,4109 AUC,5.0,11,0.21271272,0.71990846,0.45454545
4109,AUC,1.23,4109 AUC,1.0,13,0.01371042,0.33313951,0.07692308
4109,AUC,3.7,4109 AUC,2.0,12,0.04696514,0.44803086,0.16666667
4109,AUC,11.1,4109 AUC,4.0,13,0.12680704,0.57630657,0.30769231
4109,AUC,33.3,4109 AUC,1.0,14,0.01272222,0.31468704,0.07142857
4109,AUC,100.0,4109 AUC,1.0,14,0.01272222,0.31468704,0.07142857
4109,MOV,0.0,4109 MOV,0.0,28,0.0,0.1206433,0.0
4109,MOV,0.005,4109 MOV,3.0,12,0.08894167,0.53230533,0.25
4109,MOV,0.015,4109 MOV,1.0,14,0.01272222,0.31468704,0.07142857
4109,MOV,0.046,4109 MOV,1.0,13,0.01371042,0.33313951,0.07692308
4109,MOV,0.14,4109 MOV,1.0,13,0.01371042,0.33313951,0.07692308
4109,MOV,0.41,4109 MOV,2.0,11,0.05136769,0.47698056,0.18181818
4109,MOV,1.23,4109 MOV,1.0,13,0.01371042,0.33313951,0.07692308
4109,MOV,3.7,4109 MOV,2.0,12,0.04696514,0.44803086,0.16666667
4109,MOV,11.1,4109 MOV,6.0,13,0.23206068,0.70856204,0.46153846
4109,MOV,33.3,4109 MOV,3.0,14,0.07571387,0.47589231,0.21428571
4109,MOV,100.0,4109 MOV,0.0,14,0.0,0.2153108,0.0
4111,AUC,0.0,4111 AUC,2.0,24,0.02315882,0.25848802,0.08333333
4111,AUC,0.005,4111 AUC,1.0,12,0.01486509,0.35387991,0.08333333
4111,AUC,0.015,4111 AUC,3.0,13,0.08179529,0.50256376,0.23076923
4111,AUC,0.046,4111 AUC,1.0,12,0.01486509,0.35387991,0.08333333
4111,AUC,0.14,4111 AUC,2.0,10,0.05668215,0.50983753,0.2
4111,AUC,0.41,4111 AUC,1.0,10,0.01787621,0.40415003,0.1
4111,AUC,1.23,4111 AUC,0.0,3,0.0,0.56149703,0.0
4111,MOV,0.0,4111 MOV,1.0,24,0.00739346,0.20241806,0.04166667
4111,MOV,0.005,4111 MOV,0.0,12,0.0,0.24249401,0.0
4111,MOV,0.015,4111 MOV,0.0,13,0.0,0.22809537,0.0
4111,MOV,0.046,4111 MOV,1.0,12,0.01486509,0.35387991,0.08333333
4111,MOV,0.14,4111 MOV,0.0,10,0.0,0.2775328,0.0
4111,MOV,0.41,4111 MOV,0.0,10,0.0,0.2775328,0.0
4111,MOV,1.23,4111 MOV,0.0,3,0.0,0.56149703,0.0
4112,AUC,0.0,4112 AUC,5.0,15,0.15176324,0.58286452,0.33333333
4112,AUC,100.0,4112 AUC,4.0,16,0.10182067,0.49498317,0.25
4112,MOV,0.0,4112 MOV,2.0,15,0.03736126,0.37881983,0.13333333
4112,MOV,100.0,4112 MOV,1.0,16,0.01111934,0.28328738,0.0625
4113,AUC,0.0,4113 AUC,5.0,15,0.15176324,0.58286452,0.33333333
4113,AUC,100.0,4113 AUC,1.0,16,0.01111934,0.28328738,0.0625
4113,MOV,0.0,4113 MOV,2.0,15,0.03736126,0.37881983,0.13333333
4113,MOV,100.0,4113 MOV,5.0,16,0.14164644,0.55595644,0.3125
4114,AUC,0.0,4114 AUC,5.0,15,0.15176324,0.58286452,0.33333333
4114,AUC,100.0,4114 AUC,4.0,15,0.10897453,0.51950434,0.26666667
4114,MOV,0.0,4114 MOV,2.0,15,0.03736126,0.37881983,0.13333333
4114,MOV,100.0,4114 MOV,3.0,15,0.07047549,0.45185449,0.2
4115,AUC,0.0,4115 AUC,0.0,26,0.0,0.12872892,0.0
4115,AUC,0.005,4115 AUC,1.0,12,0.01486509,0.35387991,0.08333333
4115,AUC,0.015,4115 AUC,0.0,11,0.0,0.25883297,0.0
4115,AUC,0.046,4115 AUC,2.0,9,0.06322511,0.54741103,0.22222222
4115,AUC,0.14,4115 AUC,0.0,10,0.0,0.2775328,0.0
4115,AUC,0.41,4115 AUC,1.0,13,0.01371042,0.33313951,0.07692308
4115,AUC,1.23,4115 AUC,0.0,10,0.0,0.2775328,0.0
4115,AUC,3.7,4115 AUC,2.0,12,0.04696514,0.44803086,0.16666667
4115,AUC,11.1,4115 AUC,2.0,14,0.04009392,0.39941379,0.14285714
4115,AUC,33.3,4115 AUC,3.0,12,0.08894167,0.53230533,0.25
4115,MOV,0.0,4115 MOV,0.0,26,0.0,0.12872892,0.0
4115,MOV,0.005,4115 MOV,1.0,12,0.01486509,0.35387991,0.08333333
4115,MOV,0.015,4115 MOV,2.0,11,0.05136769,0.47698056,0.18181818
4115,MOV,0.046,4115 MOV,0.0,9,0.0,0.29914505,0.0
4115,MOV,0.14,4115 MOV,0.0,10,0.0,0.2775328,0.0
4115,MOV,0.41,4115 MOV,1.0,13,0.01371042,0.33313951,0.07692308
4115,MOV,1.23,4115 MOV,0.0,10,0.0,0.2775328,0.0
4115,MOV,3.7,4115 MOV,2.0,12,0.04696514,0.44803086,0.16666667
4115,MOV,11.1,4115 MOV,0.0,14,0.0,0.2153108,0.0
4115,MOV,33.3,4115 MOV,1.0,12,0.01486509,0.35387991,0.08333333
4116,AUC,0.0,4116 AUC,2.0,23,0.02418,0.26795981,0.08695652
4116,AUC,0.005,4116 AUC,2.0,11,0.05136769,0.47698056,0.18181818
4116,AUC,0.015,4116 AUC,3.0,11,0.09746059,0.5656453,0.27272727
4116,AUC,0.046,4116 AUC,3.0,14,0.07571387,0.47589231,0.21428571
4116,AUC,0.14,4116 AUC,1.0,12,0.01486509,0.35387991,0.08333333
4116,AUC,0.41,4116 AUC,2.0,13,0.04325818,0.42234631,0.15384615
4116,AUC,1.23,4116 AUC,4.0,14,0.11721379,0.54649084,0.28571429
4116,AUC,3.7,4116 AUC,0.0,12,0.0,0.24249401,0.0
4116,MOV,0.0,4116 MOV,0.0,23,0.0,0.14311662,0.0
4116,MOV,0.005,4116 MOV,0.0,11,0.0,0.25883297,0.0
4116,MOV,0.015,4116 MOV,2.0,11,0.05136769,0.47698056,0.18181818
4116,MOV,0.046,4116 MOV,1.0,14,0.01272222,0.31468704,0.07142857
4116,MOV,0.14,4116 MOV,1.0,12,0.01486509,0.35387991,0.08333333
4116,MOV,0.41,4116 MOV,1.0,13,0.01371042,0.33313951,0.07692308
4116,MOV,1.23,4116 MOV,1.0,14,0.01272222,0.31468704,0.07142857
4116,MOV,3.7,4116 MOV,0.0,12,0.0,0.24249401,0.0
4117,AUC,0.0,4117 AUC,5.0,22,0.1012304,0.43439953,0.22727273
4117,AUC,0.005,4117 AUC,1.0,8,0.02241749,0.47088818,0.125
4117,AUC,0.015,4117 AUC,2.0,8,0.07147921,0.59072457,0.25
4117,AUC,0.046,4117 AUC,3.0,5,0.23072428,0.88237923,0.6
4117,AUC,0.14,4117 AUC,1.0,3,0.06149194,0.7923404,0.33333333
4117,AUC,0.41,4117 AUC,1.0,2,0.09453121,0.90546879,0.5
4117,AUC,1.23,4117 AUC,0.0,2,0.0,0.65761977,0.0
4117,AUC,3.7,4117 AUC,0.0,2,0.0,0.65761977,0.0
4117,AUC,11.1,4117 AUC,5.0,8,0.30574239,0.86315571,0.625
4117,AUC,33.3,4117 AUC,6.0,10,0.31267377,0.83181967,0.6
4117,AUC,100.0,4117 AUC,0.0,2,0.0,0.65761977,0.0
4117,MOV,0.0,4117 MOV,0.0,22,0.0,0.14865487,0.0
4117,MOV,0.005,4117 MOV,0.0,8,0.0,0.32440756,0.0
4117,MOV,0.015,4117 MOV,2.0,8,0.07147921,0.59072457,0.25
4117,MOV,0.046,4117 MOV,1.0,5,0.03622411,0.62446537,0.2
4117,MOV,0.14,4117 MOV,1.0,3,0.06149194,0.7923404,0.33333333
4117,MOV,0.41,4117 MOV,0.0,2,0.0,0.65761977,0.0
4117,MOV,1.23,4117 MOV,0.0,2,0.0,0.65761977,0.0
4117,MOV,3.7,4117 MOV,1.0,2,0.09453121,0.90546879,0.5
4117,MOV,11.1,4117 MOV,1.0,8,0.02241749,0.47088818,0.125
4117,MOV,33.3,4117 MOV,6.0,10,0.31267377,0.83181967,0.6
4117,MOV,100.0,4117 MOV,0.0,2,0.0,0.65761977,0.0
4119,AUC,0.0,4119 AUC,1.0,24,0.00739346,0.20241806,0.04166667
4119,AUC,0.005,4119 AUC,2.0,8,0.07147921,0.59072457,0.25
4119,AUC,0.015,4119 AUC,4.0,11,0.15166471,0.64619883,0.36363636
4119,AUC,0.046,4119 AUC,0.0,8,0.0,0.32440756,0.0
4119,AUC,0.14,4119 AUC,2.0,12,0.04696514,0.44803086,0.16666667
4119,AUC,0.41,4119 AUC,1.0,9,0.01989089,0.43499971,0.11111111
4119,AUC,1.23,4119 AUC,2.0,10,0.05668215,0.50983753,0.2
4119,AUC,3.7,4119 AUC,3.0,11,0.09746059,0.5656453,0.27272727
4119,AUC,11.1,4119 AUC,1.0,12,0.01486509,0.35387991,0.08333333
4119,AUC,33.3,4119 AUC,1.0,14,0.01272222,0.31468704,0.07142857
4119,AUC,100.0,4119 AUC,3.0,13,0.08179529,0.50256376,0.23076923
4119,MOV,0.0,4119 MOV,0.0,24,0.0,0.1379762,0.0
4119,MOV,0.005,4119 MOV,0.0,8,0.0,0.32440756,0.0
4119,MOV,0.015,4119 MOV,0.0,11,0.0,0.25883297,0.0
4119,MOV,0.046,4119 MOV,0.0,8,0.0,0.32440756,0.0
4119,MOV,0.14,4119 MOV,0.0,12,0.0,0.24249401,0.0
4119,MOV,0.41,4119 MOV,0.0,9,0.0,0.29914505,0.0
4119,MOV,1.23,4119 MOV,0.0,10,0.0,0.2775328,0.0
4119,MOV,3.7,4119 MOV,0.0,11,0.0,0.25883297,0.0
4119,MOV,11.1,4119 MOV,0.0,12,0.0,0.24249401,0.0
4119,MOV,33.3,4119 MOV,0.0,14,0.0,0.2153108,0.0
4119,MOV,100.0,4119 MOV,0.0,13,0.0,0.22809537,0.0
4120,AUC,0.0,4120 AUC,2.0,14,0.04009392,0.39941379,0.14285714
4120,AUC,100.0,4120 AUC,3.0,13,0.08179529,0.50256376,0.23076923
4120,MOV,0.0,4120 MOV,1.0,14,0.01272222,0.31468704,0.07142857
4120,MOV,100.0,4120 MOV,1.0,13,0.01371042,0.33313951,0.07692308
4121,AUC,0.0,4121 AUC,5.0,26,0.08507061,0.37876257,0.19230769
4121,AUC,0.005,4121 AUC,0.0,14,0.0,0.2153108,0.0
4121,AUC,0.015,4121 AUC,1.0,12,0.01486509,0.35387991,0.08333333
4121,AUC,0.046,4121 AUC,1.0,13,0.01371042,0.33313951,0.07692308
4121,AUC,0.14,4121 AUC,2.0,13,0.04325818,0.42234631,0.15384615
4121,AUC,0.41,4121 AUC,0.0,11,0.0,0.25883297,0.0
4121,AUC,1.23,4121 AUC,2.0,12,0.04696514,0.44803086,0.16666667
4121,AUC,3.7,4121 AUC,4.0,13,0.12680704,0.57630657,0.30769231
4121,AUC,11.1,4121 AUC,2.0,14,0.04009392,0.39941379,0.14285714
4121,AUC,33.3,4121 AUC,3.0,6,0.18761631,0.81238369,0.5
4121,MOV,0.0,4121 MOV,1.0,26,0.00682198,0.18892779,0.03846154
4121,MOV,0.005,4121 MOV,0.0,14,0.0,0.2153108,0.0
4121,MOV,0.015,4121 MOV,2.0,12,0.04696514,0.44803086,0.16666667
4121,MOV,0.046,4121 MOV,1.0,13,0.01371042,0.33313951,0.07692308
4121,MOV,0.14,4121 MOV,1.0,13,0.01371042,0.33313951,0.07692308
4121,MOV,0.41,4121 MOV,0.0,11,0.0,0.25883297,0.0
4121,MOV,1.23,4121 MOV,2.0,12,0.04696514,0.44803086,0.16666667
4121,MOV,3.7,4121 MOV,1.0,13,0.01371042,0.33313951,0.07692308
4121,MOV,11.1,4121 MOV,0.0,14,0.0,0.2153108,0.0
4121,MOV,33.3,4121 MOV,1.0,6,0.03005337,0.56350282,0.16666667
4122,AUC,0.0,4122 AUC,2.0,14,0.04009392,0.39941379,0.14285714
4122,AUC,100.0,4122 AUC,3.0,13,0.08179529,0.50256376,0.23076923
4122,MOV,0.0,4122 MOV,1.0,14,0.01272222,0.31468704,0.07142857
4122,MOV,100.0,4122 MOV,2.0,13,0.04325818,0.42234631,0.15384615
4123,AUC,0.0,4123 AUC,2.0,14,0.04009392,0.39941379,0.14285714
4123,AUC,100.0,4123 AUC,2.0,15,0.03736126,0.37881983,0.13333333
4123,MOV,0.0,4123 MOV,1.0,14,0.01272222,0.31468704,0.07142857
4123,MOV,100.0,4123 MOV,2.0,15,0.03736126,0.37881983,0.13333333
4124,AUC,0.0,4124 AUC,2.0,14,0.04009392,0.39941379,0.14285714
4124,AUC,100.0,4124 AUC,3.0,14,0.07571387,0.47589231,0.21428571
4124,MOV,0.0,4124 MOV,1.0,14,0.01272222,0.31468704,0.07142857
4124,MOV,100.0,4124 MOV,0.0,14,0.0,0.2153108,0.0
4125,AUC,0.0,4125 AUC,1.0,15,0.0118669,0.2981653,0.06666667
4125,AUC,100.0,4125 AUC,2.0,15,0.03736126,0.37881983,0.13333333
4125,MOV,0.0,4125 MOV,2.0,15,0.03736126,0.37881983,0.13333333
4125,MOV,100.0,4125 MOV,1.0,15,0.0118669,0.2981653,0.06666667
4126,AUC,0.0,4126 AUC,1.0,15,0.0118669,0.2981653,0.06666667
4126,AUC,100.0,4126 AUC,0.0,13,0.0,0.22809537,0.0
4126,MOV,0.0,4126 MOV,2.0,15,0.03736126,0.37881983,0.13333333
4126,MOV,100.0,4126 MOV,0.0,13,0.0,0.22809537,0.0
4127,AUC,0.0,4127 AUC,1.0,15,0.0118669,0.2981653,0.06666667
4127,AUC,100.0,4127 AUC,1.0,15,0.0118669,0.2981653,0.06666667
4127,MOV,0.0,4127 MOV,2.0,15,0.03736126,0.37881983,0.13333333
4127,MOV,100.0,4127 MOV,2.0,15,0.03736126,0.37881983,0.13333333
4128,AUC,0.0,4128 AUC,1.0,15,0.0118669,0.2981653,0.06666667
4128,AUC,100.0,4128 AUC,2.0,14,0.04009392,0.39941379,0.14285714
4128,MOV,0.0,4128 MOV,2.0,15,0.03736126,0.37881983,0.13333333
4128,MOV,100.0,4128 MOV,3.0,14,0.07571387,0.47589231,0.21428571
4129,AUC,0.0,4129 AUC,1.0,15,0.0118669,0.2981653,0.06666667
4129,AUC,100.0,4129 AUC,2.0,13,0.04325818,0.42234631,0.15384615
4129,MOV,0.0,4129 MOV,2.0,15,0.03736126,0.37881983,0.13333333
4129,MOV,100.0,4129 MOV,3.0,13,0.08179529,0.50256376,0.23076923
4130,AUC,0.0,4130 AUC,1.0,12,0.01486509,0.35387991,0.08333333
4130,AUC,100.0,4130 AUC,5.0,14,0.16344732,0.61235577,0.35714286
4130,MOV,0.0,4130 MOV,1.0,12,0.01486509,0.35387991,0.08333333
4130,MOV,100.0,4130 MOV,3.0,14,0.07571387,0.47589231,0.21428571
4131,AUC,0.0,4131 AUC,2.0,30,0.01847702,0.21323458,0.06666667
4131,AUC,3.7,4131 AUC,0.0,13,0.0,0.22809537,0.0
4131,AUC,11.1,4131 AUC,4.0,13,0.12680704,0.57630657,0.30769231
4131,AUC,33.3,4131 AUC,1.0,15,0.0118669,0.2981653,0.06666667
4131,MOV,0.0,4131 MOV,1.0,30,0.00590859,0.16670391,0.03333333
4131,MOV,3.7,4131 MOV,0.0,13,0.0,0.22809537,0.0
4131,MOV,11.1,4131 MOV,1.0,13,0.01371042,0.33313951,0.07692308
4131,MOV,33.3,4131 MOV,1.0,15,0.0118669,0.2981653,0.06666667
4132,AUC,0.0,4132 AUC,5.0,30,0.07336542,0.33564351,0.16666667
4132,AUC,3.7,4132 AUC,3.0,14,0.07571387,0.47589231,0.21428571
4132,AUC,11.1,4132 AUC,3.0,14,0.07571387,0.47589231,0.21428571
4132,AUC,33.3,4132 AUC,0.0,2,0.0,0.65761977,0.0
4132,MOV,0.0,4132 MOV,2.0,30,0.01847702,0.21323458,0.06666667
4132,MOV,3.7,4132 MOV,1.0,14,0.01272222,0.31468704,0.07142857
4132,MOV,11.1,4132 MOV,3.0,14,0.07571387,0.47589231,0.21428571
4132,MOV,33.3,4132 MOV,1.0,2,0.09453121,0.90546879,0.5
4133,AUC,0.0,4133 AUC,9.0,14,0.38764423,0.83655268,0.64285714
4133,AUC,100.0,4133 AUC,4.0,13,0.12680704,0.57630657,0.30769231
4133,MOV,0.0,4133 MOV,3.0,14,0.07571387,0.47589231,0.21428571
4133,MOV,100.0,4133 MOV,1.0,13,0.01371042,0.33313951,0.07692308
4134,AUC,0.0,4134 AUC,9.0,14,0.38764423,0.83655268,0.64285714
4134,AUC,100.0,4134 AUC,7.0,15,0.24809535,0.6988302,0.46666667
4134,MOV,0.0,4134 MOV,3.0,14,0.07571387,0.47589231,0.21428571
4134,MOV,100.0,4134 MOV,1.0,15,0.0118669,0.2981653,0.06666667
4135,AUC,0.0,4135 AUC,9.0,14,0.38764423,0.83655268,0.64285714
4135,AUC,100.0,4135 AUC,14.0,16,0.63977173,0.96502251,0.875
4135,MOV,0.0,4135 MOV,3.0,14,0.07571387,0.47589231,0.21428571
4135,MOV,100.0,4135 MOV,1.0,16,0.01111934,0.28328738,0.0625
4136,AUC,0.0,4136 AUC,6.0,27,0.10607239,0.40756929,0.22222222
4136,AUC,0.005,4136 AUC,0.0,11,0.0,0.25883297,0.0
4136,AUC,0.015,4136 AUC,2.0,12,0.04696514,0.44803086,0.16666667
4136,AUC,0.046,4136 AUC,2.0,9,0.06322511,0.54741103,0.22222222
4136,AUC,0.14,4136 AUC,3.0,11,0.09746059,0.5656453,0.27272727
4136,AUC,0.41,4136 AUC,3.0,13,0.08179529,0.50256376,0.23076923
4136,AUC,1.23,4136 AUC,2.0,11,0.05136769,0.47698056,0.18181818
4136,AUC,3.7,4136 AUC,3.0,8,0.13684429,0.69425761,0.375
4136,AUC,11.1,4136 AUC,1.0,4,0.04558726,0.69935816,0.25
4136,MOV,0.0,4136 MOV,0.0,27,0.0,0.12455503,0.0
4136,MOV,0.005,4136 MOV,1.0,11,0.01623217,0.37735844,0.09090909
4136,MOV,0.015,4136 MOV,0.0,12,0.0,0.24249401,0.0
4136,MOV,0.046,4136 MOV,2.0,9,0.06322511,0.54741103,0.22222222
4136,MOV,0.14,4136 MOV,0.0,11,0.0,0.25883297,0.0
4136,MOV,0.41,4136 MOV,1.0,13,0.01371042,0.33313951,0.07692308
4136,MOV,1.23,4136 MOV,1.0,11,0.01623217,0.37735844,0.09090909
4136,MOV,3.7,4136 MOV,0.0,8,0.0,0.32440756,0.0
4136,MOV,11.1,4136 MOV,1.0,4,0.04558726,0.69935816,0.25
4137,AUC,0.0,4137 AUC,1.0,14,0.01272222,0.31468704,0.07142857
4137,AUC,100.0,4137 AUC,6.0,15,0.19824496,0.6425317,0.4
4137,MOV,0.0,4137 MOV,0.0,14,0.0,0.2153108,0.0
4137,MOV,100.0,4137 MOV,7.0,15,0.24809535,0.6988302,0.46666667
4138,AUC,0.0,4138 AUC,1.0,14,0.01272222,0.31468704,0.07142857
4138,AUC,100.0,4138 AUC,7.0,16,0.23098652,0.66821444,0.4375
4138,MOV,0.0,4138 MOV,0.0,14,0.0,0.2153108,0.0
4138,MOV,100.0,4138 MOV,2.0,16,0.03497749,0.36022827,0.125
4139,AUC,0.0,4139 AUC,0.0,27,0.0,0.12455503,0.0
4139,AUC,0.005,4139 AUC,1.0,13,0.01371042,0.33313951,0.07692308
4139,AUC,0.015,4139 AUC,4.0,14,0.11721379,0.54649084,0.28571429
4139,AUC,0.046,4139 AUC,5.0,13,0.17709708,0.64477108,0.38461538
4139,AUC,0.14,4139 AUC,3.0,12,0.08894167,0.53230533,0.25
4139,AUC,0.41,4139 AUC,2.0,14,0.04009392,0.39941379,0.14285714
4139,AUC,1.23,4139 AUC,1.0,12,0.01486509,0.35387991,0.08333333
4139,AUC,3.7,4139 AUC,2.0,12,0.04696514,0.44803086,0.16666667
4139,AUC,11.1,4139 AUC,4.0,11,0.15166471,0.64619883,0.36363636
4139,AUC,33.3,4139 AUC,0.0,1,0.0,0.79345069,0.0
4139,AUC,100.0,4139 AUC,0.0,1,0.0,0.79345069,0.0
4139,MOV,0.0,4139 MOV,0.0,27,0.0,0.12455503,0.0
4139,MOV,0.005,4139 MOV,0.0,13,0.0,0.22809537,0.0
4139,MOV,0.015,4139 MOV,1.0,14,0.01272222,0.31468704,0.07142857
4139,MOV,0.046,4139 MOV,0.0,13,0.0,0.22809537,0.0
4139,MOV,0.14,4139 MOV,0.0,12,0.0,0.24249401,0.0
4139,MOV,0.41,4139 MOV,1.0,14,0.01272222,0.31468704,0.07142857
4139,MOV,1.23,4139 MOV,1.0,12,0.01486509,0.35387991,0.08333333
4139,MOV,3.7,4139 MOV,0.0,12,0.0,0.24249401,0.0
4139,MOV,11.1,4139 MOV,1.0,11,0.01623217,0.37735844,0.09090909
4139,MOV,33.3,4139 MOV,1.0,1,0.20654931,1.0,1.0
4139,MOV,100.0,4139 MOV,0.0,1,0.0,0.79345069,0.0
4140,AUC,0.0,4140 AUC,1.0,14,0.01272222,0.31468704,0.07142857
4140,AUC,100.0,4140 AUC,4.0,14,0.11721379,0.54649084,0.28571429
4140,MOV,0.0,4140 MOV,0.0,14,0.0,0.2153108,0.0
4140,MOV,100.0,4140 MOV,5.0,14,0.16344732,0.61235577,0.35714286
4141,AUC,0.0,4141 AUC,6.0,23,0.12548616,0.46470005,0.26086957
4141,AUC,0.005,4141 AUC,3.0,13,0.08179529,0.50256376,0.23076923
4141,AUC,0.015,4141 AUC,4.0,14,0.11721379,0.54649084,0.28571429
4141,AUC,0.046,4141 AUC,7.0,14,0.26799202,0.73200798,0.5
4141,AUC,0.14,4141 AUC,5.0,13,0.17709708,0.64477108,0.38461538
4141,AUC,0.41,4141 AUC,3.0,13,0.08179529,0.50256376,0.23076923
4141,AUC,1.23,4141 AUC,3.0,7,0.15821986,0.74954164,0.42857143
4141,AUC,3.7,4141 AUC,2.0,9,0.06322511,0.54741103,0.22222222
4141,MOV,0.0,4141 MOV,0.0,23,0.0,0.14311662,0.0
4141,MOV,0.005,4141 MOV,0.0,13,0.0,0.22809537,0.0
4141,MOV,0.015,4141 MOV,0.0,14,0.0,0.2153108,0.0
4141,MOV,0.046,4141 MOV,1.0,14,0.01272222,0.31468704,0.07142857
4141,MOV,0.14,4141 MOV,2.0,13,0.04325818,0.42234631,0.15384615
4141,MOV,0.41,4141 MOV,1.0,13,0.01371042,0.33313951,0.07692308
4141,MOV,1.23,4141 MOV,1.0,7,0.02567962,0.51312783,0.14285714
4141,MOV,3.7,4141 MOV,0.0,9,0.0,0.29914505,0.0
4142,AUC,0.0,4142 AUC,3.0,24,0.04344334,0.31003881,0.125
4142,AUC,0.005,4142 AUC,2.0,12,0.04696514,0.44803086,0.16666667
4142,AUC,0.015,4142 AUC,4.0,12,0.13812009,0.60937791,0.33333333
4142,AUC,0.046,4142 AUC,0.0,9,0.0,0.29914505,0.0
4142,AUC,0.14,4142 AUC,3.0,14,0.07571387,0.47589231,0.21428571
4142,AUC,0.41,4142 AUC,4.0,11,0.15166471,0.64619883,0.36363636
4142,AUC,1.23,4142 AUC,0.0,11,0.0,0.25883297,0.0
4142,AUC,3.7,4142 AUC,4.0,12,0.13812009,0.60937791,0.33333333
4142,AUC,11.1,4142 AUC,2.0,10,0.05668215,0.50983753,0.2
4142,AUC,33.3,4142 AUC,2.0,8,0.07147921,0.59072457,0.25
4142,MOV,0.0,4142 MOV,0.0,24,0.0,0.1379762,0.0
4142,MOV,0.005,4142 MOV,0.0,12,0.0,0.24249401,0.0
4142,MOV,0.015,4142 MOV,3.0,12,0.08894167,0.53230533,0.25
4142,MOV,0.046,4142 MOV,4.0,9,0.18877852,0.73334871,0.44444444
4142,MOV,0.14,4142 MOV,6.0,14,0.21380799,0.67409355,0.42857143
4142,MOV,0.41,4142 MOV,5.0,11,0.21271272,0.71990846,0.45454545
4142,MOV,1.23,4142 MOV,3.0,11,0.09746059,0.5656453,0.27272727
4142,MOV,3.7,4142 MOV,4.0,12,0.13812009,0.60937791,0.33333333
4142,MOV,11.1,4142 MOV,3.0,10,0.10779127,0.60322185,0.3
4142,MOV,33.3,4142 MOV,3.0,8,0.13684429,0.69425761,0.375
4143,AUC,0.0,4143 AUC,0.0,6,0.0,0.39033429,0.0
4143,AUC,100.0,4143 AUC,6.0,13,0.23206068,0.70856204,0.46153846
4143,MOV,0.0,4143 MOV,0.0,6,0.0,0.39033429,0.0
4143,MOV,100.0,4143 MOV,6.0,13,0.23206068,0.70856204,0.46153846
4144,AUC,0.0,4144 AUC,0.0,6,0.0,0.39033429,0.0
4144,AUC,100.0,4144 AUC,10.0,16,0.38641041,0.81518767,0.625
4144,MOV,0.0,4144 MOV,0.0,6,0.0,0.39033429,0.0
4144,MOV,100.0,4144 MOV,6.0,16,0.18481233,0.61358959,0.375
4145,AUC,0.0,4145 AUC,0.0,6,0.0,0.39033429,0.0
4145,AUC,100.0,4145 AUC,10.0,13,0.49743624,0.91820471,0.76923077
4145,MOV,0.0,4145 MOV,0.0,6,0.0,0.39033429,0.0
4145,MOV,100.0,4145 MOV,5.0,13,0.17709708,0.64477108,0.38461538
4146,AUC,0.0,4146 AUC,1.0,14,0.01272222,0.31468704,0.07142857
4146,AUC,100.0,4146 AUC,7.0,16,0.23098652,0.66821444,0.4375
4146,MOV,0.0,4146 MOV,0.0,14,0.0,0.2153108,0.0
4146,MOV,100.0,4146 MOV,0.0,16,0.0,0.19360768,0.0
4147,AUC,0.0,4147 AUC,1.0,14,0.01272222,0.31468704,0.07142857
4147,AUC,100.0,4147 AUC,5.0,11,0.21271272,0.71990846,0.45454545
4147,MOV,0.0,4147 MOV,0.0,14,0.0,0.2153108,0.0
4147,MOV,100.0,4147 MOV,0.0,11,0.0,0.25883297,0.0
4148,AUC,0.0,4148 AUC,4.0,24,0.06678676,0.35853071,0.16666667
4148,AUC,0.005,4148 AUC,3.0,12,0.08894167,0.53230533,0.25
4148,AUC,0.015,4148 AUC,2.0,12,0.04696514,0.44803086,0.16666667
4148,AUC,0.046,4148 AUC,6.0,14,0.21380799,0.67409355,0.42857143
4148,AUC,0.14,4148 AUC,3.0,12,0.08894167,0.53230533,0.25
4148,AUC,0.41,4148 AUC,5.0,13,0.17709708,0.64477108,0.38461538
4148,AUC,1.23,4148 AUC,4.0,13,0.12680704,0.57630657,0.30769231
4148,AUC,3.7,4148 AUC,6.0,11,0.28009154,0.78728728,0.54545455
4148,AUC,11.1,4148 AUC,5.0,9,0.26665129,0.81122148,0.55555556
4148,MOV,0.0,4148 MOV,3.0,24,0.04344334,0.31003881,0.125
4148,MOV,0.005,4148 MOV,5.0,12,0.19326031,0.68048869,0.41666667
4148,MOV,0.015,4148 MOV,5.0,12,0.19326031,0.68048869,0.41666667
4148,MOV,0.046,4148 MOV,5.0,14,0.16344732,0.61235577,0.35714286
4148,MOV,0.14,4148 MOV,4.0,12,0.13812009,0.60937791,0.33333333
4148,MOV,0.41,4148 MOV,4.0,13,0.12680704,0.57630657,0.30769231
4148,MOV,1.23,4148 MOV,2.0,13,0.04325818,0.42234631,0.15384615
4148,MOV,3.7,4148 MOV,4.0,11,0.15166471,0.64619883,0.36363636
4148,MOV,11.1,4148 MOV,3.0,9,0.12058382,0.64579786,0.33333333
4149,AUC,0.0,4149 AUC,1.0,14,0.01272222,0.31468704,0.07142857
4149,AUC,100.0,4149 AUC,3.0,13,0.08179529,0.50256376,0.23076923
4149,MOV,0.0,4149 MOV,0.0,14,0.0,0.2153108,0.0
4149,MOV,100.0,4149 MOV,0.0,13,0.0,0.22809537,0.0
4150,AUC,0.0,4150 AUC,1.0,14,0.01272222,0.31468704,0.07142857
4150,AUC,100.0,4150 AUC,7.0,12,0.31951131,0.80673969,0.58333333
4150,MOV,0.0,4150 MOV,0.0,14,0.0,0.2153108,0.0
4150,MOV,100.0,4150 MOV,1.0,12,0.01486509,0.35387991,0.08333333
4151,AUC,0.0,4151 AUC,4.0,14,0.11721379,0.54649084,0.28571429
4151,AUC,100.0,4151 AUC,10.0,15,0.41713548,0.84823676,0.66666667
4151,MOV,0.0,4151 MOV,0.0,14,0.0,0.2153108,0.0
4151,MOV,100.0,4151 MOV,0.0,15,0.0,0.2038833,0.0
4152,AUC,0.0,4152 AUC,4.0,14,0.11721379,0.54649084,0.28571429
4152,AUC,100.0,4152 AUC,10.0,13,0.49743624,0.91820471,0.76923077
4152,MOV,0.0,4152 MOV,0.0,14,0.0,0.2153108,0.0
4152,MOV,100.0,4152 MOV,0.0,13,0.0,0.22809537,0.0
4153,AUC,0.0,4153 AUC,4.0,14,0.11721379,0.54649084,0.28571429
4153,AUC,100.0,4153 AUC,13.0,15,0.62118017,0.96263874,0.86666667
4153,MOV,0.0,4153 MOV,0.0,14,0.0,0.2153108,0.0
4153,MOV,100.0,4153 MOV,2.0,15,0.03736126,0.37881983,0.13333333
4154,AUC,0.0,4154 AUC,4.0,14,0.11721379,0.54649084,0.28571429
4154,AUC,100.0,4154 AUC,10.0,14,0.45350916,0.88278621,0.71428571
4154,MOV,0.0,4154 MOV,0.0,14,0.0,0.2153108,0.0
4154,MOV,100.0,4154 MOV,2.0,14,0.04009392,0.39941379,0.14285714
4155,AUC,0.0,4155 AUC,4.0,14,0.11721379,0.54649084,0.28571429
4155,AUC,100.0,4155 AUC,7.0,15,0.24809535,0.6988302,0.46666667
4155,MOV,0.0,4155 MOV,0.0,14,0.0,0.2153108,0.0
4155,MOV,100.0,4155 MOV,1.0,15,0.0118669,0.2981653,0.06666667
4156,AUC,0.0,4156 AUC,7.0,28,0.12676495,0.4335567,0.25
4156,AUC,0.005,4156 AUC,4.0,14,0.11721379,0.54649084,0.28571429
4156,AUC,0.015,4156 AUC,6.0,13,0.23206068,0.70856204,0.46153846
4156,AUC,0.046,4156 AUC,5.0,13,0.17709708,0.64477108,0.38461538
4156,AUC,0.14,4156 AUC,5.0,14,0.16344732,0.61235577,0.35714286
4156,AUC,0.41,4156 AUC,6.0,14,0.21380799,0.67409355,0.42857143
4156,AUC,1.23,4156 AUC,6.0,14,0.21380799,0.67409355,0.42857143
4156,AUC,3.7,4156 AUC,6.0,13,0.23206068,0.70856204,0.46153846
4156,AUC,11.1,4156 AUC,5.0,13,0.17709708,0.64477108,0.38461538
4156,AUC,33.3,4156 AUC,7.0,14,0.26799202,0.73200798,0.5
4156,AUC,100.0,4156 AUC,3.0,14,0.07571387,0.47589231,0.21428571
4156,MOV,0.0,4156 MOV,0.0,28,0.0,0.1206433,0.0
4156,MOV,0.005,4156 MOV,2.0,14,0.04009392,0.39941379,0.14285714
4156,MOV,0.015,4156 MOV,1.0,13,0.01371042,0.33313951,0.07692308
4156,MOV,0.046,4156 MOV,1.0,13,0.01371042,0.33313951,0.07692308
4156,MOV,0.14,4156 MOV,3.0,14,0.07571387,0.47589231,0.21428571
4156,MOV,0.41,4156 MOV,1.0,14,0.01272222,0.31468704,0.07142857
4156,MOV,1.23,4156 MOV,1.0,14,0.01272222,0.31468704,0.07142857
4156,MOV,3.7,4156 MOV,2.0,13,0.04325818,0.42234631,0.15384615
4156,MOV,11.1,4156 MOV,0.0,13,0.0,0.22809537,0.0
4156,MOV,33.3,4156 MOV,2.0,14,0.04009392,0.39941379,0.14285714
4156,MOV,100.0,4156 MOV,0.0,14,0.0,0.2153108,0.0
4157,AUC,0.0,4157 AUC,3.0,14,0.07571387,0.47589231,0.21428571
4157,AUC,100.0,4157 AUC,3.0,12,0.08894167,0.53230533,0.25
4157,MOV,0.0,4157 MOV,0.0,14,0.0,0.2153108,0.0
4157,MOV,100.0,4157 MOV,2.0,12,0.04696514,0.44803086,0.16666667
4158,AUC,0.0,4158 AUC,3.0,14,0.07571387,0.47589231,0.21428571
4158,AUC,100.0,4158 AUC,8.0,14,0.32590645,0.78619201,0.57142857
4158,MOV,0.0,4158 MOV,0.0,14,0.0,0.2153108,0.0
4158,MOV,100.0,4158 MOV,4.0,14,0.11721379,0.54649084,0.28571429
4159,AUC,0.0,4159 AUC,3.0,14,0.07571387,0.47589231,0.21428571
4159,AUC,100.0,4159 AUC,5.0,11,0.21271272,0.71990846,0.45454545
4159,MOV,0.0,4159 MOV,0.0,14,0.0,0.2153108,0.0
4159,MOV,100.0,4159 MOV,2.0,11,0.05136769,0.47698056,0.18181818
4160,AUC,0.0,4160 AUC,3.0,26,0.04003245,0.28975903,0.11538462
4160,AUC,0.005,4160 AUC,1.0,12,0.01486509,0.35387991,0.08333333
4160,AUC,0.015,4160 AUC,1.0,12,0.01486509,0.35387991,0.08333333
4160,AUC,0.046,4160 AUC,3.0,14,0.07571387,0.47589231,0.21428571
4160,AUC,0.14,4160 AUC,0.0,13,0.0,0.22809537,0.0
4160,AUC,0.41,4160 AUC,2.0,14,0.04009392,0.39941379,0.14285714
4160,AUC,1.23,4160 AUC,3.0,13,0.08179529,0.50256376,0.23076923
4160,AUC,3.7,4160 AUC,1.0,14,0.01272222,0.31468704,0.07142857
4160,AUC,11.1,4160 AUC,1.0,13,0.01371042,0.33313951,0.07692308
4160,AUC,33.3,4160 AUC,3.0,14,0.07571387,0.47589231,0.21428571
4160,AUC,100.0,4160 AUC,2.0,14,0.04009392,0.39941379,0.14285714
4160,MOV,0.0,4160 MOV,2.0,26,0.02135509,0.24141554,0.07692308
4160,MOV,0.005,4160 MOV,0.0,12,0.0,0.24249401,0.0
4160,MOV,0.015,4160 MOV,1.0,12,0.01486509,0.35387991,0.08333333
4160,MOV,0.046,4160 MOV,0.0,14,0.0,0.2153108,0.0
4160,MOV,0.14,4160 MOV,0.0,13,0.0,0.22809537,0.0
4160,MOV,0.41,4160 MOV,0.0,14,0.0,0.2153108,0.0
4160,MOV,1.23,4160 MOV,0.0,13,0.0,0.22809537,0.0
4160,MOV,3.7,4160 MOV,0.0,14,0.0,0.2153108,0.0
4160,MOV,11.1,4160 MOV,1.0,13,0.01371042,0.33313951,0.07692308
4160,MOV,33.3,4160 MOV,0.0,14,0.0,0.2153108,0.0
4160,MOV,100.0,4160 MOV,1.0,14,0.01272222,0.31468704,0.07142857
4162,AUC,0.0,4162 AUC,2.0,15,0.03736126,0.37881983,0.13333333
4162,AUC,100.0,4162 AUC,2.0,14,0.04009392,0.39941379,0.14285714
4162,MOV,0.0,4162 MOV,1.0,15,0.0118669,0.2981653,0.06666667
4162,MOV,100.0,4162 MOV,0.0,14,0.0,0.2153108,0.0
4163,AUC,0.0,4163 AUC,2.0,15,0.03736126,0.37881983,0.13333333
4163,AUC,100.0,4163 AUC,2.0,16,0.03497749,0.36022827,0.125
4163,MOV,0.0,4163 MOV,1.0,15,0.0118669,0.2981653,0.06666667
4163,MOV,100.0,4163 MOV,0.0,16,0.0,0.19360768,0.0
4164,AUC,0.0,4164 AUC,2.0,15,0.03736126,0.37881983,0.13333333
4164,AUC,100.0,4164 AUC,2.0,15,0.03736126,0.37881983,0.13333333
4164,MOV,0.0,4164 MOV,1.0,15,0.0118669,0.2981653,0.06666667
4164,MOV,100.0,4164 MOV,0.0,15,0.0,0.2038833,0.0
4165,AUC,0.0,4165 AUC,2.0,15,0.03736126,0.37881983,0.13333333
4165,AUC,100.0,4165 AUC,1.0,13,0.01371042,0.33313951,0.07692308
4165,MOV,0.0,4165 MOV,1.0,15,0.0118669,0.2981653,0.06666667
4165,MOV,100.0,4165 MOV,1.0,13,0.01371042,0.33313951,0.07692308
4166,AUC,0.0,4166 AUC,1.0,26,0.00682198,0.18892779,0.03846154
4166,AUC,0.005,4166 AUC,1.0,13,0.01371042,0.33313951,0.07692308
4166,AUC,0.015,4166 AUC,1.0,10,0.01787621,0.40415003,0.1
4166,AUC,0.046,4166 AUC,0.0,8,0.0,0.32440756,0.0
4166,AUC,0.14,4166 AUC,3.0,12,0.08894167,0.53230533,0.25
4166,AUC,0.41,4166 AUC,3.0,13,0.08179529,0.50256376,0.23076923
4166,AUC,1.23,4166 AUC,1.0,12,0.01486509,0.35387991,0.08333333
4166,AUC,3.7,4166 AUC,1.0,10,0.01787621,0.40415003,0.1
4166,AUC,11.1,4166 AUC,5.0,9,0.26665129,0.81122148,0.55555556
4166,AUC,33.3,4166 AUC,0.0,7,0.0,0.35433044,0.0
4166,MOV,0.0,4166 MOV,0.0,26,0.0,0.12872892,0.0
4166,MOV,0.005,4166 MOV,0.0,13,0.0,0.22809537,0.0
4166,MOV,0.015,4166 MOV,0.0,10,0.0,0.2775328,0.0
4166,MOV,0.046,4166 MOV,0.0,8,0.0,0.32440756,0.0
4166,MOV,0.14,4166 MOV,0.0,12,0.0,0.24249401,0.0
4166,MOV,0.41,4166 MOV,0.0,13,0.0,0.22809537,0.0
4166,MOV,1.23,4166 MOV,0.0,12,0.0,0.24249401,0.0
4166,MOV,3.7,4166 MOV,0.0,10,0.0,0.2775328,0.0
4166,MOV,11.1,4166 MOV,0.0,9,0.0,0.29914505,0.0
4166,MOV,33.3,4166 MOV,0.0,7,0.0,0.35433044,0.0
4167,AUC,0.0,4167 AUC,1.0,27,0.00656815,0.18283466,0.03703704
4167,AUC,0.005,4167 AUC,0.0,14,0.0,0.2153108,0.0
4167,AUC,0.015,4167 AUC,1.0,13,0.01371042,0.33313951,0.07692308
4167,AUC,0.046,4167 AUC,0.0,14,0.0,0.2153108,0.0
4167,AUC,0.14,4167 AUC,0.0,12,0.0,0.24249401,0.0
4167,AUC,0.41,4167 AUC,1.0,12,0.01486509,0.35387991,0.08333333
4167,AUC,1.23,4167 AUC,0.0,12,0.0,0.24249401,0.0
4167,AUC,3.7,4167 AUC,3.0,14,0.07571387,0.47589231,0.21428571
4167,AUC,11.1,4167 AUC,2.0,14,0.04009392,0.39941379,0.14285714
4167,AUC,33.3,4167 AUC,0.0,14,0.0,0.2153108,0.0
4167,AUC,100.0,4167 AUC,2.0,14,0.04009392,0.39941379,0.14285714
4167,MOV,0.0,4167 MOV,0.0,27,0.0,0.12455503,0.0
4167,MOV,0.005,4167 MOV,0.0,14,0.0,0.2153108,0.0
4167,MOV,0.015,4167 MOV,1.0,13,0.01371042,0.33313951,0.07692308
4167,MOV,0.046,4167 MOV,0.0,14,0.0,0.2153108,0.0
4167,MOV,0.14,4167 MOV,0.0,12,0.0,0.24249401,0.0
4167,MOV,0.41,4167 MOV,1.0,12,0.01486509,0.35387991,0.08333333
4167,MOV,1.23,4167 MOV,1.0,12,0.01486509,0.35387991,0.08333333
4167,MOV,3.7,4167 MOV,1.0,14,0.01272222,0.31468704,0.07142857
4167,MOV,11.1,4167 MOV,0.0,14,0.0,0.2153108,0.0
4167,MOV,33.3,4167 MOV,1.0,14,0.01272222,0.31468704,0.07142857
4167,MOV,100.0,4167 MOV,0.0,14,0.0,0.2153108,0.0
4168,AUC,0.0,4168 AUC,2.0,27,0.02055465,0.23369593,0.07407407
4168,AUC,0.005,4168 AUC,3.0,12,0.08894167,0.53230533,0.25
4168,AUC,0.015,4168 AUC,2.0,14,0.04009392,0.39941379,0.14285714
4168,AUC,0.046,4168 AUC,0.0,10,0.0,0.2775328,0.0
4168,AUC,0.14,4168 AUC,2.0,13,0.04325818,0.42234631,0.15384615
4168,AUC,0.41,4168 AUC,3.0,13,0.08179529,0.50256376,0.23076923
4168,AUC,1.23,4168 AUC,2.0,14,0.04009392,0.39941379,0.14285714
4168,AUC,3.7,4168 AUC,6.0,11,0.28009154,0.78728728,0.54545455
4168,AUC,11.1,4168 AUC,3.0,14,0.07571387,0.47589231,0.21428571
4168,MOV,0.0,4168 MOV,1.0,27,0.00656815,0.18283466,0.03703704
4168,MOV,0.005,4168 MOV,1.0,12,0.01486509,0.35387991,0.08333333
4168,MOV,0.015,4168 MOV,2.0,14,0.04009392,0.39941379,0.14285714
4168,MOV,0.046,4168 MOV,2.0,10,0.05668215,0.50983753,0.2
4168,MOV,0.14,4168 MOV,2.0,13,0.04325818,0.42234631,0.15384615
4168,MOV,0.41,4168 MOV,1.0,13,0.01371042,0.33313951,0.07692308
4168,MOV,1.23,4168 MOV,1.0,14,0.01272222,0.31468704,0.07142857
4168,MOV,3.7,4168 MOV,1.0,11,0.01623217,0.37735844,0.09090909
4168,MOV,11.1,4168 MOV,1.0,14,0.01272222,0.31468704,0.07142857
4169,AUC,0.0,4169 AUC,2.0,25,0.0222204,0.24966109,0.08
4169,AUC,0.005,4169 AUC,3.0,13,0.08179529,0.50256376,0.23076923
4169,AUC,0.015,4169 AUC,3.0,13,0.08179529,0.50256376,0.23076923
4169,AUC,0.046,4169 AUC,1.0,13,0.01371042,0.33313951,0.07692308
4169,AUC,0.14,4169 AUC,3.0,13,0.08179529,0.50256376,0.23076923
4169,AUC,0.41,4169 AUC,4.0,13,0.12680704,0.57630657,0.30769231
4169,AUC,1.23,4169 AUC,1.0,14,0.01272222,0.31468704,0.07142857
4169,AUC,3.7,4169 AUC,2.0,12,0.04696514,0.44803086,0.16666667
4169,AUC,33.3,4169 AUC,0.0,1,0.0,0.79345069,0.0
4169,MOV,0.0,4169 MOV,0.0,25,0.0,0.13319225,0.0
4169,MOV,0.005,4169 MOV,0.0,13,0.0,0.22809537,0.0
4169,MOV,0.015,4169 MOV,2.0,13,0.04325818,0.42234631,0.15384615
4169,MOV,0.046,4169 MOV,0.0,13,0.0,0.22809537,0.0
4169,MOV,0.14,4169 MOV,0.0,13,0.0,0.22809537,0.0
4169,MOV,0.41,4169 MOV,0.0,13,0.0,0.22809537,0.0
4169,MOV,1.23,4169 MOV,0.0,14,0.0,0.2153108,0.0
4169,MOV,3.7,4169 MOV,0.0,12,0.0,0.24249401,0.0
4169,MOV,33.3,4169 MOV,0.0,1,0.0,0.79345069,0.0
4170,AUC,0.0,4170 AUC,4.0,24,0.06678676,0.35853071,0.16666667
4170,AUC,0.005,4170 AUC,2.0,13,0.04325818,0.42234631,0.15384615
4170,AUC,0.015,4170 AUC,1.0,13,0.01371042,0.33313951,0.07692308
4170,AUC,0.046,4170 AUC,2.0,13,0.04325818,0.42234631,0.15384615
4170,AUC,0.14,4170 AUC,1.0,12,0.01486509,0.35387991,0.08333333
4170,AUC,0.41,4170 AUC,3.0,12,0.08894167,0.53230533,0.25
4170,AUC,1.23,4170 AUC,5.0,13,0.17709708,0.64477108,0.38461538
4170,AUC,3.7,4170 AUC,6.0,8,0.40927543,0.92852079,0.75
4170,AUC,11.1,4170 AUC,0.0,1,0.0,0.79345069,0.0
4170,MOV,0.0,4170 MOV,2.0,24,0.02315882,0.25848802,0.08333333
4170,MOV,0.005,4170 MOV,1.0,13,0.01371042,0.33313951,0.07692308
4170,MOV,0.015,4170 MOV,0.0,13,0.0,0.22809537,0.0
4170,MOV,0.046,4170 MOV,1.0,13,0.01371042,0.33313951,0.07692308
4170,MOV,0.14,4170 MOV,1.0,12,0.01486509,0.35387991,0.08333333
4170,MOV,0.41,4170 MOV,1.0,12,0.01486509,0.35387991,0.08333333
4170,MOV,1.23,4170 MOV,0.0,13,0.0,0.22809537,0.0
4170,MOV,3.7,4170 MOV,3.0,8,0.13684429,0.69425761,0.375
4170,MOV,11.1,4170 MOV,0.0,1,0.0,0.79345069,0.0
4173,AUC,0.0,4173 AUC,4.0,11,0.15166471,0.64619883,0.36363636
4173,AUC,100.0,4173 AUC,3.0,13,0.08179529,0.50256376,0.23076923
4173,MOV,0.0,4173 MOV,1.0,11,0.01623217,0.37735844,0.09090909
4173,MOV,100.0,4173 MOV,3.0,13,0.08179529,0.50256376,0.23076923
4174,AUC,0.0,4174 AUC,4.0,11,0.15166471,0.64619883,0.36363636
4174,AUC,100.0,4174 AUC,1.0,12,0.01486509,0.35387991,0.08333333
4174,MOV,0.0,4174 MOV,1.0,11,0.01623217,0.37735844,0.09090909
4174,MOV,100.0,4174 MOV,1.0,12,0.01486509,0.35387991,0.08333333
4175,AUC,0.0,4175 AUC,4.0,24,0.06678676,0.35853071,0.16666667
4175,AUC,0.005,4175 AUC,2.0,14,0.04009392,0.39941379,0.14285714
4175,AUC,0.015,4175 AUC,3.0,12,0.08894167,0.53230533,0.25
4175,AUC,0.046,4175 AUC,2.0,11,0.05136769,0.47698056,0.18181818
4175,AUC,0.14,4175 AUC,5.0,14,0.16344732,0.61235577,0.35714286
4175,AUC,0.41,4175 AUC,3.0,13,0.08179529,0.50256376,0.23076923
4175,AUC,1.23,4175 AUC,4.0,14,0.11721379,0.54649084,0.28571429
4175,AUC,3.7,4175 AUC,5.0,13,0.17709708,0.64477108,0.38461538
4175,AUC,11.1,4175 AUC,4.0,14,0.11721379,0.54649084,0.28571429
4175,AUC,33.3,4175 AUC,6.0,11,0.28009154,0.78728728,0.54545455
4175,AUC,100.0,4175 AUC,4.0,9,0.18877852,0.73334871,0.44444444
4175,MOV,0.0,4175 MOV,1.0,24,0.00739346,0.20241806,0.04166667
4175,MOV,0.005,4175 MOV,1.0,14,0.01272222,0.31468704,0.07142857
4175,MOV,0.015,4175 MOV,0.0,12,0.0,0.24249401,0.0
4175,MOV,0.046,4175 MOV,2.0,11,0.05136769,0.47698056,0.18181818
4175,MOV,0.14,4175 MOV,1.0,14,0.01272222,0.31468704,0.07142857
4175,MOV,0.41,4175 MOV,3.0,13,0.08179529,0.50256376,0.23076923
4175,MOV,1.23,4175 MOV,1.0,14,0.01272222,0.31468704,0.07142857
4175,MOV,3.7,4175 MOV,1.0,13,0.01371042,0.33313951,0.07692308
4175,MOV,11.1,4175 MOV,3.0,14,0.07571387,0.47589231,0.21428571
4175,MOV,33.3,4175 MOV,3.0,11,0.09746059,0.5656453,0.27272727
4175,MOV,100.0,4175 MOV,2.0,9,0.06322511,0.54741103,0.22222222
4176,AUC,0.0,4176 AUC,3.0,27,0.03852035,0.28057801,0.11111111
4176,AUC,0.005,4176 AUC,0.0,14,0.0,0.2153108,0.0
4176,AUC,0.015,4176 AUC,3.0,14,0.07571387,0.47589231,0.21428571
4176,AUC,0.046,4176 AUC,1.0,14,0.01272222,0.31468704,0.07142857
4176,AUC,0.14,4176 AUC,0.0,12,0.0,0.24249401,0.0
4176,AUC,0.41,4176 AUC,0.0,13,0.0,0.22809537,0.0
4176,AUC,1.23,4176 AUC,0.0,14,0.0,0.2153108,0.0
4176,AUC,3.7,4176 AUC,3.0,13,0.08179529,0.50256376,0.23076923
4176,AUC,11.1,4176 AUC,0.0,13,0.0,0.22809537,0.0
4176,AUC,33.3,4176 AUC,3.0,13,0.08179529,0.50256376,0.23076923
4176,AUC,100.0,4176 AUC,3.0,13,0.08179529,0.50256376,0.23076923
4176,MOV,0.0,4176 MOV,0.0,27,0.0,0.12455503,0.0
4176,MOV,0.005,4176 MOV,3.0,14,0.07571387,0.47589231,0.21428571
4176,MOV,0.015,4176 MOV,2.0,14,0.04009392,0.39941379,0.14285714
4176,MOV,0.046,4176 MOV,0.0,14,0.0,0.2153108,0.0
4176,MOV,0.14,4176 MOV,3.0,12,0.08894167,0.53230533,0.25
4176,MOV,0.41,4176 MOV,2.0,13,0.04325818,0.42234631,0.15384615
4176,MOV,1.23,4176 MOV,2.0,14,0.04009392,0.39941379,0.14285714
4176,MOV,3.7,4176 MOV,1.0,13,0.01371042,0.33313951,0.07692308
4176,MOV,11.1,4176 MOV,0.0,13,0.0,0.22809537,0.0
4176,MOV,33.3,4176 MOV,2.0,13,0.04325818,0.42234631,0.15384615
4176,MOV,100.0,4176 MOV,2.0,13,0.04325818,0.42234631,0.15384615
4177,AUC,0.0,4177 AUC,3.0,25,0.04166817,0.29955794,0.12
4177,AUC,0.005,4177 AUC,2.0,13,0.04325818,0.42234631,0.15384615
4177,AUC,0.015,4177 AUC,1.0,11,0.01623217,0.37735844,0.09090909
4177,AUC,0.046,4177 AUC,1.0,10,0.01787621,0.40415003,0.1
4177,AUC,0.14,4177 AUC,3.0,14,0.07571387,0.47589231,0.21428571
4177,AUC,0.41,4177 AUC,2.0,12,0.04696514,0.44803086,0.16666667
4177,AUC,1.23,4177 AUC,4.0,14,0.11721379,0.54649084,0.28571429
4177,AUC,3.7,4177 AUC,1.0,12,0.01486509,0.35387991,0.08333333
4177,AUC,11.1,4177 AUC,2.0,11,0.05136769,0.47698056,0.18181818
4177,AUC,33.3,4177 AUC,2.0,14,0.04009392,0.39941379,0.14285714
4177,AUC,100.0,4177 AUC,1.0,8,0.02241749,0.47088818,0.125
4177,MOV,0.0,4177 MOV,1.0,25,0.00709623,0.19544064,0.04
4177,MOV,0.005,4177 MOV,0.0,13,0.0,0.22809537,0.0
4177,MOV,0.015,4177 MOV,0.0,11,0.0,0.25883297,0.0
4177,MOV,0.046,4177 MOV,0.0,10,0.0,0.2775328,0.0
4177,MOV,0.14,4177 MOV,0.0,14,0.0,0.2153108,0.0
4177,MOV,0.41,4177 MOV,0.0,12,0.0,0.24249401,0.0
4177,MOV,1.23,4177 MOV,1.0,14,0.01272222,0.31468704,0.07142857
4177,MOV,3.7,4177 MOV,0.0,12,0.0,0.24249401,0.0
4177,MOV,11.1,4177 MOV,0.0,11,0.0,0.25883297,0.0
4177,MOV,33.3,4177 MOV,0.0,14,0.0,0.2153108,0.0
4177,MOV,100.0,4177 MOV,0.0,8,0.0,0.32440756,0.0
4178,AUC,0.0,4178 AUC,8.0,22,0.19733205,0.57048292,0.36363636
4178,AUC,0.14,4178 AUC,0.0,4,0.0,0.48989084,0.0
4178,MOV,0.0,4178 MOV,3.0,22,0.04749004,0.33334987,0.13636364
4178,MOV,0.14,4178 MOV,1.0,4,0.04558726,0.69935816,0.25
4180,AUC,0.0,4180 AUC,2.0,25,0.0222204,0.24966109,0.08
4180,AUC,0.005,4180 AUC,7.0,14,0.26799202,0.73200798,0.5
4180,AUC,0.015,4180 AUC,6.0,14,0.21380799,0.67409355,0.42857143
4180,AUC,0.046,4180 AUC,7.0,14,0.26799202,0.73200798,0.5
4180,AUC,0.14,4180 AUC,8.0,14,0.32590645,0.78619201,0.57142857
4180,AUC,0.41,4180 AUC,3.0,11,0.09746059,0.5656453,0.27272727
4180,AUC,1.23,4180 AUC,3.0,13,0.08179529,0.50256376,0.23076923
4180,AUC,3.7,4180 AUC,3.0,13,0.08179529,0.50256376,0.23076923
4180,AUC,11.1,4180 AUC,3.0,11,0.09746059,0.5656453,0.27272727
4180,AUC,33.3,4180 AUC,3.0,11,0.09746059,0.5656453,0.27272727
4180,AUC,100.0,4180 AUC,5.0,13,0.17709708,0.64477108,0.38461538
4180,MOV,0.0,4180 MOV,0.0,25,0.0,0.13319225,0.0
4180,MOV,0.005,4180 MOV,1.0,14,0.01272222,0.31468704,0.07142857
4180,MOV,0.015,4180 MOV,1.0,14,0.01272222,0.31468704,0.07142857
4180,MOV,0.046,4180 MOV,1.0,14,0.01272222,0.31468704,0.07142857
4180,MOV,0.14,4180 MOV,0.0,14,0.0,0.2153108,0.0
4180,MOV,0.41,4180 MOV,0.0,11,0.0,0.25883297,0.0
4180,MOV,1.23,4180 MOV,0.0,13,0.0,0.22809537,0.0
4180,MOV,3.7,4180 MOV,0.0,13,0.0,0.22809537,0.0
4180,MOV,11.1,4180 MOV,0.0,11,0.0,0.25883297,0.0
4180,MOV,33.3,4180 MOV,0.0,11,0.0,0.25883297,0.0
4180,MOV,100.0,4180 MOV,1.0,13,0.01371042,0.33313951,0.07692308
4181,AUC,0.0,4181 AUC,5.0,15,0.15176324,0.58286452,0.33333333
4181,AUC,100.0,4181 AUC,1.0,15,0.0118669,0.2981653,0.06666667
4181,MOV,0.0,4181 MOV,1.0,15,0.0118669,0.2981653,0.06666667
4181,MOV,100.0,4181 MOV,1.0,15,0.0118669,0.2981653,0.06666667
4182,AUC,0.0,4182 AUC,1.0,27,0.00656815,0.18283466,0.03703704
4182,AUC,0.005,4182 AUC,0.0,14,0.0,0.2153108,0.0
4182,AUC,0.015,4182 AUC,2.0,13,0.04325818,0.42234631,0.15384615
4182,AUC,0.046,4182 AUC,0.0,12,0.0,0.24249401,0.0
4182,AUC,0.14,4182 AUC,0.0,13,0.0,0.22809537,0.0
4182,AUC,0.41,4182 AUC,1.0,11,0.01623217,0.37735844,0.09090909
4182,AUC,1.23,4182 AUC,1.0,14,0.01272222,0.31468704,0.07142857
4182,AUC,3.7,4182 AUC,3.0,14,0.07571387,0.47589231,0.21428571
4182,AUC,11.1,4182 AUC,5.0,14,0.16344732,0.61235577,0.35714286
4182,MOV,0.0,4182 MOV,0.0,27,0.0,0.12455503,0.0
4182,MOV,0.005,4182 MOV,0.0,14,0.0,0.2153108,0.0
4182,MOV,0.015,4182 MOV,1.0,13,0.01371042,0.33313951,0.07692308
4182,MOV,0.046,4182 MOV,2.0,12,0.04696514,0.44803086,0.16666667
4182,MOV,0.14,4182 MOV,0.0,13,0.0,0.22809537,0.0
4182,MOV,0.41,4182 MOV,1.0,11,0.01623217,0.37735844,0.09090909
4182,MOV,1.23,4182 MOV,1.0,14,0.01272222,0.31468704,0.07142857
4182,MOV,3.7,4182 MOV,1.0,14,0.01272222,0.31468704,0.07142857
4182,MOV,11.1,4182 MOV,5.0,14,0.16344732,0.61235577,0.35714286
4183,AUC,0.0,4183 AUC,5.0,15,0.15176324,0.58286452,0.33333333
4183,AUC,100.0,4183 AUC,1.0,12,0.01486509,0.35387991,0.08333333
4183,MOV,0.0,4183 MOV,1.0,15,0.0118669,0.2981653,0.06666667
4183,MOV,100.0,4183 MOV,0.0,12,0.0,0.24249401,0.0
4184,AUC,0.0,4184 AUC,5.0,15,0.15176324,0.58286452,0.33333333
4184,AUC,100.0,4184 AUC,4.0,14,0.11721379,0.54649084,0.28571429
4184,MOV,0.0,4184 MOV,1.0,15,0.0118669,0.2981653,0.06666667
4184,MOV,100.0,4184 MOV,0.0,14,0.0,0.2153108,0.0
4185,AUC,0.0,4185 AUC,2.0,25,0.0222204,0.24966109,0.08
4185,AUC,0.005,4185 AUC,2.0,12,0.04696514,0.44803086,0.16666667
4185,AUC,0.015,4185 AUC,1.0,14,0.01272222,0.31468704,0.07142857
4185,AUC,0.046,4185 AUC,0.0,13,0.0,0.22809537,0.0
4185,AUC,0.14,4185 AUC,0.0,13,0.0,0.22809537,0.0
4185,AUC,0.41,4185 AUC,2.0,11,0.05136769,0.47698056,0.18181818
4185,AUC,1.23,4185 AUC,1.0,10,0.01787621,0.40415003,0.1
4185,AUC,3.7,4185 AUC,4.0,6,0.29999332,0.90322859,0.66666667
4185,MOV,0.0,4185 MOV,1.0,25,0.00709623,0.19544064,0.04
4185,MOV,0.005,4185 MOV,4.0,12,0.13812009,0.60937791,0.33333333
4185,MOV,0.015,4185 MOV,6.0,14,0.21380799,0.67409355,0.42857143
4185,MOV,0.046,4185 MOV,3.0,13,0.08179529,0.50256376,0.23076923
4185,MOV,0.14,4185 MOV,0.0,13,0.0,0.22809537,0.0
4185,MOV,0.41,4185 MOV,1.0,11,0.01623217,0.37735844,0.09090909
4185,MOV,1.23,4185 MOV,3.0,10,0.10779127,0.60322185,0.3
4185,MOV,3.7,4185 MOV,3.0,6,0.18761631,0.81238369,0.5
4186,AUC,0.0,4186 AUC,2.0,26,0.02135509,0.24141554,0.07692308
4186,AUC,0.005,4186 AUC,1.0,14,0.01272222,0.31468704,0.07142857
4186,AUC,0.015,4186 AUC,1.0,14,0.01272222,0.31468704,0.07142857
4186,AUC,0.046,4186 AUC,2.0,14,0.04009392,0.39941379,0.14285714
4186,AUC,0.14,4186 AUC,1.0,14,0.01272222,0.31468704,0.07142857
4186,AUC,0.41,4186 AUC,1.0,14,0.01272222,0.31468704,0.07142857
4186,AUC,1.23,4186 AUC,1.0,14,0.01272222,0.31468704,0.07142857
4186,AUC,3.7,4186 AUC,0.0,14,0.0,0.2153108,0.0
4186,AUC,11.1,4186 AUC,1.0,13,0.01371042,0.33313951,0.07692308
4186,AUC,33.3,4186 AUC,1.0,14,0.01272222,0.31468704,0.07142857
4186,AUC,100.0,4186 AUC,6.0,14,0.21380799,0.67409355,0.42857143
4186,MOV,0.0,4186 MOV,0.0,26,0.0,0.12872892,0.0
4186,MOV,0.005,4186 MOV,0.0,14,0.0,0.2153108,0.0
4186,MOV,0.015,4186 MOV,1.0,14,0.01272222,0.31468704,0.07142857
4186,MOV,0.046,4186 MOV,0.0,14,0.0,0.2153108,0.0
4186,MOV,0.14,4186 MOV,1.0,14,0.01272222,0.31468704,0.07142857
4186,MOV,0.41,4186 MOV,1.0,14,0.01272222,0.31468704,0.07142857
4186,MOV,1.23,4186 MOV,1.0,14,0.01272222,0.31468704,0.07142857
4186,MOV,3.7,4186 MOV,0.0,14,0.0,0.2153108,0.0
4186,MOV,11.1,4186 MOV,1.0,13,0.01371042,0.33313951,0.07692308
4186,MOV,33.3,4186 MOV,0.0,14,0.0,0.2153108,0.0
4186,MOV,100.0,4186 MOV,1.0,14,0.01272222,0.31468704,0.07142857
4187,AUC,0.0,4187 AUC,4.0,16,0.10182067,0.49498317,0.25
4187,AUC,100.0,4187 AUC,3.0,13,0.08179529,0.50256376,0.23076923
4187,MOV,0.0,4187 MOV,3.0,16,0.06591599,0.43008881,0.1875
4187,MOV,100.0,4187 MOV,4.0,13,0.12680704,0.57630657,0.30769231
4188,AUC,0.0,4188 AUC,4.0,16,0.10182067,0.49498317,0.25
4188,AUC,100.0,4188 AUC,5.0,14,0.16344732,0.61235577,0.35714286
4188,MOV,0.0,4188 MOV,3.0,16,0.06591599,0.43008881,0.1875
4188,MOV,100.0,4188 MOV,0.0,14,0.0,0.2153108,0.0
4189,AUC,0.0,4189 AUC,4.0,16,0.10182067,0.49498317,0.25
4189,AUC,100.0,4189 AUC,3.0,14,0.07571387,0.47589231,0.21428571
4189,MOV,0.0,4189 MOV,3.0,16,0.06591599,0.43008881,0.1875
4189,MOV,100.0,4189 MOV,3.0,14,0.07571387,0.47589231,0.21428571
4190,AUC,0.0,4190 AUC,5.0,28,0.07878502,0.35591425,0.17857143
4190,AUC,0.005,4190 AUC,4.0,14,0.11721379,0.54649084,0.28571429
4190,AUC,0.015,4190 AUC,4.0,14,0.11721379,0.54649084,0.28571429
4190,AUC,0.046,4190 AUC,2.0,14,0.04009392,0.39941379,0.14285714
4190,AUC,0.14,4190 AUC,4.0,14,0.11721379,0.54649084,0.28571429
4190,AUC,0.41,4190 AUC,0.0,14,0.0,0.2153108,0.0
4190,AUC,1.23,4190 AUC,5.0,12,0.19326031,0.68048869,0.41666667
4190,AUC,3.7,4190 AUC,5.0,12,0.19326031,0.68048869,0.41666667
4190,AUC,11.1,4190 AUC,2.0,14,0.04009392,0.39941379,0.14285714
4190,AUC,33.3,4190 AUC,4.0,14,0.11721379,0.54649084,0.28571429
4190,AUC,100.0,4190 AUC,4.0,11,0.15166471,0.64619883,0.36363636
4190,MOV,0.0,4190 MOV,1.0,28,0.00633252,0.17712198,0.03571429
4190,MOV,0.005,4190 MOV,0.0,14,0.0,0.2153108,0.0
4190,MOV,0.015,4190 MOV,0.0,14,0.0,0.2153108,0.0
4190,MOV,0.046,4190 MOV,0.0,14,0.0,0.2153108,0.0
4190,MOV,0.14,4190 MOV,0.0,14,0.0,0.2153108,0.0
4190,MOV,0.41,4190 MOV,0.0,14,0.0,0.2153108,0.0
4190,MOV,1.23,4190 MOV,0.0,12,0.0,0.24249401,0.0
4190,MOV,3.7,4190 MOV,1.0,12,0.01486509,0.35387991,0.08333333
4190,MOV,11.1,4190 MOV,0.0,14,0.0,0.2153108,0.0
4190,MOV,33.3,4190 MOV,1.0,14,0.01272222,0.31468704,0.07142857
4190,MOV,100.0,4190 MOV,1.0,11,0.01623217,0.37735844,0.09090909
4191,AUC,0.0,4191 AUC,0.0,14,0.0,0.2153108,0.0
4191,AUC,100.0,4191 AUC,4.0,15,0.10897453,0.51950434,0.26666667
4191,MOV,0.0,4191 MOV,0.0,14,0.0,0.2153108,0.0
4191,MOV,100.0,4191 MOV,3.0,15,0.07047549,0.45185449,0.2
4192,AUC,0.0,4192 AUC,4.0,20,0.08065766,0.41601743,0.2
4192,AUC,0.005,4192 AUC,5.0,11,0.21271272,0.71990846,0.45454545
4192,AUC,0.015,4192 AUC,1.0,12,0.01486509,0.35387991,0.08333333
4192,AUC,0.046,4192 AUC,1.0,13,0.01371042,0.33313951,0.07692308
4192,AUC,0.14,4192 AUC,0.0,9,0.0,0.29914505,0.0
4192,MOV,0.0,4192 MOV,0.0,20,0.0,0.16112516,0.0
4192,MOV,0.005,4192 MOV,2.0,11,0.05136769,0.47698056,0.18181818
4192,MOV,0.015,4192 MOV,2.0,12,0.04696514,0.44803086,0.16666667
4192,MOV,0.046,4192 MOV,4.0,13,0.12680704,0.57630657,0.30769231
4192,MOV,0.14,4192 MOV,3.0,9,0.12058382,0.64579786,0.33333333
4193,AUC,0.0,4193 AUC,0.0,14,0.0,0.2153108,0.0
4193,AUC,100.0,4193 AUC,8.0,16,0.27999564,0.72000436,0.5
4193,MOV,0.0,4193 MOV,0.0,14,0.0,0.2153108,0.0
4193,MOV,100.0,4193 MOV,2.0,16,0.03497749,0.36022827,0.125
4195,AUC,0.0,4195 AUC,0.0,14,0.0,0.2153108,0.0
4195,AUC,100.0,4195 AUC,7.0,15,0.24809535,0.6988302,0.46666667
4195,MOV,0.0,4195 MOV,0.0,14,0.0,0.2153108,0.0
4195,MOV,100.0,4195 MOV,1.0,15,0.0118669,0.2981653,0.06666667
4196,AUC,0.0,4196 AUC,3.0,13,0.08179529,0.50256376,0.23076923
4196,AUC,100.0,4196 AUC,7.0,13,0.29143796,0.76793932,0.53846154
4196,MOV,0.0,4196 MOV,1.0,13,0.01371042,0.33313951,0.07692308
4196,MOV,100.0,4196 MOV,2.0,13,0.04325818,0.42234631,0.15384615
4197,AUC,0.0,4197 AUC,3.0,13,0.08179529,0.50256376,0.23076923
4197,AUC,100.0,4197 AUC,6.0,14,0.21380799,0.67409355,0.42857143
4197,MOV,0.0,4197 MOV,1.0,13,0.01371042,0.33313951,0.07692308
4197,MOV,100.0,4197 MOV,2.0,14,0.04009392,0.39941379,0.14285714
4198,AUC,0.0,4198 AUC,3.0,13,0.08179529,0.50256376,0.23076923
4198,AUC,100.0,4198 AUC,6.0,13,0.23206068,0.70856204,0.46153846
4198,MOV,0.0,4198 MOV,1.0,13,0.01371042,0.33313951,0.07692308
4198,MOV,100.0,4198 MOV,3.0,13,0.08179529,0.50256376,0.23076923
4199,AUC,0.0,4199 AUC,3.0,13,0.08179529,0.50256376,0.23076923
4199,AUC,100.0,4199 AUC,5.0,12,0.19326031,0.68048869,0.41666667
4199,MOV,0.0,4199 MOV,1.0,13,0.01371042,0.33313951,0.07692308
4199,MOV,100.0,4199 MOV,3.0,12,0.08894167,0.53230533,0.25
4200,AUC,0.0,4200 AUC,3.0,13,0.08179529,0.50256376,0.23076923
4200,AUC,100.0,4200 AUC,4.0,14,0.11721379,0.54649084,0.28571429
4200,MOV,0.0,4200 MOV,1.0,13,0.01371042,0.33313951,0.07692308
4200,MOV,100.0,4200 MOV,0.0,14,0.0,0.2153108,0.0
4201,AUC,0.0,4201 AUC,3.0,13,0.08179529,0.50256376,0.23076923
4201,AUC,100.0,4201 AUC,4.0,11,0.15166471,0.64619883,0.36363636
4201,MOV,0.0,4201 MOV,2.0,13,0.04325818,0.42234631,0.15384615
4201,MOV,100.0,4201 MOV,2.0,11,0.05136769,0.47698056,0.18181818
4202,AUC,0.0,4202 AUC,3.0,13,0.08179529,0.50256376,0.23076923
4202,AUC,100.0,4202 AUC,9.0,15,0.3574683,0.80175504,0.6
4202,MOV,0.0,4202 MOV,2.0,13,0.04325818,0.42234631,0.15384615
4202,MOV,100.0,4202 MOV,8.0,15,0.3011698,0.75190465,0.53333333
4203,AUC,0.0,4203 AUC,3.0,26,0.04003245,0.28975903,0.11538462
4203,AUC,0.005,4203 AUC,2.0,14,0.04009392,0.39941379,0.14285714
4203,AUC,0.015,4203 AUC,2.0,12,0.04696514,0.44803086,0.16666667
4203,AUC,0.046,4203 AUC,3.0,12,0.08894167,0.53230533,0.25
4203,AUC,0.14,4203 AUC,2.0,13,0.04325818,0.42234631,0.15384615
4203,AUC,0.41,4203 AUC,2.0,10,0.05668215,0.50983753,0.2
4203,AUC,1.23,4203 AUC,2.0,13,0.04325818,0.42234631,0.15384615
4203,AUC,3.7,4203 AUC,2.0,12,0.04696514,0.44803086,0.16666667
4203,AUC,11.1,4203 AUC,3.0,14,0.07571387,0.47589231,0.21428571
4203,AUC,33.3,4203 AUC,1.0,14,0.01272222,0.31468704,0.07142857
4203,AUC,100.0,4203 AUC,6.0,11,0.28009154,0.78728728,0.54545455
4203,MOV,0.0,4203 MOV,0.0,26,0.0,0.12872892,0.0
4203,MOV,0.005,4203 MOV,2.0,14,0.04009392,0.39941379,0.14285714
4203,MOV,0.015,4203 MOV,0.0,12,0.0,0.24249401,0.0
4203,MOV,0.046,4203 MOV,0.0,12,0.0,0.24249401,0.0
4203,MOV,0.14,4203 MOV,0.0,13,0.0,0.22809537,0.0
4203,MOV,0.41,4203 MOV,0.0,10,0.0,0.2775328,0.0
4203,MOV,1.23,4203 MOV,1.0,13,0.01371042,0.33313951,0.07692308
4203,MOV,3.7,4203 MOV,0.0,12,0.0,0.24249401,0.0
4203,MOV,11.1,4203 MOV,0.0,14,0.0,0.2153108,0.0
4203,MOV,33.3,4203 MOV,2.0,14,0.04009392,0.39941379,0.14285714
4203,MOV,100.0,4203 MOV,1.0,11,0.01623217,0.37735844,0.09090909
4204,AUC,0.0,4204 AUC,3.0,13,0.08179529,0.50256376,0.23076923
4204,AUC,100.0,4204 AUC,8.0,15,0.3011698,0.75190465,0.53333333
4204,MOV,0.0,4204 MOV,2.0,13,0.04325818,0.42234631,0.15384615
4204,MOV,100.0,4204 MOV,5.0,15,0.15176324,0.58286452,0.33333333
4206,AUC,0.0,4206 AUC,3.0,11,0.09746059,0.5656453,0.27272727
4206,AUC,100.0,4206 AUC,3.0,15,0.07047549,0.45185449,0.2
4206,MOV,0.0,4206 MOV,2.0,11,0.05136769,0.47698056,0.18181818
4206,MOV,100.0,4206 MOV,5.0,15,0.15176324,0.58286452,0.33333333
4207,AUC,0.0,4207 AUC,3.0,11,0.09746059,0.5656453,0.27272727
4207,AUC,100.0,4207 AUC,4.0,15,0.10897453,0.51950434,0.26666667
4207,MOV,0.0,4207 MOV,2.0,11,0.05136769,0.47698056,0.18181818
4207,MOV,100.0,4207 MOV,1.0,15,0.0118669,0.2981653,0.06666667
4208,AUC,0.0,4208 AUC,3.0,11,0.09746059,0.5656453,0.27272727
4208,AUC,100.0,4208 AUC,1.0,8,0.02241749,0.47088818,0.125
4208,MOV,0.0,4208 MOV,2.0,11,0.05136769,0.47698056,0.18181818
4208,MOV,100.0,4208 MOV,5.0,8,0.30574239,0.86315571,0.625
4209,AUC,0.0,4209 AUC,4.0,26,0.06150034,0.33531199,0.15384615
4209,AUC,0.005,4209 AUC,1.0,12,0.01486509,0.35387991,0.08333333
4209,AUC,0.015,4209 AUC,1.0,13,0.01371042,0.33313951,0.07692308
4209,AUC,0.046,4209 AUC,4.0,12,0.13812009,0.60937791,0.33333333
4209,AUC,0.14,4209 AUC,1.0,13,0.01371042,0.33313951,0.07692308
4209,AUC,0.41,4209 AUC,3.0,12,0.08894167,0.53230533,0.25
4209,AUC,1.23,4209 AUC,6.0,14,0.21380799,0.67409355,0.42857143
4209,AUC,3.7,4209 AUC,3.0,14,0.07571387,0.47589231,0.21428571
4209,AUC,11.1,4209 AUC,4.0,12,0.13812009,0.60937791,0.33333333
4209,AUC,33.3,4209 AUC,3.0,14,0.07571387,0.47589231,0.21428571
4209,AUC,100.0,4209 AUC,3.0,13,0.08179529,0.50256376,0.23076923
4209,MOV,0.0,4209 MOV,2.0,26,0.02135509,0.24141554,0.07692308
4209,MOV,0.005,4209 MOV,1.0,12,0.01486509,0.35387991,0.08333333
4209,MOV,0.015,4209 MOV,2.0,13,0.04325818,0.42234631,0.15384615
4209,MOV,0.046,4209 MOV,1.0,12,0.01486509,0.35387991,0.08333333
4209,MOV,0.14,4209 MOV,0.0,13,0.0,0.22809537,0.0
4209,MOV,0.41,4209 MOV,2.0,12,0.04696514,0.44803086,0.16666667
4209,MOV,1.23,4209 MOV,0.0,14,0.0,0.2153108,0.0
4209,MOV,3.7,4209 MOV,1.0,14,0.01272222,0.31468704,0.07142857
4209,MOV,11.1,4209 MOV,1.0,12,0.01486509,0.35387991,0.08333333
4209,MOV,33.3,4209 MOV,2.0,14,0.04009392,0.39941379,0.14285714
4209,MOV,100.0,4209 MOV,1.0,13,0.01371042,0.33313951,0.07692308
4210,AUC,0.0,4210 AUC,5.0,25,0.08860585,0.3913095,0.2
4210,AUC,0.005,4210 AUC,1.0,13,0.01371042,0.33313951,0.07692308
4210,AUC,0.015,4210 AUC,3.0,13,0.08179529,0.50256376,0.23076923
4210,AUC,0.046,4210 AUC,1.0,11,0.01623217,0.37735844,0.09090909
4210,AUC,0.14,4210 AUC,2.0,13,0.04325818,0.42234631,0.15384615
4210,AUC,0.41,4210 AUC,1.0,12,0.01486509,0.35387991,0.08333333
4210,AUC,1.23,4210 AUC,0.0,14,0.0,0.2153108,0.0
4210,AUC,3.7,4210 AUC,3.0,13,0.08179529,0.50256376,0.23076923
4210,AUC,11.1,4210 AUC,1.0,1,0.20654931,1.0,1.0
4210,MOV,0.0,4210 MOV,2.0,25,0.0222204,0.24966109,0.08
4210,MOV,0.005,4210 MOV,1.0,13,0.01371042,0.33313951,0.07692308
4210,MOV,0.015,4210 MOV,1.0,13,0.01371042,0.33313951,0.07692308
4210,MOV,0.046,4210 MOV,2.0,11,0.05136769,0.47698056,0.18181818
4210,MOV,0.14,4210 MOV,0.0,13,0.0,0.22809537,0.0
4210,MOV,0.41,4210 MOV,0.0,12,0.0,0.24249401,0.0
4210,MOV,1.23,4210 MOV,1.0,14,0.01272222,0.31468704,0.07142857
4210,MOV,3.7,4210 MOV,0.0,13,0.0,0.22809537,0.0
4210,MOV,11.1,4210 MOV,0.0,1,0.0,0.79345069,0.0
4211,AUC,0.0,4211 AUC,4.0,27,0.05915928,0.32478685,0.14814815
4211,AUC,0.005,4211 AUC,4.0,14,0.11721379,0.54649084,0.28571429
4211,AUC,0.015,4211 AUC,3.0,14,0.07571387,0.47589231,0.21428571
4211,AUC,0.046,4211 AUC,3.0,14,0.07571387,0.47589231,0.21428571
4211,AUC,0.14,4211 AUC,0.0,12,0.0,0.24249401,0.0
4211,AUC,0.41,4211 AUC,3.0,13,0.08179529,0.50256376,0.23076923
4211,AUC,1.23,4211 AUC,0.0,12,0.0,0.24249401,0.0
4211,AUC,3.7,4211 AUC,2.0,10,0.05668215,0.50983753,0.2
4211,AUC,11.1,4211 AUC,3.0,12,0.08894167,0.53230533,0.25
4211,AUC,33.3,4211 AUC,3.0,11,0.09746059,0.5656453,0.27272727
4211,MOV,0.0,4211 MOV,2.0,27,0.02055465,0.23369593,0.07407407
4211,MOV,0.005,4211 MOV,1.0,14,0.01272222,0.31468704,0.07142857
4211,MOV,0.015,4211 MOV,1.0,14,0.01272222,0.31468704,0.07142857
4211,MOV,0.046,4211 MOV,1.0,14,0.01272222,0.31468704,0.07142857
4211,MOV,0.14,4211 MOV,1.0,12,0.01486509,0.35387991,0.08333333
4211,MOV,0.41,4211 MOV,0.0,13,0.0,0.22809537,0.0
4211,MOV,1.23,4211 MOV,0.0,12,0.0,0.24249401,0.0
4211,MOV,3.7,4211 MOV,0.0,10,0.0,0.2775328,0.0
4211,MOV,11.1,4211 MOV,2.0,12,0.04696514,0.44803086,0.16666667
4211,MOV,33.3,4211 MOV,0.0,11,0.0,0.25883297,0.0
4212,AUC,0.0,4212 AUC,2.0,25,0.0222204,0.24966109,0.08
4212,AUC,0.005,4212 AUC,3.0,12,0.08894167,0.53230533,0.25
4212,AUC,0.015,4212 AUC,5.0,11,0.21271272,0.71990846,0.45454545
4212,AUC,0.046,4212 AUC,2.0,14,0.04009392,0.39941379,0.14285714
4212,AUC,0.14,4212 AUC,2.0,13,0.04325818,0.42234631,0.15384615
4212,AUC,0.41,4212 AUC,0.0,14,0.0,0.2153108,0.0
4212,AUC,1.23,4212 AUC,4.0,12,0.13812009,0.60937791,0.33333333
4212,AUC,3.7,4212 AUC,4.0,13,0.12680704,0.57630657,0.30769231
4212,AUC,11.1,4212 AUC,3.0,13,0.08179529,0.50256376,0.23076923
4212,MOV,0.0,4212 MOV,0.0,25,0.0,0.13319225,0.0
4212,MOV,0.005,4212 MOV,4.0,12,0.13812009,0.60937791,0.33333333
4212,MOV,0.015,4212 MOV,1.0,11,0.01623217,0.37735844,0.09090909
4212,MOV,0.046,4212 MOV,1.0,14,0.01272222,0.31468704,0.07142857
4212,MOV,0.14,4212 MOV,1.0,13,0.01371042,0.33313951,0.07692308
4212,MOV,0.41,4212 MOV,1.0,14,0.01272222,0.31468704,0.07142857
4212,MOV,1.23,4212 MOV,2.0,12,0.04696514,0.44803086,0.16666667
4212,MOV,3.7,4212 MOV,0.0,13,0.0,0.22809537,0.0
4212,MOV,11.1,4212 MOV,0.0,13,0.0,0.22809537,0.0
4213,AUC,0.0,4213 AUC,2.0,27,0.02055465,0.23369593,0.07407407
4213,AUC,0.046,4213 AUC,0.0,11,0.0,0.25883297,0.0
4213,AUC,0.14,4213 AUC,1.0,12,0.01486509,0.35387991,0.08333333
4213,AUC,0.41,4213 AUC,0.0,10,0.0,0.2775328,0.0
4213,MOV,0.0,4213 MOV,1.0,27,0.00656815,0.18283466,0.03703704
4213,MOV,0.046,4213 MOV,1.0,11,0.01623217,0.37735844,0.09090909
4213,MOV,0.14,4213 MOV,0.0,12,0.0,0.24249401,0.0
4213,MOV,0.41,4213 MOV,0.0,10,0.0,0.2775328,0.0
4215,AUC,0.0,4215 AUC,4.0,32,0.04970134,0.28068305,0.125
4215,AUC,0.015,4215 AUC,1.0,15,0.0118669,0.2981653,0.06666667
4215,AUC,0.046,4215 AUC,1.0,14,0.01272222,0.31468704,0.07142857
4215,AUC,0.14,4215 AUC,2.0,6,0.09677141,0.70000668,0.33333333
4215,MOV,0.0,4215 MOV,4.0,32,0.04970134,0.28068305,0.125
4215,MOV,0.015,4215 MOV,0.0,15,0.0,0.2038833,0.0
4215,MOV,0.046,4215 MOV,1.0,14,0.01272222,0.31468704,0.07142857
4215,MOV,0.14,4215 MOV,0.0,6,0.0,0.39033429,0.0
4216,AUC,0.0,4216 AUC,4.0,26,0.06150034,0.33531199,0.15384615
4216,AUC,0.005,4216 AUC,1.0,12,0.01486509,0.35387991,0.08333333
4216,AUC,0.015,4216 AUC,4.0,13,0.12680704,0.57630657,0.30769231
4216,AUC,0.046,4216 AUC,2.0,11,0.05136769,0.47698056,0.18181818
4216,AUC,0.14,4216 AUC,1.0,8,0.02241749,0.47088818,0.125
4216,AUC,0.41,4216 AUC,1.0,13,0.01371042,0.33313951,0.07692308
4216,AUC,1.23,4216 AUC,2.0,11,0.05136769,0.47698056,0.18181818
4216,AUC,3.7,4216 AUC,5.0,12,0.19326031,0.68048869,0.41666667
4216,AUC,11.1,4216 AUC,3.0,13,0.08179529,0.50256376,0.23076923
4216,AUC,33.3,4216 AUC,3.0,10,0.10779127,0.60322185,0.3
4216,MOV,0.0,4216 MOV,1.0,26,0.00682198,0.18892779,0.03846154
4216,MOV,0.005,4216 MOV,1.0,12,0.01486509,0.35387991,0.08333333
4216,MOV,0.015,4216 MOV,0.0,13,0.0,0.22809537,0.0
4216,MOV,0.046,4216 MOV,1.0,11,0.01623217,0.37735844,0.09090909
4216,MOV,0.14,4216 MOV,0.0,8,0.0,0.32440756,0.0
4216,MOV,0.41,4216 MOV,1.0,13,0.01371042,0.33313951,0.07692308
4216,MOV,1.23,4216 MOV,0.0,11,0.0,0.25883297,0.0
4216,MOV,3.7,4216 MOV,0.0,12,0.0,0.24249401,0.0
4216,MOV,11.1,4216 MOV,1.0,13,0.01371042,0.33313951,0.07692308
4216,MOV,33.3,4216 MOV,1.0,10,0.01787621,0.40415003,0.1
4217,AUC,0.0,4217 AUC,4.0,25,0.06403451,0.34653622,0.16
4217,AUC,0.005,4217 AUC,1.0,13,0.01371042,0.33313951,0.07692308
4217,AUC,0.015,4217 AUC,2.0,13,0.04325818,0.42234631,0.15384615
4217,AUC,0.046,4217 AUC,0.0,13,0.0,0.22809537,0.0
4217,AUC,0.14,4217 AUC,0.0,14,0.0,0.2153108,0.0
4217,AUC,0.41,4217 AUC,1.0,12,0.01486509,0.35387991,0.08333333
4217,AUC,1.23,4217 AUC,3.0,13,0.08179529,0.50256376,0.23076923
4217,AUC,3.7,4217 AUC,0.0,14,0.0,0.2153108,0.0
4217,AUC,11.1,4217 AUC,0.0,14,0.0,0.2153108,0.0
4217,AUC,33.3,4217 AUC,1.0,11,0.01623217,0.37735844,0.09090909
4217,AUC,100.0,4217 AUC,1.0,11,0.01623217,0.37735844,0.09090909
4217,MOV,0.0,4217 MOV,0.0,25,0.0,0.13319225,0.0
4217,MOV,0.005,4217 MOV,0.0,13,0.0,0.22809537,0.0
4217,MOV,0.015,4217 MOV,1.0,13,0.01371042,0.33313951,0.07692308
4217,MOV,0.046,4217 MOV,0.0,13,0.0,0.22809537,0.0
4217,MOV,0.14,4217 MOV,0.0,14,0.0,0.2153108,0.0
4217,MOV,0.41,4217 MOV,0.0,12,0.0,0.24249401,0.0
4217,MOV,1.23,4217 MOV,1.0,13,0.01371042,0.33313951,0.07692308
4217,MOV,3.7,4217 MOV,0.0,14,0.0,0.2153108,0.0
4217,MOV,11.1,4217 MOV,1.0,14,0.01272222,0.31468704,0.07142857
4217,MOV,33.3,4217 MOV,1.0,11,0.01623217,0.37735844,0.09090909
4217,MOV,100.0,4217 MOV,0.0,11,0.0,0.25883297,0.0
4218,AUC,0.0,4218 AUC,3.0,16,0.06591599,0.43008881,0.1875
4218,AUC,100.0,4218 AUC,12.0,16,0.50501683,0.89817933,0.75
4218,MOV,0.0,4218 MOV,2.0,16,0.03497749,0.36022827,0.125
4218,MOV,100.0,4218 MOV,0.0,16,0.0,0.19360768,0.0
4219,AUC,0.0,4219 AUC,5.0,23,0.09663978,0.41903483,0.2173913
4219,AUC,0.005,4219 AUC,1.0,13,0.01371042,0.33313951,0.07692308
4219,AUC,0.015,4219 AUC,2.0,10,0.05668215,0.50983753,0.2
4219,AUC,0.046,4219 AUC,1.0,12,0.01486509,0.35387991,0.08333333
4219,AUC,0.14,4219 AUC,3.0,14,0.07571387,0.47589231,0.21428571
4219,AUC,0.41,4219 AUC,1.0,13,0.01371042,0.33313951,0.07692308
4219,AUC,1.23,4219 AUC,1.0,12,0.01486509,0.35387991,0.08333333
4219,AUC,3.7,4219 AUC,6.0,11,0.28009154,0.78728728,0.54545455
4219,MOV,0.0,4219 MOV,0.0,23,0.0,0.14311662,0.0
4219,MOV,0.005,4219 MOV,0.0,13,0.0,0.22809537,0.0
4219,MOV,0.015,4219 MOV,0.0,10,0.0,0.2775328,0.0
4219,MOV,0.046,4219 MOV,0.0,12,0.0,0.24249401,0.0
4219,MOV,0.14,4219 MOV,0.0,14,0.0,0.2153108,0.0
4219,MOV,0.41,4219 MOV,0.0,13,0.0,0.22809537,0.0
4219,MOV,1.23,4219 MOV,0.0,12,0.0,0.24249401,0.0
4219,MOV,3.7,4219 MOV,0.0,11,0.0,0.25883297,0.0
4220,AUC,0.0,4220 AUC,1.0,28,0.00633252,0.17712198,0.03571429
4220,AUC,0.005,4220 AUC,3.0,12,0.08894167,0.53230533,0.25
4220,AUC,0.015,4220 AUC,3.0,13,0.08179529,0.50256376,0.23076923
4220,AUC,0.046,4220 AUC,3.0,13,0.08179529,0.50256376,0.23076923
4220,AUC,0.14,4220 AUC,5.0,12,0.19326031,0.68048869,0.41666667
4220,AUC,0.41,4220 AUC,2.0,12,0.04696514,0.44803086,0.16666667
4220,AUC,1.23,4220 AUC,4.0,13,0.12680704,0.57630657,0.30769231
4220,AUC,3.7,4220 AUC,3.0,13,0.08179529,0.50256376,0.23076923
4220,AUC,11.1,4220 AUC,2.0,13,0.04325818,0.42234631,0.15384615
4220,AUC,33.3,4220 AUC,1.0,6,0.03005337,0.56350282,0.16666667
4220,MOV,0.0,4220 MOV,1.0,28,0.00633252,0.17712198,0.03571429
4220,MOV,0.005,4220 MOV,0.0,12,0.0,0.24249401,0.0
4220,MOV,0.015,4220 MOV,0.0,13,0.0,0.22809537,0.0
4220,MOV,0.046,4220 MOV,0.0,13,0.0,0.22809537,0.0
4220,MOV,0.14,4220 MOV,1.0,12,0.01486509,0.35387991,0.08333333
4220,MOV,0.41,4220 MOV,0.0,12,0.0,0.24249401,0.0
4220,MOV,1.23,4220 MOV,0.0,13,0.0,0.22809537,0.0
4220,MOV,3.7,4220 MOV,1.0,13,0.01371042,0.33313951,0.07692308
4220,MOV,11.1,4220 MOV,2.0,13,0.04325818,0.42234631,0.15384615
4220,MOV,33.3,4220 MOV,2.0,6,0.09677141,0.70000668,0.33333333
4221,AUC,0.0,4221 AUC,3.0,29,0.03581489,0.26385081,0.10344828
4221,AUC,0.41,4221 AUC,1.0,14,0.01272222,0.31468704,0.07142857
4221,AUC,1.23,4221 AUC,1.0,8,0.02241749,0.47088818,0.125
4221,AUC,3.7,4221 AUC,0.0,1,0.0,0.79345069,0.0
4221,MOV,0.0,4221 MOV,2.0,29,0.01912127,0.2196458,0.06896552
4221,MOV,0.41,4221 MOV,1.0,14,0.01272222,0.31468704,0.07142857
4221,MOV,1.23,4221 MOV,0.0,8,0.0,0.32440756,0.0
4221,MOV,3.7,4221 MOV,0.0,1,0.0,0.79345069,0.0
4222,AUC,0.0,4222 AUC,5.0,15,0.15176324,0.58286452,0.33333333
4222,AUC,100.0,4222 AUC,4.0,15,0.10897453,0.51950434,0.26666667
4222,MOV,0.0,4222 MOV,0.0,15,0.0,0.2038833,0.0
4222,MOV,100.0,4222 MOV,1.0,15,0.0118669,0.2981653,0.06666667
4223,AUC,0.0,4223 AUC,5.0,15,0.15176324,0.58286452,0.33333333
4223,AUC,100.0,4223 AUC,3.0,14,0.07571387,0.47589231,0.21428571
4223,MOV,0.0,4223 MOV,0.0,15,0.0,0.2038833,0.0
4223,MOV,100.0,4223 MOV,4.0,14,0.11721379,0.54649084,0.28571429
4224,AUC,0.0,4224 AUC,5.0,15,0.15176324,0.58286452,0.33333333
4224,AUC,100.0,4224 AUC,3.0,14,0.07571387,0.47589231,0.21428571
4224,MOV,0.0,4224 MOV,0.0,15,0.0,0.2038833,0.0
4224,MOV,100.0,4224 MOV,2.0,14,0.04009392,0.39941379,0.14285714
4225,AUC,0.0,4225 AUC,5.0,15,0.15176324,0.58286452,0.33333333
4225,AUC,100.0,4225 AUC,6.0,16,0.18481233,0.61358959,0.375
4225,MOV,0.0,4225 MOV,0.0,15,0.0,0.2038833,0.0
4225,MOV,100.0,4225 MOV,0.0,16,0.0,0.19360768,0.0
4226,AUC,0.0,4226 AUC,2.0,15,0.03736126,0.37881983,0.13333333
4226,AUC,100.0,4226 AUC,12.0,16,0.50501683,0.89817933,0.75
4226,MOV,0.0,4226 MOV,2.0,15,0.03736126,0.37881983,0.13333333
4226,MOV,100.0,4226 MOV,8.0,16,0.27999564,0.72000436,0.5
4227,AUC,0.0,4227 AUC,2.0,25,0.0222204,0.24966109,0.08
4227,AUC,0.005,4227 AUC,1.0,12,0.01486509,0.35387991,0.08333333
4227,AUC,0.015,4227 AUC,0.0,13,0.0,0.22809537,0.0
4227,AUC,0.046,4227 AUC,1.0,12,0.01486509,0.35387991,0.08333333
4227,AUC,0.14,4227 AUC,4.0,14,0.11721379,0.54649084,0.28571429
4227,AUC,0.41,4227 AUC,4.0,13,0.12680704,0.57630657,0.30769231
4227,AUC,1.23,4227 AUC,2.0,13,0.04325818,0.42234631,0.15384615
4227,AUC,3.7,4227 AUC,4.0,14,0.11721379,0.54649084,0.28571429
4227,AUC,11.1,4227 AUC,1.0,14,0.01272222,0.31468704,0.07142857
4227,AUC,33.3,4227 AUC,3.0,8,0.13684429,0.69425761,0.375
4227,MOV,0.0,4227 MOV,4.0,25,0.06403451,0.34653622,0.16
4227,MOV,0.005,4227 MOV,1.0,12,0.01486509,0.35387991,0.08333333
4227,MOV,0.015,4227 MOV,1.0,13,0.01371042,0.33313951,0.07692308
4227,MOV,0.046,4227 MOV,1.0,12,0.01486509,0.35387991,0.08333333
4227,MOV,0.14,4227 MOV,2.0,14,0.04009392,0.39941379,0.14285714
4227,MOV,0.41,4227 MOV,3.0,13,0.08179529,0.50256376,0.23076923
4227,MOV,1.23,4227 MOV,0.0,13,0.0,0.22809537,0.0
4227,MOV,3.7,4227 MOV,3.0,14,0.07571387,0.47589231,0.21428571
4227,MOV,11.1,4227 MOV,0.0,14,0.0,0.2153108,0.0
4227,MOV,33.3,4227 MOV,2.0,8,0.07147921,0.59072457,0.25
4228,AUC,0.0,4228 AUC,5.0,21,0.10628013,0.45091174,0.23809524
4228,AUC,0.005,4228 AUC,4.0,14,0.11721379,0.54649084,0.28571429
4228,AUC,0.015,4228 AUC,3.0,12,0.08894167,0.53230533,0.25
4228,AUC,0.046,4228 AUC,3.0,13,0.08179529,0.50256376,0.23076923
4228,AUC,0.14,4228 AUC,5.0,13,0.17709708,0.64477108,0.38461538
4228,AUC,0.41,4228 AUC,4.0,13,0.12680704,0.57630657,0.30769231
4228,AUC,1.23,4228 AUC,5.0,11,0.21271272,0.71990846,0.45454545
4228,AUC,3.7,4228 AUC,3.0,10,0.10779127,0.60322185,0.3
4228,AUC,11.1,4228 AUC,0.0,9,0.0,0.29914505,0.0
4228,AUC,33.3,4228 AUC,0.0,9,0.0,0.29914505,0.0
4228,AUC,100.0,4228 AUC,1.0,9,0.01989089,0.43499971,0.11111111
4228,MOV,0.0,4228 MOV,3.0,21,0.04981012,0.3463606,0.14285714
4228,MOV,0.005,4228 MOV,0.0,14,0.0,0.2153108,0.0
4228,MOV,0.015,4228 MOV,1.0,12,0.01486509,0.35387991,0.08333333
4228,MOV,0.046,4228 MOV,2.0,13,0.04325818,0.42234631,0.15384615
4228,MOV,0.14,4228 MOV,1.0,13,0.01371042,0.33313951,0.07692308
4228,MOV,0.41,4228 MOV,1.0,13,0.01371042,0.33313951,0.07692308
4228,MOV,1.23,4228 MOV,1.0,11,0.01623217,0.37735844,0.09090909
4228,MOV,3.7,4228 MOV,1.0,10,0.01787621,0.40415003,0.1
4228,MOV,11.1,4228 MOV,1.0,9,0.01989089,0.43499971,0.11111111
4228,MOV,33.3,4228 MOV,0.0,9,0.0,0.29914505,0.0
4228,MOV,100.0,4228 MOV,1.0,9,0.01989089,0.43499971,0.11111111
4229,AUC,0.0,4229 AUC,3.0,27,0.03852035,0.28057801,0.11111111
4229,AUC,0.005,4229 AUC,3.0,11,0.09746059,0.5656453,0.27272727
4229,AUC,0.015,4229 AUC,5.0,13,0.17709708,0.64477108,0.38461538
4229,AUC,0.046,4229 AUC,8.0,14,0.32590645,0.78619201,0.57142857
4229,AUC,0.14,4229 AUC,4.0,11,0.15166471,0.64619883,0.36363636
4229,AUC,0.41,4229 AUC,2.0,12,0.04696514,0.44803086,0.16666667
4229,AUC,1.23,4229 AUC,2.0,12,0.04696514,0.44803086,0.16666667
4229,AUC,3.7,4229 AUC,5.0,9,0.26665129,0.81122148,0.55555556
4229,AUC,100.0,4229 AUC,2.0,2,0.34238023,1.0,1.0
4229,MOV,0.0,4229 MOV,3.0,27,0.03852035,0.28057801,0.11111111
4229,MOV,0.005,4229 MOV,0.0,11,0.0,0.25883297,0.0
4229,MOV,0.015,4229 MOV,1.0,13,0.01371042,0.33313951,0.07692308
4229,MOV,0.046,4229 MOV,0.0,14,0.0,0.2153108,0.0
4229,MOV,0.14,4229 MOV,0.0,11,0.0,0.25883297,0.0
4229,MOV,0.41,4229 MOV,1.0,12,0.01486509,0.35387991,0.08333333
4229,MOV,1.23,4229 MOV,0.0,12,0.0,0.24249401,0.0
4229,MOV,3.7,4229 MOV,2.0,9,0.06322511,0.54741103,0.22222222
4229,MOV,100.0,4229 MOV,0.0,2,0.0,0.65761977,0.0
4230,AUC,0.0,4230 AUC,2.0,15,0.03736126,0.37881983,0.13333333
4230,AUC,100.0,4230 AUC,2.0,14,0.04009392,0.39941379,0.14285714
4230,MOV,0.0,4230 MOV,2.0,15,0.03736126,0.37881983,0.13333333
4230,MOV,100.0,4230 MOV,5.0,14,0.16344732,0.61235577,0.35714286
4231,AUC,0.0,4231 AUC,1.0,14,0.01272222,0.31468704,0.07142857
4231,AUC,100.0,4231 AUC,8.0,15,0.3011698,0.75190465,0.53333333
4231,MOV,0.0,4231 MOV,0.0,14,0.0,0.2153108,0.0
4231,MOV,100.0,4231 MOV,0.0,15,0.0,0.2038833,0.0
4233,AUC,0.0,4233 AUC,1.0,22,0.00806943,0.21798046,0.04545455
4233,AUC,0.005,4233 AUC,2.0,14,0.04009392,0.39941379,0.14285714
4233,AUC,0.015,4233 AUC,0.0,10,0.0,0.2775328,0.0
4233,AUC,0.046,4233 AUC,3.0,12,0.08894167,0.53230533,0.25
4233,AUC,0.14,4233 AUC,2.0,11,0.05136769,0.47698056,0.18181818
4233,AUC,0.41,4233 AUC,3.0,7,0.15821986,0.74954164,0.42857143
4233,MOV,0.0,4233 MOV,1.0,22,0.00806943,0.21798046,0.04545455
4233,MOV,0.005,4233 MOV,0.0,14,0.0,0.2153108,0.0
4233,MOV,0.015,4233 MOV,0.0,10,0.0,0.2775328,0.0
4233,MOV,0.046,4233 MOV,0.0,12,0.0,0.24249401,0.0
4233,MOV,0.14,4233 MOV,1.0,11,0.01623217,0.37735844,0.09090909
4233,MOV,0.41,4233 MOV,1.0,7,0.02567962,0.51312783,0.14285714
4234,AUC,0.0,4234 AUC,4.0,20,0.08065766,0.41601743,0.2
4234,AUC,0.005,4234 AUC,2.0,13,0.04325818,0.42234631,0.15384615
4234,AUC,0.015,4234 AUC,7.0,13,0.29143796,0.76793932,0.53846154
4234,AUC,0.046,4234 AUC,9.0,12,0.46769467,0.91105833,0.75
4234,AUC,0.14,4234 AUC,6.0,13,0.23206068,0.70856204,0.46153846
4234,AUC,0.41,4234 AUC,7.0,13,0.29143796,0.76793932,0.53846154
4234,AUC,1.23,4234 AUC,7.0,8,0.52911182,0.97758251,0.875
4234,AUC,3.7,4234 AUC,4.0,4,0.51010916,1.0,1.0
4234,AUC,11.1,4234 AUC,0.0,1,0.0,0.79345069,0.0
4234,MOV,0.0,4234 MOV,2.0,20,0.02786648,0.30103365,0.1
4234,MOV,0.005,4234 MOV,1.0,13,0.01371042,0.33313951,0.07692308
4234,MOV,0.015,4234 MOV,1.0,13,0.01371042,0.33313951,0.07692308
4234,MOV,0.046,4234 MOV,2.0,12,0.04696514,0.44803086,0.16666667
4234,MOV,0.14,4234 MOV,1.0,13,0.01371042,0.33313951,0.07692308
4234,MOV,0.41,4234 MOV,3.0,13,0.08179529,0.50256376,0.23076923
4234,MOV,1.23,4234 MOV,1.0,8,0.02241749,0.47088818,0.125
4234,MOV,3.7,4234 MOV,0.0,4,0.0,0.48989084,0.0
4234,MOV,11.1,4234 MOV,0.0,1,0.0,0.79345069,0.0
4235,AUC,0.0,4235 AUC,5.0,24,0.09244825,0.40470453,0.20833333
4235,AUC,0.005,4235 AUC,0.0,12,0.0,0.24249401,0.0
4235,AUC,0.015,4235 AUC,1.0,14,0.01272222,0.31468704,0.07142857
4235,AUC,0.046,4235 AUC,4.0,13,0.12680704,0.57630657,0.30769231
4235,AUC,0.14,4235 AUC,4.0,12,0.13812009,0.60937791,0.33333333
4235,AUC,0.41,4235 AUC,1.0,12,0.01486509,0.35387991,0.08333333
4235,AUC,1.23,4235 AUC,2.0,11,0.05136769,0.47698056,0.18181818
4235,AUC,3.7,4235 AUC,3.0,12,0.08894167,0.53230533,0.25
4235,AUC,11.1,4235 AUC,7.0,14,0.26799202,0.73200798,0.5
4235,AUC,33.3,4235 AUC,8.0,9,0.56500029,0.98010911,0.88888889
4235,AUC,100.0,4235 AUC,4.0,6,0.29999332,0.90322859,0.66666667
4235,MOV,0.0,4235 MOV,3.0,24,0.04344334,0.31003881,0.125
4235,MOV,0.005,4235 MOV,0.0,12,0.0,0.24249401,0.0
4235,MOV,0.015,4235 MOV,0.0,14,0.0,0.2153108,0.0
4235,MOV,0.046,4235 MOV,1.0,13,0.01371042,0.33313951,0.07692308
4235,MOV,0.14,4235 MOV,1.0,12,0.01486509,0.35387991,0.08333333
4235,MOV,0.41,4235 MOV,1.0,12,0.01486509,0.35387991,0.08333333
4235,MOV,1.23,4235 MOV,0.0,11,0.0,0.25883297,0.0
4235,MOV,3.7,4235 MOV,1.0,12,0.01486509,0.35387991,0.08333333
4235,MOV,11.1,4235 MOV,0.0,14,0.0,0.2153108,0.0
4235,MOV,33.3,4235 MOV,2.0,9,0.06322511,0.54741103,0.22222222
4235,MOV,100.0,4235 MOV,3.0,6,0.18761631,0.81238369,0.5
4236,AUC,0.0,4236 AUC,1.0,15,0.0118669,0.2981653,0.06666667
4236,AUC,100.0,4236 AUC,4.0,12,0.13812009,0.60937791,0.33333333
4236,MOV,0.0,4236 MOV,0.0,15,0.0,0.2038833,0.0
4236,MOV,100.0,4236 MOV,0.0,12,0.0,0.24249401,0.0
4237,AUC,0.0,4237 AUC,1.0,15,0.0118669,0.2981653,0.06666667
4237,AUC,100.0,4237 AUC,1.0,13,0.01371042,0.33313951,0.07692308
4237,MOV,0.0,4237 MOV,0.0,15,0.0,0.2038833,0.0
4237,MOV,100.0,4237 MOV,1.0,13,0.01371042,0.33313951,0.07692308
4238,AUC,0.0,4238 AUC,1.0,15,0.0118669,0.2981653,0.06666667
4238,AUC,100.0,4238 AUC,1.0,12,0.01486509,0.35387991,0.08333333
4238,MOV,0.0,4238 MOV,0.0,15,0.0,0.2038833,0.0
4238,MOV,100.0,4238 MOV,0.0,12,0.0,0.24249401,0.0
4239,AUC,0.0,4239 AUC,1.0,15,0.0118669,0.2981653,0.06666667
4239,AUC,100.0,4239 AUC,2.0,15,0.03736126,0.37881983,0.13333333
4239,MOV,0.0,4239 MOV,0.0,15,0.0,0.2038833,0.0
4239,MOV,100.0,4239 MOV,1.0,15,0.0118669,0.2981653,0.06666667
4241,AUC,0.0,4241 AUC,4.0,24,0.06678676,0.35853071,0.16666667
4241,AUC,0.005,4241 AUC,1.0,13,0.01371042,0.33313951,0.07692308
4241,AUC,0.015,4241 AUC,1.0,13,0.01371042,0.33313951,0.07692308
4241,AUC,0.046,4241 AUC,3.0,10,0.10779127,0.60322185,0.3
4241,AUC,0.14,4241 AUC,1.0,11,0.01623217,0.37735844,0.09090909
4241,AUC,0.41,4241 AUC,2.0,11,0.05136769,0.47698056,0.18181818
4241,AUC,1.23,4241 AUC,0.0,10,0.0,0.2775328,0.0
4241,AUC,3.7,4241 AUC,0.0,10,0.0,0.2775328,0.0
4241,AUC,11.1,4241 AUC,1.0,9,0.01989089,0.43499971,0.11111111
4241,AUC,33.3,4241 AUC,0.0,9,0.0,0.29914505,0.0
4241,AUC,100.0,4241 AUC,5.0,8,0.30574239,0.86315571,0.625
4241,MOV,0.0,4241 MOV,2.0,24,0.02315882,0.25848802,0.08333333
4241,MOV,0.005,4241 MOV,0.0,13,0.0,0.22809537,0.0
4241,MOV,0.015,4241 MOV,1.0,13,0.01371042,0.33313951,0.07692308
4241,MOV,0.046,4241 MOV,1.0,10,0.01787621,0.40415003,0.1
4241,MOV,0.14,4241 MOV,1.0,11,0.01623217,0.37735844,0.09090909
4241,MOV,0.41,4241 MOV,1.0,11,0.01623217,0.37735844,0.09090909
4241,MOV,1.23,4241 MOV,0.0,10,0.0,0.2775328,0.0
4241,MOV,3.7,4241 MOV,0.0,10,0.0,0.2775328,0.0
4241,MOV,11.1,4241 MOV,0.0,9,0.0,0.29914505,0.0
4241,MOV,33.3,4241 MOV,0.0,9,0.0,0.29914505,0.0
4241,MOV,100.0,4241 MOV,1.0,8,0.02241749,0.47088818,0.125
4242,AUC,0.0,4242 AUC,9.0,16,0.33178556,0.76901348,0.5625
4242,AUC,100.0,4242 AUC,4.0,16,0.10182067,0.49498317,0.25
4242,MOV,0.0,4242 MOV,0.0,16,0.0,0.19360768,0.0
4242,MOV,100.0,4242 MOV,2.0,16,0.03497749,0.36022827,0.125
4243,AUC,0.0,4243 AUC,9.0,16,0.33178556,0.76901348,0.5625
4243,AUC,100.0,4243 AUC,5.0,13,0.17709708,0.64477108,0.38461538
4243,MOV,0.0,4243 MOV,0.0,16,0.0,0.19360768,0.0
4243,MOV,100.0,4243 MOV,2.0,13,0.04325818,0.42234631,0.15384615
4244,AUC,0.0,4244 AUC,4.0,30,0.05309655,0.29681327,0.13333333
4244,AUC,1.23,4244 AUC,2.0,15,0.03736126,0.37881983,0.13333333
4244,AUC,3.7,4244 AUC,1.0,14,0.01272222,0.31468704,0.07142857
4244,AUC,11.1,4244 AUC,4.0,13,0.12680704,0.57630657,0.30769231
4244,MOV,0.0,4244 MOV,4.0,30,0.05309655,0.29681327,0.13333333
4244,MOV,1.23,4244 MOV,0.0,15,0.0,0.2038833,0.0
4244,MOV,3.7,4244 MOV,0.0,14,0.0,0.2153108,0.0
4244,MOV,11.1,4244 MOV,0.0,13,0.0,0.22809537,0.0
4245,AUC,0.0,4245 AUC,9.0,16,0.33178556,0.76901348,0.5625
4245,AUC,100.0,4245 AUC,4.0,15,0.10897453,0.51950434,0.26666667
4245,MOV,0.0,4245 MOV,0.0,16,0.0,0.19360768,0.0
4245,MOV,100.0,4245 MOV,3.0,15,0.07047549,0.45185449,0.2
4246,AUC,0.0,4246 AUC,2.0,15,0.03736126,0.37881983,0.13333333
4246,AUC,100.0,4246 AUC,0.0,16,0.0,0.19360768,0.0
4246,MOV,0.0,4246 MOV,0.0,15,0.0,0.2038833,0.0
4246,MOV,100.0,4246 MOV,2.0,16,0.03497749,0.36022827,0.125
4247,AUC,0.0,4247 AUC,5.0,27,0.08180707,0.36698684,0.18518519
4247,AUC,0.005,4247 AUC,2.0,13,0.04325818,0.42234631,0.15384615
4247,AUC,0.015,4247 AUC,2.0,11,0.05136769,0.47698056,0.18181818
4247,AUC,0.046,4247 AUC,1.0,14,0.01272222,0.31468704,0.07142857
4247,AUC,0.14,4247 AUC,1.0,12,0.01486509,0.35387991,0.08333333
4247,AUC,0.41,4247 AUC,1.0,13,0.01371042,0.33313951,0.07692308
4247,AUC,1.23,4247 AUC,2.0,10,0.05668215,0.50983753,0.2
4247,MOV,0.0,4247 MOV,3.0,27,0.03852035,0.28057801,0.11111111
4247,MOV,0.005,4247 MOV,1.0,13,0.01371042,0.33313951,0.07692308
4247,MOV,0.015,4247 MOV,1.0,11,0.01623217,0.37735844,0.09090909
4247,MOV,0.046,4247 MOV,0.0,14,0.0,0.2153108,0.0
4247,MOV,0.14,4247 MOV,0.0,12,0.0,0.24249401,0.0
4247,MOV,0.41,4247 MOV,1.0,13,0.01371042,0.33313951,0.07692308
4247,MOV,1.23,4247 MOV,0.0,10,0.0,0.2775328,0.0
4248,AUC,0.0,4248 AUC,2.0,25,0.0222204,0.24966109,0.08
4248,AUC,0.005,4248 AUC,3.0,12,0.08894167,0.53230533,0.25
4248,AUC,0.015,4248 AUC,4.0,13,0.12680704,0.57630657,0.30769231
4248,AUC,0.046,4248 AUC,3.0,12,0.08894167,0.53230533,0.25
4248,AUC,0.14,4248 AUC,4.0,9,0.18877852,0.73334871,0.44444444
4248,AUC,0.41,4248 AUC,3.0,14,0.07571387,0.47589231,0.21428571
4248,AUC,1.23,4248 AUC,5.0,13,0.17709708,0.64477108,0.38461538
4248,AUC,3.7,4248 AUC,6.0,13,0.23206068,0.70856204,0.46153846
4248,AUC,11.1,4248 AUC,1.0,2,0.09453121,0.90546879,0.5
4248,MOV,0.0,4248 MOV,0.0,25,0.0,0.13319225,0.0
4248,MOV,0.005,4248 MOV,0.0,12,0.0,0.24249401,0.0
4248,MOV,0.015,4248 MOV,3.0,13,0.08179529,0.50256376,0.23076923
4248,MOV,0.046,4248 MOV,1.0,12,0.01486509,0.35387991,0.08333333
4248,MOV,0.14,4248 MOV,3.0,9,0.12058382,0.64579786,0.33333333
4248,MOV,0.41,4248 MOV,2.0,14,0.04009392,0.39941379,0.14285714
4248,MOV,1.23,4248 MOV,1.0,13,0.01371042,0.33313951,0.07692308
4248,MOV,3.7,4248 MOV,0.0,13,0.0,0.22809537,0.0
4248,MOV,11.1,4248 MOV,0.0,2,0.0,0.65761977,0.0
4249,AUC,0.0,4249 AUC,2.0,15,0.03736126,0.37881983,0.13333333
4249,AUC,100.0,4249 AUC,1.0,16,0.01111934,0.28328738,0.0625
4249,MOV,0.0,4249 MOV,0.0,15,0.0,0.2038833,0.0
4249,MOV,100.0,4249 MOV,0.0,16,0.0,0.19360768,0.0
4250,AUC,0.0,4250 AUC,2.0,15,0.03736126,0.37881983,0.13333333
4250,AUC,100.0,4250 AUC,0.0,13,0.0,0.22809537,0.0
4250,MOV,0.0,4250 MOV,0.0,15,0.0,0.2038833,0.0
4250,MOV,100.0,4250 MOV,1.0,13,0.01371042,0.33313951,0.07692308
4251,AUC,0.0,4251 AUC,0.0,16,0.0,0.19360768,0.0
4251,AUC,100.0,4251 AUC,1.0,16,0.01111934,0.28328738,0.0625
4251,MOV,0.0,4251 MOV,0.0,16,0.0,0.19360768,0.0
4251,MOV,100.0,4251 MOV,0.0,16,0.0,0.19360768,0.0
4252,AUC,0.0,4252 AUC,2.0,20,0.02786648,0.30103365,0.1
4252,AUC,0.005,4252 AUC,1.0,14,0.01272222,0.31468704,0.07142857
4252,AUC,0.015,4252 AUC,3.0,14,0.07571387,0.47589231,0.21428571
4252,AUC,0.046,4252 AUC,4.0,14,0.11721379,0.54649084,0.28571429
4252,AUC,0.14,4252 AUC,1.0,11,0.01623217,0.37735844,0.09090909
4252,AUC,0.41,4252 AUC,4.0,11,0.15166471,0.64619883,0.36363636
4252,AUC,1.23,4252 AUC,5.0,10,0.23659309,0.76340691,0.5
4252,AUC,3.7,4252 AUC,0.0,3,0.0,0.56149703,0.0
4252,MOV,0.0,4252 MOV,1.0,20,0.00888145,0.23613119,0.05
4252,MOV,0.005,4252 MOV,10.0,14,0.45350916,0.88278621,0.71428571
4252,MOV,0.015,4252 MOV,4.0,14,0.11721379,0.54649084,0.28571429
4252,MOV,0.046,4252 MOV,5.0,14,0.16344732,0.61235577,0.35714286
4252,MOV,0.14,4252 MOV,8.0,11,0.4343547,0.90253941,0.72727273
4252,MOV,0.41,4252 MOV,8.0,11,0.4343547,0.90253941,0.72727273
4252,MOV,1.23,4252 MOV,3.0,10,0.10779127,0.60322185,0.3
4252,MOV,3.7,4252 MOV,1.0,3,0.06149194,0.7923404,0.33333333
4253,AUC,0.0,4253 AUC,0.0,16,0.0,0.19360768,0.0
4253,AUC,100.0,4253 AUC,2.0,16,0.03497749,0.36022827,0.125
4253,MOV,0.0,4253 MOV,0.0,16,0.0,0.19360768,0.0
4253,MOV,100.0,4253 MOV,0.0,16,0.0,0.19360768,0.0
4254,AUC,0.0,4254 AUC,0.0,16,0.0,0.19360768,0.0
4254,AUC,100.0,4254 AUC,0.0,14,0.0,0.2153108,0.0
4254,MOV,0.0,4254 MOV,0.0,16,0.0,0.19360768,0.0
4254,MOV,100.0,4254 MOV,0.0,14,0.0,0.2153108,0.0
4256,AUC,0.0,4256 AUC,1.0,14,0.01272222,0.31468704,0.07142857
4256,AUC,100.0,4256 AUC,0.0,13,0.0,0.22809537,0.0
4256,MOV,0.0,4256 MOV,1.0,14,0.01272222,0.31468704,0.07142857
4256,MOV,100.0,4256 MOV,4.0,13,0.12680704,0.57630657,0.30769231
4257,AUC,0.0,4257 AUC,1.0,14,0.01272222,0.31468704,0.07142857
4257,AUC,100.0,4257 AUC,2.0,15,0.03736126,0.37881983,0.13333333
4257,MOV,0.0,4257 MOV,1.0,14,0.01272222,0.31468704,0.07142857
4257,MOV,100.0,4257 MOV,1.0,15,0.0118669,0.2981653,0.06666667
4258,AUC,0.0,4258 AUC,1.0,14,0.01272222,0.31468704,0.07142857
4258,AUC,100.0,4258 AUC,0.0,13,0.0,0.22809537,0.0
4258,MOV,0.0,4258 MOV,1.0,14,0.01272222,0.31468704,0.07142857
4258,MOV,100.0,4258 MOV,1.0,13,0.01371042,0.33313951,0.07692308
4259,AUC,0.0,4259 AUC,3.0,27,0.03852035,0.28057801,0.11111111
4259,AUC,0.005,4259 AUC,3.0,13,0.08179529,0.50256376,0.23076923
4259,AUC,0.015,4259 AUC,2.0,12,0.04696514,0.44803086,0.16666667
4259,AUC,0.046,4259 AUC,1.0,14,0.01272222,0.31468704,0.07142857
4259,AUC,0.14,4259 AUC,4.0,13,0.12680704,0.57630657,0.30769231
4259,AUC,0.41,4259 AUC,0.0,13,0.0,0.22809537,0.0
4259,AUC,1.23,4259 AUC,0.0,12,0.0,0.24249401,0.0
4259,AUC,3.7,4259 AUC,1.0,3,0.06149194,0.7923404,0.33333333
4259,MOV,0.0,4259 MOV,0.0,27,0.0,0.12455503,0.0
4259,MOV,0.005,4259 MOV,1.0,13,0.01371042,0.33313951,0.07692308
4259,MOV,0.015,4259 MOV,1.0,12,0.01486509,0.35387991,0.08333333
4259,MOV,0.046,4259 MOV,2.0,14,0.04009392,0.39941379,0.14285714
4259,MOV,0.14,4259 MOV,0.0,13,0.0,0.22809537,0.0
4259,MOV,0.41,4259 MOV,0.0,13,0.0,0.22809537,0.0
4259,MOV,1.23,4259 MOV,0.0,12,0.0,0.24249401,0.0
4259,MOV,3.7,4259 MOV,0.0,3,0.0,0.56149703,0.0
4260,AUC,0.0,4260 AUC,1.0,14,0.01272222,0.31468704,0.07142857
4260,AUC,100.0,4260 AUC,1.0,16,0.01111934,0.28328738,0.0625
4260,MOV,0.0,4260 MOV,1.0,14,0.01272222,0.31468704,0.07142857
4260,MOV,100.0,4260 MOV,4.0,16,0.10182067,0.49498317,0.25
4261,AUC,0.0,4261 AUC,3.0,16,0.06591599,0.43008881,0.1875
4261,AUC,100.0,4261 AUC,2.0,15,0.03736126,0.37881983,0.13333333
4261,MOV,0.0,4261 MOV,1.0,16,0.01111934,0.28328738,0.0625
4261,MOV,100.0,4261 MOV,1.0,15,0.0118669,0.2981653,0.06666667
4262,AUC,0.0,4262 AUC,3.0,16,0.06591599,0.43008881,0.1875
4262,AUC,100.0,4262 AUC,0.0,14,0.0,0.2153108,0.0
4262,MOV,0.0,4262 MOV,1.0,16,0.01111934,0.28328738,0.0625
4262,MOV,100.0,4262 MOV,0.0,14,0.0,0.2153108,0.0
4263,AUC,0.0,4263 AUC,3.0,16,0.06591599,0.43008881,0.1875
4263,AUC,100.0,4263 AUC,3.0,14,0.07571387,0.47589231,0.21428571
4263,MOV,0.0,4263 MOV,1.0,16,0.01111934,0.28328738,0.0625
4263,MOV,100.0,4263 MOV,2.0,14,0.04009392,0.39941379,0.14285714
4265,AUC,0.0,4265 AUC,3.0,16,0.06591599,0.43008881,0.1875
4265,AUC,100.0,4265 AUC,3.0,15,0.07047549,0.45185449,0.2
4265,MOV,0.0,4265 MOV,1.0,16,0.01111934,0.28328738,0.0625
4265,MOV,100.0,4265 MOV,1.0,15,0.0118669,0.2981653,0.06666667
4266,AUC,0.0,4266 AUC,1.0,16,0.01111934,0.28328738,0.0625
4266,AUC,100.0,4266 AUC,2.0,15,0.03736126,0.37881983,0.13333333
4266,MOV,0.0,4266 MOV,1.0,16,0.01111934,0.28328738,0.0625
4266,MOV,100.0,4266 MOV,0.0,15,0.0,0.2038833,0.0
4267,AUC,0.0,4267 AUC,1.0,16,0.01111934,0.28328738,0.0625
4267,AUC,100.0,4267 AUC,3.0,16,0.06591599,0.43008881,0.1875
4267,MOV,0.0,4267 MOV,1.0,16,0.01111934,0.28328738,0.0625
4267,MOV,100.0,4267 MOV,0.0,16,0.0,0.19360768,0.0
4268,AUC,0.0,4268 AUC,3.0,28,0.03711837,0.27195852,0.10714286
4268,AUC,0.005,4268 AUC,1.0,13,0.01371042,0.33313951,0.07692308
4268,AUC,0.015,4268 AUC,1.0,14,0.01272222,0.31468704,0.07142857
4268,AUC,0.046,4268 AUC,1.0,11,0.01623217,0.37735844,0.09090909
4268,AUC,0.14,4268 AUC,2.0,13,0.04325818,0.42234631,0.15384615
4268,AUC,0.41,4268 AUC,1.0,12,0.01486509,0.35387991,0.08333333
4268,AUC,1.23,4268 AUC,1.0,13,0.01371042,0.33313951,0.07692308
4268,MOV,0.0,4268 MOV,2.0,28,0.01981206,0.22645363,0.07142857
4268,MOV,0.005,4268 MOV,1.0,13,0.01371042,0.33313951,0.07692308
4268,MOV,0.015,4268 MOV,0.0,14,0.0,0.2153108,0.0
4268,MOV,0.046,4268 MOV,1.0,11,0.01623217,0.37735844,0.09090909
4268,MOV,0.14,4268 MOV,0.0,13,0.0,0.22809537,0.0
4268,MOV,0.41,4268 MOV,1.0,12,0.01486509,0.35387991,0.08333333
4268,MOV,1.23,4268 MOV,0.0,13,0.0,0.22809537,0.0
4269,AUC,0.0,4269 AUC,1.0,16,0.01111934,0.28328738,0.0625
4269,AUC,100.0,4269 AUC,4.0,12,0.13812009,0.60937791,0.33333333
4269,MOV,0.0,4269 MOV,1.0,16,0.01111934,0.28328738,0.0625
4269,MOV,100.0,4269 MOV,0.0,12,0.0,0.24249401,0.0
4270,AUC,0.0,4270 AUC,4.0,27,0.05915928,0.32478685,0.14814815
4270,AUC,0.005,4270 AUC,4.0,13,0.12680704,0.57630657,0.30769231
4270,AUC,0.015,4270 AUC,1.0,12,0.01486509,0.35387991,0.08333333
4270,AUC,0.046,4270 AUC,2.0,14,0.04009392,0.39941379,0.14285714
4270,AUC,0.14,4270 AUC,0.0,11,0.0,0.25883297,0.0
4270,AUC,0.41,4270 AUC,5.0,12,0.19326031,0.68048869,0.41666667
4270,AUC,1.23,4270 AUC,1.0,11,0.01623217,0.37735844,0.09090909
4270,MOV,0.0,4270 MOV,0.0,27,0.0,0.12455503,0.0
4270,MOV,0.005,4270 MOV,0.0,13,0.0,0.22809537,0.0
4270,MOV,0.015,4270 MOV,0.0,12,0.0,0.24249401,0.0
4270,MOV,0.046,4270 MOV,2.0,14,0.04009392,0.39941379,0.14285714
4270,MOV,0.14,4270 MOV,0.0,11,0.0,0.25883297,0.0
4270,MOV,0.41,4270 MOV,0.0,12,0.0,0.24249401,0.0
4270,MOV,1.23,4270 MOV,1.0,11,0.01623217,0.37735844,0.09090909
4271,AUC,0.0,4271 AUC,4.0,28,0.05699005,0.31489802,0.14285714
4271,AUC,0.005,4271 AUC,1.0,14,0.01272222,0.31468704,0.07142857
4271,AUC,0.015,4271 AUC,1.0,14,0.01272222,0.31468704,0.07142857
4271,AUC,0.046,4271 AUC,3.0,14,0.07571387,0.47589231,0.21428571
4271,AUC,0.14,4271 AUC,7.0,14,0.26799202,0.73200798,0.5
4271,AUC,0.41,4271 AUC,2.0,13,0.04325818,0.42234631,0.15384615
4271,AUC,1.23,4271 AUC,2.0,14,0.04009392,0.39941379,0.14285714
4271,AUC,3.7,4271 AUC,2.0,12,0.04696514,0.44803086,0.16666667
4271,AUC,11.1,4271 AUC,0.0,14,0.0,0.2153108,0.0
4271,AUC,33.3,4271 AUC,6.0,14,0.21380799,0.67409355,0.42857143
4271,AUC,100.0,4271 AUC,5.0,14,0.16344732,0.61235577,0.35714286
4271,MOV,0.0,4271 MOV,2.0,28,0.01981206,0.22645363,0.07142857
4271,MOV,0.005,4271 MOV,1.0,14,0.01272222,0.31468704,0.07142857
4271,MOV,0.015,4271 MOV,0.0,14,0.0,0.2153108,0.0
4271,MOV,0.046,4271 MOV,1.0,14,0.01272222,0.31468704,0.07142857
4271,MOV,0.14,4271 MOV,2.0,14,0.04009392,0.39941379,0.14285714
4271,MOV,0.41,4271 MOV,2.0,13,0.04325818,0.42234631,0.15384615
4271,MOV,1.23,4271 MOV,0.0,14,0.0,0.2153108,0.0
4271,MOV,3.7,4271 MOV,0.0,12,0.0,0.24249401,0.0
4271,MOV,11.1,4271 MOV,2.0,14,0.04009392,0.39941379,0.14285714
4271,MOV,33.3,4271 MOV,1.0,14,0.01272222,0.31468704,0.07142857
4271,MOV,100.0,4271 MOV,1.0,14,0.01272222,0.31468704,0.07142857
4272,AUC,0.0,4272 AUC,4.0,27,0.05915928,0.32478685,0.14814815
4272,AUC,0.005,4272 AUC,3.0,14,0.07571387,0.47589231,0.21428571
4272,AUC,0.015,4272 AUC,2.0,12,0.04696514,0.44803086,0.16666667
4272,AUC,0.046,4272 AUC,2.0,14,0.04009392,0.39941379,0.14285714
4272,AUC,0.14,4272 AUC,4.0,13,0.12680704,0.57630657,0.30769231
4272,AUC,0.41,4272 AUC,5.0,14,0.16344732,0.61235577,0.35714286
4272,AUC,1.23,4272 AUC,6.0,13,0.23206068,0.70856204,0.46153846
4272,AUC,3.7,4272 AUC,3.0,11,0.09746059,0.5656453,0.27272727
4272,MOV,0.0,4272 MOV,3.0,27,0.03852035,0.28057801,0.11111111
4272,MOV,0.005,4272 MOV,0.0,14,0.0,0.2153108,0.0
4272,MOV,0.015,4272 MOV,0.0,12,0.0,0.24249401,0.0
4272,MOV,0.046,4272 MOV,2.0,14,0.04009392,0.39941379,0.14285714
4272,MOV,0.14,4272 MOV,0.0,13,0.0,0.22809537,0.0
4272,MOV,0.41,4272 MOV,0.0,14,0.0,0.2153108,0.0
4272,MOV,1.23,4272 MOV,2.0,13,0.04325818,0.42234631,0.15384615
4272,MOV,3.7,4272 MOV,0.0,11,0.0,0.25883297,0.0
4273,AUC,0.0,4273 AUC,0.0,15,0.0,0.2038833,0.0
4273,AUC,100.0,4273 AUC,2.0,14,0.04009392,0.39941379,0.14285714
4273,MOV,0.0,4273 MOV,0.0,15,0.0,0.2038833,0.0
4273,MOV,100.0,4273 MOV,1.0,14,0.01272222,0.31468704,0.07142857
4274,AUC,0.0,4274 AUC,0.0,15,0.0,0.2038833,0.0
4274,AUC,100.0,4274 AUC,3.0,16,0.06591599,0.43008881,0.1875
4274,MOV,0.0,4274 MOV,0.0,15,0.0,0.2038833,0.0
4274,MOV,100.0,4274 MOV,0.0,16,0.0,0.19360768,0.0
4275,AUC,0.0,4275 AUC,0.0,15,0.0,0.2038833,0.0
4275,AUC,100.0,4275 AUC,0.0,14,0.0,0.2153108,0.0
4275,MOV,0.0,4275 MOV,0.0,15,0.0,0.2038833,0.0
4275,MOV,100.0,4275 MOV,1.0,14,0.01272222,0.31468704,0.07142857
4276,AUC,0.0,4276 AUC,2.0,15,0.03736126,0.37881983,0.13333333
4276,AUC,100.0,4276 AUC,1.0,16,0.01111934,0.28328738,0.0625
4276,MOV,0.0,4276 MOV,0.0,15,0.0,0.2038833,0.0
4276,MOV,100.0,4276 MOV,0.0,16,0.0,0.19360768,0.0
4277,AUC,0.0,4277 AUC,2.0,15,0.03736126,0.37881983,0.13333333
4277,AUC,100.0,4277 AUC,1.0,16,0.01111934,0.28328738,0.0625
4277,MOV,0.0,4277 MOV,0.0,15,0.0,0.2038833,0.0
4277,MOV,100.0,4277 MOV,1.0,16,0.01111934,0.28328738,0.0625
4278,AUC,0.0,4278 AUC,2.0,15,0.03736126,0.37881983,0.13333333
4278,AUC,100.0,4278 AUC,0.0,16,0.0,0.19360768,0.0
4278,MOV,0.0,4278 MOV,0.0,15,0.0,0.2038833,0.0
4278,MOV,100.0,4278 MOV,1.0,16,0.01111934,0.28328738,0.0625
4279,AUC,0.0,4279 AUC,6.0,28,0.1021246,0.39538586,0.21428571
4279,AUC,0.005,4279 AUC,4.0,14,0.11721379,0.54649084,0.28571429
4279,AUC,0.015,4279 AUC,4.0,14,0.11721379,0.54649084,0.28571429
4279,AUC,0.046,4279 AUC,4.0,13,0.12680704,0.57630657,0.30769231
4279,AUC,0.14,4279 AUC,5.0,13,0.17709708,0.64477108,0.38461538
4279,AUC,0.41,4279 AUC,3.0,13,0.08179529,0.50256376,0.23076923
4279,AUC,1.23,4279 AUC,3.0,14,0.07571387,0.47589231,0.21428571
4279,AUC,3.7,4279 AUC,3.0,13,0.08179529,0.50256376,0.23076923
4279,AUC,11.1,4279 AUC,6.0,11,0.28009154,0.78728728,0.54545455
4279,MOV,0.0,4279 MOV,2.0,28,0.01981206,0.22645363,0.07142857
4279,MOV,0.005,4279 MOV,0.0,14,0.0,0.2153108,0.0
4279,MOV,0.015,4279 MOV,0.0,14,0.0,0.2153108,0.0
4279,MOV,0.046,4279 MOV,1.0,13,0.01371042,0.33313951,0.07692308
4279,MOV,0.14,4279 MOV,1.0,13,0.01371042,0.33313951,0.07692308
4279,MOV,0.41,4279 MOV,2.0,13,0.04325818,0.42234631,0.15384615
4279,MOV,1.23,4279 MOV,3.0,14,0.07571387,0.47589231,0.21428571
4279,MOV,3.7,4279 MOV,0.0,13,0.0,0.22809537,0.0
4279,MOV,11.1,4279 MOV,0.0,11,0.0,0.25883297,0.0
4280,AUC,0.0,4280 AUC,1.0,21,0.00845599,0.2266936,0.04761905
4280,AUC,0.005,4280 AUC,1.0,13,0.01371042,0.33313951,0.07692308
4280,AUC,0.015,4280 AUC,1.0,12,0.01486509,0.35387991,0.08333333
4280,AUC,0.046,4280 AUC,2.0,10,0.05668215,0.50983753,0.2
4280,AUC,0.14,4280 AUC,2.0,12,0.04696514,0.44803086,0.16666667
4280,AUC,0.41,4280 AUC,2.0,13,0.04325818,0.42234631,0.15384615
4280,AUC,1.23,4280 AUC,0.0,5,0.0,0.43448246,0.0
4280,AUC,3.7,4280 AUC,0.0,2,0.0,0.65761977,0.0
4280,AUC,33.3,4280 AUC,2.0,2,0.34238023,1.0,1.0
4280,MOV,0.0,4280 MOV,0.0,21,0.0,0.15463902,0.0
4280,MOV,0.005,4280 MOV,5.0,13,0.17709708,0.64477108,0.38461538
4280,MOV,0.015,4280 MOV,5.0,12,0.19326031,0.68048869,0.41666667
4280,MOV,0.046,4280 MOV,1.0,10,0.01787621,0.40415003,0.1
4280,MOV,0.14,4280 MOV,3.0,12,0.08894167,0.53230533,0.25
4280,MOV,0.41,4280 MOV,4.0,13,0.12680704,0.57630657,0.30769231
4280,MOV,1.23,4280 MOV,2.0,5,0.11762077,0.76927572,0.4
4280,MOV,3.7,4280 MOV,1.0,2,0.09453121,0.90546879,0.5
4280,MOV,33.3,4280 MOV,1.0,2,0.09453121,0.90546879,0.5
4282,AUC,0.0,4282 AUC,5.0,28,0.07878502,0.35591425,0.17857143
4282,AUC,0.005,4282 AUC,3.0,13,0.08179529,0.50256376,0.23076923
4282,AUC,0.015,4282 AUC,4.0,11,0.15166471,0.64619883,0.36363636
4282,AUC,0.046,4282 AUC,3.0,14,0.07571387,0.47589231,0.21428571
4282,AUC,0.14,4282 AUC,8.0,14,0.32590645,0.78619201,0.57142857
4282,AUC,0.41,4282 AUC,4.0,14,0.11721379,0.54649084,0.28571429
4282,AUC,1.23,4282 AUC,2.0,13,0.04325818,0.42234631,0.15384615
4282,AUC,3.7,4282 AUC,3.0,12,0.08894167,0.53230533,0.25
4282,AUC,11.1,4282 AUC,3.0,13,0.08179529,0.50256376,0.23076923
4282,AUC,33.3,4282 AUC,4.0,12,0.13812009,0.60937791,0.33333333
4282,AUC,100.0,4282 AUC,0.0,1,0.0,0.79345069,0.0
4282,MOV,0.0,4282 MOV,0.0,28,0.0,0.1206433,0.0
4282,MOV,0.005,4282 MOV,0.0,13,0.0,0.22809537,0.0
4282,MOV,0.015,4282 MOV,0.0,11,0.0,0.25883297,0.0
4282,MOV,0.046,4282 MOV,2.0,14,0.04009392,0.39941379,0.14285714
4282,MOV,0.14,4282 MOV,2.0,14,0.04009392,0.39941379,0.14285714
4282,MOV,0.41,4282 MOV,3.0,14,0.07571387,0.47589231,0.21428571
4282,MOV,1.23,4282 MOV,1.0,13,0.01371042,0.33313951,0.07692308
4282,MOV,3.7,4282 MOV,1.0,12,0.01486509,0.35387991,0.08333333
4282,MOV,11.1,4282 MOV,3.0,13,0.08179529,0.50256376,0.23076923
4282,MOV,33.3,4282 MOV,3.0,12,0.08894167,0.53230533,0.25
4282,MOV,100.0,4282 MOV,0.0,1,0.0,0.79345069,0.0
4283,AUC,0.0,4283 AUC,3.0,15,0.07047549,0.45185449,0.2
4283,AUC,100.0,4283 AUC,0.0,15,0.0,0.2038833,0.0
4283,MOV,0.0,4283 MOV,0.0,15,0.0,0.2038833,0.0
4283,MOV,100.0,4283 MOV,0.0,15,0.0,0.2038833,0.0
4284,AUC,0.0,4284 AUC,3.0,15,0.07047549,0.45185449,0.2
4284,AUC,100.0,4284 AUC,1.0,15,0.0118669,0.2981653,0.06666667
4284,MOV,0.0,4284 MOV,0.0,15,0.0,0.2038833,0.0
4284,MOV,100.0,4284 MOV,0.0,15,0.0,0.2038833,0.0
4285,AUC,0.0,4285 AUC,3.0,15,0.07047549,0.45185449,0.2
4285,AUC,100.0,4285 AUC,1.0,12,0.01486509,0.35387991,0.08333333
4285,MOV,0.0,4285 MOV,0.0,15,0.0,0.2038833,0.0
4285,MOV,100.0,4285 MOV,0.0,12,0.0,0.24249401,0.0
4286,AUC,0.0,4286 AUC,0.0,26,0.0,0.12872892,0.0
4286,AUC,0.005,4286 AUC,1.0,13,0.01371042,0.33313951,0.07692308
4286,AUC,0.015,4286 AUC,1.0,12,0.01486509,0.35387991,0.08333333
4286,AUC,0.046,4286 AUC,3.0,12,0.08894167,0.53230533,0.25
4286,AUC,0.14,4286 AUC,3.0,13,0.08179529,0.50256376,0.23076923
4286,AUC,0.41,4286 AUC,0.0,11,0.0,0.25883297,0.0
4286,AUC,33.3,4286 AUC,0.0,1,0.0,0.79345069,0.0
4286,MOV,0.0,4286 MOV,0.0,26,0.0,0.12872892,0.0
4286,MOV,0.005,4286 MOV,0.0,13,0.0,0.22809537,0.0
4286,MOV,0.015,4286 MOV,0.0,12,0.0,0.24249401,0.0
4286,MOV,0.046,4286 MOV,2.0,12,0.04696514,0.44803086,0.16666667
4286,MOV,0.14,4286 MOV,2.0,13,0.04325818,0.42234631,0.15384615
4286,MOV,0.41,4286 MOV,3.0,11,0.09746059,0.5656453,0.27272727
4286,MOV,33.3,4286 MOV,0.0,1,0.0,0.79345069,0.0
4287,AUC,0.0,4287 AUC,2.0,15,0.03736126,0.37881983,0.13333333
4287,AUC,100.0,4287 AUC,2.0,13,0.04325818,0.42234631,0.15384615
4287,MOV,0.0,4287 MOV,0.0,15,0.0,0.2038833,0.0
4287,MOV,100.0,4287 MOV,8.0,13,0.35522892,0.82290292,0.61538462
4288,AUC,0.0,4288 AUC,3.0,25,0.04166817,0.29955794,0.12
4288,AUC,0.005,4288 AUC,1.0,12,0.01486509,0.35387991,0.08333333
4288,AUC,0.015,4288 AUC,2.0,11,0.05136769,0.47698056,0.18181818
4288,AUC,0.046,4288 AUC,0.0,9,0.0,0.29914505,0.0
4288,AUC,0.14,4288 AUC,1.0,10,0.01787621,0.40415003,0.1
4288,AUC,0.41,4288 AUC,1.0,10,0.01787621,0.40415003,0.1
4288,AUC,1.23,4288 AUC,1.0,2,0.09453121,0.90546879,0.5
4288,MOV,0.0,4288 MOV,1.0,25,0.00709623,0.19544064,0.04
4288,MOV,0.005,4288 MOV,0.0,12,0.0,0.24249401,0.0
4288,MOV,0.015,4288 MOV,3.0,11,0.09746059,0.5656453,0.27272727
4288,MOV,0.046,4288 MOV,1.0,9,0.01989089,0.43499971,0.11111111
4288,MOV,0.14,4288 MOV,1.0,10,0.01787621,0.40415003,0.1
4288,MOV,0.41,4288 MOV,3.0,10,0.10779127,0.60322185,0.3
4288,MOV,1.23,4288 MOV,0.0,2,0.0,0.65761977,0.0
4289,AUC,0.0,4289 AUC,2.0,27,0.02055465,0.23369593,0.07407407
4289,AUC,0.005,4289 AUC,5.0,14,0.16344732,0.61235577,0.35714286
4289,AUC,0.015,4289 AUC,3.0,14,0.07571387,0.47589231,0.21428571
4289,AUC,0.046,4289 AUC,3.0,12,0.08894167,0.53230533,0.25
4289,AUC,0.14,4289 AUC,4.0,13,0.12680704,0.57630657,0.30769231
4289,AUC,0.41,4289 AUC,3.0,13,0.08179529,0.50256376,0.23076923
4289,AUC,1.23,4289 AUC,3.0,13,0.08179529,0.50256376,0.23076923
4289,AUC,3.7,4289 AUC,1.0,14,0.01272222,0.31468704,0.07142857
4289,AUC,11.1,4289 AUC,3.0,11,0.09746059,0.5656453,0.27272727
4289,MOV,0.0,4289 MOV,0.0,27,0.0,0.12455503,0.0
4289,MOV,0.005,4289 MOV,1.0,14,0.01272222,0.31468704,0.07142857
4289,MOV,0.015,4289 MOV,1.0,14,0.01272222,0.31468704,0.07142857
4289,MOV,0.046,4289 MOV,2.0,12,0.04696514,0.44803086,0.16666667
4289,MOV,0.14,4289 MOV,0.0,13,0.0,0.22809537,0.0
4289,MOV,0.41,4289 MOV,0.0,13,0.0,0.22809537,0.0
4289,MOV,1.23,4289 MOV,1.0,13,0.01371042,0.33313951,0.07692308
4289,MOV,3.7,4289 MOV,0.0,14,0.0,0.2153108,0.0
4289,MOV,11.1,4289 MOV,2.0,11,0.05136769,0.47698056,0.18181818
4290,AUC,0.0,4290 AUC,2.0,15,0.03736126,0.37881983,0.13333333
4290,AUC,100.0,4290 AUC,3.0,12,0.08894167,0.53230533,0.25
4290,MOV,0.0,4290 MOV,0.0,15,0.0,0.2038833,0.0
4290,MOV,100.0,4290 MOV,2.0,12,0.04696514,0.44803086,0.16666667
4291,AUC,0.0,4291 AUC,6.0,24,0.11999366,0.44899444,0.25
4291,AUC,0.005,4291 AUC,6.0,13,0.23206068,0.70856204,0.46153846
4291,AUC,0.015,4291 AUC,4.0,13,0.12680704,0.57630657,0.30769231
4291,AUC,0.046,4291 AUC,4.0,13,0.12680704,0.57630657,0.30769231
4291,AUC,0.14,4291 AUC,8.0,13,0.35522892,0.82290292,0.61538462
4291,AUC,0.41,4291 AUC,3.0,11,0.09746059,0.5656453,0.27272727
4291,AUC,1.23,4291 AUC,5.0,14,0.16344732,0.61235577,0.35714286
4291,AUC,3.7,4291 AUC,4.0,13,0.12680704,0.57630657,0.30769231
4291,AUC,11.1,4291 AUC,5.0,13,0.17709708,0.64477108,0.38461538
4291,MOV,0.0,4291 MOV,1.0,24,0.00739346,0.20241806,0.04166667
4291,MOV,0.005,4291 MOV,1.0,13,0.01371042,0.33313951,0.07692308
4291,MOV,0.015,4291 MOV,5.0,13,0.17709708,0.64477108,0.38461538
4291,MOV,0.046,4291 MOV,3.0,13,0.08179529,0.50256376,0.23076923
4291,MOV,0.14,4291 MOV,3.0,13,0.08179529,0.50256376,0.23076923
4291,MOV,0.41,4291 MOV,3.0,11,0.09746059,0.5656453,0.27272727
4291,MOV,1.23,4291 MOV,3.0,14,0.07571387,0.47589231,0.21428571
4291,MOV,3.7,4291 MOV,1.0,13,0.01371042,0.33313951,0.07692308
4291,MOV,11.1,4291 MOV,1.0,13,0.01371042,0.33313951,0.07692308
4292,AUC,0.0,4292 AUC,0.0,15,0.0,0.2038833,0.0
4292,AUC,100.0,4292 AUC,0.0,15,0.0,0.2038833,0.0
4292,MOV,0.0,4292 MOV,0.0,15,0.0,0.2038833,0.0
4292,MOV,100.0,4292 MOV,0.0,15,0.0,0.2038833,0.0
4293,AUC,0.0,4293 AUC,0.0,15,0.0,0.2038833,0.0
4293,AUC,100.0,4293 AUC,0.0,15,0.0,0.2038833,0.0
4293,MOV,0.0,4293 MOV,0.0,15,0.0,0.2038833,0.0
4293,MOV,100.0,4293 MOV,1.0,15,0.0118669,0.2981653,0.06666667
4294,AUC,0.0,4294 AUC,0.0,15,0.0,0.2038833,0.0
4294,AUC,100.0,4294 AUC,1.0,12,0.01486509,0.35387991,0.08333333
4294,MOV,0.0,4294 MOV,0.0,15,0.0,0.2038833,0.0
4294,MOV,100.0,4294 MOV,1.0,12,0.01486509,0.35387991,0.08333333
4295,AUC,0.0,4295 AUC,0.0,15,0.0,0.2038833,0.0
4295,AUC,100.0,4295 AUC,1.0,15,0.0118669,0.2981653,0.06666667
4295,MOV,0.0,4295 MOV,0.0,15,0.0,0.2038833,0.0
4295,MOV,100.0,4295 MOV,0.0,15,0.0,0.2038833,0.0
4296,AUC,0.0,4296 AUC,2.0,25,0.0222204,0.24966109,0.08
4296,AUC,0.005,4296 AUC,4.0,11,0.15166471,0.64619883,0.36363636
4296,AUC,0.015,4296 AUC,1.0,9,0.01989089,0.43499971,0.11111111
4296,AUC,0.046,4296 AUC,1.0,11,0.01623217,0.37735844,0.09090909
4296,AUC,0.14,4296 AUC,3.0,11,0.09746059,0.5656453,0.27272727
4296,AUC,0.41,4296 AUC,4.0,11,0.15166471,0.64619883,0.36363636
4296,AUC,1.23,4296 AUC,1.0,9,0.01989089,0.43499971,0.11111111
4296,AUC,3.7,4296 AUC,0.0,6,0.0,0.39033429,0.0
4296,MOV,0.0,4296 MOV,1.0,25,0.00709623,0.19544064,0.04
4296,MOV,0.005,4296 MOV,0.0,11,0.0,0.25883297,0.0
4296,MOV,0.015,4296 MOV,0.0,9,0.0,0.29914505,0.0
4296,MOV,0.046,4296 MOV,1.0,11,0.01623217,0.37735844,0.09090909
4296,MOV,0.14,4296 MOV,0.0,11,0.0,0.25883297,0.0
4296,MOV,0.41,4296 MOV,1.0,11,0.01623217,0.37735844,0.09090909
4296,MOV,1.23,4296 MOV,0.0,9,0.0,0.29914505,0.0
4296,MOV,3.7,4296 MOV,1.0,6,0.03005337,0.56350282,0.16666667
4297,AUC,0.0,4297 AUC,7.0,27,0.13170375,0.44678571,0.25925926
4297,AUC,0.005,4297 AUC,3.0,10,0.10779127,0.60322185,0.3
4297,AUC,0.015,4297 AUC,3.0,12,0.08894167,0.53230533,0.25
4297,AUC,0.046,4297 AUC,5.0,12,0.19326031,0.68048869,0.41666667
4297,AUC,0.14,4297 AUC,2.0,12,0.04696514,0.44803086,0.16666667
4297,AUC,0.41,4297 AUC,3.0,14,0.07571387,0.47589231,0.21428571
4297,AUC,1.23,4297 AUC,5.0,13,0.17709708,0.64477108,0.38461538
4297,AUC,3.7,4297 AUC,3.0,13,0.08179529,0.50256376,0.23076923
4297,AUC,11.1,4297 AUC,2.0,6,0.09677141,0.70000668,0.33333333
4297,AUC,33.3,4297 AUC,2.0,5,0.11762077,0.76927572,0.4
4297,AUC,100.0,4297 AUC,1.0,1,0.20654931,1.0,1.0
4297,MOV,0.0,4297 MOV,0.0,27,0.0,0.12455503,0.0
4297,MOV,0.005,4297 MOV,0.0,10,0.0,0.2775328,0.0
4297,MOV,0.015,4297 MOV,0.0,12,0.0,0.24249401,0.0
4297,MOV,0.046,4297 MOV,0.0,12,0.0,0.24249401,0.0
4297,MOV,0.14,4297 MOV,0.0,12,0.0,0.24249401,0.0
4297,MOV,0.41,4297 MOV,1.0,14,0.01272222,0.31468704,0.07142857
4297,MOV,1.23,4297 MOV,0.0,13,0.0,0.22809537,0.0
4297,MOV,3.7,4297 MOV,0.0,13,0.0,0.22809537,0.0
4297,MOV,11.1,4297 MOV,2.0,6,0.09677141,0.70000668,0.33333333
4297,MOV,33.3,4297 MOV,0.0,5,0.0,0.43448246,0.0
4297,MOV,100.0,4297 MOV,0.0,1,0.0,0.79345069,0.0
4298,AUC,0.0,4298 AUC,2.0,29,0.01912127,0.2196458,0.06896552
4298,AUC,11.1,4298 AUC,1.0,1,0.20654931,1.0,1.0
4298,MOV,0.0,4298 MOV,5.0,29,0.07597857,0.3454844,0.17241379
4298,MOV,11.1,4298 MOV,0.0,1,0.0,0.79345069,0.0
4300,AUC,0.0,4300 AUC,0.0,15,0.0,0.2038833,0.0
4300,AUC,100.0,4300 AUC,1.0,11,0.01623217,0.37735844,0.09090909
4300,MOV,0.0,4300 MOV,0.0,15,0.0,0.2038833,0.0
4300,MOV,100.0,4300 MOV,0.0,11,0.0,0.25883297,0.0
4301,AUC,0.0,4301 AUC,7.0,23,0.15604024,0.50865756,0.30434783
4301,AUC,0.005,4301 AUC,0.0,14,0.0,0.2153108,0.0
4301,AUC,0.015,4301 AUC,1.0,12,0.01486509,0.35387991,0.08333333
4301,AUC,0.046,4301 AUC,2.0,14,0.04009392,0.39941379,0.14285714
4301,AUC,0.14,4301 AUC,0.0,14,0.0,0.2153108,0.0
4301,AUC,0.41,4301 AUC,2.0,12,0.04696514,0.44803086,0.16666667
4301,AUC,1.23,4301 AUC,0.0,14,0.0,0.2153108,0.0
4301,AUC,3.7,4301 AUC,2.0,14,0.04009392,0.39941379,0.14285714
4301,AUC,11.1,4301 AUC,0.0,14,0.0,0.2153108,0.0
4301,AUC,33.3,4301 AUC,0.0,11,0.0,0.25883297,0.0
4301,AUC,100.0,4301 AUC,1.0,10,0.01787621,0.40415003,0.1
4301,MOV,0.0,4301 MOV,0.0,23,0.0,0.14311662,0.0
4301,MOV,0.005,4301 MOV,0.0,14,0.0,0.2153108,0.0
4301,MOV,0.015,4301 MOV,0.0,12,0.0,0.24249401,0.0
4301,MOV,0.046,4301 MOV,0.0,14,0.0,0.2153108,0.0
4301,MOV,0.14,4301 MOV,1.0,14,0.01272222,0.31468704,0.07142857
4301,MOV,0.41,4301 MOV,0.0,12,0.0,0.24249401,0.0
4301,MOV,1.23,4301 MOV,0.0,14,0.0,0.2153108,0.0
4301,MOV,3.7,4301 MOV,0.0,14,0.0,0.2153108,0.0
4301,MOV,11.1,4301 MOV,2.0,14,0.04009392,0.39941379,0.14285714
4301,MOV,33.3,4301 MOV,0.0,11,0.0,0.25883297,0.0
4301,MOV,100.0,4301 MOV,2.0,10,0.05668215,0.50983753,0.2
4302,AUC,0.0,4302 AUC,1.0,15,0.0118669,0.2981653,0.06666667
4302,AUC,100.0,4302 AUC,1.0,14,0.01272222,0.31468704,0.07142857
4302,MOV,0.0,4302 MOV,1.0,15,0.0118669,0.2981653,0.06666667
4302,MOV,100.0,4302 MOV,1.0,14,0.01272222,0.31468704,0.07142857
4303,AUC,0.0,4303 AUC,1.0,15,0.0118669,0.2981653,0.06666667
4303,AUC,100.0,4303 AUC,1.0,15,0.0118669,0.2981653,0.06666667
4303,MOV,0.0,4303 MOV,1.0,15,0.0118669,0.2981653,0.06666667
4303,MOV,100.0,4303 MOV,1.0,15,0.0118669,0.2981653,0.06666667
4304,AUC,0.0,4304 AUC,1.0,15,0.0118669,0.2981653,0.06666667
4304,AUC,100.0,4304 AUC,2.0,14,0.04009392,0.39941379,0.14285714
4304,MOV,0.0,4304 MOV,1.0,15,0.0118669,0.2981653,0.06666667
4304,MOV,100.0,4304 MOV,1.0,14,0.01272222,0.31468704,0.07142857
4305,AUC,0.0,4305 AUC,1.0,15,0.0118669,0.2981653,0.06666667
4305,AUC,100.0,4305 AUC,0.0,15,0.0,0.2038833,0.0
4305,MOV,0.0,4305 MOV,1.0,15,0.0118669,0.2981653,0.06666667
4305,MOV,100.0,4305 MOV,0.0,15,0.0,0.2038833,0.0
4306,AUC,0.0,4306 AUC,1.0,12,0.01486509,0.35387991,0.08333333
4306,AUC,100.0,4306 AUC,2.0,13,0.04325818,0.42234631,0.15384615
4306,MOV,0.0,4306 MOV,1.0,12,0.01486509,0.35387991,0.08333333
4306,MOV,100.0,4306 MOV,5.0,13,0.17709708,0.64477108,0.38461538
4307,AUC,0.0,4307 AUC,1.0,12,0.01486509,0.35387991,0.08333333
4307,AUC,100.0,4307 AUC,5.0,13,0.17709708,0.64477108,0.38461538
4307,MOV,0.0,4307 MOV,1.0,12,0.01486509,0.35387991,0.08333333
4307,MOV,100.0,4307 MOV,4.0,13,0.12680704,0.57630657,0.30769231
4308,AUC,0.0,4308 AUC,1.0,12,0.01486509,0.35387991,0.08333333
4308,AUC,100.0,4308 AUC,0.0,6,0.0,0.39033429,0.0
4308,MOV,0.0,4308 MOV,1.0,12,0.01486509,0.35387991,0.08333333
4308,MOV,100.0,4308 MOV,0.0,6,0.0,0.39033429,0.0
4309,AUC,0.0,4309 AUC,2.0,23,0.02418,0.26795981,0.08695652
4309,AUC,0.005,4309 AUC,1.0,11,0.01623217,0.37735844,0.09090909
4309,AUC,0.015,4309 AUC,1.0,11,0.01623217,0.37735844,0.09090909
4309,AUC,0.046,4309 AUC,3.0,12,0.08894167,0.53230533,0.25
4309,AUC,0.14,4309 AUC,1.0,13,0.01371042,0.33313951,0.07692308
4309,AUC,0.41,4309 AUC,2.0,13,0.04325818,0.42234631,0.15384615
4309,AUC,1.23,4309 AUC,2.0,14,0.04009392,0.39941379,0.14285714
4309,AUC,3.7,4309 AUC,1.0,14,0.01272222,0.31468704,0.07142857
4309,AUC,11.1,4309 AUC,3.0,12,0.08894167,0.53230533,0.25
4309,AUC,33.3,4309 AUC,4.0,13,0.12680704,0.57630657,0.30769231
4309,AUC,100.0,4309 AUC,3.0,12,0.08894167,0.53230533,0.25
4309,MOV,0.0,4309 MOV,1.0,23,0.00771667,0.20991155,0.04347826
4309,MOV,0.005,4309 MOV,0.0,11,0.0,0.25883297,0.0
4309,MOV,0.015,4309 MOV,1.0,11,0.01623217,0.37735844,0.09090909
4309,MOV,0.046,4309 MOV,2.0,12,0.04696514,0.44803086,0.16666667
4309,MOV,0.14,4309 MOV,1.0,13,0.01371042,0.33313951,0.07692308
4309,MOV,0.41,4309 MOV,0.0,13,0.0,0.22809537,0.0
4309,MOV,1.23,4309 MOV,0.0,14,0.0,0.2153108,0.0
4309,MOV,3.7,4309 MOV,0.0,14,0.0,0.2153108,0.0
4309,MOV,11.1,4309 MOV,2.0,12,0.04696514,0.44803086,0.16666667
4309,MOV,33.3,4309 MOV,1.0,13,0.01371042,0.33313951,0.07692308
4309,MOV,100.0,4309 MOV,2.0,12,0.04696514,0.44803086,0.16666667
4310,AUC,0.0,4310 AUC,5.0,24,0.09244825,0.40470453,0.20833333
4310,AUC,0.005,4310 AUC,2.0,12,0.04696514,0.44803086,0.16666667
4310,AUC,0.015,4310 AUC,4.0,13,0.12680704,0.57630657,0.30769231
4310,AUC,0.046,4310 AUC,2.0,13,0.04325818,0.42234631,0.15384615
4310,AUC,0.14,4310 AUC,1.0,14,0.01272222,0.31468704,0.07142857
4310,AUC,0.41,4310 AUC,4.0,10,0.16818033,0.68732623,0.4
4310,AUC,1.23,4310 AUC,5.0,13,0.17709708,0.64477108,0.38461538
4310,AUC,3.7,4310 AUC,5.0,13,0.17709708,0.64477108,0.38461538
4310,AUC,11.1,4310 AUC,2.0,3,0.2076596,0.93850806,0.66666667
4310,MOV,0.0,4310 MOV,4.0,24,0.06678676,0.35853071,0.16666667
4310,MOV,0.005,4310 MOV,0.0,12,0.0,0.24249401,0.0
4310,MOV,0.015,4310 MOV,0.0,13,0.0,0.22809537,0.0
4310,MOV,0.046,4310 MOV,2.0,13,0.04325818,0.42234631,0.15384615
4310,MOV,0.14,4310 MOV,1.0,14,0.01272222,0.31468704,0.07142857
4310,MOV,0.41,4310 MOV,2.0,10,0.05668215,0.50983753,0.2
4310,MOV,1.23,4310 MOV,2.0,13,0.04325818,0.42234631,0.15384615
4310,MOV,3.7,4310 MOV,0.0,13,0.0,0.22809537,0.0
4310,MOV,11.1,4310 MOV,1.0,3,0.06149194,0.7923404,0.33333333
4311,AUC,0.0,4311 AUC,1.0,25,0.00709623,0.19544064,0.04
4311,AUC,0.005,4311 AUC,0.0,14,0.0,0.2153108,0.0
4311,AUC,0.015,4311 AUC,3.0,13,0.08179529,0.50256376,0.23076923
4311,AUC,0.046,4311 AUC,1.0,11,0.01623217,0.37735844,0.09090909
4311,AUC,0.14,4311 AUC,1.0,13,0.01371042,0.33313951,0.07692308
4311,AUC,0.41,4311 AUC,1.0,14,0.01272222,0.31468704,0.07142857
4311,AUC,1.23,4311 AUC,1.0,12,0.01486509,0.35387991,0.08333333
4311,MOV,0.0,4311 MOV,1.0,25,0.00709623,0.19544064,0.04
4311,MOV,0.005,4311 MOV,1.0,14,0.01272222,0.31468704,0.07142857
4311,MOV,0.015,4311 MOV,0.0,13,0.0,0.22809537,0.0
4311,MOV,0.046,4311 MOV,0.0,11,0.0,0.25883297,0.0
4311,MOV,0.14,4311 MOV,0.0,13,0.0,0.22809537,0.0
4311,MOV,0.41,4311 MOV,0.0,14,0.0,0.2153108,0.0
4311,MOV,1.23,4311 MOV,0.0,12,0.0,0.24249401,0.0
4312,AUC,0.0,4312 AUC,1.0,12,0.01486509,0.35387991,0.08333333
4312,AUC,100.0,4312 AUC,3.0,4,0.30064184,0.95441274,0.75
4312,MOV,0.0,4312 MOV,1.0,12,0.01486509,0.35387991,0.08333333
4312,MOV,100.0,4312 MOV,1.0,4,0.04558726,0.69935816,0.25
4313,AUC,0.0,4313 AUC,8.0,16,0.27999564,0.72000436,0.5
4313,AUC,100.0,4313 AUC,4.0,11,0.15166471,0.64619883,0.36363636
4313,MOV,0.0,4313 MOV,4.0,16,0.10182067,0.49498317,0.25
4313,MOV,100.0,4313 MOV,1.0,11,0.01623217,0.37735844,0.09090909
4314,AUC,0.0,4314 AUC,1.0,24,0.00739346,0.20241806,0.04166667
4314,AUC,0.005,4314 AUC,4.0,10,0.16818033,0.68732623,0.4
4314,AUC,0.015,4314 AUC,0.0,11,0.0,0.25883297,0.0
4314,AUC,0.046,4314 AUC,2.0,12,0.04696514,0.44803086,0.16666667
4314,AUC,0.14,4314 AUC,1.0,14,0.01272222,0.31468704,0.07142857
4314,AUC,0.41,4314 AUC,0.0,11,0.0,0.25883297,0.0
4314,AUC,1.23,4314 AUC,6.0,12,0.2537816,0.7462184,0.5
4314,AUC,3.7,4314 AUC,3.0,5,0.23072428,0.88237923,0.6
4314,MOV,0.0,4314 MOV,2.0,24,0.02315882,0.25848802,0.08333333
4314,MOV,0.005,4314 MOV,3.0,10,0.10779127,0.60322185,0.3
4314,MOV,0.015,4314 MOV,4.0,11,0.15166471,0.64619883,0.36363636
4314,MOV,0.046,4314 MOV,4.0,12,0.13812009,0.60937791,0.33333333
4314,MOV,0.14,4314 MOV,2.0,14,0.04009392,0.39941379,0.14285714
4314,MOV,0.41,4314 MOV,3.0,11,0.09746059,0.5656453,0.27272727
4314,MOV,1.23,4314 MOV,2.0,12,0.04696514,0.44803086,0.16666667
4314,MOV,3.7,4314 MOV,1.0,5,0.03622411,0.62446537,0.2
4315,AUC,0.0,4315 AUC,6.0,25,0.11496314,0.43429683,0.24
4315,AUC,0.005,4315 AUC,3.0,11,0.09746059,0.5656453,0.27272727
4315,AUC,0.015,4315 AUC,0.0,8,0.0,0.32440756,0.0
4315,AUC,0.046,4315 AUC,2.0,10,0.05668215,0.50983753,0.2
4315,AUC,0.14,4315 AUC,1.0,9,0.01989089,0.43499971,0.11111111
4315,AUC,0.41,4315 AUC,2.0,13,0.04325818,0.42234631,0.15384615
4315,AUC,1.23,4315 AUC,0.0,13,0.0,0.22809537,0.0
4315,AUC,3.7,4315 AUC,2.0,12,0.04696514,0.44803086,0.16666667
4315,AUC,11.1,4315 AUC,3.0,12,0.08894167,0.53230533,0.25
4315,AUC,33.3,4315 AUC,0.0,12,0.0,0.24249401,0.0
4315,AUC,100.0,4315 AUC,1.0,11,0.01623217,0.37735844,0.09090909
4315,MOV,0.0,4315 MOV,2.0,25,0.0222204,0.24966109,0.08
4315,MOV,0.005,4315 MOV,1.0,11,0.01623217,0.37735844,0.09090909
4315,MOV,0.015,4315 MOV,0.0,8,0.0,0.32440756,0.0
4315,MOV,0.046,4315 MOV,1.0,10,0.01787621,0.40415003,0.1
4315,MOV,0.14,4315 MOV,0.0,9,0.0,0.29914505,0.0
4315,MOV,0.41,4315 MOV,2.0,13,0.04325818,0.42234631,0.15384615
4315,MOV,1.23,4315 MOV,1.0,13,0.01371042,0.33313951,0.07692308
4315,MOV,3.7,4315 MOV,0.0,12,0.0,0.24249401,0.0
4315,MOV,11.1,4315 MOV,2.0,12,0.04696514,0.44803086,0.16666667
4315,MOV,33.3,4315 MOV,0.0,12,0.0,0.24249401,0.0
4315,MOV,100.0,4315 MOV,1.0,11,0.01623217,0.37735844,0.09090909
4316,AUC,0.0,4316 AUC,3.0,25,0.04166817,0.29955794,0.12
4316,AUC,0.005,4316 AUC,1.0,10,0.01787621,0.40415003,0.1
4316,AUC,0.015,4316 AUC,3.0,12,0.08894167,0.53230533,0.25
4316,AUC,0.046,4316 AUC,1.0,10,0.01787621,0.40415003,0.1
4316,AUC,0.14,4316 AUC,0.0,11,0.0,0.25883297,0.0
4316,AUC,0.41,4316 AUC,2.0,12,0.04696514,0.44803086,0.16666667
4316,AUC,1.23,4316 AUC,1.0,10,0.01787621,0.40415003,0.1
4316,AUC,3.7,4316 AUC,1.0,14,0.01272222,0.31468704,0.07142857
4316,AUC,11.1,4316 AUC,2.0,14,0.04009392,0.39941379,0.14285714
4316,AUC,33.3,4316 AUC,3.0,13,0.08179529,0.50256376,0.23076923
4316,AUC,100.0,4316 AUC,5.0,12,0.19326031,0.68048869,0.41666667
4316,MOV,0.0,4316 MOV,2.0,25,0.0222204,0.24966109,0.08
4316,MOV,0.005,4316 MOV,2.0,10,0.05668215,0.50983753,0.2
4316,MOV,0.015,4316 MOV,3.0,12,0.08894167,0.53230533,0.25
4316,MOV,0.046,4316 MOV,2.0,10,0.05668215,0.50983753,0.2
4316,MOV,0.14,4316 MOV,2.0,11,0.05136769,0.47698056,0.18181818
4316,MOV,0.41,4316 MOV,4.0,12,0.13812009,0.60937791,0.33333333
4316,MOV,1.23,4316 MOV,2.0,10,0.05668215,0.50983753,0.2
4316,MOV,3.7,4316 MOV,4.0,14,0.11721379,0.54649084,0.28571429
4316,MOV,11.1,4316 MOV,4.0,14,0.11721379,0.54649084,0.28571429
4316,MOV,33.3,4316 MOV,5.0,13,0.17709708,0.64477108,0.38461538
4316,MOV,100.0,4316 MOV,5.0,12,0.19326031,0.68048869,0.41666667
4317,AUC,0.0,4317 AUC,2.0,27,0.02055465,0.23369593,0.07407407
4317,AUC,0.005,4317 AUC,2.0,12,0.04696514,0.44803086,0.16666667
4317,AUC,0.015,4317 AUC,2.0,13,0.04325818,0.42234631,0.15384615
4317,AUC,0.046,4317 AUC,0.0,14,0.0,0.2153108,0.0
4317,AUC,0.14,4317 AUC,2.0,13,0.04325818,0.42234631,0.15384615
4317,AUC,0.41,4317 AUC,3.0,12,0.08894167,0.53230533,0.25
4317,AUC,1.23,4317 AUC,0.0,13,0.0,0.22809537,0.0
4317,AUC,3.7,4317 AUC,1.0,14,0.01272222,0.31468704,0.07142857
4317,AUC,11.1,4317 AUC,2.0,13,0.04325818,0.42234631,0.15384615
4317,MOV,0.0,4317 MOV,1.0,27,0.00656815,0.18283466,0.03703704
4317,MOV,0.005,4317 MOV,1.0,12,0.01486509,0.35387991,0.08333333
4317,MOV,0.015,4317 MOV,1.0,13,0.01371042,0.33313951,0.07692308
4317,MOV,0.046,4317 MOV,1.0,14,0.01272222,0.31468704,0.07142857
4317,MOV,0.14,4317 MOV,1.0,13,0.01371042,0.33313951,0.07692308
4317,MOV,0.41,4317 MOV,0.0,12,0.0,0.24249401,0.0
4317,MOV,1.23,4317 MOV,1.0,13,0.01371042,0.33313951,0.07692308
4317,MOV,3.7,4317 MOV,2.0,14,0.04009392,0.39941379,0.14285714
4317,MOV,11.1,4317 MOV,0.0,13,0.0,0.22809537,0.0
4321,AUC,0.0,4321 AUC,3.0,16,0.06591599,0.43008881,0.1875
4321,AUC,100.0,4321 AUC,4.0,15,0.10897453,0.51950434,0.26666667
4321,MOV,0.0,4321 MOV,0.0,16,0.0,0.19360768,0.0
4321,MOV,100.0,4321 MOV,1.0,15,0.0118669,0.2981653,0.06666667
4322,AUC,0.0,4322 AUC,3.0,16,0.06591599,0.43008881,0.1875
4322,AUC,100.0,4322 AUC,5.0,16,0.14164644,0.55595644,0.3125
4322,MOV,0.0,4322 MOV,2.0,16,0.03497749,0.36022827,0.125
4322,MOV,100.0,4322 MOV,5.0,16,0.14164644,0.55595644,0.3125
4323,AUC,0.0,4323 AUC,2.0,16,0.03497749,0.36022827,0.125
4323,AUC,100.0,4323 AUC,5.0,15,0.15176324,0.58286452,0.33333333
4323,MOV,0.0,4323 MOV,1.0,16,0.01111934,0.28328738,0.0625
4323,MOV,100.0,4323 MOV,1.0,15,0.0118669,0.2981653,0.06666667
4324,AUC,0.0,4324 AUC,3.0,15,0.07047549,0.45185449,0.2
4324,AUC,100.0,4324 AUC,2.0,11,0.05136769,0.47698056,0.18181818
4324,MOV,0.0,4324 MOV,0.0,15,0.0,0.2038833,0.0
4324,MOV,100.0,4324 MOV,1.0,11,0.01623217,0.37735844,0.09090909
4327,AUC,0.0,4327 AUC,1.0,15,0.0118669,0.2981653,0.06666667
4327,AUC,100.0,4327 AUC,1.0,15,0.0118669,0.2981653,0.06666667
4327,MOV,0.0,4327 MOV,0.0,15,0.0,0.2038833,0.0
4327,MOV,100.0,4327 MOV,0.0,15,0.0,0.2038833,0.0
4354,AUC,0.0,4354 AUC,0.0,8,0.0,0.32440756,0.0
4354,AUC,0.015,4354 AUC,0.0,3,0.0,0.56149703,0.0
4354,AUC,0.046,4354 AUC,0.0,1,0.0,0.79345069,0.0
4354,AUC,0.14,4354 AUC,0.0,2,0.0,0.65761977,0.0
4354,AUC,0.41,4354 AUC,1.0,3,0.06149194,0.7923404,0.33333333
4354,AUC,1.23,4354 AUC,0.0,1,0.0,0.79345069,0.0
4354,AUC,3.7,4354 AUC,0.0,3,0.0,0.56149703,0.0
4354,AUC,11.1,4354 AUC,0.0,5,0.0,0.43448246,0.0
4354,AUC,33.3,4354 AUC,0.0,2,0.0,0.65761977,0.0
4354,AUC,66.5,4354 AUC,0.0,3,0.0,0.56149703,0.0
4354,AUC,100.0,4354 AUC,0.0,2,0.0,0.65761977,0.0
4354,MOV,0.0,4354 MOV,0.0,8,0.0,0.32440756,0.0
4354,MOV,0.015,4354 MOV,1.0,3,0.06149194,0.7923404,0.33333333
4354,MOV,0.046,4354 MOV,0.0,1,0.0,0.79345069,0.0
4354,MOV,0.14,4354 MOV,0.0,2,0.0,0.65761977,0.0
4354,MOV,0.41,4354 MOV,1.0,3,0.06149194,0.7923404,0.33333333
4354,MOV,1.23,4354 MOV,0.0,1,0.0,0.79345069,0.0
4354,MOV,3.7,4354 MOV,0.0,3,0.0,0.56149703,0.0
4354,MOV,11.1,4354 MOV,1.0,5,0.03622411,0.62446537,0.2
4354,MOV,33.3,4354 MOV,2.0,2,0.34238023,1.0,1.0
4354,MOV,66.5,4354 MOV,0.0,3,0.0,0.56149703,0.0
4354,MOV,100.0,4354 MOV,0.0,2,0.0,0.65761977,0.0
4360,AUC,0.0,4360 AUC,0.0,4,0.0,0.48989084,0.0
4360,AUC,0.015,4360 AUC,0.0,1,0.0,0.79345069,0.0
4360,AUC,0.046,4360 AUC,0.0,1,0.0,0.79345069,0.0
4360,AUC,0.41,4360 AUC,0.0,1,0.0,0.79345069,0.0
4360,AUC,1.23,4360 AUC,0.0,2,0.0,0.65761977,0.0
4360,AUC,3.7,4360 AUC,1.0,2,0.09453121,0.90546879,0.5
4360,AUC,11.1,4360 AUC,0.0,3,0.0,0.56149703,0.0
4360,AUC,33.3,4360 AUC,0.0,1,0.0,0.79345069,0.0
4360,AUC,100.0,4360 AUC,0.0,3,0.0,0.56149703,0.0
4360,MOV,0.0,4360 MOV,1.0,4,0.04558726,0.69935816,0.25
4360,MOV,0.015,4360 MOV,0.0,1,0.0,0.79345069,0.0
4360,MOV,0.046,4360 MOV,0.0,1,0.0,0.79345069,0.0
4360,MOV,0.41,4360 MOV,0.0,1,0.0,0.79345069,0.0
4360,MOV,1.23,4360 MOV,0.0,2,0.0,0.65761977,0.0
4360,MOV,3.7,4360 MOV,0.0,2,0.0,0.65761977,0.0
4360,MOV,11.1,4360 MOV,0.0,3,0.0,0.56149703,0.0
4360,MOV,33.3,4360 MOV,0.0,1,0.0,0.79345069,0.0
4360,MOV,100.0,4360 MOV,0.0,3,0.0,0.56149703,0.0
4375,AUC,0.0,4375 AUC,0.0,1,0.0,0.79345069,0.0
4375,AUC,0.015,4375 AUC,0.0,1,0.0,0.79345069,0.0
4375,AUC,11.1,4375 AUC,0.0,1,0.0,0.79345069,0.0
4375,AUC,66.5,4375 AUC,0.0,1,0.0,0.79345069,0.0
4375,MOV,0.0,4375 MOV,0.0,1,0.0,0.79345069,0.0
4375,MOV,0.015,4375 MOV,0.0,1,0.0,0.79345069,0.0
4375,MOV,11.1,4375 MOV,0.0,1,0.0,0.79345069,0.0
4375,MOV,66.5,4375 MOV,0.0,1,0.0,0.79345069,0.0
4380,AUC,0.0,4380 AUC,0.0,1,0.0,0.79345069,0.0
4380,AUC,0.015,4380 AUC,0.0,1,0.0,0.79345069,0.0
4380,AUC,0.046,4380 AUC,1.0,1,0.20654931,1.0,1.0
4380,AUC,0.14,4380 AUC,0.0,2,0.0,0.65761977,0.0
4380,AUC,0.41,4380 AUC,0.0,2,0.0,0.65761977,0.0
4380,AUC,3.7,4380 AUC,0.0,1,0.0,0.79345069,0.0
4380,AUC,11.1,4380 AUC,0.0,1,0.0,0.79345069,0.0
4380,AUC,33.3,4380 AUC,0.0,2,0.0,0.65761977,0.0
4380,AUC,66.5,4380 AUC,1.0,3,0.06149194,0.7923404,0.33333333
4380,MOV,0.0,4380 MOV,0.0,1,0.0,0.79345069,0.0
4380,MOV,0.015,4380 MOV,0.0,1,0.0,0.79345069,0.0
4380,MOV,0.046,4380 MOV,0.0,1,0.0,0.79345069,0.0
4380,MOV,0.14,4380 MOV,0.0,2,0.0,0.65761977,0.0
4380,MOV,0.41,4380 MOV,0.0,2,0.0,0.65761977,0.0
4380,MOV,3.7,4380 MOV,0.0,1,0.0,0.79345069,0.0
4380,MOV,11.1,4380 MOV,0.0,1,0.0,0.79345069,0.0
4380,MOV,33.3,4380 MOV,0.0,2,0.0,0.65761977,0.0
4380,MOV,66.5,4380 MOV,1.0,3,0.06149194,0.7923404,0.33333333
4439,AUC,0.0,4439 AUC,0.0,6,0.0,0.39033429,0.0
4439,AUC,0.015,4439 AUC,0.0,1,0.0,0.79345069,0.0
4439,AUC,0.046,4439 AUC,0.0,1,0.0,0.79345069,0.0
4439,AUC,0.14,4439 AUC,1.0,2,0.09453121,0.90546879,0.5
4439,AUC,0.41,4439 AUC,1.0,3,0.06149194,0.7923404,0.33333333
4439,AUC,1.23,4439 AUC,0.0,2,0.0,0.65761977,0.0
4439,AUC,3.7,4439 AUC,0.0,1,0.0,0.79345069,0.0
4439,AUC,11.1,4439 AUC,0.0,2,0.0,0.65761977,0.0
4439,AUC,33.3,4439 AUC,0.0,1,0.0,0.79345069,0.0
4439,AUC,66.5,4439 AUC,0.0,2,0.0,0.65761977,0.0
4439,AUC,100.0,4439 AUC,0.0,3,0.0,0.56149703,0.0
4439,MOV,0.0,4439 MOV,0.0,6,0.0,0.39033429,0.0
4439,MOV,0.015,4439 MOV,0.0,1,0.0,0.79345069,0.0
4439,MOV,0.046,4439 MOV,0.0,1,0.0,0.79345069,0.0
4439,MOV,0.14,4439 MOV,0.0,2,0.0,0.65761977,0.0
4439,MOV,0.41,4439 MOV,1.0,3,0.06149194,0.7923404,0.33333333
4439,MOV,1.23,4439 MOV,0.0,2,0.0,0.65761977,0.0
4439,MOV,3.7,4439 MOV,0.0,1,0.0,0.79345069,0.0
4439,MOV,11.1,4439 MOV,1.0,2,0.09453121,0.90546879,0.5
4439,MOV,33.3,4439 MOV,0.0,1,0.0,0.79345069,0.0
4439,MOV,66.5,4439 MOV,0.0,2,0.0,0.65761977,0.0
4439,MOV,100.0,4439 MOV,2.0,3,0.2076596,0.93850806,0.66666667
4440,AUC,0.0,4440 AUC,0.0,1,0.0,0.79345069,0.0
4440,AUC,0.046,4440 AUC,0.0,2,0.0,0.65761977,0.0
4440,AUC,0.14,4440 AUC,0.0,1,0.0,0.79345069,0.0
4440,AUC,3.7,4440 AUC,0.0,1,0.0,0.79345069,0.0
4440,AUC,11.1,4440 AUC,0.0,1,0.0,0.79345069,0.0
4440,AUC,33.3,4440 AUC,0.0,2,0.0,0.65761977,0.0
4440,AUC,66.5,4440 AUC,0.0,1,0.0,0.79345069,0.0
4440,MOV,0.0,4440 MOV,0.0,1,0.0,0.79345069,0.0
4440,MOV,0.046,4440 MOV,0.0,2,0.0,0.65761977,0.0
4440,MOV,0.14,4440 MOV,0.0,1,0.0,0.79345069,0.0
4440,MOV,3.7,4440 MOV,0.0,1,0.0,0.79345069,0.0
4440,MOV,11.1,4440 MOV,0.0,1,0.0,0.79345069,0.0
4440,MOV,33.3,4440 MOV,0.0,2,0.0,0.65761977,0.0
4440,MOV,66.5,4440 MOV,0.0,1,0.0,0.79345069,0.0
4441,AUC,0.0,4441 AUC,0.0,5,0.0,0.43448246,0.0
4441,AUC,0.015,4441 AUC,0.0,1,0.0,0.79345069,0.0
4441,AUC,0.046,4441 AUC,0.0,2,0.0,0.65761977,0.0
4441,AUC,1.23,4441 AUC,1.0,2,0.09453121,0.90546879,0.5
4441,AUC,11.1,4441 AUC,0.0,3,0.0,0.56149703,0.0
4441,AUC,33.3,4441 AUC,0.0,1,0.0,0.79345069,0.0
4441,AUC,100.0,4441 AUC,0.0,2,0.0,0.65761977,0.0
4441,MOV,0.0,4441 MOV,0.0,5,0.0,0.43448246,0.0
4441,MOV,0.015,4441 MOV,0.0,1,0.0,0.79345069,0.0
4441,MOV,0.046,4441 MOV,0.0,2,0.0,0.65761977,0.0
4441,MOV,1.23,4441 MOV,1.0,2,0.09453121,0.90546879,0.5
4441,MOV,11.1,4441 MOV,1.0,3,0.06149194,0.7923404,0.33333333
4441,MOV,33.3,4441 MOV,0.0,1,0.0,0.79345069,0.0
4441,MOV,100.0,4441 MOV,0.0,2,0.0,0.65761977,0.0
4442,AUC,0.046,4442 AUC,0.0,1,0.0,0.79345069,0.0
4442,AUC,0.41,4442 AUC,0.0,1,0.0,0.79345069,0.0
4442,AUC,1.23,4442 AUC,0.0,1,0.0,0.79345069,0.0
4442,AUC,11.1,4442 AUC,0.0,1,0.0,0.79345069,0.0
4442,AUC,33.3,4442 AUC,0.0,1,0.0,0.79345069,0.0
4442,MOV,0.046,4442 MOV,0.0,1,0.0,0.79345069,0.0
4442,MOV,0.41,4442 MOV,1.0,1,0.20654931,1.0,1.0
4442,MOV,1.23,4442 MOV,1.0,1,0.20654931,1.0,1.0
4442,MOV,11.1,4442 MOV,0.0,1,0.0,0.79345069,0.0
4442,MOV,33.3,4442 MOV,1.0,1,0.20654931,1.0,1.0
4443,AUC,0.0,4443 AUC,0.0,6,0.0,0.39033429,0.0
4443,AUC,0.015,4443 AUC,1.0,3,0.06149194,0.7923404,0.33333333
4443,AUC,0.14,4443 AUC,0.0,1,0.0,0.79345069,0.0
4443,AUC,0.41,4443 AUC,0.0,4,0.0,0.48989084,0.0
4443,AUC,1.23,4443 AUC,0.0,1,0.0,0.79345069,0.0
4443,AUC,3.7,4443 AUC,0.0,2,0.0,0.65761977,0.0
4443,AUC,11.1,4443 AUC,0.0,2,0.0,0.65761977,0.0
4443,AUC,66.5,4443 AUC,2.0,4,0.15003899,0.84996101,0.5
4443,AUC,100.0,4443 AUC,1.0,1,0.20654931,1.0,1.0
4443,MOV,0.0,4443 MOV,0.0,6,0.0,0.39033429,0.0
4443,MOV,0.015,4443 MOV,1.0,3,0.06149194,0.7923404,0.33333333
4443,MOV,0.14,4443 MOV,0.0,1,0.0,0.79345069,0.0
4443,MOV,0.41,4443 MOV,2.0,4,0.15003899,0.84996101,0.5
4443,MOV,1.23,4443 MOV,0.0,1,0.0,0.79345069,0.0
4443,MOV,3.7,4443 MOV,0.0,2,0.0,0.65761977,0.0
4443,MOV,11.1,4443 MOV,0.0,2,0.0,0.65761977,0.0
4443,MOV,66.5,4443 MOV,2.0,4,0.15003899,0.84996101,0.5
4443,MOV,100.0,4443 MOV,0.0,1,0.0,0.79345069,0.0
4444,AUC,0.0,4444 AUC,0.0,3,0.0,0.56149703,0.0
4444,AUC,0.046,4444 AUC,0.0,1,0.0,0.79345069,0.0
4444,AUC,0.14,4444 AUC,1.0,3,0.06149194,0.7923404,0.33333333
4444,AUC,0.41,4444 AUC,0.0,3,0.0,0.56149703,0.0
4444,AUC,3.7,4444 AUC,0.0,1,0.0,0.79345069,0.0
4444,AUC,11.1,4444 AUC,1.0,3,0.06149194,0.7923404,0.33333333
4444,AUC,33.3,4444 AUC,0.0,3,0.0,0.56149703,0.0
4444,AUC,66.5,4444 AUC,0.0,2,0.0,0.65761977,0.0
4444,AUC,100.0,4444 AUC,0.0,1,0.0,0.79345069,0.0
4444,MOV,0.0,4444 MOV,0.0,3,0.0,0.56149703,0.0
4444,MOV,0.046,4444 MOV,0.0,1,0.0,0.79345069,0.0
4444,MOV,0.14,4444 MOV,0.0,3,0.0,0.56149703,0.0
4444,MOV,0.41,4444 MOV,1.0,3,0.06149194,0.7923404,0.33333333
4444,MOV,3.7,4444 MOV,0.0,1,0.0,0.79345069,0.0
4444,MOV,11.1,4444 MOV,0.0,3,0.0,0.56149703,0.0
4444,MOV,33.3,4444 MOV,0.0,3,0.0,0.56149703,0.0
4444,MOV,66.5,4444 MOV,0.0,2,0.0,0.65761977,0.0
4444,MOV,100.0,4444 MOV,0.0,1,0.0,0.79345069,0.0
4445,AUC,0.0,4445 AUC,0.0,2,0.0,0.65761977,0.0
4445,AUC,0.015,4445 AUC,0.0,2,0.0,0.65761977,0.0
4445,AUC,0.046,4445 AUC,2.0,2,0.34238023,1.0,1.0
4445,AUC,0.14,4445 AUC,2.0,3,0.2076596,0.93850806,0.66666667
4445,AUC,0.41,4445 AUC,2.0,3,0.2076596,0.93850806,0.66666667
4445,AUC,1.23,4445 AUC,0.0,1,0.0,0.79345069,0.0
4445,AUC,3.7,4445 AUC,1.0,2,0.09453121,0.90546879,0.5
4445,AUC,11.1,4445 AUC,1.0,2,0.09453121,0.90546879,0.5
4445,AUC,100.0,4445 AUC,0.0,1,0.0,0.79345069,0.0
4445,MOV,0.0,4445 MOV,0.0,2,0.0,0.65761977,0.0
4445,MOV,0.015,4445 MOV,1.0,2,0.09453121,0.90546879,0.5
4445,MOV,0.046,4445 MOV,0.0,2,0.0,0.65761977,0.0
4445,MOV,0.14,4445 MOV,0.0,3,0.0,0.56149703,0.0
4445,MOV,0.41,4445 MOV,0.0,3,0.0,0.56149703,0.0
4445,MOV,1.23,4445 MOV,0.0,1,0.0,0.79345069,0.0
4445,MOV,3.7,4445 MOV,0.0,2,0.0,0.65761977,0.0
4445,MOV,11.1,4445 MOV,0.0,2,0.0,0.65761977,0.0
4445,MOV,100.0,4445 MOV,0.0,1,0.0,0.79345069,0.0
4446,AUC,0.0,4446 AUC,1.0,7,0.02567962,0.51312783,0.14285714
4446,AUC,1.23,4446 AUC,2.0,3,0.2076596,0.93850806,0.66666667
4446,AUC,3.7,4446 AUC,1.0,3,0.06149194,0.7923404,0.33333333
4446,AUC,11.1,4446 AUC,0.0,1,0.0,0.79345069,0.0
4446,AUC,33.3,4446 AUC,0.0,3,0.0,0.56149703,0.0
4446,AUC,66.5,4446 AUC,0.0,2,0.0,0.65761977,0.0
4446,AUC,100.0,4446 AUC,1.0,1,0.20654931,1.0,1.0
4446,MOV,0.0,4446 MOV,0.0,7,0.0,0.35433044,0.0
4446,MOV,1.23,4446 MOV,0.0,3,0.0,0.56149703,0.0
4446,MOV,3.7,4446 MOV,0.0,3,0.0,0.56149703,0.0
4446,MOV,11.1,4446 MOV,0.0,1,0.0,0.79345069,0.0
4446,MOV,33.3,4446 MOV,0.0,3,0.0,0.56149703,0.0
4446,MOV,66.5,4446 MOV,0.0,2,0.0,0.65761977,0.0
4446,MOV,100.0,4446 MOV,0.0,1,0.0,0.79345069,0.0
4447,AUC,0.0,4447 AUC,0.0,9,0.0,0.29914505,0.0
4447,AUC,0.015,4447 AUC,0.0,2,0.0,0.65761977,0.0
4447,AUC,0.046,4447 AUC,0.0,1,0.0,0.79345069,0.0
4447,AUC,0.14,4447 AUC,0.0,1,0.0,0.79345069,0.0
4447,AUC,0.41,4447 AUC,1.0,2,0.09453121,0.90546879,0.5
4447,AUC,1.23,4447 AUC,0.0,2,0.0,0.65761977,0.0
4447,AUC,3.7,4447 AUC,0.0,3,0.0,0.56149703,0.0
4447,AUC,11.1,4447 AUC,0.0,1,0.0,0.79345069,0.0
4447,AUC,33.3,4447 AUC,0.0,1,0.0,0.79345069,0.0
4447,AUC,100.0,4447 AUC,1.0,3,0.06149194,0.7923404,0.33333333
4447,MOV,0.0,4447 MOV,1.0,9,0.01989089,0.43499971,0.11111111
4447,MOV,0.015,4447 MOV,0.0,2,0.0,0.65761977,0.0
4447,MOV,0.046,4447 MOV,0.0,1,0.0,0.79345069,0.0
4447,MOV,0.14,4447 MOV,0.0,1,0.0,0.79345069,0.0
4447,MOV,0.41,4447 MOV,0.0,2,0.0,0.65761977,0.0
4447,MOV,1.23,4447 MOV,0.0,2,0.0,0.65761977,0.0
4447,MOV,3.7,4447 MOV,0.0,3,0.0,0.56149703,0.0
4447,MOV,11.1,4447 MOV,0.0,1,0.0,0.79345069,0.0
4447,MOV,33.3,4447 MOV,0.0,1,0.0,0.79345069,0.0
4447,MOV,100.0,4447 MOV,0.0,3,0.0,0.56149703,0.0
4448,AUC,0.0,4448 AUC,1.0,3,0.06149194,0.7923404,0.33333333
4448,AUC,0.015,4448 AUC,0.0,3,0.0,0.56149703,0.0
4448,AUC,0.14,4448 AUC,0.0,1,0.0,0.79345069,0.0
4448,AUC,0.41,4448 AUC,0.0,2,0.0,0.65761977,0.0
4448,AUC,11.1,4448 AUC,0.0,1,0.0,0.79345069,0.0
4448,AUC,66.5,4448 AUC,0.0,1,0.0,0.79345069,0.0
4448,AUC,100.0,4448 AUC,1.0,2,0.09453121,0.90546879,0.5
4448,MOV,0.0,4448 MOV,0.0,3,0.0,0.56149703,0.0
4448,MOV,0.015,4448 MOV,1.0,3,0.06149194,0.7923404,0.33333333
4448,MOV,0.14,4448 MOV,0.0,1,0.0,0.79345069,0.0
4448,MOV,0.41,4448 MOV,0.0,2,0.0,0.65761977,0.0
4448,MOV,11.1,4448 MOV,0.0,1,0.0,0.79345069,0.0
4448,MOV,66.5,4448 MOV,0.0,1,0.0,0.79345069,0.0
4448,MOV,100.0,4448 MOV,0.0,2,0.0,0.65761977,0.0
4449,AUC,0.015,4449 AUC,0.0,1,0.0,0.79345069,0.0
4449,AUC,0.046,4449 AUC,0.0,1,0.0,0.79345069,0.0
4449,AUC,0.14,4449 AUC,0.0,2,0.0,0.65761977,0.0
4449,MOV,0.015,4449 MOV,1.0,1,0.20654931,1.0,1.0
4449,MOV,0.046,4449 MOV,0.0,1,0.0,0.79345069,0.0
4449,MOV,0.14,4449 MOV,0.0,2,0.0,0.65761977,0.0
4450,AUC,0.0,4450 AUC,1.0,1,0.20654931,1.0,1.0
4450,AUC,0.015,4450 AUC,0.0,1,0.0,0.79345069,0.0
4450,AUC,0.046,4450 AUC,1.0,2,0.09453121,0.90546879,0.5
4450,AUC,0.14,4450 AUC,0.0,1,0.0,0.79345069,0.0
4450,AUC,0.41,4450 AUC,1.0,3,0.06149194,0.7923404,0.33333333
4450,AUC,1.23,4450 AUC,1.0,2,0.09453121,0.90546879,0.5
4450,AUC,3.7,4450 AUC,0.0,1,0.0,0.79345069,0.0
4450,AUC,33.3,4450 AUC,0.0,1,0.0,0.79345069,0.0
4450,AUC,66.5,4450 AUC,0.0,1,0.0,0.79345069,0.0
4450,AUC,100.0,4450 AUC,0.0,1,0.0,0.79345069,0.0
4450,MOV,0.0,4450 MOV,0.0,1,0.0,0.79345069,0.0
4450,MOV,0.015,4450 MOV,1.0,1,0.20654931,1.0,1.0
4450,MOV,0.046,4450 MOV,1.0,2,0.09453121,0.90546879,0.5
4450,MOV,0.14,4450 MOV,0.0,1,0.0,0.79345069,0.0
4450,MOV,0.41,4450 MOV,2.0,3,0.2076596,0.93850806,0.66666667
4450,MOV,1.23,4450 MOV,0.0,2,0.0,0.65761977,0.0
4450,MOV,3.7,4450 MOV,1.0,1,0.20654931,1.0,1.0
4450,MOV,33.3,4450 MOV,0.0,1,0.0,0.79345069,0.0
4450,MOV,66.5,4450 MOV,0.0,1,0.0,0.79345069,0.0
4450,MOV,100.0,4450 MOV,0.0,1,0.0,0.79345069,0.0
4451,AUC,0.0,4451 AUC,0.0,1,0.0,0.79345069,0.0
4451,AUC,0.015,4451 AUC,0.0,1,0.0,0.79345069,0.0
4451,AUC,0.046,4451 AUC,0.0,1,0.0,0.79345069,0.0
4451,AUC,0.14,4451 AUC,0.0,1,0.0,0.79345069,0.0
4451,AUC,0.41,4451 AUC,1.0,2,0.09453121,0.90546879,0.5
4451,AUC,1.23,4451 AUC,0.0,1,0.0,0.79345069,0.0
4451,MOV,0.0,4451 MOV,1.0,1,0.20654931,1.0,1.0
4451,MOV,0.015,4451 MOV,0.0,1,0.0,0.79345069,0.0
4451,MOV,0.046,4451 MOV,0.0,1,0.0,0.79345069,0.0
4451,MOV,0.14,4451 MOV,0.0,1,0.0,0.79345069,0.0
4451,MOV,0.41,4451 MOV,0.0,2,0.0,0.65761977,0.0
4451,MOV,1.23,4451 MOV,0.0,1,0.0,0.79345069,0.0
4452,AUC,0.0,4452 AUC,0.0,5,0.0,0.43448246,0.0
4452,AUC,0.015,4452 AUC,1.0,1,0.20654931,1.0,1.0
4452,AUC,0.046,4452 AUC,2.0,4,0.15003899,0.84996101,0.5
4452,AUC,0.14,4452 AUC,0.0,2,0.0,0.65761977,0.0
4452,AUC,0.41,4452 AUC,1.0,2,0.09453121,0.90546879,0.5
4452,AUC,1.23,4452 AUC,0.0,1,0.0,0.79345069,0.0
4452,AUC,11.1,4452 AUC,0.0,1,0.0,0.79345069,0.0
4452,AUC,33.3,4452 AUC,1.0,2,0.09453121,0.90546879,0.5
4452,MOV,0.0,4452 MOV,1.0,5,0.03622411,0.62446537,0.2
4452,MOV,0.015,4452 MOV,0.0,1,0.0,0.79345069,0.0
4452,MOV,0.046,4452 MOV,0.0,4,0.0,0.48989084,0.0
4452,MOV,0.14,4452 MOV,0.0,2,0.0,0.65761977,0.0
4452,MOV,0.41,4452 MOV,0.0,2,0.0,0.65761977,0.0
4452,MOV,1.23,4452 MOV,0.0,1,0.0,0.79345069,0.0
4452,MOV,11.1,4452 MOV,0.0,1,0.0,0.79345069,0.0
4452,MOV,33.3,4452 MOV,0.0,2,0.0,0.65761977,0.0
4453,AUC,0.0,4453 AUC,0.0,2,0.0,0.65761977,0.0
4453,AUC,0.015,4453 AUC,0.0,2,0.0,0.65761977,0.0
4453,AUC,0.046,4453 AUC,0.0,1,0.0,0.79345069,0.0
4453,AUC,0.14,4453 AUC,0.0,2,0.0,0.65761977,0.0
4453,AUC,0.41,4453 AUC,0.0,1,0.0,0.79345069,0.0
4453,AUC,1.23,4453 AUC,0.0,1,0.0,0.79345069,0.0
4453,AUC,3.7,4453 AUC,0.0,1,0.0,0.79345069,0.0
4453,AUC,11.1,4453 AUC,0.0,1,0.0,0.79345069,0.0
4453,MOV,0.0,4453 MOV,0.0,2,0.0,0.65761977,0.0
4453,MOV,0.015,4453 MOV,1.0,2,0.09453121,0.90546879,0.5
4453,MOV,0.046,4453 MOV,0.0,1,0.0,0.79345069,0.0
4453,MOV,0.14,4453 MOV,0.0,2,0.0,0.65761977,0.0
4453,MOV,0.41,4453 MOV,0.0,1,0.0,0.79345069,0.0
4453,MOV,1.23,4453 MOV,1.0,1,0.20654931,1.0,1.0
4453,MOV,3.7,4453 MOV,1.0,1,0.20654931,1.0,1.0
4453,MOV,11.1,4453 MOV,0.0,1,0.0,0.79345069,0.0
4454,AUC,0.0,4454 AUC,0.0,3,0.0,0.56149703,0.0
4454,AUC,0.015,4454 AUC,0.0,1,0.0,0.79345069,0.0
4454,AUC,0.046,4454 AUC,0.0,2,0.0,0.65761977,0.0
4454,AUC,0.14,4454 AUC,0.0,4,0.0,0.48989084,0.0
4454,AUC,0.41,4454 AUC,0.0,3,0.0,0.56149703,0.0
4454,AUC,1.23,4454 AUC,0.0,4,0.0,0.48989084,0.0
4454,AUC,3.7,4454 AUC,0.0,2,0.0,0.65761977,0.0
4454,AUC,11.1,4454 AUC,1.0,3,0.06149194,0.7923404,0.33333333
4454,AUC,33.3,4454 AUC,1.0,4,0.04558726,0.69935816,0.25
4454,AUC,66.5,4454 AUC,0.0,1,0.0,0.79345069,0.0
4454,MOV,0.0,4454 MOV,1.0,3,0.06149194,0.7923404,0.33333333
4454,MOV,0.015,4454 MOV,0.0,1,0.0,0.79345069,0.0
4454,MOV,0.046,4454 MOV,0.0,2,0.0,0.65761977,0.0
4454,MOV,0.14,4454 MOV,1.0,4,0.04558726,0.69935816,0.25
4454,MOV,0.41,4454 MOV,0.0,3,0.0,0.56149703,0.0
4454,MOV,1.23,4454 MOV,0.0,4,0.0,0.48989084,0.0
4454,MOV,3.7,4454 MOV,1.0,2,0.09453121,0.90546879,0.5
4454,MOV,11.1,4454 MOV,2.0,3,0.2076596,0.93850806,0.66666667
4454,MOV,33.3,4454 MOV,1.0,4,0.04558726,0.69935816,0.25
4454,MOV,66.5,4454 MOV,0.0,1,0.0,0.79345069,0.0
4455,AUC,0.0,4455 AUC,0.0,4,0.0,0.48989084,0.0
4455,AUC,0.015,4455 AUC,1.0,2,0.09453121,0.90546879,0.5
4455,AUC,0.046,4455 AUC,0.0,2,0.0,0.65761977,0.0
4455,AUC,0.14,4455 AUC,0.0,1,0.0,0.79345069,0.0
4455,AUC,0.41,4455 AUC,0.0,2,0.0,0.65761977,0.0
4455,AUC,1.23,4455 AUC,0.0,1,0.0,0.79345069,0.0
4455,AUC,3.7,4455 AUC,0.0,1,0.0,0.79345069,0.0
4455,AUC,33.3,4455 AUC,0.0,2,0.0,0.65761977,0.0
4455,AUC,66.5,4455 AUC,0.0,2,0.0,0.65761977,0.0
4455,AUC,100.0,4455 AUC,1.0,4,0.04558726,0.69935816,0.25
4455,MOV,0.0,4455 MOV,0.0,4,0.0,0.48989084,0.0
4455,MOV,0.015,4455 MOV,1.0,2,0.09453121,0.90546879,0.5
4455,MOV,0.046,4455 MOV,1.0,2,0.09453121,0.90546879,0.5
4455,MOV,0.14,4455 MOV,1.0,1,0.20654931,1.0,1.0
4455,MOV,0.41,4455 MOV,0.0,2,0.0,0.65761977,0.0
4455,MOV,1.23,4455 MOV,0.0,1,0.0,0.79345069,0.0
4455,MOV,3.7,4455 MOV,1.0,1,0.20654931,1.0,1.0
4455,MOV,33.3,4455 MOV,0.0,2,0.0,0.65761977,0.0
4455,MOV,66.5,4455 MOV,1.0,2,0.09453121,0.90546879,0.5
4455,MOV,100.0,4455 MOV,1.0,4,0.04558726,0.69935816,0.25
4456,AUC,0.0,4456 AUC,0.0,7,0.0,0.35433044,0.0
4456,AUC,0.015,4456 AUC,0.0,1,0.0,0.79345069,0.0
4456,AUC,0.046,4456 AUC,0.0,1,0.0,0.79345069,0.0
4456,AUC,0.14,4456 AUC,1.0,1,0.20654931,1.0,1.0
4456,AUC,1.23,4456 AUC,0.0,1,0.0,0.79345069,0.0
4456,AUC,3.7,4456 AUC,1.0,2,0.09453121,0.90546879,0.5
4456,AUC,33.3,4456 AUC,0.0,1,0.0,0.79345069,0.0
4456,AUC,66.5,4456 AUC,1.0,2,0.09453121,0.90546879,0.5
4456,MOV,0.0,4456 MOV,1.0,7,0.02567962,0.51312783,0.14285714
4456,MOV,0.015,4456 MOV,0.0,1,0.0,0.79345069,0.0
4456,MOV,0.046,4456 MOV,0.0,1,0.0,0.79345069,0.0
4456,MOV,0.14,4456 MOV,1.0,1,0.20654931,1.0,1.0
4456,MOV,1.23,4456 MOV,0.0,1,0.0,0.79345069,0.0
4456,MOV,3.7,4456 MOV,0.0,2,0.0,0.65761977,0.0
4456,MOV,33.3,4456 MOV,0.0,1,0.0,0.79345069,0.0
4456,MOV,66.5,4456 MOV,1.0,2,0.09453121,0.90546879,0.5
4457,AUC,0.0,4457 AUC,0.0,3,0.0,0.56149703,0.0
4457,AUC,0.046,4457 AUC,0.0,1,0.0,0.79345069,0.0
4457,AUC,0.41,4457 AUC,0.0,1,0.0,0.79345069,0.0
4457,AUC,3.7,4457 AUC,0.0,1,0.0,0.79345069,0.0
4457,AUC,11.1,4457 AUC,0.0,1,0.0,0.79345069,0.0
4457,AUC,66.5,4457 AUC,0.0,3,0.0,0.56149703,0.0
4457,AUC,100.0,4457 AUC,0.0,2,0.0,0.65761977,0.0
4457,MOV,0.0,4457 MOV,0.0,3,0.0,0.56149703,0.0
4457,MOV,0.046,4457 MOV,0.0,1,0.0,0.79345069,0.0
4457,MOV,0.41,4457 MOV,0.0,1,0.0,0.79345069,0.0
4457,MOV,3.7,4457 MOV,0.0,1,0.0,0.79345069,0.0
4457,MOV,11.1,4457 MOV,0.0,1,0.0,0.79345069,0.0
4457,MOV,66.5,4457 MOV,0.0,3,0.0,0.56149703,0.0
4457,MOV,100.0,4457 MOV,0.0,2,0.0,0.65761977,0.0
4466,AUC,0.0,4466 AUC,3.0,13,0.08179529,0.50256376,0.23076923
4466,AUC,100.0,4466 AUC,5.0,12,0.19326031,0.68048869,0.41666667
4466,MOV,0.0,4466 MOV,2.0,13,0.04325818,0.42234631,0.15384615
4466,MOV,100.0,4466 MOV,2.0,12,0.04696514,0.44803086,0.16666667
447,AUC,0.0,447 AUC,4.0,24,0.06678676,0.35853071,0.16666667
447,AUC,2.5,447 AUC,3.0,13,0.08179529,0.50256376,0.23076923
447,AUC,3.5,447 AUC,4.0,14,0.11721379,0.54649084,0.28571429
447,AUC,4.89,447 AUC,2.0,14,0.04009392,0.39941379,0.14285714
447,AUC,6.84,447 AUC,4.0,11,0.15166471,0.64619883,0.36363636
447,AUC,9.56,447 AUC,2.0,11,0.05136769,0.47698056,0.18181818
447,AUC,13.4,447 AUC,4.0,13,0.12680704,0.57630657,0.30769231
447,AUC,18.7,447 AUC,5.0,13,0.17709708,0.64477108,0.38461538
447,AUC,26.1,447 AUC,3.0,11,0.09746059,0.5656453,0.27272727
447,AUC,36.6,447 AUC,1.0,11,0.01623217,0.37735844,0.09090909
447,AUC,51.1,447 AUC,1.0,8,0.02241749,0.47088818,0.125
447,AUC,71.5,447 AUC,5.0,11,0.21271272,0.71990846,0.45454545
447,AUC,100.0,447 AUC,5.0,9,0.26665129,0.81122148,0.55555556
447,MOV,0.0,447 MOV,6.0,24,0.11999366,0.44899444,0.25
447,MOV,2.5,447 MOV,3.0,13,0.08179529,0.50256376,0.23076923
447,MOV,3.5,447 MOV,5.0,14,0.16344732,0.61235577,0.35714286
447,MOV,4.89,447 MOV,5.0,14,0.16344732,0.61235577,0.35714286
447,MOV,6.84,447 MOV,3.0,11,0.09746059,0.5656453,0.27272727
447,MOV,9.56,447 MOV,0.0,11,0.0,0.25883297,0.0
447,MOV,13.4,447 MOV,2.0,13,0.04325818,0.42234631,0.15384615
447,MOV,18.7,447 MOV,2.0,13,0.04325818,0.42234631,0.15384615
447,MOV,26.1,447 MOV,2.0,11,0.05136769,0.47698056,0.18181818
447,MOV,36.6,447 MOV,2.0,11,0.05136769,0.47698056,0.18181818
447,MOV,51.1,447 MOV,2.0,8,0.07147921,0.59072457,0.25
447,MOV,71.5,447 MOV,7.0,11,0.35380117,0.84833529,0.63636364
447,MOV,100.0,447 MOV,2.0,9,0.06322511,0.54741103,0.22222222
4498,AUC,0.0,4498 AUC,1.0,28,0.00633252,0.17712198,0.03571429
4498,AUC,0.005,4498 AUC,2.0,10,0.05668215,0.50983753,0.2
4498,AUC,0.015,4498 AUC,2.0,10,0.05668215,0.50983753,0.2
4498,AUC,0.046,4498 AUC,1.0,10,0.01787621,0.40415003,0.1
4498,AUC,0.14,4498 AUC,1.0,11,0.01623217,0.37735844,0.09090909
4498,AUC,0.41,4498 AUC,3.0,12,0.08894167,0.53230533,0.25
4498,AUC,1.23,4498 AUC,0.0,10,0.0,0.2775328,0.0
4498,AUC,3.7,4498 AUC,1.0,12,0.01486509,0.35387991,0.08333333
4498,AUC,11.1,4498 AUC,2.0,3,0.2076596,0.93850806,0.66666667
4498,MOV,0.0,4498 MOV,1.0,28,0.00633252,0.17712198,0.03571429
4498,MOV,0.005,4498 MOV,1.0,10,0.01787621,0.40415003,0.1
4498,MOV,0.015,4498 MOV,0.0,10,0.0,0.2775328,0.0
4498,MOV,0.046,4498 MOV,0.0,10,0.0,0.2775328,0.0
4498,MOV,0.14,4498 MOV,0.0,11,0.0,0.25883297,0.0
4498,MOV,0.41,4498 MOV,3.0,12,0.08894167,0.53230533,0.25
4498,MOV,1.23,4498 MOV,0.0,10,0.0,0.2775328,0.0
4498,MOV,3.7,4498 MOV,1.0,12,0.01486509,0.35387991,0.08333333
4498,MOV,11.1,4498 MOV,0.0,3,0.0,0.56149703,0.0
4513,AUC,0.0,4513 AUC,2.0,24,0.02315882,0.25848802,0.08333333
4513,AUC,0.005,4513 AUC,1.0,13,0.01371042,0.33313951,0.07692308
4513,AUC,0.015,4513 AUC,1.0,12,0.01486509,0.35387991,0.08333333
4513,AUC,0.046,4513 AUC,1.0,10,0.01787621,0.40415003,0.1
4513,AUC,0.14,4513 AUC,0.0,13,0.0,0.22809537,0.0
4513,AUC,0.41,4513 AUC,2.0,13,0.04325818,0.42234631,0.15384615
4513,AUC,1.23,4513 AUC,3.0,11,0.09746059,0.5656453,0.27272727
4513,MOV,0.0,4513 MOV,1.0,24,0.00739346,0.20241806,0.04166667
4513,MOV,0.005,4513 MOV,1.0,13,0.01371042,0.33313951,0.07692308
4513,MOV,0.015,4513 MOV,0.0,12,0.0,0.24249401,0.0
4513,MOV,0.046,4513 MOV,0.0,10,0.0,0.2775328,0.0
4513,MOV,0.14,4513 MOV,1.0,13,0.01371042,0.33313951,0.07692308
4513,MOV,0.41,4513 MOV,0.0,13,0.0,0.22809537,0.0
4513,MOV,1.23,4513 MOV,0.0,11,0.0,0.25883297,0.0
4520,AUC,0.0,4520 AUC,3.0,16,0.06591599,0.43008881,0.1875
4520,AUC,100.0,4520 AUC,1.0,16,0.01111934,0.28328738,0.0625
4520,MOV,0.0,4520 MOV,1.0,16,0.01111934,0.28328738,0.0625
4520,MOV,100.0,4520 MOV,0.0,16,0.0,0.19360768,0.0
4579,AUC,0.0,4579 AUC,4.0,52,0.03031935,0.18173562,0.07692308
4579,AUC,2.5,4579 AUC,4.0,14,0.11721379,0.54649084,0.28571429
4579,AUC,3.125,4579 AUC,1.0,31,0.00571722,0.16194105,0.03225806
4579,AUC,3.5,4579 AUC,5.0,14,0.16344732,0.61235577,0.35714286
4579,AUC,4.89,4579 AUC,2.0,12,0.04696514,0.44803086,0.16666667
4579,AUC,6.25,4579 AUC,1.0,28,0.00633252,0.17712198,0.03571429
4579,AUC,6.84,4579 AUC,4.0,12,0.13812009,0.60937791,0.33333333
4579,AUC,9.56,4579 AUC,5.0,13,0.17709708,0.64477108,0.38461538
4579,AUC,12.5,4579 AUC,2.0,19,0.02935856,0.31394083,0.10526316
4579,AUC,13.4,4579 AUC,3.0,11,0.09746059,0.5656453,0.27272727
4579,AUC,18.7,4579 AUC,4.0,11,0.15166471,0.64619883,0.36363636
4579,AUC,25.0,4579 AUC,0.0,13,0.0,0.22809537,0.0
4579,AUC,26.1,4579 AUC,3.0,12,0.08894167,0.53230533,0.25
4579,AUC,36.6,4579 AUC,3.0,14,0.07571387,0.47589231,0.21428571
4579,AUC,50.0,4579 AUC,0.0,4,0.0,0.48989084,0.0
4579,AUC,51.1,4579 AUC,6.0,12,0.2537816,0.7462184,0.5
4579,AUC,71.5,4579 AUC,7.0,12,0.31951131,0.80673969,0.58333333
4579,AUC,100.0,4579 AUC,6.0,11,0.28009154,0.78728728,0.54545455
4579,MOV,0.0,4579 MOV,7.0,52,0.06676882,0.2527332,0.13461538
4579,MOV,2.5,4579 MOV,2.0,14,0.04009392,0.39941379,0.14285714
4579,MOV,3.125,4579 MOV,3.0,31,0.03346464,0.24899938,0.09677419
4579,MOV,3.5,4579 MOV,2.0,14,0.04009392,0.39941379,0.14285714
4579,MOV,4.89,4579 MOV,3.0,12,0.08894167,0.53230533,0.25
4579,MOV,6.25,4579 MOV,4.0,28,0.05699005,0.31489802,0.14285714
4579,MOV,6.84,4579 MOV,3.0,12,0.08894167,0.53230533,0.25
4579,MOV,9.56,4579 MOV,4.0,13,0.12680704,0.57630657,0.30769231
4579,MOV,12.5,4579 MOV,2.0,19,0.02935856,0.31394083,0.10526316
4579,MOV,13.4,4579 MOV,4.0,11,0.15166471,0.64619883,0.36363636
4579,MOV,18.7,4579 MOV,2.0,11,0.05136769,0.47698056,0.18181818
4579,MOV,25.0,4579 MOV,3.0,13,0.08179529,0.50256376,0.23076923
4579,MOV,26.1,4579 MOV,3.0,12,0.08894167,0.53230533,0.25
4579,MOV,36.6,4579 MOV,1.0,14,0.01272222,0.31468704,0.07142857
4579,MOV,50.0,4579 MOV,1.0,4,0.04558726,0.69935816,0.25
4579,MOV,51.1,4579 MOV,1.0,12,0.01486509,0.35387991,0.08333333
4579,MOV,71.5,4579 MOV,4.0,12,0.13812009,0.60937791,0.33333333
4579,MOV,100.0,4579 MOV,4.0,11,0.15166471,0.64619883,0.36363636
4750,AUC,0.0,4750 AUC,4.0,21,0.07667565,0.40000565,0.19047619
4750,AUC,2.5,4750 AUC,4.0,11,0.15166471,0.64619883,0.36363636
4750,AUC,3.5,4750 AUC,0.0,12,0.0,0.24249401,0.0
4750,AUC,4.89,4750 AUC,1.0,10,0.01787621,0.40415003,0.1
4750,AUC,6.84,4750 AUC,1.0,10,0.01787621,0.40415003,0.1
4750,AUC,9.56,4750 AUC,3.0,8,0.13684429,0.69425761,0.375
4750,AUC,13.4,4750 AUC,1.0,6,0.03005337,0.56350282,0.16666667
4750,AUC,18.7,4750 AUC,0.0,8,0.0,0.32440756,0.0
4750,AUC,26.1,4750 AUC,1.0,7,0.02567962,0.51312783,0.14285714
4750,AUC,36.6,4750 AUC,2.0,6,0.09677141,0.70000668,0.33333333
4750,AUC,51.1,4750 AUC,1.0,6,0.03005337,0.56350282,0.16666667
4750,AUC,71.5,4750 AUC,1.0,7,0.02567962,0.51312783,0.14285714
4750,AUC,100.0,4750 AUC,1.0,6,0.03005337,0.56350282,0.16666667
4750,MOV,0.0,4750 MOV,3.0,21,0.04981012,0.3463606,0.14285714
4750,MOV,2.5,4750 MOV,3.0,11,0.09746059,0.5656453,0.27272727
4750,MOV,3.5,4750 MOV,3.0,12,0.08894167,0.53230533,0.25
4750,MOV,4.89,4750 MOV,0.0,10,0.0,0.2775328,0.0
4750,MOV,6.84,4750 MOV,0.0,10,0.0,0.2775328,0.0
4750,MOV,9.56,4750 MOV,0.0,8,0.0,0.32440756,0.0
4750,MOV,13.4,4750 MOV,0.0,6,0.0,0.39033429,0.0
4750,MOV,18.7,4750 MOV,1.0,8,0.02241749,0.47088818,0.125
4750,MOV,26.1,4750 MOV,0.0,7,0.0,0.35433044,0.0
4750,MOV,36.6,4750 MOV,2.0,6,0.09677141,0.70000668,0.33333333
4750,MOV,51.1,4750 MOV,0.0,6,0.0,0.39033429,0.0
4750,MOV,71.5,4750 MOV,2.0,7,0.08221892,0.64106555,0.28571429
4750,MOV,100.0,4750 MOV,0.0,6,0.0,0.39033429,0.0
4751,AUC,0.0,4751 AUC,1.0,16,0.01111934,0.28328738,0.0625
4751,AUC,2.5,4751 AUC,1.0,12,0.01486509,0.35387991,0.08333333
4751,AUC,3.5,4751 AUC,3.0,9,0.12058382,0.64579786,0.33333333
4751,AUC,4.89,4751 AUC,2.0,10,0.05668215,0.50983753,0.2
4751,AUC,6.84,4751 AUC,2.0,9,0.06322511,0.54741103,0.22222222
4751,AUC,9.56,4751 AUC,2.0,10,0.05668215,0.50983753,0.2
4751,AUC,13.4,4751 AUC,0.0,6,0.0,0.39033429,0.0
4751,AUC,18.7,4751 AUC,0.0,6,0.0,0.39033429,0.0
4751,AUC,26.1,4751 AUC,0.0,6,0.0,0.39033429,0.0
4751,AUC,36.6,4751 AUC,1.0,6,0.03005337,0.56350282,0.16666667
4751,AUC,51.1,4751 AUC,0.0,5,0.0,0.43448246,0.0
4751,AUC,71.5,4751 AUC,0.0,4,0.0,0.48989084,0.0
4751,AUC,100.0,4751 AUC,1.0,3,0.06149194,0.7923404,0.33333333
4751,MOV,0.0,4751 MOV,0.0,16,0.0,0.19360768,0.0
4751,MOV,2.5,4751 MOV,2.0,12,0.04696514,0.44803086,0.16666667
4751,MOV,3.5,4751 MOV,0.0,9,0.0,0.29914505,0.0
4751,MOV,4.89,4751 MOV,1.0,10,0.01787621,0.40415003,0.1
4751,MOV,6.84,4751 MOV,1.0,9,0.01989089,0.43499971,0.11111111
4751,MOV,9.56,4751 MOV,5.0,10,0.23659309,0.76340691,0.5
4751,MOV,13.4,4751 MOV,1.0,6,0.03005337,0.56350282,0.16666667
4751,MOV,18.7,4751 MOV,2.0,6,0.09677141,0.70000668,0.33333333
4751,MOV,26.1,4751 MOV,1.0,6,0.03005337,0.56350282,0.16666667
4751,MOV,36.6,4751 MOV,1.0,6,0.03005337,0.56350282,0.16666667
4751,MOV,51.1,4751 MOV,0.0,5,0.0,0.43448246,0.0
4751,MOV,71.5,4751 MOV,1.0,4,0.04558726,0.69935816,0.25
4751,MOV,100.0,4751 MOV,2.0,3,0.2076596,0.93850806,0.66666667
4752,AUC,0.0,4752 AUC,1.0,23,0.00771667,0.20991155,0.04347826
4752,AUC,2.5,4752 AUC,1.0,13,0.01371042,0.33313951,0.07692308
4752,AUC,3.5,4752 AUC,0.0,11,0.0,0.25883297,0.0
4752,AUC,4.89,4752 AUC,2.0,12,0.04696514,0.44803086,0.16666667
4752,AUC,6.84,4752 AUC,0.0,13,0.0,0.22809537,0.0
4752,AUC,9.56,4752 AUC,4.0,13,0.12680704,0.57630657,0.30769231
4752,AUC,13.4,4752 AUC,0.0,12,0.0,0.24249401,0.0
4752,AUC,18.7,4752 AUC,1.0,11,0.01623217,0.37735844,0.09090909
4752,AUC,26.1,4752 AUC,2.0,10,0.05668215,0.50983753,0.2
4752,AUC,36.6,4752 AUC,3.0,12,0.08894167,0.53230533,0.25
4752,AUC,51.1,4752 AUC,2.0,11,0.05136769,0.47698056,0.18181818
4752,AUC,71.5,4752 AUC,1.0,13,0.01371042,0.33313951,0.07692308
4752,AUC,100.0,4752 AUC,3.0,11,0.09746059,0.5656453,0.27272727
4752,MOV,0.0,4752 MOV,2.0,23,0.02418,0.26795981,0.08695652
4752,MOV,2.5,4752 MOV,2.0,13,0.04325818,0.42234631,0.15384615
4752,MOV,3.5,4752 MOV,0.0,11,0.0,0.25883297,0.0
4752,MOV,4.89,4752 MOV,2.0,12,0.04696514,0.44803086,0.16666667
4752,MOV,6.84,4752 MOV,0.0,13,0.0,0.22809537,0.0
4752,MOV,9.56,4752 MOV,1.0,13,0.01371042,0.33313951,0.07692308
4752,MOV,13.4,4752 MOV,2.0,12,0.04696514,0.44803086,0.16666667
4752,MOV,18.7,4752 MOV,3.0,11,0.09746059,0.5656453,0.27272727
4752,MOV,26.1,4752 MOV,0.0,10,0.0,0.2775328,0.0
4752,MOV,36.6,4752 MOV,0.0,12,0.0,0.24249401,0.0
4752,MOV,51.1,4752 MOV,3.0,11,0.09746059,0.5656453,0.27272727
4752,MOV,71.5,4752 MOV,3.0,13,0.08179529,0.50256376,0.23076923
4752,MOV,100.0,4752 MOV,2.0,11,0.05136769,0.47698056,0.18181818
4753,AUC,0.0,4753 AUC,5.0,23,0.09663978,0.41903483,0.2173913
4753,AUC,2.5,4753 AUC,9.0,14,0.38764423,0.83655268,0.64285714
4753,AUC,3.5,4753 AUC,6.0,12,0.2537816,0.7462184,0.5
4753,AUC,4.89,4753 AUC,2.0,11,0.05136769,0.47698056,0.18181818
4753,AUC,6.84,4753 AUC,4.0,10,0.16818033,0.68732623,0.4
4753,AUC,9.56,4753 AUC,5.0,12,0.19326031,0.68048869,0.41666667
4753,AUC,13.4,4753 AUC,7.0,13,0.29143796,0.76793932,0.53846154
4753,AUC,18.7,4753 AUC,4.0,13,0.12680704,0.57630657,0.30769231
4753,AUC,26.1,4753 AUC,8.0,12,0.39062209,0.86187991,0.66666667
4753,AUC,36.6,4753 AUC,6.0,12,0.2537816,0.7462184,0.5
4753,AUC,51.1,4753 AUC,4.0,7,0.25045836,0.84178014,0.57142857
4753,AUC,71.5,4753 AUC,2.0,5,0.11762077,0.76927572,0.4
4753,AUC,100.0,4753 AUC,1.0,4,0.04558726,0.69935816,0.25
4753,MOV,0.0,4753 MOV,3.0,23,0.04537659,0.32127482,0.13043478
4753,MOV,2.5,4753 MOV,3.0,14,0.07571387,0.47589231,0.21428571
4753,MOV,3.5,4753 MOV,1.0,12,0.01486509,0.35387991,0.08333333
4753,MOV,4.89,4753 MOV,0.0,11,0.0,0.25883297,0.0
4753,MOV,6.84,4753 MOV,2.0,10,0.05668215,0.50983753,0.2
4753,MOV,9.56,4753 MOV,1.0,12,0.01486509,0.35387991,0.08333333
4753,MOV,13.4,4753 MOV,3.0,13,0.08179529,0.50256376,0.23076923
4753,MOV,18.7,4753 MOV,1.0,13,0.01371042,0.33313951,0.07692308
4753,MOV,26.1,4753 MOV,2.0,12,0.04696514,0.44803086,0.16666667
4753,MOV,36.6,4753 MOV,5.0,12,0.19326031,0.68048869,0.41666667
4753,MOV,51.1,4753 MOV,1.0,7,0.02567962,0.51312783,0.14285714
4753,MOV,71.5,4753 MOV,0.0,5,0.0,0.43448246,0.0
4753,MOV,100.0,4753 MOV,2.0,4,0.15003899,0.84996101,0.5
4754,AUC,0.0,4754 AUC,2.0,22,0.02529543,0.27814947,0.09090909
4754,AUC,2.5,4754 AUC,1.0,11,0.01623217,0.37735844,0.09090909
4754,AUC,3.5,4754 AUC,2.0,12,0.04696514,0.44803086,0.16666667
4754,AUC,4.89,4754 AUC,2.0,13,0.04325818,0.42234631,0.15384615
4754,AUC,6.84,4754 AUC,2.0,11,0.05136769,0.47698056,0.18181818
4754,AUC,9.56,4754 AUC,3.0,12,0.08894167,0.53230533,0.25
4754,AUC,13.4,4754 AUC,1.0,10,0.01787621,0.40415003,0.1
4754,AUC,18.7,4754 AUC,1.0,7,0.02567962,0.51312783,0.14285714
4754,AUC,26.1,4754 AUC,4.0,9,0.18877852,0.73334871,0.44444444
4754,AUC,36.6,4754 AUC,1.0,4,0.04558726,0.69935816,0.25
4754,AUC,51.1,4754 AUC,2.0,2,0.34238023,1.0,1.0
4754,MOV,0.0,4754 MOV,4.0,22,0.07306885,0.38516607,0.18181818
4754,MOV,2.5,4754 MOV,3.0,11,0.09746059,0.5656453,0.27272727
4754,MOV,3.5,4754 MOV,1.0,12,0.01486509,0.35387991,0.08333333
4754,MOV,4.89,4754 MOV,3.0,13,0.08179529,0.50256376,0.23076923
4754,MOV,6.84,4754 MOV,3.0,11,0.09746059,0.5656453,0.27272727
4754,MOV,9.56,4754 MOV,3.0,12,0.08894167,0.53230533,0.25
4754,MOV,13.4,4754 MOV,3.0,10,0.10779127,0.60322185,0.3
4754,MOV,18.7,4754 MOV,2.0,7,0.08221892,0.64106555,0.28571429
4754,MOV,26.1,4754 MOV,3.0,9,0.12058382,0.64579786,0.33333333
4754,MOV,36.6,4754 MOV,1.0,4,0.04558726,0.69935816,0.25
4754,MOV,51.1,4754 MOV,0.0,2,0.0,0.65761977,0.0
4755,AUC,0.0,4755 AUC,3.0,49,0.02104015,0.16520488,0.06122449
4755,AUC,2.5,4755 AUC,2.0,13,0.04325818,0.42234631,0.15384615
4755,AUC,3.125,4755 AUC,1.0,30,0.00590859,0.16670391,0.03333333
4755,AUC,5.0,4755 AUC,1.0,8,0.02241749,0.47088818,0.125
4755,AUC,6.25,4755 AUC,1.0,31,0.00571722,0.16194105,0.03225806
4755,AUC,7.5,4755 AUC,0.0,12,0.0,0.24249401,0.0
4755,AUC,10.0,4755 AUC,3.0,13,0.08179529,0.50256376,0.23076923
4755,AUC,12.5,4755 AUC,0.0,30,0.0,0.11351339,0.0
4755,AUC,15.0,4755 AUC,6.0,13,0.23206068,0.70856204,0.46153846
4755,AUC,20.0,4755 AUC,4.0,11,0.15166471,0.64619883,0.36363636
4755,AUC,25.0,4755 AUC,2.0,28,0.01981206,0.22645363,0.07142857
4755,AUC,30.0,4755 AUC,4.0,12,0.13812009,0.60937791,0.33333333
4755,AUC,40.0,4755 AUC,4.0,13,0.12680704,0.57630657,0.30769231
4755,AUC,50.0,4755 AUC,3.0,22,0.04749004,0.33334987,0.13636364
4755,AUC,60.0,4755 AUC,3.0,13,0.08179529,0.50256376,0.23076923
4755,AUC,80.0,4755 AUC,1.0,14,0.01272222,0.31468704,0.07142857
4755,AUC,100.0,4755 AUC,3.0,11,0.09746059,0.5656453,0.27272727
4755,MOV,0.0,4755 MOV,4.0,49,0.03220282,0.19189128,0.08163265
4755,MOV,2.5,4755 MOV,3.0,13,0.08179529,0.50256376,0.23076923
4755,MOV,3.125,4755 MOV,0.0,30,0.0,0.11351339,0.0
4755,MOV,5.0,4755 MOV,0.0,8,0.0,0.32440756,0.0
4755,MOV,6.25,4755 MOV,4.0,31,0.05134284,0.28852406,0.12903226
4755,MOV,7.5,4755 MOV,1.0,12,0.01486509,0.35387991,0.08333333
4755,MOV,10.0,4755 MOV,4.0,13,0.12680704,0.57630657,0.30769231
4755,MOV,12.5,4755 MOV,0.0,30,0.0,0.11351339,0.0
4755,MOV,15.0,4755 MOV,2.0,13,0.04325818,0.42234631,0.15384615
4755,MOV,20.0,4755 MOV,2.0,11,0.05136769,0.47698056,0.18181818
4755,MOV,25.0,4755 MOV,1.0,28,0.00633252,0.17712198,0.03571429
4755,MOV,30.0,4755 MOV,3.0,12,0.08894167,0.53230533,0.25
4755,MOV,40.0,4755 MOV,2.0,13,0.04325818,0.42234631,0.15384615
4755,MOV,50.0,4755 MOV,3.0,22,0.04749004,0.33334987,0.13636364
4755,MOV,60.0,4755 MOV,3.0,13,0.08179529,0.50256376,0.23076923
4755,MOV,80.0,4755 MOV,1.0,14,0.01272222,0.31468704,0.07142857
4755,MOV,100.0,4755 MOV,2.0,11,0.05136769,0.47698056,0.18181818
4756,AUC,0.0,4756 AUC,4.0,52,0.03031935,0.18173562,0.07692308
4756,AUC,2.5,4756 AUC,4.0,13,0.12680704,0.57630657,0.30769231
4756,AUC,3.125,4756 AUC,2.0,30,0.01847702,0.21323458,0.06666667
4756,AUC,5.0,4756 AUC,5.0,12,0.19326031,0.68048869,0.41666667
4756,AUC,6.25,4756 AUC,0.0,30,0.0,0.11351339,0.0
4756,AUC,7.5,4756 AUC,7.0,13,0.29143796,0.76793932,0.53846154
4756,AUC,10.0,4756 AUC,6.0,12,0.2537816,0.7462184,0.5
4756,AUC,12.5,4756 AUC,4.0,31,0.05134284,0.28852406,0.12903226
4756,AUC,15.0,4756 AUC,7.0,13,0.29143796,0.76793932,0.53846154
4756,AUC,20.0,4756 AUC,2.0,11,0.05136769,0.47698056,0.18181818
4756,AUC,25.0,4756 AUC,2.0,23,0.02418,0.26795981,0.08695652
4756,AUC,30.0,4756 AUC,3.0,13,0.08179529,0.50256376,0.23076923
4756,AUC,40.0,4756 AUC,4.0,12,0.13812009,0.60937791,0.33333333
4756,AUC,50.0,4756 AUC,11.0,42,0.1530264,0.41068731,0.26190476
4756,AUC,60.0,4756 AUC,4.0,14,0.11721379,0.54649084,0.28571429
4756,AUC,80.0,4756 AUC,8.0,13,0.35522892,0.82290292,0.61538462
4756,AUC,100.0,4756 AUC,4.0,14,0.11721379,0.54649084,0.28571429
4756,MOV,0.0,4756 MOV,2.0,52,0.01061171,0.12981189,0.03846154
4756,MOV,2.5,4756 MOV,0.0,13,0.0,0.22809537,0.0
4756,MOV,3.125,4756 MOV,11.0,30,0.21873921,0.54486436,0.36666667
4756,MOV,5.0,4756 MOV,1.0,12,0.01486509,0.35387991,0.08333333
4756,MOV,6.25,4756 MOV,7.0,30,0.11792388,0.40928326,0.23333333
4756,MOV,7.5,4756 MOV,0.0,13,0.0,0.22809537,0.0
4756,MOV,10.0,4756 MOV,1.0,12,0.01486509,0.35387991,0.08333333
4756,MOV,12.5,4756 MOV,13.0,31,0.26415543,0.59233738,0.41935484
4756,MOV,15.0,4756 MOV,3.0,13,0.08179529,0.50256376,0.23076923
4756,MOV,20.0,4756 MOV,0.0,11,0.0,0.25883297,0.0
4756,MOV,25.0,4756 MOV,4.0,23,0.06978654,0.37137648,0.17391304
4756,MOV,30.0,4756 MOV,2.0,13,0.04325818,0.42234631,0.15384615
4756,MOV,40.0,4756 MOV,1.0,12,0.01486509,0.35387991,0.08333333
4756,MOV,50.0,4756 MOV,10.0,42,0.13480964,0.38527544,0.23809524
4756,MOV,60.0,4756 MOV,1.0,14,0.01272222,0.31468704,0.07142857
4756,MOV,80.0,4756 MOV,0.0,13,0.0,0.22809537,0.0
4756,MOV,100.0,4756 MOV,2.0,14,0.04009392,0.39941379,0.14285714
4757,AUC,0.0,4757 AUC,2.0,24,0.02315882,0.25848802,0.08333333
4757,AUC,2.5,4757 AUC,6.0,14,0.21380799,0.67409355,0.42857143
4757,AUC,5.0,4757 AUC,2.0,12,0.04696514,0.44803086,0.16666667
4757,AUC,7.5,4757 AUC,3.0,12,0.08894167,0.53230533,0.25
4757,AUC,10.0,4757 AUC,2.0,12,0.04696514,0.44803086,0.16666667
4757,AUC,15.0,4757 AUC,5.0,13,0.17709708,0.64477108,0.38461538
4757,AUC,20.0,4757 AUC,4.0,12,0.13812009,0.60937791,0.33333333
4757,AUC,30.0,4757 AUC,5.0,11,0.21271272,0.71990846,0.45454545
4757,AUC,40.0,4757 AUC,5.0,11,0.21271272,0.71990846,0.45454545
4757,AUC,50.0,4757 AUC,5.0,9,0.26665129,0.81122148,0.55555556
4757,AUC,60.0,4757 AUC,7.0,12,0.31951131,0.80673969,0.58333333
4757,AUC,80.0,4757 AUC,4.0,7,0.25045836,0.84178014,0.57142857
4757,AUC,100.0,4757 AUC,7.0,12,0.31951131,0.80673969,0.58333333
4757,MOV,0.0,4757 MOV,3.0,24,0.04344334,0.31003881,0.125
4757,MOV,2.5,4757 MOV,1.0,14,0.01272222,0.31468704,0.07142857
4757,MOV,5.0,4757 MOV,0.0,12,0.0,0.24249401,0.0
4757,MOV,7.5,4757 MOV,2.0,12,0.04696514,0.44803086,0.16666667
4757,MOV,10.0,4757 MOV,2.0,12,0.04696514,0.44803086,0.16666667
4757,MOV,15.0,4757 MOV,1.0,13,0.01371042,0.33313951,0.07692308
4757,MOV,20.0,4757 MOV,0.0,12,0.0,0.24249401,0.0
4757,MOV,30.0,4757 MOV,3.0,11,0.09746059,0.5656453,0.27272727
4757,MOV,40.0,4757 MOV,1.0,11,0.01623217,0.37735844,0.09090909
4757,MOV,50.0,4757 MOV,0.0,9,0.0,0.29914505,0.0
4757,MOV,60.0,4757 MOV,3.0,12,0.08894167,0.53230533,0.25
4757,MOV,80.0,4757 MOV,0.0,7,0.0,0.35433044,0.0
4757,MOV,100.0,4757 MOV,4.0,12,0.13812009,0.60937791,0.33333333
4758,AUC,0.0,4758 AUC,6.0,24,0.11999366,0.44899444,0.25
4758,AUC,2.5,4758 AUC,4.0,13,0.12680704,0.57630657,0.30769231
4758,AUC,5.0,4758 AUC,5.0,13,0.17709708,0.64477108,0.38461538
4758,AUC,7.5,4758 AUC,3.0,14,0.07571387,0.47589231,0.21428571
4758,AUC,10.0,4758 AUC,3.0,14,0.07571387,0.47589231,0.21428571
4758,AUC,15.0,4758 AUC,4.0,14,0.11721379,0.54649084,0.28571429
4758,AUC,20.0,4758 AUC,4.0,14,0.11721379,0.54649084,0.28571429
4758,AUC,30.0,4758 AUC,4.0,13,0.12680704,0.57630657,0.30769231
4758,AUC,40.0,4758 AUC,6.0,14,0.21380799,0.67409355,0.42857143
4758,AUC,50.0,4758 AUC,2.0,13,0.04325818,0.42234631,0.15384615
4758,AUC,60.0,4758 AUC,1.0,12,0.01486509,0.35387991,0.08333333
4758,AUC,80.0,4758 AUC,3.0,13,0.08179529,0.50256376,0.23076923
4758,AUC,100.0,4758 AUC,5.0,12,0.19326031,0.68048869,0.41666667
4758,MOV,0.0,4758 MOV,2.0,24,0.02315882,0.25848802,0.08333333
4758,MOV,2.5,4758 MOV,4.0,13,0.12680704,0.57630657,0.30769231
4758,MOV,5.0,4758 MOV,4.0,13,0.12680704,0.57630657,0.30769231
4758,MOV,7.5,4758 MOV,4.0,14,0.11721379,0.54649084,0.28571429
4758,MOV,10.0,4758 MOV,2.0,14,0.04009392,0.39941379,0.14285714
4758,MOV,15.0,4758 MOV,7.0,14,0.26799202,0.73200798,0.5
4758,MOV,20.0,4758 MOV,4.0,14,0.11721379,0.54649084,0.28571429
4758,MOV,30.0,4758 MOV,3.0,13,0.08179529,0.50256376,0.23076923
4758,MOV,40.0,4758 MOV,5.0,14,0.16344732,0.61235577,0.35714286
4758,MOV,50.0,4758 MOV,3.0,13,0.08179529,0.50256376,0.23076923
4758,MOV,60.0,4758 MOV,4.0,12,0.13812009,0.60937791,0.33333333
4758,MOV,80.0,4758 MOV,2.0,13,0.04325818,0.42234631,0.15384615
4758,MOV,100.0,4758 MOV,5.0,12,0.19326031,0.68048869,0.41666667
4759,AUC,0.0,4759 AUC,9.0,77,0.06272562,0.20745084,0.11688312
4759,AUC,2.5,4759 AUC,3.0,13,0.08179529,0.50256376,0.23076923
4759,AUC,3.125,4759 AUC,1.0,29,0.00611321,0.17175522,0.03448276
4759,AUC,5.0,4759 AUC,4.0,14,0.11721379,0.54649084,0.28571429
4759,AUC,6.25,4759 AUC,0.0,26,0.0,0.12872892,0.0
4759,AUC,7.5,4759 AUC,2.0,13,0.04325818,0.42234631,0.15384615
4759,AUC,10.0,4759 AUC,3.0,13,0.08179529,0.50256376,0.23076923
4759,AUC,12.5,4759 AUC,3.0,21,0.04981012,0.3463606,0.14285714
4759,AUC,12.8,4759 AUC,1.0,24,0.00739346,0.20241806,0.04166667
4759,AUC,15.0,4759 AUC,5.0,13,0.17709708,0.64477108,0.38461538
4759,AUC,16.0,4759 AUC,3.0,23,0.04537659,0.32127482,0.13043478
4759,AUC,20.0,4759 AUC,8.0,32,0.13252401,0.42106559,0.25
4759,AUC,25.0,4759 AUC,1.0,8,0.02241749,0.47088818,0.125
4759,AUC,30.0,4759 AUC,2.0,10,0.05668215,0.50983753,0.2
4759,AUC,40.0,4759 AUC,5.0,13,0.17709708,0.64477108,0.38461538
4759,AUC,50.0,4759 AUC,0.0,10,0.0,0.2775328,0.0
4759,AUC,60.0,4759 AUC,3.0,12,0.08894167,0.53230533,0.25
4759,AUC,80.0,4759 AUC,4.0,14,0.11721379,0.54649084,0.28571429
4759,AUC,100.0,4759 AUC,2.0,12,0.04696514,0.44803086,0.16666667
4759,MOV,0.0,4759 MOV,13.0,77,0.10140669,0.26772889,0.16883117
4759,MOV,2.5,4759 MOV,1.0,13,0.01371042,0.33313951,0.07692308
4759,MOV,3.125,4759 MOV,5.0,29,0.07597857,0.3454844,0.17241379
4759,MOV,5.0,4759 MOV,6.0,14,0.21380799,0.67409355,0.42857143
4759,MOV,6.25,4759 MOV,1.0,26,0.00682198,0.18892779,0.03846154
4759,MOV,7.5,4759 MOV,1.0,13,0.01371042,0.33313951,0.07692308
4759,MOV,10.0,4759 MOV,5.0,13,0.17709708,0.64477108,0.38461538
4759,MOV,12.5,4759 MOV,5.0,21,0.10628013,0.45091174,0.23809524
4759,MOV,12.8,4759 MOV,7.0,24,0.14914648,0.49167694,0.29166667
4759,MOV,15.0,4759 MOV,1.0,13,0.01371042,0.33313951,0.07692308
4759,MOV,16.0,4759 MOV,10.0,23,0.25634635,0.63188625,0.43478261
4759,MOV,20.0,4759 MOV,7.0,32,0.11023836,0.38754994,0.21875
4759,MOV,25.0,4759 MOV,5.0,8,0.30574239,0.86315571,0.625
4759,MOV,30.0,4759 MOV,3.0,10,0.10779127,0.60322185,0.3
4759,MOV,40.0,4759 MOV,2.0,13,0.04325818,0.42234631,0.15384615
4759,MOV,50.0,4759 MOV,0.0,10,0.0,0.2775328,0.0
4759,MOV,60.0,4759 MOV,0.0,12,0.0,0.24249401,0.0
4759,MOV,80.0,4759 MOV,6.0,14,0.21380799,0.67409355,0.42857143
4759,MOV,100.0,4759 MOV,1.0,12,0.01486509,0.35387991,0.08333333
4764,AUC,0.0,4764 AUC,11.0,78,0.08061044,0.23513978,0.14102564
4764,AUC,2.5,4764 AUC,2.0,11,0.05136769,0.47698056,0.18181818
4764,AUC,3.125,4764 AUC,3.0,31,0.03346464,0.24899938,0.09677419
4764,AUC,3.5,4764 AUC,4.0,11,0.15166471,0.64619883,0.36363636
4764,AUC,4.89,4764 AUC,3.0,11,0.09746059,0.5656453,0.27272727
4764,AUC,6.25,4764 AUC,0.0,31,0.0,0.1102554,0.0
4764,AUC,6.84,4764 AUC,3.0,14,0.07571387,0.47589231,0.21428571
4764,AUC,9.56,4764 AUC,3.0,12,0.08894167,0.53230533,0.25
4764,AUC,12.5,4764 AUC,0.0,28,0.0,0.1206433,0.0
4764,AUC,13.4,4764 AUC,4.0,12,0.13812009,0.60937791,0.33333333
4764,AUC,18.7,4764 AUC,1.0,12,0.01486509,0.35387991,0.08333333
4764,AUC,25.0,4764 AUC,3.0,24,0.04344334,0.31003881,0.125
4764,AUC,26.1,4764 AUC,5.0,14,0.16344732,0.61235577,0.35714286
4764,AUC,30.0,4764 AUC,4.0,20,0.08065766,0.41601743,0.2
4764,AUC,36.6,4764 AUC,4.0,11,0.15166471,0.64619883,0.36363636
4764,AUC,37.5,4764 AUC,6.0,13,0.23206068,0.70856204,0.46153846
4764,AUC,45.0,4764 AUC,0.0,5,0.0,0.43448246,0.0
4764,AUC,50.0,4764 AUC,0.0,1,0.0,0.79345069,0.0
4764,AUC,51.1,4764 AUC,2.0,13,0.04325818,0.42234631,0.15384615
4764,AUC,71.5,4764 AUC,3.0,11,0.09746059,0.5656453,0.27272727
4764,AUC,100.0,4764 AUC,3.0,11,0.09746059,0.5656453,0.27272727
4764,MOV,0.0,4764 MOV,16.0,78,0.13039795,0.30753973,0.20512821
4764,MOV,2.5,4764 MOV,2.0,11,0.05136769,0.47698056,0.18181818
4764,MOV,3.125,4764 MOV,7.0,31,0.11395136,0.39812418,0.22580645
4764,MOV,3.5,4764 MOV,0.0,11,0.0,0.25883297,0.0
4764,MOV,4.89,4764 MOV,5.0,11,0.21271272,0.71990846,0.45454545
4764,MOV,6.25,4764 MOV,5.0,31,0.07092624,0.32634354,0.16129032
4764,MOV,6.84,4764 MOV,3.0,14,0.07571387,0.47589231,0.21428571
4764,MOV,9.56,4764 MOV,4.0,12,0.13812009,0.60937791,0.33333333
4764,MOV,12.5,4764 MOV,3.0,28,0.03711837,0.27195852,0.10714286
4764,MOV,13.4,4764 MOV,2.0,12,0.04696514,0.44803086,0.16666667
4764,MOV,18.7,4764 MOV,2.0,12,0.04696514,0.44803086,0.16666667
4764,MOV,25.0,4764 MOV,10.0,24,0.24467603,0.61165334,0.41666667
4764,MOV,26.1,4764 MOV,5.0,14,0.16344732,0.61235577,0.35714286
4764,MOV,30.0,4764 MOV,6.0,20,0.14547724,0.51897282,0.3
4764,MOV,36.6,4764 MOV,4.0,11,0.15166471,0.64619883,0.36363636
4764,MOV,37.5,4764 MOV,2.0,13,0.04325818,0.42234631,0.15384615
4764,MOV,45.0,4764 MOV,1.0,5,0.03622411,0.62446537,0.2
4764,MOV,50.0,4764 MOV,0.0,1,0.0,0.79345069,0.0
4764,MOV,51.1,4764 MOV,1.0,13,0.01371042,0.33313951,0.07692308
4764,MOV,71.5,4764 MOV,4.0,11,0.15166471,0.64619883,0.36363636
4764,MOV,100.0,4764 MOV,7.0,11,0.35380117,0.84833529,0.63636364
4765,AUC,0.0,4765 AUC,5.0,83,0.0260034,0.13338428,0.06024096
4765,AUC,2.5,4765 AUC,0.0,13,0.0,0.22809537,0.0
4765,AUC,3.125,4765 AUC,3.0,31,0.03346464,0.24899938,0.09677419
4765,AUC,3.5,4765 AUC,2.0,13,0.04325818,0.42234631,0.15384615
4765,AUC,4.89,4765 AUC,3.0,13,0.08179529,0.50256376,0.23076923
4765,AUC,6.25,4765 AUC,2.0,31,0.01787478,0.20718637,0.06451613
4765,AUC,6.84,4765 AUC,5.0,12,0.19326031,0.68048869,0.41666667
4765,AUC,9.56,4765 AUC,2.0,11,0.05136769,0.47698056,0.18181818
4765,AUC,12.5,4765 AUC,2.0,23,0.02418,0.26795981,0.08695652
4765,AUC,12.8,4765 AUC,3.0,22,0.04749004,0.33334987,0.13636364
4765,AUC,13.4,4765 AUC,3.0,12,0.08894167,0.53230533,0.25
4765,AUC,16.0,4765 AUC,3.0,23,0.04537659,0.32127482,0.13043478
4765,AUC,18.7,4765 AUC,1.0,12,0.01486509,0.35387991,0.08333333
4765,AUC,20.0,4765 AUC,2.0,25,0.0222204,0.24966109,0.08
4765,AUC,25.0,4765 AUC,3.0,18,0.05836577,0.39222038,0.16666667
4765,AUC,26.1,4765 AUC,1.0,11,0.01623217,0.37735844,0.09090909
4765,AUC,36.6,4765 AUC,3.0,12,0.08894167,0.53230533,0.25
4765,AUC,50.0,4765 AUC,0.0,2,0.0,0.65761977,0.0
4765,AUC,51.1,4765 AUC,2.0,12,0.04696514,0.44803086,0.16666667
4765,AUC,71.5,4765 AUC,1.0,12,0.01486509,0.35387991,0.08333333
4765,AUC,100.0,4765 AUC,2.0,12,0.04696514,0.44803086,0.16666667
4765,MOV,0.0,4765 MOV,9.0,83,0.05810492,0.19340466,0.10843373
4765,MOV,2.5,4765 MOV,5.0,13,0.17709708,0.64477108,0.38461538
4765,MOV,3.125,4765 MOV,2.0,31,0.01787478,0.20718637,0.06451613
4765,MOV,3.5,4765 MOV,5.0,13,0.17709708,0.64477108,0.38461538
4765,MOV,4.89,4765 MOV,3.0,13,0.08179529,0.50256376,0.23076923
4765,MOV,6.25,4765 MOV,2.0,31,0.01787478,0.20718637,0.06451613
4765,MOV,6.84,4765 MOV,5.0,12,0.19326031,0.68048869,0.41666667
4765,MOV,9.56,4765 MOV,1.0,11,0.01623217,0.37735844,0.09090909
4765,MOV,12.5,4765 MOV,2.0,23,0.02418,0.26795981,0.08695652
4765,MOV,12.8,4765 MOV,9.0,22,0.23255816,0.61265182,0.40909091
4765,MOV,13.4,4765 MOV,1.0,12,0.01486509,0.35387991,0.08333333
4765,MOV,16.0,4765 MOV,5.0,23,0.09663978,0.41903483,0.2173913
4765,MOV,18.7,4765 MOV,4.0,12,0.13812009,0.60937791,0.33333333
4765,MOV,20.0,4765 MOV,11.0,25,0.26665639,0.62932668,0.44
4765,MOV,25.0,4765 MOV,5.0,18,0.12499753,0.50872657,0.27777778
4765,MOV,26.1,4765 MOV,2.0,11,0.05136769,0.47698056,0.18181818
4765,MOV,36.6,4765 MOV,2.0,12,0.04696514,0.44803086,0.16666667
4765,MOV,50.0,4765 MOV,0.0,2,0.0,0.65761977,0.0
4765,MOV,51.1,4765 MOV,3.0,12,0.08894167,0.53230533,0.25
4765,MOV,71.5,4765 MOV,0.0,12,0.0,0.24249401,0.0
4765,MOV,100.0,4765 MOV,4.0,12,0.13812009,0.60937791,0.33333333
4766,AUC,0.0,4766 AUC,7.0,81,0.04249258,0.16779917,0.08641975
4766,AUC,2.5,4766 AUC,1.0,12,0.01486509,0.35387991,0.08333333
4766,AUC,3.125,4766 AUC,7.0,30,0.11792388,0.40928326,0.23333333
4766,AUC,3.5,4766 AUC,2.0,12,0.04696514,0.44803086,0.16666667
4766,AUC,4.89,4766 AUC,5.0,13,0.17709708,0.64477108,0.38461538
4766,AUC,6.25,4766 AUC,3.0,32,0.03240155,0.24218155,0.09375
4766,AUC,6.84,4766 AUC,2.0,14,0.04009392,0.39941379,0.14285714
4766,AUC,9.56,4766 AUC,0.0,11,0.0,0.25883297,0.0
4766,AUC,12.5,4766 AUC,7.0,26,0.13704448,0.4608304,0.26923077
4766,AUC,12.8,4766 AUC,6.0,23,0.12548616,0.46470005,0.26086957
4766,AUC,13.4,4766 AUC,2.0,12,0.04696514,0.44803086,0.16666667
4766,AUC,16.0,4766 AUC,7.0,23,0.15604024,0.50865756,0.30434783
4766,AUC,18.7,4766 AUC,2.0,14,0.04009392,0.39941379,0.14285714
4766,AUC,20.0,4766 AUC,13.0,21,0.40878654,0.79248989,0.61904762
4766,AUC,25.0,4766 AUC,9.0,13,0.42369343,0.87319296,0.69230769
4766,AUC,26.1,4766 AUC,4.0,14,0.11721379,0.54649084,0.28571429
4766,AUC,36.6,4766 AUC,2.0,11,0.05136769,0.47698056,0.18181818
4766,AUC,51.1,4766 AUC,6.0,12,0.2537816,0.7462184,0.5
4766,AUC,71.5,4766 AUC,3.0,12,0.08894167,0.53230533,0.25
4766,AUC,100.0,4766 AUC,5.0,13,0.17709708,0.64477108,0.38461538
4766,MOV,0.0,4766 MOV,13.0,81,0.09626154,0.25547049,0.16049383
4766,MOV,2.5,4766 MOV,2.0,12,0.04696514,0.44803086,0.16666667
4766,MOV,3.125,4766 MOV,6.0,30,0.09505107,0.37305696,0.2
4766,MOV,3.5,4766 MOV,0.0,12,0.0,0.24249401,0.0
4766,MOV,4.89,4766 MOV,2.0,13,0.04325818,0.42234631,0.15384615
4766,MOV,6.25,4766 MOV,4.0,32,0.04970134,0.28068305,0.125
4766,MOV,6.84,4766 MOV,2.0,14,0.04009392,0.39941379,0.14285714
4766,MOV,9.56,4766 MOV,2.0,11,0.05136769,0.47698056,0.18181818
4766,MOV,12.5,4766 MOV,3.0,26,0.04003245,0.28975903,0.11538462
4766,MOV,12.8,4766 MOV,7.0,23,0.15604024,0.50865756,0.30434783
4766,MOV,13.4,4766 MOV,0.0,12,0.0,0.24249401,0.0
4766,MOV,16.0,4766 MOV,7.0,23,0.15604024,0.50865756,0.30434783
4766,MOV,18.7,4766 MOV,2.0,14,0.04009392,0.39941379,0.14285714
4766,MOV,20.0,4766 MOV,5.0,21,0.10628013,0.45091174,0.23809524
4766,MOV,25.0,4766 MOV,6.0,13,0.23206068,0.70856204,0.46153846
4766,MOV,26.1,4766 MOV,1.0,14,0.01272222,0.31468704,0.07142857
4766,MOV,36.6,4766 MOV,2.0,11,0.05136769,0.47698056,0.18181818
4766,MOV,51.1,4766 MOV,0.0,12,0.0,0.24249401,0.0
4766,MOV,71.5,4766 MOV,1.0,12,0.01486509,0.35387991,0.08333333
4766,MOV,100.0,4766 MOV,2.0,13,0.04325818,0.42234631,0.15384615
4767,AUC,0.0,4767 AUC,1.0,22,0.00806943,0.21798046,0.04545455
4767,AUC,2.5,4767 AUC,2.0,10,0.05668215,0.50983753,0.2
4767,AUC,3.5,4767 AUC,5.0,13,0.17709708,0.64477108,0.38461538
4767,AUC,4.89,4767 AUC,4.0,14,0.11721379,0.54649084,0.28571429
4767,AUC,6.84,4767 AUC,1.0,14,0.01272222,0.31468704,0.07142857
4767,AUC,9.56,4767 AUC,3.0,13,0.08179529,0.50256376,0.23076923
4767,AUC,13.4,4767 AUC,3.0,14,0.07571387,0.47589231,0.21428571
4767,AUC,18.7,4767 AUC,2.0,11,0.05136769,0.47698056,0.18181818
4767,AUC,26.1,4767 AUC,3.0,12,0.08894167,0.53230533,0.25
4767,AUC,36.6,4767 AUC,1.0,10,0.01787621,0.40415003,0.1
4767,AUC,51.1,4767 AUC,2.0,11,0.05136769,0.47698056,0.18181818
4767,AUC,71.5,4767 AUC,2.0,10,0.05668215,0.50983753,0.2
4767,AUC,100.0,4767 AUC,2.0,9,0.06322511,0.54741103,0.22222222
4767,MOV,0.0,4767 MOV,4.0,22,0.07306885,0.38516607,0.18181818
4767,MOV,2.5,4767 MOV,4.0,10,0.16818033,0.68732623,0.4
4767,MOV,3.5,4767 MOV,4.0,13,0.12680704,0.57630657,0.30769231
4767,MOV,4.89,4767 MOV,4.0,14,0.11721379,0.54649084,0.28571429
4767,MOV,6.84,4767 MOV,1.0,14,0.01272222,0.31468704,0.07142857
4767,MOV,9.56,4767 MOV,2.0,13,0.04325818,0.42234631,0.15384615
4767,MOV,13.4,4767 MOV,6.0,14,0.21380799,0.67409355,0.42857143
4767,MOV,18.7,4767 MOV,4.0,11,0.15166471,0.64619883,0.36363636
4767,MOV,26.1,4767 MOV,6.0,12,0.2537816,0.7462184,0.5
4767,MOV,36.6,4767 MOV,5.0,10,0.23659309,0.76340691,0.5
4767,MOV,51.1,4767 MOV,7.0,11,0.35380117,0.84833529,0.63636364
4767,MOV,71.5,4767 MOV,2.0,10,0.05668215,0.50983753,0.2
4767,MOV,100.0,4767 MOV,2.0,9,0.06322511,0.54741103,0.22222222
4768,AUC,0.0,4768 AUC,3.0,21,0.04981012,0.3463606,0.14285714
4768,AUC,2.5,4768 AUC,1.0,13,0.01371042,0.33313951,0.07692308
4768,AUC,3.5,4768 AUC,3.0,13,0.08179529,0.50256376,0.23076923
4768,AUC,4.89,4768 AUC,0.0,13,0.0,0.22809537,0.0
4768,AUC,6.84,4768 AUC,1.0,11,0.01623217,0.37735844,0.09090909
4768,AUC,9.56,4768 AUC,2.0,12,0.04696514,0.44803086,0.16666667
4768,AUC,13.4,4768 AUC,1.0,12,0.01486509,0.35387991,0.08333333
4768,AUC,18.7,4768 AUC,1.0,11,0.01623217,0.37735844,0.09090909
4768,AUC,26.1,4768 AUC,3.0,13,0.08179529,0.50256376,0.23076923
4768,AUC,36.6,4768 AUC,5.0,12,0.19326031,0.68048869,0.41666667
4768,AUC,51.1,4768 AUC,1.0,8,0.02241749,0.47088818,0.125
4768,AUC,71.5,4768 AUC,2.0,6,0.09677141,0.70000668,0.33333333
4768,AUC,100.0,4768 AUC,1.0,3,0.06149194,0.7923404,0.33333333
4768,MOV,0.0,4768 MOV,2.0,21,0.02651877,0.28914139,0.0952381
4768,MOV,2.5,4768 MOV,2.0,13,0.04325818,0.42234631,0.15384615
4768,MOV,3.5,4768 MOV,2.0,13,0.04325818,0.42234631,0.15384615
4768,MOV,4.89,4768 MOV,1.0,13,0.01371042,0.33313951,0.07692308
4768,MOV,6.84,4768 MOV,2.0,11,0.05136769,0.47698056,0.18181818
4768,MOV,9.56,4768 MOV,2.0,12,0.04696514,0.44803086,0.16666667
4768,MOV,13.4,4768 MOV,4.0,12,0.13812009,0.60937791,0.33333333
4768,MOV,18.7,4768 MOV,0.0,11,0.0,0.25883297,0.0
4768,MOV,26.1,4768 MOV,1.0,13,0.01371042,0.33313951,0.07692308
4768,MOV,36.6,4768 MOV,1.0,12,0.01486509,0.35387991,0.08333333
4768,MOV,51.1,4768 MOV,2.0,8,0.07147921,0.59072457,0.25
4768,MOV,71.5,4768 MOV,3.0,6,0.18761631,0.81238369,0.5
4768,MOV,100.0,4768 MOV,0.0,3,0.0,0.56149703,0.0
4769,AUC,0.0,4769 AUC,3.0,51,0.02020664,0.15924626,0.05882353
4769,AUC,2.5,4769 AUC,1.0,13,0.01371042,0.33313951,0.07692308
4769,AUC,3.125,4769 AUC,0.0,32,0.0,0.1071792,0.0
4769,AUC,3.5,4769 AUC,2.0,13,0.04325818,0.42234631,0.15384615
4769,AUC,4.89,4769 AUC,1.0,14,0.01272222,0.31468704,0.07142857
4769,AUC,6.25,4769 AUC,5.0,28,0.07878502,0.35591425,0.17857143
4769,AUC,6.84,4769 AUC,1.0,14,0.01272222,0.31468704,0.07142857
4769,AUC,9.56,4769 AUC,1.0,12,0.01486509,0.35387991,0.08333333
4769,AUC,12.5,4769 AUC,3.0,28,0.03711837,0.27195852,0.10714286
4769,AUC,13.4,4769 AUC,0.0,14,0.0,0.2153108,0.0
4769,AUC,18.7,4769 AUC,0.0,12,0.0,0.24249401,0.0
4769,AUC,26.1,4769 AUC,1.0,11,0.01623217,0.37735844,0.09090909
4769,AUC,36.6,4769 AUC,3.0,12,0.08894167,0.53230533,0.25
4769,AUC,51.1,4769 AUC,0.0,11,0.0,0.25883297,0.0
4769,AUC,71.5,4769 AUC,1.0,13,0.01371042,0.33313951,0.07692308
4769,AUC,100.0,4769 AUC,3.0,12,0.08894167,0.53230533,0.25
4769,MOV,0.0,4769 MOV,3.0,51,0.02020664,0.15924626,0.05882353
4769,MOV,2.5,4769 MOV,3.0,13,0.08179529,0.50256376,0.23076923
4769,MOV,3.125,4769 MOV,4.0,32,0.04970134,0.28068305,0.125
4769,MOV,3.5,4769 MOV,2.0,13,0.04325818,0.42234631,0.15384615
4769,MOV,4.89,4769 MOV,3.0,14,0.07571387,0.47589231,0.21428571
4769,MOV,6.25,4769 MOV,5.0,28,0.07878502,0.35591425,0.17857143
4769,MOV,6.84,4769 MOV,1.0,14,0.01272222,0.31468704,0.07142857
4769,MOV,9.56,4769 MOV,2.0,12,0.04696514,0.44803086,0.16666667
4769,MOV,12.5,4769 MOV,4.0,28,0.05699005,0.31489802,0.14285714
4769,MOV,13.4,4769 MOV,2.0,14,0.04009392,0.39941379,0.14285714
4769,MOV,18.7,4769 MOV,1.0,12,0.01486509,0.35387991,0.08333333
4769,MOV,26.1,4769 MOV,1.0,11,0.01623217,0.37735844,0.09090909
4769,MOV,36.6,4769 MOV,1.0,12,0.01486509,0.35387991,0.08333333
4769,MOV,51.1,4769 MOV,1.0,11,0.01623217,0.37735844,0.09090909
4769,MOV,71.5,4769 MOV,1.0,13,0.01371042,0.33313951,0.07692308
4769,MOV,100.0,4769 MOV,1.0,12,0.01486509,0.35387991,0.08333333
4770,AUC,0.0,4770 AUC,2.0,53,0.01041029,0.12754287,0.03773585
4770,AUC,2.5,4770 AUC,0.0,13,0.0,0.22809537,0.0
4770,AUC,3.125,4770 AUC,1.0,30,0.00590859,0.16670391,0.03333333
4770,AUC,3.5,4770 AUC,0.0,13,0.0,0.22809537,0.0
4770,AUC,4.89,4770 AUC,3.0,14,0.07571387,0.47589231,0.21428571
4770,AUC,6.25,4770 AUC,5.0,29,0.07597857,0.3454844,0.17241379
4770,AUC,6.84,4770 AUC,2.0,11,0.05136769,0.47698056,0.18181818
4770,AUC,9.56,4770 AUC,0.0,13,0.0,0.22809537,0.0
4770,AUC,12.5,4770 AUC,6.0,22,0.1315076,0.48151734,0.27272727
4770,AUC,13.4,4770 AUC,3.0,12,0.08894167,0.53230533,0.25
4770,AUC,18.7,4770 AUC,0.0,12,0.0,0.24249401,0.0
4770,AUC,25.0,4770 AUC,1.0,11,0.01623217,0.37735844,0.09090909
4770,AUC,26.1,4770 AUC,1.0,12,0.01486509,0.35387991,0.08333333
4770,AUC,36.6,4770 AUC,2.0,13,0.04325818,0.42234631,0.15384615
4770,AUC,50.0,4770 AUC,1.0,4,0.04558726,0.69935816,0.25
4770,AUC,51.1,4770 AUC,2.0,14,0.04009392,0.39941379,0.14285714
4770,AUC,71.5,4770 AUC,1.0,12,0.01486509,0.35387991,0.08333333
4770,AUC,100.0,4770 AUC,3.0,12,0.08894167,0.53230533,0.25
4770,MOV,0.0,4770 MOV,9.0,53,0.09199945,0.2922528,0.16981132
4770,MOV,2.5,4770 MOV,6.0,13,0.23206068,0.70856204,0.46153846
4770,MOV,3.125,4770 MOV,9.0,30,0.16664748,0.47875787,0.3
4770,MOV,3.5,4770 MOV,4.0,13,0.12680704,0.57630657,0.30769231
4770,MOV,4.89,4770 MOV,4.0,14,0.11721379,0.54649084,0.28571429
4770,MOV,6.25,4770 MOV,8.0,29,0.14698755,0.45717132,0.27586207
4770,MOV,6.84,4770 MOV,5.0,11,0.21271272,0.71990846,0.45454545
4770,MOV,9.56,4770 MOV,0.0,13,0.0,0.22809537,0.0
4770,MOV,12.5,4770 MOV,7.0,22,0.16360593,0.52681402,0.31818182
4770,MOV,13.4,4770 MOV,2.0,12,0.04696514,0.44803086,0.16666667
4770,MOV,18.7,4770 MOV,4.0,12,0.13812009,0.60937791,0.33333333
4770,MOV,25.0,4770 MOV,2.0,11,0.05136769,0.47698056,0.18181818
4770,MOV,26.1,4770 MOV,8.0,12,0.39062209,0.86187991,0.66666667
4770,MOV,36.6,4770 MOV,6.0,13,0.23206068,0.70856204,0.46153846
4770,MOV,50.0,4770 MOV,0.0,4,0.0,0.48989084,0.0
4770,MOV,51.1,4770 MOV,3.0,14,0.07571387,0.47589231,0.21428571
4770,MOV,71.5,4770 MOV,4.0,12,0.13812009,0.60937791,0.33333333
4770,MOV,100.0,4770 MOV,3.0,12,0.08894167,0.53230533,0.25
4771,AUC,0.0,4771 AUC,2.0,23,0.02418,0.26795981,0.08695652
4771,AUC,2.5,4771 AUC,6.0,11,0.28009154,0.78728728,0.54545455
4771,AUC,3.5,4771 AUC,7.0,13,0.29143796,0.76793932,0.53846154
4771,AUC,4.89,4771 AUC,5.0,13,0.17709708,0.64477108,0.38461538
4771,AUC,6.84,4771 AUC,7.0,13,0.29143796,0.76793932,0.53846154
4771,AUC,9.56,4771 AUC,3.0,13,0.08179529,0.50256376,0.23076923
4771,AUC,13.4,4771 AUC,6.0,11,0.28009154,0.78728728,0.54545455
4771,AUC,18.7,4771 AUC,8.0,12,0.39062209,0.86187991,0.66666667
4771,AUC,26.1,4771 AUC,8.0,12,0.39062209,0.86187991,0.66666667
4771,AUC,36.6,4771 AUC,11.0,14,0.52410769,0.92428613,0.78571429
4771,AUC,51.1,4771 AUC,6.0,12,0.2537816,0.7462184,0.5
4771,AUC,71.5,4771 AUC,4.0,11,0.15166471,0.64619883,0.36363636
4771,AUC,100.0,4771 AUC,4.0,12,0.13812009,0.60937791,0.33333333
4771,MOV,0.0,4771 MOV,2.0,23,0.02418,0.26795981,0.08695652
4771,MOV,2.5,4771 MOV,3.0,11,0.09746059,0.5656453,0.27272727
4771,MOV,3.5,4771 MOV,1.0,13,0.01371042,0.33313951,0.07692308
4771,MOV,4.89,4771 MOV,4.0,13,0.12680704,0.57630657,0.30769231
4771,MOV,6.84,4771 MOV,0.0,13,0.0,0.22809537,0.0
4771,MOV,9.56,4771 MOV,0.0,13,0.0,0.22809537,0.0
4771,MOV,13.4,4771 MOV,2.0,11,0.05136769,0.47698056,0.18181818
4771,MOV,18.7,4771 MOV,2.0,12,0.04696514,0.44803086,0.16666667
4771,MOV,26.1,4771 MOV,1.0,12,0.01486509,0.35387991,0.08333333
4771,MOV,36.6,4771 MOV,3.0,14,0.07571387,0.47589231,0.21428571
4771,MOV,51.1,4771 MOV,0.0,12,0.0,0.24249401,0.0
4771,MOV,71.5,4771 MOV,1.0,11,0.01623217,0.37735844,0.09090909
4771,MOV,100.0,4771 MOV,2.0,12,0.04696514,0.44803086,0.16666667
4772,AUC,0.0,4772 AUC,5.0,21,0.10628013,0.45091174,0.23809524
4772,AUC,2.5,4772 AUC,1.0,12,0.01486509,0.35387991,0.08333333
4772,AUC,3.5,4772 AUC,3.0,13,0.08179529,0.50256376,0.23076923
4772,AUC,4.89,4772 AUC,4.0,13,0.12680704,0.57630657,0.30769231
4772,AUC,6.84,4772 AUC,2.0,14,0.04009392,0.39941379,0.14285714
4772,AUC,9.56,4772 AUC,2.0,13,0.04325818,0.42234631,0.15384615
4772,AUC,13.4,4772 AUC,1.0,12,0.01486509,0.35387991,0.08333333
4772,AUC,18.7,4772 AUC,2.0,13,0.04325818,0.42234631,0.15384615
4772,AUC,26.1,4772 AUC,5.0,12,0.19326031,0.68048869,0.41666667
4772,AUC,36.6,4772 AUC,2.0,12,0.04696514,0.44803086,0.16666667
4772,AUC,51.1,4772 AUC,2.0,12,0.04696514,0.44803086,0.16666667
4772,AUC,71.5,4772 AUC,7.0,12,0.31951131,0.80673969,0.58333333
4772,AUC,100.0,4772 AUC,2.0,13,0.04325818,0.42234631,0.15384615
4772,MOV,0.0,4772 MOV,4.0,21,0.07667565,0.40000565,0.19047619
4772,MOV,2.5,4772 MOV,2.0,12,0.04696514,0.44803086,0.16666667
4772,MOV,3.5,4772 MOV,4.0,13,0.12680704,0.57630657,0.30769231
4772,MOV,4.89,4772 MOV,5.0,13,0.17709708,0.64477108,0.38461538
4772,MOV,6.84,4772 MOV,5.0,14,0.16344732,0.61235577,0.35714286
4772,MOV,9.56,4772 MOV,6.0,13,0.23206068,0.70856204,0.46153846
4772,MOV,13.4,4772 MOV,4.0,12,0.13812009,0.60937791,0.33333333
4772,MOV,18.7,4772 MOV,3.0,13,0.08179529,0.50256376,0.23076923
4772,MOV,26.1,4772 MOV,5.0,12,0.19326031,0.68048869,0.41666667
4772,MOV,36.6,4772 MOV,5.0,12,0.19326031,0.68048869,0.41666667
4772,MOV,51.1,4772 MOV,3.0,12,0.08894167,0.53230533,0.25
4772,MOV,71.5,4772 MOV,3.0,12,0.08894167,0.53230533,0.25
4772,MOV,100.0,4772 MOV,2.0,13,0.04325818,0.42234631,0.15384615
4773,AUC,0.0,4773 AUC,3.0,47,0.02194539,0.17162614,0.06382979
4773,AUC,2.5,4773 AUC,2.0,13,0.04325818,0.42234631,0.15384615
4773,AUC,3.125,4773 AUC,2.0,29,0.01912127,0.2196458,0.06896552
4773,AUC,3.5,4773 AUC,0.0,12,0.0,0.24249401,0.0
4773,AUC,4.89,4773 AUC,1.0,13,0.01371042,0.33313951,0.07692308
4773,AUC,6.25,4773 AUC,0.0,32,0.0,0.1071792,0.0
4773,AUC,6.84,4773 AUC,2.0,13,0.04325818,0.42234631,0.15384615
4773,AUC,9.56,4773 AUC,1.0,12,0.01486509,0.35387991,0.08333333
4773,AUC,12.5,4773 AUC,2.0,30,0.01847702,0.21323458,0.06666667
4773,AUC,13.4,4773 AUC,1.0,8,0.02241749,0.47088818,0.125
4773,AUC,18.7,4773 AUC,3.0,13,0.08179529,0.50256376,0.23076923
4773,AUC,25.0,4773 AUC,2.0,30,0.01847702,0.21323458,0.06666667
4773,AUC,26.1,4773 AUC,4.0,13,0.12680704,0.57630657,0.30769231
4773,AUC,36.6,4773 AUC,1.0,12,0.01486509,0.35387991,0.08333333
4773,AUC,50.0,4773 AUC,1.0,31,0.00571722,0.16194105,0.03225806
4773,AUC,51.1,4773 AUC,1.0,10,0.01787621,0.40415003,0.1
4773,AUC,71.5,4773 AUC,3.0,10,0.10779127,0.60322185,0.3
4773,AUC,100.0,4773 AUC,5.0,11,0.21271272,0.71990846,0.45454545
4773,MOV,0.0,4773 MOV,4.0,47,0.03359412,0.19931538,0.08510638
4773,MOV,2.5,4773 MOV,2.0,13,0.04325818,0.42234631,0.15384615
4773,MOV,3.125,4773 MOV,5.0,29,0.07597857,0.3454844,0.17241379
4773,MOV,3.5,4773 MOV,6.0,12,0.2537816,0.7462184,0.5
4773,MOV,4.89,4773 MOV,4.0,13,0.12680704,0.57630657,0.30769231
4773,MOV,6.25,4773 MOV,3.0,32,0.03240155,0.24218155,0.09375
4773,MOV,6.84,4773 MOV,5.0,13,0.17709708,0.64477108,0.38461538
4773,MOV,9.56,4773 MOV,3.0,12,0.08894167,0.53230533,0.25
4773,MOV,12.5,4773 MOV,3.0,30,0.03459989,0.25621083,0.1
4773,MOV,13.4,4773 MOV,3.0,8,0.13684429,0.69425761,0.375
4773,MOV,18.7,4773 MOV,0.0,13,0.0,0.22809537,0.0
4773,MOV,25.0,4773 MOV,2.0,30,0.01847702,0.21323458,0.06666667
4773,MOV,26.1,4773 MOV,4.0,13,0.12680704,0.57630657,0.30769231
4773,MOV,36.6,4773 MOV,3.0,12,0.08894167,0.53230533,0.25
4773,MOV,50.0,4773 MOV,3.0,31,0.03346464,0.24899938,0.09677419
4773,MOV,51.1,4773 MOV,2.0,10,0.05668215,0.50983753,0.2
4773,MOV,71.5,4773 MOV,3.0,10,0.10779127,0.60322185,0.3
4773,MOV,100.0,4773 MOV,5.0,11,0.21271272,0.71990846,0.45454545
4774,AUC,0.0,4774 AUC,6.0,20,0.14547724,0.51897282,0.3
4774,AUC,2.5,4774 AUC,7.0,13,0.29143796,0.76793932,0.53846154
4774,AUC,3.5,4774 AUC,1.0,10,0.01787621,0.40415003,0.1
4774,AUC,4.89,4774 AUC,4.0,12,0.13812009,0.60937791,0.33333333
4774,AUC,6.84,4774 AUC,5.0,13,0.17709708,0.64477108,0.38461538
4774,AUC,9.56,4774 AUC,4.0,7,0.25045836,0.84178014,0.57142857
4774,AUC,13.4,4774 AUC,1.0,7,0.02567962,0.51312783,0.14285714
4774,AUC,18.7,4774 AUC,2.0,6,0.09677141,0.70000668,0.33333333
4774,AUC,26.1,4774 AUC,0.0,3,0.0,0.56149703,0.0
4774,AUC,36.6,4774 AUC,2.0,6,0.09677141,0.70000668,0.33333333
4774,AUC,51.1,4774 AUC,4.0,7,0.25045836,0.84178014,0.57142857
4774,AUC,71.5,4774 AUC,2.0,6,0.09677141,0.70000668,0.33333333
4774,AUC,100.0,4774 AUC,3.0,6,0.18761631,0.81238369,0.5
4774,MOV,0.0,4774 MOV,5.0,20,0.1118617,0.46870088,0.25
4774,MOV,2.5,4774 MOV,4.0,13,0.12680704,0.57630657,0.30769231
4774,MOV,3.5,4774 MOV,1.0,10,0.01787621,0.40415003,0.1
4774,MOV,4.89,4774 MOV,5.0,12,0.19326031,0.68048869,0.41666667
4774,MOV,6.84,4774 MOV,3.0,13,0.08179529,0.50256376,0.23076923
4774,MOV,9.56,4774 MOV,2.0,7,0.08221892,0.64106555,0.28571429
4774,MOV,13.4,4774 MOV,1.0,7,0.02567962,0.51312783,0.14285714
4774,MOV,18.7,4774 MOV,4.0,6,0.29999332,0.90322859,0.66666667
4774,MOV,26.1,4774 MOV,2.0,3,0.2076596,0.93850806,0.66666667
4774,MOV,36.6,4774 MOV,2.0,6,0.09677141,0.70000668,0.33333333
4774,MOV,51.1,4774 MOV,2.0,7,0.08221892,0.64106555,0.28571429
4774,MOV,71.5,4774 MOV,3.0,6,0.18761631,0.81238369,0.5
4774,MOV,100.0,4774 MOV,1.0,6,0.03005337,0.56350282,0.16666667
4775,AUC,0.0,4775 AUC,6.0,19,0.15364379,0.53989592,0.31578947
4775,AUC,2.5,4775 AUC,2.0,14,0.04009392,0.39941379,0.14285714
4775,AUC,3.5,4775 AUC,3.0,14,0.07571387,0.47589231,0.21428571
4775,AUC,4.89,4775 AUC,1.0,12,0.01486509,0.35387991,0.08333333
4775,AUC,6.84,4775 AUC,3.0,13,0.08179529,0.50256376,0.23076923
4775,AUC,9.56,4775 AUC,3.0,11,0.09746059,0.5656453,0.27272727
4775,AUC,13.4,4775 AUC,2.0,11,0.05136769,0.47698056,0.18181818
4775,AUC,18.7,4775 AUC,2.0,5,0.11762077,0.76927572,0.4
4775,AUC,26.1,4775 AUC,0.0,2,0.0,0.65761977,0.0
4775,AUC,36.6,4775 AUC,1.0,3,0.06149194,0.7923404,0.33333333
4775,MOV,0.0,4775 MOV,4.0,19,0.08507677,0.43334278,0.21052632
4775,MOV,2.5,4775 MOV,2.0,14,0.04009392,0.39941379,0.14285714
4775,MOV,3.5,4775 MOV,0.0,14,0.0,0.2153108,0.0
4775,MOV,4.89,4775 MOV,2.0,12,0.04696514,0.44803086,0.16666667
4775,MOV,6.84,4775 MOV,4.0,13,0.12680704,0.57630657,0.30769231
4775,MOV,9.56,4775 MOV,2.0,11,0.05136769,0.47698056,0.18181818
4775,MOV,13.4,4775 MOV,2.0,11,0.05136769,0.47698056,0.18181818
4775,MOV,18.7,4775 MOV,2.0,5,0.11762077,0.76927572,0.4
4775,MOV,26.1,4775 MOV,0.0,2,0.0,0.65761977,0.0
4775,MOV,36.6,4775 MOV,0.0,3,0.0,0.56149703,0.0
4776,AUC,0.0,4776 AUC,2.0,24,0.02315882,0.25848802,0.08333333
4776,AUC,2.5,4776 AUC,4.0,13,0.12680704,0.57630657,0.30769231
4776,AUC,3.5,4776 AUC,2.0,11,0.05136769,0.47698056,0.18181818
4776,AUC,4.89,4776 AUC,0.0,12,0.0,0.24249401,0.0
4776,AUC,6.84,4776 AUC,1.0,12,0.01486509,0.35387991,0.08333333
4776,AUC,9.56,4776 AUC,2.0,11,0.05136769,0.47698056,0.18181818
4776,AUC,13.4,4776 AUC,2.0,10,0.05668215,0.50983753,0.2
4776,AUC,18.7,4776 AUC,3.0,11,0.09746059,0.5656453,0.27272727
4776,AUC,26.1,4776 AUC,6.0,12,0.2537816,0.7462184,0.5
4776,AUC,36.6,4776 AUC,4.0,7,0.25045836,0.84178014,0.57142857
4776,AUC,51.1,4776 AUC,4.0,8,0.21521606,0.78478394,0.5
4776,AUC,71.5,4776 AUC,5.0,8,0.30574239,0.86315571,0.625
4776,AUC,100.0,4776 AUC,7.0,8,0.52911182,0.97758251,0.875
4776,MOV,0.0,4776 MOV,0.0,24,0.0,0.1379762,0.0
4776,MOV,2.5,4776 MOV,2.0,13,0.04325818,0.42234631,0.15384615
4776,MOV,3.5,4776 MOV,3.0,11,0.09746059,0.5656453,0.27272727
4776,MOV,4.89,4776 MOV,2.0,12,0.04696514,0.44803086,0.16666667
4776,MOV,6.84,4776 MOV,3.0,12,0.08894167,0.53230533,0.25
4776,MOV,9.56,4776 MOV,1.0,11,0.01623217,0.37735844,0.09090909
4776,MOV,13.4,4776 MOV,1.0,10,0.01787621,0.40415003,0.1
4776,MOV,18.7,4776 MOV,2.0,11,0.05136769,0.47698056,0.18181818
4776,MOV,26.1,4776 MOV,3.0,12,0.08894167,0.53230533,0.25
4776,MOV,36.6,4776 MOV,1.0,7,0.02567962,0.51312783,0.14285714
4776,MOV,51.1,4776 MOV,3.0,8,0.13684429,0.69425761,0.375
4776,MOV,71.5,4776 MOV,3.0,8,0.13684429,0.69425761,0.375
4776,MOV,100.0,4776 MOV,4.0,8,0.21521606,0.78478394,0.5
4777,AUC,0.0,4777 AUC,2.0,23,0.02418,0.26795981,0.08695652
4777,AUC,2.5,4777 AUC,5.0,13,0.17709708,0.64477108,0.38461538
4777,AUC,3.5,4777 AUC,3.0,12,0.08894167,0.53230533,0.25
4777,AUC,4.89,4777 AUC,3.0,11,0.09746059,0.5656453,0.27272727
4777,AUC,6.84,4777 AUC,4.0,10,0.16818033,0.68732623,0.4
4777,AUC,9.56,4777 AUC,4.0,11,0.15166471,0.64619883,0.36363636
4777,AUC,13.4,4777 AUC,4.0,11,0.15166471,0.64619883,0.36363636
4777,AUC,18.7,4777 AUC,3.0,12,0.08894167,0.53230533,0.25
4777,AUC,26.1,4777 AUC,3.0,10,0.10779127,0.60322185,0.3
4777,AUC,36.6,4777 AUC,5.0,11,0.21271272,0.71990846,0.45454545
4777,AUC,51.1,4777 AUC,4.0,13,0.12680704,0.57630657,0.30769231
4777,AUC,71.5,4777 AUC,1.0,13,0.01371042,0.33313951,0.07692308
4777,AUC,100.0,4777 AUC,1.0,11,0.01623217,0.37735844,0.09090909
4777,MOV,0.0,4777 MOV,2.0,23,0.02418,0.26795981,0.08695652
4777,MOV,2.5,4777 MOV,2.0,13,0.04325818,0.42234631,0.15384615
4777,MOV,3.5,4777 MOV,2.0,12,0.04696514,0.44803086,0.16666667
4777,MOV,4.89,4777 MOV,1.0,11,0.01623217,0.37735844,0.09090909
4777,MOV,6.84,4777 MOV,1.0,10,0.01787621,0.40415003,0.1
4777,MOV,9.56,4777 MOV,2.0,11,0.05136769,0.47698056,0.18181818
4777,MOV,13.4,4777 MOV,3.0,11,0.09746059,0.5656453,0.27272727
4777,MOV,18.7,4777 MOV,5.0,12,0.19326031,0.68048869,0.41666667
4777,MOV,26.1,4777 MOV,2.0,10,0.05668215,0.50983753,0.2
4777,MOV,36.6,4777 MOV,5.0,11,0.21271272,0.71990846,0.45454545
4777,MOV,51.1,4777 MOV,5.0,13,0.17709708,0.64477108,0.38461538
4777,MOV,71.5,4777 MOV,4.0,13,0.12680704,0.57630657,0.30769231
4777,MOV,100.0,4777 MOV,3.0,11,0.09746059,0.5656453,0.27272727
4778,AUC,0.0,4778 AUC,6.0,23,0.12548616,0.46470005,0.26086957
4778,AUC,2.5,4778 AUC,10.0,14,0.45350916,0.88278621,0.71428571
4778,AUC,3.5,4778 AUC,7.0,14,0.26799202,0.73200798,0.5
4778,AUC,4.89,4778 AUC,6.0,13,0.23206068,0.70856204,0.46153846
4778,AUC,6.84,4778 AUC,3.0,12,0.08894167,0.53230533,0.25
4778,AUC,9.56,4778 AUC,10.0,13,0.49743624,0.91820471,0.76923077
4778,AUC,13.4,4778 AUC,6.0,13,0.23206068,0.70856204,0.46153846
4778,AUC,18.7,4778 AUC,6.0,11,0.28009154,0.78728728,0.54545455
4778,AUC,26.1,4778 AUC,5.0,10,0.23659309,0.76340691,0.5
4778,AUC,36.6,4778 AUC,6.0,12,0.2537816,0.7462184,0.5
4778,AUC,51.1,4778 AUC,6.0,14,0.21380799,0.67409355,0.42857143
4778,AUC,71.5,4778 AUC,4.0,7,0.25045836,0.84178014,0.57142857
4778,AUC,100.0,4778 AUC,5.0,8,0.30574239,0.86315571,0.625
4778,MOV,0.0,4778 MOV,6.0,23,0.12548616,0.46470005,0.26086957
4778,MOV,2.5,4778 MOV,3.0,14,0.07571387,0.47589231,0.21428571
4778,MOV,3.5,4778 MOV,5.0,14,0.16344732,0.61235577,0.35714286
4778,MOV,4.89,4778 MOV,4.0,13,0.12680704,0.57630657,0.30769231
4778,MOV,6.84,4778 MOV,3.0,12,0.08894167,0.53230533,0.25
4778,MOV,9.56,4778 MOV,2.0,13,0.04325818,0.42234631,0.15384615
4778,MOV,13.4,4778 MOV,2.0,13,0.04325818,0.42234631,0.15384615
4778,MOV,18.7,4778 MOV,3.0,11,0.09746059,0.5656453,0.27272727
4778,MOV,26.1,4778 MOV,2.0,10,0.05668215,0.50983753,0.2
4778,MOV,36.6,4778 MOV,4.0,12,0.13812009,0.60937791,0.33333333
4778,MOV,51.1,4778 MOV,3.0,14,0.07571387,0.47589231,0.21428571
4778,MOV,71.5,4778 MOV,3.0,7,0.15821986,0.74954164,0.42857143
4778,MOV,100.0,4778 MOV,2.0,8,0.07147921,0.59072457,0.25
4779,AUC,0.0,4779 AUC,3.0,22,0.04749004,0.33334987,0.13636364
4779,AUC,2.5,4779 AUC,3.0,11,0.09746059,0.5656453,0.27272727
4779,AUC,3.5,4779 AUC,2.0,13,0.04325818,0.42234631,0.15384615
4779,AUC,4.89,4779 AUC,1.0,13,0.01371042,0.33313951,0.07692308
4779,AUC,6.84,4779 AUC,5.0,13,0.17709708,0.64477108,0.38461538
4779,AUC,9.56,4779 AUC,4.0,12,0.13812009,0.60937791,0.33333333
4779,AUC,13.4,4779 AUC,1.0,13,0.01371042,0.33313951,0.07692308
4779,AUC,18.7,4779 AUC,0.0,10,0.0,0.2775328,0.0
4779,AUC,26.1,4779 AUC,0.0,11,0.0,0.25883297,0.0
4779,AUC,36.6,4779 AUC,1.0,12,0.01486509,0.35387991,0.08333333
4779,AUC,51.1,4779 AUC,4.0,10,0.16818033,0.68732623,0.4
4779,AUC,71.5,4779 AUC,1.0,11,0.01623217,0.37735844,0.09090909
4779,AUC,100.0,4779 AUC,3.0,8,0.13684429,0.69425761,0.375
4779,MOV,0.0,4779 MOV,5.0,22,0.1012304,0.43439953,0.22727273
4779,MOV,2.5,4779 MOV,2.0,11,0.05136769,0.47698056,0.18181818
4779,MOV,3.5,4779 MOV,5.0,13,0.17709708,0.64477108,0.38461538
4779,MOV,4.89,4779 MOV,3.0,13,0.08179529,0.50256376,0.23076923
4779,MOV,6.84,4779 MOV,6.0,13,0.23206068,0.70856204,0.46153846
4779,MOV,9.56,4779 MOV,3.0,12,0.08894167,0.53230533,0.25
4779,MOV,13.4,4779 MOV,3.0,13,0.08179529,0.50256376,0.23076923
4779,MOV,18.7,4779 MOV,1.0,10,0.01787621,0.40415003,0.1
4779,MOV,26.1,4779 MOV,5.0,11,0.21271272,0.71990846,0.45454545
4779,MOV,36.6,4779 MOV,1.0,12,0.01486509,0.35387991,0.08333333
4779,MOV,51.1,4779 MOV,3.0,10,0.10779127,0.60322185,0.3
4779,MOV,71.5,4779 MOV,6.0,11,0.28009154,0.78728728,0.54545455
4779,MOV,100.0,4779 MOV,2.0,8,0.07147921,0.59072457,0.25
4780,AUC,0.0,4780 AUC,1.0,20,0.00888145,0.23613119,0.05
4780,AUC,2.5,4780 AUC,3.0,11,0.09746059,0.5656453,0.27272727
4780,AUC,3.5,4780 AUC,1.0,13,0.01371042,0.33313951,0.07692308
4780,AUC,4.89,4780 AUC,4.0,13,0.12680704,0.57630657,0.30769231
4780,AUC,6.84,4780 AUC,2.0,11,0.05136769,0.47698056,0.18181818
4780,AUC,9.56,4780 AUC,1.0,13,0.01371042,0.33313951,0.07692308
4780,AUC,13.4,4780 AUC,2.0,14,0.04009392,0.39941379,0.14285714
4780,AUC,18.7,4780 AUC,3.0,14,0.07571387,0.47589231,0.21428571
4780,AUC,26.1,4780 AUC,2.0,14,0.04009392,0.39941379,0.14285714
4780,AUC,36.6,4780 AUC,3.0,14,0.07571387,0.47589231,0.21428571
4780,AUC,51.1,4780 AUC,2.0,13,0.04325818,0.42234631,0.15384615
4780,AUC,71.5,4780 AUC,4.0,13,0.12680704,0.57630657,0.30769231
4780,AUC,100.0,4780 AUC,2.0,11,0.05136769,0.47698056,0.18181818
4780,MOV,0.0,4780 MOV,1.0,20,0.00888145,0.23613119,0.05
4780,MOV,2.5,4780 MOV,2.0,11,0.05136769,0.47698056,0.18181818
4780,MOV,3.5,4780 MOV,2.0,13,0.04325818,0.42234631,0.15384615
4780,MOV,4.89,4780 MOV,2.0,13,0.04325818,0.42234631,0.15384615
4780,MOV,6.84,4780 MOV,4.0,11,0.15166471,0.64619883,0.36363636
4780,MOV,9.56,4780 MOV,1.0,13,0.01371042,0.33313951,0.07692308
4780,MOV,13.4,4780 MOV,1.0,14,0.01272222,0.31468704,0.07142857
4780,MOV,18.7,4780 MOV,1.0,14,0.01272222,0.31468704,0.07142857
4780,MOV,26.1,4780 MOV,1.0,14,0.01272222,0.31468704,0.07142857
4780,MOV,36.6,4780 MOV,3.0,14,0.07571387,0.47589231,0.21428571
4780,MOV,51.1,4780 MOV,2.0,13,0.04325818,0.42234631,0.15384615
4780,MOV,71.5,4780 MOV,0.0,13,0.0,0.22809537,0.0
4780,MOV,100.0,4780 MOV,2.0,11,0.05136769,0.47698056,0.18181818
4783,AUC,0.0,4783 AUC,1.0,18,0.00987519,0.25757301,0.05555556
4783,AUC,0.05,4783 AUC,4.0,11,0.15166471,0.64619883,0.36363636
4783,AUC,0.075,4783 AUC,3.0,10,0.10779127,0.60322185,0.3
4783,AUC,0.1,4783 AUC,2.0,13,0.04325818,0.42234631,0.15384615
4783,AUC,0.15,4783 AUC,5.0,13,0.17709708,0.64477108,0.38461538
4783,AUC,0.2,4783 AUC,5.0,13,0.17709708,0.64477108,0.38461538
4783,AUC,0.25,4783 AUC,3.0,10,0.10779127,0.60322185,0.3
4783,AUC,0.5,4783 AUC,4.0,13,0.12680704,0.57630657,0.30769231
4783,AUC,0.75,4783 AUC,1.0,13,0.01371042,0.33313951,0.07692308
4783,AUC,1.0,4783 AUC,3.0,12,0.08894167,0.53230533,0.25
4783,AUC,1.25,4783 AUC,3.0,13,0.08179529,0.50256376,0.23076923
4783,AUC,1.5,4783 AUC,5.0,14,0.16344732,0.61235577,0.35714286
4783,AUC,1.9,4783 AUC,4.0,13,0.12680704,0.57630657,0.30769231
4783,MOV,0.0,4783 MOV,4.0,18,0.09000928,0.45214584,0.22222222
4783,MOV,0.05,4783 MOV,2.0,11,0.05136769,0.47698056,0.18181818
4783,MOV,0.075,4783 MOV,2.0,10,0.05668215,0.50983753,0.2
4783,MOV,0.1,4783 MOV,0.0,13,0.0,0.22809537,0.0
4783,MOV,0.15,4783 MOV,2.0,13,0.04325818,0.42234631,0.15384615
4783,MOV,0.2,4783 MOV,1.0,13,0.01371042,0.33313951,0.07692308
4783,MOV,0.25,4783 MOV,0.0,10,0.0,0.2775328,0.0
4783,MOV,0.5,4783 MOV,3.0,13,0.08179529,0.50256376,0.23076923
4783,MOV,0.75,4783 MOV,1.0,13,0.01371042,0.33313951,0.07692308
4783,MOV,1.0,4783 MOV,2.0,12,0.04696514,0.44803086,0.16666667
4783,MOV,1.25,4783 MOV,4.0,13,0.12680704,0.57630657,0.30769231
4783,MOV,1.5,4783 MOV,2.0,14,0.04009392,0.39941379,0.14285714
4783,MOV,1.9,4783 MOV,4.0,13,0.12680704,0.57630657,0.30769231
4784,AUC,0.0,4784 AUC,1.0,19,0.00935199,0.24638731,0.05263158
4784,AUC,0.05,4784 AUC,4.0,11,0.15166471,0.64619883,0.36363636
4784,AUC,0.075,4784 AUC,1.0,12,0.01486509,0.35387991,0.08333333
4784,AUC,0.1,4784 AUC,1.0,11,0.01623217,0.37735844,0.09090909
4784,AUC,0.15,4784 AUC,1.0,11,0.01623217,0.37735844,0.09090909
4784,AUC,0.2,4784 AUC,3.0,13,0.08179529,0.50256376,0.23076923
4784,AUC,0.25,4784 AUC,1.0,11,0.01623217,0.37735844,0.09090909
4784,AUC,0.5,4784 AUC,3.0,14,0.07571387,0.47589231,0.21428571
4784,AUC,0.75,4784 AUC,3.0,11,0.09746059,0.5656453,0.27272727
4784,AUC,1.0,4784 AUC,2.0,12,0.04696514,0.44803086,0.16666667
4784,AUC,1.25,4784 AUC,2.0,12,0.04696514,0.44803086,0.16666667
4784,AUC,1.5,4784 AUC,1.0,12,0.01486509,0.35387991,0.08333333
4784,AUC,1.9,4784 AUC,1.0,14,0.01272222,0.31468704,0.07142857
4784,MOV,0.0,4784 MOV,2.0,19,0.02935856,0.31394083,0.10526316
4784,MOV,0.05,4784 MOV,3.0,11,0.09746059,0.5656453,0.27272727
4784,MOV,0.075,4784 MOV,2.0,12,0.04696514,0.44803086,0.16666667
4784,MOV,0.1,4784 MOV,3.0,11,0.09746059,0.5656453,0.27272727
4784,MOV,0.15,4784 MOV,1.0,11,0.01623217,0.37735844,0.09090909
4784,MOV,0.2,4784 MOV,5.0,13,0.17709708,0.64477108,0.38461538
4784,MOV,0.25,4784 MOV,5.0,11,0.21271272,0.71990846,0.45454545
4784,MOV,0.5,4784 MOV,4.0,14,0.11721379,0.54649084,0.28571429
4784,MOV,0.75,4784 MOV,3.0,11,0.09746059,0.5656453,0.27272727
4784,MOV,1.0,4784 MOV,2.0,12,0.04696514,0.44803086,0.16666667
4784,MOV,1.25,4784 MOV,2.0,12,0.04696514,0.44803086,0.16666667
4784,MOV,1.5,4784 MOV,2.0,12,0.04696514,0.44803086,0.16666667
4784,MOV,1.9,4784 MOV,4.0,14,0.11721379,0.54649084,0.28571429
4785,AUC,0.0,4785 AUC,1.0,24,0.00739346,0.20241806,0.04166667
4785,AUC,0.1,4785 AUC,3.0,14,0.07571387,0.47589231,0.21428571
4785,AUC,0.31,4785 AUC,1.0,13,0.01371042,0.33313951,0.07692308
4785,AUC,0.52,4785 AUC,4.0,13,0.12680704,0.57630657,0.30769231
4785,AUC,0.73,4785 AUC,1.0,12,0.01486509,0.35387991,0.08333333
4785,AUC,0.94,4785 AUC,4.0,12,0.13812009,0.60937791,0.33333333
4785,AUC,1.15,4785 AUC,4.0,13,0.12680704,0.57630657,0.30769231
4785,AUC,1.35,4785 AUC,3.0,14,0.07571387,0.47589231,0.21428571
4785,AUC,1.56,4785 AUC,1.0,12,0.01486509,0.35387991,0.08333333
4785,AUC,1.77,4785 AUC,5.0,12,0.19326031,0.68048869,0.41666667
4785,AUC,1.98,4785 AUC,4.0,13,0.12680704,0.57630657,0.30769231
4785,AUC,2.19,4785 AUC,5.0,14,0.16344732,0.61235577,0.35714286
4785,AUC,2.6,4785 AUC,2.0,14,0.04009392,0.39941379,0.14285714
4785,MOV,0.0,4785 MOV,1.0,24,0.00739346,0.20241806,0.04166667
4785,MOV,0.1,4785 MOV,3.0,14,0.07571387,0.47589231,0.21428571
4785,MOV,0.31,4785 MOV,3.0,13,0.08179529,0.50256376,0.23076923
4785,MOV,0.52,4785 MOV,6.0,13,0.23206068,0.70856204,0.46153846
4785,MOV,0.73,4785 MOV,8.0,12,0.39062209,0.86187991,0.66666667
4785,MOV,0.94,4785 MOV,4.0,12,0.13812009,0.60937791,0.33333333
4785,MOV,1.15,4785 MOV,2.0,13,0.04325818,0.42234631,0.15384615
4785,MOV,1.35,4785 MOV,5.0,14,0.16344732,0.61235577,0.35714286
4785,MOV,1.56,4785 MOV,5.0,12,0.19326031,0.68048869,0.41666667
4785,MOV,1.77,4785 MOV,4.0,12,0.13812009,0.60937791,0.33333333
4785,MOV,1.98,4785 MOV,4.0,13,0.12680704,0.57630657,0.30769231
4785,MOV,2.19,4785 MOV,6.0,14,0.21380799,0.67409355,0.42857143
4785,MOV,2.6,4785 MOV,3.0,14,0.07571387,0.47589231,0.21428571
4786,AUC,0.0,4786 AUC,3.0,21,0.04981012,0.3463606,0.14285714
4786,AUC,0.05,4786 AUC,6.0,14,0.21380799,0.67409355,0.42857143
4786,AUC,0.075,4786 AUC,4.0,14,0.11721379,0.54649084,0.28571429
4786,AUC,0.1,4786 AUC,3.0,6,0.18761631,0.81238369,0.5
4786,AUC,0.15,4786 AUC,4.0,11,0.15166471,0.64619883,0.36363636
4786,AUC,0.2,4786 AUC,2.0,12,0.04696514,0.44803086,0.16666667
4786,AUC,0.25,4786 AUC,3.0,11,0.09746059,0.5656453,0.27272727
4786,AUC,0.5,4786 AUC,4.0,13,0.12680704,0.57630657,0.30769231
4786,AUC,0.75,4786 AUC,3.0,10,0.10779127,0.60322185,0.3
4786,AUC,1.0,4786 AUC,2.0,11,0.05136769,0.47698056,0.18181818
4786,AUC,1.25,4786 AUC,5.0,14,0.16344732,0.61235577,0.35714286
4786,AUC,1.5,4786 AUC,7.0,11,0.35380117,0.84833529,0.63636364
4786,AUC,1.9,4786 AUC,4.0,12,0.13812009,0.60937791,0.33333333
4786,MOV,0.0,4786 MOV,2.0,21,0.02651877,0.28914139,0.0952381
4786,MOV,0.05,4786 MOV,5.0,14,0.16344732,0.61235577,0.35714286
4786,MOV,0.075,4786 MOV,3.0,14,0.07571387,0.47589231,0.21428571
4786,MOV,0.1,4786 MOV,3.0,6,0.18761631,0.81238369,0.5
4786,MOV,0.15,4786 MOV,1.0,11,0.01623217,0.37735844,0.09090909
4786,MOV,0.2,4786 MOV,2.0,12,0.04696514,0.44803086,0.16666667
4786,MOV,0.25,4786 MOV,2.0,11,0.05136769,0.47698056,0.18181818
4786,MOV,0.5,4786 MOV,5.0,13,0.17709708,0.64477108,0.38461538
4786,MOV,0.75,4786 MOV,1.0,10,0.01787621,0.40415003,0.1
4786,MOV,1.0,4786 MOV,0.0,11,0.0,0.25883297,0.0
4786,MOV,1.25,4786 MOV,5.0,14,0.16344732,0.61235577,0.35714286
4786,MOV,1.5,4786 MOV,4.0,11,0.15166471,0.64619883,0.36363636
4786,MOV,1.9,4786 MOV,3.0,12,0.08894167,0.53230533,0.25
4787,AUC,0.0,4787 AUC,4.0,22,0.07306885,0.38516607,0.18181818
4787,AUC,1.0,4787 AUC,5.0,12,0.19326031,0.68048869,0.41666667
4787,AUC,1.09,4787 AUC,2.0,13,0.04325818,0.42234631,0.15384615
4787,AUC,1.19,4787 AUC,3.0,13,0.08179529,0.50256376,0.23076923
4787,AUC,1.3,4787 AUC,1.0,12,0.01486509,0.35387991,0.08333333
4787,AUC,1.42,4787 AUC,3.0,11,0.09746059,0.5656453,0.27272727
4787,AUC,1.54,4787 AUC,6.0,13,0.23206068,0.70856204,0.46153846
4787,AUC,1.68,4787 AUC,5.0,12,0.19326031,0.68048869,0.41666667
4787,AUC,1.84,4787 AUC,1.0,11,0.01623217,0.37735844,0.09090909
4787,AUC,2.0,4787 AUC,4.0,10,0.16818033,0.68732623,0.4
4787,AUC,2.19,4787 AUC,0.0,12,0.0,0.24249401,0.0
4787,AUC,2.38,4787 AUC,1.0,11,0.01623217,0.37735844,0.09090909
4787,AUC,2.6,4787 AUC,5.0,13,0.17709708,0.64477108,0.38461538
4787,MOV,0.0,4787 MOV,4.0,22,0.07306885,0.38516607,0.18181818
4787,MOV,1.0,4787 MOV,1.0,12,0.01486509,0.35387991,0.08333333
4787,MOV,1.09,4787 MOV,3.0,13,0.08179529,0.50256376,0.23076923
4787,MOV,1.19,4787 MOV,1.0,13,0.01371042,0.33313951,0.07692308
4787,MOV,1.3,4787 MOV,1.0,12,0.01486509,0.35387991,0.08333333
4787,MOV,1.42,4787 MOV,2.0,11,0.05136769,0.47698056,0.18181818
4787,MOV,1.54,4787 MOV,3.0,13,0.08179529,0.50256376,0.23076923
4787,MOV,1.68,4787 MOV,3.0,12,0.08894167,0.53230533,0.25
4787,MOV,1.84,4787 MOV,0.0,11,0.0,0.25883297,0.0
4787,MOV,2.0,4787 MOV,4.0,10,0.16818033,0.68732623,0.4
4787,MOV,2.19,4787 MOV,4.0,12,0.13812009,0.60937791,0.33333333
4787,MOV,2.38,4787 MOV,3.0,11,0.09746059,0.5656453,0.27272727
4787,MOV,2.6,4787 MOV,2.0,13,0.04325818,0.42234631,0.15384615
4788,AUC,0.0,4788 AUC,3.0,22,0.04749004,0.33334987,0.13636364
4788,AUC,0.05,4788 AUC,3.0,10,0.10779127,0.60322185,0.3
4788,AUC,0.075,4788 AUC,2.0,14,0.04009392,0.39941379,0.14285714
4788,AUC,0.1,4788 AUC,2.0,14,0.04009392,0.39941379,0.14285714
4788,AUC,0.15,4788 AUC,4.0,12,0.13812009,0.60937791,0.33333333
4788,AUC,0.2,4788 AUC,4.0,13,0.12680704,0.57630657,0.30769231
4788,AUC,0.25,4788 AUC,1.0,14,0.01272222,0.31468704,0.07142857
4788,AUC,0.5,4788 AUC,4.0,14,0.11721379,0.54649084,0.28571429
4788,AUC,0.75,4788 AUC,4.0,10,0.16818033,0.68732623,0.4
4788,AUC,1.0,4788 AUC,3.0,12,0.08894167,0.53230533,0.25
4788,AUC,1.25,4788 AUC,4.0,13,0.12680704,0.57630657,0.30769231
4788,AUC,1.5,4788 AUC,5.0,14,0.16344732,0.61235577,0.35714286
4788,AUC,1.9,4788 AUC,2.0,14,0.04009392,0.39941379,0.14285714
4788,MOV,0.0,4788 MOV,4.0,22,0.07306885,0.38516607,0.18181818
4788,MOV,0.05,4788 MOV,4.0,10,0.16818033,0.68732623,0.4
4788,MOV,0.075,4788 MOV,3.0,14,0.07571387,0.47589231,0.21428571
4788,MOV,0.1,4788 MOV,4.0,14,0.11721379,0.54649084,0.28571429
4788,MOV,0.15,4788 MOV,0.0,12,0.0,0.24249401,0.0
4788,MOV,0.2,4788 MOV,0.0,13,0.0,0.22809537,0.0
4788,MOV,0.25,4788 MOV,2.0,14,0.04009392,0.39941379,0.14285714
4788,MOV,0.5,4788 MOV,1.0,14,0.01272222,0.31468704,0.07142857
4788,MOV,0.75,4788 MOV,2.0,10,0.05668215,0.50983753,0.2
4788,MOV,1.0,4788 MOV,0.0,12,0.0,0.24249401,0.0
4788,MOV,1.25,4788 MOV,1.0,13,0.01371042,0.33313951,0.07692308
4788,MOV,1.5,4788 MOV,2.0,14,0.04009392,0.39941379,0.14285714
4788,MOV,1.9,4788 MOV,1.0,14,0.01272222,0.31468704,0.07142857
4789,AUC,0.0,4789 AUC,10.0,46,0.12260905,0.35573687,0.2173913
4789,AUC,0.1,4789 AUC,0.0,14,0.0,0.2153108,0.0
4789,AUC,0.31,4789 AUC,2.0,14,0.04009392,0.39941379,0.14285714
4789,AUC,0.52,4789 AUC,0.0,12,0.0,0.24249401,0.0
4789,AUC,0.73,4789 AUC,2.0,13,0.04325818,0.42234631,0.15384615
4789,AUC,0.94,4789 AUC,2.0,14,0.04009392,0.39941379,0.14285714
4789,AUC,1.0,4789 AUC,0.0,13,0.0,0.22809537,0.0
4789,AUC,1.09,4789 AUC,1.0,12,0.01486509,0.35387991,0.08333333
4789,AUC,1.15,4789 AUC,2.0,14,0.04009392,0.39941379,0.14285714
4789,AUC,1.19,4789 AUC,0.0,13,0.0,0.22809537,0.0
4789,AUC,1.3,4789 AUC,3.0,10,0.10779127,0.60322185,0.3
4789,AUC,1.35,4789 AUC,2.0,14,0.04009392,0.39941379,0.14285714
4789,AUC,1.42,4789 AUC,3.0,13,0.08179529,0.50256376,0.23076923
4789,AUC,1.54,4789 AUC,2.0,11,0.05136769,0.47698056,0.18181818
4789,AUC,1.56,4789 AUC,1.0,11,0.01623217,0.37735844,0.09090909
4789,AUC,1.68,4789 AUC,1.0,13,0.01371042,0.33313951,0.07692308
4789,AUC,1.77,4789 AUC,2.0,14,0.04009392,0.39941379,0.14285714
4789,AUC,1.84,4789 AUC,2.0,12,0.04696514,0.44803086,0.16666667
4789,AUC,1.98,4789 AUC,0.0,13,0.0,0.22809537,0.0
4789,AUC,2.0,4789 AUC,4.0,10,0.16818033,0.68732623,0.4
4789,AUC,2.19,4789 AUC,9.0,26,0.1941223,0.53779429,0.34615385
4789,AUC,2.38,4789 AUC,2.0,11,0.05136769,0.47698056,0.18181818
4789,AUC,2.6,4789 AUC,4.0,23,0.06978654,0.37137648,0.17391304
4789,MOV,0.0,4789 MOV,4.0,46,0.03433587,0.20324664,0.08695652
4789,MOV,0.1,4789 MOV,4.0,14,0.11721379,0.54649084,0.28571429
4789,MOV,0.31,4789 MOV,0.0,14,0.0,0.2153108,0.0
4789,MOV,0.52,4789 MOV,1.0,12,0.01486509,0.35387991,0.08333333
4789,MOV,0.73,4789 MOV,3.0,13,0.08179529,0.50256376,0.23076923
4789,MOV,0.94,4789 MOV,3.0,14,0.07571387,0.47589231,0.21428571
4789,MOV,1.0,4789 MOV,2.0,13,0.04325818,0.42234631,0.15384615
4789,MOV,1.09,4789 MOV,0.0,12,0.0,0.24249401,0.0
4789,MOV,1.15,4789 MOV,3.0,14,0.07571387,0.47589231,0.21428571
4789,MOV,1.19,4789 MOV,0.0,13,0.0,0.22809537,0.0
4789,MOV,1.3,4789 MOV,1.0,10,0.01787621,0.40415003,0.1
4789,MOV,1.35,4789 MOV,1.0,14,0.01272222,0.31468704,0.07142857
4789,MOV,1.42,4789 MOV,0.0,13,0.0,0.22809537,0.0
4789,MOV,1.54,4789 MOV,1.0,11,0.01623217,0.37735844,0.09090909
4789,MOV,1.56,4789 MOV,2.0,11,0.05136769,0.47698056,0.18181818
4789,MOV,1.68,4789 MOV,1.0,13,0.01371042,0.33313951,0.07692308
4789,MOV,1.77,4789 MOV,4.0,14,0.11721379,0.54649084,0.28571429
4789,MOV,1.84,4789 MOV,3.0,12,0.08894167,0.53230533,0.25
4789,MOV,1.98,4789 MOV,1.0,13,0.01371042,0.33313951,0.07692308
4789,MOV,2.0,4789 MOV,1.0,10,0.01787621,0.40415003,0.1
4789,MOV,2.19,4789 MOV,5.0,26,0.08507061,0.37876257,0.19230769
4789,MOV,2.38,4789 MOV,2.0,11,0.05136769,0.47698056,0.18181818
4789,MOV,2.6,4789 MOV,4.0,23,0.06978654,0.37137648,0.17391304
4790,AUC,0.0,4790 AUC,4.0,23,0.06978654,0.37137648,0.17391304
4790,AUC,0.05,4790 AUC,0.0,13,0.0,0.22809537,0.0
4790,AUC,0.075,4790 AUC,2.0,11,0.05136769,0.47698056,0.18181818
4790,AUC,0.1,4790 AUC,3.0,13,0.08179529,0.50256376,0.23076923
4790,AUC,0.15,4790 AUC,1.0,14,0.01272222,0.31468704,0.07142857
4790,AUC,0.2,4790 AUC,2.0,14,0.04009392,0.39941379,0.14285714
4790,AUC,0.25,4790 AUC,4.0,14,0.11721379,0.54649084,0.28571429
4790,AUC,0.5,4790 AUC,3.0,10,0.10779127,0.60322185,0.3
4790,AUC,0.75,4790 AUC,2.0,11,0.05136769,0.47698056,0.18181818
4790,AUC,1.0,4790 AUC,2.0,12,0.04696514,0.44803086,0.16666667
4790,AUC,1.25,4790 AUC,0.0,13,0.0,0.22809537,0.0
4790,AUC,1.5,4790 AUC,2.0,12,0.04696514,0.44803086,0.16666667
4790,AUC,1.9,4790 AUC,1.0,14,0.01272222,0.31468704,0.07142857
4790,MOV,0.0,4790 MOV,0.0,23,0.0,0.14311662,0.0
4790,MOV,0.05,4790 MOV,0.0,13,0.0,0.22809537,0.0
4790,MOV,0.075,4790 MOV,1.0,11,0.01623217,0.37735844,0.09090909
4790,MOV,0.1,4790 MOV,0.0,13,0.0,0.22809537,0.0
4790,MOV,0.15,4790 MOV,0.0,14,0.0,0.2153108,0.0
4790,MOV,0.2,4790 MOV,1.0,14,0.01272222,0.31468704,0.07142857
4790,MOV,0.25,4790 MOV,5.0,14,0.16344732,0.61235577,0.35714286
4790,MOV,0.5,4790 MOV,0.0,10,0.0,0.2775328,0.0
4790,MOV,0.75,4790 MOV,2.0,11,0.05136769,0.47698056,0.18181818
4790,MOV,1.0,4790 MOV,1.0,12,0.01486509,0.35387991,0.08333333
4790,MOV,1.25,4790 MOV,2.0,13,0.04325818,0.42234631,0.15384615
4790,MOV,1.5,4790 MOV,3.0,12,0.08894167,0.53230533,0.25
4790,MOV,1.9,4790 MOV,3.0,14,0.07571387,0.47589231,0.21428571
4791,AUC,0.0,4791 AUC,1.0,19,0.00935199,0.24638731,0.05263158
4791,AUC,0.05,4791 AUC,1.0,11,0.01623217,0.37735844,0.09090909
4791,AUC,0.075,4791 AUC,1.0,13,0.01371042,0.33313951,0.07692308
4791,AUC,0.1,4791 AUC,1.0,12,0.01486509,0.35387991,0.08333333
4791,AUC,0.15,4791 AUC,1.0,13,0.01371042,0.33313951,0.07692308
4791,AUC,0.2,4791 AUC,1.0,13,0.01371042,0.33313951,0.07692308
4791,AUC,0.25,4791 AUC,2.0,12,0.04696514,0.44803086,0.16666667
4791,AUC,0.5,4791 AUC,1.0,10,0.01787621,0.40415003,0.1
4791,AUC,0.75,4791 AUC,5.0,13,0.17709708,0.64477108,0.38461538
4791,AUC,1.0,4791 AUC,3.0,13,0.08179529,0.50256376,0.23076923
4791,AUC,1.25,4791 AUC,1.0,13,0.01371042,0.33313951,0.07692308
4791,AUC,1.5,4791 AUC,2.0,10,0.05668215,0.50983753,0.2
4791,AUC,1.9,4791 AUC,1.0,11,0.01623217,0.37735844,0.09090909
4791,MOV,0.0,4791 MOV,3.0,19,0.05520472,0.37565475,0.15789474
4791,MOV,0.05,4791 MOV,2.0,11,0.05136769,0.47698056,0.18181818
4791,MOV,0.075,4791 MOV,5.0,13,0.17709708,0.64477108,0.38461538
4791,MOV,0.1,4791 MOV,2.0,12,0.04696514,0.44803086,0.16666667
4791,MOV,0.15,4791 MOV,2.0,13,0.04325818,0.42234631,0.15384615
4791,MOV,0.2,4791 MOV,5.0,13,0.17709708,0.64477108,0.38461538
4791,MOV,0.25,4791 MOV,4.0,12,0.13812009,0.60937791,0.33333333
4791,MOV,0.5,4791 MOV,8.0,10,0.49016247,0.94331785,0.8
4791,MOV,0.75,4791 MOV,6.0,13,0.23206068,0.70856204,0.46153846
4791,MOV,1.0,4791 MOV,6.0,13,0.23206068,0.70856204,0.46153846
4791,MOV,1.25,4791 MOV,5.0,13,0.17709708,0.64477108,0.38461538
4791,MOV,1.5,4791 MOV,2.0,10,0.05668215,0.50983753,0.2
4791,MOV,1.9,4791 MOV,5.0,11,0.21271272,0.71990846,0.45454545
4792,AUC,0.0,4792 AUC,3.0,20,0.05236875,0.36041886,0.15
4792,AUC,0.05,4792 AUC,3.0,7,0.15821986,0.74954164,0.42857143
4792,AUC,0.075,4792 AUC,0.0,11,0.0,0.25883297,0.0
4792,AUC,0.1,4792 AUC,2.0,11,0.05136769,0.47698056,0.18181818
4792,AUC,0.15,4792 AUC,1.0,11,0.01623217,0.37735844,0.09090909
4792,AUC,0.2,4792 AUC,1.0,11,0.01623217,0.37735844,0.09090909
4792,AUC,0.25,4792 AUC,2.0,14,0.04009392,0.39941379,0.14285714
4792,AUC,0.5,4792 AUC,5.0,12,0.19326031,0.68048869,0.41666667
4792,AUC,0.75,4792 AUC,1.0,13,0.01371042,0.33313951,0.07692308
4792,AUC,1.0,4792 AUC,2.0,13,0.04325818,0.42234631,0.15384615
4792,AUC,1.25,4792 AUC,3.0,12,0.08894167,0.53230533,0.25
4792,AUC,1.5,4792 AUC,1.0,12,0.01486509,0.35387991,0.08333333
4792,AUC,1.9,4792 AUC,1.0,12,0.01486509,0.35387991,0.08333333
4792,MOV,0.0,4792 MOV,4.0,20,0.08065766,0.41601743,0.2
4792,MOV,0.05,4792 MOV,2.0,7,0.08221892,0.64106555,0.28571429
4792,MOV,0.075,4792 MOV,3.0,11,0.09746059,0.5656453,0.27272727
4792,MOV,0.1,4792 MOV,1.0,11,0.01623217,0.37735844,0.09090909
4792,MOV,0.15,4792 MOV,0.0,11,0.0,0.25883297,0.0
4792,MOV,0.2,4792 MOV,0.0,11,0.0,0.25883297,0.0
4792,MOV,0.25,4792 MOV,3.0,14,0.07571387,0.47589231,0.21428571
4792,MOV,0.5,4792 MOV,2.0,12,0.04696514,0.44803086,0.16666667
4792,MOV,0.75,4792 MOV,2.0,13,0.04325818,0.42234631,0.15384615
4792,MOV,1.0,4792 MOV,5.0,13,0.17709708,0.64477108,0.38461538
4792,MOV,1.25,4792 MOV,2.0,12,0.04696514,0.44803086,0.16666667
4792,MOV,1.5,4792 MOV,1.0,12,0.01486509,0.35387991,0.08333333
4792,MOV,1.9,4792 MOV,0.0,12,0.0,0.24249401,0.0
4793,AUC,0.0,4793 AUC,3.0,19,0.05520472,0.37565475,0.15789474
4793,AUC,0.05,4793 AUC,1.0,9,0.01989089,0.43499971,0.11111111
4793,AUC,0.075,4793 AUC,2.0,8,0.07147921,0.59072457,0.25
4793,AUC,0.1,4793 AUC,2.0,9,0.06322511,0.54741103,0.22222222
4793,AUC,0.15,4793 AUC,3.0,4,0.30064184,0.95441274,0.75
4793,AUC,0.2,4793 AUC,3.0,8,0.13684429,0.69425761,0.375
4793,AUC,0.25,4793 AUC,2.0,8,0.07147921,0.59072457,0.25
4793,AUC,0.5,4793 AUC,0.0,2,0.0,0.65761977,0.0
4793,AUC,0.75,4793 AUC,1.0,3,0.06149194,0.7923404,0.33333333
4793,AUC,1.0,4793 AUC,1.0,2,0.09453121,0.90546879,0.5
4793,MOV,0.0,4793 MOV,1.0,19,0.00935199,0.24638731,0.05263158
4793,MOV,0.05,4793 MOV,2.0,9,0.06322511,0.54741103,0.22222222
4793,MOV,0.075,4793 MOV,1.0,8,0.02241749,0.47088818,0.125
4793,MOV,0.1,4793 MOV,3.0,9,0.12058382,0.64579786,0.33333333
4793,MOV,0.15,4793 MOV,0.0,4,0.0,0.48989084,0.0
4793,MOV,0.2,4793 MOV,1.0,8,0.02241749,0.47088818,0.125
4793,MOV,0.25,4793 MOV,0.0,8,0.0,0.32440756,0.0
4793,MOV,0.5,4793 MOV,0.0,2,0.0,0.65761977,0.0
4793,MOV,0.75,4793 MOV,0.0,3,0.0,0.56149703,0.0
4793,MOV,1.0,4793 MOV,0.0,2,0.0,0.65761977,0.0
4794,AUC,0.0,4794 AUC,1.0,21,0.00845599,0.2266936,0.04761905
4794,AUC,1.0,4794 AUC,1.0,12,0.01486509,0.35387991,0.08333333
4794,AUC,1.07,4794 AUC,0.0,14,0.0,0.2153108,0.0
4794,AUC,1.14,4794 AUC,1.0,11,0.01623217,0.37735844,0.09090909
4794,AUC,1.22,4794 AUC,1.0,14,0.01272222,0.31468704,0.07142857
4794,AUC,1.31,4794 AUC,3.0,10,0.10779127,0.60322185,0.3
4794,AUC,1.4,4794 AUC,2.0,11,0.05136769,0.47698056,0.18181818
4794,AUC,1.5,4794 AUC,3.0,14,0.07571387,0.47589231,0.21428571
4794,AUC,1.6,4794 AUC,0.0,11,0.0,0.25883297,0.0
4794,AUC,1.72,4794 AUC,1.0,12,0.01486509,0.35387991,0.08333333
4794,AUC,1.83,4794 AUC,3.0,14,0.07571387,0.47589231,0.21428571
4794,AUC,1.96,4794 AUC,2.0,13,0.04325818,0.42234631,0.15384615
4794,AUC,2.1,4794 AUC,3.0,13,0.08179529,0.50256376,0.23076923
4794,MOV,0.0,4794 MOV,1.0,21,0.00845599,0.2266936,0.04761905
4794,MOV,1.0,4794 MOV,0.0,12,0.0,0.24249401,0.0
4794,MOV,1.07,4794 MOV,1.0,14,0.01272222,0.31468704,0.07142857
4794,MOV,1.14,4794 MOV,4.0,11,0.15166471,0.64619883,0.36363636
4794,MOV,1.22,4794 MOV,1.0,14,0.01272222,0.31468704,0.07142857
4794,MOV,1.31,4794 MOV,1.0,10,0.01787621,0.40415003,0.1
4794,MOV,1.4,4794 MOV,2.0,11,0.05136769,0.47698056,0.18181818
4794,MOV,1.5,4794 MOV,1.0,14,0.01272222,0.31468704,0.07142857
4794,MOV,1.6,4794 MOV,2.0,11,0.05136769,0.47698056,0.18181818
4794,MOV,1.72,4794 MOV,2.0,12,0.04696514,0.44803086,0.16666667
4794,MOV,1.83,4794 MOV,3.0,14,0.07571387,0.47589231,0.21428571
4794,MOV,1.96,4794 MOV,6.0,13,0.23206068,0.70856204,0.46153846
4794,MOV,2.1,4794 MOV,2.0,13,0.04325818,0.42234631,0.15384615
4795,AUC,0.0,4795 AUC,4.0,19,0.08507677,0.43334278,0.21052632
4795,AUC,0.1,4795 AUC,3.0,12,0.08894167,0.53230533,0.25
4795,AUC,0.309,4795 AUC,4.0,12,0.13812009,0.60937791,0.33333333
4795,AUC,0.518,4795 AUC,3.0,11,0.09746059,0.5656453,0.27272727
4795,AUC,0.727,4795 AUC,1.0,11,0.01623217,0.37735844,0.09090909
4795,AUC,0.936,4795 AUC,3.0,14,0.07571387,0.47589231,0.21428571
4795,AUC,1.15,4795 AUC,2.0,11,0.05136769,0.47698056,0.18181818
4795,AUC,1.35,4795 AUC,2.0,12,0.04696514,0.44803086,0.16666667
4795,AUC,1.56,4795 AUC,2.0,10,0.05668215,0.50983753,0.2
4795,AUC,1.77,4795 AUC,1.0,14,0.01272222,0.31468704,0.07142857
4795,AUC,1.98,4795 AUC,4.0,10,0.16818033,0.68732623,0.4
4795,AUC,2.19,4795 AUC,3.0,11,0.09746059,0.5656453,0.27272727
4795,AUC,2.4,4795 AUC,2.0,11,0.05136769,0.47698056,0.18181818
4795,MOV,0.0,4795 MOV,2.0,19,0.02935856,0.31394083,0.10526316
4795,MOV,0.1,4795 MOV,1.0,12,0.01486509,0.35387991,0.08333333
4795,MOV,0.309,4795 MOV,2.0,12,0.04696514,0.44803086,0.16666667
4795,MOV,0.518,4795 MOV,0.0,11,0.0,0.25883297,0.0
4795,MOV,0.727,4795 MOV,1.0,11,0.01623217,0.37735844,0.09090909
4795,MOV,0.936,4795 MOV,2.0,14,0.04009392,0.39941379,0.14285714
4795,MOV,1.15,4795 MOV,1.0,11,0.01623217,0.37735844,0.09090909
4795,MOV,1.35,4795 MOV,7.0,12,0.31951131,0.80673969,0.58333333
4795,MOV,1.56,4795 MOV,1.0,10,0.01787621,0.40415003,0.1
4795,MOV,1.77,4795 MOV,3.0,14,0.07571387,0.47589231,0.21428571
4795,MOV,1.98,4795 MOV,3.0,10,0.10779127,0.60322185,0.3
4795,MOV,2.19,4795 MOV,2.0,11,0.05136769,0.47698056,0.18181818
4795,MOV,2.4,4795 MOV,1.0,11,0.01623217,0.37735844,0.09090909
4796,AUC,0.0,4796 AUC,4.0,20,0.08065766,0.41601743,0.2
4796,AUC,0.01,4796 AUC,2.0,14,0.04009392,0.39941379,0.14285714
4796,AUC,0.18,4796 AUC,1.0,11,0.01623217,0.37735844,0.09090909
4796,AUC,0.35,4796 AUC,1.0,13,0.01371042,0.33313951,0.07692308
4796,AUC,0.53,4796 AUC,0.0,10,0.0,0.2775328,0.0
4796,AUC,0.7,4796 AUC,0.0,12,0.0,0.24249401,0.0
4796,AUC,0.87,4796 AUC,1.0,10,0.01787621,0.40415003,0.1
4796,AUC,1.04,4796 AUC,1.0,11,0.01623217,0.37735844,0.09090909
4796,AUC,1.21,4796 AUC,1.0,11,0.01623217,0.37735844,0.09090909
4796,AUC,1.38,4796 AUC,2.0,9,0.06322511,0.54741103,0.22222222
4796,AUC,1.56,4796 AUC,3.0,12,0.08894167,0.53230533,0.25
4796,AUC,1.73,4796 AUC,2.0,10,0.05668215,0.50983753,0.2
4796,AUC,1.9,4796 AUC,4.0,12,0.13812009,0.60937791,0.33333333
4796,MOV,0.0,4796 MOV,7.0,20,0.18119182,0.56714572,0.35
4796,MOV,0.01,4796 MOV,4.0,14,0.11721379,0.54649084,0.28571429
4796,MOV,0.18,4796 MOV,3.0,11,0.09746059,0.5656453,0.27272727
4796,MOV,0.35,4796 MOV,1.0,13,0.01371042,0.33313951,0.07692308
4796,MOV,0.53,4796 MOV,2.0,10,0.05668215,0.50983753,0.2
4796,MOV,0.7,4796 MOV,3.0,12,0.08894167,0.53230533,0.25
4796,MOV,0.87,4796 MOV,5.0,10,0.23659309,0.76340691,0.5
4796,MOV,1.04,4796 MOV,3.0,11,0.09746059,0.5656453,0.27272727
4796,MOV,1.21,4796 MOV,3.0,11,0.09746059,0.5656453,0.27272727
4796,MOV,1.38,4796 MOV,4.0,9,0.18877852,0.73334871,0.44444444
4796,MOV,1.56,4796 MOV,2.0,12,0.04696514,0.44803086,0.16666667
4796,MOV,1.73,4796 MOV,1.0,10,0.01787621,0.40415003,0.1
4796,MOV,1.9,4796 MOV,2.0,12,0.04696514,0.44803086,0.16666667
4797,AUC,0.0,4797 AUC,2.0,24,0.02315882,0.25848802,0.08333333
4797,AUC,0.5,4797 AUC,3.0,14,0.07571387,0.47589231,0.21428571
4797,AUC,0.56,4797 AUC,5.0,13,0.17709708,0.64477108,0.38461538
4797,AUC,0.64,4797 AUC,2.0,14,0.04009392,0.39941379,0.14285714
4797,AUC,0.72,4797 AUC,2.0,14,0.04009392,0.39941379,0.14285714
4797,AUC,0.81,4797 AUC,3.0,14,0.07571387,0.47589231,0.21428571
4797,AUC,0.92,4797 AUC,1.0,14,0.01272222,0.31468704,0.07142857
4797,AUC,1.04,4797 AUC,3.0,13,0.08179529,0.50256376,0.23076923
4797,AUC,1.17,4797 AUC,3.0,14,0.07571387,0.47589231,0.21428571
4797,AUC,1.3,4797 AUC,2.0,14,0.04009392,0.39941379,0.14285714
4797,AUC,1.5,4797 AUC,3.0,14,0.07571387,0.47589231,0.21428571
4797,AUC,1.7,4797 AUC,2.0,13,0.04325818,0.42234631,0.15384615
4797,AUC,1.9,4797 AUC,2.0,13,0.04325818,0.42234631,0.15384615
4797,MOV,0.0,4797 MOV,2.0,24,0.02315882,0.25848802,0.08333333
4797,MOV,0.5,4797 MOV,10.0,14,0.45350916,0.88278621,0.71428571
4797,MOV,0.56,4797 MOV,3.0,13,0.08179529,0.50256376,0.23076923
4797,MOV,0.64,4797 MOV,4.0,14,0.11721379,0.54649084,0.28571429
4797,MOV,0.72,4797 MOV,6.0,14,0.21380799,0.67409355,0.42857143
4797,MOV,0.81,4797 MOV,5.0,14,0.16344732,0.61235577,0.35714286
4797,MOV,0.92,4797 MOV,5.0,14,0.16344732,0.61235577,0.35714286
4797,MOV,1.04,4797 MOV,4.0,13,0.12680704,0.57630657,0.30769231
4797,MOV,1.17,4797 MOV,5.0,14,0.16344732,0.61235577,0.35714286
4797,MOV,1.3,4797 MOV,6.0,14,0.21380799,0.67409355,0.42857143
4797,MOV,1.5,4797 MOV,6.0,14,0.21380799,0.67409355,0.42857143
4797,MOV,1.7,4797 MOV,6.0,13,0.23206068,0.70856204,0.46153846
4797,MOV,1.9,4797 MOV,5.0,13,0.17709708,0.64477108,0.38461538
4812,AUC,0.0,4812 AUC,3.0,23,0.04537659,0.32127482,0.13043478
4812,AUC,0.05,4812 AUC,1.0,13,0.01371042,0.33313951,0.07692308
4812,AUC,0.8,4812 AUC,1.0,9,0.01989089,0.43499971,0.11111111
4812,AUC,1.6,4812 AUC,1.0,11,0.01623217,0.37735844,0.09090909
4812,AUC,2.4,4812 AUC,0.0,12,0.0,0.24249401,0.0
4812,AUC,3.1,4812 AUC,1.0,13,0.01371042,0.33313951,0.07692308
4812,AUC,3.9,4812 AUC,0.0,10,0.0,0.2775328,0.0
4812,AUC,4.7,4812 AUC,1.0,13,0.01371042,0.33313951,0.07692308
4812,AUC,5.4,4812 AUC,0.0,12,0.0,0.24249401,0.0
4812,AUC,6.2,4812 AUC,0.0,10,0.0,0.2775328,0.0
4812,AUC,7.0,4812 AUC,3.0,14,0.07571387,0.47589231,0.21428571
4812,AUC,7.7,4812 AUC,2.0,14,0.04009392,0.39941379,0.14285714
4812,AUC,8.5,4812 AUC,3.0,11,0.09746059,0.5656453,0.27272727
4812,MOV,0.0,4812 MOV,3.0,23,0.04537659,0.32127482,0.13043478
4812,MOV,0.05,4812 MOV,3.0,13,0.08179529,0.50256376,0.23076923
4812,MOV,0.8,4812 MOV,3.0,9,0.12058382,0.64579786,0.33333333
4812,MOV,1.6,4812 MOV,2.0,11,0.05136769,0.47698056,0.18181818
4812,MOV,2.4,4812 MOV,2.0,12,0.04696514,0.44803086,0.16666667
4812,MOV,3.1,4812 MOV,3.0,13,0.08179529,0.50256376,0.23076923
4812,MOV,3.9,4812 MOV,2.0,10,0.05668215,0.50983753,0.2
4812,MOV,4.7,4812 MOV,1.0,13,0.01371042,0.33313951,0.07692308
4812,MOV,5.4,4812 MOV,3.0,12,0.08894167,0.53230533,0.25
4812,MOV,6.2,4812 MOV,1.0,10,0.01787621,0.40415003,0.1
4812,MOV,7.0,4812 MOV,1.0,14,0.01272222,0.31468704,0.07142857
4812,MOV,7.7,4812 MOV,4.0,14,0.11721379,0.54649084,0.28571429
4812,MOV,8.5,4812 MOV,2.0,11,0.05136769,0.47698056,0.18181818
4813,AUC,0.0,4813 AUC,9.0,22,0.23255816,0.61265182,0.40909091
4813,AUC,1.0,4813 AUC,4.0,12,0.13812009,0.60937791,0.33333333
4813,AUC,1.35,4813 AUC,6.0,14,0.21380799,0.67409355,0.42857143
4813,AUC,1.83,4813 AUC,6.0,13,0.23206068,0.70856204,0.46153846
4813,AUC,2.97,4813 AUC,6.0,14,0.21380799,0.67409355,0.42857143
4813,AUC,3.35,4813 AUC,8.0,13,0.35522892,0.82290292,0.61538462
4813,AUC,4.53,4813 AUC,8.0,14,0.32590645,0.78619201,0.57142857
4813,AUC,6.12,4813 AUC,8.0,12,0.39062209,0.86187991,0.66666667
4813,AUC,8.28,4813 AUC,4.0,11,0.15166471,0.64619883,0.36363636
4813,AUC,11.2,4813 AUC,9.0,14,0.38764423,0.83655268,0.64285714
4813,AUC,15.1,4813 AUC,6.0,14,0.21380799,0.67409355,0.42857143
4813,AUC,20.5,4813 AUC,8.0,12,0.39062209,0.86187991,0.66666667
4813,AUC,27.7,4813 AUC,5.0,14,0.16344732,0.61235577,0.35714286
4813,MOV,0.0,4813 MOV,6.0,22,0.1315076,0.48151734,0.27272727
4813,MOV,1.0,4813 MOV,6.0,12,0.2537816,0.7462184,0.5
4813,MOV,1.35,4813 MOV,3.0,14,0.07571387,0.47589231,0.21428571
4813,MOV,1.83,4813 MOV,3.0,13,0.08179529,0.50256376,0.23076923
4813,MOV,2.97,4813 MOV,5.0,14,0.16344732,0.61235577,0.35714286
4813,MOV,3.35,4813 MOV,2.0,13,0.04325818,0.42234631,0.15384615
4813,MOV,4.53,4813 MOV,5.0,14,0.16344732,0.61235577,0.35714286
4813,MOV,6.12,4813 MOV,6.0,12,0.2537816,0.7462184,0.5
4813,MOV,8.28,4813 MOV,0.0,11,0.0,0.25883297,0.0
4813,MOV,11.2,4813 MOV,4.0,14,0.11721379,0.54649084,0.28571429
4813,MOV,15.1,4813 MOV,6.0,14,0.21380799,0.67409355,0.42857143
4813,MOV,20.5,4813 MOV,3.0,12,0.08894167,0.53230533,0.25
4813,MOV,27.7,4813 MOV,2.0,14,0.04009392,0.39941379,0.14285714
4814,AUC,0.0,4814 AUC,5.0,24,0.09244825,0.40470453,0.20833333
4814,AUC,0.1,4814 AUC,3.0,13,0.08179529,0.50256376,0.23076923
4814,AUC,2.75,4814 AUC,1.0,14,0.01272222,0.31468704,0.07142857
4814,AUC,5.41,4814 AUC,2.0,13,0.04325818,0.42234631,0.15384615
4814,AUC,8.06,4814 AUC,1.0,13,0.01371042,0.33313951,0.07692308
4814,AUC,10.7,4814 AUC,1.0,13,0.01371042,0.33313951,0.07692308
4814,AUC,13.4,4814 AUC,1.0,13,0.01371042,0.33313951,0.07692308
4814,AUC,16.0,4814 AUC,1.0,11,0.01623217,0.37735844,0.09090909
4814,AUC,18.7,4814 AUC,2.0,14,0.04009392,0.39941379,0.14285714
4814,AUC,21.3,4814 AUC,2.0,12,0.04696514,0.44803086,0.16666667
4814,AUC,24.0,4814 AUC,4.0,13,0.12680704,0.57630657,0.30769231
4814,AUC,26.6,4814 AUC,2.0,14,0.04009392,0.39941379,0.14285714
4814,AUC,29.3,4814 AUC,3.0,14,0.07571387,0.47589231,0.21428571
4814,MOV,0.0,4814 MOV,4.0,24,0.06678676,0.35853071,0.16666667
4814,MOV,0.1,4814 MOV,2.0,13,0.04325818,0.42234631,0.15384615
4814,MOV,2.75,4814 MOV,2.0,14,0.04009392,0.39941379,0.14285714
4814,MOV,5.41,4814 MOV,2.0,13,0.04325818,0.42234631,0.15384615
4814,MOV,8.06,4814 MOV,0.0,13,0.0,0.22809537,0.0
4814,MOV,10.7,4814 MOV,1.0,13,0.01371042,0.33313951,0.07692308
4814,MOV,13.4,4814 MOV,1.0,13,0.01371042,0.33313951,0.07692308
4814,MOV,16.0,4814 MOV,1.0,11,0.01623217,0.37735844,0.09090909
4814,MOV,18.7,4814 MOV,1.0,14,0.01272222,0.31468704,0.07142857
4814,MOV,21.3,4814 MOV,2.0,12,0.04696514,0.44803086,0.16666667
4814,MOV,24.0,4814 MOV,2.0,13,0.04325818,0.42234631,0.15384615
4814,MOV,26.6,4814 MOV,1.0,14,0.01272222,0.31468704,0.07142857
4814,MOV,29.3,4814 MOV,3.0,14,0.07571387,0.47589231,0.21428571
4815,AUC,0.0,4815 AUC,6.0,19,0.15364379,0.53989592,0.31578947
4815,AUC,0.5,4815 AUC,2.0,13,0.04325818,0.42234631,0.15384615
4815,AUC,0.75,4815 AUC,4.0,13,0.12680704,0.57630657,0.30769231
4815,AUC,1.0,4815 AUC,5.0,13,0.17709708,0.64477108,0.38461538
4815,AUC,1.5,4815 AUC,6.0,14,0.21380799,0.67409355,0.42857143
4815,AUC,2.0,4815 AUC,5.0,14,0.16344732,0.61235577,0.35714286
4815,AUC,2.5,4815 AUC,1.0,13,0.01371042,0.33313951,0.07692308
4815,AUC,5.0,4815 AUC,2.0,13,0.04325818,0.42234631,0.15384615
4815,AUC,7.5,4815 AUC,4.0,12,0.13812009,0.60937791,0.33333333
4815,AUC,10.0,4815 AUC,6.0,14,0.21380799,0.67409355,0.42857143
4815,AUC,15.0,4815 AUC,4.0,10,0.16818033,0.68732623,0.4
4815,AUC,20.0,4815 AUC,0.0,12,0.0,0.24249401,0.0
4815,AUC,21.3,4815 AUC,4.0,13,0.12680704,0.57630657,0.30769231
4815,MOV,0.0,4815 MOV,4.0,19,0.08507677,0.43334278,0.21052632
4815,MOV,0.5,4815 MOV,5.0,13,0.17709708,0.64477108,0.38461538
4815,MOV,0.75,4815 MOV,5.0,13,0.17709708,0.64477108,0.38461538
4815,MOV,1.0,4815 MOV,4.0,13,0.12680704,0.57630657,0.30769231
4815,MOV,1.5,4815 MOV,4.0,14,0.11721379,0.54649084,0.28571429
4815,MOV,2.0,4815 MOV,3.0,14,0.07571387,0.47589231,0.21428571
4815,MOV,2.5,4815 MOV,3.0,13,0.08179529,0.50256376,0.23076923
4815,MOV,5.0,4815 MOV,5.0,13,0.17709708,0.64477108,0.38461538
4815,MOV,7.5,4815 MOV,3.0,12,0.08894167,0.53230533,0.25
4815,MOV,10.0,4815 MOV,4.0,14,0.11721379,0.54649084,0.28571429
4815,MOV,15.0,4815 MOV,2.0,10,0.05668215,0.50983753,0.2
4815,MOV,20.0,4815 MOV,4.0,12,0.13812009,0.60937791,0.33333333
4815,MOV,21.3,4815 MOV,4.0,13,0.12680704,0.57630657,0.30769231
4816,AUC,0.0,4816 AUC,2.0,22,0.02529543,0.27814947,0.09090909
4816,AUC,0.1,4816 AUC,2.0,14,0.04009392,0.39941379,0.14285714
4816,AUC,2.61,4816 AUC,2.0,14,0.04009392,0.39941379,0.14285714
4816,AUC,5.12,4816 AUC,3.0,13,0.08179529,0.50256376,0.23076923
4816,AUC,7.63,4816 AUC,0.0,11,0.0,0.25883297,0.0
4816,AUC,10.1,4816 AUC,4.0,12,0.13812009,0.60937791,0.33333333
4816,AUC,12.6,4816 AUC,3.0,14,0.07571387,0.47589231,0.21428571
4816,AUC,15.2,4816 AUC,1.0,14,0.01272222,0.31468704,0.07142857
4816,AUC,17.7,4816 AUC,2.0,11,0.05136769,0.47698056,0.18181818
4816,AUC,20.2,4816 AUC,3.0,12,0.08894167,0.53230533,0.25
4816,AUC,22.7,4816 AUC,2.0,12,0.04696514,0.44803086,0.16666667
4816,AUC,25.2,4816 AUC,5.0,13,0.17709708,0.64477108,0.38461538
4816,AUC,27.7,4816 AUC,2.0,11,0.05136769,0.47698056,0.18181818
4816,MOV,0.0,4816 MOV,0.0,22,0.0,0.14865487,0.0
4816,MOV,0.1,4816 MOV,5.0,14,0.16344732,0.61235577,0.35714286
4816,MOV,2.61,4816 MOV,2.0,14,0.04009392,0.39941379,0.14285714
4816,MOV,5.12,4816 MOV,0.0,13,0.0,0.22809537,0.0
4816,MOV,7.63,4816 MOV,3.0,11,0.09746059,0.5656453,0.27272727
4816,MOV,10.1,4816 MOV,3.0,12,0.08894167,0.53230533,0.25
4816,MOV,12.6,4816 MOV,4.0,14,0.11721379,0.54649084,0.28571429
4816,MOV,15.2,4816 MOV,7.0,14,0.26799202,0.73200798,0.5
4816,MOV,17.7,4816 MOV,2.0,11,0.05136769,0.47698056,0.18181818
4816,MOV,20.2,4816 MOV,3.0,12,0.08894167,0.53230533,0.25
4816,MOV,22.7,4816 MOV,1.0,12,0.01486509,0.35387991,0.08333333
4816,MOV,25.2,4816 MOV,2.0,13,0.04325818,0.42234631,0.15384615
4816,MOV,27.7,4816 MOV,2.0,11,0.05136769,0.47698056,0.18181818
4817,AUC,0.0,4817 AUC,12.0,22,0.34659795,0.73079706,0.54545455
4817,AUC,1.0,4817 AUC,7.0,13,0.29143796,0.76793932,0.53846154
4817,AUC,1.97,4817 AUC,7.0,14,0.26799202,0.73200798,0.5
4817,AUC,2.1,4817 AUC,7.0,12,0.31951131,0.80673969,0.58333333
4817,AUC,3.04,4817 AUC,5.0,14,0.16344732,0.61235577,0.35714286
4817,AUC,4.4,4817 AUC,6.0,14,0.21380799,0.67409355,0.42857143
4817,AUC,6.37,4817 AUC,7.0,13,0.29143796,0.76793932,0.53846154
4817,AUC,9.22,4817 AUC,8.0,14,0.32590645,0.78619201,0.57142857
4817,AUC,13.4,4817 AUC,6.0,12,0.2537816,0.7462184,0.5
4817,AUC,19.3,4817 AUC,5.0,13,0.17709708,0.64477108,0.38461538
4817,AUC,28.0,4817 AUC,8.0,14,0.32590645,0.78619201,0.57142857
4817,AUC,40.5,4817 AUC,7.0,14,0.26799202,0.73200798,0.5
4817,AUC,45.2,4817 AUC,4.0,13,0.12680704,0.57630657,0.30769231
4817,MOV,0.0,4817 MOV,5.0,22,0.1012304,0.43439953,0.22727273
4817,MOV,1.0,4817 MOV,5.0,13,0.17709708,0.64477108,0.38461538
4817,MOV,1.97,4817 MOV,8.0,14,0.32590645,0.78619201,0.57142857
4817,MOV,2.1,4817 MOV,2.0,12,0.04696514,0.44803086,0.16666667
4817,MOV,3.04,4817 MOV,8.0,14,0.32590645,0.78619201,0.57142857
4817,MOV,4.4,4817 MOV,5.0,14,0.16344732,0.61235577,0.35714286
4817,MOV,6.37,4817 MOV,8.0,13,0.35522892,0.82290292,0.61538462
4817,MOV,9.22,4817 MOV,4.0,14,0.11721379,0.54649084,0.28571429
4817,MOV,13.4,4817 MOV,3.0,12,0.08894167,0.53230533,0.25
4817,MOV,19.3,4817 MOV,5.0,13,0.17709708,0.64477108,0.38461538
4817,MOV,28.0,4817 MOV,4.0,14,0.11721379,0.54649084,0.28571429
4817,MOV,40.5,4817 MOV,7.0,14,0.26799202,0.73200798,0.5
4817,MOV,45.2,4817 MOV,3.0,13,0.08179529,0.50256376,0.23076923
4818,AUC,0.0,4818 AUC,6.0,20,0.14547724,0.51897282,0.3
4818,AUC,1.0,4818 AUC,5.0,12,0.19326031,0.68048869,0.41666667
4818,AUC,1.34,4818 AUC,3.0,12,0.08894167,0.53230533,0.25
4818,AUC,1.78,4818 AUC,6.0,12,0.2537816,0.7462184,0.5
4818,AUC,2.38,4818 AUC,3.0,12,0.08894167,0.53230533,0.25
4818,AUC,3.19,4818 AUC,7.0,11,0.35380117,0.84833529,0.63636364
4818,AUC,4.26,4818 AUC,5.0,12,0.19326031,0.68048869,0.41666667
4818,AUC,5.69,4818 AUC,3.0,13,0.08179529,0.50256376,0.23076923
4818,AUC,7.6,4818 AUC,4.0,13,0.12680704,0.57630657,0.30769231
4818,AUC,10.1,4818 AUC,6.0,12,0.2537816,0.7462184,0.5
4818,AUC,13.6,4818 AUC,6.0,14,0.21380799,0.67409355,0.42857143
4818,AUC,18.1,4818 AUC,6.0,14,0.21380799,0.67409355,0.42857143
4818,AUC,24.2,4818 AUC,13.0,13,0.77190463,1.0,1.0
4818,MOV,0.0,4818 MOV,6.0,20,0.14547724,0.51897282,0.3
4818,MOV,1.0,4818 MOV,5.0,12,0.19326031,0.68048869,0.41666667
4818,MOV,1.34,4818 MOV,5.0,12,0.19326031,0.68048869,0.41666667
4818,MOV,1.78,4818 MOV,7.0,12,0.31951131,0.80673969,0.58333333
4818,MOV,2.38,4818 MOV,6.0,12,0.2537816,0.7462184,0.5
4818,MOV,3.19,4818 MOV,6.0,11,0.28009154,0.78728728,0.54545455
4818,MOV,4.26,4818 MOV,6.0,12,0.2537816,0.7462184,0.5
4818,MOV,5.69,4818 MOV,4.0,13,0.12680704,0.57630657,0.30769231
4818,MOV,7.6,4818 MOV,8.0,13,0.35522892,0.82290292,0.61538462
4818,MOV,10.1,4818 MOV,5.0,12,0.19326031,0.68048869,0.41666667
4818,MOV,13.6,4818 MOV,6.0,14,0.21380799,0.67409355,0.42857143
4818,MOV,18.1,4818 MOV,12.0,14,0.60058621,0.95990608,0.85714286
4818,MOV,24.2,4818 MOV,7.0,13,0.29143796,0.76793932,0.53846154
4819,AUC,0.0,4819 AUC,3.0,23,0.04537659,0.32127482,0.13043478
4819,AUC,1.0,4819 AUC,2.0,14,0.04009392,0.39941379,0.14285714
4819,AUC,1.36,4819 AUC,2.0,14,0.04009392,0.39941379,0.14285714
4819,AUC,1.84,4819 AUC,1.0,13,0.01371042,0.33313951,0.07692308
4819,AUC,2.5,4819 AUC,1.0,14,0.01272222,0.31468704,0.07142857
4819,AUC,3.41,4819 AUC,1.0,14,0.01272222,0.31468704,0.07142857
4819,AUC,4.64,4819 AUC,0.0,14,0.0,0.2153108,0.0
4819,AUC,6.31,4819 AUC,2.0,13,0.04325818,0.42234631,0.15384615
4819,AUC,8.57,4819 AUC,3.0,14,0.07571387,0.47589231,0.21428571
4819,AUC,11.7,4819 AUC,2.0,12,0.04696514,0.44803086,0.16666667
4819,AUC,15.8,4819 AUC,1.0,13,0.01371042,0.33313951,0.07692308
4819,AUC,21.5,4819 AUC,3.0,14,0.07571387,0.47589231,0.21428571
4819,AUC,29.3,4819 AUC,0.0,11,0.0,0.25883297,0.0
4819,MOV,0.0,4819 MOV,2.0,23,0.02418,0.26795981,0.08695652
4819,MOV,1.0,4819 MOV,4.0,14,0.11721379,0.54649084,0.28571429
4819,MOV,1.36,4819 MOV,6.0,14,0.21380799,0.67409355,0.42857143
4819,MOV,1.84,4819 MOV,2.0,13,0.04325818,0.42234631,0.15384615
4819,MOV,2.5,4819 MOV,5.0,14,0.16344732,0.61235577,0.35714286
4819,MOV,3.41,4819 MOV,4.0,14,0.11721379,0.54649084,0.28571429
4819,MOV,4.64,4819 MOV,3.0,14,0.07571387,0.47589231,0.21428571
4819,MOV,6.31,4819 MOV,3.0,13,0.08179529,0.50256376,0.23076923
4819,MOV,8.57,4819 MOV,4.0,14,0.11721379,0.54649084,0.28571429
4819,MOV,11.7,4819 MOV,3.0,12,0.08894167,0.53230533,0.25
4819,MOV,15.8,4819 MOV,1.0,13,0.01371042,0.33313951,0.07692308
4819,MOV,21.5,4819 MOV,3.0,14,0.07571387,0.47589231,0.21428571
4819,MOV,29.3,4819 MOV,3.0,11,0.09746059,0.5656453,0.27272727
4820,AUC,0.0,4820 AUC,5.0,22,0.1012304,0.43439953,0.22727273
4820,AUC,1.0,4820 AUC,0.0,13,0.0,0.22809537,0.0
4820,AUC,1.34,4820 AUC,2.0,13,0.04325818,0.42234631,0.15384615
4820,AUC,1.78,4820 AUC,3.0,13,0.08179529,0.50256376,0.23076923
4820,AUC,2.38,4820 AUC,1.0,12,0.01486509,0.35387991,0.08333333
4820,AUC,3.19,4820 AUC,2.0,12,0.04696514,0.44803086,0.16666667
4820,AUC,4.26,4820 AUC,4.0,14,0.11721379,0.54649084,0.28571429
4820,AUC,5.69,4820 AUC,1.0,12,0.01486509,0.35387991,0.08333333
4820,AUC,7.6,4820 AUC,3.0,14,0.07571387,0.47589231,0.21428571
4820,AUC,10.1,4820 AUC,1.0,11,0.01623217,0.37735844,0.09090909
4820,AUC,13.6,4820 AUC,2.0,13,0.04325818,0.42234631,0.15384615
4820,AUC,18.1,4820 AUC,3.0,14,0.07571387,0.47589231,0.21428571
4820,AUC,24.2,4820 AUC,3.0,14,0.07571387,0.47589231,0.21428571
4820,MOV,0.0,4820 MOV,2.0,22,0.02529543,0.27814947,0.09090909
4820,MOV,1.0,4820 MOV,1.0,13,0.01371042,0.33313951,0.07692308
4820,MOV,1.34,4820 MOV,3.0,13,0.08179529,0.50256376,0.23076923
4820,MOV,1.78,4820 MOV,1.0,13,0.01371042,0.33313951,0.07692308
4820,MOV,2.38,4820 MOV,3.0,12,0.08894167,0.53230533,0.25
4820,MOV,3.19,4820 MOV,0.0,12,0.0,0.24249401,0.0
4820,MOV,4.26,4820 MOV,1.0,14,0.01272222,0.31468704,0.07142857
4820,MOV,5.69,4820 MOV,3.0,12,0.08894167,0.53230533,0.25
4820,MOV,7.6,4820 MOV,3.0,14,0.07571387,0.47589231,0.21428571
4820,MOV,10.1,4820 MOV,3.0,11,0.09746059,0.5656453,0.27272727
4820,MOV,13.6,4820 MOV,3.0,13,0.08179529,0.50256376,0.23076923
4820,MOV,18.1,4820 MOV,2.0,14,0.04009392,0.39941379,0.14285714
4820,MOV,24.2,4820 MOV,3.0,14,0.07571387,0.47589231,0.21428571
4822,AUC,0.0,4822 AUC,1.0,21,0.00845599,0.2266936,0.04761905
4822,AUC,0.1,4822 AUC,2.0,11,0.05136769,0.47698056,0.18181818
4822,AUC,2.61,4822 AUC,2.0,12,0.04696514,0.44803086,0.16666667
4822,AUC,5.12,4822 AUC,1.0,8,0.02241749,0.47088818,0.125
4822,AUC,7.63,4822 AUC,0.0,14,0.0,0.2153108,0.0
4822,AUC,10.1,4822 AUC,0.0,12,0.0,0.24249401,0.0
4822,AUC,12.6,4822 AUC,0.0,9,0.0,0.29914505,0.0
4822,AUC,15.2,4822 AUC,1.0,11,0.01623217,0.37735844,0.09090909
4822,AUC,17.7,4822 AUC,1.0,11,0.01623217,0.37735844,0.09090909
4822,AUC,20.2,4822 AUC,2.0,12,0.04696514,0.44803086,0.16666667
4822,AUC,22.7,4822 AUC,1.0,13,0.01371042,0.33313951,0.07692308
4822,AUC,25.2,4822 AUC,1.0,13,0.01371042,0.33313951,0.07692308
4822,AUC,27.7,4822 AUC,0.0,9,0.0,0.29914505,0.0
4822,MOV,0.0,4822 MOV,2.0,21,0.02651877,0.28914139,0.0952381
4822,MOV,0.1,4822 MOV,2.0,11,0.05136769,0.47698056,0.18181818
4822,MOV,2.61,4822 MOV,1.0,12,0.01486509,0.35387991,0.08333333
4822,MOV,5.12,4822 MOV,1.0,8,0.02241749,0.47088818,0.125
4822,MOV,7.63,4822 MOV,2.0,14,0.04009392,0.39941379,0.14285714
4822,MOV,10.1,4822 MOV,1.0,12,0.01486509,0.35387991,0.08333333
4822,MOV,12.6,4822 MOV,1.0,9,0.01989089,0.43499971,0.11111111
4822,MOV,15.2,4822 MOV,2.0,11,0.05136769,0.47698056,0.18181818
4822,MOV,17.7,4822 MOV,3.0,11,0.09746059,0.5656453,0.27272727
4822,MOV,20.2,4822 MOV,0.0,12,0.0,0.24249401,0.0
4822,MOV,22.7,4822 MOV,0.0,13,0.0,0.22809537,0.0
4822,MOV,25.2,4822 MOV,1.0,13,0.01371042,0.33313951,0.07692308
4822,MOV,27.7,4822 MOV,1.0,9,0.01989089,0.43499971,0.11111111
4823,AUC,0.0,4823 AUC,3.0,22,0.04749004,0.33334987,0.13636364
4823,AUC,0.1,4823 AUC,2.0,12,0.04696514,0.44803086,0.16666667
4823,AUC,4.2,4823 AUC,3.0,11,0.09746059,0.5656453,0.27272727
4823,AUC,8.3,4823 AUC,1.0,10,0.01787621,0.40415003,0.1
4823,AUC,12.5,4823 AUC,1.0,9,0.01989089,0.43499971,0.11111111
4823,AUC,16.6,4823 AUC,2.0,9,0.06322511,0.54741103,0.22222222
4823,AUC,20.7,4823 AUC,2.0,8,0.07147921,0.59072457,0.25
4823,AUC,24.8,4823 AUC,2.0,5,0.11762077,0.76927572,0.4
4823,AUC,29.0,4823 AUC,1.0,8,0.02241749,0.47088818,0.125
4823,AUC,33.0,4823 AUC,1.0,7,0.02567962,0.51312783,0.14285714
4823,AUC,37.2,4823 AUC,3.0,9,0.12058382,0.64579786,0.33333333
4823,AUC,41.3,4823 AUC,2.0,11,0.05136769,0.47698056,0.18181818
4823,AUC,45.4,4823 AUC,3.0,11,0.09746059,0.5656453,0.27272727
4823,MOV,0.0,4823 MOV,3.0,22,0.04749004,0.33334987,0.13636364
4823,MOV,0.1,4823 MOV,4.0,12,0.13812009,0.60937791,0.33333333
4823,MOV,4.2,4823 MOV,4.0,11,0.15166471,0.64619883,0.36363636
4823,MOV,8.3,4823 MOV,2.0,10,0.05668215,0.50983753,0.2
4823,MOV,12.5,4823 MOV,2.0,9,0.06322511,0.54741103,0.22222222
4823,MOV,16.6,4823 MOV,2.0,9,0.06322511,0.54741103,0.22222222
4823,MOV,20.7,4823 MOV,1.0,8,0.02241749,0.47088818,0.125
4823,MOV,24.8,4823 MOV,3.0,5,0.23072428,0.88237923,0.6
4823,MOV,29.0,4823 MOV,2.0,8,0.07147921,0.59072457,0.25
4823,MOV,33.0,4823 MOV,3.0,7,0.15821986,0.74954164,0.42857143
4823,MOV,37.2,4823 MOV,2.0,9,0.06322511,0.54741103,0.22222222
4823,MOV,41.3,4823 MOV,2.0,11,0.05136769,0.47698056,0.18181818
4823,MOV,45.4,4823 MOV,3.0,11,0.09746059,0.5656453,0.27272727
4824,AUC,0.0,4824 AUC,1.0,23,0.00771667,0.20991155,0.04347826
4824,AUC,1.0,4824 AUC,2.0,14,0.04009392,0.39941379,0.14285714
4824,AUC,1.34,4824 AUC,3.0,13,0.08179529,0.50256376,0.23076923
4824,AUC,1.8,4824 AUC,1.0,13,0.01371042,0.33313951,0.07692308
4824,AUC,2.4,4824 AUC,1.0,14,0.01272222,0.31468704,0.07142857
4824,AUC,3.23,4824 AUC,2.0,13,0.04325818,0.42234631,0.15384615
4824,AUC,4.3,4824 AUC,1.0,13,0.01371042,0.33313951,0.07692308
4824,AUC,5.8,4824 AUC,1.0,14,0.01272222,0.31468704,0.07142857
4824,AUC,7.79,4824 AUC,3.0,13,0.08179529,0.50256376,0.23076923
4824,AUC,10.5,4824 AUC,1.0,14,0.01272222,0.31468704,0.07142857
4824,AUC,14.0,4824 AUC,1.0,13,0.01371042,0.33313951,0.07692308
4824,AUC,18.8,4824 AUC,1.0,12,0.01486509,0.35387991,0.08333333
4824,AUC,25.5,4824 AUC,1.0,13,0.01371042,0.33313951,0.07692308
4824,MOV,0.0,4824 MOV,0.0,23,0.0,0.14311662,0.0
4824,MOV,1.0,4824 MOV,1.0,14,0.01272222,0.31468704,0.07142857
4824,MOV,1.34,4824 MOV,6.0,13,0.23206068,0.70856204,0.46153846
4824,MOV,1.8,4824 MOV,2.0,13,0.04325818,0.42234631,0.15384615
4824,MOV,2.4,4824 MOV,3.0,14,0.07571387,0.47589231,0.21428571
4824,MOV,3.23,4824 MOV,3.0,13,0.08179529,0.50256376,0.23076923
4824,MOV,4.3,4824 MOV,3.0,13,0.08179529,0.50256376,0.23076923
4824,MOV,5.8,4824 MOV,4.0,14,0.11721379,0.54649084,0.28571429
4824,MOV,7.79,4824 MOV,5.0,13,0.17709708,0.64477108,0.38461538
4824,MOV,10.5,4824 MOV,4.0,14,0.11721379,0.54649084,0.28571429
4824,MOV,14.0,4824 MOV,6.0,13,0.23206068,0.70856204,0.46153846
4824,MOV,18.8,4824 MOV,2.0,12,0.04696514,0.44803086,0.16666667
4824,MOV,25.5,4824 MOV,2.0,13,0.04325818,0.42234631,0.15384615
4825,AUC,0.0,4825 AUC,3.0,22,0.04749004,0.33334987,0.13636364
4825,AUC,0.1,4825 AUC,3.0,11,0.09746059,0.5656453,0.27272727
4825,AUC,2.29,4825 AUC,0.0,8,0.0,0.32440756,0.0
4825,AUC,4.48,4825 AUC,3.0,11,0.09746059,0.5656453,0.27272727
4825,AUC,6.67,4825 AUC,4.0,11,0.15166471,0.64619883,0.36363636
4825,AUC,8.86,4825 AUC,2.0,9,0.06322511,0.54741103,0.22222222
4825,AUC,11.1,4825 AUC,2.0,5,0.11762077,0.76927572,0.4
4825,AUC,13.2,4825 AUC,4.0,6,0.29999332,0.90322859,0.66666667
4825,AUC,15.4,4825 AUC,3.0,6,0.18761631,0.81238369,0.5
4825,AUC,17.6,4825 AUC,0.0,4,0.0,0.48989084,0.0
4825,AUC,19.8,4825 AUC,1.0,6,0.03005337,0.56350282,0.16666667
4825,AUC,22.0,4825 AUC,2.0,8,0.07147921,0.59072457,0.25
4825,AUC,24.2,4825 AUC,4.0,6,0.29999332,0.90322859,0.66666667
4825,MOV,0.0,4825 MOV,0.0,22,0.0,0.14865487,0.0
4825,MOV,0.1,4825 MOV,1.0,11,0.01623217,0.37735844,0.09090909
4825,MOV,2.29,4825 MOV,2.0,8,0.07147921,0.59072457,0.25
4825,MOV,4.48,4825 MOV,2.0,11,0.05136769,0.47698056,0.18181818
4825,MOV,6.67,4825 MOV,0.0,11,0.0,0.25883297,0.0
4825,MOV,8.86,4825 MOV,0.0,9,0.0,0.29914505,0.0
4825,MOV,11.1,4825 MOV,0.0,5,0.0,0.43448246,0.0
4825,MOV,13.2,4825 MOV,0.0,6,0.0,0.39033429,0.0
4825,MOV,15.4,4825 MOV,1.0,6,0.03005337,0.56350282,0.16666667
4825,MOV,17.6,4825 MOV,0.0,4,0.0,0.48989084,0.0
4825,MOV,19.8,4825 MOV,1.0,6,0.03005337,0.56350282,0.16666667
4825,MOV,22.0,4825 MOV,0.0,8,0.0,0.32440756,0.0
4825,MOV,24.2,4825 MOV,0.0,6,0.0,0.39033429,0.0
4826,AUC,0.0,4826 AUC,2.0,23,0.02418,0.26795981,0.08695652
4826,AUC,1.0,4826 AUC,1.0,14,0.01272222,0.31468704,0.07142857
4826,AUC,1.3,4826 AUC,1.0,14,0.01272222,0.31468704,0.07142857
4826,AUC,1.8,4826 AUC,1.0,14,0.01272222,0.31468704,0.07142857
4826,AUC,2.4,4826 AUC,0.0,13,0.0,0.22809537,0.0
4826,AUC,3.1,4826 AUC,0.0,13,0.0,0.22809537,0.0
4826,AUC,4.2,4826 AUC,0.0,13,0.0,0.22809537,0.0
4826,AUC,5.6,4826 AUC,1.0,13,0.01371042,0.33313951,0.07692308
4826,AUC,7.4,4826 AUC,1.0,13,0.01371042,0.33313951,0.07692308
4826,AUC,9.8,4826 AUC,1.0,12,0.01486509,0.35387991,0.08333333
4826,AUC,13.1,4826 AUC,1.0,13,0.01371042,0.33313951,0.07692308
4826,AUC,17.4,4826 AUC,0.0,13,0.0,0.22809537,0.0
4826,AUC,23.2,4826 AUC,3.0,11,0.09746059,0.5656453,0.27272727
4826,MOV,0.0,4826 MOV,0.0,23,0.0,0.14311662,0.0
4826,MOV,1.0,4826 MOV,2.0,14,0.04009392,0.39941379,0.14285714
4826,MOV,1.3,4826 MOV,3.0,14,0.07571387,0.47589231,0.21428571
4826,MOV,1.8,4826 MOV,2.0,14,0.04009392,0.39941379,0.14285714
4826,MOV,2.4,4826 MOV,3.0,13,0.08179529,0.50256376,0.23076923
4826,MOV,3.1,4826 MOV,1.0,13,0.01371042,0.33313951,0.07692308
4826,MOV,4.2,4826 MOV,3.0,13,0.08179529,0.50256376,0.23076923
4826,MOV,5.6,4826 MOV,1.0,13,0.01371042,0.33313951,0.07692308
4826,MOV,7.4,4826 MOV,1.0,13,0.01371042,0.33313951,0.07692308
4826,MOV,9.8,4826 MOV,4.0,12,0.13812009,0.60937791,0.33333333
4826,MOV,13.1,4826 MOV,2.0,13,0.04325818,0.42234631,0.15384615
4826,MOV,17.4,4826 MOV,3.0,13,0.08179529,0.50256376,0.23076923
4826,MOV,23.2,4826 MOV,1.0,11,0.01623217,0.37735844,0.09090909
4827,AUC,0.0,4827 AUC,1.0,21,0.00845599,0.2266936,0.04761905
4827,AUC,0.1,4827 AUC,2.0,10,0.05668215,0.50983753,0.2
4827,AUC,2.29,4827 AUC,0.0,14,0.0,0.2153108,0.0
4827,AUC,4.48,4827 AUC,1.0,11,0.01623217,0.37735844,0.09090909
4827,AUC,6.67,4827 AUC,3.0,11,0.09746059,0.5656453,0.27272727
4827,AUC,8.86,4827 AUC,3.0,11,0.09746059,0.5656453,0.27272727
4827,AUC,11.1,4827 AUC,0.0,11,0.0,0.25883297,0.0
4827,AUC,13.2,4827 AUC,1.0,7,0.02567962,0.51312783,0.14285714
4827,AUC,15.4,4827 AUC,2.0,8,0.07147921,0.59072457,0.25
4827,AUC,17.6,4827 AUC,0.0,11,0.0,0.25883297,0.0
4827,AUC,19.8,4827 AUC,0.0,7,0.0,0.35433044,0.0
4827,AUC,22.0,4827 AUC,1.0,10,0.01787621,0.40415003,0.1
4827,AUC,24.2,4827 AUC,3.0,7,0.15821986,0.74954164,0.42857143
4827,MOV,0.0,4827 MOV,2.0,21,0.02651877,0.28914139,0.0952381
4827,MOV,0.1,4827 MOV,2.0,10,0.05668215,0.50983753,0.2
4827,MOV,2.29,4827 MOV,3.0,14,0.07571387,0.47589231,0.21428571
4827,MOV,4.48,4827 MOV,3.0,11,0.09746059,0.5656453,0.27272727
4827,MOV,6.67,4827 MOV,0.0,11,0.0,0.25883297,0.0
4827,MOV,8.86,4827 MOV,5.0,11,0.21271272,0.71990846,0.45454545
4827,MOV,11.1,4827 MOV,3.0,11,0.09746059,0.5656453,0.27272727
4827,MOV,13.2,4827 MOV,0.0,7,0.0,0.35433044,0.0
4827,MOV,15.4,4827 MOV,3.0,8,0.13684429,0.69425761,0.375
4827,MOV,17.6,4827 MOV,4.0,11,0.15166471,0.64619883,0.36363636
4827,MOV,19.8,4827 MOV,0.0,7,0.0,0.35433044,0.0
4827,MOV,22.0,4827 MOV,2.0,10,0.05668215,0.50983753,0.2
4827,MOV,24.2,4827 MOV,4.0,7,0.25045836,0.84178014,0.57142857
4828,AUC,0.0,4828 AUC,5.0,23,0.09663978,0.41903483,0.2173913
4828,AUC,1.0,4828 AUC,8.0,14,0.32590645,0.78619201,0.57142857
4828,AUC,1.34,4828 AUC,8.0,14,0.32590645,0.78619201,0.57142857
4828,AUC,1.78,4828 AUC,9.0,14,0.38764423,0.83655268,0.64285714
4828,AUC,2.38,4828 AUC,4.0,14,0.11721379,0.54649084,0.28571429
4828,AUC,3.19,4828 AUC,7.0,13,0.29143796,0.76793932,0.53846154
4828,AUC,4.26,4828 AUC,4.0,14,0.11721379,0.54649084,0.28571429
4828,AUC,5.69,4828 AUC,7.0,11,0.35380117,0.84833529,0.63636364
4828,AUC,7.6,4828 AUC,9.0,14,0.38764423,0.83655268,0.64285714
4828,AUC,10.1,4828 AUC,9.0,14,0.38764423,0.83655268,0.64285714
4828,AUC,13.6,4828 AUC,11.0,14,0.52410769,0.92428613,0.78571429
4828,AUC,18.1,4828 AUC,10.0,14,0.45350916,0.88278621,0.71428571
4828,AUC,24.2,4828 AUC,7.0,13,0.29143796,0.76793932,0.53846154
4828,MOV,0.0,4828 MOV,7.0,23,0.15604024,0.50865756,0.30434783
4828,MOV,1.0,4828 MOV,2.0,14,0.04009392,0.39941379,0.14285714
4828,MOV,1.34,4828 MOV,2.0,14,0.04009392,0.39941379,0.14285714
4828,MOV,1.78,4828 MOV,4.0,14,0.11721379,0.54649084,0.28571429
4828,MOV,2.38,4828 MOV,4.0,14,0.11721379,0.54649084,0.28571429
4828,MOV,3.19,4828 MOV,7.0,13,0.29143796,0.76793932,0.53846154
4828,MOV,4.26,4828 MOV,6.0,14,0.21380799,0.67409355,0.42857143
4828,MOV,5.69,4828 MOV,5.0,11,0.21271272,0.71990846,0.45454545
4828,MOV,7.6,4828 MOV,3.0,14,0.07571387,0.47589231,0.21428571
4828,MOV,10.1,4828 MOV,5.0,14,0.16344732,0.61235577,0.35714286
4828,MOV,13.6,4828 MOV,6.0,14,0.21380799,0.67409355,0.42857143
4828,MOV,18.1,4828 MOV,4.0,14,0.11721379,0.54649084,0.28571429
4828,MOV,24.2,4828 MOV,6.0,13,0.23206068,0.70856204,0.46153846
4830,AUC,0.0,4830 AUC,3.0,18,0.05836577,0.39222038,0.16666667
4830,AUC,0.1,4830 AUC,4.0,13,0.12680704,0.57630657,0.30769231
4830,AUC,2.0,4830 AUC,0.0,12,0.0,0.24249401,0.0
4830,AUC,3.9,4830 AUC,3.0,14,0.07571387,0.47589231,0.21428571
4830,AUC,5.7,4830 AUC,3.0,12,0.08894167,0.53230533,0.25
4830,AUC,7.6,4830 AUC,4.0,13,0.12680704,0.57630657,0.30769231
4830,AUC,9.5,4830 AUC,5.0,12,0.19326031,0.68048869,0.41666667
4830,AUC,11.4,4830 AUC,4.0,12,0.13812009,0.60937791,0.33333333
4830,AUC,13.3,4830 AUC,4.0,13,0.12680704,0.57630657,0.30769231
4830,AUC,15.0,4830 AUC,2.0,10,0.05668215,0.50983753,0.2
4830,AUC,17.0,4830 AUC,4.0,13,0.12680704,0.57630657,0.30769231
4830,AUC,19.0,4830 AUC,4.0,11,0.15166471,0.64619883,0.36363636
4830,AUC,20.8,4830 AUC,1.0,9,0.01989089,0.43499971,0.11111111
4830,MOV,0.0,4830 MOV,1.0,18,0.00987519,0.25757301,0.05555556
4830,MOV,0.1,4830 MOV,4.0,13,0.12680704,0.57630657,0.30769231
4830,MOV,2.0,4830 MOV,1.0,12,0.01486509,0.35387991,0.08333333
4830,MOV,3.9,4830 MOV,1.0,14,0.01272222,0.31468704,0.07142857
4830,MOV,5.7,4830 MOV,2.0,12,0.04696514,0.44803086,0.16666667
4830,MOV,7.6,4830 MOV,2.0,13,0.04325818,0.42234631,0.15384615
4830,MOV,9.5,4830 MOV,1.0,12,0.01486509,0.35387991,0.08333333
4830,MOV,11.4,4830 MOV,1.0,12,0.01486509,0.35387991,0.08333333
4830,MOV,13.3,4830 MOV,6.0,13,0.23206068,0.70856204,0.46153846
4830,MOV,15.0,4830 MOV,3.0,10,0.10779127,0.60322185,0.3
4830,MOV,17.0,4830 MOV,1.0,13,0.01371042,0.33313951,0.07692308
4830,MOV,19.0,4830 MOV,1.0,11,0.01623217,0.37735844,0.09090909
4830,MOV,20.8,4830 MOV,2.0,9,0.06322511,0.54741103,0.22222222
4831,AUC,0.0,4831 AUC,2.0,23,0.02418,0.26795981,0.08695652
4831,AUC,1.0,4831 AUC,1.0,11,0.01623217,0.37735844,0.09090909
4831,AUC,1.34,4831 AUC,2.0,13,0.04325818,0.42234631,0.15384615
4831,AUC,1.78,4831 AUC,2.0,13,0.04325818,0.42234631,0.15384615
4831,AUC,2.38,4831 AUC,1.0,14,0.01272222,0.31468704,0.07142857
4831,AUC,3.19,4831 AUC,2.0,13,0.04325818,0.42234631,0.15384615
4831,AUC,4.26,4831 AUC,5.0,12,0.19326031,0.68048869,0.41666667
4831,AUC,5.69,4831 AUC,3.0,14,0.07571387,0.47589231,0.21428571
4831,AUC,7.6,4831 AUC,1.0,12,0.01486509,0.35387991,0.08333333
4831,AUC,10.1,4831 AUC,0.0,10,0.0,0.2775328,0.0
4831,AUC,13.6,4831 AUC,4.0,14,0.11721379,0.54649084,0.28571429
4831,AUC,18.1,4831 AUC,3.0,12,0.08894167,0.53230533,0.25
4831,AUC,24.2,4831 AUC,1.0,11,0.01623217,0.37735844,0.09090909
4831,MOV,0.0,4831 MOV,5.0,23,0.09663978,0.41903483,0.2173913
4831,MOV,1.0,4831 MOV,1.0,11,0.01623217,0.37735844,0.09090909
4831,MOV,1.34,4831 MOV,3.0,13,0.08179529,0.50256376,0.23076923
4831,MOV,1.78,4831 MOV,2.0,13,0.04325818,0.42234631,0.15384615
4831,MOV,2.38,4831 MOV,1.0,14,0.01272222,0.31468704,0.07142857
4831,MOV,3.19,4831 MOV,2.0,13,0.04325818,0.42234631,0.15384615
4831,MOV,4.26,4831 MOV,5.0,12,0.19326031,0.68048869,0.41666667
4831,MOV,5.69,4831 MOV,0.0,14,0.0,0.2153108,0.0
4831,MOV,7.6,4831 MOV,2.0,12,0.04696514,0.44803086,0.16666667
4831,MOV,10.1,4831 MOV,1.0,10,0.01787621,0.40415003,0.1
4831,MOV,13.6,4831 MOV,5.0,14,0.16344732,0.61235577,0.35714286
4831,MOV,18.1,4831 MOV,2.0,12,0.04696514,0.44803086,0.16666667
4831,MOV,24.2,4831 MOV,1.0,11,0.01623217,0.37735844,0.09090909
4832,AUC,0.0,4832 AUC,0.0,23,0.0,0.14311662,0.0
4832,AUC,1.0,4832 AUC,0.0,13,0.0,0.22809537,0.0
4832,AUC,1.33,4832 AUC,1.0,11,0.01623217,0.37735844,0.09090909
4832,AUC,1.78,4832 AUC,5.0,13,0.17709708,0.64477108,0.38461538
4832,AUC,2.38,4832 AUC,1.0,14,0.01272222,0.31468704,0.07142857
4832,AUC,3.18,4832 AUC,1.0,13,0.01371042,0.33313951,0.07692308
4832,AUC,4.24,4832 AUC,2.0,11,0.05136769,0.47698056,0.18181818
4832,AUC,5.66,4832 AUC,1.0,10,0.01787621,0.40415003,0.1
4832,AUC,7.56,4832 AUC,4.0,14,0.11721379,0.54649084,0.28571429
4832,AUC,10.1,4832 AUC,2.0,11,0.05136769,0.47698056,0.18181818
4832,AUC,13.5,4832 AUC,0.0,11,0.0,0.25883297,0.0
4832,AUC,18.0,4832 AUC,2.0,10,0.05668215,0.50983753,0.2
4832,AUC,24.0,4832 AUC,3.0,14,0.07571387,0.47589231,0.21428571
4832,MOV,0.0,4832 MOV,0.0,23,0.0,0.14311662,0.0
4832,MOV,1.0,4832 MOV,0.0,13,0.0,0.22809537,0.0
4832,MOV,1.33,4832 MOV,0.0,11,0.0,0.25883297,0.0
4832,MOV,1.78,4832 MOV,1.0,13,0.01371042,0.33313951,0.07692308
4832,MOV,2.38,4832 MOV,1.0,14,0.01272222,0.31468704,0.07142857
4832,MOV,3.18,4832 MOV,0.0,13,0.0,0.22809537,0.0
4832,MOV,4.24,4832 MOV,0.0,11,0.0,0.25883297,0.0
4832,MOV,5.66,4832 MOV,0.0,10,0.0,0.2775328,0.0
4832,MOV,7.56,4832 MOV,2.0,14,0.04009392,0.39941379,0.14285714
4832,MOV,10.1,4832 MOV,1.0,11,0.01623217,0.37735844,0.09090909
4832,MOV,13.5,4832 MOV,1.0,11,0.01623217,0.37735844,0.09090909
4832,MOV,18.0,4832 MOV,2.0,10,0.05668215,0.50983753,0.2
4832,MOV,24.0,4832 MOV,0.0,14,0.0,0.2153108,0.0
4833,AUC,0.0,4833 AUC,1.0,20,0.00888145,0.23613119,0.05
4833,AUC,1.0,4833 AUC,2.0,12,0.04696514,0.44803086,0.16666667
4833,AUC,1.33,4833 AUC,1.0,11,0.01623217,0.37735844,0.09090909
4833,AUC,1.78,4833 AUC,3.0,14,0.07571387,0.47589231,0.21428571
4833,AUC,2.38,4833 AUC,0.0,13,0.0,0.22809537,0.0
4833,AUC,3.18,4833 AUC,2.0,14,0.04009392,0.39941379,0.14285714
4833,AUC,4.24,4833 AUC,3.0,12,0.08894167,0.53230533,0.25
4833,AUC,5.66,4833 AUC,3.0,11,0.09746059,0.5656453,0.27272727
4833,AUC,7.56,4833 AUC,4.0,14,0.11721379,0.54649084,0.28571429
4833,AUC,10.1,4833 AUC,3.0,10,0.10779127,0.60322185,0.3
4833,AUC,13.5,4833 AUC,3.0,11,0.09746059,0.5656453,0.27272727
4833,AUC,18.0,4833 AUC,6.0,14,0.21380799,0.67409355,0.42857143
4833,AUC,24.0,4833 AUC,3.0,12,0.08894167,0.53230533,0.25
4833,MOV,0.0,4833 MOV,1.0,20,0.00888145,0.23613119,0.05
4833,MOV,1.0,4833 MOV,0.0,12,0.0,0.24249401,0.0
4833,MOV,1.33,4833 MOV,1.0,11,0.01623217,0.37735844,0.09090909
4833,MOV,1.78,4833 MOV,3.0,14,0.07571387,0.47589231,0.21428571
4833,MOV,2.38,4833 MOV,1.0,13,0.01371042,0.33313951,0.07692308
4833,MOV,3.18,4833 MOV,1.0,14,0.01272222,0.31468704,0.07142857
4833,MOV,4.24,4833 MOV,1.0,12,0.01486509,0.35387991,0.08333333
4833,MOV,5.66,4833 MOV,0.0,11,0.0,0.25883297,0.0
4833,MOV,7.56,4833 MOV,0.0,14,0.0,0.2153108,0.0
4833,MOV,10.1,4833 MOV,2.0,10,0.05668215,0.50983753,0.2
4833,MOV,13.5,4833 MOV,2.0,11,0.05136769,0.47698056,0.18181818
4833,MOV,18.0,4833 MOV,1.0,14,0.01272222,0.31468704,0.07142857
4833,MOV,24.0,4833 MOV,2.0,12,0.04696514,0.44803086,0.16666667
4834,AUC,0.0,4834 AUC,3.0,23,0.04537659,0.32127482,0.13043478
4834,AUC,1.0,4834 AUC,1.0,14,0.01272222,0.31468704,0.07142857
4834,AUC,1.34,4834 AUC,1.0,14,0.01272222,0.31468704,0.07142857
4834,AUC,1.78,4834 AUC,1.0,11,0.01623217,0.37735844,0.09090909
4834,AUC,2.38,4834 AUC,0.0,14,0.0,0.2153108,0.0
4834,AUC,3.19,4834 AUC,2.0,13,0.04325818,0.42234631,0.15384615
4834,AUC,4.26,4834 AUC,3.0,9,0.12058382,0.64579786,0.33333333
4834,AUC,5.69,4834 AUC,2.0,12,0.04696514,0.44803086,0.16666667
4834,AUC,7.6,4834 AUC,3.0,11,0.09746059,0.5656453,0.27272727
4834,AUC,10.1,4834 AUC,3.0,13,0.08179529,0.50256376,0.23076923
4834,AUC,13.6,4834 AUC,0.0,11,0.0,0.25883297,0.0
4834,AUC,18.1,4834 AUC,5.0,13,0.17709708,0.64477108,0.38461538
4834,AUC,24.2,4834 AUC,5.0,13,0.17709708,0.64477108,0.38461538
4834,MOV,0.0,4834 MOV,1.0,23,0.00771667,0.20991155,0.04347826
4834,MOV,1.0,4834 MOV,3.0,14,0.07571387,0.47589231,0.21428571
4834,MOV,1.34,4834 MOV,2.0,14,0.04009392,0.39941379,0.14285714
4834,MOV,1.78,4834 MOV,3.0,11,0.09746059,0.5656453,0.27272727
4834,MOV,2.38,4834 MOV,1.0,14,0.01272222,0.31468704,0.07142857
4834,MOV,3.19,4834 MOV,4.0,13,0.12680704,0.57630657,0.30769231
4834,MOV,4.26,4834 MOV,1.0,9,0.01989089,0.43499971,0.11111111
4834,MOV,5.69,4834 MOV,3.0,12,0.08894167,0.53230533,0.25
4834,MOV,7.6,4834 MOV,2.0,11,0.05136769,0.47698056,0.18181818
4834,MOV,10.1,4834 MOV,1.0,13,0.01371042,0.33313951,0.07692308
4834,MOV,13.6,4834 MOV,1.0,11,0.01623217,0.37735844,0.09090909
4834,MOV,18.1,4834 MOV,2.0,13,0.04325818,0.42234631,0.15384615
4834,MOV,24.2,4834 MOV,3.0,13,0.08179529,0.50256376,0.23076923
4835,AUC,0.0,4835 AUC,2.0,20,0.02786648,0.30103365,0.1
4835,AUC,0.1,4835 AUC,1.0,11,0.01623217,0.37735844,0.09090909
4835,AUC,2.29,4835 AUC,1.0,12,0.01486509,0.35387991,0.08333333
4835,AUC,4.48,4835 AUC,1.0,13,0.01371042,0.33313951,0.07692308
4835,AUC,6.67,4835 AUC,0.0,12,0.0,0.24249401,0.0
4835,AUC,8.86,4835 AUC,1.0,13,0.01371042,0.33313951,0.07692308
4835,AUC,11.1,4835 AUC,2.0,13,0.04325818,0.42234631,0.15384615
4835,AUC,13.2,4835 AUC,3.0,14,0.07571387,0.47589231,0.21428571
4835,AUC,15.4,4835 AUC,2.0,13,0.04325818,0.42234631,0.15384615
4835,AUC,17.6,4835 AUC,5.0,14,0.16344732,0.61235577,0.35714286
4835,AUC,19.8,4835 AUC,5.0,11,0.21271272,0.71990846,0.45454545
4835,AUC,22.0,4835 AUC,2.0,13,0.04325818,0.42234631,0.15384615
4835,AUC,24.2,4835 AUC,7.0,13,0.29143796,0.76793932,0.53846154
4835,MOV,0.0,4835 MOV,1.0,20,0.00888145,0.23613119,0.05
4835,MOV,0.1,4835 MOV,5.0,11,0.21271272,0.71990846,0.45454545
4835,MOV,2.29,4835 MOV,1.0,12,0.01486509,0.35387991,0.08333333
4835,MOV,4.48,4835 MOV,2.0,13,0.04325818,0.42234631,0.15384615
4835,MOV,6.67,4835 MOV,3.0,12,0.08894167,0.53230533,0.25
4835,MOV,8.86,4835 MOV,3.0,13,0.08179529,0.50256376,0.23076923
4835,MOV,11.1,4835 MOV,3.0,13,0.08179529,0.50256376,0.23076923
4835,MOV,13.2,4835 MOV,3.0,14,0.07571387,0.47589231,0.21428571
4835,MOV,15.4,4835 MOV,0.0,13,0.0,0.22809537,0.0
4835,MOV,17.6,4835 MOV,1.0,14,0.01272222,0.31468704,0.07142857
4835,MOV,19.8,4835 MOV,3.0,11,0.09746059,0.5656453,0.27272727
4835,MOV,22.0,4835 MOV,4.0,13,0.12680704,0.57630657,0.30769231
4835,MOV,24.2,4835 MOV,6.0,13,0.23206068,0.70856204,0.46153846
4836,AUC,0.0,4836 AUC,2.0,21,0.02651877,0.28914139,0.0952381
4836,AUC,1.0,4836 AUC,0.0,14,0.0,0.2153108,0.0
4836,AUC,1.32,4836 AUC,0.0,13,0.0,0.22809537,0.0
4836,AUC,1.75,4836 AUC,0.0,12,0.0,0.24249401,0.0
4836,AUC,2.32,4836 AUC,1.0,12,0.01486509,0.35387991,0.08333333
4836,AUC,3.08,4836 AUC,2.0,11,0.05136769,0.47698056,0.18181818
4836,AUC,4.08,4836 AUC,2.0,13,0.04325818,0.42234631,0.15384615
4836,AUC,5.4,4836 AUC,0.0,13,0.0,0.22809537,0.0
4836,AUC,7.15,4836 AUC,2.0,11,0.05136769,0.47698056,0.18181818
4836,AUC,9.97,4836 AUC,0.0,12,0.0,0.24249401,0.0
4836,AUC,12.5,4836 AUC,0.0,11,0.0,0.25883297,0.0
4836,AUC,16.6,4836 AUC,3.0,12,0.08894167,0.53230533,0.25
4836,AUC,22.0,4836 AUC,0.0,8,0.0,0.32440756,0.0
4836,MOV,0.0,4836 MOV,0.0,21,0.0,0.15463902,0.0
4836,MOV,1.0,4836 MOV,2.0,14,0.04009392,0.39941379,0.14285714
4836,MOV,1.32,4836 MOV,1.0,13,0.01371042,0.33313951,0.07692308
4836,MOV,1.75,4836 MOV,5.0,12,0.19326031,0.68048869,0.41666667
4836,MOV,2.32,4836 MOV,5.0,12,0.19326031,0.68048869,0.41666667
4836,MOV,3.08,4836 MOV,1.0,11,0.01623217,0.37735844,0.09090909
4836,MOV,4.08,4836 MOV,5.0,13,0.17709708,0.64477108,0.38461538
4836,MOV,5.4,4836 MOV,2.0,13,0.04325818,0.42234631,0.15384615
4836,MOV,7.15,4836 MOV,2.0,11,0.05136769,0.47698056,0.18181818
4836,MOV,9.97,4836 MOV,1.0,12,0.01486509,0.35387991,0.08333333
4836,MOV,12.5,4836 MOV,2.0,11,0.05136769,0.47698056,0.18181818
4836,MOV,16.6,4836 MOV,6.0,12,0.2537816,0.7462184,0.5
4836,MOV,22.0,4836 MOV,3.0,8,0.13684429,0.69425761,0.375
4837,AUC,0.0,4837 AUC,2.0,23,0.02418,0.26795981,0.08695652
4837,AUC,0.1,4837 AUC,2.0,13,0.04325818,0.42234631,0.15384615
4837,AUC,4.2,4837 AUC,0.0,14,0.0,0.2153108,0.0
4837,AUC,8.3,4837 AUC,0.0,13,0.0,0.22809537,0.0
4837,AUC,12.5,4837 AUC,0.0,14,0.0,0.2153108,0.0
4837,AUC,16.6,4837 AUC,1.0,11,0.01623217,0.37735844,0.09090909
4837,AUC,20.7,4837 AUC,1.0,12,0.01486509,0.35387991,0.08333333
4837,AUC,24.8,4837 AUC,0.0,10,0.0,0.2775328,0.0
4837,AUC,29.0,4837 AUC,0.0,13,0.0,0.22809537,0.0
4837,AUC,33.0,4837 AUC,1.0,12,0.01486509,0.35387991,0.08333333
4837,AUC,37.2,4837 AUC,1.0,11,0.01623217,0.37735844,0.09090909
4837,AUC,41.3,4837 AUC,0.0,12,0.0,0.24249401,0.0
4837,AUC,45.4,4837 AUC,0.0,12,0.0,0.24249401,0.0
4837,MOV,0.0,4837 MOV,7.0,23,0.15604024,0.50865756,0.30434783
4837,MOV,0.1,4837 MOV,1.0,13,0.01371042,0.33313951,0.07692308
4837,MOV,4.2,4837 MOV,1.0,14,0.01272222,0.31468704,0.07142857
4837,MOV,8.3,4837 MOV,1.0,13,0.01371042,0.33313951,0.07692308
4837,MOV,12.5,4837 MOV,2.0,14,0.04009392,0.39941379,0.14285714
4837,MOV,16.6,4837 MOV,0.0,11,0.0,0.25883297,0.0
4837,MOV,20.7,4837 MOV,1.0,12,0.01486509,0.35387991,0.08333333
4837,MOV,24.8,4837 MOV,0.0,10,0.0,0.2775328,0.0
4837,MOV,29.0,4837 MOV,0.0,13,0.0,0.22809537,0.0
4837,MOV,33.0,4837 MOV,2.0,12,0.04696514,0.44803086,0.16666667
4837,MOV,37.2,4837 MOV,1.0,11,0.01623217,0.37735844,0.09090909
4837,MOV,41.3,4837 MOV,1.0,12,0.01486509,0.35387991,0.08333333
4837,MOV,45.4,4837 MOV,1.0,12,0.01486509,0.35387991,0.08333333
4838,AUC,0.0,4838 AUC,3.0,22,0.04749004,0.33334987,0.13636364
4838,AUC,2.5,4838 AUC,4.0,13,0.12680704,0.57630657,0.30769231
4838,AUC,3.5,4838 AUC,3.0,12,0.08894167,0.53230533,0.25
4838,AUC,4.89,4838 AUC,5.0,14,0.16344732,0.61235577,0.35714286
4838,AUC,6.84,4838 AUC,4.0,13,0.12680704,0.57630657,0.30769231
4838,AUC,9.56,4838 AUC,3.0,13,0.08179529,0.50256376,0.23076923
4838,AUC,13.4,4838 AUC,3.0,11,0.09746059,0.5656453,0.27272727
4838,AUC,18.7,4838 AUC,4.0,14,0.11721379,0.54649084,0.28571429
4838,AUC,26.1,4838 AUC,5.0,12,0.19326031,0.68048869,0.41666667
4838,AUC,36.6,4838 AUC,4.0,12,0.13812009,0.60937791,0.33333333
4838,AUC,51.1,4838 AUC,7.0,13,0.29143796,0.76793932,0.53846154
4838,AUC,71.5,4838 AUC,2.0,11,0.05136769,0.47698056,0.18181818
4838,AUC,100.0,4838 AUC,5.0,11,0.21271272,0.71990846,0.45454545
4838,MOV,0.0,4838 MOV,3.0,22,0.04749004,0.33334987,0.13636364
4838,MOV,2.5,4838 MOV,5.0,13,0.17709708,0.64477108,0.38461538
4838,MOV,3.5,4838 MOV,6.0,12,0.2537816,0.7462184,0.5
4838,MOV,4.89,4838 MOV,3.0,14,0.07571387,0.47589231,0.21428571
4838,MOV,6.84,4838 MOV,3.0,13,0.08179529,0.50256376,0.23076923
4838,MOV,9.56,4838 MOV,2.0,13,0.04325818,0.42234631,0.15384615
4838,MOV,13.4,4838 MOV,7.0,11,0.35380117,0.84833529,0.63636364
4838,MOV,18.7,4838 MOV,4.0,14,0.11721379,0.54649084,0.28571429
4838,MOV,26.1,4838 MOV,2.0,12,0.04696514,0.44803086,0.16666667
4838,MOV,36.6,4838 MOV,5.0,12,0.19326031,0.68048869,0.41666667
4838,MOV,51.1,4838 MOV,8.0,13,0.35522892,0.82290292,0.61538462
4838,MOV,71.5,4838 MOV,4.0,11,0.15166471,0.64619883,0.36363636
4838,MOV,100.0,4838 MOV,4.0,11,0.15166471,0.64619883,0.36363636
4839,AUC,0.0,4839 AUC,3.0,21,0.04981012,0.3463606,0.14285714
4839,AUC,1.0,4839 AUC,0.0,14,0.0,0.2153108,0.0
4839,AUC,1.5,4839 AUC,2.0,11,0.05136769,0.47698056,0.18181818
4839,AUC,2.0,4839 AUC,2.0,12,0.04696514,0.44803086,0.16666667
4839,AUC,2.5,4839 AUC,4.0,12,0.13812009,0.60937791,0.33333333
4839,AUC,5.0,4839 AUC,3.0,13,0.08179529,0.50256376,0.23076923
4839,AUC,7.5,4839 AUC,2.0,13,0.04325818,0.42234631,0.15384615
4839,AUC,10.0,4839 AUC,3.0,12,0.08894167,0.53230533,0.25
4839,AUC,15.0,4839 AUC,4.0,14,0.11721379,0.54649084,0.28571429
4839,AUC,20.0,4839 AUC,5.0,12,0.19326031,0.68048869,0.41666667
4839,AUC,25.0,4839 AUC,4.0,13,0.12680704,0.57630657,0.30769231
4839,AUC,35.0,4839 AUC,2.0,12,0.04696514,0.44803086,0.16666667
4839,AUC,40.0,4839 AUC,3.0,10,0.10779127,0.60322185,0.3
4839,MOV,0.0,4839 MOV,6.0,21,0.13813863,0.49956381,0.28571429
4839,MOV,1.0,4839 MOV,1.0,14,0.01272222,0.31468704,0.07142857
4839,MOV,1.5,4839 MOV,1.0,11,0.01623217,0.37735844,0.09090909
4839,MOV,2.0,4839 MOV,2.0,12,0.04696514,0.44803086,0.16666667
4839,MOV,2.5,4839 MOV,2.0,12,0.04696514,0.44803086,0.16666667
4839,MOV,5.0,4839 MOV,2.0,13,0.04325818,0.42234631,0.15384615
4839,MOV,7.5,4839 MOV,4.0,13,0.12680704,0.57630657,0.30769231
4839,MOV,10.0,4839 MOV,3.0,12,0.08894167,0.53230533,0.25
4839,MOV,15.0,4839 MOV,6.0,14,0.21380799,0.67409355,0.42857143
4839,MOV,20.0,4839 MOV,3.0,12,0.08894167,0.53230533,0.25
4839,MOV,25.0,4839 MOV,3.0,13,0.08179529,0.50256376,0.23076923
4839,MOV,35.0,4839 MOV,1.0,12,0.01486509,0.35387991,0.08333333
4839,MOV,40.0,4839 MOV,1.0,10,0.01787621,0.40415003,0.1
4840,AUC,0.0,4840 AUC,5.0,24,0.09244825,0.40470453,0.20833333
4840,AUC,2.5,4840 AUC,3.0,13,0.08179529,0.50256376,0.23076923
4840,AUC,5.0,4840 AUC,0.0,11,0.0,0.25883297,0.0
4840,AUC,7.5,4840 AUC,0.0,11,0.0,0.25883297,0.0
4840,AUC,10.0,4840 AUC,1.0,14,0.01272222,0.31468704,0.07142857
4840,AUC,15.0,4840 AUC,4.0,13,0.12680704,0.57630657,0.30769231
4840,AUC,20.0,4840 AUC,3.0,14,0.07571387,0.47589231,0.21428571
4840,AUC,30.0,4840 AUC,1.0,14,0.01272222,0.31468704,0.07142857
4840,AUC,40.0,4840 AUC,4.0,13,0.12680704,0.57630657,0.30769231
4840,AUC,50.0,4840 AUC,4.0,12,0.13812009,0.60937791,0.33333333
4840,AUC,60.0,4840 AUC,3.0,13,0.08179529,0.50256376,0.23076923
4840,AUC,80.0,4840 AUC,3.0,12,0.08894167,0.53230533,0.25
4840,AUC,100.0,4840 AUC,2.0,9,0.06322511,0.54741103,0.22222222
4840,MOV,0.0,4840 MOV,2.0,24,0.02315882,0.25848802,0.08333333
4840,MOV,2.5,4840 MOV,3.0,13,0.08179529,0.50256376,0.23076923
4840,MOV,5.0,4840 MOV,2.0,11,0.05136769,0.47698056,0.18181818
4840,MOV,7.5,4840 MOV,3.0,11,0.09746059,0.5656453,0.27272727
4840,MOV,10.0,4840 MOV,3.0,14,0.07571387,0.47589231,0.21428571
4840,MOV,15.0,4840 MOV,4.0,13,0.12680704,0.57630657,0.30769231
4840,MOV,20.0,4840 MOV,3.0,14,0.07571387,0.47589231,0.21428571
4840,MOV,30.0,4840 MOV,4.0,14,0.11721379,0.54649084,0.28571429
4840,MOV,40.0,4840 MOV,4.0,13,0.12680704,0.57630657,0.30769231
4840,MOV,50.0,4840 MOV,3.0,12,0.08894167,0.53230533,0.25
4840,MOV,60.0,4840 MOV,3.0,13,0.08179529,0.50256376,0.23076923
4840,MOV,80.0,4840 MOV,5.0,12,0.19326031,0.68048869,0.41666667
4840,MOV,100.0,4840 MOV,6.0,9,0.35420214,0.87941618,0.66666667
488,AUC,0.0,488 AUC,2.0,13,0.04325818,0.42234631,0.15384615
488,AUC,100.0,488 AUC,2.0,16,0.03497749,0.36022827,0.125
488,MOV,0.0,488 MOV,1.0,13,0.01371042,0.33313951,0.07692308
488,MOV,100.0,488 MOV,4.0,16,0.10182067,0.49498317,0.25
4894,AUC,0.0,4894 AUC,4.0,23,0.06978654,0.37137648,0.17391304
4894,AUC,2.5,4894 AUC,2.0,14,0.04009392,0.39941379,0.14285714
4894,AUC,3.5,4894 AUC,5.0,14,0.16344732,0.61235577,0.35714286
4894,AUC,4.89,4894 AUC,3.0,10,0.10779127,0.60322185,0.3
4894,AUC,6.84,4894 AUC,3.0,11,0.09746059,0.5656453,0.27272727
4894,AUC,9.56,4894 AUC,2.0,14,0.04009392,0.39941379,0.14285714
4894,AUC,13.4,4894 AUC,2.0,13,0.04325818,0.42234631,0.15384615
4894,AUC,18.7,4894 AUC,4.0,12,0.13812009,0.60937791,0.33333333
4894,AUC,26.1,4894 AUC,5.0,11,0.21271272,0.71990846,0.45454545
4894,AUC,36.6,4894 AUC,4.0,14,0.11721379,0.54649084,0.28571429
4894,AUC,51.1,4894 AUC,3.0,11,0.09746059,0.5656453,0.27272727
4894,AUC,71.5,4894 AUC,3.0,14,0.07571387,0.47589231,0.21428571
4894,AUC,100.0,4894 AUC,6.0,11,0.28009154,0.78728728,0.54545455
4894,MOV,0.0,4894 MOV,2.0,23,0.02418,0.26795981,0.08695652
4894,MOV,2.5,4894 MOV,2.0,14,0.04009392,0.39941379,0.14285714
4894,MOV,3.5,4894 MOV,6.0,14,0.21380799,0.67409355,0.42857143
4894,MOV,4.89,4894 MOV,5.0,10,0.23659309,0.76340691,0.5
4894,MOV,6.84,4894 MOV,1.0,11,0.01623217,0.37735844,0.09090909
4894,MOV,9.56,4894 MOV,5.0,14,0.16344732,0.61235577,0.35714286
4894,MOV,13.4,4894 MOV,3.0,13,0.08179529,0.50256376,0.23076923
4894,MOV,18.7,4894 MOV,6.0,12,0.2537816,0.7462184,0.5
4894,MOV,26.1,4894 MOV,3.0,11,0.09746059,0.5656453,0.27272727
4894,MOV,36.6,4894 MOV,3.0,14,0.07571387,0.47589231,0.21428571
4894,MOV,51.1,4894 MOV,5.0,11,0.21271272,0.71990846,0.45454545
4894,MOV,71.5,4894 MOV,4.0,14,0.11721379,0.54649084,0.28571429
4894,MOV,100.0,4894 MOV,3.0,11,0.09746059,0.5656453,0.27272727
4895,AUC,0.0,4895 AUC,1.0,19,0.00935199,0.24638731,0.05263158
4895,AUC,2.5,4895 AUC,5.0,12,0.19326031,0.68048869,0.41666667
4895,AUC,3.5,4895 AUC,1.0,9,0.01989089,0.43499971,0.11111111
4895,AUC,4.89,4895 AUC,4.0,12,0.13812009,0.60937791,0.33333333
4895,AUC,6.84,4895 AUC,4.0,9,0.18877852,0.73334871,0.44444444
4895,AUC,9.56,4895 AUC,0.0,10,0.0,0.2775328,0.0
4895,AUC,13.4,4895 AUC,2.0,10,0.05668215,0.50983753,0.2
4895,AUC,18.7,4895 AUC,2.0,11,0.05136769,0.47698056,0.18181818
4895,AUC,26.1,4895 AUC,2.0,10,0.05668215,0.50983753,0.2
4895,AUC,36.6,4895 AUC,3.0,10,0.10779127,0.60322185,0.3
4895,AUC,51.1,4895 AUC,0.0,8,0.0,0.32440756,0.0
4895,AUC,71.5,4895 AUC,2.0,10,0.05668215,0.50983753,0.2
4895,AUC,100.0,4895 AUC,3.0,10,0.10779127,0.60322185,0.3
4895,MOV,0.0,4895 MOV,3.0,19,0.05520472,0.37565475,0.15789474
4895,MOV,2.5,4895 MOV,3.0,12,0.08894167,0.53230533,0.25
4895,MOV,3.5,4895 MOV,3.0,9,0.12058382,0.64579786,0.33333333
4895,MOV,4.89,4895 MOV,1.0,12,0.01486509,0.35387991,0.08333333
4895,MOV,6.84,4895 MOV,1.0,9,0.01989089,0.43499971,0.11111111
4895,MOV,9.56,4895 MOV,2.0,10,0.05668215,0.50983753,0.2
4895,MOV,13.4,4895 MOV,1.0,10,0.01787621,0.40415003,0.1
4895,MOV,18.7,4895 MOV,4.0,11,0.15166471,0.64619883,0.36363636
4895,MOV,26.1,4895 MOV,1.0,10,0.01787621,0.40415003,0.1
4895,MOV,36.6,4895 MOV,1.0,10,0.01787621,0.40415003,0.1
4895,MOV,51.1,4895 MOV,2.0,8,0.07147921,0.59072457,0.25
4895,MOV,71.5,4895 MOV,1.0,10,0.01787621,0.40415003,0.1
4895,MOV,100.0,4895 MOV,2.0,10,0.05668215,0.50983753,0.2
4896,AUC,0.0,4896 AUC,3.0,19,0.05520472,0.37565475,0.15789474
4896,AUC,2.5,4896 AUC,1.0,10,0.01787621,0.40415003,0.1
4896,AUC,3.5,4896 AUC,0.0,5,0.0,0.43448246,0.0
4896,AUC,4.89,4896 AUC,2.0,6,0.09677141,0.70000668,0.33333333
4896,AUC,6.84,4896 AUC,2.0,6,0.09677141,0.70000668,0.33333333
4896,AUC,9.56,4896 AUC,2.0,7,0.08221892,0.64106555,0.28571429
4896,AUC,13.4,4896 AUC,3.0,6,0.18761631,0.81238369,0.5
4896,AUC,18.7,4896 AUC,3.0,8,0.13684429,0.69425761,0.375
4896,AUC,26.1,4896 AUC,3.0,9,0.12058382,0.64579786,0.33333333
4896,AUC,36.6,4896 AUC,4.0,5,0.37553463,0.96377589,0.8
4896,AUC,51.1,4896 AUC,4.0,10,0.16818033,0.68732623,0.4
4896,AUC,71.5,4896 AUC,0.0,3,0.0,0.56149703,0.0
4896,AUC,100.0,4896 AUC,2.0,6,0.09677141,0.70000668,0.33333333
4896,MOV,0.0,4896 MOV,0.0,19,0.0,0.16817922,0.0
4896,MOV,2.5,4896 MOV,2.0,10,0.05668215,0.50983753,0.2
4896,MOV,3.5,4896 MOV,0.0,5,0.0,0.43448246,0.0
4896,MOV,4.89,4896 MOV,2.0,6,0.09677141,0.70000668,0.33333333
4896,MOV,6.84,4896 MOV,0.0,6,0.0,0.39033429,0.0
4896,MOV,9.56,4896 MOV,1.0,7,0.02567962,0.51312783,0.14285714
4896,MOV,13.4,4896 MOV,0.0,6,0.0,0.39033429,0.0
4896,MOV,18.7,4896 MOV,2.0,8,0.07147921,0.59072457,0.25
4896,MOV,26.1,4896 MOV,3.0,9,0.12058382,0.64579786,0.33333333
4896,MOV,36.6,4896 MOV,1.0,5,0.03622411,0.62446537,0.2
4896,MOV,51.1,4896 MOV,5.0,10,0.23659309,0.76340691,0.5
4896,MOV,71.5,4896 MOV,1.0,3,0.06149194,0.7923404,0.33333333
4896,MOV,100.0,4896 MOV,0.0,6,0.0,0.39033429,0.0
4897,AUC,0.0,4897 AUC,6.0,20,0.14547724,0.51897282,0.3
4897,AUC,2.5,4897 AUC,2.0,13,0.04325818,0.42234631,0.15384615
4897,AUC,3.5,4897 AUC,1.0,9,0.01989089,0.43499971,0.11111111
4897,AUC,4.89,4897 AUC,1.0,9,0.01989089,0.43499971,0.11111111
4897,AUC,6.84,4897 AUC,3.0,10,0.10779127,0.60322185,0.3
4897,AUC,9.56,4897 AUC,2.0,6,0.09677141,0.70000668,0.33333333
4897,AUC,13.4,4897 AUC,2.0,9,0.06322511,0.54741103,0.22222222
4897,AUC,18.7,4897 AUC,0.0,4,0.0,0.48989084,0.0
4897,AUC,26.1,4897 AUC,3.0,6,0.18761631,0.81238369,0.5
4897,AUC,36.6,4897 AUC,1.0,5,0.03622411,0.62446537,0.2
4897,AUC,51.1,4897 AUC,1.0,4,0.04558726,0.69935816,0.25
4897,AUC,71.5,4897 AUC,3.0,4,0.30064184,0.95441274,0.75
4897,AUC,100.0,4897 AUC,4.0,8,0.21521606,0.78478394,0.5
4897,MOV,0.0,4897 MOV,7.0,20,0.18119182,0.56714572,0.35
4897,MOV,2.5,4897 MOV,2.0,13,0.04325818,0.42234631,0.15384615
4897,MOV,3.5,4897 MOV,0.0,9,0.0,0.29914505,0.0
4897,MOV,4.89,4897 MOV,2.0,9,0.06322511,0.54741103,0.22222222
4897,MOV,6.84,4897 MOV,2.0,10,0.05668215,0.50983753,0.2
4897,MOV,9.56,4897 MOV,4.0,6,0.29999332,0.90322859,0.66666667
4897,MOV,13.4,4897 MOV,3.0,9,0.12058382,0.64579786,0.33333333
4897,MOV,18.7,4897 MOV,0.0,4,0.0,0.48989084,0.0
4897,MOV,26.1,4897 MOV,2.0,6,0.09677141,0.70000668,0.33333333
4897,MOV,36.6,4897 MOV,0.0,5,0.0,0.43448246,0.0
4897,MOV,51.1,4897 MOV,0.0,4,0.0,0.48989084,0.0
4897,MOV,71.5,4897 MOV,3.0,4,0.30064184,0.95441274,0.75
4897,MOV,100.0,4897 MOV,1.0,8,0.02241749,0.47088818,0.125
4898,AUC,0.0,4898 AUC,4.0,20,0.08065766,0.41601743,0.2
4898,AUC,2.5,4898 AUC,4.0,11,0.15166471,0.64619883,0.36363636
4898,AUC,3.5,4898 AUC,3.0,12,0.08894167,0.53230533,0.25
4898,AUC,4.89,4898 AUC,4.0,11,0.15166471,0.64619883,0.36363636
4898,AUC,6.84,4898 AUC,1.0,12,0.01486509,0.35387991,0.08333333
4898,AUC,9.56,4898 AUC,1.0,9,0.01989089,0.43499971,0.11111111
4898,AUC,13.4,4898 AUC,3.0,10,0.10779127,0.60322185,0.3
4898,AUC,18.7,4898 AUC,3.0,9,0.12058382,0.64579786,0.33333333
4898,AUC,26.1,4898 AUC,4.0,9,0.18877852,0.73334871,0.44444444
4898,AUC,36.6,4898 AUC,6.0,13,0.23206068,0.70856204,0.46153846
4898,AUC,51.1,4898 AUC,5.0,11,0.21271272,0.71990846,0.45454545
4898,AUC,71.5,4898 AUC,3.0,11,0.09746059,0.5656453,0.27272727
4898,AUC,100.0,4898 AUC,3.0,10,0.10779127,0.60322185,0.3
4898,MOV,0.0,4898 MOV,4.0,20,0.08065766,0.41601743,0.2
4898,MOV,2.5,4898 MOV,2.0,11,0.05136769,0.47698056,0.18181818
4898,MOV,3.5,4898 MOV,6.0,12,0.2537816,0.7462184,0.5
4898,MOV,4.89,4898 MOV,3.0,11,0.09746059,0.5656453,0.27272727
4898,MOV,6.84,4898 MOV,0.0,12,0.0,0.24249401,0.0
4898,MOV,9.56,4898 MOV,4.0,9,0.18877852,0.73334871,0.44444444
4898,MOV,13.4,4898 MOV,7.0,10,0.39677815,0.89220873,0.7
4898,MOV,18.7,4898 MOV,1.0,9,0.01989089,0.43499971,0.11111111
4898,MOV,26.1,4898 MOV,2.0,9,0.06322511,0.54741103,0.22222222
4898,MOV,36.6,4898 MOV,3.0,13,0.08179529,0.50256376,0.23076923
4898,MOV,51.1,4898 MOV,5.0,11,0.21271272,0.71990846,0.45454545
4898,MOV,71.5,4898 MOV,3.0,11,0.09746059,0.5656453,0.27272727
4898,MOV,100.0,4898 MOV,3.0,10,0.10779127,0.60322185,0.3
4899,AUC,0.0,4899 AUC,3.0,22,0.04749004,0.33334987,0.13636364
4899,AUC,2.5,4899 AUC,3.0,10,0.10779127,0.60322185,0.3
4899,AUC,3.5,4899 AUC,0.0,10,0.0,0.2775328,0.0
4899,AUC,4.89,4899 AUC,2.0,11,0.05136769,0.47698056,0.18181818
4899,AUC,6.84,4899 AUC,2.0,10,0.05668215,0.50983753,0.2
4899,AUC,9.56,4899 AUC,0.0,9,0.0,0.29914505,0.0
4899,AUC,13.4,4899 AUC,3.0,11,0.09746059,0.5656453,0.27272727
4899,AUC,18.7,4899 AUC,5.0,8,0.30574239,0.86315571,0.625
4899,AUC,26.1,4899 AUC,3.0,11,0.09746059,0.5656453,0.27272727
4899,AUC,36.6,4899 AUC,0.0,10,0.0,0.2775328,0.0
4899,AUC,51.1,4899 AUC,5.0,11,0.21271272,0.71990846,0.45454545
4899,AUC,71.5,4899 AUC,1.0,7,0.02567962,0.51312783,0.14285714
4899,AUC,100.0,4899 AUC,2.0,9,0.06322511,0.54741103,0.22222222
4899,MOV,0.0,4899 MOV,2.0,22,0.02529543,0.27814947,0.09090909
4899,MOV,2.5,4899 MOV,2.0,10,0.05668215,0.50983753,0.2
4899,MOV,3.5,4899 MOV,3.0,10,0.10779127,0.60322185,0.3
4899,MOV,4.89,4899 MOV,3.0,11,0.09746059,0.5656453,0.27272727
4899,MOV,6.84,4899 MOV,0.0,10,0.0,0.2775328,0.0
4899,MOV,9.56,4899 MOV,0.0,9,0.0,0.29914505,0.0
4899,MOV,13.4,4899 MOV,1.0,11,0.01623217,0.37735844,0.09090909
4899,MOV,18.7,4899 MOV,2.0,8,0.07147921,0.59072457,0.25
4899,MOV,26.1,4899 MOV,2.0,11,0.05136769,0.47698056,0.18181818
4899,MOV,36.6,4899 MOV,1.0,10,0.01787621,0.40415003,0.1
4899,MOV,51.1,4899 MOV,3.0,11,0.09746059,0.5656453,0.27272727
4899,MOV,71.5,4899 MOV,2.0,7,0.08221892,0.64106555,0.28571429
4899,MOV,100.0,4899 MOV,0.0,9,0.0,0.29914505,0.0
49,AUC,0.0,49 AUC,11.0,29,0.22688022,0.55997456,0.37931034
49,AUC,1.0,49 AUC,12.0,31,0.23733101,0.56175891,0.38709677
49,AUC,5.0,49 AUC,4.0,25,0.06403451,0.34653622,0.16
49,AUC,11.2,49 AUC,7.0,18,0.20305247,0.61380958,0.38888889
49,MOV,0.0,49 MOV,4.0,29,0.0549744,0.30558994,0.13793103
49,MOV,1.0,49 MOV,3.0,31,0.03346464,0.24899938,0.09677419
49,MOV,5.0,49 MOV,1.0,25,0.00709623,0.19544064,0.04
49,MOV,11.2,49 MOV,1.0,18,0.00987519,0.25757301,0.05555556
4900,AUC,0.0,4900 AUC,6.0,52,0.05396969,0.22971664,0.11538462
4900,AUC,2.5,4900 AUC,3.0,8,0.13684429,0.69425761,0.375
4900,AUC,3.125,4900 AUC,1.0,27,0.00656815,0.18283466,0.03703704
4900,AUC,3.5,4900 AUC,3.0,13,0.08179529,0.50256376,0.23076923
4900,AUC,4.89,4900 AUC,2.0,8,0.07147921,0.59072457,0.25
4900,AUC,6.25,4900 AUC,7.0,30,0.11792388,0.40928326,0.23333333
4900,AUC,6.84,4900 AUC,1.0,9,0.01989089,0.43499971,0.11111111
4900,AUC,9.56,4900 AUC,0.0,11,0.0,0.25883297,0.0
4900,AUC,12.5,4900 AUC,5.0,26,0.08507061,0.37876257,0.19230769
4900,AUC,13.4,4900 AUC,6.0,14,0.21380799,0.67409355,0.42857143
4900,AUC,18.7,4900 AUC,3.0,13,0.08179529,0.50256376,0.23076923
4900,AUC,25.0,4900 AUC,8.0,15,0.3011698,0.75190465,0.53333333
4900,AUC,26.1,4900 AUC,3.0,13,0.08179529,0.50256376,0.23076923
4900,AUC,36.6,4900 AUC,2.0,14,0.04009392,0.39941379,0.14285714
4900,AUC,50.0,4900 AUC,0.0,3,0.0,0.56149703,0.0
4900,AUC,51.1,4900 AUC,3.0,10,0.10779127,0.60322185,0.3
4900,AUC,71.5,4900 AUC,3.0,11,0.09746059,0.5656453,0.27272727
4900,AUC,100.0,4900 AUC,0.0,11,0.0,0.25883297,0.0
4900,MOV,0.0,4900 MOV,3.0,52,0.01981417,0.15642511,0.05769231
4900,MOV,2.5,4900 MOV,2.0,8,0.07147921,0.59072457,0.25
4900,MOV,3.125,4900 MOV,4.0,27,0.05915928,0.32478685,0.14814815
4900,MOV,3.5,4900 MOV,3.0,13,0.08179529,0.50256376,0.23076923
4900,MOV,4.89,4900 MOV,1.0,8,0.02241749,0.47088818,0.125
4900,MOV,6.25,4900 MOV,3.0,30,0.03459989,0.25621083,0.1
4900,MOV,6.84,4900 MOV,1.0,9,0.01989089,0.43499971,0.11111111
4900,MOV,9.56,4900 MOV,2.0,11,0.05136769,0.47698056,0.18181818
4900,MOV,12.5,4900 MOV,3.0,26,0.04003245,0.28975903,0.11538462
4900,MOV,13.4,4900 MOV,3.0,14,0.07571387,0.47589231,0.21428571
4900,MOV,18.7,4900 MOV,2.0,13,0.04325818,0.42234631,0.15384615
4900,MOV,25.0,4900 MOV,2.0,15,0.03736126,0.37881983,0.13333333
4900,MOV,26.1,4900 MOV,2.0,13,0.04325818,0.42234631,0.15384615
4900,MOV,36.6,4900 MOV,1.0,14,0.01272222,0.31468704,0.07142857
4900,MOV,50.0,4900 MOV,0.0,3,0.0,0.56149703,0.0
4900,MOV,51.1,4900 MOV,1.0,10,0.01787621,0.40415003,0.1
4900,MOV,71.5,4900 MOV,4.0,11,0.15166471,0.64619883,0.36363636
4900,MOV,100.0,4900 MOV,0.0,11,0.0,0.25883297,0.0
4901,AUC,0.0,4901 AUC,1.0,21,0.00845599,0.2266936,0.04761905
4901,AUC,1.0,4901 AUC,2.0,11,0.05136769,0.47698056,0.18181818
4901,AUC,1.36,4901 AUC,2.0,12,0.04696514,0.44803086,0.16666667
4901,AUC,1.86,4901 AUC,1.0,9,0.01989089,0.43499971,0.11111111
4901,AUC,2.53,4901 AUC,1.0,9,0.01989089,0.43499971,0.11111111
4901,AUC,3.44,4901 AUC,3.0,12,0.08894167,0.53230533,0.25
4901,AUC,4.69,4901 AUC,2.0,10,0.05668215,0.50983753,0.2
4901,AUC,6.39,4901 AUC,3.0,13,0.08179529,0.50256376,0.23076923
4901,AUC,8.71,4901 AUC,2.0,14,0.04009392,0.39941379,0.14285714
4901,AUC,11.9,4901 AUC,3.0,12,0.08894167,0.53230533,0.25
4901,AUC,16.2,4901 AUC,4.0,14,0.11721379,0.54649084,0.28571429
4901,AUC,22.0,4901 AUC,1.0,13,0.01371042,0.33313951,0.07692308
4901,AUC,30.0,4901 AUC,4.0,13,0.12680704,0.57630657,0.30769231
4901,MOV,0.0,4901 MOV,0.0,21,0.0,0.15463902,0.0
4901,MOV,1.0,4901 MOV,1.0,11,0.01623217,0.37735844,0.09090909
4901,MOV,1.36,4901 MOV,0.0,12,0.0,0.24249401,0.0
4901,MOV,1.86,4901 MOV,2.0,9,0.06322511,0.54741103,0.22222222
4901,MOV,2.53,4901 MOV,0.0,9,0.0,0.29914505,0.0
4901,MOV,3.44,4901 MOV,2.0,12,0.04696514,0.44803086,0.16666667
4901,MOV,4.69,4901 MOV,0.0,10,0.0,0.2775328,0.0
4901,MOV,6.39,4901 MOV,2.0,13,0.04325818,0.42234631,0.15384615
4901,MOV,8.71,4901 MOV,3.0,14,0.07571387,0.47589231,0.21428571
4901,MOV,11.9,4901 MOV,4.0,12,0.13812009,0.60937791,0.33333333
4901,MOV,16.2,4901 MOV,2.0,14,0.04009392,0.39941379,0.14285714
4901,MOV,22.0,4901 MOV,3.0,13,0.08179529,0.50256376,0.23076923
4901,MOV,30.0,4901 MOV,5.0,13,0.17709708,0.64477108,0.38461538
4902,AUC,0.0,4902 AUC,3.0,20,0.05236875,0.36041886,0.15
4902,AUC,2.5,4902 AUC,3.0,13,0.08179529,0.50256376,0.23076923
4902,AUC,3.5,4902 AUC,3.0,13,0.08179529,0.50256376,0.23076923
4902,AUC,4.89,4902 AUC,6.0,12,0.2537816,0.7462184,0.5
4902,AUC,6.84,4902 AUC,2.0,12,0.04696514,0.44803086,0.16666667
4902,AUC,9.56,4902 AUC,3.0,11,0.09746059,0.5656453,0.27272727
4902,AUC,13.4,4902 AUC,4.0,11,0.15166471,0.64619883,0.36363636
4902,AUC,18.7,4902 AUC,2.0,9,0.06322511,0.54741103,0.22222222
4902,AUC,26.1,4902 AUC,2.0,9,0.06322511,0.54741103,0.22222222
4902,AUC,36.6,4902 AUC,4.0,10,0.16818033,0.68732623,0.4
4902,AUC,51.1,4902 AUC,3.0,9,0.12058382,0.64579786,0.33333333
4902,AUC,71.5,4902 AUC,0.0,8,0.0,0.32440756,0.0
4902,AUC,100.0,4902 AUC,3.0,9,0.12058382,0.64579786,0.33333333
4902,MOV,0.0,4902 MOV,3.0,20,0.05236875,0.36041886,0.15
4902,MOV,2.5,4902 MOV,3.0,13,0.08179529,0.50256376,0.23076923
4902,MOV,3.5,4902 MOV,2.0,13,0.04325818,0.42234631,0.15384615
4902,MOV,4.89,4902 MOV,3.0,12,0.08894167,0.53230533,0.25
4902,MOV,6.84,4902 MOV,1.0,12,0.01486509,0.35387991,0.08333333
4902,MOV,9.56,4902 MOV,3.0,11,0.09746059,0.5656453,0.27272727
4902,MOV,13.4,4902 MOV,3.0,11,0.09746059,0.5656453,0.27272727
4902,MOV,18.7,4902 MOV,3.0,9,0.12058382,0.64579786,0.33333333
4902,MOV,26.1,4902 MOV,2.0,9,0.06322511,0.54741103,0.22222222
4902,MOV,36.6,4902 MOV,1.0,10,0.01787621,0.40415003,0.1
4902,MOV,51.1,4902 MOV,1.0,9,0.01989089,0.43499971,0.11111111
4902,MOV,71.5,4902 MOV,3.0,8,0.13684429,0.69425761,0.375
4902,MOV,100.0,4902 MOV,2.0,9,0.06322511,0.54741103,0.22222222
4904,AUC,0.0,4904 AUC,5.0,21,0.10628013,0.45091174,0.23809524
4904,AUC,0.5,4904 AUC,6.0,12,0.2537816,0.7462184,0.5
4904,AUC,0.66,4904 AUC,6.0,13,0.23206068,0.70856204,0.46153846
4904,AUC,0.86,4904 AUC,4.0,13,0.12680704,0.57630657,0.30769231
4904,AUC,1.13,4904 AUC,5.0,12,0.19326031,0.68048869,0.41666667
4904,AUC,1.49,4904 AUC,5.0,13,0.17709708,0.64477108,0.38461538
4904,AUC,1.95,4904 AUC,4.0,10,0.16818033,0.68732623,0.4
4904,AUC,2.56,4904 AUC,4.0,11,0.15166471,0.64619883,0.36363636
4904,AUC,3.36,4904 AUC,3.0,12,0.08894167,0.53230533,0.25
4904,AUC,4.42,4904 AUC,3.0,11,0.09746059,0.5656453,0.27272727
4904,AUC,5.8,4904 AUC,4.0,7,0.25045836,0.84178014,0.57142857
4904,AUC,7.62,4904 AUC,3.0,12,0.08894167,0.53230533,0.25
4904,AUC,10.0,4904 AUC,9.0,13,0.42369343,0.87319296,0.69230769
4904,MOV,0.0,4904 MOV,1.0,21,0.00845599,0.2266936,0.04761905
4904,MOV,0.5,4904 MOV,5.0,12,0.19326031,0.68048869,0.41666667
4904,MOV,0.66,4904 MOV,5.0,13,0.17709708,0.64477108,0.38461538
4904,MOV,0.86,4904 MOV,2.0,13,0.04325818,0.42234631,0.15384615
4904,MOV,1.13,4904 MOV,2.0,12,0.04696514,0.44803086,0.16666667
4904,MOV,1.49,4904 MOV,4.0,13,0.12680704,0.57630657,0.30769231
4904,MOV,1.95,4904 MOV,3.0,10,0.10779127,0.60322185,0.3
4904,MOV,2.56,4904 MOV,2.0,11,0.05136769,0.47698056,0.18181818
4904,MOV,3.36,4904 MOV,5.0,12,0.19326031,0.68048869,0.41666667
4904,MOV,4.42,4904 MOV,0.0,11,0.0,0.25883297,0.0
4904,MOV,5.8,4904 MOV,3.0,7,0.15821986,0.74954164,0.42857143
4904,MOV,7.62,4904 MOV,5.0,12,0.19326031,0.68048869,0.41666667
4904,MOV,10.0,4904 MOV,8.0,13,0.35522892,0.82290292,0.61538462
4905,AUC,0.0,4905 AUC,11.0,23,0.29237157,0.67037263,0.47826087
4905,AUC,1.0,4905 AUC,7.0,14,0.26799202,0.73200798,0.5
4905,AUC,1.32,4905 AUC,5.0,13,0.17709708,0.64477108,0.38461538
4905,AUC,1.75,4905 AUC,1.0,13,0.01371042,0.33313951,0.07692308
4905,AUC,2.32,4905 AUC,7.0,13,0.29143796,0.76793932,0.53846154
4905,AUC,3.08,4905 AUC,4.0,14,0.11721379,0.54649084,0.28571429
4905,AUC,4.08,4905 AUC,8.0,13,0.35522892,0.82290292,0.61538462
4905,AUC,5.4,4905 AUC,8.0,13,0.35522892,0.82290292,0.61538462
4905,AUC,7.15,4905 AUC,8.0,13,0.35522892,0.82290292,0.61538462
4905,AUC,9.97,4905 AUC,8.0,12,0.39062209,0.86187991,0.66666667
4905,AUC,12.5,4905 AUC,7.0,14,0.26799202,0.73200798,0.5
4905,AUC,16.6,4905 AUC,7.0,14,0.26799202,0.73200798,0.5
4905,AUC,22.0,4905 AUC,9.0,14,0.38764423,0.83655268,0.64285714
4905,MOV,0.0,4905 MOV,6.0,23,0.12548616,0.46470005,0.26086957
4905,MOV,1.0,4905 MOV,7.0,14,0.26799202,0.73200798,0.5
4905,MOV,1.32,4905 MOV,3.0,13,0.08179529,0.50256376,0.23076923
4905,MOV,1.75,4905 MOV,4.0,13,0.12680704,0.57630657,0.30769231
4905,MOV,2.32,4905 MOV,5.0,13,0.17709708,0.64477108,0.38461538
4905,MOV,3.08,4905 MOV,5.0,14,0.16344732,0.61235577,0.35714286
4905,MOV,4.08,4905 MOV,5.0,13,0.17709708,0.64477108,0.38461538
4905,MOV,5.4,4905 MOV,5.0,13,0.17709708,0.64477108,0.38461538
4905,MOV,7.15,4905 MOV,4.0,13,0.12680704,0.57630657,0.30769231
4905,MOV,9.97,4905 MOV,4.0,12,0.13812009,0.60937791,0.33333333
4905,MOV,12.5,4905 MOV,2.0,14,0.04009392,0.39941379,0.14285714
4905,MOV,16.6,4905 MOV,4.0,14,0.11721379,0.54649084,0.28571429
4905,MOV,22.0,4905 MOV,3.0,14,0.07571387,0.47589231,0.21428571
4906,AUC,0.0,4906 AUC,2.0,20,0.02786648,0.30103365,0.1
4906,AUC,2.5,4906 AUC,2.0,14,0.04009392,0.39941379,0.14285714
4906,AUC,3.5,4906 AUC,3.0,12,0.08894167,0.53230533,0.25
4906,AUC,4.89,4906 AUC,4.0,13,0.12680704,0.57630657,0.30769231
4906,AUC,6.84,4906 AUC,1.0,13,0.01371042,0.33313951,0.07692308
4906,AUC,9.56,4906 AUC,1.0,9,0.01989089,0.43499971,0.11111111
4906,AUC,13.4,4906 AUC,1.0,10,0.01787621,0.40415003,0.1
4906,AUC,18.7,4906 AUC,4.0,10,0.16818033,0.68732623,0.4
4906,AUC,26.1,4906 AUC,2.0,3,0.2076596,0.93850806,0.66666667
4906,AUC,36.6,4906 AUC,0.0,1,0.0,0.79345069,0.0
4906,MOV,0.0,4906 MOV,4.0,20,0.08065766,0.41601743,0.2
4906,MOV,2.5,4906 MOV,2.0,14,0.04009392,0.39941379,0.14285714
4906,MOV,3.5,4906 MOV,1.0,12,0.01486509,0.35387991,0.08333333
4906,MOV,4.89,4906 MOV,2.0,13,0.04325818,0.42234631,0.15384615
4906,MOV,6.84,4906 MOV,3.0,13,0.08179529,0.50256376,0.23076923
4906,MOV,9.56,4906 MOV,1.0,9,0.01989089,0.43499971,0.11111111
4906,MOV,13.4,4906 MOV,0.0,10,0.0,0.2775328,0.0
4906,MOV,18.7,4906 MOV,3.0,10,0.10779127,0.60322185,0.3
4906,MOV,26.1,4906 MOV,0.0,3,0.0,0.56149703,0.0
4906,MOV,36.6,4906 MOV,0.0,1,0.0,0.79345069,0.0
4907,AUC,0.0,4907 AUC,5.0,49,0.04437955,0.21756362,0.10204082
4907,AUC,2.5,4907 AUC,4.0,8,0.21521606,0.78478394,0.5
4907,AUC,3.125,4907 AUC,1.0,32,0.00553786,0.15744264,0.03125
4907,AUC,3.5,4907 AUC,0.0,12,0.0,0.24249401,0.0
4907,AUC,4.89,4907 AUC,3.0,12,0.08894167,0.53230533,0.25
4907,AUC,6.25,4907 AUC,3.0,32,0.03240155,0.24218155,0.09375
4907,AUC,6.84,4907 AUC,2.0,12,0.04696514,0.44803086,0.16666667
4907,AUC,9.56,4907 AUC,1.0,13,0.01371042,0.33313951,0.07692308
4907,AUC,12.5,4907 AUC,3.0,31,0.03346464,0.24899938,0.09677419
4907,AUC,13.4,4907 AUC,3.0,10,0.10779127,0.60322185,0.3
4907,AUC,18.7,4907 AUC,0.0,10,0.0,0.2775328,0.0
4907,AUC,25.0,4907 AUC,2.0,28,0.01981206,0.22645363,0.07142857
4907,AUC,26.1,4907 AUC,2.0,12,0.04696514,0.44803086,0.16666667
4907,AUC,36.6,4907 AUC,1.0,8,0.02241749,0.47088818,0.125
4907,AUC,50.0,4907 AUC,2.0,27,0.02055465,0.23369593,0.07407407
4907,AUC,51.1,4907 AUC,3.0,10,0.10779127,0.60322185,0.3
4907,AUC,71.5,4907 AUC,3.0,8,0.13684429,0.69425761,0.375
4907,AUC,100.0,4907 AUC,4.0,7,0.25045836,0.84178014,0.57142857
4907,MOV,0.0,4907 MOV,14.0,49,0.17849594,0.42408884,0.28571429
4907,MOV,2.5,4907 MOV,2.0,8,0.07147921,0.59072457,0.25
4907,MOV,3.125,4907 MOV,5.0,32,0.0686442,0.3175415,0.15625
4907,MOV,3.5,4907 MOV,3.0,12,0.08894167,0.53230533,0.25
4907,MOV,4.89,4907 MOV,5.0,12,0.19326031,0.68048869,0.41666667
4907,MOV,6.25,4907 MOV,9.0,32,0.1556458,0.45374509,0.28125
4907,MOV,6.84,4907 MOV,4.0,12,0.13812009,0.60937791,0.33333333
4907,MOV,9.56,4907 MOV,6.0,13,0.23206068,0.70856204,0.46153846
4907,MOV,12.5,4907 MOV,3.0,31,0.03346464,0.24899938,0.09677419
4907,MOV,13.4,4907 MOV,3.0,10,0.10779127,0.60322185,0.3
4907,MOV,18.7,4907 MOV,5.0,10,0.23659309,0.76340691,0.5
4907,MOV,25.0,4907 MOV,5.0,28,0.07878502,0.35591425,0.17857143
4907,MOV,26.1,4907 MOV,2.0,12,0.04696514,0.44803086,0.16666667
4907,MOV,36.6,4907 MOV,3.0,8,0.13684429,0.69425761,0.375
4907,MOV,50.0,4907 MOV,8.0,27,0.1585304,0.48480683,0.2962963
4907,MOV,51.1,4907 MOV,4.0,10,0.16818033,0.68732623,0.4
4907,MOV,71.5,4907 MOV,2.0,8,0.07147921,0.59072457,0.25
4907,MOV,100.0,4907 MOV,3.0,7,0.15821986,0.74954164,0.42857143
4908,AUC,0.0,4908 AUC,3.0,21,0.04981012,0.3463606,0.14285714
4908,AUC,2.5,4908 AUC,1.0,9,0.01989089,0.43499971,0.11111111
4908,AUC,3.5,4908 AUC,3.0,12,0.08894167,0.53230533,0.25
4908,AUC,4.89,4908 AUC,1.0,11,0.01623217,0.37735844,0.09090909
4908,AUC,6.84,4908 AUC,1.0,11,0.01623217,0.37735844,0.09090909
4908,AUC,9.56,4908 AUC,1.0,12,0.01486509,0.35387991,0.08333333
4908,AUC,13.4,4908 AUC,2.0,14,0.04009392,0.39941379,0.14285714
4908,AUC,18.7,4908 AUC,0.0,12,0.0,0.24249401,0.0
4908,AUC,26.1,4908 AUC,1.0,12,0.01486509,0.35387991,0.08333333
4908,AUC,36.6,4908 AUC,2.0,11,0.05136769,0.47698056,0.18181818
4908,AUC,51.1,4908 AUC,3.0,9,0.12058382,0.64579786,0.33333333
4908,AUC,71.5,4908 AUC,2.0,8,0.07147921,0.59072457,0.25
4908,AUC,100.0,4908 AUC,0.0,1,0.0,0.79345069,0.0
4908,MOV,0.0,4908 MOV,4.0,21,0.07667565,0.40000565,0.19047619
4908,MOV,2.5,4908 MOV,4.0,9,0.18877852,0.73334871,0.44444444
4908,MOV,3.5,4908 MOV,3.0,12,0.08894167,0.53230533,0.25
4908,MOV,4.89,4908 MOV,5.0,11,0.21271272,0.71990846,0.45454545
4908,MOV,6.84,4908 MOV,2.0,11,0.05136769,0.47698056,0.18181818
4908,MOV,9.56,4908 MOV,3.0,12,0.08894167,0.53230533,0.25
4908,MOV,13.4,4908 MOV,4.0,14,0.11721379,0.54649084,0.28571429
4908,MOV,18.7,4908 MOV,3.0,12,0.08894167,0.53230533,0.25
4908,MOV,26.1,4908 MOV,5.0,12,0.19326031,0.68048869,0.41666667
4908,MOV,36.6,4908 MOV,1.0,11,0.01623217,0.37735844,0.09090909
4908,MOV,51.1,4908 MOV,5.0,9,0.26665129,0.81122148,0.55555556
4908,MOV,71.5,4908 MOV,2.0,8,0.07147921,0.59072457,0.25
4908,MOV,100.0,4908 MOV,0.0,1,0.0,0.79345069,0.0
4909,AUC,0.0,4909 AUC,7.0,23,0.15604024,0.50865756,0.30434783
4909,AUC,0.1,4909 AUC,3.0,14,0.07571387,0.47589231,0.21428571
4909,AUC,0.28,4909 AUC,5.0,11,0.21271272,0.71990846,0.45454545
4909,AUC,0.46,4909 AUC,1.0,12,0.01486509,0.35387991,0.08333333
4909,AUC,0.65,4909 AUC,3.0,13,0.08179529,0.50256376,0.23076923
4909,AUC,0.83,4909 AUC,1.0,12,0.01486509,0.35387991,0.08333333
4909,AUC,1.01,4909 AUC,5.0,12,0.19326031,0.68048869,0.41666667
4909,AUC,1.19,4909 AUC,3.0,11,0.09746059,0.5656453,0.27272727
4909,AUC,1.37,4909 AUC,0.0,14,0.0,0.2153108,0.0
4909,AUC,1.55,4909 AUC,1.0,12,0.01486509,0.35387991,0.08333333
4909,AUC,1.74,4909 AUC,4.0,12,0.13812009,0.60937791,0.33333333
4909,AUC,1.92,4909 AUC,2.0,9,0.06322511,0.54741103,0.22222222
4909,AUC,2.1,4909 AUC,4.0,9,0.18877852,0.73334871,0.44444444
4909,MOV,0.0,4909 MOV,6.0,23,0.12548616,0.46470005,0.26086957
4909,MOV,0.1,4909 MOV,3.0,14,0.07571387,0.47589231,0.21428571
4909,MOV,0.28,4909 MOV,4.0,11,0.15166471,0.64619883,0.36363636
4909,MOV,0.46,4909 MOV,2.0,12,0.04696514,0.44803086,0.16666667
4909,MOV,0.65,4909 MOV,7.0,13,0.29143796,0.76793932,0.53846154
4909,MOV,0.83,4909 MOV,5.0,12,0.19326031,0.68048869,0.41666667
4909,MOV,1.01,4909 MOV,5.0,12,0.19326031,0.68048869,0.41666667
4909,MOV,1.19,4909 MOV,6.0,11,0.28009154,0.78728728,0.54545455
4909,MOV,1.37,4909 MOV,4.0,14,0.11721379,0.54649084,0.28571429
4909,MOV,1.55,4909 MOV,8.0,12,0.39062209,0.86187991,0.66666667
4909,MOV,1.74,4909 MOV,3.0,12,0.08894167,0.53230533,0.25
4909,MOV,1.92,4909 MOV,3.0,9,0.12058382,0.64579786,0.33333333
4909,MOV,2.1,4909 MOV,6.0,9,0.35420214,0.87941618,0.66666667
4910,AUC,0.0,4910 AUC,3.0,24,0.04344334,0.31003881,0.125
4910,AUC,1.0,4910 AUC,0.0,14,0.0,0.2153108,0.0
4910,AUC,1.31,4910 AUC,1.0,14,0.01272222,0.31468704,0.07142857
4910,AUC,1.73,4910 AUC,0.0,14,0.0,0.2153108,0.0
4910,AUC,2.27,4910 AUC,0.0,13,0.0,0.22809537,0.0
4910,AUC,2.97,4910 AUC,3.0,13,0.08179529,0.50256376,0.23076923
4910,AUC,3.9,4910 AUC,3.0,14,0.07571387,0.47589231,0.21428571
4910,AUC,5.12,4910 AUC,3.0,14,0.07571387,0.47589231,0.21428571
4910,AUC,6.72,4910 AUC,0.0,14,0.0,0.2153108,0.0
4910,AUC,8.83,4910 AUC,2.0,13,0.04325818,0.42234631,0.15384615
4910,AUC,11.6,4910 AUC,2.0,13,0.04325818,0.42234631,0.15384615
4910,AUC,15.2,4910 AUC,2.0,14,0.04009392,0.39941379,0.14285714
4910,AUC,20.0,4910 AUC,4.0,14,0.11721379,0.54649084,0.28571429
4910,MOV,0.0,4910 MOV,3.0,24,0.04344334,0.31003881,0.125
4910,MOV,1.0,4910 MOV,2.0,14,0.04009392,0.39941379,0.14285714
4910,MOV,1.31,4910 MOV,2.0,14,0.04009392,0.39941379,0.14285714
4910,MOV,1.73,4910 MOV,1.0,14,0.01272222,0.31468704,0.07142857
4910,MOV,2.27,4910 MOV,0.0,13,0.0,0.22809537,0.0
4910,MOV,2.97,4910 MOV,2.0,13,0.04325818,0.42234631,0.15384615
4910,MOV,3.9,4910 MOV,0.0,14,0.0,0.2153108,0.0
4910,MOV,5.12,4910 MOV,2.0,14,0.04009392,0.39941379,0.14285714
4910,MOV,6.72,4910 MOV,0.0,14,0.0,0.2153108,0.0
4910,MOV,8.83,4910 MOV,1.0,13,0.01371042,0.33313951,0.07692308
4910,MOV,11.6,4910 MOV,3.0,13,0.08179529,0.50256376,0.23076923
4910,MOV,15.2,4910 MOV,0.0,14,0.0,0.2153108,0.0
4910,MOV,20.0,4910 MOV,4.0,14,0.11721379,0.54649084,0.28571429
4911,AUC,0.0,4911 AUC,5.0,21,0.10628013,0.45091174,0.23809524
4911,AUC,1.0,4911 AUC,3.0,14,0.07571387,0.47589231,0.21428571
4911,AUC,1.43,4911 AUC,1.0,14,0.01272222,0.31468704,0.07142857
4911,AUC,2.05,4911 AUC,1.0,12,0.01486509,0.35387991,0.08333333
4911,AUC,2.92,4911 AUC,1.0,14,0.01272222,0.31468704,0.07142857
4911,AUC,4.16,4911 AUC,1.0,14,0.01272222,0.31468704,0.07142857
4911,AUC,5.95,4911 AUC,2.0,12,0.04696514,0.44803086,0.16666667
4911,AUC,8.5,4911 AUC,3.0,13,0.08179529,0.50256376,0.23076923
4911,AUC,12.2,4911 AUC,5.0,10,0.23659309,0.76340691,0.5
4911,AUC,17.4,4911 AUC,4.0,13,0.12680704,0.57630657,0.30769231
4911,AUC,24.9,4911 AUC,6.0,12,0.2537816,0.7462184,0.5
4911,AUC,35.5,4911 AUC,3.0,10,0.10779127,0.60322185,0.3
4911,AUC,50.8,4911 AUC,1.0,4,0.04558726,0.69935816,0.25
4911,MOV,0.0,4911 MOV,4.0,21,0.07667565,0.40000565,0.19047619
4911,MOV,1.0,4911 MOV,1.0,14,0.01272222,0.31468704,0.07142857
4911,MOV,1.43,4911 MOV,2.0,14,0.04009392,0.39941379,0.14285714
4911,MOV,2.05,4911 MOV,2.0,12,0.04696514,0.44803086,0.16666667
4911,MOV,2.92,4911 MOV,0.0,14,0.0,0.2153108,0.0
4911,MOV,4.16,4911 MOV,4.0,14,0.11721379,0.54649084,0.28571429
4911,MOV,5.95,4911 MOV,3.0,12,0.08894167,0.53230533,0.25
4911,MOV,8.5,4911 MOV,3.0,13,0.08179529,0.50256376,0.23076923
4911,MOV,12.2,4911 MOV,1.0,10,0.01787621,0.40415003,0.1
4911,MOV,17.4,4911 MOV,3.0,13,0.08179529,0.50256376,0.23076923
4911,MOV,24.9,4911 MOV,3.0,12,0.08894167,0.53230533,0.25
4911,MOV,35.5,4911 MOV,3.0,10,0.10779127,0.60322185,0.3
4911,MOV,50.8,4911 MOV,0.0,4,0.0,0.48989084,0.0
4912,AUC,0.0,4912 AUC,2.0,20,0.02786648,0.30103365,0.1
4912,AUC,0.1,4912 AUC,2.0,12,0.04696514,0.44803086,0.16666667
4912,AUC,0.28,4912 AUC,0.0,11,0.0,0.25883297,0.0
4912,AUC,0.85,4912 AUC,0.0,12,0.0,0.24249401,0.0
4912,AUC,2.46,4912 AUC,0.0,11,0.0,0.25883297,0.0
4912,AUC,7.17,4912 AUC,0.0,13,0.0,0.22809537,0.0
4912,AUC,9.73,4912 AUC,2.0,14,0.04009392,0.39941379,0.14285714
4912,AUC,13.2,4912 AUC,2.0,13,0.04325818,0.42234631,0.15384615
4912,AUC,18.0,4912 AUC,0.0,12,0.0,0.24249401,0.0
4912,AUC,24.5,4912 AUC,4.0,13,0.12680704,0.57630657,0.30769231
4912,AUC,33.3,4912 AUC,0.0,10,0.0,0.2775328,0.0
4912,AUC,45.2,4912 AUC,1.0,10,0.01787621,0.40415003,0.1
4912,AUC,50.0,4912 AUC,1.0,10,0.01787621,0.40415003,0.1
4912,MOV,0.0,4912 MOV,1.0,20,0.00888145,0.23613119,0.05
4912,MOV,0.1,4912 MOV,4.0,12,0.13812009,0.60937791,0.33333333
4912,MOV,0.28,4912 MOV,2.0,11,0.05136769,0.47698056,0.18181818
4912,MOV,0.85,4912 MOV,2.0,12,0.04696514,0.44803086,0.16666667
4912,MOV,2.46,4912 MOV,2.0,11,0.05136769,0.47698056,0.18181818
4912,MOV,7.17,4912 MOV,1.0,13,0.01371042,0.33313951,0.07692308
4912,MOV,9.73,4912 MOV,2.0,14,0.04009392,0.39941379,0.14285714
4912,MOV,13.2,4912 MOV,0.0,13,0.0,0.22809537,0.0
4912,MOV,18.0,4912 MOV,3.0,12,0.08894167,0.53230533,0.25
4912,MOV,24.5,4912 MOV,4.0,13,0.12680704,0.57630657,0.30769231
4912,MOV,33.3,4912 MOV,3.0,10,0.10779127,0.60322185,0.3
4912,MOV,45.2,4912 MOV,5.0,10,0.23659309,0.76340691,0.5
4912,MOV,50.0,4912 MOV,2.0,10,0.05668215,0.50983753,0.2
4913,AUC,0.0,4913 AUC,2.0,17,0.03287977,0.34336351,0.11764706
4913,AUC,2.5,4913 AUC,2.0,13,0.04325818,0.42234631,0.15384615
4913,AUC,3.5,4913 AUC,2.0,11,0.05136769,0.47698056,0.18181818
4913,AUC,4.89,4913 AUC,7.0,13,0.29143796,0.76793932,0.53846154
4913,AUC,6.84,4913 AUC,3.0,9,0.12058382,0.64579786,0.33333333
4913,AUC,9.56,4913 AUC,1.0,9,0.01989089,0.43499971,0.11111111
4913,AUC,13.4,4913 AUC,4.0,8,0.21521606,0.78478394,0.5
4913,AUC,18.7,4913 AUC,3.0,9,0.12058382,0.64579786,0.33333333
4913,AUC,26.1,4913 AUC,7.0,10,0.39677815,0.89220873,0.7
4913,AUC,36.6,4913 AUC,1.0,8,0.02241749,0.47088818,0.125
4913,MOV,0.0,4913 MOV,6.0,17,0.1730972,0.58699637,0.35294118
4913,MOV,2.5,4913 MOV,8.0,13,0.35522892,0.82290292,0.61538462
4913,MOV,3.5,4913 MOV,4.0,11,0.15166471,0.64619883,0.36363636
4913,MOV,4.89,4913 MOV,7.0,13,0.29143796,0.76793932,0.53846154
4913,MOV,6.84,4913 MOV,4.0,9,0.18877852,0.73334871,0.44444444
4913,MOV,9.56,4913 MOV,3.0,9,0.12058382,0.64579786,0.33333333
4913,MOV,13.4,4913 MOV,6.0,8,0.40927543,0.92852079,0.75
4913,MOV,18.7,4913 MOV,7.0,9,0.45258897,0.93677489,0.77777778
4913,MOV,26.1,4913 MOV,6.0,10,0.31267377,0.83181967,0.6
4913,MOV,36.6,4913 MOV,2.0,8,0.07147921,0.59072457,0.25
4914,AUC,0.0,4914 AUC,3.0,18,0.05836577,0.39222038,0.16666667
4914,AUC,2.5,4914 AUC,3.0,10,0.10779127,0.60322185,0.3
4914,AUC,3.5,4914 AUC,4.0,9,0.18877852,0.73334871,0.44444444
4914,AUC,4.89,4914 AUC,4.0,9,0.18877852,0.73334871,0.44444444
4914,AUC,6.84,4914 AUC,8.0,12,0.39062209,0.86187991,0.66666667
4914,AUC,9.56,4914 AUC,5.0,11,0.21271272,0.71990846,0.45454545
4914,AUC,13.4,4914 AUC,2.0,8,0.07147921,0.59072457,0.25
4914,AUC,18.7,4914 AUC,4.0,11,0.15166471,0.64619883,0.36363636
4914,AUC,26.1,4914 AUC,2.0,6,0.09677141,0.70000668,0.33333333
4914,AUC,36.6,4914 AUC,3.0,8,0.13684429,0.69425761,0.375
4914,AUC,51.1,4914 AUC,4.0,9,0.18877852,0.73334871,0.44444444
4914,AUC,71.5,4914 AUC,4.0,7,0.25045836,0.84178014,0.57142857
4914,AUC,100.0,4914 AUC,4.0,8,0.21521606,0.78478394,0.5
4914,MOV,0.0,4914 MOV,4.0,18,0.09000928,0.45214584,0.22222222
4914,MOV,2.5,4914 MOV,4.0,10,0.16818033,0.68732623,0.4
4914,MOV,3.5,4914 MOV,5.0,9,0.26665129,0.81122148,0.55555556
4914,MOV,4.89,4914 MOV,6.0,9,0.35420214,0.87941618,0.66666667
4914,MOV,6.84,4914 MOV,5.0,12,0.19326031,0.68048869,0.41666667
4914,MOV,9.56,4914 MOV,4.0,11,0.15166471,0.64619883,0.36363636
4914,MOV,13.4,4914 MOV,2.0,8,0.07147921,0.59072457,0.25
4914,MOV,18.7,4914 MOV,2.0,11,0.05136769,0.47698056,0.18181818
4914,MOV,26.1,4914 MOV,1.0,6,0.03005337,0.56350282,0.16666667
4914,MOV,36.6,4914 MOV,4.0,8,0.21521606,0.78478394,0.5
4914,MOV,51.1,4914 MOV,3.0,9,0.12058382,0.64579786,0.33333333
4914,MOV,71.5,4914 MOV,3.0,7,0.15821986,0.74954164,0.42857143
4914,MOV,100.0,4914 MOV,5.0,8,0.30574239,0.86315571,0.625
4915,AUC,0.0,4915 AUC,1.0,20,0.00888145,0.23613119,0.05
4915,AUC,2.5,4915 AUC,2.0,8,0.07147921,0.59072457,0.25
4915,AUC,3.5,4915 AUC,4.0,13,0.12680704,0.57630657,0.30769231
4915,AUC,4.89,4915 AUC,3.0,7,0.15821986,0.74954164,0.42857143
4915,AUC,6.84,4915 AUC,4.0,12,0.13812009,0.60937791,0.33333333
4915,AUC,9.56,4915 AUC,1.0,12,0.01486509,0.35387991,0.08333333
4915,AUC,13.4,4915 AUC,2.0,12,0.04696514,0.44803086,0.16666667
4915,AUC,18.7,4915 AUC,0.0,13,0.0,0.22809537,0.0
4915,AUC,26.1,4915 AUC,1.0,11,0.01623217,0.37735844,0.09090909
4915,AUC,36.6,4915 AUC,0.0,11,0.0,0.25883297,0.0
4915,AUC,51.1,4915 AUC,3.0,10,0.10779127,0.60322185,0.3
4915,AUC,71.5,4915 AUC,3.0,13,0.08179529,0.50256376,0.23076923
4915,AUC,100.0,4915 AUC,3.0,13,0.08179529,0.50256376,0.23076923
4915,MOV,0.0,4915 MOV,1.0,20,0.00888145,0.23613119,0.05
4915,MOV,2.5,4915 MOV,1.0,8,0.02241749,0.47088818,0.125
4915,MOV,3.5,4915 MOV,2.0,13,0.04325818,0.42234631,0.15384615
4915,MOV,4.89,4915 MOV,4.0,7,0.25045836,0.84178014,0.57142857
4915,MOV,6.84,4915 MOV,3.0,12,0.08894167,0.53230533,0.25
4915,MOV,9.56,4915 MOV,1.0,12,0.01486509,0.35387991,0.08333333
4915,MOV,13.4,4915 MOV,2.0,12,0.04696514,0.44803086,0.16666667
4915,MOV,18.7,4915 MOV,3.0,13,0.08179529,0.50256376,0.23076923
4915,MOV,26.1,4915 MOV,0.0,11,0.0,0.25883297,0.0
4915,MOV,36.6,4915 MOV,2.0,11,0.05136769,0.47698056,0.18181818
4915,MOV,51.1,4915 MOV,1.0,10,0.01787621,0.40415003,0.1
4915,MOV,71.5,4915 MOV,3.0,13,0.08179529,0.50256376,0.23076923
4915,MOV,100.0,4915 MOV,2.0,13,0.04325818,0.42234631,0.15384615
4978,AUC,0.0,4978 AUC,2.0,22,0.02529543,0.27814947,0.09090909
4978,AUC,2.5,4978 AUC,1.0,10,0.01787621,0.40415003,0.1
4978,AUC,3.5,4978 AUC,0.0,12,0.0,0.24249401,0.0
4978,AUC,4.89,4978 AUC,1.0,13,0.01371042,0.33313951,0.07692308
4978,AUC,6.84,4978 AUC,2.0,13,0.04325818,0.42234631,0.15384615
4978,AUC,9.56,4978 AUC,1.0,12,0.01486509,0.35387991,0.08333333
4978,AUC,13.4,4978 AUC,2.0,11,0.05136769,0.47698056,0.18181818
4978,AUC,18.7,4978 AUC,1.0,13,0.01371042,0.33313951,0.07692308
4978,AUC,26.1,4978 AUC,0.0,7,0.0,0.35433044,0.0
4978,AUC,36.6,4978 AUC,0.0,10,0.0,0.2775328,0.0
4978,AUC,51.1,4978 AUC,2.0,11,0.05136769,0.47698056,0.18181818
4978,AUC,71.5,4978 AUC,0.0,9,0.0,0.29914505,0.0
4978,AUC,100.0,4978 AUC,3.0,13,0.08179529,0.50256376,0.23076923
4978,MOV,0.0,4978 MOV,2.0,22,0.02529543,0.27814947,0.09090909
4978,MOV,2.5,4978 MOV,5.0,10,0.23659309,0.76340691,0.5
4978,MOV,3.5,4978 MOV,2.0,12,0.04696514,0.44803086,0.16666667
4978,MOV,4.89,4978 MOV,3.0,13,0.08179529,0.50256376,0.23076923
4978,MOV,6.84,4978 MOV,3.0,13,0.08179529,0.50256376,0.23076923
4978,MOV,9.56,4978 MOV,5.0,12,0.19326031,0.68048869,0.41666667
4978,MOV,13.4,4978 MOV,3.0,11,0.09746059,0.5656453,0.27272727
4978,MOV,18.7,4978 MOV,4.0,13,0.12680704,0.57630657,0.30769231
4978,MOV,26.1,4978 MOV,1.0,7,0.02567962,0.51312783,0.14285714
4978,MOV,36.6,4978 MOV,1.0,10,0.01787621,0.40415003,0.1
4978,MOV,51.1,4978 MOV,3.0,11,0.09746059,0.5656453,0.27272727
4978,MOV,71.5,4978 MOV,1.0,9,0.01989089,0.43499971,0.11111111
4978,MOV,100.0,4978 MOV,1.0,13,0.01371042,0.33313951,0.07692308
5115,AUC,0.0,5115 AUC,1.0,32,0.00553786,0.15744264,0.03125
5115,AUC,3.125,5115 AUC,5.0,31,0.07092624,0.32634354,0.16129032
5115,AUC,6.25,5115 AUC,0.0,27,0.0,0.12455503,0.0
5115,AUC,12.5,5115 AUC,5.0,14,0.16344732,0.61235577,0.35714286
5115,AUC,25.0,5115 AUC,1.0,4,0.04558726,0.69935816,0.25
5115,AUC,50.0,5115 AUC,1.0,7,0.02567962,0.51312783,0.14285714
5115,MOV,0.0,5115 MOV,3.0,32,0.03240155,0.24218155,0.09375
5115,MOV,3.125,5115 MOV,7.0,31,0.11395136,0.39812418,0.22580645
5115,MOV,6.25,5115 MOV,3.0,27,0.03852035,0.28057801,0.11111111
5115,MOV,12.5,5115 MOV,2.0,14,0.04009392,0.39941379,0.14285714
5115,MOV,25.0,5115 MOV,0.0,4,0.0,0.48989084,0.0
5115,MOV,50.0,5115 MOV,0.0,7,0.0,0.35433044,0.0
5219,AUC,0.0,5219 AUC,9.0,96,0.05010811,0.16865331,0.09375
5219,AUC,2.5,5219 AUC,4.0,13,0.12680704,0.57630657,0.30769231
5219,AUC,3.125,5219 AUC,2.0,31,0.01787478,0.20718637,0.06451613
5219,AUC,5.0,5219 AUC,5.0,13,0.17709708,0.64477108,0.38461538
5219,AUC,6.25,5219 AUC,1.0,29,0.00611321,0.17175522,0.03448276
5219,AUC,7.5,5219 AUC,3.0,14,0.07571387,0.47589231,0.21428571
5219,AUC,10.0,5219 AUC,3.0,14,0.07571387,0.47589231,0.21428571
5219,AUC,12.5,5219 AUC,2.0,27,0.02055465,0.23369593,0.07407407
5219,AUC,12.8,5219 AUC,6.0,22,0.1315076,0.48151734,0.27272727
5219,AUC,15.0,5219 AUC,4.0,14,0.11721379,0.54649084,0.28571429
5219,AUC,16.0,5219 AUC,3.0,22,0.04749004,0.33334987,0.13636364
5219,AUC,20.0,5219 AUC,7.0,33,0.10676022,0.37751645,0.21212121
5219,AUC,25.0,5219 AUC,4.0,10,0.16818033,0.68732623,0.4
5219,AUC,30.0,5219 AUC,4.0,13,0.12680704,0.57630657,0.30769231
5219,AUC,40.0,5219 AUC,6.0,14,0.21380799,0.67409355,0.42857143
5219,AUC,50.0,5219 AUC,2.0,13,0.04325818,0.42234631,0.15384615
5219,AUC,60.0,5219 AUC,1.0,12,0.01486509,0.35387991,0.08333333
5219,AUC,80.0,5219 AUC,3.0,13,0.08179529,0.50256376,0.23076923
5219,AUC,100.0,5219 AUC,5.0,12,0.19326031,0.68048869,0.41666667
5219,MOV,0.0,5219 MOV,9.0,96,0.05010811,0.16865331,0.09375
5219,MOV,2.5,5219 MOV,4.0,13,0.12680704,0.57630657,0.30769231
5219,MOV,3.125,5219 MOV,7.0,31,0.11395136,0.39812418,0.22580645
5219,MOV,5.0,5219 MOV,4.0,13,0.12680704,0.57630657,0.30769231
5219,MOV,6.25,5219 MOV,3.0,29,0.03581489,0.26385081,0.10344828
5219,MOV,7.5,5219 MOV,4.0,14,0.11721379,0.54649084,0.28571429
5219,MOV,10.0,5219 MOV,2.0,14,0.04009392,0.39941379,0.14285714
5219,MOV,12.5,5219 MOV,9.0,27,0.18643261,0.52175239,0.33333333
5219,MOV,12.8,5219 MOV,6.0,22,0.1315076,0.48151734,0.27272727
5219,MOV,15.0,5219 MOV,7.0,14,0.26799202,0.73200798,0.5
5219,MOV,16.0,5219 MOV,4.0,22,0.07306885,0.38516607,0.18181818
5219,MOV,20.0,5219 MOV,12.0,33,0.22187178,0.53383822,0.36363636
5219,MOV,25.0,5219 MOV,2.0,10,0.05668215,0.50983753,0.2
5219,MOV,30.0,5219 MOV,3.0,13,0.08179529,0.50256376,0.23076923
5219,MOV,40.0,5219 MOV,5.0,14,0.16344732,0.61235577,0.35714286
5219,MOV,50.0,5219 MOV,3.0,13,0.08179529,0.50256376,0.23076923
5219,MOV,60.0,5219 MOV,4.0,12,0.13812009,0.60937791,0.33333333
5219,MOV,80.0,5219 MOV,2.0,13,0.04325818,0.42234631,0.15384615
5219,MOV,100.0,5219 MOV,5.0,12,0.19326031,0.68048869,0.41666667
53,AUC,0.0,53 AUC,14.0,82,0.10451595,0.26641739,0.17073171
53,AUC,2.5,53 AUC,4.0,13,0.12680704,0.57630657,0.30769231
53,AUC,3.125,53 AUC,2.0,31,0.01787478,0.20718637,0.06451613
53,AUC,3.5,53 AUC,6.0,13,0.23206068,0.70856204,0.46153846
53,AUC,4.89,53 AUC,2.0,14,0.04009392,0.39941379,0.14285714
53,AUC,6.25,53 AUC,0.0,31,0.0,0.1102554,0.0
53,AUC,6.84,53 AUC,2.0,13,0.04325818,0.42234631,0.15384615
53,AUC,9.56,53 AUC,6.0,13,0.23206068,0.70856204,0.46153846
53,AUC,12.5,53 AUC,0.0,26,0.0,0.12872892,0.0
53,AUC,13.4,53 AUC,4.0,13,0.12680704,0.57630657,0.30769231
53,AUC,18.7,53 AUC,3.0,12,0.08894167,0.53230533,0.25
53,AUC,25.0,53 AUC,3.0,27,0.03852035,0.28057801,0.11111111
53,AUC,26.1,53 AUC,3.0,14,0.07571387,0.47589231,0.21428571
53,AUC,30.0,53 AUC,8.0,20,0.21880653,0.6134185,0.4
53,AUC,36.6,53 AUC,9.0,13,0.42369343,0.87319296,0.69230769
53,AUC,37.5,53 AUC,5.0,14,0.16344732,0.61235577,0.35714286
53,AUC,45.0,53 AUC,1.0,8,0.02241749,0.47088818,0.125
53,AUC,50.0,53 AUC,4.0,8,0.21521606,0.78478394,0.5
53,AUC,51.1,53 AUC,5.0,13,0.17709708,0.64477108,0.38461538
53,AUC,71.5,53 AUC,5.0,12,0.19326031,0.68048869,0.41666667
53,AUC,100.0,53 AUC,3.0,9,0.12058382,0.64579786,0.33333333
53,MOV,0.0,53 MOV,12.0,82,0.08574162,0.23859418,0.14634146
53,MOV,2.5,53 MOV,2.0,13,0.04325818,0.42234631,0.15384615
53,MOV,3.125,53 MOV,3.0,31,0.03346464,0.24899938,0.09677419
53,MOV,3.5,53 MOV,1.0,13,0.01371042,0.33313951,0.07692308
53,MOV,4.89,53 MOV,1.0,14,0.01272222,0.31468704,0.07142857
53,MOV,6.25,53 MOV,2.0,31,0.01787478,0.20718637,0.06451613
53,MOV,6.84,53 MOV,0.0,13,0.0,0.22809537,0.0
53,MOV,9.56,53 MOV,1.0,13,0.01371042,0.33313951,0.07692308
53,MOV,12.5,53 MOV,2.0,26,0.02135509,0.24141554,0.07692308
53,MOV,13.4,53 MOV,2.0,13,0.04325818,0.42234631,0.15384615
53,MOV,18.7,53 MOV,2.0,12,0.04696514,0.44803086,0.16666667
53,MOV,25.0,53 MOV,4.0,27,0.05915928,0.32478685,0.14814815
53,MOV,26.1,53 MOV,1.0,14,0.01272222,0.31468704,0.07142857
53,MOV,30.0,53 MOV,8.0,20,0.21880653,0.6134185,0.4
53,MOV,36.6,53 MOV,1.0,13,0.01371042,0.33313951,0.07692308
53,MOV,37.5,53 MOV,6.0,14,0.21380799,0.67409355,0.42857143
53,MOV,45.0,53 MOV,3.0,8,0.13684429,0.69425761,0.375
53,MOV,50.0,53 MOV,3.0,8,0.13684429,0.69425761,0.375
53,MOV,51.1,53 MOV,3.0,13,0.08179529,0.50256376,0.23076923
53,MOV,71.5,53 MOV,1.0,12,0.01486509,0.35387991,0.08333333
53,MOV,100.0,53 MOV,3.0,9,0.12058382,0.64579786,0.33333333
5360,AUC,0.0,5360 AUC,4.0,20,0.08065766,0.41601743,0.2
5360,AUC,1.0,5360 AUC,4.0,12,0.13812009,0.60937791,0.33333333
5360,AUC,5.45,5360 AUC,5.0,12,0.19326031,0.68048869,0.41666667
5360,AUC,9.91,5360 AUC,2.0,10,0.05668215,0.50983753,0.2
5360,AUC,14.4,5360 AUC,4.0,10,0.16818033,0.68732623,0.4
5360,AUC,18.8,5360 AUC,3.0,10,0.10779127,0.60322185,0.3
5360,AUC,23.3,5360 AUC,2.0,9,0.06322511,0.54741103,0.22222222
5360,AUC,27.7,5360 AUC,2.0,11,0.05136769,0.47698056,0.18181818
5360,AUC,32.2,5360 AUC,5.0,9,0.26665129,0.81122148,0.55555556
5360,AUC,36.6,5360 AUC,4.0,10,0.16818033,0.68732623,0.4
5360,AUC,41.1,5360 AUC,1.0,6,0.03005337,0.56350282,0.16666667
5360,AUC,45.5,5360 AUC,4.0,7,0.25045836,0.84178014,0.57142857
5360,AUC,50.0,5360 AUC,2.0,6,0.09677141,0.70000668,0.33333333
5360,MOV,0.0,5360 MOV,1.0,20,0.00888145,0.23613119,0.05
5360,MOV,1.0,5360 MOV,6.0,12,0.2537816,0.7462184,0.5
5360,MOV,5.45,5360 MOV,3.0,12,0.08894167,0.53230533,0.25
5360,MOV,9.91,5360 MOV,3.0,10,0.10779127,0.60322185,0.3
5360,MOV,14.4,5360 MOV,5.0,10,0.23659309,0.76340691,0.5
5360,MOV,18.8,5360 MOV,4.0,10,0.16818033,0.68732623,0.4
5360,MOV,23.3,5360 MOV,3.0,9,0.12058382,0.64579786,0.33333333
5360,MOV,27.7,5360 MOV,3.0,11,0.09746059,0.5656453,0.27272727
5360,MOV,32.2,5360 MOV,4.0,9,0.18877852,0.73334871,0.44444444
5360,MOV,36.6,5360 MOV,5.0,10,0.23659309,0.76340691,0.5
5360,MOV,41.1,5360 MOV,2.0,6,0.09677141,0.70000668,0.33333333
5360,MOV,45.5,5360 MOV,2.0,7,0.08221892,0.64106555,0.28571429
5360,MOV,50.0,5360 MOV,4.0,6,0.29999332,0.90322859,0.66666667
5670,AUC,0.0,5670 AUC,1.0,23,0.00771667,0.20991155,0.04347826
5670,AUC,0.08,5670 AUC,1.0,14,0.01272222,0.31468704,0.07142857
5670,AUC,0.18,5670 AUC,1.0,14,0.01272222,0.31468704,0.07142857
5670,AUC,0.4,5670 AUC,4.0,13,0.12680704,0.57630657,0.30769231
5670,AUC,0.89,5670 AUC,2.0,13,0.04325818,0.42234631,0.15384615
5670,AUC,2.0,5670 AUC,1.0,7,0.02567962,0.51312783,0.14285714
5670,AUC,4.45,5670 AUC,1.0,10,0.01787621,0.40415003,0.1
5670,AUC,10.0,5670 AUC,0.0,5,0.0,0.43448246,0.0
5670,AUC,25.0,5670 AUC,0.0,4,0.0,0.48989084,0.0
5670,AUC,39.6,5670 AUC,1.0,4,0.04558726,0.69935816,0.25
5670,AUC,62.8,5670 AUC,0.0,1,0.0,0.79345069,0.0
5670,MOV,0.0,5670 MOV,3.0,23,0.04537659,0.32127482,0.13043478
5670,MOV,0.08,5670 MOV,3.0,14,0.07571387,0.47589231,0.21428571
5670,MOV,0.18,5670 MOV,1.0,14,0.01272222,0.31468704,0.07142857
5670,MOV,0.4,5670 MOV,0.0,13,0.0,0.22809537,0.0
5670,MOV,0.89,5670 MOV,3.0,13,0.08179529,0.50256376,0.23076923
5670,MOV,2.0,5670 MOV,1.0,7,0.02567962,0.51312783,0.14285714
5670,MOV,4.45,5670 MOV,3.0,10,0.10779127,0.60322185,0.3
5670,MOV,10.0,5670 MOV,0.0,5,0.0,0.43448246,0.0
5670,MOV,25.0,5670 MOV,0.0,4,0.0,0.48989084,0.0
5670,MOV,39.6,5670 MOV,0.0,4,0.0,0.48989084,0.0
5670,MOV,62.8,5670 MOV,0.0,1,0.0,0.79345069,0.0
60,AUC,0.0,60 AUC,3.0,32,0.03240155,0.24218155,0.09375
60,AUC,3.125,60 AUC,4.0,31,0.05134284,0.28852406,0.12903226
60,AUC,6.25,60 AUC,1.0,25,0.00709623,0.19544064,0.04
60,AUC,12.5,60 AUC,3.0,26,0.04003245,0.28975903,0.11538462
60,AUC,25.0,60 AUC,0.0,14,0.0,0.2153108,0.0
60,MOV,0.0,60 MOV,6.0,32,0.08889545,0.35309155,0.1875
60,MOV,3.125,60 MOV,8.0,31,0.13701706,0.43246136,0.25806452
60,MOV,6.25,60 MOV,5.0,25,0.08860585,0.3913095,0.2
60,MOV,12.5,60 MOV,2.0,26,0.02135509,0.24141554,0.07692308
60,MOV,25.0,60 MOV,1.0,14,0.01272222,0.31468704,0.07142857
64,AUC,0.0,64 AUC,3.0,60,0.0171495,0.13700516,0.05
64,AUC,3.125,64 AUC,1.0,30,0.00590859,0.16670391,0.03333333
64,AUC,6.25,64 AUC,1.0,29,0.00611321,0.17175522,0.03448276
64,AUC,12.5,64 AUC,1.0,25,0.00709623,0.19544064,0.04
64,AUC,25.0,64 AUC,2.0,25,0.0222204,0.24966109,0.08
64,AUC,30.0,64 AUC,4.0,20,0.08065766,0.41601743,0.2
64,AUC,37.5,64 AUC,4.0,19,0.08507677,0.43334278,0.21052632
64,AUC,45.0,64 AUC,3.0,7,0.15821986,0.74954164,0.42857143
64,AUC,50.0,64 AUC,1.0,8,0.02241749,0.47088818,0.125
64,MOV,0.0,64 MOV,10.0,60,0.09313177,0.28031613,0.16666667
64,MOV,3.125,64 MOV,7.0,30,0.11792388,0.40928326,0.23333333
64,MOV,6.25,64 MOV,4.0,29,0.0549744,0.30558994,0.13793103
64,MOV,12.5,64 MOV,2.0,25,0.0222204,0.24966109,0.08
64,MOV,25.0,64 MOV,7.0,25,0.14283854,0.47576605,0.28
64,MOV,30.0,64 MOV,8.0,20,0.21880653,0.6134185,0.4
64,MOV,37.5,64 MOV,4.0,19,0.08507677,0.43334278,0.21052632
64,MOV,45.0,64 MOV,3.0,7,0.15821986,0.74954164,0.42857143
64,MOV,50.0,64 MOV,3.0,8,0.13684429,0.69425761,0.375
646,AUC,0.0,646 AUC,1.0,15,0.0118669,0.2981653,0.06666667
646,AUC,100.0,646 AUC,2.0,16,0.03497749,0.36022827,0.125
646,MOV,0.0,646 MOV,1.0,15,0.0118669,0.2981653,0.06666667
646,MOV,100.0,646 MOV,4.0,16,0.10182067,0.49498317,0.25
66,AUC,0.0,66 AUC,17.0,70,0.15751861,0.35495039,0.24285714
66,AUC,2.5,66 AUC,6.0,6,0.60966571,1.0,1.0
66,AUC,3.125,66 AUC,1.0,30,0.00590859,0.16670391,0.03333333
66,AUC,6.25,66 AUC,2.0,31,0.01787478,0.20718637,0.06451613
66,AUC,11.4,66 AUC,5.0,6,0.43649718,0.96994663,0.83333333
66,AUC,12.5,66 AUC,1.0,28,0.00633252,0.17712198,0.03571429
66,AUC,20.2,66 AUC,5.0,6,0.43649718,0.96994663,0.83333333
66,AUC,25.0,66 AUC,1.0,27,0.00656815,0.18283466,0.03703704
66,AUC,29.1,66 AUC,5.0,6,0.43649718,0.96994663,0.83333333
66,AUC,30.0,66 AUC,1.0,22,0.00806943,0.21798046,0.04545455
66,AUC,37.5,66 AUC,2.0,12,0.04696514,0.44803086,0.16666667
66,AUC,38.0,66 AUC,3.0,4,0.30064184,0.95441274,0.75
66,AUC,45.0,66 AUC,0.0,1,0.0,0.79345069,0.0
66,AUC,46.8,66 AUC,5.0,7,0.35893445,0.91778108,0.71428571
66,AUC,50.0,66 AUC,3.0,5,0.23072428,0.88237923,0.6
66,AUC,55.7,66 AUC,5.0,6,0.43649718,0.96994663,0.83333333
66,AUC,64.5,66 AUC,3.0,4,0.30064184,0.95441274,0.75
66,AUC,73.4,66 AUC,4.0,4,0.51010916,1.0,1.0
66,AUC,82.3,66 AUC,4.0,4,0.51010916,1.0,1.0
66,AUC,91.1,66 AUC,4.0,4,0.51010916,1.0,1.0
66,AUC,100.0,66 AUC,3.0,3,0.43850297,1.0,1.0
66,MOV,0.0,66 MOV,17.0,70,0.15751861,0.35495039,0.24285714
66,MOV,2.5,66 MOV,5.0,6,0.43649718,0.96994663,0.83333333
66,MOV,3.125,66 MOV,4.0,30,0.05309655,0.29681327,0.13333333
66,MOV,6.25,66 MOV,2.0,31,0.01787478,0.20718637,0.06451613
66,MOV,11.4,66 MOV,3.0,6,0.18761631,0.81238369,0.5
66,MOV,12.5,66 MOV,1.0,28,0.00633252,0.17712198,0.03571429
66,MOV,20.2,66 MOV,0.0,6,0.0,0.39033429,0.0
66,MOV,25.0,66 MOV,1.0,27,0.00656815,0.18283466,0.03703704
66,MOV,29.1,66 MOV,2.0,6,0.09677141,0.70000668,0.33333333
66,MOV,30.0,66 MOV,7.0,22,0.16360593,0.52681402,0.31818182
66,MOV,37.5,66 MOV,6.0,12,0.2537816,0.7462184,0.5
66,MOV,38.0,66 MOV,1.0,4,0.04558726,0.69935816,0.25
66,MOV,45.0,66 MOV,1.0,1,0.20654931,1.0,1.0
66,MOV,46.8,66 MOV,3.0,7,0.15821986,0.74954164,0.42857143
66,MOV,50.0,66 MOV,1.0,5,0.03622411,0.62446537,0.2
66,MOV,55.7,66 MOV,2.0,6,0.09677141,0.70000668,0.33333333
66,MOV,64.5,66 MOV,3.0,4,0.30064184,0.95441274,0.75
66,MOV,73.4,66 MOV,2.0,4,0.15003899,0.84996101,0.5
66,MOV,82.3,66 MOV,1.0,4,0.04558726,0.69935816,0.25
66,MOV,91.1,66 MOV,3.0,4,0.30064184,0.95441274,0.75
66,MOV,100.0,66 MOV,3.0,3,0.43850297,1.0,1.0
660,AUC,0.0,660 AUC,4.0,16,0.10182067,0.49498317,0.25
660,AUC,100.0,660 AUC,4.0,15,0.10897453,0.51950434,0.26666667
660,MOV,0.0,660 MOV,0.0,16,0.0,0.19360768,0.0
660,MOV,100.0,660 MOV,1.0,15,0.0118669,0.2981653,0.06666667
69,AUC,0.0,69 AUC,8.0,81,0.05090012,0.18296501,0.09876543
69,AUC,2.5,69 AUC,2.0,13,0.04325818,0.42234631,0.15384615
69,AUC,3.125,69 AUC,1.0,28,0.00633252,0.17712198,0.03571429
69,AUC,3.5,69 AUC,0.0,12,0.0,0.24249401,0.0
69,AUC,4.89,69 AUC,5.0,13,0.17709708,0.64477108,0.38461538
69,AUC,6.25,69 AUC,2.0,27,0.02055465,0.23369593,0.07407407
69,AUC,6.84,69 AUC,0.0,12,0.0,0.24249401,0.0
69,AUC,9.56,69 AUC,3.0,12,0.08894167,0.53230533,0.25
69,AUC,12.5,69 AUC,1.0,28,0.00633252,0.17712198,0.03571429
69,AUC,13.4,69 AUC,1.0,13,0.01371042,0.33313951,0.07692308
69,AUC,18.7,69 AUC,1.0,12,0.01486509,0.35387991,0.08333333
69,AUC,25.0,69 AUC,3.0,23,0.04537659,0.32127482,0.13043478
69,AUC,26.1,69 AUC,2.0,11,0.05136769,0.47698056,0.18181818
69,AUC,30.0,69 AUC,13.0,27,0.30743227,0.66014384,0.48148148
69,AUC,36.6,69 AUC,1.0,13,0.01371042,0.33313951,0.07692308
69,AUC,37.5,69 AUC,6.0,21,0.13813863,0.49956381,0.28571429
69,AUC,45.0,69 AUC,5.0,11,0.21271272,0.71990846,0.45454545
69,AUC,50.0,69 AUC,1.0,7,0.02567962,0.51312783,0.14285714
69,AUC,51.1,69 AUC,0.0,13,0.0,0.22809537,0.0
69,AUC,71.5,69 AUC,2.0,14,0.04009392,0.39941379,0.14285714
69,AUC,100.0,69 AUC,2.0,11,0.05136769,0.47698056,0.18181818
69,MOV,0.0,69 MOV,10.0,81,0.06846116,0.21255073,0.12345679
69,MOV,2.5,69 MOV,1.0,13,0.01371042,0.33313951,0.07692308
69,MOV,3.125,69 MOV,3.0,28,0.03711837,0.27195852,0.10714286
69,MOV,3.5,69 MOV,4.0,12,0.13812009,0.60937791,0.33333333
69,MOV,4.89,69 MOV,4.0,13,0.12680704,0.57630657,0.30769231
69,MOV,6.25,69 MOV,1.0,27,0.00656815,0.18283466,0.03703704
69,MOV,6.84,69 MOV,3.0,12,0.08894167,0.53230533,0.25
69,MOV,9.56,69 MOV,3.0,12,0.08894167,0.53230533,0.25
69,MOV,12.5,69 MOV,3.0,28,0.03711837,0.27195852,0.10714286
69,MOV,13.4,69 MOV,1.0,13,0.01371042,0.33313951,0.07692308
69,MOV,18.7,69 MOV,3.0,12,0.08894167,0.53230533,0.25
69,MOV,25.0,69 MOV,5.0,23,0.09663978,0.41903483,0.2173913
69,MOV,26.1,69 MOV,2.0,11,0.05136769,0.47698056,0.18181818
69,MOV,30.0,69 MOV,4.0,27,0.05915928,0.32478685,0.14814815
69,MOV,36.6,69 MOV,4.0,13,0.12680704,0.57630657,0.30769231
69,MOV,37.5,69 MOV,3.0,21,0.04981012,0.3463606,0.14285714
69,MOV,45.0,69 MOV,6.0,11,0.28009154,0.78728728,0.54545455
69,MOV,50.0,69 MOV,0.0,7,0.0,0.35433044,0.0
69,MOV,51.1,69 MOV,2.0,13,0.04325818,0.42234631,0.15384615
69,MOV,71.5,69 MOV,2.0,14,0.04009392,0.39941379,0.14285714
69,MOV,100.0,69 MOV,4.0,11,0.15166471,0.64619883,0.36363636
700,AUC,0.0,700 AUC,1.0,15,0.0118669,0.2981653,0.06666667
700,AUC,100.0,700 AUC,4.0,16,0.10182067,0.49498317,0.25
700,MOV,0.0,700 MOV,0.0,15,0.0,0.2038833,0.0
700,MOV,100.0,700 MOV,0.0,16,0.0,0.19360768,0.0
702,AUC,0.0,702 AUC,7.0,21,0.17194753,0.54626548,0.33333333
702,AUC,2.5,702 AUC,4.0,9,0.18877852,0.73334871,0.44444444
702,AUC,5.0,702 AUC,1.0,3,0.06149194,0.7923404,0.33333333
702,AUC,7.5,702 AUC,0.0,3,0.0,0.56149703,0.0
702,AUC,20.0,702 AUC,0.0,2,0.0,0.65761977,0.0
702,MOV,0.0,702 MOV,6.0,21,0.13813863,0.49956381,0.28571429
702,MOV,2.5,702 MOV,1.0,9,0.01989089,0.43499971,0.11111111
702,MOV,5.0,702 MOV,1.0,3,0.06149194,0.7923404,0.33333333
702,MOV,7.5,702 MOV,0.0,3,0.0,0.56149703,0.0
702,MOV,20.0,702 MOV,0.0,2,0.0,0.65761977,0.0
961,AUC,0.0,961 AUC,2.0,15,0.03736126,0.37881983,0.13333333
961,AUC,100.0,961 AUC,5.0,14,0.16344732,0.61235577,0.35714286
961,MOV,0.0,961 MOV,1.0,15,0.0118669,0.2981653,0.06666667
961,MOV,100.0,961 MOV,1.0,14,0.01272222,0.31468704,0.07142857
