Chemical_ID,End_Point,Model,BMD10,BMDL,BMD50,AUC,Min_Dose,Max_Dose,AUC_Norm,DataQC_Flag,BMD_Analysis_Flag,BMD10_Flag,BMD50_Flag
3756,MOV1,quantal_linear,46.076,24.543,303.128,24.61866488400821,0.0,100.0,0.24618664884008212,4,0,0,1
3756,AUC1,log_probit,2.883,2.44,294.593,33.31249037674525,0.0,100.0,0.3331249037674525,3,0,0,1
